{"addr":":5000","channel":"system","event":"listener_start","t":"2026-07-16T10:32:38.2838706Z","type":"event"}
{"addr":":8765","channel":"system","event":"osc_listening","t":"2026-07-16T10:32:38.3439528Z","type":"event"}
{"address":"/cue/p/start","args":null,"channel":"system","dir":"out","t":"2026-07-16T10:32:39.3595476Z","type":"osc"}
{"address":"/cue/p/start","args":null,"channel":"system","dir":"out","t":"2026-07-16T10:32:40.3451075Z","type":"osc"}
{"address":"/cue/p/start","args":null,"channel":"system","dir":"out","t":"2026-07-16T10:32:41.3459151Z","type":"osc"}
{"address":"/cue/p/start","args":null,"channel":"system","dir":"out","t":"2026-07-16T10:32:42.3458909Z","type":"osc"}
{"address":"/cue/p/start","args":null,"channel":"system","dir":"out","t":"2026-07-16T10:32:43.3458428Z","type":"osc"}
{"address":"/cue/p/start","args":null,"channel":"system","dir":"out","t":"2026-07-16T10:32:44.346673Z","type":"osc"}
{"address":"/cue/p/start","args":null,"channel":"system","dir":"out","t":"2026-07-16T10:32:45.3515086Z","type":"osc"}
{"address":"/cue/p/start","args":null,"channel":"system","dir":"out","t":"2026-07-16T10:32:46.3455712Z","type":"osc"}
{"address":"/cue/p/start","args":null,"channel":"system","dir":"out","t":"2026-07-16T10:32:47.3454739Z","type":"osc"}
{"channel":"system","event":"connected","remote":"192.168.50.139:51099","t":"2026-07-16T10:32:47.7119652Z","type":"event"}
{"channel":"gsr","event":"quality_change","quality":"OK","t":"2026-07-16T10:32:47.7217697Z","type":"event"}
{"channel":"gsr","display":3924.9,"mu":0,"quality":"OK","raw":3924.9,"sigma":10,"state":"IDLE","t":"2026-07-16T10:32:47.7221384Z","type":"sample"}
{"channel":"rr","event":"quality_change","quality":"STUCK","t":"2026-07-16T10:32:47.7244283Z","type":"event"}
{"channel":"rr","display":0,"mu":0,"quality":"STUCK","raw":2069.2489994230314,"sigma":1.5,"state":"IDLE","t":"2026-07-16T10:32:47.7244283Z","type":"sample"}
{"channel":"hr","event":"quality_change","quality":"OUT_OF_RANGE","t":"2026-07-16T10:32:47.7575336Z","type":"event"}
{"channel":"hr","display":0,"mu":0,"quality":"OUT_OF_RANGE","raw":89,"sigma":3,"state":"IDLE","t":"2026-07-16T10:32:47.7587342Z","type":"sample"}
{"channel":"rr","display":0,"mu":0,"quality":"STUCK","raw":1699.2,"sigma":1.5,"state":"IDLE","t":"2026-07-16T10:32:47.7620567Z","type":"sample"}
{"address":"/cue/g1/start","args":null,"channel":"system","dir":"out","t":"2026-07-16T10:32:47.7785372Z","type":"osc"}
{"channel":"rr","display":0,"mu":0,"quality":"STUCK","raw":1698.6,"sigma":1.5,"state":"IDLE","t":"2026-07-16T10:32:47.8023244Z","type":"sample"}
{"channel":"gsr","display":3916.4,"mu":0,"quality":"OK","raw":3916.4,"sigma":10,"state":"IDLE","t":"2026-07-16T10:32:47.8201865Z","type":"sample"}
{"channel":"rr","display":0,"mu":0,"quality":"STUCK","raw":1700.4,"sigma":1.5,"state":"IDLE","t":"2026-07-16T10:32:47.8408925Z","type":"sample"}
{"channel":"rr","display":0,"mu":0,"quality":"STUCK","raw":1698.6,"sigma":1.5,"state":"IDLE","t":"2026-07-16T10:32:47.8828446Z","type":"sample"}
{"channel":"gsr","display":3922.2,"mu":0,"quality":"OK","raw":3922.2,"sigma":10,"state":"IDLE","t":"2026-07-16T10:32:47.9209406Z","type":"sample"}
{"channel":"rr","display":0,"mu":0,"quality":"STUCK","raw":1700,"sigma":1.5,"state":"IDLE","t":"2026-07-16T10:32:47.9252073Z","type":"sample"}
{"channel":"rr","display":0,"mu":0,"quality":"STUCK","raw":1699.2,"sigma":1.5,"state":"IDLE","t":"2026-07-16T10:32:47.9642688Z","type":"sample"}
{"channel":"rr","display":0,"mu":0,"quality":"STUCK","raw":1700.2,"sigma":1.5,"state":"IDLE","t":"2026-07-16T10:32:48.0047307Z","type":"sample"}
{"channel":"gsr","display":3929.6,"mu":0,"quality":"OK","raw":3929.6,"sigma":10,"state":"IDLE","t":"2026-07-16T10:32:48.0215685Z","type":"sample"}
{"channel":"rr","display":0,"mu":0,"quality":"STUCK","raw":1700.4,"sigma":1.5,"state":"IDLE","t":"2026-07-16T10:32:48.0449003Z","type":"sample"}
{"channel":"rr","display":0,"mu":0,"quality":"STUCK","raw":1698.5,"sigma":1.5,"state":"IDLE","t":"2026-07-16T10:32:48.0846308Z","type":"sample"}
{"channel":"gsr","display":3929.4,"mu":0,"quality":"OK","raw":3929.4,"sigma":10,"state":"IDLE","t":"2026-07-16T10:32:48.1209195Z","type":"sample"}
{"channel":"rr","display":0,"mu":0,"quality":"STUCK","raw":1700.1,"sigma":1.5,"state":"IDLE","t":"2026-07-16T10:32:48.1256423Z","type":"sample"}
{"channel":"rr","display":0,"mu":0,"quality":"STUCK","raw":1703.4,"sigma":1.5,"state":"IDLE","t":"2026-07-16T10:32:48.1645586Z","type":"sample"}
{"channel":"rr","display":0,"mu":0,"quality":"STUCK","raw":1707.2,"sigma":1.5,"state":"IDLE","t":"2026-07-16T10:32:48.2048233Z","type":"sample"}
{"channel":"gsr","display":3929.2,"mu":0,"quality":"OK","raw":3929.2,"sigma":10,"state":"IDLE","t":"2026-07-16T10:32:48.2208319Z","type":"sample"}
{"channel":"hr","display":0,"mu":0,"quality":"OUT_OF_RANGE","raw":87,"sigma":3,"state":"IDLE","t":"2026-07-16T10:32:48.2218132Z","type":"sample"}
{"channel":"rr","display":0,"mu":0,"quality":"STUCK","raw":1713.1,"sigma":1.5,"state":"IDLE","t":"2026-07-16T10:32:48.2445035Z","type":"sample"}
{"channel":"rr","display":0,"mu":0,"quality":"STUCK","raw":1723.9,"sigma":1.5,"state":"IDLE","t":"2026-07-16T10:32:48.2850689Z","type":"sample"}
{"channel":"gsr","display":3926.3,"mu":0,"quality":"OK","raw":3926.3,"sigma":10,"state":"IDLE","t":"2026-07-16T10:32:48.3199208Z","type":"sample"}
{"channel":"rr","display":0,"mu":0,"quality":"STUCK","raw":1733.3,"sigma":1.5,"state":"IDLE","t":"2026-07-16T10:32:48.3246987Z","type":"sample"}
{"address":"/cue/p/start","args":null,"channel":"system","dir":"out","t":"2026-07-16T10:32:48.3450709Z","type":"osc"}
{"channel":"rr","display":0,"mu":0,"quality":"STUCK","raw":1734.8,"sigma":1.5,"state":"IDLE","t":"2026-07-16T10:32:48.3649859Z","type":"sample"}
{"channel":"rr","display":0,"mu":0,"quality":"STUCK","raw":1736.4,"sigma":1.5,"state":"IDLE","t":"2026-07-16T10:32:48.4043673Z","type":"sample"}
{"channel":"gsr","display":3927.1,"mu":0,"quality":"OK","raw":3927.1,"sigma":10,"state":"IDLE","t":"2026-07-16T10:32:48.4212695Z","type":"sample"}
{"channel":"rr","display":0,"mu":0,"quality":"STUCK","raw":1736.8,"sigma":1.5,"state":"IDLE","t":"2026-07-16T10:32:48.4446603Z","type":"sample"}
{"channel":"rr","display":0,"mu":0,"quality":"STUCK","raw":1734.9,"sigma":1.5,"state":"IDLE","t":"2026-07-16T10:32:48.4847921Z","type":"sample"}
{"channel":"gsr","display":3927.1,"mu":0,"quality":"OK","raw":3927.1,"sigma":10,"state":"IDLE","t":"2026-07-16T10:32:48.5209967Z","type":"sample"}
{"channel":"rr","display":0,"mu":0,"quality":"STUCK","raw":1738,"sigma":1.5,"state":"IDLE","t":"2026-07-16T10:32:48.5255386Z","type":"sample"}
{"channel":"rr","display":0,"mu":0,"quality":"STUCK","raw":1738.4,"sigma":1.5,"state":"IDLE","t":"2026-07-16T10:32:48.5647172Z","type":"sample"}
{"channel":"rr","display":0,"mu":0,"quality":"STUCK","raw":1737.7,"sigma":1.5,"state":"IDLE","t":"2026-07-16T10:32:48.605137Z","type":"sample"}
{"channel":"gsr","display":3931.2,"mu":0,"quality":"OK","raw":3931.2,"sigma":10,"state":"IDLE","t":"2026-07-16T10:32:48.6207482Z","type":"sample"}
{"channel":"rr","display":0,"mu":0,"quality":"STUCK","raw":1737.1,"sigma":1.5,"state":"IDLE","t":"2026-07-16T10:32:48.6445457Z","type":"sample"}
{"channel":"rr","display":0,"mu":0,"quality":"STUCK","raw":1737.8,"sigma":1.5,"state":"IDLE","t":"2026-07-16T10:32:48.6823831Z","type":"sample"}
{"channel":"gsr","display":3929.7,"mu":0,"quality":"OK","raw":3929.7,"sigma":10,"state":"IDLE","t":"2026-07-16T10:32:48.7208099Z","type":"sample"}
{"channel":"rr","display":0,"mu":0,"quality":"STUCK","raw":1737.8,"sigma":1.5,"state":"IDLE","t":"2026-07-16T10:32:48.7248299Z","type":"sample"}
{"channel":"hr","display":0,"mu":0,"quality":"OUT_OF_RANGE","raw":87,"sigma":3,"state":"IDLE","t":"2026-07-16T10:32:48.7258659Z","type":"sample"}
{"channel":"rr","display":0,"mu":0,"quality":"STUCK","raw":1737.3,"sigma":1.5,"state":"IDLE","t":"2026-07-16T10:32:48.7638577Z","type":"sample"}
{"address":"/cue/g1/start","args":null,"channel":"system","dir":"out","t":"2026-07-16T10:32:48.7831422Z","type":"osc"}
{"channel":"rr","display":0,"mu":0,"quality":"STUCK","raw":1738.6,"sigma":1.5,"state":"IDLE","t":"2026-07-16T10:32:48.803375Z","type":"sample"}
{"channel":"gsr","display":3934.6,"mu":0,"quality":"OK","raw":3934.6,"sigma":10,"state":"IDLE","t":"2026-07-16T10:32:48.8208101Z","type":"sample"}
{"channel":"rr","display":0,"mu":0,"quality":"STUCK","raw":1738.1,"sigma":1.5,"state":"IDLE","t":"2026-07-16T10:32:48.8444004Z","type":"sample"}
{"channel":"rr","display":0,"mu":0,"quality":"STUCK","raw":1738.3,"sigma":1.5,"state":"IDLE","t":"2026-07-16T10:32:48.8836549Z","type":"sample"}
{"channel":"gsr","display":3934.6,"mu":0,"quality":"OK","raw":3934.6,"sigma":10,"state":"IDLE","t":"2026-07-16T10:32:48.9202351Z","type":"sample"}
{"channel":"rr","display":0,"mu":0,"quality":"STUCK","raw":1737.2,"sigma":1.5,"state":"IDLE","t":"2026-07-16T10:32:48.9248945Z","type":"sample"}
{"channel":"rr","display":0,"mu":0,"quality":"STUCK","raw":1738.1,"sigma":1.5,"state":"IDLE","t":"2026-07-16T10:32:48.9646164Z","type":"sample"}
{"channel":"rr","display":0,"mu":0,"quality":"STUCK","raw":1737.1,"sigma":1.5,"state":"IDLE","t":"2026-07-16T10:32:49.0042677Z","type":"sample"}
{"channel":"gsr","display":3934.8,"mu":0,"quality":"OK","raw":3934.8,"sigma":10,"state":"IDLE","t":"2026-07-16T10:32:49.0208176Z","type":"sample"}
{"channel":"rr","display":0,"mu":0,"quality":"STUCK","raw":1737.9,"sigma":1.5,"state":"IDLE","t":"2026-07-16T10:32:49.0436782Z","type":"sample"}
{"channel":"rr","display":0,"mu":0,"quality":"STUCK","raw":1737.7,"sigma":1.5,"state":"IDLE","t":"2026-07-16T10:32:49.0840609Z","type":"sample"}
{"channel":"gsr","display":3933.8,"mu":0,"quality":"OK","raw":3933.8,"sigma":10,"state":"IDLE","t":"2026-07-16T10:32:49.1206386Z","type":"sample"}
{"channel":"rr","display":0,"mu":0,"quality":"STUCK","raw":1737.4,"sigma":1.5,"state":"IDLE","t":"2026-07-16T10:32:49.1250522Z","type":"sample"}
{"channel":"rr","display":0,"mu":0,"quality":"STUCK","raw":1736.8,"sigma":1.5,"state":"IDLE","t":"2026-07-16T10:32:49.1617399Z","type":"sample"}
{"channel":"rr","display":0,"mu":0,"quality":"STUCK","raw":1737.4,"sigma":1.5,"state":"IDLE","t":"2026-07-16T10:32:49.2046571Z","type":"sample"}
{"channel":"gsr","display":3940.2,"mu":0,"quality":"OK","raw":3940.2,"sigma":10,"state":"IDLE","t":"2026-07-16T10:32:49.2203932Z","type":"sample"}
{"channel":"hr","display":0,"mu":0,"quality":"OUT_OF_RANGE","raw":85,"sigma":3,"state":"IDLE","t":"2026-07-16T10:32:49.2982411Z","type":"sample"}
{"channel":"rr","display":0,"mu":0,"quality":"STUCK","raw":1737.5,"sigma":1.5,"state":"IDLE","t":"2026-07-16T10:32:49.3027459Z","type":"sample"}
{"channel":"gsr","display":3908.7,"mu":0,"quality":"OK","raw":3908.7,"sigma":10,"state":"IDLE","t":"2026-07-16T10:32:49.3201572Z","type":"sample"}
{"channel":"rr","display":0,"mu":0,"quality":"STUCK","raw":1737.9,"sigma":1.5,"state":"IDLE","t":"2026-07-16T10:32:49.342721Z","type":"sample"}
{"address":"/cue/p/start","args":null,"channel":"system","dir":"out","t":"2026-07-16T10:32:49.3452615Z","type":"osc"}
{"channel":"rr","display":0,"mu":0,"quality":"STUCK","raw":1735.8,"sigma":1.5,"state":"IDLE","t":"2026-07-16T10:32:49.3826846Z","type":"sample"}
{"channel":"gsr","display":3930.3,"mu":0,"quality":"OK","raw":3930.3,"sigma":10,"state":"IDLE","t":"2026-07-16T10:32:49.4200933Z","type":"sample"}
{"channel":"rr","display":0,"mu":0,"quality":"STUCK","raw":1736.9,"sigma":1.5,"state":"IDLE","t":"2026-07-16T10:32:49.424873Z","type":"sample"}
{"channel":"rr","display":0,"mu":0,"quality":"STUCK","raw":1736.8,"sigma":1.5,"state":"IDLE","t":"2026-07-16T10:32:49.4644248Z","type":"sample"}
{"channel":"rr","display":0,"mu":0,"quality":"STUCK","raw":1736.7,"sigma":1.5,"state":"IDLE","t":"2026-07-16T10:32:49.5047543Z","type":"sample"}
{"channel":"gsr","display":3935.1,"mu":0,"quality":"OK","raw":3935.1,"sigma":10,"state":"IDLE","t":"2026-07-16T10:32:49.5197652Z","type":"sample"}
{"channel":"rr","display":0,"mu":0,"quality":"STUCK","raw":1737.9,"sigma":1.5,"state":"IDLE","t":"2026-07-16T10:32:49.5435638Z","type":"sample"}
{"channel":"rr","display":0,"mu":0,"quality":"STUCK","raw":1737.1,"sigma":1.5,"state":"IDLE","t":"2026-07-16T10:32:49.5822796Z","type":"sample"}
{"channel":"gsr","display":3938.9,"mu":0,"quality":"OK","raw":3938.9,"sigma":10,"state":"IDLE","t":"2026-07-16T10:32:49.620534Z","type":"sample"}
{"channel":"rr","display":0,"mu":0,"quality":"STUCK","raw":1735.4,"sigma":1.5,"state":"IDLE","t":"2026-07-16T10:32:49.6251285Z","type":"sample"}
{"channel":"rr","display":0,"mu":0,"quality":"STUCK","raw":1736.5,"sigma":1.5,"state":"IDLE","t":"2026-07-16T10:32:49.6617571Z","type":"sample"}
{"channel":"rr","display":0,"mu":0,"quality":"STUCK","raw":1737.4,"sigma":1.5,"state":"IDLE","t":"2026-07-16T10:32:49.7035534Z","type":"sample"}
{"channel":"gsr","display":3937.1,"mu":0,"quality":"OK","raw":3937.1,"sigma":10,"state":"IDLE","t":"2026-07-16T10:32:49.720111Z","type":"sample"}
{"channel":"hr","display":0,"mu":0,"quality":"OUT_OF_RANGE","raw":85,"sigma":3,"state":"IDLE","t":"2026-07-16T10:32:49.7254564Z","type":"sample"}
{"channel":"rr","display":0,"mu":0,"quality":"STUCK","raw":1738.1,"sigma":1.5,"state":"IDLE","t":"2026-07-16T10:32:49.7437711Z","type":"sample"}
{"channel":"rr","display":0,"mu":0,"quality":"STUCK","raw":1737.3,"sigma":1.5,"state":"IDLE","t":"2026-07-16T10:32:49.781109Z","type":"sample"}
{"address":"/cue/g1/start","args":null,"channel":"system","dir":"out","t":"2026-07-16T10:32:49.7879792Z","type":"osc"}
{"channel":"gsr","display":3938.5,"mu":0,"quality":"OK","raw":3938.5,"sigma":10,"state":"IDLE","t":"2026-07-16T10:32:49.8206124Z","type":"sample"}
{"channel":"rr","display":0,"mu":0,"quality":"STUCK","raw":1737.5,"sigma":1.5,"state":"IDLE","t":"2026-07-16T10:32:49.8249255Z","type":"sample"}
{"channel":"rr","display":0,"mu":0,"quality":"STUCK","raw":1737.3,"sigma":1.5,"state":"IDLE","t":"2026-07-16T10:32:49.8638397Z","type":"sample"}
{"channel":"rr","display":0,"mu":0,"quality":"STUCK","raw":1735.2,"sigma":1.5,"state":"IDLE","t":"2026-07-16T10:32:49.9041316Z","type":"sample"}
{"channel":"gsr","display":3939,"mu":0,"quality":"OK","raw":3939,"sigma":10,"state":"IDLE","t":"2026-07-16T10:32:49.9203303Z","type":"sample"}
{"channel":"rr","display":0,"mu":0,"quality":"STUCK","raw":1735.3,"sigma":1.5,"state":"IDLE","t":"2026-07-16T10:32:49.9434237Z","type":"sample"}
{"channel":"rr","display":0,"mu":0,"quality":"STUCK","raw":1735.9,"sigma":1.5,"state":"IDLE","t":"2026-07-16T10:32:49.9847473Z","type":"sample"}
{"channel":"gsr","display":3939.7,"mu":0,"quality":"OK","raw":3939.7,"sigma":10,"state":"IDLE","t":"2026-07-16T10:32:50.0203758Z","type":"sample"}
{"channel":"rr","display":0,"mu":0,"quality":"STUCK","raw":1736,"sigma":1.5,"state":"IDLE","t":"2026-07-16T10:32:50.0252295Z","type":"sample"}
{"channel":"rr","display":0,"mu":0,"quality":"STUCK","raw":1735.6,"sigma":1.5,"state":"IDLE","t":"2026-07-16T10:32:50.0645095Z","type":"sample"}
{"channel":"rr","display":0,"mu":0,"quality":"STUCK","raw":1736,"sigma":1.5,"state":"IDLE","t":"2026-07-16T10:32:50.103465Z","type":"sample"}
{"channel":"gsr","display":3940.5,"mu":0,"quality":"OK","raw":3940.5,"sigma":10,"state":"IDLE","t":"2026-07-16T10:32:50.1206131Z","type":"sample"}
{"channel":"rr","display":0,"mu":0,"quality":"STUCK","raw":1737.6,"sigma":1.5,"state":"IDLE","t":"2026-07-16T10:32:50.143968Z","type":"sample"}
{"channel":"rr","display":0,"mu":0,"quality":"STUCK","raw":1736.6,"sigma":1.5,"state":"IDLE","t":"2026-07-16T10:32:50.1828516Z","type":"sample"}
{"channel":"gsr","display":3939.9,"mu":0,"quality":"OK","raw":3939.9,"sigma":10,"state":"IDLE","t":"2026-07-16T10:32:50.2207967Z","type":"sample"}
{"channel":"rr","display":0,"mu":0,"quality":"STUCK","raw":1737.5,"sigma":1.5,"state":"IDLE","t":"2026-07-16T10:32:50.2248807Z","type":"sample"}
{"channel":"hr","display":0,"mu":0,"quality":"OUT_OF_RANGE","raw":85,"sigma":3,"state":"IDLE","t":"2026-07-16T10:32:50.2258925Z","type":"sample"}
{"channel":"rr","display":0,"mu":0,"quality":"STUCK","raw":1736.5,"sigma":1.5,"state":"IDLE","t":"2026-07-16T10:32:50.2624497Z","type":"sample"}
{"channel":"rr","display":0,"mu":0,"quality":"STUCK","raw":1736.4,"sigma":1.5,"state":"IDLE","t":"2026-07-16T10:32:50.3038162Z","type":"sample"}
{"channel":"gsr","display":3939.1,"mu":0,"quality":"OK","raw":3939.1,"sigma":10,"state":"IDLE","t":"2026-07-16T10:32:50.3201291Z","type":"sample"}
{"channel":"rr","display":0,"mu":0,"quality":"STUCK","raw":1737.7,"sigma":1.5,"state":"IDLE","t":"2026-07-16T10:32:50.3443748Z","type":"sample"}
{"address":"/cue/p/start","args":null,"channel":"system","dir":"out","t":"2026-07-16T10:32:50.3481862Z","type":"osc"}
{"channel":"rr","display":0,"mu":0,"quality":"STUCK","raw":1737.3,"sigma":1.5,"state":"IDLE","t":"2026-07-16T10:32:50.3818258Z","type":"sample"}
{"channel":"gsr","display":3940.2,"mu":0,"quality":"OK","raw":3940.2,"sigma":10,"state":"IDLE","t":"2026-07-16T10:32:50.4207949Z","type":"sample"}
{"channel":"rr","display":0,"mu":0,"quality":"STUCK","raw":1738.2,"sigma":1.5,"state":"IDLE","t":"2026-07-16T10:32:50.4249718Z","type":"sample"}
{"channel":"rr","display":0,"mu":0,"quality":"STUCK","raw":1733.8,"sigma":1.5,"state":"IDLE","t":"2026-07-16T10:32:50.4645634Z","type":"sample"}
{"channel":"rr","event":"quality_change","quality":"OK","t":"2026-07-16T10:32:50.5039239Z","type":"event"}
{"channel":"rr","display":0,"mu":0,"quality":"OK","raw":1736.1,"sigma":1.5,"state":"IDLE","t":"2026-07-16T10:32:50.5039239Z","type":"sample"}
{"channel":"gsr","display":3940.2,"mu":0,"quality":"OK","raw":3940.2,"sigma":10,"state":"IDLE","t":"2026-07-16T10:32:50.520593Z","type":"sample"}
{"channel":"rr","display":0,"mu":0,"quality":"OK","raw":1734.6,"sigma":1.5,"state":"IDLE","t":"2026-07-16T10:32:50.5445675Z","type":"sample"}
{"channel":"rr","display":0,"mu":0,"quality":"OK","raw":1735.7,"sigma":1.5,"state":"IDLE","t":"2026-07-16T10:32:50.5809343Z","type":"sample"}
{"address":"/cue/r1/start","args":null,"channel":"system","dir":"out","t":"2026-07-16T10:32:50.5940277Z","type":"osc"}
{"channel":"gsr","display":3941.8,"mu":0,"quality":"OK","raw":3941.8,"sigma":10,"state":"IDLE","t":"2026-07-16T10:32:50.6207273Z","type":"sample"}
{"channel":"rr","display":0,"mu":0,"quality":"OK","raw":1736.9,"sigma":1.5,"state":"IDLE","t":"2026-07-16T10:32:50.6247168Z","type":"sample"}
{"channel":"rr","display":0,"mu":0,"quality":"OK","raw":1737.6,"sigma":1.5,"state":"IDLE","t":"2026-07-16T10:32:50.6618657Z","type":"sample"}
{"channel":"rr","display":0,"mu":0,"quality":"OK","raw":1734.3,"sigma":1.5,"state":"IDLE","t":"2026-07-16T10:32:50.7042551Z","type":"sample"}
{"channel":"gsr","display":3940.9,"mu":0,"quality":"OK","raw":3940.9,"sigma":10,"state":"IDLE","t":"2026-07-16T10:32:50.7205879Z","type":"sample"}
{"channel":"hr","display":0,"mu":0,"quality":"OUT_OF_RANGE","raw":83,"sigma":3,"state":"IDLE","t":"2026-07-16T10:32:50.7254614Z","type":"sample"}
{"channel":"rr","display":0,"mu":0,"quality":"OK","raw":1737.4,"sigma":1.5,"state":"IDLE","t":"2026-07-16T10:32:50.7384089Z","type":"sample"}
{"channel":"rr","display":0,"mu":0,"quality":"OK","raw":1736.1,"sigma":1.5,"state":"IDLE","t":"2026-07-16T10:32:50.7842827Z","type":"sample"}
{"address":"/cue/g1/start","args":null,"channel":"system","dir":"out","t":"2026-07-16T10:32:50.7959168Z","type":"osc"}
{"channel":"gsr","display":3939.2,"mu":0,"quality":"OK","raw":3939.2,"sigma":10,"state":"IDLE","t":"2026-07-16T10:32:50.8205516Z","type":"sample"}
{"channel":"rr","display":0,"mu":0,"quality":"OK","raw":1734.9,"sigma":1.5,"state":"IDLE","t":"2026-07-16T10:32:50.8248555Z","type":"sample"}
{"channel":"rr","display":0,"mu":0,"quality":"OK","raw":1735.9,"sigma":1.5,"state":"IDLE","t":"2026-07-16T10:32:50.8639137Z","type":"sample"}
{"channel":"rr","display":0,"mu":0,"quality":"OK","raw":1734.8,"sigma":1.5,"state":"IDLE","t":"2026-07-16T10:32:50.9033249Z","type":"sample"}
{"channel":"gsr","display":3945.7,"mu":0,"quality":"OK","raw":3945.7,"sigma":10,"state":"IDLE","t":"2026-07-16T10:32:50.9195874Z","type":"sample"}
{"channel":"rr","display":0,"mu":0,"quality":"OK","raw":1734.6,"sigma":1.5,"state":"IDLE","t":"2026-07-16T10:32:50.9446227Z","type":"sample"}
{"channel":"rr","display":0,"mu":0,"quality":"OK","raw":1737.2,"sigma":1.5,"state":"IDLE","t":"2026-07-16T10:32:50.9804482Z","type":"sample"}
{"channel":"gsr","display":3942.8,"mu":0,"quality":"OK","raw":3942.8,"sigma":10,"state":"IDLE","t":"2026-07-16T10:32:51.021021Z","type":"sample"}
{"channel":"rr","display":0,"mu":0,"quality":"OK","raw":1736.7,"sigma":1.5,"state":"IDLE","t":"2026-07-16T10:32:51.0247821Z","type":"sample"}
{"channel":"rr","display":0,"mu":0,"quality":"OK","raw":1735.4,"sigma":1.5,"state":"IDLE","t":"2026-07-16T10:32:51.0621371Z","type":"sample"}
{"channel":"rr","display":0,"mu":0,"quality":"OK","raw":1736.6,"sigma":1.5,"state":"IDLE","t":"2026-07-16T10:32:51.1043422Z","type":"sample"}
{"channel":"gsr","display":3941.6,"mu":0,"quality":"OK","raw":3941.6,"sigma":10,"state":"IDLE","t":"2026-07-16T10:32:51.1206444Z","type":"sample"}
{"channel":"rr","display":0,"mu":0,"quality":"OK","raw":1737.6,"sigma":1.5,"state":"IDLE","t":"2026-07-16T10:32:51.1444654Z","type":"sample"}
{"channel":"rr","display":0,"mu":0,"quality":"OK","raw":1735.9,"sigma":1.5,"state":"IDLE","t":"2026-07-16T10:32:51.1785807Z","type":"sample"}
{"channel":"gsr","display":3941,"mu":0,"quality":"OK","raw":3941,"sigma":10,"state":"IDLE","t":"2026-07-16T10:32:51.2201671Z","type":"sample"}
{"channel":"rr","display":0,"mu":0,"quality":"OK","raw":1736.7,"sigma":1.5,"state":"IDLE","t":"2026-07-16T10:32:51.224806Z","type":"sample"}
{"channel":"hr","display":0,"mu":0,"quality":"OUT_OF_RANGE","raw":83,"sigma":3,"state":"IDLE","t":"2026-07-16T10:32:51.2258126Z","type":"sample"}
{"channel":"rr","display":0,"mu":0,"quality":"OK","raw":1737.2,"sigma":1.5,"state":"IDLE","t":"2026-07-16T10:32:51.2644699Z","type":"sample"}
{"channel":"rr","display":0,"mu":0,"quality":"OK","raw":1737.4,"sigma":1.5,"state":"IDLE","t":"2026-07-16T10:32:51.3038845Z","type":"sample"}
{"channel":"gsr","display":3942.2,"mu":0,"quality":"OK","raw":3942.2,"sigma":10,"state":"IDLE","t":"2026-07-16T10:32:51.3205104Z","type":"sample"}
{"channel":"rr","display":0,"mu":0,"quality":"OK","raw":1736.5,"sigma":1.5,"state":"IDLE","t":"2026-07-16T10:32:51.3444389Z","type":"sample"}
{"address":"/cue/p/start","args":null,"channel":"system","dir":"out","t":"2026-07-16T10:32:51.3454732Z","type":"osc"}
{"channel":"rr","display":0,"mu":0,"quality":"OK","raw":1736.8,"sigma":1.5,"state":"IDLE","t":"2026-07-16T10:32:51.3796258Z","type":"sample"}
{"channel":"gsr","display":3942.6,"mu":0,"quality":"OK","raw":3942.6,"sigma":10,"state":"IDLE","t":"2026-07-16T10:32:51.4208735Z","type":"sample"}
{"channel":"rr","display":0,"mu":0,"quality":"OK","raw":1737.2,"sigma":1.5,"state":"IDLE","t":"2026-07-16T10:32:51.4254564Z","type":"sample"}
{"channel":"rr","display":0,"mu":0,"quality":"OK","raw":1737.4,"sigma":1.5,"state":"IDLE","t":"2026-07-16T10:32:51.4618978Z","type":"sample"}
{"channel":"rr","display":0,"mu":0,"quality":"OK","raw":1736.6,"sigma":1.5,"state":"IDLE","t":"2026-07-16T10:32:51.5041591Z","type":"sample"}
{"channel":"gsr","display":3937.6,"mu":0,"quality":"OK","raw":3937.6,"sigma":10,"state":"IDLE","t":"2026-07-16T10:32:51.5208483Z","type":"sample"}
{"channel":"rr","display":0,"mu":0,"quality":"OK","raw":1737.5,"sigma":1.5,"state":"IDLE","t":"2026-07-16T10:32:51.5440496Z","type":"sample"}
{"channel":"rr","display":0,"mu":0,"quality":"OK","raw":1737,"sigma":1.5,"state":"IDLE","t":"2026-07-16T10:32:51.5807793Z","type":"sample"}
{"address":"/cue/r1/start","args":null,"channel":"system","dir":"out","t":"2026-07-16T10:32:51.5993341Z","type":"osc"}
{"channel":"gsr","display":3940.1,"mu":0,"quality":"OK","raw":3940.1,"sigma":10,"state":"IDLE","t":"2026-07-16T10:32:51.6207482Z","type":"sample"}
{"channel":"rr","display":0,"mu":0,"quality":"OK","raw":1737.4,"sigma":1.5,"state":"IDLE","t":"2026-07-16T10:32:51.6248229Z","type":"sample"}
{"channel":"rr","display":0,"mu":0,"quality":"OK","raw":1737.1,"sigma":1.5,"state":"IDLE","t":"2026-07-16T10:32:51.6619308Z","type":"sample"}
{"channel":"rr","display":0,"mu":0,"quality":"OK","raw":1737.4,"sigma":1.5,"state":"IDLE","t":"2026-07-16T10:32:51.7037816Z","type":"sample"}
{"channel":"gsr","display":3942.2,"mu":0,"quality":"OK","raw":3942.2,"sigma":10,"state":"IDLE","t":"2026-07-16T10:32:51.7207865Z","type":"sample"}
{"channel":"hr","display":0,"mu":0,"quality":"OUT_OF_RANGE","raw":82,"sigma":3,"state":"IDLE","t":"2026-07-16T10:32:51.725042Z","type":"sample"}
{"channel":"rr","display":0,"mu":0,"quality":"OK","raw":1736.7,"sigma":1.5,"state":"IDLE","t":"2026-07-16T10:32:51.7411943Z","type":"sample"}
{"channel":"rr","display":0,"mu":0,"quality":"OK","raw":1736.2,"sigma":1.5,"state":"IDLE","t":"2026-07-16T10:32:51.7797377Z","type":"sample"}
{"address":"/cue/g1/start","args":null,"channel":"system","dir":"out","t":"2026-07-16T10:32:51.801841Z","type":"osc"}
{"channel":"gsr","display":3940.4,"mu":0,"quality":"OK","raw":3940.4,"sigma":10,"state":"IDLE","t":"2026-07-16T10:32:51.820485Z","type":"sample"}
{"channel":"rr","display":0,"mu":0,"quality":"OK","raw":1737.4,"sigma":1.5,"state":"IDLE","t":"2026-07-16T10:32:51.8250217Z","type":"sample"}
{"channel":"rr","display":0,"mu":0,"quality":"OK","raw":1737.1,"sigma":1.5,"state":"IDLE","t":"2026-07-16T10:32:51.8637012Z","type":"sample"}
{"channel":"rr","display":0,"mu":0,"quality":"OK","raw":1736.4,"sigma":1.5,"state":"IDLE","t":"2026-07-16T10:32:51.9040379Z","type":"sample"}
{"channel":"gsr","display":3944.6,"mu":0,"quality":"OK","raw":3944.6,"sigma":10,"state":"IDLE","t":"2026-07-16T10:32:51.9203529Z","type":"sample"}
{"channel":"rr","display":0,"mu":0,"quality":"OK","raw":1737.8,"sigma":1.5,"state":"IDLE","t":"2026-07-16T10:32:51.9446265Z","type":"sample"}
{"channel":"rr","display":0,"mu":0,"quality":"OK","raw":1737.4,"sigma":1.5,"state":"IDLE","t":"2026-07-16T10:32:51.9822483Z","type":"sample"}
{"channel":"gsr","display":3944.1,"mu":0,"quality":"OK","raw":3944.1,"sigma":10,"state":"IDLE","t":"2026-07-16T10:32:52.0198645Z","type":"sample"}
{"channel":"rr","display":0,"mu":0,"quality":"OK","raw":1737.1,"sigma":1.5,"state":"IDLE","t":"2026-07-16T10:32:52.0248986Z","type":"sample"}
{"channel":"rr","display":0,"mu":0,"quality":"OK","raw":1736.8,"sigma":1.5,"state":"IDLE","t":"2026-07-16T10:32:52.0621077Z","type":"sample"}
{"channel":"rr","display":0,"mu":0,"quality":"OK","raw":1736.8,"sigma":1.5,"state":"IDLE","t":"2026-07-16T10:32:52.1041383Z","type":"sample"}
{"channel":"gsr","display":3943,"mu":0,"quality":"OK","raw":3943,"sigma":10,"state":"IDLE","t":"2026-07-16T10:32:52.1206284Z","type":"sample"}
{"channel":"rr","display":0,"mu":0,"quality":"OK","raw":1737.7,"sigma":1.5,"state":"IDLE","t":"2026-07-16T10:32:52.1432672Z","type":"sample"}
{"channel":"rr","display":0,"mu":0,"quality":"OK","raw":1737.9,"sigma":1.5,"state":"IDLE","t":"2026-07-16T10:32:52.1846536Z","type":"sample"}
{"channel":"gsr","display":3942.8,"mu":0,"quality":"OK","raw":3942.8,"sigma":10,"state":"IDLE","t":"2026-07-16T10:32:52.2201554Z","type":"sample"}
{"channel":"rr","display":0,"mu":0,"quality":"OK","raw":1738.3,"sigma":1.5,"state":"IDLE","t":"2026-07-16T10:32:52.224832Z","type":"sample"}
{"channel":"hr","display":0,"mu":0,"quality":"OUT_OF_RANGE","raw":82,"sigma":3,"state":"IDLE","t":"2026-07-16T10:32:52.225875Z","type":"sample"}
{"channel":"rr","display":0,"mu":0,"quality":"OK","raw":1736.3,"sigma":1.5,"state":"IDLE","t":"2026-07-16T10:32:52.2634061Z","type":"sample"}
{"channel":"rr","display":0,"mu":0,"quality":"OK","raw":1736.9,"sigma":1.5,"state":"IDLE","t":"2026-07-16T10:32:52.3044624Z","type":"sample"}
{"channel":"gsr","display":3946.3,"mu":0,"quality":"OK","raw":3946.3,"sigma":10,"state":"IDLE","t":"2026-07-16T10:32:52.3206518Z","type":"sample"}
{"channel":"rr","display":0,"mu":0,"quality":"OK","raw":1738.2,"sigma":1.5,"state":"IDLE","t":"2026-07-16T10:32:52.3440711Z","type":"sample"}
{"address":"/cue/p/start","args":null,"channel":"system","dir":"out","t":"2026-07-16T10:32:52.3456064Z","type":"osc"}
{"channel":"rr","display":0,"mu":0,"quality":"OK","raw":1738,"sigma":1.5,"state":"IDLE","t":"2026-07-16T10:32:52.3846971Z","type":"sample"}
{"channel":"gsr","display":3943.6,"mu":0,"quality":"OK","raw":3943.6,"sigma":10,"state":"IDLE","t":"2026-07-16T10:32:52.4209217Z","type":"sample"}
{"channel":"rr","display":0,"mu":0,"quality":"OK","raw":1738.3,"sigma":1.5,"state":"IDLE","t":"2026-07-16T10:32:52.4250573Z","type":"sample"}
{"channel":"rr","display":0,"mu":0,"quality":"OK","raw":1738.1,"sigma":1.5,"state":"IDLE","t":"2026-07-16T10:32:52.4646154Z","type":"sample"}
{"channel":"rr","display":0,"mu":0,"quality":"OK","raw":1737.2,"sigma":1.5,"state":"IDLE","t":"2026-07-16T10:32:52.5044301Z","type":"sample"}
{"channel":"gsr","display":3943.5,"mu":0,"quality":"OK","raw":3943.5,"sigma":10,"state":"IDLE","t":"2026-07-16T10:32:52.5208635Z","type":"sample"}
{"channel":"rr","display":0,"mu":0,"quality":"OK","raw":1737.6,"sigma":1.5,"state":"IDLE","t":"2026-07-16T10:32:52.5444497Z","type":"sample"}
{"channel":"rr","display":0,"mu":0,"quality":"OK","raw":1737.4,"sigma":1.5,"state":"IDLE","t":"2026-07-16T10:32:52.5811636Z","type":"sample"}
{"address":"/cue/r1/start","args":null,"channel":"system","dir":"out","t":"2026-07-16T10:32:52.605841Z","type":"osc"}
{"channel":"gsr","display":3944.5,"mu":0,"quality":"OK","raw":3944.5,"sigma":10,"state":"IDLE","t":"2026-07-16T10:32:52.6194886Z","type":"sample"}
{"channel":"rr","display":0,"mu":0,"quality":"OK","raw":1738.1,"sigma":1.5,"state":"IDLE","t":"2026-07-16T10:32:52.6247373Z","type":"sample"}
{"channel":"rr","display":0,"mu":0,"quality":"OK","raw":1738.2,"sigma":1.5,"state":"IDLE","t":"2026-07-16T10:32:52.6621245Z","type":"sample"}
{"channel":"rr","display":0,"mu":0,"quality":"OK","raw":1737.8,"sigma":1.5,"state":"IDLE","t":"2026-07-16T10:32:52.7047019Z","type":"sample"}
{"channel":"gsr","display":3945.1,"mu":0,"quality":"OK","raw":3945.1,"sigma":10,"state":"IDLE","t":"2026-07-16T10:32:52.7209273Z","type":"sample"}
{"channel":"hr","display":0,"mu":0,"quality":"OUT_OF_RANGE","raw":81,"sigma":3,"state":"IDLE","t":"2026-07-16T10:32:52.7253595Z","type":"sample"}
{"channel":"rr","display":0,"mu":0,"quality":"OK","raw":1737.9,"sigma":1.5,"state":"IDLE","t":"2026-07-16T10:32:52.7446506Z","type":"sample"}
{"channel":"rr","display":0,"mu":0,"quality":"OK","raw":1738.1,"sigma":1.5,"state":"IDLE","t":"2026-07-16T10:32:52.7795711Z","type":"sample"}
{"address":"/cue/g1/start","args":null,"channel":"system","dir":"out","t":"2026-07-16T10:32:52.8077338Z","type":"osc"}
{"channel":"gsr","display":3942.3,"mu":0,"quality":"OK","raw":3942.3,"sigma":10,"state":"IDLE","t":"2026-07-16T10:32:52.8200385Z","type":"sample"}
{"channel":"rr","display":0,"mu":0,"quality":"OK","raw":1737.6,"sigma":1.5,"state":"IDLE","t":"2026-07-16T10:32:52.8249428Z","type":"sample"}
{"channel":"rr","display":0,"mu":0,"quality":"OK","raw":1738.9,"sigma":1.5,"state":"IDLE","t":"2026-07-16T10:32:52.8639113Z","type":"sample"}
{"channel":"rr","event":"quality_change","quality":"OUT_OF_RANGE","t":"2026-07-16T10:32:52.9036793Z","type":"event"}
{"channel":"rr","display":0,"mu":0,"quality":"OUT_OF_RANGE","raw":1739.9,"sigma":1.5,"state":"IDLE","t":"2026-07-16T10:32:52.9048279Z","type":"sample"}
{"channel":"gsr","display":3945.6,"mu":0,"quality":"OK","raw":3945.6,"sigma":10,"state":"IDLE","t":"2026-07-16T10:32:52.9201896Z","type":"sample"}
{"channel":"rr","display":0,"mu":0,"quality":"OUT_OF_RANGE","raw":1741.9,"sigma":1.5,"state":"IDLE","t":"2026-07-16T10:32:52.9431334Z","type":"sample"}
{"channel":"rr","display":0,"mu":0,"quality":"OUT_OF_RANGE","raw":1742.4,"sigma":1.5,"state":"IDLE","t":"2026-07-16T10:32:52.9819264Z","type":"sample"}
{"channel":"gsr","display":3944.9,"mu":0,"quality":"OK","raw":3944.9,"sigma":10,"state":"IDLE","t":"2026-07-16T10:32:53.020731Z","type":"sample"}
{"channel":"rr","display":0,"mu":0,"quality":"OUT_OF_RANGE","raw":1741.2,"sigma":1.5,"state":"IDLE","t":"2026-07-16T10:32:53.0248354Z","type":"sample"}
{"channel":"rr","display":0,"mu":0,"quality":"OUT_OF_RANGE","raw":1741.2,"sigma":1.5,"state":"IDLE","t":"2026-07-16T10:32:53.064472Z","type":"sample"}
{"channel":"rr","display":0,"mu":0,"quality":"OUT_OF_RANGE","raw":1742.9,"sigma":1.5,"state":"IDLE","t":"2026-07-16T10:32:53.1039773Z","type":"sample"}
{"channel":"gsr","display":3949.7,"mu":0,"quality":"OK","raw":3949.7,"sigma":10,"state":"IDLE","t":"2026-07-16T10:32:53.1202538Z","type":"sample"}
{"channel":"rr","display":0,"mu":0,"quality":"OUT_OF_RANGE","raw":1742.6,"sigma":1.5,"state":"IDLE","t":"2026-07-16T10:32:53.1438277Z","type":"sample"}
{"channel":"rr","display":0,"mu":0,"quality":"OUT_OF_RANGE","raw":1741.9,"sigma":1.5,"state":"IDLE","t":"2026-07-16T10:32:53.18462Z","type":"sample"}
{"channel":"gsr","display":3944.9,"mu":0,"quality":"OK","raw":3944.9,"sigma":10,"state":"IDLE","t":"2026-07-16T10:32:53.2207714Z","type":"sample"}
{"channel":"rr","display":0,"mu":0,"quality":"OUT_OF_RANGE","raw":1742.6,"sigma":1.5,"state":"IDLE","t":"2026-07-16T10:32:53.2249956Z","type":"sample"}
{"channel":"hr","display":0,"mu":0,"quality":"OUT_OF_RANGE","raw":81,"sigma":3,"state":"IDLE","t":"2026-07-16T10:32:53.2266063Z","type":"sample"}
{"channel":"rr","display":0,"mu":0,"quality":"OUT_OF_RANGE","raw":1742.2,"sigma":1.5,"state":"IDLE","t":"2026-07-16T10:32:53.2647156Z","type":"sample"}
{"channel":"rr","display":0,"mu":0,"quality":"OUT_OF_RANGE","raw":1741.5,"sigma":1.5,"state":"IDLE","t":"2026-07-16T10:32:53.3043917Z","type":"sample"}
{"channel":"gsr","display":3944.8,"mu":0,"quality":"OK","raw":3944.8,"sigma":10,"state":"IDLE","t":"2026-07-16T10:32:53.3200951Z","type":"sample"}
{"channel":"rr","display":0,"mu":0,"quality":"OUT_OF_RANGE","raw":1742.6,"sigma":1.5,"state":"IDLE","t":"2026-07-16T10:32:53.3444789Z","type":"sample"}
{"address":"/cue/p/start","args":null,"channel":"system","dir":"out","t":"2026-07-16T10:32:53.3466311Z","type":"osc"}
{"channel":"rr","display":0,"mu":0,"quality":"OUT_OF_RANGE","raw":1741.6,"sigma":1.5,"state":"IDLE","t":"2026-07-16T10:32:53.3806524Z","type":"sample"}
{"channel":"gsr","display":3943.9,"mu":0,"quality":"OK","raw":3943.9,"sigma":10,"state":"IDLE","t":"2026-07-16T10:32:53.4207796Z","type":"sample"}
{"channel":"rr","display":0,"mu":0,"quality":"OUT_OF_RANGE","raw":1741.9,"sigma":1.5,"state":"IDLE","t":"2026-07-16T10:32:53.4252038Z","type":"sample"}
{"channel":"rr","display":0,"mu":0,"quality":"OUT_OF_RANGE","raw":1740.3,"sigma":1.5,"state":"IDLE","t":"2026-07-16T10:32:53.4618419Z","type":"sample"}
{"channel":"rr","display":0,"mu":0,"quality":"OUT_OF_RANGE","raw":1741.4,"sigma":1.5,"state":"IDLE","t":"2026-07-16T10:32:53.5045376Z","type":"sample"}
{"channel":"gsr","display":3947.8,"mu":0,"quality":"OK","raw":3947.8,"sigma":10,"state":"IDLE","t":"2026-07-16T10:32:53.5196752Z","type":"sample"}
{"channel":"rr","display":0,"mu":0,"quality":"OUT_OF_RANGE","raw":1741.4,"sigma":1.5,"state":"IDLE","t":"2026-07-16T10:32:53.5445234Z","type":"sample"}
{"channel":"rr","display":0,"mu":0,"quality":"OUT_OF_RANGE","raw":1742,"sigma":1.5,"state":"IDLE","t":"2026-07-16T10:32:53.5813022Z","type":"sample"}
{"channel":"gsr","display":3947.2,"mu":0,"quality":"OK","raw":3947.2,"sigma":10,"state":"IDLE","t":"2026-07-16T10:32:53.6201022Z","type":"sample"}
{"channel":"rr","display":0,"mu":0,"quality":"OUT_OF_RANGE","raw":1741.2,"sigma":1.5,"state":"IDLE","t":"2026-07-16T10:32:53.6246756Z","type":"sample"}
{"channel":"rr","display":0,"mu":0,"quality":"OUT_OF_RANGE","raw":1741.3,"sigma":1.5,"state":"IDLE","t":"2026-07-16T10:32:53.6620178Z","type":"sample"}
{"channel":"rr","display":0,"mu":0,"quality":"OUT_OF_RANGE","raw":1740.9,"sigma":1.5,"state":"IDLE","t":"2026-07-16T10:32:53.7041557Z","type":"sample"}
{"channel":"gsr","display":3949.6,"mu":0,"quality":"OK","raw":3949.6,"sigma":10,"state":"IDLE","t":"2026-07-16T10:32:53.7210863Z","type":"sample"}
{"channel":"hr","display":0,"mu":0,"quality":"OUT_OF_RANGE","raw":81,"sigma":3,"state":"IDLE","t":"2026-07-16T10:32:53.7301048Z","type":"sample"}
{"channel":"rr","display":0,"mu":0,"quality":"OUT_OF_RANGE","raw":1741.7,"sigma":1.5,"state":"IDLE","t":"2026-07-16T10:32:53.7445669Z","type":"sample"}
{"channel":"rr","display":0,"mu":0,"quality":"OUT_OF_RANGE","raw":1742,"sigma":1.5,"state":"IDLE","t":"2026-07-16T10:32:53.7845942Z","type":"sample"}
{"address":"/cue/g1/start","args":null,"channel":"system","dir":"out","t":"2026-07-16T10:32:53.8140089Z","type":"osc"}
{"channel":"gsr","display":3948.7,"mu":0,"quality":"OK","raw":3948.7,"sigma":10,"state":"IDLE","t":"2026-07-16T10:32:53.8201602Z","type":"sample"}
{"channel":"rr","display":0,"mu":0,"quality":"OUT_OF_RANGE","raw":1742.1,"sigma":1.5,"state":"IDLE","t":"2026-07-16T10:32:53.8247919Z","type":"sample"}
{"channel":"rr","display":0,"mu":0,"quality":"OUT_OF_RANGE","raw":1742.2,"sigma":1.5,"state":"IDLE","t":"2026-07-16T10:32:53.8639505Z","type":"sample"}
{"channel":"rr","display":0,"mu":0,"quality":"OUT_OF_RANGE","raw":1741.8,"sigma":1.5,"state":"IDLE","t":"2026-07-16T10:32:53.9042442Z","type":"sample"}
{"channel":"gsr","display":3948.5,"mu":0,"quality":"OK","raw":3948.5,"sigma":10,"state":"IDLE","t":"2026-07-16T10:32:53.9206312Z","type":"sample"}
{"channel":"rr","display":0,"mu":0,"quality":"OUT_OF_RANGE","raw":1740.9,"sigma":1.5,"state":"IDLE","t":"2026-07-16T10:32:53.9412363Z","type":"sample"}
{"channel":"rr","display":0,"mu":0,"quality":"OUT_OF_RANGE","raw":1741.2,"sigma":1.5,"state":"IDLE","t":"2026-07-16T10:32:53.9848219Z","type":"sample"}
{"channel":"gsr","display":3947.2,"mu":0,"quality":"OK","raw":3947.2,"sigma":10,"state":"IDLE","t":"2026-07-16T10:32:54.0205807Z","type":"sample"}
{"channel":"rr","display":0,"mu":0,"quality":"OUT_OF_RANGE","raw":1741.7,"sigma":1.5,"state":"IDLE","t":"2026-07-16T10:32:54.0247547Z","type":"sample"}
{"channel":"rr","display":0,"mu":0,"quality":"OUT_OF_RANGE","raw":1740.1,"sigma":1.5,"state":"IDLE","t":"2026-07-16T10:32:54.0638127Z","type":"sample"}
{"channel":"rr","display":0,"mu":0,"quality":"OUT_OF_RANGE","raw":1742.2,"sigma":1.5,"state":"IDLE","t":"2026-07-16T10:32:54.1046693Z","type":"sample"}
{"channel":"gsr","display":3949.8,"mu":0,"quality":"OK","raw":3949.8,"sigma":10,"state":"IDLE","t":"2026-07-16T10:32:54.1201448Z","type":"sample"}
{"channel":"rr","display":0,"mu":0,"quality":"OUT_OF_RANGE","raw":1742.4,"sigma":1.5,"state":"IDLE","t":"2026-07-16T10:32:54.1443489Z","type":"sample"}
{"channel":"rr","display":0,"mu":0,"quality":"OUT_OF_RANGE","raw":1741.2,"sigma":1.5,"state":"IDLE","t":"2026-07-16T10:32:54.1797256Z","type":"sample"}
{"channel":"gsr","display":3953.2,"mu":0,"quality":"OK","raw":3953.2,"sigma":10,"state":"IDLE","t":"2026-07-16T10:32:54.220267Z","type":"sample"}
{"channel":"rr","display":0,"mu":0,"quality":"OUT_OF_RANGE","raw":1741.9,"sigma":1.5,"state":"IDLE","t":"2026-07-16T10:32:54.2252036Z","type":"sample"}
{"channel":"hr","display":0,"mu":0,"quality":"OUT_OF_RANGE","raw":81,"sigma":3,"state":"IDLE","t":"2026-07-16T10:32:54.2262383Z","type":"sample"}
{"channel":"rr","display":0,"mu":0,"quality":"OUT_OF_RANGE","raw":1739.9,"sigma":1.5,"state":"IDLE","t":"2026-07-16T10:32:54.2655356Z","type":"sample"}
{"channel":"rr","display":0,"mu":0,"quality":"OUT_OF_RANGE","raw":1740.9,"sigma":1.5,"state":"IDLE","t":"2026-07-16T10:32:54.3054675Z","type":"sample"}
{"channel":"gsr","display":3953.8,"mu":0,"quality":"OK","raw":3953.8,"sigma":10,"state":"IDLE","t":"2026-07-16T10:32:54.320864Z","type":"sample"}
{"channel":"rr","display":0,"mu":0,"quality":"OUT_OF_RANGE","raw":1741.4,"sigma":1.5,"state":"IDLE","t":"2026-07-16T10:32:54.3455216Z","type":"sample"}
{"address":"/cue/p/start","args":null,"channel":"system","dir":"out","t":"2026-07-16T10:32:54.3455216Z","type":"osc"}
{"channel":"rr","display":0,"mu":0,"quality":"OUT_OF_RANGE","raw":1740.4,"sigma":1.5,"state":"IDLE","t":"2026-07-16T10:32:54.3848107Z","type":"sample"}
{"channel":"gsr","display":3949.3,"mu":0,"quality":"OK","raw":3949.3,"sigma":10,"state":"IDLE","t":"2026-07-16T10:32:54.4201499Z","type":"sample"}
{"channel":"rr","display":0,"mu":0,"quality":"OUT_OF_RANGE","raw":1742.2,"sigma":1.5,"state":"IDLE","t":"2026-07-16T10:32:54.4255496Z","type":"sample"}
{"channel":"rr","display":0,"mu":0,"quality":"OUT_OF_RANGE","raw":1741.1,"sigma":1.5,"state":"IDLE","t":"2026-07-16T10:32:54.4647571Z","type":"sample"}
{"channel":"rr","display":0,"mu":0,"quality":"OUT_OF_RANGE","raw":1740.6,"sigma":1.5,"state":"IDLE","t":"2026-07-16T10:32:54.5049097Z","type":"sample"}
{"channel":"gsr","display":3953,"mu":0,"quality":"OK","raw":3953,"sigma":10,"state":"IDLE","t":"2026-07-16T10:32:54.520842Z","type":"sample"}
{"channel":"rr","display":0,"mu":0,"quality":"OUT_OF_RANGE","raw":1741.8,"sigma":1.5,"state":"IDLE","t":"2026-07-16T10:32:54.5455594Z","type":"sample"}
{"channel":"rr","display":0,"mu":0,"quality":"OUT_OF_RANGE","raw":1741.2,"sigma":1.5,"state":"IDLE","t":"2026-07-16T10:32:54.5855741Z","type":"sample"}
{"channel":"gsr","display":3954.6,"mu":0,"quality":"OK","raw":3954.6,"sigma":10,"state":"IDLE","t":"2026-07-16T10:32:54.620858Z","type":"sample"}
{"channel":"rr","display":0,"mu":0,"quality":"OUT_OF_RANGE","raw":1741.8,"sigma":1.5,"state":"IDLE","t":"2026-07-16T10:32:54.6248381Z","type":"sample"}
{"channel":"rr","display":0,"mu":0,"quality":"OUT_OF_RANGE","raw":1741.6,"sigma":1.5,"state":"IDLE","t":"2026-07-16T10:32:54.6655627Z","type":"sample"}
{"channel":"rr","display":0,"mu":0,"quality":"OUT_OF_RANGE","raw":1742.4,"sigma":1.5,"state":"IDLE","t":"2026-07-16T10:32:54.7055096Z","type":"sample"}
{"channel":"gsr","display":3949.7,"mu":0,"quality":"OK","raw":3949.7,"sigma":10,"state":"IDLE","t":"2026-07-16T10:32:54.7206004Z","type":"sample"}
{"channel":"hr","display":0,"mu":0,"quality":"OUT_OF_RANGE","raw":81,"sigma":3,"state":"IDLE","t":"2026-07-16T10:32:54.725007Z","type":"sample"}
{"channel":"rr","display":0,"mu":0,"quality":"OUT_OF_RANGE","raw":1740.7,"sigma":1.5,"state":"IDLE","t":"2026-07-16T10:32:54.7456191Z","type":"sample"}
{"channel":"rr","display":0,"mu":0,"quality":"OUT_OF_RANGE","raw":1740.6,"sigma":1.5,"state":"IDLE","t":"2026-07-16T10:32:54.7849173Z","type":"sample"}
{"address":"/cue/g1/start","args":null,"channel":"system","dir":"out","t":"2026-07-16T10:32:54.8186757Z","type":"osc"}
{"channel":"gsr","display":3954.3,"mu":0,"quality":"OK","raw":3954.3,"sigma":10,"state":"IDLE","t":"2026-07-16T10:32:54.8208415Z","type":"sample"}
{"channel":"rr","display":0,"mu":0,"quality":"OUT_OF_RANGE","raw":1741.3,"sigma":1.5,"state":"IDLE","t":"2026-07-16T10:32:54.8248948Z","type":"sample"}
{"channel":"rr","display":0,"mu":0,"quality":"OUT_OF_RANGE","raw":1740.4,"sigma":1.5,"state":"IDLE","t":"2026-07-16T10:32:54.8645993Z","type":"sample"}
{"channel":"rr","display":0,"mu":0,"quality":"OUT_OF_RANGE","raw":1742.4,"sigma":1.5,"state":"IDLE","t":"2026-07-16T10:32:54.9063006Z","type":"sample"}
{"channel":"gsr","display":3950.5,"mu":0,"quality":"OK","raw":3950.5,"sigma":10,"state":"IDLE","t":"2026-07-16T10:32:54.9202042Z","type":"sample"}
{"channel":"rr","display":0,"mu":0,"quality":"OUT_OF_RANGE","raw":1741.8,"sigma":1.5,"state":"IDLE","t":"2026-07-16T10:32:54.9451787Z","type":"sample"}
{"channel":"rr","display":0,"mu":0,"quality":"OUT_OF_RANGE","raw":1741.5,"sigma":1.5,"state":"IDLE","t":"2026-07-16T10:32:54.984859Z","type":"sample"}
{"channel":"gsr","display":3952.7,"mu":0,"quality":"OK","raw":3952.7,"sigma":10,"state":"IDLE","t":"2026-07-16T10:32:55.0206804Z","type":"sample"}
{"channel":"rr","display":0,"mu":0,"quality":"OUT_OF_RANGE","raw":1740.7,"sigma":1.5,"state":"IDLE","t":"2026-07-16T10:32:55.02497Z","type":"sample"}
{"channel":"rr","display":0,"mu":0,"quality":"OUT_OF_RANGE","raw":1741.1,"sigma":1.5,"state":"IDLE","t":"2026-07-16T10:32:55.065546Z","type":"sample"}
{"channel":"rr","display":0,"mu":0,"quality":"OUT_OF_RANGE","raw":1741.8,"sigma":1.5,"state":"IDLE","t":"2026-07-16T10:32:55.1054958Z","type":"sample"}
{"channel":"gsr","display":3956,"mu":0,"quality":"OK","raw":3956,"sigma":10,"state":"IDLE","t":"2026-07-16T10:32:55.1208766Z","type":"sample"}
{"channel":"rr","display":0,"mu":0,"quality":"OUT_OF_RANGE","raw":1740.4,"sigma":1.5,"state":"IDLE","t":"2026-07-16T10:32:55.1454901Z","type":"sample"}
{"channel":"rr","display":0,"mu":0,"quality":"OUT_OF_RANGE","raw":1741.2,"sigma":1.5,"state":"IDLE","t":"2026-07-16T10:32:55.1847255Z","type":"sample"}
{"channel":"gsr","display":3952,"mu":0,"quality":"OK","raw":3952,"sigma":10,"state":"IDLE","t":"2026-07-16T10:32:55.2208058Z","type":"sample"}
{"channel":"rr","display":0,"mu":0,"quality":"OUT_OF_RANGE","raw":1740.1,"sigma":1.5,"state":"IDLE","t":"2026-07-16T10:32:55.2255014Z","type":"sample"}
{"channel":"hr","display":0,"mu":0,"quality":"OUT_OF_RANGE","raw":81,"sigma":3,"state":"IDLE","t":"2026-07-16T10:32:55.2262388Z","type":"sample"}
{"channel":"rr","display":0,"mu":0,"quality":"OUT_OF_RANGE","raw":1739.8,"sigma":1.5,"state":"IDLE","t":"2026-07-16T10:32:55.2647931Z","type":"sample"}
{"channel":"rr","display":0,"mu":0,"quality":"OUT_OF_RANGE","raw":1741.8,"sigma":1.5,"state":"IDLE","t":"2026-07-16T10:32:55.3053678Z","type":"sample"}
{"channel":"gsr","display":3957.8,"mu":0,"quality":"OK","raw":3957.8,"sigma":10,"state":"IDLE","t":"2026-07-16T10:32:55.3205545Z","type":"sample"}
{"address":"/cue/p/start","args":null,"channel":"system","dir":"out","t":"2026-07-16T10:32:55.3450197Z","type":"osc"}
{"channel":"rr","display":0,"mu":0,"quality":"OUT_OF_RANGE","raw":1741.6,"sigma":1.5,"state":"IDLE","t":"2026-07-16T10:32:55.3455754Z","type":"sample"}
{"channel":"rr","display":0,"mu":0,"quality":"OUT_OF_RANGE","raw":1741.9,"sigma":1.5,"state":"IDLE","t":"2026-07-16T10:32:55.3846196Z","type":"sample"}
{"channel":"gsr","display":3954,"mu":0,"quality":"OK","raw":3954,"sigma":10,"state":"IDLE","t":"2026-07-16T10:32:55.4207303Z","type":"sample"}
{"channel":"rr","display":0,"mu":0,"quality":"OUT_OF_RANGE","raw":1740.8,"sigma":1.5,"state":"IDLE","t":"2026-07-16T10:32:55.4247112Z","type":"sample"}
{"channel":"rr","display":0,"mu":0,"quality":"OUT_OF_RANGE","raw":1742,"sigma":1.5,"state":"IDLE","t":"2026-07-16T10:32:55.4654509Z","type":"sample"}
{"channel":"rr","display":0,"mu":0,"quality":"OUT_OF_RANGE","raw":1740.6,"sigma":1.5,"state":"IDLE","t":"2026-07-16T10:32:55.5046093Z","type":"sample"}
{"channel":"gsr","display":3957.6,"mu":0,"quality":"OK","raw":3957.6,"sigma":10,"state":"IDLE","t":"2026-07-16T10:32:55.5204897Z","type":"sample"}
{"channel":"rr","display":0,"mu":0,"quality":"OUT_OF_RANGE","raw":1742.4,"sigma":1.5,"state":"IDLE","t":"2026-07-16T10:32:55.5452683Z","type":"sample"}
{"channel":"rr","display":0,"mu":0,"quality":"OUT_OF_RANGE","raw":1740.8,"sigma":1.5,"state":"IDLE","t":"2026-07-16T10:32:55.5858221Z","type":"sample"}
{"channel":"gsr","display":3956.9,"mu":0,"quality":"OK","raw":3956.9,"sigma":10,"state":"IDLE","t":"2026-07-16T10:32:55.6207889Z","type":"sample"}
{"channel":"rr","display":0,"mu":0,"quality":"OUT_OF_RANGE","raw":1741.8,"sigma":1.5,"state":"IDLE","t":"2026-07-16T10:32:55.6250825Z","type":"sample"}
{"channel":"rr","display":0,"mu":0,"quality":"OUT_OF_RANGE","raw":1740.6,"sigma":1.5,"state":"IDLE","t":"2026-07-16T10:32:55.665531Z","type":"sample"}
{"channel":"rr","display":0,"mu":0,"quality":"OUT_OF_RANGE","raw":1740,"sigma":1.5,"state":"IDLE","t":"2026-07-16T10:32:55.7048401Z","type":"sample"}
{"channel":"gsr","display":3960.7,"mu":0,"quality":"OK","raw":3960.7,"sigma":10,"state":"IDLE","t":"2026-07-16T10:32:55.720322Z","type":"sample"}
{"channel":"hr","display":0,"mu":0,"quality":"OUT_OF_RANGE","raw":81,"sigma":3,"state":"IDLE","t":"2026-07-16T10:32:55.7248123Z","type":"sample"}
{"channel":"rr","display":0,"mu":0,"quality":"OUT_OF_RANGE","raw":1742.1,"sigma":1.5,"state":"IDLE","t":"2026-07-16T10:32:55.7452789Z","type":"sample"}
{"channel":"rr","display":0,"mu":0,"quality":"OUT_OF_RANGE","raw":1741.9,"sigma":1.5,"state":"IDLE","t":"2026-07-16T10:32:55.7846559Z","type":"sample"}
{"channel":"gsr","display":3960,"mu":0,"quality":"OK","raw":3960,"sigma":10,"state":"IDLE","t":"2026-07-16T10:32:55.8207621Z","type":"sample"}
{"channel":"rr","display":0,"mu":0,"quality":"OUT_OF_RANGE","raw":1740.7,"sigma":1.5,"state":"IDLE","t":"2026-07-16T10:32:55.825353Z","type":"sample"}
{"address":"/cue/g1/start","args":null,"channel":"system","dir":"out","t":"2026-07-16T10:32:55.8292743Z","type":"osc"}
{"channel":"rr","display":0,"mu":0,"quality":"OUT_OF_RANGE","raw":1741.7,"sigma":1.5,"state":"IDLE","t":"2026-07-16T10:32:55.865339Z","type":"sample"}
{"channel":"rr","display":0,"mu":0,"quality":"OUT_OF_RANGE","raw":1740.6,"sigma":1.5,"state":"IDLE","t":"2026-07-16T10:32:55.9055633Z","type":"sample"}
{"channel":"gsr","display":3958.9,"mu":0,"quality":"OK","raw":3958.9,"sigma":10,"state":"IDLE","t":"2026-07-16T10:32:55.9204879Z","type":"sample"}
{"channel":"rr","display":0,"mu":0,"quality":"OUT_OF_RANGE","raw":1741,"sigma":1.5,"state":"IDLE","t":"2026-07-16T10:32:55.9452624Z","type":"sample"}
{"channel":"rr","display":0,"mu":0,"quality":"OUT_OF_RANGE","raw":1741,"sigma":1.5,"state":"IDLE","t":"2026-07-16T10:32:55.9850527Z","type":"sample"}
{"channel":"gsr","display":3957.2,"mu":0,"quality":"OK","raw":3957.2,"sigma":10,"state":"IDLE","t":"2026-07-16T10:32:56.0203806Z","type":"sample"}
{"channel":"rr","display":0,"mu":0,"quality":"OUT_OF_RANGE","raw":1742.1,"sigma":1.5,"state":"IDLE","t":"2026-07-16T10:32:56.0250685Z","type":"sample"}
{"channel":"rr","display":0,"mu":0,"quality":"OUT_OF_RANGE","raw":1741.4,"sigma":1.5,"state":"IDLE","t":"2026-07-16T10:32:56.0647986Z","type":"sample"}
{"channel":"rr","display":0,"mu":0,"quality":"OUT_OF_RANGE","raw":1741.8,"sigma":1.5,"state":"IDLE","t":"2026-07-16T10:32:56.1047368Z","type":"sample"}
{"channel":"gsr","display":3960.4,"mu":0,"quality":"OK","raw":3960.4,"sigma":10,"state":"IDLE","t":"2026-07-16T10:32:56.1197677Z","type":"sample"}
{"channel":"rr","display":0,"mu":0,"quality":"OUT_OF_RANGE","raw":1740.4,"sigma":1.5,"state":"IDLE","t":"2026-07-16T10:32:56.1454451Z","type":"sample"}
{"channel":"rr","display":0,"mu":0,"quality":"OUT_OF_RANGE","raw":1741.4,"sigma":1.5,"state":"IDLE","t":"2026-07-16T10:32:56.1848857Z","type":"sample"}
{"channel":"gsr","display":3961.4,"mu":0,"quality":"OK","raw":3961.4,"sigma":10,"state":"IDLE","t":"2026-07-16T10:32:56.2203891Z","type":"sample"}
{"channel":"rr","display":0,"mu":0,"quality":"OUT_OF_RANGE","raw":1742.7,"sigma":1.5,"state":"IDLE","t":"2026-07-16T10:32:56.2248009Z","type":"sample"}
{"channel":"hr","display":0,"mu":0,"quality":"OUT_OF_RANGE","raw":82,"sigma":3,"state":"IDLE","t":"2026-07-16T10:32:56.2258093Z","type":"sample"}
{"channel":"rr","display":0,"mu":0,"quality":"OUT_OF_RANGE","raw":1742.2,"sigma":1.5,"state":"IDLE","t":"2026-07-16T10:32:56.2647396Z","type":"sample"}
{"channel":"rr","display":0,"mu":0,"quality":"OUT_OF_RANGE","raw":1741.6,"sigma":1.5,"state":"IDLE","t":"2026-07-16T10:32:56.3057604Z","type":"sample"}
{"channel":"gsr","display":3962,"mu":0,"quality":"OK","raw":3962,"sigma":10,"state":"IDLE","t":"2026-07-16T10:32:56.3214961Z","type":"sample"}
{"address":"/cue/p/start","args":null,"channel":"system","dir":"out","t":"2026-07-16T10:32:56.3451386Z","type":"osc"}
{"channel":"rr","display":0,"mu":0,"quality":"OUT_OF_RANGE","raw":1741.2,"sigma":1.5,"state":"IDLE","t":"2026-07-16T10:32:56.3451386Z","type":"sample"}
{"channel":"rr","display":0,"mu":0,"quality":"OUT_OF_RANGE","raw":1742.6,"sigma":1.5,"state":"IDLE","t":"2026-07-16T10:32:56.3846788Z","type":"sample"}
{"channel":"gsr","display":3965.3,"mu":0,"quality":"OK","raw":3965.3,"sigma":10,"state":"IDLE","t":"2026-07-16T10:32:56.4207696Z","type":"sample"}
{"channel":"rr","display":0,"mu":0,"quality":"OUT_OF_RANGE","raw":1742.2,"sigma":1.5,"state":"IDLE","t":"2026-07-16T10:32:56.4246869Z","type":"sample"}
{"channel":"rr","display":0,"mu":0,"quality":"OUT_OF_RANGE","raw":1742.9,"sigma":1.5,"state":"IDLE","t":"2026-07-16T10:32:56.4646783Z","type":"sample"}
{"channel":"rr","display":0,"mu":0,"quality":"OUT_OF_RANGE","raw":1741.3,"sigma":1.5,"state":"IDLE","t":"2026-07-16T10:32:56.5048482Z","type":"sample"}
{"channel":"gsr","display":3964.8,"mu":0,"quality":"OK","raw":3964.8,"sigma":10,"state":"IDLE","t":"2026-07-16T10:32:56.5206664Z","type":"sample"}
{"channel":"rr","display":0,"mu":0,"quality":"OUT_OF_RANGE","raw":1741.7,"sigma":1.5,"state":"IDLE","t":"2026-07-16T10:32:56.5453192Z","type":"sample"}
{"channel":"rr","display":0,"mu":0,"quality":"OUT_OF_RANGE","raw":1741.8,"sigma":1.5,"state":"IDLE","t":"2026-07-16T10:32:56.5852161Z","type":"sample"}
{"channel":"gsr","display":3968,"mu":0,"quality":"OK","raw":3968,"sigma":10,"state":"IDLE","t":"2026-07-16T10:32:56.6209657Z","type":"sample"}
{"channel":"rr","display":0,"mu":0,"quality":"OUT_OF_RANGE","raw":1740.8,"sigma":1.5,"state":"IDLE","t":"2026-07-16T10:32:56.624893Z","type":"sample"}
{"channel":"rr","display":0,"mu":0,"quality":"OUT_OF_RANGE","raw":1741.6,"sigma":1.5,"state":"IDLE","t":"2026-07-16T10:32:56.6648215Z","type":"sample"}
{"channel":"rr","display":0,"mu":0,"quality":"OUT_OF_RANGE","raw":1741.4,"sigma":1.5,"state":"IDLE","t":"2026-07-16T10:32:56.7047604Z","type":"sample"}
{"channel":"gsr","display":3966,"mu":0,"quality":"OK","raw":3966,"sigma":10,"state":"IDLE","t":"2026-07-16T10:32:56.7205393Z","type":"sample"}
{"channel":"hr","display":0,"mu":0,"quality":"OUT_OF_RANGE","raw":82,"sigma":3,"state":"IDLE","t":"2026-07-16T10:32:56.724857Z","type":"sample"}
{"channel":"rr","display":0,"mu":0,"quality":"OUT_OF_RANGE","raw":1740.6,"sigma":1.5,"state":"IDLE","t":"2026-07-16T10:32:56.7455988Z","type":"sample"}
{"channel":"rr","display":0,"mu":0,"quality":"OUT_OF_RANGE","raw":1741.6,"sigma":1.5,"state":"IDLE","t":"2026-07-16T10:32:56.784824Z","type":"sample"}
{"channel":"gsr","display":3973.7,"mu":0,"quality":"OK","raw":3973.7,"sigma":10,"state":"IDLE","t":"2026-07-16T10:32:56.820461Z","type":"sample"}
{"channel":"rr","display":0,"mu":0,"quality":"OUT_OF_RANGE","raw":1744.1,"sigma":1.5,"state":"IDLE","t":"2026-07-16T10:32:56.8248862Z","type":"sample"}
{"address":"/cue/g1/start","args":null,"channel":"system","dir":"out","t":"2026-07-16T10:32:56.832739Z","type":"osc"}
{"channel":"rr","display":0,"mu":0,"quality":"OUT_OF_RANGE","raw":1741.7,"sigma":1.5,"state":"IDLE","t":"2026-07-16T10:32:56.8650618Z","type":"sample"}
{"channel":"rr","display":0,"mu":0,"quality":"OUT_OF_RANGE","raw":1742.2,"sigma":1.5,"state":"IDLE","t":"2026-07-16T10:32:56.9048313Z","type":"sample"}
{"channel":"gsr","display":3966.8,"mu":0,"quality":"OK","raw":3966.8,"sigma":10,"state":"IDLE","t":"2026-07-16T10:32:56.9209746Z","type":"sample"}
{"channel":"rr","display":0,"mu":0,"quality":"OUT_OF_RANGE","raw":1742.5,"sigma":1.5,"state":"IDLE","t":"2026-07-16T10:32:56.9452933Z","type":"sample"}
{"channel":"rr","display":0,"mu":0,"quality":"OUT_OF_RANGE","raw":1741.7,"sigma":1.5,"state":"IDLE","t":"2026-07-16T10:32:56.9854303Z","type":"sample"}
{"channel":"gsr","display":3968.8,"mu":0,"quality":"OK","raw":3968.8,"sigma":10,"state":"IDLE","t":"2026-07-16T10:32:57.0207662Z","type":"sample"}
{"channel":"rr","display":0,"mu":0,"quality":"OUT_OF_RANGE","raw":1740.4,"sigma":1.5,"state":"IDLE","t":"2026-07-16T10:32:57.0248306Z","type":"sample"}
{"channel":"rr","display":0,"mu":0,"quality":"OUT_OF_RANGE","raw":1743.4,"sigma":1.5,"state":"IDLE","t":"2026-07-16T10:32:57.0655136Z","type":"sample"}
{"channel":"rr","display":0,"mu":0,"quality":"OUT_OF_RANGE","raw":1741.8,"sigma":1.5,"state":"IDLE","t":"2026-07-16T10:32:57.1048155Z","type":"sample"}
{"channel":"gsr","display":3967.3,"mu":0,"quality":"OK","raw":3967.3,"sigma":10,"state":"IDLE","t":"2026-07-16T10:32:57.1203359Z","type":"sample"}
{"channel":"rr","display":0,"mu":0,"quality":"OUT_OF_RANGE","raw":1741.7,"sigma":1.5,"state":"IDLE","t":"2026-07-16T10:32:57.1450941Z","type":"sample"}
{"channel":"rr","display":0,"mu":0,"quality":"OUT_OF_RANGE","raw":1741.9,"sigma":1.5,"state":"IDLE","t":"2026-07-16T10:32:57.1848793Z","type":"sample"}
{"channel":"gsr","display":3974.1,"mu":0,"quality":"OK","raw":3974.1,"sigma":10,"state":"IDLE","t":"2026-07-16T10:32:57.2206917Z","type":"sample"}
{"channel":"rr","display":0,"mu":0,"quality":"OUT_OF_RANGE","raw":1742.5,"sigma":1.5,"state":"IDLE","t":"2026-07-16T10:32:57.2250826Z","type":"sample"}
{"channel":"hr","display":0,"mu":0,"quality":"OUT_OF_RANGE","raw":83,"sigma":3,"state":"IDLE","t":"2026-07-16T10:32:57.226167Z","type":"sample"}
{"channel":"rr","display":0,"mu":0,"quality":"OUT_OF_RANGE","raw":1739.7,"sigma":1.5,"state":"IDLE","t":"2026-07-16T10:32:57.2648051Z","type":"sample"}
{"channel":"rr","display":0,"mu":0,"quality":"OUT_OF_RANGE","raw":1743.6,"sigma":1.5,"state":"IDLE","t":"2026-07-16T10:32:57.3055803Z","type":"sample"}
{"channel":"gsr","display":3966.4,"mu":0,"quality":"OK","raw":3966.4,"sigma":10,"state":"IDLE","t":"2026-07-16T10:32:57.3211898Z","type":"sample"}
{"channel":"rr","display":0,"mu":0,"quality":"OUT_OF_RANGE","raw":1742.4,"sigma":1.5,"state":"IDLE","t":"2026-07-16T10:32:57.3452814Z","type":"sample"}
{"address":"/cue/p/start","args":null,"channel":"system","dir":"out","t":"2026-07-16T10:32:57.3452814Z","type":"osc"}
{"channel":"rr","display":0,"mu":0,"quality":"OUT_OF_RANGE","raw":1742.5,"sigma":1.5,"state":"IDLE","t":"2026-07-16T10:32:57.385081Z","type":"sample"}
{"channel":"gsr","display":3969.1,"mu":0,"quality":"OK","raw":3969.1,"sigma":10,"state":"IDLE","t":"2026-07-16T10:32:57.4207809Z","type":"sample"}
{"channel":"rr","display":0,"mu":0,"quality":"OUT_OF_RANGE","raw":1743.1,"sigma":1.5,"state":"IDLE","t":"2026-07-16T10:32:57.4250457Z","type":"sample"}
{"channel":"rr","display":0,"mu":0,"quality":"OUT_OF_RANGE","raw":1741.4,"sigma":1.5,"state":"IDLE","t":"2026-07-16T10:32:57.4651022Z","type":"sample"}
{"channel":"rr","display":0,"mu":0,"quality":"OUT_OF_RANGE","raw":1741.8,"sigma":1.5,"state":"IDLE","t":"2026-07-16T10:32:57.5055093Z","type":"sample"}
{"channel":"gsr","display":3972.7,"mu":0,"quality":"OK","raw":3972.7,"sigma":10,"state":"IDLE","t":"2026-07-16T10:32:57.5199536Z","type":"sample"}
{"channel":"rr","display":0,"mu":0,"quality":"OUT_OF_RANGE","raw":1742.2,"sigma":1.5,"state":"IDLE","t":"2026-07-16T10:32:57.5456127Z","type":"sample"}
{"channel":"rr","display":0,"mu":0,"quality":"OUT_OF_RANGE","raw":1742.2,"sigma":1.5,"state":"IDLE","t":"2026-07-16T10:32:57.5856343Z","type":"sample"}
{"channel":"gsr","display":3972.4,"mu":0,"quality":"OK","raw":3972.4,"sigma":10,"state":"IDLE","t":"2026-07-16T10:32:57.6205588Z","type":"sample"}
{"channel":"rr","display":0,"mu":0,"quality":"OUT_OF_RANGE","raw":1741.7,"sigma":1.5,"state":"IDLE","t":"2026-07-16T10:32:57.6251758Z","type":"sample"}
{"channel":"rr","display":0,"mu":0,"quality":"OUT_OF_RANGE","raw":1742.8,"sigma":1.5,"state":"IDLE","t":"2026-07-16T10:32:57.6649164Z","type":"sample"}
{"channel":"rr","display":0,"mu":0,"quality":"OUT_OF_RANGE","raw":1744,"sigma":1.5,"state":"IDLE","t":"2026-07-16T10:32:57.7051788Z","type":"sample"}
{"channel":"gsr","display":3975.2,"mu":0,"quality":"OK","raw":3975.2,"sigma":10,"state":"IDLE","t":"2026-07-16T10:32:57.720292Z","type":"sample"}
{"channel":"hr","display":0,"mu":0,"quality":"OUT_OF_RANGE","raw":83,"sigma":3,"state":"IDLE","t":"2026-07-16T10:32:57.7248774Z","type":"sample"}
{"channel":"rr","display":0,"mu":0,"quality":"OUT_OF_RANGE","raw":1741.3,"sigma":1.5,"state":"IDLE","t":"2026-07-16T10:32:57.7452239Z","type":"sample"}
{"channel":"rr","display":0,"mu":0,"quality":"OUT_OF_RANGE","raw":1742.7,"sigma":1.5,"state":"IDLE","t":"2026-07-16T10:32:57.7847135Z","type":"sample"}
{"channel":"gsr","display":3972.1,"mu":0,"quality":"OK","raw":3972.1,"sigma":10,"state":"IDLE","t":"2026-07-16T10:32:57.8205836Z","type":"sample"}
{"channel":"rr","display":0,"mu":0,"quality":"OUT_OF_RANGE","raw":1743.6,"sigma":1.5,"state":"IDLE","t":"2026-07-16T10:32:57.8247729Z","type":"sample"}
{"address":"/cue/g1/start","args":null,"channel":"system","dir":"out","t":"2026-07-16T10:32:57.8357982Z","type":"osc"}
{"channel":"rr","display":0,"mu":0,"quality":"OUT_OF_RANGE","raw":1743.2,"sigma":1.5,"state":"IDLE","t":"2026-07-16T10:32:57.8650978Z","type":"sample"}
{"channel":"rr","display":0,"mu":0,"quality":"OUT_OF_RANGE","raw":1742.1,"sigma":1.5,"state":"IDLE","t":"2026-07-16T10:32:57.9054775Z","type":"sample"}
{"channel":"gsr","display":3976.4,"mu":0,"quality":"OK","raw":3976.4,"sigma":10,"state":"IDLE","t":"2026-07-16T10:32:57.9209018Z","type":"sample"}
{"channel":"rr","display":0,"mu":0,"quality":"OUT_OF_RANGE","raw":1743.6,"sigma":1.5,"state":"IDLE","t":"2026-07-16T10:32:57.9455188Z","type":"sample"}
{"channel":"rr","display":0,"mu":0,"quality":"OUT_OF_RANGE","raw":1742.6,"sigma":1.5,"state":"IDLE","t":"2026-07-16T10:32:57.985638Z","type":"sample"}
{"channel":"gsr","display":3972.4,"mu":0,"quality":"OK","raw":3972.4,"sigma":10,"state":"IDLE","t":"2026-07-16T10:32:58.0201065Z","type":"sample"}
{"channel":"rr","display":0,"mu":0,"quality":"OUT_OF_RANGE","raw":1743.4,"sigma":1.5,"state":"IDLE","t":"2026-07-16T10:32:58.0247216Z","type":"sample"}
{"channel":"rr","display":0,"mu":0,"quality":"OUT_OF_RANGE","raw":1744,"sigma":1.5,"state":"IDLE","t":"2026-07-16T10:32:58.0647781Z","type":"sample"}
{"channel":"rr","display":0,"mu":0,"quality":"OUT_OF_RANGE","raw":1742.1,"sigma":1.5,"state":"IDLE","t":"2026-07-16T10:32:58.1050938Z","type":"sample"}
{"channel":"gsr","display":3975.7,"mu":0,"quality":"OK","raw":3975.7,"sigma":10,"state":"IDLE","t":"2026-07-16T10:32:58.1206451Z","type":"sample"}
{"channel":"rr","display":0,"mu":0,"quality":"OUT_OF_RANGE","raw":1741.9,"sigma":1.5,"state":"IDLE","t":"2026-07-16T10:32:58.1453072Z","type":"sample"}
{"channel":"rr","display":0,"mu":0,"quality":"OUT_OF_RANGE","raw":1741.1,"sigma":1.5,"state":"IDLE","t":"2026-07-16T10:32:58.1847414Z","type":"sample"}
{"channel":"gsr","display":3976.2,"mu":0,"quality":"OK","raw":3976.2,"sigma":10,"state":"IDLE","t":"2026-07-16T10:32:58.2200874Z","type":"sample"}
{"channel":"rr","display":0,"mu":0,"quality":"OUT_OF_RANGE","raw":1743.3,"sigma":1.5,"state":"IDLE","t":"2026-07-16T10:32:58.225066Z","type":"sample"}
{"channel":"hr","display":0,"mu":0,"quality":"OUT_OF_RANGE","raw":84,"sigma":3,"state":"IDLE","t":"2026-07-16T10:32:58.2261467Z","type":"sample"}
{"channel":"rr","display":0,"mu":0,"quality":"OUT_OF_RANGE","raw":1741.9,"sigma":1.5,"state":"IDLE","t":"2026-07-16T10:32:58.2656159Z","type":"sample"}
{"channel":"rr","display":0,"mu":0,"quality":"OUT_OF_RANGE","raw":1742.3,"sigma":1.5,"state":"IDLE","t":"2026-07-16T10:32:58.3051518Z","type":"sample"}
{"channel":"gsr","display":3980.2,"mu":0,"quality":"OK","raw":3980.2,"sigma":10,"state":"IDLE","t":"2026-07-16T10:32:58.3209617Z","type":"sample"}
{"address":"/cue/p/start","args":null,"channel":"system","dir":"out","t":"2026-07-16T10:32:58.3452227Z","type":"osc"}
{"channel":"rr","display":0,"mu":0,"quality":"OUT_OF_RANGE","raw":1741.5,"sigma":1.5,"state":"IDLE","t":"2026-07-16T10:32:58.3452227Z","type":"sample"}
{"channel":"rr","display":0,"mu":0,"quality":"OUT_OF_RANGE","raw":1741.8,"sigma":1.5,"state":"IDLE","t":"2026-07-16T10:32:58.3856357Z","type":"sample"}
{"channel":"gsr","display":3979.6,"mu":0,"quality":"OK","raw":3979.6,"sigma":10,"state":"IDLE","t":"2026-07-16T10:32:58.4200374Z","type":"sample"}
{"channel":"rr","display":0,"mu":0,"quality":"OUT_OF_RANGE","raw":1743.3,"sigma":1.5,"state":"IDLE","t":"2026-07-16T10:32:58.4246697Z","type":"sample"}
{"channel":"rr","display":0,"mu":0,"quality":"OUT_OF_RANGE","raw":1741.9,"sigma":1.5,"state":"IDLE","t":"2026-07-16T10:32:58.4652076Z","type":"sample"}
{"channel":"rr","display":0,"mu":0,"quality":"OUT_OF_RANGE","raw":1742.3,"sigma":1.5,"state":"IDLE","t":"2026-07-16T10:32:58.5055267Z","type":"sample"}
{"channel":"gsr","display":3976.6,"mu":0,"quality":"OK","raw":3976.6,"sigma":10,"state":"IDLE","t":"2026-07-16T10:32:58.5199133Z","type":"sample"}
{"channel":"rr","display":0,"mu":0,"quality":"OUT_OF_RANGE","raw":1742.2,"sigma":1.5,"state":"IDLE","t":"2026-07-16T10:32:58.5453339Z","type":"sample"}
{"channel":"rr","display":0,"mu":0,"quality":"OUT_OF_RANGE","raw":1741.8,"sigma":1.5,"state":"IDLE","t":"2026-07-16T10:32:58.5846808Z","type":"sample"}
{"channel":"gsr","display":3977,"mu":0,"quality":"OK","raw":3977,"sigma":10,"state":"IDLE","t":"2026-07-16T10:32:58.620371Z","type":"sample"}
{"channel":"rr","display":0,"mu":0,"quality":"OUT_OF_RANGE","raw":1741.4,"sigma":1.5,"state":"IDLE","t":"2026-07-16T10:32:58.6254696Z","type":"sample"}
{"channel":"rr","display":0,"mu":0,"quality":"OUT_OF_RANGE","raw":1739.9,"sigma":1.5,"state":"IDLE","t":"2026-07-16T10:32:58.6650606Z","type":"sample"}
{"channel":"rr","display":0,"mu":0,"quality":"OUT_OF_RANGE","raw":1743.2,"sigma":1.5,"state":"IDLE","t":"2026-07-16T10:32:58.7049727Z","type":"sample"}
{"channel":"gsr","display":3976.2,"mu":0,"quality":"OK","raw":3976.2,"sigma":10,"state":"IDLE","t":"2026-07-16T10:32:58.7202098Z","type":"sample"}
{"channel":"hr","display":0,"mu":0,"quality":"OUT_OF_RANGE","raw":84,"sigma":3,"state":"IDLE","t":"2026-07-16T10:32:58.7249742Z","type":"sample"}
{"channel":"rr","display":0,"mu":0,"quality":"OUT_OF_RANGE","raw":1741.4,"sigma":1.5,"state":"IDLE","t":"2026-07-16T10:32:58.7455827Z","type":"sample"}
{"channel":"rr","display":0,"mu":0,"quality":"OUT_OF_RANGE","raw":1742.1,"sigma":1.5,"state":"IDLE","t":"2026-07-16T10:32:58.7847977Z","type":"sample"}
{"channel":"gsr","display":3979.3,"mu":0,"quality":"OK","raw":3979.3,"sigma":10,"state":"IDLE","t":"2026-07-16T10:32:58.8202233Z","type":"sample"}
{"channel":"rr","display":0,"mu":0,"quality":"OUT_OF_RANGE","raw":1742.7,"sigma":1.5,"state":"IDLE","t":"2026-07-16T10:32:58.8250576Z","type":"sample"}
{"address":"/cue/g1/start","args":null,"channel":"system","dir":"out","t":"2026-07-16T10:32:58.8426324Z","type":"osc"}
{"channel":"rr","display":0,"mu":0,"quality":"OUT_OF_RANGE","raw":1742.8,"sigma":1.5,"state":"IDLE","t":"2026-07-16T10:32:58.8650695Z","type":"sample"}
{"channel":"rr","display":0,"mu":0,"quality":"OUT_OF_RANGE","raw":1742.2,"sigma":1.5,"state":"IDLE","t":"2026-07-16T10:32:58.9048512Z","type":"sample"}
{"channel":"gsr","display":3982.3,"mu":0,"quality":"OK","raw":3982.3,"sigma":10,"state":"IDLE","t":"2026-07-16T10:32:58.9201333Z","type":"sample"}
{"channel":"rr","display":0,"mu":0,"quality":"OUT_OF_RANGE","raw":1742.2,"sigma":1.5,"state":"IDLE","t":"2026-07-16T10:32:58.9451541Z","type":"sample"}
{"channel":"rr","display":0,"mu":0,"quality":"OUT_OF_RANGE","raw":1742.2,"sigma":1.5,"state":"IDLE","t":"2026-07-16T10:32:58.9847239Z","type":"sample"}
{"channel":"gsr","display":3982.9,"mu":0,"quality":"OK","raw":3982.9,"sigma":10,"state":"IDLE","t":"2026-07-16T10:32:59.0202196Z","type":"sample"}
{"channel":"rr","display":0,"mu":0,"quality":"OUT_OF_RANGE","raw":1740.9,"sigma":1.5,"state":"IDLE","t":"2026-07-16T10:32:59.0250612Z","type":"sample"}
{"channel":"rr","display":0,"mu":0,"quality":"OUT_OF_RANGE","raw":1743,"sigma":1.5,"state":"IDLE","t":"2026-07-16T10:32:59.0647386Z","type":"sample"}
{"channel":"rr","display":0,"mu":0,"quality":"OUT_OF_RANGE","raw":1741.5,"sigma":1.5,"state":"IDLE","t":"2026-07-16T10:32:59.1047179Z","type":"sample"}
{"channel":"gsr","display":3981.2,"mu":0,"quality":"OK","raw":3981.2,"sigma":10,"state":"IDLE","t":"2026-07-16T10:32:59.1207032Z","type":"sample"}
{"channel":"rr","display":0,"mu":0,"quality":"OUT_OF_RANGE","raw":1742.6,"sigma":1.5,"state":"IDLE","t":"2026-07-16T10:32:59.1451368Z","type":"sample"}
{"channel":"rr","display":0,"mu":0,"quality":"OUT_OF_RANGE","raw":1740.6,"sigma":1.5,"state":"IDLE","t":"2026-07-16T10:32:59.1848183Z","type":"sample"}
{"channel":"gsr","display":3981.2,"mu":0,"quality":"OK","raw":3981.2,"sigma":10,"state":"IDLE","t":"2026-07-16T10:32:59.2207038Z","type":"sample"}
{"channel":"rr","display":0,"mu":0,"quality":"OUT_OF_RANGE","raw":1741.7,"sigma":1.5,"state":"IDLE","t":"2026-07-16T10:32:59.2247163Z","type":"sample"}
{"channel":"hr","display":0,"mu":0,"quality":"OUT_OF_RANGE","raw":85,"sigma":3,"state":"IDLE","t":"2026-07-16T10:32:59.323218Z","type":"sample"}
{"channel":"rr","display":0,"mu":0,"quality":"OUT_OF_RANGE","raw":1742.4,"sigma":1.5,"state":"IDLE","t":"2026-07-16T10:32:59.3288049Z","type":"sample"}
{"channel":"gsr","display":3960.5,"mu":0,"quality":"OK","raw":3960.5,"sigma":10,"state":"IDLE","t":"2026-07-16T10:32:59.3382639Z","type":"sample"}
{"address":"/cue/p/start","args":null,"channel":"system","dir":"out","t":"2026-07-16T10:32:59.3453349Z","type":"osc"}
{"channel":"rr","display":0,"mu":0,"quality":"OUT_OF_RANGE","raw":1743.8,"sigma":1.5,"state":"IDLE","t":"2026-07-16T10:32:59.3686168Z","type":"sample"}
{"channel":"rr","display":0,"mu":0,"quality":"OUT_OF_RANGE","raw":1741.8,"sigma":1.5,"state":"IDLE","t":"2026-07-16T10:32:59.4059581Z","type":"sample"}
{"channel":"gsr","display":3985.6,"mu":0,"quality":"OK","raw":3985.6,"sigma":10,"state":"IDLE","t":"2026-07-16T10:32:59.4368729Z","type":"sample"}
{"channel":"rr","display":0,"mu":0,"quality":"OUT_OF_RANGE","raw":1742.4,"sigma":1.5,"state":"IDLE","t":"2026-07-16T10:32:59.4469459Z","type":"sample"}
{"channel":"rr","display":0,"mu":0,"quality":"OUT_OF_RANGE","raw":1742.4,"sigma":1.5,"state":"IDLE","t":"2026-07-16T10:32:59.4888064Z","type":"sample"}
{"channel":"rr","display":0,"mu":0,"quality":"OUT_OF_RANGE","raw":1741.8,"sigma":1.5,"state":"IDLE","t":"2026-07-16T10:32:59.5282717Z","type":"sample"}
{"channel":"gsr","display":3993,"mu":0,"quality":"OK","raw":3993,"sigma":10,"state":"IDLE","t":"2026-07-16T10:32:59.5368851Z","type":"sample"}
{"channel":"rr","display":0,"mu":0,"quality":"OUT_OF_RANGE","raw":1742.1,"sigma":1.5,"state":"IDLE","t":"2026-07-16T10:32:59.5685575Z","type":"sample"}
{"channel":"rr","display":0,"mu":0,"quality":"OUT_OF_RANGE","raw":1743.8,"sigma":1.5,"state":"IDLE","t":"2026-07-16T10:32:59.60595Z","type":"sample"}
{"channel":"gsr","display":3993.7,"mu":0,"quality":"OK","raw":3993.7,"sigma":10,"state":"IDLE","t":"2026-07-16T10:32:59.6369662Z","type":"sample"}
{"channel":"rr","display":0,"mu":0,"quality":"OUT_OF_RANGE","raw":1742.8,"sigma":1.5,"state":"IDLE","t":"2026-07-16T10:32:59.6484216Z","type":"sample"}
{"channel":"rr","display":0,"mu":0,"quality":"OUT_OF_RANGE","raw":1740.1,"sigma":1.5,"state":"IDLE","t":"2026-07-16T10:32:59.6875635Z","type":"sample"}
{"channel":"rr","display":0,"mu":0,"quality":"OUT_OF_RANGE","raw":1741.2,"sigma":1.5,"state":"IDLE","t":"2026-07-16T10:32:59.7285776Z","type":"sample"}
{"channel":"hr","display":0,"mu":0,"quality":"OUT_OF_RANGE","raw":85,"sigma":3,"state":"IDLE","t":"2026-07-16T10:32:59.7301913Z","type":"sample"}
{"channel":"gsr","display":3992.6,"mu":0,"quality":"OK","raw":3992.6,"sigma":10,"state":"IDLE","t":"2026-07-16T10:32:59.7380918Z","type":"sample"}
{"channel":"rr","display":0,"mu":0,"quality":"OUT_OF_RANGE","raw":1741,"sigma":1.5,"state":"IDLE","t":"2026-07-16T10:32:59.7661584Z","type":"sample"}
{"channel":"rr","display":0,"mu":0,"quality":"OUT_OF_RANGE","raw":1742.2,"sigma":1.5,"state":"IDLE","t":"2026-07-16T10:32:59.8085044Z","type":"sample"}
{"channel":"gsr","display":3994,"mu":0,"quality":"OK","raw":3994,"sigma":10,"state":"IDLE","t":"2026-07-16T10:32:59.837513Z","type":"sample"}
{"address":"/cue/g1/start","args":null,"channel":"system","dir":"out","t":"2026-07-16T10:32:59.847635Z","type":"osc"}
{"channel":"rr","display":0,"mu":0,"quality":"OUT_OF_RANGE","raw":1741.8,"sigma":1.5,"state":"IDLE","t":"2026-07-16T10:32:59.8481727Z","type":"sample"}
{"channel":"rr","display":0,"mu":0,"quality":"OUT_OF_RANGE","raw":1742,"sigma":1.5,"state":"IDLE","t":"2026-07-16T10:32:59.8878511Z","type":"sample"}
{"channel":"rr","display":0,"mu":0,"quality":"OUT_OF_RANGE","raw":1742.9,"sigma":1.5,"state":"IDLE","t":"2026-07-16T10:32:59.9255213Z","type":"sample"}
{"channel":"gsr","display":3995.3,"mu":0,"quality":"OK","raw":3995.3,"sigma":10,"state":"IDLE","t":"2026-07-16T10:32:59.9373897Z","type":"sample"}
{"channel":"rr","display":0,"mu":0,"quality":"OUT_OF_RANGE","raw":1741.8,"sigma":1.5,"state":"IDLE","t":"2026-07-16T10:32:59.966318Z","type":"sample"}
{"channel":"rr","display":0,"mu":0,"quality":"OUT_OF_RANGE","raw":1743.2,"sigma":1.5,"state":"IDLE","t":"2026-07-16T10:33:00.0059511Z","type":"sample"}
{"channel":"gsr","display":3998.3,"mu":0,"quality":"OK","raw":3998.3,"sigma":10,"state":"IDLE","t":"2026-07-16T10:33:00.0375247Z","type":"sample"}
{"channel":"rr","display":0,"mu":0,"quality":"OUT_OF_RANGE","raw":1742.1,"sigma":1.5,"state":"IDLE","t":"2026-07-16T10:33:00.0481473Z","type":"sample"}
{"channel":"rr","display":0,"mu":0,"quality":"OUT_OF_RANGE","raw":1740,"sigma":1.5,"state":"IDLE","t":"2026-07-16T10:33:00.088437Z","type":"sample"}
{"channel":"rr","display":0,"mu":0,"quality":"OUT_OF_RANGE","raw":1741.7,"sigma":1.5,"state":"IDLE","t":"2026-07-16T10:33:00.1283951Z","type":"sample"}
{"channel":"gsr","display":3995.4,"mu":0,"quality":"OK","raw":3995.4,"sigma":10,"state":"IDLE","t":"2026-07-16T10:33:00.1375095Z","type":"sample"}
{"channel":"rr","display":0,"mu":0,"quality":"OUT_OF_RANGE","raw":1742.7,"sigma":1.5,"state":"IDLE","t":"2026-07-16T10:33:00.1684757Z","type":"sample"}
{"channel":"rr","display":0,"mu":0,"quality":"OUT_OF_RANGE","raw":1741.7,"sigma":1.5,"state":"IDLE","t":"2026-07-16T10:33:00.2055924Z","type":"sample"}
{"channel":"hr","display":0,"mu":0,"quality":"OUT_OF_RANGE","raw":85,"sigma":3,"state":"IDLE","t":"2026-07-16T10:33:00.2274458Z","type":"sample"}
{"channel":"gsr","display":3995.3,"mu":0,"quality":"OK","raw":3995.3,"sigma":10,"state":"IDLE","t":"2026-07-16T10:33:00.2367903Z","type":"sample"}
{"channel":"rr","display":0,"mu":0,"quality":"OUT_OF_RANGE","raw":1742.2,"sigma":1.5,"state":"IDLE","t":"2026-07-16T10:33:00.2464555Z","type":"sample"}
{"channel":"rr","display":0,"mu":0,"quality":"OUT_OF_RANGE","raw":1741.8,"sigma":1.5,"state":"IDLE","t":"2026-07-16T10:33:00.2879616Z","type":"sample"}
{"channel":"rr","display":0,"mu":0,"quality":"OUT_OF_RANGE","raw":1741.9,"sigma":1.5,"state":"IDLE","t":"2026-07-16T10:33:00.3284154Z","type":"sample"}
{"channel":"gsr","display":3999.4,"mu":0,"quality":"OK","raw":3999.4,"sigma":10,"state":"IDLE","t":"2026-07-16T10:33:00.3378346Z","type":"sample"}
{"address":"/cue/p/start","args":null,"channel":"system","dir":"out","t":"2026-07-16T10:33:00.3454273Z","type":"osc"}
{"channel":"rr","display":0,"mu":0,"quality":"OUT_OF_RANGE","raw":1742.1,"sigma":1.5,"state":"IDLE","t":"2026-07-16T10:33:00.3668607Z","type":"sample"}
{"channel":"rr","display":0,"mu":0,"quality":"OUT_OF_RANGE","raw":1740.2,"sigma":1.5,"state":"IDLE","t":"2026-07-16T10:33:00.4086483Z","type":"sample"}
{"channel":"gsr","display":3998.7,"mu":0,"quality":"OK","raw":3998.7,"sigma":10,"state":"IDLE","t":"2026-07-16T10:33:00.4367913Z","type":"sample"}
{"channel":"rr","display":0,"mu":0,"quality":"OUT_OF_RANGE","raw":1741.9,"sigma":1.5,"state":"IDLE","t":"2026-07-16T10:33:00.4469037Z","type":"sample"}
{"channel":"rr","display":0,"mu":0,"quality":"OUT_OF_RANGE","raw":1741.1,"sigma":1.5,"state":"IDLE","t":"2026-07-16T10:33:00.4874025Z","type":"sample"}
{"channel":"rr","display":0,"mu":0,"quality":"OUT_OF_RANGE","raw":1742.9,"sigma":1.5,"state":"IDLE","t":"2026-07-16T10:33:00.5281392Z","type":"sample"}
{"channel":"gsr","display":3996.8,"mu":0,"quality":"OK","raw":3996.8,"sigma":10,"state":"IDLE","t":"2026-07-16T10:33:00.5376952Z","type":"sample"}
{"channel":"rr","display":0,"mu":0,"quality":"OUT_OF_RANGE","raw":1741.8,"sigma":1.5,"state":"IDLE","t":"2026-07-16T10:33:00.5685819Z","type":"sample"}
{"channel":"rr","display":0,"mu":0,"quality":"OUT_OF_RANGE","raw":1743.7,"sigma":1.5,"state":"IDLE","t":"2026-07-16T10:33:00.6056296Z","type":"sample"}
{"channel":"gsr","display":3998.1,"mu":0,"quality":"OK","raw":3998.1,"sigma":10,"state":"IDLE","t":"2026-07-16T10:33:00.6368718Z","type":"sample"}
{"channel":"rr","display":0,"mu":0,"quality":"OUT_OF_RANGE","raw":1743.5,"sigma":1.5,"state":"IDLE","t":"2026-07-16T10:33:00.6472033Z","type":"sample"}
{"channel":"rr","display":0,"mu":0,"quality":"OUT_OF_RANGE","raw":1740.4,"sigma":1.5,"state":"IDLE","t":"2026-07-16T10:33:00.6882726Z","type":"sample"}
{"channel":"rr","display":0,"mu":0,"quality":"OUT_OF_RANGE","raw":1741.8,"sigma":1.5,"state":"IDLE","t":"2026-07-16T10:33:00.728399Z","type":"sample"}
{"channel":"hr","display":0,"mu":0,"quality":"OUT_OF_RANGE","raw":86,"sigma":3,"state":"IDLE","t":"2026-07-16T10:33:00.7290156Z","type":"sample"}
{"channel":"gsr","display":3995,"mu":0,"quality":"OK","raw":3995,"sigma":10,"state":"IDLE","t":"2026-07-16T10:33:00.7375476Z","type":"sample"}
{"channel":"rr","display":0,"mu":0,"quality":"OUT_OF_RANGE","raw":1743.1,"sigma":1.5,"state":"IDLE","t":"2026-07-16T10:33:00.767451Z","type":"sample"}
{"channel":"rr","display":0,"mu":0,"quality":"OUT_OF_RANGE","raw":1744,"sigma":1.5,"state":"IDLE","t":"2026-07-16T10:33:00.8084851Z","type":"sample"}
{"channel":"gsr","display":4000.6,"mu":0,"quality":"OK","raw":4000.6,"sigma":10,"state":"IDLE","t":"2026-07-16T10:33:00.8373853Z","type":"sample"}
{"channel":"rr","display":0,"mu":0,"quality":"OUT_OF_RANGE","raw":1741.4,"sigma":1.5,"state":"IDLE","t":"2026-07-16T10:33:00.8456728Z","type":"sample"}
{"address":"/cue/g1/start","args":null,"channel":"system","dir":"out","t":"2026-07-16T10:33:00.8563787Z","type":"osc"}
{"channel":"rr","display":0,"mu":0,"quality":"OUT_OF_RANGE","raw":1743.8,"sigma":1.5,"state":"IDLE","t":"2026-07-16T10:33:00.8875111Z","type":"sample"}
{"channel":"rr","display":0,"mu":0,"quality":"OUT_OF_RANGE","raw":1742.6,"sigma":1.5,"state":"IDLE","t":"2026-07-16T10:33:00.9284375Z","type":"sample"}
{"channel":"gsr","display":3999.5,"mu":0,"quality":"OK","raw":3999.5,"sigma":10,"state":"IDLE","t":"2026-07-16T10:33:00.9370752Z","type":"sample"}
{"channel":"rr","display":0,"mu":0,"quality":"OUT_OF_RANGE","raw":1741.8,"sigma":1.5,"state":"IDLE","t":"2026-07-16T10:33:00.9675417Z","type":"sample"}
{"channel":"rr","display":0,"mu":0,"quality":"OUT_OF_RANGE","raw":1741.9,"sigma":1.5,"state":"IDLE","t":"2026-07-16T10:33:01.008576Z","type":"sample"}
{"channel":"gsr","display":4001.9,"mu":0,"quality":"OK","raw":4001.9,"sigma":10,"state":"IDLE","t":"2026-07-16T10:33:01.0376261Z","type":"sample"}
{"channel":"rr","display":0,"mu":0,"quality":"OUT_OF_RANGE","raw":1741.6,"sigma":1.5,"state":"IDLE","t":"2026-07-16T10:33:01.0485605Z","type":"sample"}
{"channel":"rr","display":0,"mu":0,"quality":"OUT_OF_RANGE","raw":1742.9,"sigma":1.5,"state":"IDLE","t":"2026-07-16T10:33:01.0885027Z","type":"sample"}
{"channel":"rr","display":0,"mu":0,"quality":"OUT_OF_RANGE","raw":1742.7,"sigma":1.5,"state":"IDLE","t":"2026-07-16T10:33:01.1257107Z","type":"sample"}
{"channel":"gsr","display":4000.5,"mu":0,"quality":"OK","raw":4000.5,"sigma":10,"state":"IDLE","t":"2026-07-16T10:33:01.1376519Z","type":"sample"}
{"channel":"rr","display":0,"mu":0,"quality":"OUT_OF_RANGE","raw":1741.4,"sigma":1.5,"state":"IDLE","t":"2026-07-16T10:33:01.1685417Z","type":"sample"}
{"channel":"rr","display":0,"mu":0,"quality":"OUT_OF_RANGE","raw":1742.8,"sigma":1.5,"state":"IDLE","t":"2026-07-16T10:33:01.2080884Z","type":"sample"}
{"channel":"hr","display":0,"mu":0,"quality":"OUT_OF_RANGE","raw":86,"sigma":3,"state":"IDLE","t":"2026-07-16T10:33:01.2277616Z","type":"sample"}
{"channel":"gsr","display":3998.8,"mu":0,"quality":"OK","raw":3998.8,"sigma":10,"state":"IDLE","t":"2026-07-16T10:33:01.2369785Z","type":"sample"}
{"channel":"rr","display":0,"mu":0,"quality":"OUT_OF_RANGE","raw":1742.4,"sigma":1.5,"state":"IDLE","t":"2026-07-16T10:33:01.2460107Z","type":"sample"}
{"channel":"rr","display":0,"mu":0,"quality":"OUT_OF_RANGE","raw":1742.3,"sigma":1.5,"state":"IDLE","t":"2026-07-16T10:33:01.2882244Z","type":"sample"}
{"channel":"rr","display":0,"mu":0,"quality":"OUT_OF_RANGE","raw":1743.3,"sigma":1.5,"state":"IDLE","t":"2026-07-16T10:33:01.3262686Z","type":"sample"}
{"channel":"gsr","display":4002.2,"mu":0,"quality":"OK","raw":4002.2,"sigma":10,"state":"IDLE","t":"2026-07-16T10:33:01.3375313Z","type":"sample"}
{"address":"/cue/p/start","args":null,"channel":"system","dir":"out","t":"2026-07-16T10:33:01.3454079Z","type":"osc"}
{"channel":"rr","display":0,"mu":0,"quality":"OUT_OF_RANGE","raw":1742.4,"sigma":1.5,"state":"IDLE","t":"2026-07-16T10:33:01.3683105Z","type":"sample"}
{"channel":"rr","display":0,"mu":0,"quality":"OUT_OF_RANGE","raw":1741.8,"sigma":1.5,"state":"IDLE","t":"2026-07-16T10:33:01.4084835Z","type":"sample"}
{"channel":"gsr","display":4003.3,"mu":0,"quality":"OK","raw":4003.3,"sigma":10,"state":"IDLE","t":"2026-07-16T10:33:01.4378238Z","type":"sample"}
{"channel":"rr","display":0,"mu":0,"quality":"OUT_OF_RANGE","raw":1743.3,"sigma":1.5,"state":"IDLE","t":"2026-07-16T10:33:01.4456907Z","type":"sample"}
{"channel":"rr","display":0,"mu":0,"quality":"OUT_OF_RANGE","raw":1741.9,"sigma":1.5,"state":"IDLE","t":"2026-07-16T10:33:01.4885062Z","type":"sample"}
{"channel":"rr","display":0,"mu":0,"quality":"OUT_OF_RANGE","raw":1742.3,"sigma":1.5,"state":"IDLE","t":"2026-07-16T10:33:01.528417Z","type":"sample"}
{"channel":"gsr","display":4003,"mu":0,"quality":"OK","raw":4003,"sigma":10,"state":"IDLE","t":"2026-07-16T10:33:01.5376157Z","type":"sample"}
{"channel":"rr","display":0,"mu":0,"quality":"OUT_OF_RANGE","raw":1743,"sigma":1.5,"state":"IDLE","t":"2026-07-16T10:33:01.5680075Z","type":"sample"}
{"channel":"rr","display":0,"mu":0,"quality":"OUT_OF_RANGE","raw":1741.6,"sigma":1.5,"state":"IDLE","t":"2026-07-16T10:33:01.6083869Z","type":"sample"}
{"channel":"gsr","display":4003.9,"mu":0,"quality":"OK","raw":4003.9,"sigma":10,"state":"IDLE","t":"2026-07-16T10:33:01.6371917Z","type":"sample"}
{"channel":"rr","display":0,"mu":0,"quality":"OUT_OF_RANGE","raw":1742.4,"sigma":1.5,"state":"IDLE","t":"2026-07-16T10:33:01.6460249Z","type":"sample"}
{"channel":"rr","display":0,"mu":0,"quality":"OUT_OF_RANGE","raw":1741.4,"sigma":1.5,"state":"IDLE","t":"2026-07-16T10:33:01.6886462Z","type":"sample"}
{"channel":"rr","display":0,"mu":0,"quality":"OUT_OF_RANGE","raw":1742.5,"sigma":1.5,"state":"IDLE","t":"2026-07-16T10:33:01.7285139Z","type":"sample"}
{"channel":"hr","display":0,"mu":0,"quality":"OUT_OF_RANGE","raw":86,"sigma":3,"state":"IDLE","t":"2026-07-16T10:33:01.7290496Z","type":"sample"}
{"channel":"gsr","display":4001.6,"mu":0,"quality":"OK","raw":4001.6,"sigma":10,"state":"IDLE","t":"2026-07-16T10:33:01.7380285Z","type":"sample"}
{"channel":"rr","display":0,"mu":0,"quality":"OUT_OF_RANGE","raw":1742.8,"sigma":1.5,"state":"IDLE","t":"2026-07-16T10:33:01.7681484Z","type":"sample"}
{"channel":"rr","display":0,"mu":0,"quality":"OUT_OF_RANGE","raw":1743.2,"sigma":1.5,"state":"IDLE","t":"2026-07-16T10:33:01.8060676Z","type":"sample"}
{"channel":"gsr","display":4008.8,"mu":0,"quality":"OK","raw":4008.8,"sigma":10,"state":"IDLE","t":"2026-07-16T10:33:01.8372959Z","type":"sample"}
{"channel":"rr","display":0,"mu":0,"quality":"OUT_OF_RANGE","raw":1742.7,"sigma":1.5,"state":"IDLE","t":"2026-07-16T10:33:01.8464563Z","type":"sample"}
{"address":"/cue/g1/start","args":null,"channel":"system","dir":"out","t":"2026-07-16T10:33:01.8602565Z","type":"osc"}
{"channel":"rr","display":0,"mu":0,"quality":"OUT_OF_RANGE","raw":1742.4,"sigma":1.5,"state":"IDLE","t":"2026-07-16T10:33:01.8884971Z","type":"sample"}
{"channel":"rr","display":0,"mu":0,"quality":"OUT_OF_RANGE","raw":1741.8,"sigma":1.5,"state":"IDLE","t":"2026-07-16T10:33:01.9263253Z","type":"sample"}
{"channel":"gsr","display":4006.6,"mu":0,"quality":"OK","raw":4006.6,"sigma":10,"state":"IDLE","t":"2026-07-16T10:33:01.9370885Z","type":"sample"}
{"channel":"rr","display":0,"mu":0,"quality":"OUT_OF_RANGE","raw":1740.8,"sigma":1.5,"state":"IDLE","t":"2026-07-16T10:33:01.9683561Z","type":"sample"}
{"channel":"rr","display":0,"mu":0,"quality":"OUT_OF_RANGE","raw":1743,"sigma":1.5,"state":"IDLE","t":"2026-07-16T10:33:02.0087146Z","type":"sample"}
{"channel":"gsr","display":4003,"mu":0,"quality":"OK","raw":4003,"sigma":10,"state":"IDLE","t":"2026-07-16T10:33:02.0371713Z","type":"sample"}
{"channel":"rr","display":0,"mu":0,"quality":"OUT_OF_RANGE","raw":1741.5,"sigma":1.5,"state":"IDLE","t":"2026-07-16T10:33:02.046703Z","type":"sample"}
{"channel":"rr","display":0,"mu":0,"quality":"OUT_OF_RANGE","raw":1742.2,"sigma":1.5,"state":"IDLE","t":"2026-07-16T10:33:02.0875422Z","type":"sample"}
{"channel":"rr","display":0,"mu":0,"quality":"OUT_OF_RANGE","raw":1743.1,"sigma":1.5,"state":"IDLE","t":"2026-07-16T10:33:02.1256031Z","type":"sample"}
{"channel":"gsr","display":4006.2,"mu":0,"quality":"OK","raw":4006.2,"sigma":10,"state":"IDLE","t":"2026-07-16T10:33:02.1370898Z","type":"sample"}
{"channel":"rr","display":0,"mu":0,"quality":"OUT_OF_RANGE","raw":1742.1,"sigma":1.5,"state":"IDLE","t":"2026-07-16T10:33:02.1682927Z","type":"sample"}
{"channel":"rr","display":0,"mu":0,"quality":"OUT_OF_RANGE","raw":1741.1,"sigma":1.5,"state":"IDLE","t":"2026-07-16T10:33:02.2084837Z","type":"sample"}
{"channel":"hr","display":0,"mu":0,"quality":"OUT_OF_RANGE","raw":86,"sigma":3,"state":"IDLE","t":"2026-07-16T10:33:02.2269452Z","type":"sample"}
{"channel":"gsr","display":4008.4,"mu":0,"quality":"OK","raw":4008.4,"sigma":10,"state":"IDLE","t":"2026-07-16T10:33:02.2373711Z","type":"sample"}
{"channel":"rr","display":0,"mu":0,"quality":"OUT_OF_RANGE","raw":1742.9,"sigma":1.5,"state":"IDLE","t":"2026-07-16T10:33:02.2468843Z","type":"sample"}
{"channel":"rr","display":0,"mu":0,"quality":"OUT_OF_RANGE","raw":1741.4,"sigma":1.5,"state":"IDLE","t":"2026-07-16T10:33:02.2887124Z","type":"sample"}
{"channel":"rr","display":0,"mu":0,"quality":"OUT_OF_RANGE","raw":1741.8,"sigma":1.5,"state":"IDLE","t":"2026-07-16T10:33:02.3281616Z","type":"sample"}
{"channel":"gsr","display":4005.6,"mu":0,"quality":"OK","raw":4005.6,"sigma":10,"state":"IDLE","t":"2026-07-16T10:33:02.3371508Z","type":"sample"}
{"address":"/cue/p/start","args":null,"channel":"system","dir":"out","t":"2026-07-16T10:33:02.3453203Z","type":"osc"}
{"channel":"rr","display":0,"mu":0,"quality":"OUT_OF_RANGE","raw":1741.9,"sigma":1.5,"state":"IDLE","t":"2026-07-16T10:33:02.3681942Z","type":"sample"}
{"channel":"rr","display":0,"mu":0,"quality":"OUT_OF_RANGE","raw":1741.2,"sigma":1.5,"state":"IDLE","t":"2026-07-16T10:33:02.406473Z","type":"sample"}
{"channel":"gsr","display":4007.4,"mu":0,"quality":"OK","raw":4007.4,"sigma":10,"state":"IDLE","t":"2026-07-16T10:33:02.4379219Z","type":"sample"}
{"channel":"rr","display":0,"mu":0,"quality":"OUT_OF_RANGE","raw":1742.8,"sigma":1.5,"state":"IDLE","t":"2026-07-16T10:33:02.448493Z","type":"sample"}
{"channel":"rr","display":0,"mu":0,"quality":"OUT_OF_RANGE","raw":1741.5,"sigma":1.5,"state":"IDLE","t":"2026-07-16T10:33:02.4880849Z","type":"sample"}
{"channel":"rr","display":0,"mu":0,"quality":"OUT_OF_RANGE","raw":1743.1,"sigma":1.5,"state":"IDLE","t":"2026-07-16T10:33:02.5285157Z","type":"sample"}
{"channel":"gsr","display":4008.3,"mu":0,"quality":"OK","raw":4008.3,"sigma":10,"state":"IDLE","t":"2026-07-16T10:33:02.5376574Z","type":"sample"}
{"channel":"rr","display":0,"mu":0,"quality":"OUT_OF_RANGE","raw":1741.9,"sigma":1.5,"state":"IDLE","t":"2026-07-16T10:33:02.5683843Z","type":"sample"}
{"channel":"rr","display":0,"mu":0,"quality":"OUT_OF_RANGE","raw":1741.6,"sigma":1.5,"state":"IDLE","t":"2026-07-16T10:33:02.6084886Z","type":"sample"}
{"channel":"gsr","display":4006.2,"mu":0,"quality":"OK","raw":4006.2,"sigma":10,"state":"IDLE","t":"2026-07-16T10:33:02.6371472Z","type":"sample"}
{"channel":"rr","display":0,"mu":0,"quality":"OUT_OF_RANGE","raw":1739.6,"sigma":1.5,"state":"IDLE","t":"2026-07-16T10:33:02.6473934Z","type":"sample"}
{"channel":"rr","display":4.9244911359159556,"mu":0,"quality":"OUT_OF_RANGE","raw":1743.2,"sigma":1.5,"state":"IDLE","t":"2026-07-16T10:33:02.6871287Z","type":"sample"}
{"channel":"rr","display":4.9244911359159556,"mu":0,"quality":"OUT_OF_RANGE","raw":1740.4,"sigma":1.5,"state":"IDLE","t":"2026-07-16T10:33:02.7283773Z","type":"sample"}
{"channel":"hr","display":0,"mu":0,"quality":"OUT_OF_RANGE","raw":87,"sigma":3,"state":"IDLE","t":"2026-07-16T10:33:02.7290472Z","type":"sample"}
{"channel":"gsr","display":4007.8,"mu":0,"quality":"OK","raw":4007.8,"sigma":10,"state":"IDLE","t":"2026-07-16T10:33:02.7380637Z","type":"sample"}
{"channel":"rr","display":4.9244911359159556,"mu":0,"quality":"OUT_OF_RANGE","raw":1741.8,"sigma":1.5,"state":"IDLE","t":"2026-07-16T10:33:02.7684539Z","type":"sample"}
{"channel":"rr","display":4.9244911359159556,"mu":0,"quality":"OUT_OF_RANGE","raw":1742.8,"sigma":1.5,"state":"IDLE","t":"2026-07-16T10:33:02.8084621Z","type":"sample"}
{"channel":"gsr","display":4004.7,"mu":0,"quality":"OK","raw":4004.7,"sigma":10,"state":"IDLE","t":"2026-07-16T10:33:02.8378099Z","type":"sample"}
{"channel":"rr","display":4.9244911359159556,"mu":0,"quality":"OUT_OF_RANGE","raw":1742.2,"sigma":1.5,"state":"IDLE","t":"2026-07-16T10:33:02.8482432Z","type":"sample"}
{"address":"/cue/g1/start","args":null,"channel":"system","dir":"out","t":"2026-07-16T10:33:02.8655494Z","type":"osc"}
{"channel":"rr","display":4.9244911359159556,"mu":0,"quality":"OUT_OF_RANGE","raw":1742.9,"sigma":1.5,"state":"IDLE","t":"2026-07-16T10:33:02.8884456Z","type":"sample"}
{"channel":"rr","display":4.9244911359159556,"mu":0,"quality":"OUT_OF_RANGE","raw":1741.6,"sigma":1.5,"state":"IDLE","t":"2026-07-16T10:33:02.9262963Z","type":"sample"}
{"channel":"gsr","display":4009.7,"mu":0,"quality":"OK","raw":4009.7,"sigma":10,"state":"IDLE","t":"2026-07-16T10:33:02.9372832Z","type":"sample"}
{"channel":"rr","display":4.9244911359159556,"mu":0,"quality":"OUT_OF_RANGE","raw":1741.1,"sigma":1.5,"state":"IDLE","t":"2026-07-16T10:33:02.9674895Z","type":"sample"}
{"channel":"rr","display":4.9244911359159556,"mu":0,"quality":"OUT_OF_RANGE","raw":1741.1,"sigma":1.5,"state":"IDLE","t":"2026-07-16T10:33:03.0060301Z","type":"sample"}
{"channel":"gsr","display":4008,"mu":0,"quality":"OK","raw":4008,"sigma":10,"state":"IDLE","t":"2026-07-16T10:33:03.0371913Z","type":"sample"}
{"channel":"rr","display":4.9244911359159556,"mu":0,"quality":"OUT_OF_RANGE","raw":1741,"sigma":1.5,"state":"IDLE","t":"2026-07-16T10:33:03.0464991Z","type":"sample"}
{"channel":"rr","display":4.9244911359159556,"mu":0,"quality":"OUT_OF_RANGE","raw":1742,"sigma":1.5,"state":"IDLE","t":"2026-07-16T10:33:03.0883284Z","type":"sample"}
{"channel":"rr","display":4.9244911359159556,"mu":0,"quality":"OUT_OF_RANGE","raw":1741.9,"sigma":1.5,"state":"IDLE","t":"2026-07-16T10:33:03.1285191Z","type":"sample"}
{"channel":"gsr","display":4007.9,"mu":0,"quality":"OK","raw":4007.9,"sigma":10,"state":"IDLE","t":"2026-07-16T10:33:03.1372695Z","type":"sample"}
{"channel":"rr","display":4.9244911359159556,"mu":0,"quality":"OUT_OF_RANGE","raw":1742.8,"sigma":1.5,"state":"IDLE","t":"2026-07-16T10:33:03.167878Z","type":"sample"}
{"channel":"rr","display":4.9244911359159556,"mu":0,"quality":"OUT_OF_RANGE","raw":1741.9,"sigma":1.5,"state":"IDLE","t":"2026-07-16T10:33:03.2084575Z","type":"sample"}
{"channel":"hr","display":0,"mu":0,"quality":"OUT_OF_RANGE","raw":87,"sigma":3,"state":"IDLE","t":"2026-07-16T10:33:03.228371Z","type":"sample"}
{"channel":"gsr","display":4009.8,"mu":0,"quality":"OK","raw":4009.8,"sigma":10,"state":"IDLE","t":"2026-07-16T10:33:03.2376054Z","type":"sample"}
{"channel":"rr","display":4.9244911359159556,"mu":0,"quality":"OUT_OF_RANGE","raw":1742.6,"sigma":1.5,"state":"IDLE","t":"2026-07-16T10:33:03.2485026Z","type":"sample"}
{"channel":"rr","display":4.9244911359159556,"mu":0,"quality":"OUT_OF_RANGE","raw":1742.1,"sigma":1.5,"state":"IDLE","t":"2026-07-16T10:33:03.2885561Z","type":"sample"}
{"channel":"rr","display":4.9244911359159556,"mu":0,"quality":"OUT_OF_RANGE","raw":1741.9,"sigma":1.5,"state":"IDLE","t":"2026-07-16T10:33:03.3256267Z","type":"sample"}
{"channel":"gsr","display":4009.2,"mu":0,"quality":"OK","raw":4009.2,"sigma":10,"state":"IDLE","t":"2026-07-16T10:33:03.3381932Z","type":"sample"}
{"address":"/cue/p/start","args":null,"channel":"system","dir":"out","t":"2026-07-16T10:33:03.3451758Z","type":"osc"}
{"channel":"rr","display":4.9244911359159556,"mu":0,"quality":"OUT_OF_RANGE","raw":1743.2,"sigma":1.5,"state":"IDLE","t":"2026-07-16T10:33:03.368538Z","type":"sample"}
{"channel":"rr","display":4.9244911359159556,"mu":0,"quality":"OUT_OF_RANGE","raw":1741.4,"sigma":1.5,"state":"IDLE","t":"2026-07-16T10:33:03.4085654Z","type":"sample"}
{"channel":"gsr","display":4010.7,"mu":0,"quality":"OK","raw":4010.7,"sigma":10,"state":"IDLE","t":"2026-07-16T10:33:03.4377154Z","type":"sample"}
{"channel":"rr","display":4.9244911359159556,"mu":0,"quality":"OUT_OF_RANGE","raw":1740.3,"sigma":1.5,"state":"IDLE","t":"2026-07-16T10:33:03.4484894Z","type":"sample"}
{"channel":"rr","display":4.9244911359159556,"mu":0,"quality":"OUT_OF_RANGE","raw":1740.8,"sigma":1.5,"state":"IDLE","t":"2026-07-16T10:33:03.4884007Z","type":"sample"}
{"channel":"rr","display":4.9244911359159556,"mu":0,"quality":"OUT_OF_RANGE","raw":1742.1,"sigma":1.5,"state":"IDLE","t":"2026-07-16T10:33:03.5283864Z","type":"sample"}
{"channel":"gsr","display":4015.9,"mu":0,"quality":"OK","raw":4015.9,"sigma":10,"state":"IDLE","t":"2026-07-16T10:33:03.5371386Z","type":"sample"}
{"channel":"rr","display":4.9244911359159556,"mu":0,"quality":"OUT_OF_RANGE","raw":1741.1,"sigma":1.5,"state":"IDLE","t":"2026-07-16T10:33:03.5682197Z","type":"sample"}
{"channel":"rr","display":4.9244911359159556,"mu":0,"quality":"OUT_OF_RANGE","raw":1740.1,"sigma":1.5,"state":"IDLE","t":"2026-07-16T10:33:03.6068275Z","type":"sample"}
{"channel":"gsr","display":4011.9,"mu":0,"quality":"OK","raw":4011.9,"sigma":10,"state":"IDLE","t":"2026-07-16T10:33:03.6373907Z","type":"sample"}
{"channel":"rr","display":4.9244911359159556,"mu":0,"quality":"OUT_OF_RANGE","raw":1741.7,"sigma":1.5,"state":"IDLE","t":"2026-07-16T10:33:03.6485291Z","type":"sample"}
{"channel":"rr","display":4.9244911359159556,"mu":0,"quality":"OUT_OF_RANGE","raw":1740.8,"sigma":1.5,"state":"IDLE","t":"2026-07-16T10:33:03.688411Z","type":"sample"}
{"channel":"rr","display":4.9244911359159556,"mu":0,"quality":"OUT_OF_RANGE","raw":1743.6,"sigma":1.5,"state":"IDLE","t":"2026-07-16T10:33:03.7254836Z","type":"sample"}
{"channel":"hr","display":0,"mu":0,"quality":"OUT_OF_RANGE","raw":87,"sigma":3,"state":"IDLE","t":"2026-07-16T10:33:03.7984298Z","type":"sample"}
{"channel":"rr","display":4.9244911359159556,"mu":0,"quality":"OUT_OF_RANGE","raw":1741.8,"sigma":1.5,"state":"IDLE","t":"2026-07-16T10:33:03.8033758Z","type":"sample"}
{"channel":"gsr","display":3981.3,"mu":0,"quality":"OK","raw":3981.3,"sigma":10,"state":"IDLE","t":"2026-07-16T10:33:03.8126093Z","type":"sample"}
{"channel":"rr","display":4.9244911359159556,"mu":0,"quality":"OUT_OF_RANGE","raw":1742.1,"sigma":1.5,"state":"IDLE","t":"2026-07-16T10:33:03.8424674Z","type":"sample"}
{"address":"/cue/g1/start","args":null,"channel":"system","dir":"out","t":"2026-07-16T10:33:03.8761282Z","type":"osc"}
{"channel":"rr","display":4.9244911359159556,"mu":0,"quality":"OUT_OF_RANGE","raw":1743.1,"sigma":1.5,"state":"IDLE","t":"2026-07-16T10:33:03.880871Z","type":"sample"}
{"channel":"gsr","display":3992.2,"mu":0,"quality":"OK","raw":3992.2,"sigma":10,"state":"IDLE","t":"2026-07-16T10:33:03.9059881Z","type":"sample"}
{"channel":"rr","display":4.9244911359159556,"mu":0,"quality":"OUT_OF_RANGE","raw":1740.8,"sigma":1.5,"state":"IDLE","t":"2026-07-16T10:33:03.9225426Z","type":"sample"}
{"channel":"rr","display":4.9244911359159556,"mu":0,"quality":"OUT_OF_RANGE","raw":1742.2,"sigma":1.5,"state":"IDLE","t":"2026-07-16T10:33:03.9618296Z","type":"sample"}
{"channel":"rr","display":4.9244911359159556,"mu":0,"quality":"OUT_OF_RANGE","raw":1741.9,"sigma":1.5,"state":"IDLE","t":"2026-07-16T10:33:03.9987642Z","type":"sample"}
{"channel":"gsr","display":3997.7,"mu":0,"quality":"OK","raw":3997.7,"sigma":10,"state":"IDLE","t":"2026-07-16T10:33:04.0078815Z","type":"sample"}
{"channel":"rr","display":4.9244911359159556,"mu":0,"quality":"OUT_OF_RANGE","raw":1742.6,"sigma":1.5,"state":"IDLE","t":"2026-07-16T10:33:04.0425193Z","type":"sample"}
{"channel":"rr","display":4.9244911359159556,"mu":0,"quality":"OUT_OF_RANGE","raw":1741.4,"sigma":1.5,"state":"IDLE","t":"2026-07-16T10:33:04.0804949Z","type":"sample"}
{"channel":"gsr","display":3999.3,"mu":0,"quality":"OK","raw":3999.3,"sigma":10,"state":"IDLE","t":"2026-07-16T10:33:04.1058933Z","type":"sample"}
{"channel":"rr","display":4.9244911359159556,"mu":0,"quality":"OUT_OF_RANGE","raw":1741,"sigma":1.5,"state":"IDLE","t":"2026-07-16T10:33:04.1222866Z","type":"sample"}
{"channel":"rr","display":4.9244911359159556,"mu":0,"quality":"OUT_OF_RANGE","raw":1740.1,"sigma":1.5,"state":"IDLE","t":"2026-07-16T10:33:04.1624485Z","type":"sample"}
{"channel":"rr","display":8.760402978537012,"mu":0,"quality":"OUT_OF_RANGE","raw":1741.7,"sigma":1.5,"state":"IDLE","t":"2026-07-16T10:33:04.1958085Z","type":"sample"}
{"channel":"gsr","display":3999.4,"mu":0,"quality":"OK","raw":3999.4,"sigma":10,"state":"IDLE","t":"2026-07-16T10:33:04.2106143Z","type":"sample"}
{"channel":"hr","display":0,"mu":0,"quality":"OUT_OF_RANGE","raw":87,"sigma":3,"state":"IDLE","t":"2026-07-16T10:33:04.2269013Z","type":"sample"}
{"channel":"rr","display":8.760402978537012,"mu":0,"quality":"OUT_OF_RANGE","raw":1742.9,"sigma":1.5,"state":"IDLE","t":"2026-07-16T10:33:04.2411138Z","type":"sample"}
{"channel":"rr","display":8.760402978537012,"mu":0,"quality":"OUT_OF_RANGE","raw":1743.1,"sigma":1.5,"state":"IDLE","t":"2026-07-16T10:33:04.282365Z","type":"sample"}
{"channel":"gsr","display":3999.6,"mu":0,"quality":"OK","raw":3999.6,"sigma":10,"state":"IDLE","t":"2026-07-16T10:33:04.3114135Z","type":"sample"}
{"channel":"rr","display":8.760402978537012,"mu":0,"quality":"OUT_OF_RANGE","raw":1742.9,"sigma":1.5,"state":"IDLE","t":"2026-07-16T10:33:04.3223816Z","type":"sample"}
{"address":"/cue/p/start","args":null,"channel":"system","dir":"out","t":"2026-07-16T10:33:04.3453637Z","type":"osc"}
{"channel":"rr","display":8.760402978537012,"mu":0,"quality":"OUT_OF_RANGE","raw":1740.2,"sigma":1.5,"state":"IDLE","t":"2026-07-16T10:33:04.3618455Z","type":"sample"}
{"channel":"rr","display":8.760402978537012,"mu":0,"quality":"OUT_OF_RANGE","raw":1742.2,"sigma":1.5,"state":"IDLE","t":"2026-07-16T10:33:04.3964477Z","type":"sample"}
{"channel":"gsr","display":3998.5,"mu":0,"quality":"OK","raw":3998.5,"sigma":10,"state":"IDLE","t":"2026-07-16T10:33:04.4068185Z","type":"sample"}
{"channel":"rr","display":8.760402978537012,"mu":0,"quality":"OUT_OF_RANGE","raw":1741.9,"sigma":1.5,"state":"IDLE","t":"2026-07-16T10:33:04.4401627Z","type":"sample"}
{"channel":"rr","display":8.760402978537012,"mu":0,"quality":"OUT_OF_RANGE","raw":1742,"sigma":1.5,"state":"IDLE","t":"2026-07-16T10:33:04.4804426Z","type":"sample"}
{"channel":"gsr","display":3995.2,"mu":0,"quality":"OK","raw":3995.2,"sigma":10,"state":"IDLE","t":"2026-07-16T10:33:04.5104802Z","type":"sample"}
{"channel":"rr","display":8.760402978537012,"mu":0,"quality":"OUT_OF_RANGE","raw":1742.6,"sigma":1.5,"state":"IDLE","t":"2026-07-16T10:33:04.5217746Z","type":"sample"}
{"channel":"rr","display":8.760402978537012,"mu":0,"quality":"OUT_OF_RANGE","raw":1741.6,"sigma":1.5,"state":"IDLE","t":"2026-07-16T10:33:04.5618938Z","type":"sample"}
{"channel":"rr","display":8.760402978537012,"mu":0,"quality":"OUT_OF_RANGE","raw":1742.8,"sigma":1.5,"state":"IDLE","t":"2026-07-16T10:33:04.5955997Z","type":"sample"}
{"channel":"gsr","display":3997.8,"mu":0,"quality":"OK","raw":3997.8,"sigma":10,"state":"IDLE","t":"2026-07-16T10:33:04.6068043Z","type":"sample"}
{"channel":"rr","display":8.760402978537012,"mu":0,"quality":"OUT_OF_RANGE","raw":1743.4,"sigma":1.5,"state":"IDLE","t":"2026-07-16T10:33:04.6425155Z","type":"sample"}
{"channel":"rr","display":8.760402978537012,"mu":0,"quality":"OUT_OF_RANGE","raw":1740.9,"sigma":1.5,"state":"IDLE","t":"2026-07-16T10:33:04.6805922Z","type":"sample"}
{"channel":"gsr","display":3996.4,"mu":0,"quality":"OK","raw":3996.4,"sigma":10,"state":"IDLE","t":"2026-07-16T10:33:04.7061406Z","type":"sample"}
{"channel":"rr","display":8.760402978537012,"mu":0,"quality":"OUT_OF_RANGE","raw":1742.2,"sigma":1.5,"state":"IDLE","t":"2026-07-16T10:33:04.722285Z","type":"sample"}
{"channel":"hr","display":0,"mu":0,"quality":"OUT_OF_RANGE","raw":87,"sigma":3,"state":"IDLE","t":"2026-07-16T10:33:04.7276333Z","type":"sample"}
{"channel":"rr","display":8.760402978537012,"mu":0,"quality":"OUT_OF_RANGE","raw":1743.1,"sigma":1.5,"state":"IDLE","t":"2026-07-16T10:33:04.7620852Z","type":"sample"}
{"channel":"rr","display":8.760402978537012,"mu":0,"quality":"OUT_OF_RANGE","raw":1741.9,"sigma":1.5,"state":"IDLE","t":"2026-07-16T10:33:04.8017893Z","type":"sample"}
{"channel":"gsr","display":3999.9,"mu":0,"quality":"OK","raw":3999.9,"sigma":10,"state":"IDLE","t":"2026-07-16T10:33:04.8075808Z","type":"sample"}
{"channel":"rr","display":8.760402978537012,"mu":0,"quality":"OUT_OF_RANGE","raw":1742.6,"sigma":1.5,"state":"IDLE","t":"2026-07-16T10:33:04.8413232Z","type":"sample"}
{"address":"/cue/g1/start","args":null,"channel":"system","dir":"out","t":"2026-07-16T10:33:04.8815403Z","type":"osc"}
{"channel":"rr","display":8.760402978537012,"mu":0,"quality":"OUT_OF_RANGE","raw":1741.9,"sigma":1.5,"state":"IDLE","t":"2026-07-16T10:33:04.8820592Z","type":"sample"}
{"channel":"gsr","display":3995.2,"mu":0,"quality":"OK","raw":3995.2,"sigma":10,"state":"IDLE","t":"2026-07-16T10:33:04.9072696Z","type":"sample"}
{"channel":"rr","display":8.760402978537012,"mu":0,"quality":"OUT_OF_RANGE","raw":1742.9,"sigma":1.5,"state":"IDLE","t":"2026-07-16T10:33:04.9224525Z","type":"sample"}
{"channel":"rr","display":8.760402978537012,"mu":0,"quality":"OUT_OF_RANGE","raw":1742.6,"sigma":1.5,"state":"IDLE","t":"2026-07-16T10:33:04.9621568Z","type":"sample"}
{"channel":"rr","display":8.760402978537012,"mu":0,"quality":"OUT_OF_RANGE","raw":1743.6,"sigma":1.5,"state":"IDLE","t":"2026-07-16T10:33:05.0024741Z","type":"sample"}
{"channel":"gsr","display":4001.8,"mu":0,"quality":"OK","raw":4001.8,"sigma":10,"state":"IDLE","t":"2026-07-16T10:33:05.0099407Z","type":"sample"}
{"channel":"rr","display":8.760402978537012,"mu":0,"quality":"OUT_OF_RANGE","raw":1744.1,"sigma":1.5,"state":"IDLE","t":"2026-07-16T10:33:05.0424483Z","type":"sample"}
{"channel":"rr","display":8.760402978537012,"mu":0,"quality":"OUT_OF_RANGE","raw":1743.9,"sigma":1.5,"state":"IDLE","t":"2026-07-16T10:33:05.08219Z","type":"sample"}
{"channel":"gsr","display":3999.1,"mu":0,"quality":"OK","raw":3999.1,"sigma":10,"state":"IDLE","t":"2026-07-16T10:33:05.1088093Z","type":"sample"}
{"channel":"rr","display":8.760402978537012,"mu":0,"quality":"OUT_OF_RANGE","raw":1742.4,"sigma":1.5,"state":"IDLE","t":"2026-07-16T10:33:05.1213774Z","type":"sample"}
{"channel":"rr","display":8.760402978537012,"mu":0,"quality":"OUT_OF_RANGE","raw":1742.8,"sigma":1.5,"state":"IDLE","t":"2026-07-16T10:33:05.1625171Z","type":"sample"}
{"channel":"rr","display":8.760402978537012,"mu":0,"quality":"OUT_OF_RANGE","raw":1742.6,"sigma":1.5,"state":"IDLE","t":"2026-07-16T10:33:05.1957722Z","type":"sample"}
{"channel":"gsr","display":3997.1,"mu":0,"quality":"OK","raw":3997.1,"sigma":10,"state":"IDLE","t":"2026-07-16T10:33:05.2092845Z","type":"sample"}
{"channel":"hr","display":0,"mu":0,"quality":"OUT_OF_RANGE","raw":87,"sigma":3,"state":"IDLE","t":"2026-07-16T10:33:05.2280097Z","type":"sample"}
{"channel":"rr","display":8.760402978537012,"mu":0,"quality":"OUT_OF_RANGE","raw":1742.9,"sigma":1.5,"state":"IDLE","t":"2026-07-16T10:33:05.2416994Z","type":"sample"}
{"channel":"rr","display":8.760402978537012,"mu":0,"quality":"OUT_OF_RANGE","raw":1741.8,"sigma":1.5,"state":"IDLE","t":"2026-07-16T10:33:05.2817984Z","type":"sample"}
{"channel":"gsr","display":4000.1,"mu":0,"quality":"OK","raw":4000.1,"sigma":10,"state":"IDLE","t":"2026-07-16T10:33:05.3056088Z","type":"sample"}
{"channel":"rr","display":8.760402978537012,"mu":0,"quality":"OUT_OF_RANGE","raw":1742.9,"sigma":1.5,"state":"IDLE","t":"2026-07-16T10:33:05.3218664Z","type":"sample"}
{"address":"/cue/p/start","args":null,"channel":"system","dir":"out","t":"2026-07-16T10:33:05.3466391Z","type":"osc"}
{"channel":"rr","display":8.760402978537012,"mu":0,"quality":"OUT_OF_RANGE","raw":1741.9,"sigma":1.5,"state":"IDLE","t":"2026-07-16T10:33:05.362182Z","type":"sample"}
{"channel":"rr","display":8.760402978537012,"mu":0,"quality":"OUT_OF_RANGE","raw":1743.4,"sigma":1.5,"state":"IDLE","t":"2026-07-16T10:33:05.4024921Z","type":"sample"}
{"channel":"gsr","display":3999.2,"mu":0,"quality":"OK","raw":3999.2,"sigma":10,"state":"IDLE","t":"2026-07-16T10:33:05.4073081Z","type":"sample"}
{"channel":"rr","display":8.760402978537012,"mu":0,"quality":"OUT_OF_RANGE","raw":1743.1,"sigma":1.5,"state":"IDLE","t":"2026-07-16T10:33:05.4424645Z","type":"sample"}
{"channel":"rr","display":8.760402978537012,"mu":0,"quality":"OUT_OF_RANGE","raw":1741.8,"sigma":1.5,"state":"IDLE","t":"2026-07-16T10:33:05.4823471Z","type":"sample"}
{"channel":"gsr","display":3998.5,"mu":0,"quality":"OK","raw":3998.5,"sigma":10,"state":"IDLE","t":"2026-07-16T10:33:05.5067115Z","type":"sample"}
{"channel":"rr","display":8.760402978537012,"mu":0,"quality":"OUT_OF_RANGE","raw":1741.8,"sigma":1.5,"state":"IDLE","t":"2026-07-16T10:33:05.52252Z","type":"sample"}
{"channel":"rr","display":8.760402978537012,"mu":0,"quality":"OUT_OF_RANGE","raw":1742.8,"sigma":1.5,"state":"IDLE","t":"2026-07-16T10:33:05.5619594Z","type":"sample"}
{"channel":"rr","display":8.760402978537012,"mu":0,"quality":"OUT_OF_RANGE","raw":1743.4,"sigma":1.5,"state":"IDLE","t":"2026-07-16T10:33:05.6024883Z","type":"sample"}
{"channel":"gsr","display":3998,"mu":0,"quality":"OK","raw":3998,"sigma":10,"state":"IDLE","t":"2026-07-16T10:33:05.6058455Z","type":"sample"}
{"channel":"rr","display":8.760402978537012,"mu":0,"quality":"OUT_OF_RANGE","raw":1741.8,"sigma":1.5,"state":"IDLE","t":"2026-07-16T10:33:05.6425433Z","type":"sample"}
{"channel":"rr","display":8.760402978537012,"mu":0,"quality":"OUT_OF_RANGE","raw":1743.1,"sigma":1.5,"state":"IDLE","t":"2026-07-16T10:33:05.6825276Z","type":"sample"}
{"channel":"gsr","display":3996.5,"mu":0,"quality":"OK","raw":3996.5,"sigma":10,"state":"IDLE","t":"2026-07-16T10:33:05.7114613Z","type":"sample"}
{"channel":"rr","display":8.760402978537012,"mu":0,"quality":"OUT_OF_RANGE","raw":1743.6,"sigma":1.5,"state":"IDLE","t":"2026-07-16T10:33:05.7222769Z","type":"sample"}
{"channel":"hr","display":0,"mu":0,"quality":"OUT_OF_RANGE","raw":87,"sigma":3,"state":"IDLE","t":"2026-07-16T10:33:05.727878Z","type":"sample"}
{"channel":"rr","display":8.760402978537012,"mu":0,"quality":"OUT_OF_RANGE","raw":1741.8,"sigma":1.5,"state":"IDLE","t":"2026-07-16T10:33:05.7625687Z","type":"sample"}
{"channel":"rr","display":8.760402978537012,"mu":0,"quality":"OUT_OF_RANGE","raw":1742,"sigma":1.5,"state":"IDLE","t":"2026-07-16T10:33:05.802474Z","type":"sample"}
{"channel":"gsr","display":3999.8,"mu":0,"quality":"OK","raw":3999.8,"sigma":10,"state":"IDLE","t":"2026-07-16T10:33:05.8099498Z","type":"sample"}
{"channel":"rr","display":8.760402978537012,"mu":0,"quality":"OUT_OF_RANGE","raw":1742.8,"sigma":1.5,"state":"IDLE","t":"2026-07-16T10:33:05.8422478Z","type":"sample"}
{"channel":"rr","display":8.760402978537012,"mu":0,"quality":"OUT_OF_RANGE","raw":1741.9,"sigma":1.5,"state":"IDLE","t":"2026-07-16T10:33:05.8787473Z","type":"sample"}
{"address":"/cue/g1/start","args":null,"channel":"system","dir":"out","t":"2026-07-16T10:33:05.8914329Z","type":"osc"}
{"channel":"gsr","display":3998,"mu":0,"quality":"OK","raw":3998,"sigma":10,"state":"IDLE","t":"2026-07-16T10:33:05.9103569Z","type":"sample"}
{"channel":"rr","display":8.760402978537012,"mu":0,"quality":"OUT_OF_RANGE","raw":1743.1,"sigma":1.5,"state":"IDLE","t":"2026-07-16T10:33:05.9218591Z","type":"sample"}
{"channel":"rr","display":8.760402978537012,"mu":0,"quality":"OUT_OF_RANGE","raw":1743.2,"sigma":1.5,"state":"IDLE","t":"2026-07-16T10:33:05.9618881Z","type":"sample"}
{"channel":"rr","display":8.760402978537012,"mu":0,"quality":"OUT_OF_RANGE","raw":1743.4,"sigma":1.5,"state":"IDLE","t":"2026-07-16T10:33:05.9970529Z","type":"sample"}
{"channel":"gsr","display":3999.8,"mu":0,"quality":"OK","raw":3999.8,"sigma":10,"state":"IDLE","t":"2026-07-16T10:33:06.0088723Z","type":"sample"}
{"channel":"rr","display":8.760402978537012,"mu":0,"quality":"OUT_OF_RANGE","raw":1742.7,"sigma":1.5,"state":"IDLE","t":"2026-07-16T10:33:06.0424272Z","type":"sample"}
{"channel":"rr","display":8.760402978537012,"mu":0,"quality":"OUT_OF_RANGE","raw":1741.9,"sigma":1.5,"state":"IDLE","t":"2026-07-16T10:33:06.082364Z","type":"sample"}
{"channel":"gsr","display":3999.7,"mu":0,"quality":"OK","raw":3999.7,"sigma":10,"state":"IDLE","t":"2026-07-16T10:33:06.109858Z","type":"sample"}
{"channel":"rr","display":8.760402978537012,"mu":0,"quality":"OUT_OF_RANGE","raw":1742.4,"sigma":1.5,"state":"IDLE","t":"2026-07-16T10:33:06.1218717Z","type":"sample"}
{"channel":"rr","display":8.760402978537012,"mu":0,"quality":"OUT_OF_RANGE","raw":1742.2,"sigma":1.5,"state":"IDLE","t":"2026-07-16T10:33:06.1624386Z","type":"sample"}
{"channel":"rr","display":8.760402978537012,"mu":0,"quality":"OUT_OF_RANGE","raw":1742.6,"sigma":1.5,"state":"IDLE","t":"2026-07-16T10:33:06.2024557Z","type":"sample"}
{"channel":"gsr","display":3997.7,"mu":0,"quality":"OK","raw":3997.7,"sigma":10,"state":"IDLE","t":"2026-07-16T10:33:06.2071108Z","type":"sample"}
{"channel":"hr","display":0,"mu":0,"quality":"OUT_OF_RANGE","raw":86,"sigma":3,"state":"IDLE","t":"2026-07-16T10:33:06.2283707Z","type":"sample"}
{"channel":"rr","display":8.760402978537012,"mu":0,"quality":"OUT_OF_RANGE","raw":1742.8,"sigma":1.5,"state":"IDLE","t":"2026-07-16T10:33:06.2425925Z","type":"sample"}
{"channel":"rr","display":8.760402978537012,"mu":0,"quality":"OUT_OF_RANGE","raw":1742.9,"sigma":1.5,"state":"IDLE","t":"2026-07-16T10:33:06.2823148Z","type":"sample"}
{"channel":"gsr","display":3998.6,"mu":0,"quality":"OK","raw":3998.6,"sigma":10,"state":"IDLE","t":"2026-07-16T10:33:06.3105224Z","type":"sample"}
{"channel":"rr","display":8.760402978537012,"mu":0,"quality":"OUT_OF_RANGE","raw":1742.6,"sigma":1.5,"state":"IDLE","t":"2026-07-16T10:33:06.3224622Z","type":"sample"}
{"address":"/cue/p/start","args":null,"channel":"system","dir":"out","t":"2026-07-16T10:33:06.3456221Z","type":"osc"}
{"channel":"rr","display":8.760402978537012,"mu":0,"quality":"OUT_OF_RANGE","raw":1741.5,"sigma":1.5,"state":"IDLE","t":"2026-07-16T10:33:06.3623228Z","type":"sample"}
{"channel":"rr","display":8.760402978537012,"mu":0,"quality":"OUT_OF_RANGE","raw":1741.7,"sigma":1.5,"state":"IDLE","t":"2026-07-16T10:33:06.396706Z","type":"sample"}
{"channel":"gsr","display":4000.5,"mu":0,"quality":"OK","raw":4000.5,"sigma":10,"state":"IDLE","t":"2026-07-16T10:33:06.4090564Z","type":"sample"}
{"channel":"rr","display":8.760402978537012,"mu":0,"quality":"OUT_OF_RANGE","raw":1742.4,"sigma":1.5,"state":"IDLE","t":"2026-07-16T10:33:06.4406179Z","type":"sample"}
{"channel":"rr","display":8.760402978537012,"mu":0,"quality":"OUT_OF_RANGE","raw":1742.2,"sigma":1.5,"state":"IDLE","t":"2026-07-16T10:33:06.4825216Z","type":"sample"}
{"channel":"gsr","display":3998.4,"mu":0,"quality":"OK","raw":3998.4,"sigma":10,"state":"IDLE","t":"2026-07-16T10:33:06.5116578Z","type":"sample"}
{"channel":"rr","display":8.760402978537012,"mu":0,"quality":"OUT_OF_RANGE","raw":1742.2,"sigma":1.5,"state":"IDLE","t":"2026-07-16T10:33:06.5222976Z","type":"sample"}
{"channel":"rr","display":8.760402978537012,"mu":0,"quality":"OUT_OF_RANGE","raw":1742.5,"sigma":1.5,"state":"IDLE","t":"2026-07-16T10:33:06.562433Z","type":"sample"}
{"channel":"rr","display":8.760402978537012,"mu":0,"quality":"OUT_OF_RANGE","raw":1743.3,"sigma":1.5,"state":"IDLE","t":"2026-07-16T10:33:06.6024326Z","type":"sample"}
{"channel":"gsr","display":3999.8,"mu":0,"quality":"OK","raw":3999.8,"sigma":10,"state":"IDLE","t":"2026-07-16T10:33:06.6094565Z","type":"sample"}
{"channel":"rr","display":8.760402978537012,"mu":0,"quality":"OUT_OF_RANGE","raw":1742.4,"sigma":1.5,"state":"IDLE","t":"2026-07-16T10:33:06.6419098Z","type":"sample"}
{"channel":"rr","display":8.760402978537012,"mu":0,"quality":"OUT_OF_RANGE","raw":1742.6,"sigma":1.5,"state":"IDLE","t":"2026-07-16T10:33:06.681172Z","type":"sample"}
{"channel":"gsr","display":4000.7,"mu":0,"quality":"OK","raw":4000.7,"sigma":10,"state":"IDLE","t":"2026-07-16T10:33:06.7106784Z","type":"sample"}
{"channel":"rr","display":8.760402978537012,"mu":0,"quality":"OUT_OF_RANGE","raw":1743.5,"sigma":1.5,"state":"IDLE","t":"2026-07-16T10:33:06.7223739Z","type":"sample"}
{"channel":"hr","display":0,"mu":0,"quality":"OUT_OF_RANGE","raw":86,"sigma":3,"state":"IDLE","t":"2026-07-16T10:33:06.7280843Z","type":"sample"}
{"channel":"rr","display":8.760402978537012,"mu":0,"quality":"OUT_OF_RANGE","raw":1741.8,"sigma":1.5,"state":"IDLE","t":"2026-07-16T10:33:06.7621481Z","type":"sample"}
{"channel":"rr","display":8.760402978537012,"mu":0,"quality":"OUT_OF_RANGE","raw":1742.6,"sigma":1.5,"state":"IDLE","t":"2026-07-16T10:33:06.8025712Z","type":"sample"}
{"channel":"gsr","display":4000.7,"mu":0,"quality":"OK","raw":4000.7,"sigma":10,"state":"IDLE","t":"2026-07-16T10:33:06.8088413Z","type":"sample"}
{"channel":"rr","display":8.760402978537012,"mu":0,"quality":"OUT_OF_RANGE","raw":1743,"sigma":1.5,"state":"IDLE","t":"2026-07-16T10:33:06.8424449Z","type":"sample"}
{"channel":"rr","display":8.760402978537012,"mu":0,"quality":"OUT_OF_RANGE","raw":1742.8,"sigma":1.5,"state":"IDLE","t":"2026-07-16T10:33:06.8806328Z","type":"sample"}
{"address":"/cue/g1/start","args":null,"channel":"system","dir":"out","t":"2026-07-16T10:33:06.8954444Z","type":"osc"}
{"channel":"gsr","display":3996.8,"mu":0,"quality":"OK","raw":3996.8,"sigma":10,"state":"IDLE","t":"2026-07-16T10:33:06.9103094Z","type":"sample"}
{"channel":"rr","display":8.760402978537012,"mu":0,"quality":"OUT_OF_RANGE","raw":1742.9,"sigma":1.5,"state":"IDLE","t":"2026-07-16T10:33:06.9219514Z","type":"sample"}
{"channel":"rr","display":8.760402978537012,"mu":0,"quality":"OUT_OF_RANGE","raw":1742.9,"sigma":1.5,"state":"IDLE","t":"2026-07-16T10:33:06.9623723Z","type":"sample"}
{"channel":"rr","display":8.760402978537012,"mu":0,"quality":"OUT_OF_RANGE","raw":1742.4,"sigma":1.5,"state":"IDLE","t":"2026-07-16T10:33:07.0022512Z","type":"sample"}
{"channel":"gsr","display":3998.2,"mu":0,"quality":"OK","raw":3998.2,"sigma":10,"state":"IDLE","t":"2026-07-16T10:33:07.0065584Z","type":"sample"}
{"channel":"rr","display":8.760402978537012,"mu":0,"quality":"OUT_OF_RANGE","raw":1743.7,"sigma":1.5,"state":"IDLE","t":"2026-07-16T10:33:07.0426076Z","type":"sample"}
{"channel":"rr","display":8.760402978537012,"mu":0,"quality":"OUT_OF_RANGE","raw":1744.4,"sigma":1.5,"state":"IDLE","t":"2026-07-16T10:33:07.08214Z","type":"sample"}
{"channel":"gsr","display":4000,"mu":0,"quality":"OK","raw":4000,"sigma":10,"state":"IDLE","t":"2026-07-16T10:33:07.1061357Z","type":"sample"}
{"channel":"rr","display":8.760402978537012,"mu":0,"quality":"OUT_OF_RANGE","raw":1739.8,"sigma":1.5,"state":"IDLE","t":"2026-07-16T10:33:07.1225332Z","type":"sample"}
{"channel":"rr","display":10.805618921839356,"mu":0,"quality":"OUT_OF_RANGE","raw":1742.8,"sigma":1.5,"state":"IDLE","t":"2026-07-16T10:33:07.1625133Z","type":"sample"}
{"channel":"rr","display":10.805618921839356,"mu":0,"quality":"OUT_OF_RANGE","raw":1742.4,"sigma":1.5,"state":"IDLE","t":"2026-07-16T10:33:07.2025418Z","type":"sample"}
{"channel":"gsr","display":3998.9,"mu":0,"quality":"OK","raw":3998.9,"sigma":10,"state":"IDLE","t":"2026-07-16T10:33:07.2084285Z","type":"sample"}
{"channel":"hr","display":0,"mu":0,"quality":"OUT_OF_RANGE","raw":85,"sigma":3,"state":"IDLE","t":"2026-07-16T10:33:07.2285529Z","type":"sample"}
{"channel":"rr","display":10.805618921839356,"mu":0,"quality":"OUT_OF_RANGE","raw":1741.4,"sigma":1.5,"state":"IDLE","t":"2026-07-16T10:33:07.2424594Z","type":"sample"}
{"channel":"rr","display":10.805618921839356,"mu":0,"quality":"OUT_OF_RANGE","raw":1741.8,"sigma":1.5,"state":"IDLE","t":"2026-07-16T10:33:07.2807474Z","type":"sample"}
{"channel":"gsr","display":4000.6,"mu":0,"quality":"OK","raw":4000.6,"sigma":10,"state":"IDLE","t":"2026-07-16T10:33:07.3112691Z","type":"sample"}
{"channel":"rr","display":10.805618921839356,"mu":0,"quality":"OUT_OF_RANGE","raw":1743.5,"sigma":1.5,"state":"IDLE","t":"2026-07-16T10:33:07.3219628Z","type":"sample"}
{"address":"/cue/p/start","args":null,"channel":"system","dir":"out","t":"2026-07-16T10:33:07.3450305Z","type":"osc"}
{"channel":"rr","display":10.805618921839356,"mu":0,"quality":"OUT_OF_RANGE","raw":1742.1,"sigma":1.5,"state":"IDLE","t":"2026-07-16T10:33:07.3621541Z","type":"sample"}
{"channel":"rr","display":10.805618921839356,"mu":0,"quality":"OUT_OF_RANGE","raw":1742.9,"sigma":1.5,"state":"IDLE","t":"2026-07-16T10:33:07.3986651Z","type":"sample"}
{"channel":"gsr","display":4000.4,"mu":0,"quality":"OK","raw":4000.4,"sigma":10,"state":"IDLE","t":"2026-07-16T10:33:07.4106298Z","type":"sample"}
{"channel":"rr","display":10.805618921839356,"mu":0,"quality":"OUT_OF_RANGE","raw":1741.9,"sigma":1.5,"state":"IDLE","t":"2026-07-16T10:33:07.4403162Z","type":"sample"}
{"channel":"rr","display":10.805618921839356,"mu":0,"quality":"OUT_OF_RANGE","raw":1743.1,"sigma":1.5,"state":"IDLE","t":"2026-07-16T10:33:07.4824001Z","type":"sample"}
{"channel":"gsr","display":4000.4,"mu":0,"quality":"OK","raw":4000.4,"sigma":10,"state":"IDLE","t":"2026-07-16T10:33:07.5083758Z","type":"sample"}
{"channel":"rr","display":10.805618921839356,"mu":0,"quality":"OUT_OF_RANGE","raw":1741.8,"sigma":1.5,"state":"IDLE","t":"2026-07-16T10:33:07.5212706Z","type":"sample"}
{"channel":"rr","display":10.805618921839356,"mu":0,"quality":"OUT_OF_RANGE","raw":1743.1,"sigma":1.5,"state":"IDLE","t":"2026-07-16T10:33:07.5622172Z","type":"sample"}
{"channel":"rr","display":10.805618921839356,"mu":0,"quality":"OUT_OF_RANGE","raw":1743.6,"sigma":1.5,"state":"IDLE","t":"2026-07-16T10:33:07.5973597Z","type":"sample"}
{"channel":"gsr","display":4000.4,"mu":0,"quality":"OK","raw":4000.4,"sigma":10,"state":"IDLE","t":"2026-07-16T10:33:07.609769Z","type":"sample"}
{"channel":"rr","display":10.805618921839356,"mu":0,"quality":"OUT_OF_RANGE","raw":1741.6,"sigma":1.5,"state":"IDLE","t":"2026-07-16T10:33:07.6424484Z","type":"sample"}
{"channel":"rr","display":10.805618921839356,"mu":0,"quality":"OUT_OF_RANGE","raw":1742.4,"sigma":1.5,"state":"IDLE","t":"2026-07-16T10:33:07.6817571Z","type":"sample"}
{"channel":"gsr","display":3999.9,"mu":0,"quality":"OK","raw":3999.9,"sigma":10,"state":"IDLE","t":"2026-07-16T10:33:07.7106223Z","type":"sample"}
{"channel":"rr","display":10.805618921839356,"mu":0,"quality":"OUT_OF_RANGE","raw":1743.4,"sigma":1.5,"state":"IDLE","t":"2026-07-16T10:33:07.7224523Z","type":"sample"}
{"channel":"hr","display":0,"mu":0,"quality":"OUT_OF_RANGE","raw":85,"sigma":3,"state":"IDLE","t":"2026-07-16T10:33:07.7276996Z","type":"sample"}
{"channel":"rr","display":10.805618921839356,"mu":0,"quality":"OUT_OF_RANGE","raw":1742.6,"sigma":1.5,"state":"IDLE","t":"2026-07-16T10:33:07.762539Z","type":"sample"}
{"channel":"rr","display":10.805618921839356,"mu":0,"quality":"OUT_OF_RANGE","raw":1743.1,"sigma":1.5,"state":"IDLE","t":"2026-07-16T10:33:07.8014723Z","type":"sample"}
{"channel":"gsr","display":4001.3,"mu":0,"quality":"OK","raw":4001.3,"sigma":10,"state":"IDLE","t":"2026-07-16T10:33:07.8071925Z","type":"sample"}
{"channel":"rr","display":10.805618921839356,"mu":0,"quality":"OUT_OF_RANGE","raw":1743.1,"sigma":1.5,"state":"IDLE","t":"2026-07-16T10:33:07.842286Z","type":"sample"}
{"channel":"rr","display":10.805618921839356,"mu":0,"quality":"OUT_OF_RANGE","raw":1744.6,"sigma":1.5,"state":"IDLE","t":"2026-07-16T10:33:07.8816205Z","type":"sample"}
{"address":"/cue/g1/start","args":null,"channel":"system","dir":"out","t":"2026-07-16T10:33:07.899647Z","type":"osc"}
{"channel":"gsr","display":4002.8,"mu":0,"quality":"OK","raw":4002.8,"sigma":10,"state":"IDLE","t":"2026-07-16T10:33:07.9060825Z","type":"sample"}
{"channel":"rr","display":10.805618921839356,"mu":0,"quality":"OUT_OF_RANGE","raw":1742.3,"sigma":1.5,"state":"IDLE","t":"2026-07-16T10:33:07.9220271Z","type":"sample"}
{"channel":"rr","display":10.805618921839356,"mu":0,"quality":"OUT_OF_RANGE","raw":1742.7,"sigma":1.5,"state":"IDLE","t":"2026-07-16T10:33:07.9619868Z","type":"sample"}
{"channel":"rr","display":10.805618921839356,"mu":0,"quality":"OUT_OF_RANGE","raw":1743,"sigma":1.5,"state":"IDLE","t":"2026-07-16T10:33:07.9999303Z","type":"sample"}
{"channel":"gsr","display":3999.8,"mu":0,"quality":"OK","raw":3999.8,"sigma":10,"state":"IDLE","t":"2026-07-16T10:33:08.0107122Z","type":"sample"}
{"channel":"rr","display":10.805618921839356,"mu":0,"quality":"OUT_OF_RANGE","raw":1741.5,"sigma":1.5,"state":"IDLE","t":"2026-07-16T10:33:08.0387192Z","type":"sample"}
{"channel":"rr","display":10.805618921839356,"mu":0,"quality":"OUT_OF_RANGE","raw":1742.5,"sigma":1.5,"state":"IDLE","t":"2026-07-16T10:33:08.0796016Z","type":"sample"}
{"channel":"gsr","display":4000.6,"mu":0,"quality":"OK","raw":4000.6,"sigma":10,"state":"IDLE","t":"2026-07-16T10:33:08.1117142Z","type":"sample"}
{"channel":"rr","display":10.805618921839356,"mu":0,"quality":"OUT_OF_RANGE","raw":1742.9,"sigma":1.5,"state":"IDLE","t":"2026-07-16T10:33:08.1222738Z","type":"sample"}
{"channel":"rr","display":10.805618921839356,"mu":0,"quality":"OUT_OF_RANGE","raw":1743.5,"sigma":1.5,"state":"IDLE","t":"2026-07-16T10:33:08.1620173Z","type":"sample"}
{"channel":"rr","display":10.805618921839356,"mu":0,"quality":"OUT_OF_RANGE","raw":1742.6,"sigma":1.5,"state":"IDLE","t":"2026-07-16T10:33:08.2006655Z","type":"sample"}
{"channel":"gsr","display":3997.1,"mu":0,"quality":"OK","raw":3997.1,"sigma":10,"state":"IDLE","t":"2026-07-16T10:33:08.2104948Z","type":"sample"}
{"channel":"hr","display":0,"mu":0,"quality":"OUT_OF_RANGE","raw":84,"sigma":3,"state":"IDLE","t":"2026-07-16T10:33:08.2323465Z","type":"sample"}
{"channel":"rr","display":10.805618921839356,"mu":0,"quality":"OUT_OF_RANGE","raw":1742.1,"sigma":1.5,"state":"IDLE","t":"2026-07-16T10:33:08.2405258Z","type":"sample"}
{"channel":"rr","display":10.805618921839356,"mu":0,"quality":"OUT_OF_RANGE","raw":1742.2,"sigma":1.5,"state":"IDLE","t":"2026-07-16T10:33:08.2788831Z","type":"sample"}
{"channel":"gsr","display":4002.9,"mu":0,"quality":"OK","raw":4002.9,"sigma":10,"state":"IDLE","t":"2026-07-16T10:33:08.3081144Z","type":"sample"}
{"channel":"rr","display":10.805618921839356,"mu":0,"quality":"OUT_OF_RANGE","raw":1742.9,"sigma":1.5,"state":"IDLE","t":"2026-07-16T10:33:08.3221391Z","type":"sample"}
{"address":"/cue/p/start","args":null,"channel":"system","dir":"out","t":"2026-07-16T10:33:08.3455409Z","type":"osc"}
{"channel":"rr","display":10.805618921839356,"mu":0,"quality":"OUT_OF_RANGE","raw":1743.3,"sigma":1.5,"state":"IDLE","t":"2026-07-16T10:33:08.3624349Z","type":"sample"}
{"channel":"rr","display":10.805618921839356,"mu":0,"quality":"OUT_OF_RANGE","raw":1741.9,"sigma":1.5,"state":"IDLE","t":"2026-07-16T10:33:08.4023398Z","type":"sample"}
{"channel":"gsr","display":4000.6,"mu":0,"quality":"OK","raw":4000.6,"sigma":10,"state":"IDLE","t":"2026-07-16T10:33:08.4067607Z","type":"sample"}
{"channel":"rr","display":10.805618921839356,"mu":0,"quality":"OUT_OF_RANGE","raw":1741.1,"sigma":1.5,"state":"IDLE","t":"2026-07-16T10:33:08.4424904Z","type":"sample"}
{"channel":"rr","display":10.805618921839356,"mu":0,"quality":"OUT_OF_RANGE","raw":1741.2,"sigma":1.5,"state":"IDLE","t":"2026-07-16T10:33:08.4807989Z","type":"sample"}
{"channel":"gsr","display":4000.8,"mu":0,"quality":"OK","raw":4000.8,"sigma":10,"state":"IDLE","t":"2026-07-16T10:33:08.511694Z","type":"sample"}
{"channel":"rr","display":13.32001332001332,"mu":0,"quality":"OUT_OF_RANGE","raw":1742.3,"sigma":1.5,"state":"IDLE","t":"2026-07-16T10:33:08.5222847Z","type":"sample"}
{"channel":"rr","display":13.32001332001332,"mu":0,"quality":"OUT_OF_RANGE","raw":1742.8,"sigma":1.5,"state":"IDLE","t":"2026-07-16T10:33:08.5623057Z","type":"sample"}
{"channel":"rr","display":13.32001332001332,"mu":0,"quality":"OUT_OF_RANGE","raw":1743.6,"sigma":1.5,"state":"IDLE","t":"2026-07-16T10:33:08.6026506Z","type":"sample"}
{"channel":"gsr","display":4001.8,"mu":0,"quality":"OK","raw":4001.8,"sigma":10,"state":"IDLE","t":"2026-07-16T10:33:08.6067931Z","type":"sample"}
{"channel":"rr","display":13.32001332001332,"mu":0,"quality":"OUT_OF_RANGE","raw":1743.7,"sigma":1.5,"state":"IDLE","t":"2026-07-16T10:33:08.6424453Z","type":"sample"}
{"channel":"rr","display":13.32001332001332,"mu":0,"quality":"OUT_OF_RANGE","raw":1742.9,"sigma":1.5,"state":"IDLE","t":"2026-07-16T10:33:08.6813304Z","type":"sample"}
{"channel":"gsr","display":4002,"mu":0,"quality":"OK","raw":4002,"sigma":10,"state":"IDLE","t":"2026-07-16T10:33:08.7077263Z","type":"sample"}
{"channel":"rr","display":13.32001332001332,"mu":0,"quality":"OUT_OF_RANGE","raw":1742.6,"sigma":1.5,"state":"IDLE","t":"2026-07-16T10:33:08.7221187Z","type":"sample"}
{"channel":"hr","display":0,"mu":0,"quality":"OUT_OF_RANGE","raw":84,"sigma":3,"state":"IDLE","t":"2026-07-16T10:33:08.7280941Z","type":"sample"}
{"channel":"rr","display":13.32001332001332,"mu":0,"quality":"OUT_OF_RANGE","raw":1742.9,"sigma":1.5,"state":"IDLE","t":"2026-07-16T10:33:08.7625413Z","type":"sample"}
{"channel":"rr","display":13.32001332001332,"mu":0,"quality":"OUT_OF_RANGE","raw":1742.1,"sigma":1.5,"state":"IDLE","t":"2026-07-16T10:33:08.8025096Z","type":"sample"}
{"channel":"gsr","display":4001.3,"mu":0,"quality":"OK","raw":4001.3,"sigma":10,"state":"IDLE","t":"2026-07-16T10:33:08.8086807Z","type":"sample"}
{"channel":"rr","display":13.32001332001332,"mu":0,"quality":"OUT_OF_RANGE","raw":1742.1,"sigma":1.5,"state":"IDLE","t":"2026-07-16T10:33:08.8424515Z","type":"sample"}
{"channel":"rr","display":13.32001332001332,"mu":0,"quality":"OUT_OF_RANGE","raw":1741.9,"sigma":1.5,"state":"IDLE","t":"2026-07-16T10:33:08.881274Z","type":"sample"}
{"address":"/cue/g1/start","args":null,"channel":"system","dir":"out","t":"2026-07-16T10:33:08.9033519Z","type":"osc"}
{"channel":"gsr","display":4001.2,"mu":0,"quality":"OK","raw":4001.2,"sigma":10,"state":"IDLE","t":"2026-07-16T10:33:08.9102746Z","type":"sample"}
{"channel":"rr","display":13.32001332001332,"mu":0,"quality":"OUT_OF_RANGE","raw":1741.5,"sigma":1.5,"state":"IDLE","t":"2026-07-16T10:33:08.9224632Z","type":"sample"}
{"channel":"rr","display":13.32001332001332,"mu":0,"quality":"OUT_OF_RANGE","raw":1742.2,"sigma":1.5,"state":"IDLE","t":"2026-07-16T10:33:08.9619958Z","type":"sample"}
{"channel":"rr","display":13.32001332001332,"mu":0,"quality":"OUT_OF_RANGE","raw":1741.6,"sigma":1.5,"state":"IDLE","t":"2026-07-16T10:33:08.9957129Z","type":"sample"}
{"channel":"gsr","display":4002.8,"mu":0,"quality":"OK","raw":4002.8,"sigma":10,"state":"IDLE","t":"2026-07-16T10:33:09.0114046Z","type":"sample"}
{"channel":"rr","display":13.32001332001332,"mu":0,"quality":"OUT_OF_RANGE","raw":1744.2,"sigma":1.5,"state":"IDLE","t":"2026-07-16T10:33:09.0424519Z","type":"sample"}
{"channel":"rr","display":13.32001332001332,"mu":0,"quality":"OUT_OF_RANGE","raw":1743.6,"sigma":1.5,"state":"IDLE","t":"2026-07-16T10:33:09.0824448Z","type":"sample"}
{"channel":"gsr","display":4002.4,"mu":0,"quality":"OK","raw":4002.4,"sigma":10,"state":"IDLE","t":"2026-07-16T10:33:09.109967Z","type":"sample"}
{"channel":"rr","display":13.32001332001332,"mu":0,"quality":"OUT_OF_RANGE","raw":1742,"sigma":1.5,"state":"IDLE","t":"2026-07-16T10:33:09.1220305Z","type":"sample"}
{"channel":"rr","display":13.32001332001332,"mu":0,"quality":"OUT_OF_RANGE","raw":1742.4,"sigma":1.5,"state":"IDLE","t":"2026-07-16T10:33:09.1621624Z","type":"sample"}
{"channel":"rr","display":13.32001332001332,"mu":0,"quality":"OUT_OF_RANGE","raw":1741.6,"sigma":1.5,"state":"IDLE","t":"2026-07-16T10:33:09.1959669Z","type":"sample"}
{"channel":"gsr","display":4001.9,"mu":0,"quality":"OK","raw":4001.9,"sigma":10,"state":"IDLE","t":"2026-07-16T10:33:09.2087905Z","type":"sample"}
{"channel":"hr","display":0,"mu":0,"quality":"OUT_OF_RANGE","raw":84,"sigma":3,"state":"IDLE","t":"2026-07-16T10:33:09.2275684Z","type":"sample"}
{"channel":"rr","display":13.32001332001332,"mu":0,"quality":"OUT_OF_RANGE","raw":1741.8,"sigma":1.5,"state":"IDLE","t":"2026-07-16T10:33:09.2425989Z","type":"sample"}
{"channel":"rr","display":13.32001332001332,"mu":0,"quality":"OUT_OF_RANGE","raw":1742.5,"sigma":1.5,"state":"IDLE","t":"2026-07-16T10:33:09.2816381Z","type":"sample"}
{"channel":"gsr","display":3999.4,"mu":0,"quality":"OK","raw":3999.4,"sigma":10,"state":"IDLE","t":"2026-07-16T10:33:09.3075302Z","type":"sample"}
{"channel":"rr","display":13.32001332001332,"mu":0,"quality":"OUT_OF_RANGE","raw":1742.6,"sigma":1.5,"state":"IDLE","t":"2026-07-16T10:33:09.3221075Z","type":"sample"}
{"address":"/cue/p/start","args":null,"channel":"system","dir":"out","t":"2026-07-16T10:33:09.3452104Z","type":"osc"}
{"channel":"rr","display":13.32001332001332,"mu":0,"quality":"OUT_OF_RANGE","raw":1741.7,"sigma":1.5,"state":"IDLE","t":"2026-07-16T10:33:09.3619637Z","type":"sample"}
{"channel":"rr","display":13.32001332001332,"mu":0,"quality":"OUT_OF_RANGE","raw":1741.3,"sigma":1.5,"state":"IDLE","t":"2026-07-16T10:33:09.4019164Z","type":"sample"}
{"channel":"gsr","display":4000.8,"mu":0,"quality":"OK","raw":4000.8,"sigma":10,"state":"IDLE","t":"2026-07-16T10:33:09.4090756Z","type":"sample"}
{"channel":"rr","display":13.32001332001332,"mu":0,"quality":"OUT_OF_RANGE","raw":1740.9,"sigma":1.5,"state":"IDLE","t":"2026-07-16T10:33:09.4425071Z","type":"sample"}
{"channel":"rr","display":13.32001332001332,"mu":0,"quality":"OUT_OF_RANGE","raw":1743.1,"sigma":1.5,"state":"IDLE","t":"2026-07-16T10:33:09.4824833Z","type":"sample"}
{"channel":"gsr","display":4001.7,"mu":0,"quality":"OK","raw":4001.7,"sigma":10,"state":"IDLE","t":"2026-07-16T10:33:09.510201Z","type":"sample"}
{"channel":"rr","display":13.32001332001332,"mu":0,"quality":"OUT_OF_RANGE","raw":1741.5,"sigma":1.5,"state":"IDLE","t":"2026-07-16T10:33:09.5224896Z","type":"sample"}
{"channel":"rr","display":13.32001332001332,"mu":0,"quality":"OUT_OF_RANGE","raw":1741.1,"sigma":1.5,"state":"IDLE","t":"2026-07-16T10:33:09.5624697Z","type":"sample"}
{"channel":"rr","display":13.32001332001332,"mu":0,"quality":"OUT_OF_RANGE","raw":1741.9,"sigma":1.5,"state":"IDLE","t":"2026-07-16T10:33:09.6012922Z","type":"sample"}
{"channel":"gsr","display":4000.6,"mu":0,"quality":"OK","raw":4000.6,"sigma":10,"state":"IDLE","t":"2026-07-16T10:33:09.6084853Z","type":"sample"}
{"channel":"rr","display":15.675619186957885,"mu":0,"quality":"OUT_OF_RANGE","raw":1742.5,"sigma":1.5,"state":"IDLE","t":"2026-07-16T10:33:09.642478Z","type":"sample"}
{"channel":"rr","display":15.675619186957885,"mu":0,"quality":"OUT_OF_RANGE","raw":1742.6,"sigma":1.5,"state":"IDLE","t":"2026-07-16T10:33:09.6823399Z","type":"sample"}
{"channel":"gsr","display":4000.3,"mu":0,"quality":"OK","raw":4000.3,"sigma":10,"state":"IDLE","t":"2026-07-16T10:33:09.7105786Z","type":"sample"}
{"channel":"rr","display":15.675619186957885,"mu":0,"quality":"OUT_OF_RANGE","raw":1743.2,"sigma":1.5,"state":"IDLE","t":"2026-07-16T10:33:09.7218452Z","type":"sample"}
{"channel":"hr","display":0,"mu":0,"quality":"OUT_OF_RANGE","raw":83,"sigma":3,"state":"IDLE","t":"2026-07-16T10:33:09.7276148Z","type":"sample"}
{"channel":"rr","display":15.675619186957885,"mu":0,"quality":"OUT_OF_RANGE","raw":1742.2,"sigma":1.5,"state":"IDLE","t":"2026-07-16T10:33:09.7625359Z","type":"sample"}
{"channel":"rr","display":15.675619186957885,"mu":0,"quality":"OUT_OF_RANGE","raw":1742.1,"sigma":1.5,"state":"IDLE","t":"2026-07-16T10:33:09.7980814Z","type":"sample"}
{"channel":"gsr","display":4004.4,"mu":0,"quality":"OK","raw":4004.4,"sigma":10,"state":"IDLE","t":"2026-07-16T10:33:09.8094496Z","type":"sample"}
{"channel":"rr","display":15.675619186957885,"mu":0,"quality":"OUT_OF_RANGE","raw":1743.3,"sigma":1.5,"state":"IDLE","t":"2026-07-16T10:33:09.8423996Z","type":"sample"}
{"channel":"rr","display":15.675619186957885,"mu":0,"quality":"OUT_OF_RANGE","raw":1741.6,"sigma":1.5,"state":"IDLE","t":"2026-07-16T10:33:09.8824066Z","type":"sample"}
{"address":"/cue/g1/start","args":null,"channel":"system","dir":"out","t":"2026-07-16T10:33:09.9106525Z","type":"osc"}
{"channel":"gsr","display":4004.8,"mu":0,"quality":"OK","raw":4004.8,"sigma":10,"state":"IDLE","t":"2026-07-16T10:33:09.9111753Z","type":"sample"}
{"channel":"rr","display":15.675619186957885,"mu":0,"quality":"OUT_OF_RANGE","raw":1743.4,"sigma":1.5,"state":"IDLE","t":"2026-07-16T10:33:09.922232Z","type":"sample"}
{"channel":"rr","display":15.675619186957885,"mu":0,"quality":"OUT_OF_RANGE","raw":1741.6,"sigma":1.5,"state":"IDLE","t":"2026-07-16T10:33:09.962379Z","type":"sample"}
{"channel":"rr","display":15.675619186957885,"mu":0,"quality":"OUT_OF_RANGE","raw":1741.9,"sigma":1.5,"state":"IDLE","t":"2026-07-16T10:33:10.0025831Z","type":"sample"}
{"channel":"gsr","display":4005.3,"mu":0,"quality":"OK","raw":4005.3,"sigma":10,"state":"IDLE","t":"2026-07-16T10:33:10.0107338Z","type":"sample"}
{"channel":"rr","display":15.675619186957885,"mu":0,"quality":"OUT_OF_RANGE","raw":1741.5,"sigma":1.5,"state":"IDLE","t":"2026-07-16T10:33:10.0422609Z","type":"sample"}
{"channel":"rr","display":15.675619186957885,"mu":0,"quality":"OUT_OF_RANGE","raw":1741.8,"sigma":1.5,"state":"IDLE","t":"2026-07-16T10:33:10.079374Z","type":"sample"}
{"channel":"gsr","display":4004.3,"mu":0,"quality":"OK","raw":4004.3,"sigma":10,"state":"IDLE","t":"2026-07-16T10:33:10.1109666Z","type":"sample"}
{"channel":"rr","display":15.675619186957885,"mu":0,"quality":"OUT_OF_RANGE","raw":1742.5,"sigma":1.5,"state":"IDLE","t":"2026-07-16T10:33:10.1223366Z","type":"sample"}
{"channel":"rr","display":15.675619186957885,"mu":0,"quality":"OUT_OF_RANGE","raw":1743.6,"sigma":1.5,"state":"IDLE","t":"2026-07-16T10:33:10.1624075Z","type":"sample"}
{"channel":"rr","display":15.675619186957885,"mu":0,"quality":"OUT_OF_RANGE","raw":1741.9,"sigma":1.5,"state":"IDLE","t":"2026-07-16T10:33:10.1957602Z","type":"sample"}
{"channel":"gsr","display":4004.2,"mu":0,"quality":"OK","raw":4004.2,"sigma":10,"state":"IDLE","t":"2026-07-16T10:33:10.2110668Z","type":"sample"}
{"channel":"hr","display":0,"mu":0,"quality":"OUT_OF_RANGE","raw":83,"sigma":3,"state":"IDLE","t":"2026-07-16T10:33:10.2271711Z","type":"sample"}
{"channel":"rr","display":15.675619186957885,"mu":0,"quality":"OUT_OF_RANGE","raw":1741.4,"sigma":1.5,"state":"IDLE","t":"2026-07-16T10:33:10.2426359Z","type":"sample"}
{"channel":"rr","display":15.675619186957885,"mu":0,"quality":"OUT_OF_RANGE","raw":1743.4,"sigma":1.5,"state":"IDLE","t":"2026-07-16T10:33:10.2824023Z","type":"sample"}
{"channel":"gsr","display":4006.1,"mu":0,"quality":"OK","raw":4006.1,"sigma":10,"state":"IDLE","t":"2026-07-16T10:33:10.3115868Z","type":"sample"}
{"channel":"rr","display":15.675619186957885,"mu":0,"quality":"OUT_OF_RANGE","raw":1742.2,"sigma":1.5,"state":"IDLE","t":"2026-07-16T10:33:10.3219283Z","type":"sample"}
{"address":"/cue/p/start","args":null,"channel":"system","dir":"out","t":"2026-07-16T10:33:10.3454935Z","type":"osc"}
{"channel":"rr","display":15.675619186957885,"mu":0,"quality":"OUT_OF_RANGE","raw":1742.5,"sigma":1.5,"state":"IDLE","t":"2026-07-16T10:33:10.361949Z","type":"sample"}
{"channel":"rr","display":15.675619186957885,"mu":0,"quality":"OUT_OF_RANGE","raw":1740.9,"sigma":1.5,"state":"IDLE","t":"2026-07-16T10:33:10.4022326Z","type":"sample"}
{"channel":"gsr","display":4004.8,"mu":0,"quality":"OK","raw":4004.8,"sigma":10,"state":"IDLE","t":"2026-07-16T10:33:10.4108562Z","type":"sample"}
{"channel":"rr","display":15.675619186957885,"mu":0,"quality":"OUT_OF_RANGE","raw":1743.8,"sigma":1.5,"state":"IDLE","t":"2026-07-16T10:33:10.4425957Z","type":"sample"}
{"channel":"rr","display":15.675619186957885,"mu":0,"quality":"OUT_OF_RANGE","raw":1742.9,"sigma":1.5,"state":"IDLE","t":"2026-07-16T10:33:10.4786559Z","type":"sample"}
{"channel":"gsr","display":4008.2,"mu":0,"quality":"OK","raw":4008.2,"sigma":10,"state":"IDLE","t":"2026-07-16T10:33:10.5076811Z","type":"sample"}
{"channel":"rr","display":15.675619186957885,"mu":0,"quality":"OUT_OF_RANGE","raw":1745.2,"sigma":1.5,"state":"IDLE","t":"2026-07-16T10:33:10.5220384Z","type":"sample"}
{"channel":"rr","display":15.675619186957885,"mu":0,"quality":"OUT_OF_RANGE","raw":1743.9,"sigma":1.5,"state":"IDLE","t":"2026-07-16T10:33:10.5618748Z","type":"sample"}
{"channel":"rr","display":15.675619186957885,"mu":0,"quality":"OUT_OF_RANGE","raw":1742.3,"sigma":1.5,"state":"IDLE","t":"2026-07-16T10:33:10.6026101Z","type":"sample"}
{"channel":"gsr","display":4006.8,"mu":0,"quality":"OK","raw":4006.8,"sigma":10,"state":"IDLE","t":"2026-07-16T10:33:10.6105641Z","type":"sample"}
{"channel":"rr","display":15.675619186957885,"mu":0,"quality":"OUT_OF_RANGE","raw":1743.6,"sigma":1.5,"state":"IDLE","t":"2026-07-16T10:33:10.6422951Z","type":"sample"}
{"channel":"rr","display":15.675619186957885,"mu":0,"quality":"OUT_OF_RANGE","raw":1741.8,"sigma":1.5,"state":"IDLE","t":"2026-07-16T10:33:10.6823643Z","type":"sample"}
{"channel":"gsr","display":4005.9,"mu":0,"quality":"OK","raw":4005.9,"sigma":10,"state":"IDLE","t":"2026-07-16T10:33:10.706863Z","type":"sample"}
{"channel":"rr","display":15.675619186957885,"mu":0,"quality":"OUT_OF_RANGE","raw":1741.2,"sigma":1.5,"state":"IDLE","t":"2026-07-16T10:33:10.72212Z","type":"sample"}
{"channel":"hr","display":0,"mu":0,"quality":"OUT_OF_RANGE","raw":82,"sigma":3,"state":"IDLE","t":"2026-07-16T10:33:10.7277266Z","type":"sample"}
{"channel":"rr","display":37.15630418627694,"mu":0,"quality":"OUT_OF_RANGE","raw":1742.6,"sigma":1.5,"state":"IDLE","t":"2026-07-16T10:33:10.7619681Z","type":"sample"}
{"channel":"rr","display":37.15630418627694,"mu":0,"quality":"OUT_OF_RANGE","raw":1742.6,"sigma":1.5,"state":"IDLE","t":"2026-07-16T10:33:10.8024388Z","type":"sample"}
{"channel":"gsr","display":4004.3,"mu":0,"quality":"OK","raw":4004.3,"sigma":10,"state":"IDLE","t":"2026-07-16T10:33:10.8098753Z","type":"sample"}
{"channel":"rr","display":37.15630418627694,"mu":0,"quality":"OUT_OF_RANGE","raw":1743.2,"sigma":1.5,"state":"IDLE","t":"2026-07-16T10:33:10.8420516Z","type":"sample"}
{"channel":"rr","display":37.15630418627694,"mu":0,"quality":"OUT_OF_RANGE","raw":1742.8,"sigma":1.5,"state":"IDLE","t":"2026-07-16T10:33:10.8824516Z","type":"sample"}
{"channel":"gsr","display":4006.3,"mu":0,"quality":"OK","raw":4006.3,"sigma":10,"state":"IDLE","t":"2026-07-16T10:33:10.9111257Z","type":"sample"}
{"address":"/cue/g1/start","args":null,"channel":"system","dir":"out","t":"2026-07-16T10:33:10.9202322Z","type":"osc"}
{"channel":"rr","display":37.15630418627694,"mu":0,"quality":"OUT_OF_RANGE","raw":1743.5,"sigma":1.5,"state":"IDLE","t":"2026-07-16T10:33:10.9220846Z","type":"sample"}
{"channel":"rr","display":37.15630418627694,"mu":0,"quality":"OUT_OF_RANGE","raw":1743.1,"sigma":1.5,"state":"IDLE","t":"2026-07-16T10:33:10.9622271Z","type":"sample"}
{"channel":"rr","display":37.15630418627694,"mu":0,"quality":"OUT_OF_RANGE","raw":1743.9,"sigma":1.5,"state":"IDLE","t":"2026-07-16T10:33:10.9966232Z","type":"sample"}
{"channel":"gsr","display":4007.1,"mu":0,"quality":"OK","raw":4007.1,"sigma":10,"state":"IDLE","t":"2026-07-16T10:33:11.0088209Z","type":"sample"}
{"channel":"rr","display":37.15630418627694,"mu":0,"quality":"OUT_OF_RANGE","raw":1741.7,"sigma":1.5,"state":"IDLE","t":"2026-07-16T10:33:11.0423969Z","type":"sample"}
{"channel":"rr","display":37.15630418627694,"mu":0,"quality":"OUT_OF_RANGE","raw":1742.1,"sigma":1.5,"state":"IDLE","t":"2026-07-16T10:33:11.0817402Z","type":"sample"}
{"channel":"gsr","display":4008.1,"mu":0,"quality":"OK","raw":4008.1,"sigma":10,"state":"IDLE","t":"2026-07-16T10:33:11.1065543Z","type":"sample"}
{"channel":"rr","display":37.15630418627694,"mu":0,"quality":"OUT_OF_RANGE","raw":1741.9,"sigma":1.5,"state":"IDLE","t":"2026-07-16T10:33:11.1224931Z","type":"sample"}
{"channel":"rr","display":37.15630418627694,"mu":0,"quality":"OUT_OF_RANGE","raw":1742.6,"sigma":1.5,"state":"IDLE","t":"2026-07-16T10:33:11.1620611Z","type":"sample"}
{"channel":"rr","display":37.15630418627694,"mu":0,"quality":"OUT_OF_RANGE","raw":1740.9,"sigma":1.5,"state":"IDLE","t":"2026-07-16T10:33:11.2024362Z","type":"sample"}
{"channel":"gsr","display":4006.8,"mu":0,"quality":"OK","raw":4006.8,"sigma":10,"state":"IDLE","t":"2026-07-16T10:33:11.2091103Z","type":"sample"}
{"channel":"hr","display":0,"mu":0,"quality":"OUT_OF_RANGE","raw":82,"sigma":3,"state":"IDLE","t":"2026-07-16T10:33:11.2278683Z","type":"sample"}
{"channel":"rr","display":37.15630418627694,"mu":0,"quality":"OUT_OF_RANGE","raw":1742.6,"sigma":1.5,"state":"IDLE","t":"2026-07-16T10:33:11.2421782Z","type":"sample"}
{"channel":"rr","display":37.15630418627694,"mu":0,"quality":"OUT_OF_RANGE","raw":1742.3,"sigma":1.5,"state":"IDLE","t":"2026-07-16T10:33:11.278418Z","type":"sample"}
{"channel":"gsr","display":4008.6,"mu":0,"quality":"OK","raw":4008.6,"sigma":10,"state":"IDLE","t":"2026-07-16T10:33:11.308835Z","type":"sample"}
{"channel":"rr","display":37.15630418627694,"mu":0,"quality":"OUT_OF_RANGE","raw":1742.1,"sigma":1.5,"state":"IDLE","t":"2026-07-16T10:33:11.3219883Z","type":"sample"}
{"address":"/cue/p/start","args":null,"channel":"system","dir":"out","t":"2026-07-16T10:33:11.3450788Z","type":"osc"}
{"channel":"rr","display":37.15630418627694,"mu":0,"quality":"OUT_OF_RANGE","raw":1741.2,"sigma":1.5,"state":"IDLE","t":"2026-07-16T10:33:11.3621715Z","type":"sample"}
{"channel":"rr","display":37.15630418627694,"mu":0,"quality":"OUT_OF_RANGE","raw":1741.6,"sigma":1.5,"state":"IDLE","t":"2026-07-16T10:33:11.4025597Z","type":"sample"}
{"channel":"gsr","display":4011.5,"mu":0,"quality":"OK","raw":4011.5,"sigma":10,"state":"IDLE","t":"2026-07-16T10:33:11.4085242Z","type":"sample"}
{"channel":"rr","display":37.15630418627694,"mu":0,"quality":"OUT_OF_RANGE","raw":1743.3,"sigma":1.5,"state":"IDLE","t":"2026-07-16T10:33:11.4426563Z","type":"sample"}
{"channel":"rr","display":37.15630418627694,"mu":0,"quality":"OUT_OF_RANGE","raw":1743.2,"sigma":1.5,"state":"IDLE","t":"2026-07-16T10:33:11.4812458Z","type":"sample"}
{"channel":"gsr","display":4006.7,"mu":0,"quality":"OK","raw":4006.7,"sigma":10,"state":"IDLE","t":"2026-07-16T10:33:11.5070461Z","type":"sample"}
{"channel":"rr","display":37.15630418627694,"mu":0,"quality":"OUT_OF_RANGE","raw":1740.4,"sigma":1.5,"state":"IDLE","t":"2026-07-16T10:33:11.5217507Z","type":"sample"}
{"channel":"rr","display":37.15630418627694,"mu":0,"quality":"OUT_OF_RANGE","raw":1743.4,"sigma":1.5,"state":"IDLE","t":"2026-07-16T10:33:11.5620959Z","type":"sample"}
{"channel":"rr","display":37.15630418627694,"mu":0,"quality":"OUT_OF_RANGE","raw":1741,"sigma":1.5,"state":"IDLE","t":"2026-07-16T10:33:11.6025535Z","type":"sample"}
{"channel":"gsr","display":4007.9,"mu":0,"quality":"OK","raw":4007.9,"sigma":10,"state":"IDLE","t":"2026-07-16T10:33:11.6066679Z","type":"sample"}
{"channel":"rr","display":37.15630418627694,"mu":0,"quality":"OUT_OF_RANGE","raw":1743.2,"sigma":1.5,"state":"IDLE","t":"2026-07-16T10:33:11.6411985Z","type":"sample"}
{"channel":"rr","display":37.15630418627694,"mu":0,"quality":"OUT_OF_RANGE","raw":1742.4,"sigma":1.5,"state":"IDLE","t":"2026-07-16T10:33:11.6825018Z","type":"sample"}
{"channel":"gsr","display":4011.3,"mu":0,"quality":"OK","raw":4011.3,"sigma":10,"state":"IDLE","t":"2026-07-16T10:33:11.7094306Z","type":"sample"}
{"channel":"rr","display":37.15630418627694,"mu":0,"quality":"OUT_OF_RANGE","raw":1742.8,"sigma":1.5,"state":"IDLE","t":"2026-07-16T10:33:11.722205Z","type":"sample"}
{"channel":"hr","display":0,"mu":0,"quality":"OUT_OF_RANGE","raw":82,"sigma":3,"state":"IDLE","t":"2026-07-16T10:33:11.7271539Z","type":"sample"}
{"channel":"rr","display":37.15630418627694,"mu":0,"quality":"OUT_OF_RANGE","raw":1741.9,"sigma":1.5,"state":"IDLE","t":"2026-07-16T10:33:11.7625174Z","type":"sample"}
{"channel":"rr","display":39.473684210526315,"mu":0,"quality":"OUT_OF_RANGE","raw":1742.8,"sigma":1.5,"state":"IDLE","t":"2026-07-16T10:33:11.7959261Z","type":"sample"}
{"channel":"gsr","display":4007.2,"mu":0,"quality":"OK","raw":4007.2,"sigma":10,"state":"IDLE","t":"2026-07-16T10:33:11.8111034Z","type":"sample"}
{"channel":"rr","display":39.473684210526315,"mu":0,"quality":"OUT_OF_RANGE","raw":1742.6,"sigma":1.5,"state":"IDLE","t":"2026-07-16T10:33:11.8423704Z","type":"sample"}
{"channel":"rr","display":39.473684210526315,"mu":0,"quality":"OUT_OF_RANGE","raw":1741.4,"sigma":1.5,"state":"IDLE","t":"2026-07-16T10:33:11.8817642Z","type":"sample"}
{"channel":"gsr","display":4009.8,"mu":0,"quality":"OK","raw":4009.8,"sigma":10,"state":"IDLE","t":"2026-07-16T10:33:11.9063117Z","type":"sample"}
{"channel":"rr","display":39.473684210526315,"mu":0,"quality":"OUT_OF_RANGE","raw":1743.3,"sigma":1.5,"state":"IDLE","t":"2026-07-16T10:33:11.9220139Z","type":"sample"}
{"address":"/cue/g1/start","args":null,"channel":"system","dir":"out","t":"2026-07-16T10:33:11.9303672Z","type":"osc"}
{"channel":"rr","display":39.473684210526315,"mu":0,"quality":"OUT_OF_RANGE","raw":1741.8,"sigma":1.5,"state":"IDLE","t":"2026-07-16T10:33:11.9624466Z","type":"sample"}
{"channel":"rr","display":39.473684210526315,"mu":0,"quality":"OUT_OF_RANGE","raw":1742.1,"sigma":1.5,"state":"IDLE","t":"2026-07-16T10:33:11.9966849Z","type":"sample"}
{"channel":"gsr","display":4009.1,"mu":0,"quality":"OK","raw":4009.1,"sigma":10,"state":"IDLE","t":"2026-07-16T10:33:12.006901Z","type":"sample"}
{"channel":"rr","display":39.473684210526315,"mu":0,"quality":"OUT_OF_RANGE","raw":1742.1,"sigma":1.5,"state":"IDLE","t":"2026-07-16T10:33:12.0415677Z","type":"sample"}
{"channel":"rr","display":39.473684210526315,"mu":0,"quality":"OUT_OF_RANGE","raw":1741.8,"sigma":1.5,"state":"IDLE","t":"2026-07-16T10:33:12.0786108Z","type":"sample"}
{"channel":"gsr","display":4007.9,"mu":0,"quality":"OK","raw":4007.9,"sigma":10,"state":"IDLE","t":"2026-07-16T10:33:12.1063792Z","type":"sample"}
{"channel":"rr","display":39.473684210526315,"mu":0,"quality":"OUT_OF_RANGE","raw":1741.1,"sigma":1.5,"state":"IDLE","t":"2026-07-16T10:33:12.1214258Z","type":"sample"}
{"channel":"rr","display":39.473684210526315,"mu":0,"quality":"OUT_OF_RANGE","raw":1743.5,"sigma":1.5,"state":"IDLE","t":"2026-07-16T10:33:12.1623855Z","type":"sample"}
{"channel":"rr","display":39.473684210526315,"mu":0,"quality":"OUT_OF_RANGE","raw":1742.9,"sigma":1.5,"state":"IDLE","t":"2026-07-16T10:33:12.2025594Z","type":"sample"}
{"channel":"gsr","display":4009.7,"mu":0,"quality":"OK","raw":4009.7,"sigma":10,"state":"IDLE","t":"2026-07-16T10:33:12.2073917Z","type":"sample"}
{"channel":"hr","display":0,"mu":0,"quality":"OUT_OF_RANGE","raw":82,"sigma":3,"state":"IDLE","t":"2026-07-16T10:33:12.2279769Z","type":"sample"}
{"channel":"rr","display":39.473684210526315,"mu":0,"quality":"OUT_OF_RANGE","raw":1743.2,"sigma":1.5,"state":"IDLE","t":"2026-07-16T10:33:12.2420792Z","type":"sample"}
{"channel":"rr","display":39.473684210526315,"mu":0,"quality":"OUT_OF_RANGE","raw":1743,"sigma":1.5,"state":"IDLE","t":"2026-07-16T10:33:12.2824489Z","type":"sample"}
{"channel":"gsr","display":4009.5,"mu":0,"quality":"OK","raw":4009.5,"sigma":10,"state":"IDLE","t":"2026-07-16T10:33:12.3112116Z","type":"sample"}
{"channel":"rr","display":39.473684210526315,"mu":0,"quality":"OUT_OF_RANGE","raw":1742.6,"sigma":1.5,"state":"IDLE","t":"2026-07-16T10:33:12.3224554Z","type":"sample"}
{"address":"/cue/p/start","args":null,"channel":"system","dir":"out","t":"2026-07-16T10:33:12.3451944Z","type":"osc"}
{"channel":"rr","display":39.473684210526315,"mu":0,"quality":"OUT_OF_RANGE","raw":1742.1,"sigma":1.5,"state":"IDLE","t":"2026-07-16T10:33:12.3619453Z","type":"sample"}
{"channel":"rr","display":39.473684210526315,"mu":0,"quality":"OUT_OF_RANGE","raw":1743.9,"sigma":1.5,"state":"IDLE","t":"2026-07-16T10:33:12.4026299Z","type":"sample"}
{"channel":"gsr","display":4011,"mu":0,"quality":"OK","raw":4011,"sigma":10,"state":"IDLE","t":"2026-07-16T10:33:12.410909Z","type":"sample"}
{"channel":"rr","display":39.473684210526315,"mu":0,"quality":"OUT_OF_RANGE","raw":1743.4,"sigma":1.5,"state":"IDLE","t":"2026-07-16T10:33:12.4410418Z","type":"sample"}
{"channel":"rr","display":39.473684210526315,"mu":0,"quality":"OUT_OF_RANGE","raw":1743.8,"sigma":1.5,"state":"IDLE","t":"2026-07-16T10:33:12.4788023Z","type":"sample"}
{"channel":"gsr","display":4015.2,"mu":0,"quality":"OK","raw":4015.2,"sigma":10,"state":"IDLE","t":"2026-07-16T10:33:12.5091343Z","type":"sample"}
{"channel":"rr","display":39.473684210526315,"mu":0,"quality":"OUT_OF_RANGE","raw":1743.3,"sigma":1.5,"state":"IDLE","t":"2026-07-16T10:33:12.5216714Z","type":"sample"}
{"channel":"rr","display":39.473684210526315,"mu":0,"quality":"OUT_OF_RANGE","raw":1742.8,"sigma":1.5,"state":"IDLE","t":"2026-07-16T10:33:12.5622171Z","type":"sample"}
{"channel":"rr","display":39.473684210526315,"mu":0,"quality":"OUT_OF_RANGE","raw":1743.8,"sigma":1.5,"state":"IDLE","t":"2026-07-16T10:33:12.6025411Z","type":"sample"}
{"channel":"gsr","display":4014.8,"mu":0,"quality":"OK","raw":4014.8,"sigma":10,"state":"IDLE","t":"2026-07-16T10:33:12.6075801Z","type":"sample"}
{"channel":"rr","display":39.473684210526315,"mu":0,"quality":"OUT_OF_RANGE","raw":1743.9,"sigma":1.5,"state":"IDLE","t":"2026-07-16T10:33:12.6424911Z","type":"sample"}
{"channel":"rr","display":39.473684210526315,"mu":0,"quality":"OUT_OF_RANGE","raw":1743.7,"sigma":1.5,"state":"IDLE","t":"2026-07-16T10:33:12.6823752Z","type":"sample"}
{"channel":"gsr","display":4014.9,"mu":0,"quality":"OK","raw":4014.9,"sigma":10,"state":"IDLE","t":"2026-07-16T10:33:12.7104276Z","type":"sample"}
{"channel":"rr","display":39.473684210526315,"mu":0,"quality":"OUT_OF_RANGE","raw":1743.8,"sigma":1.5,"state":"IDLE","t":"2026-07-16T10:33:12.7222889Z","type":"sample"}
{"channel":"hr","display":0,"mu":0,"quality":"OUT_OF_RANGE","raw":81,"sigma":3,"state":"IDLE","t":"2026-07-16T10:33:12.726662Z","type":"sample"}
{"channel":"rr","display":39.473684210526315,"mu":0,"quality":"OUT_OF_RANGE","raw":1744.9,"sigma":1.5,"state":"IDLE","t":"2026-07-16T10:33:12.7623765Z","type":"sample"}
{"channel":"rr","display":39.473684210526315,"mu":0,"quality":"OUT_OF_RANGE","raw":1742.7,"sigma":1.5,"state":"IDLE","t":"2026-07-16T10:33:12.7999315Z","type":"sample"}
{"channel":"gsr","display":4013.6,"mu":0,"quality":"OK","raw":4013.6,"sigma":10,"state":"IDLE","t":"2026-07-16T10:33:12.8093499Z","type":"sample"}
{"channel":"rr","display":39.473684210526315,"mu":0,"quality":"OUT_OF_RANGE","raw":1743,"sigma":1.5,"state":"IDLE","t":"2026-07-16T10:33:12.8422287Z","type":"sample"}
{"channel":"rr","display":39.473684210526315,"mu":0,"quality":"OUT_OF_RANGE","raw":1742.3,"sigma":1.5,"state":"IDLE","t":"2026-07-16T10:33:12.8823988Z","type":"sample"}
{"channel":"gsr","display":4016.2,"mu":0,"quality":"OK","raw":4016.2,"sigma":10,"state":"IDLE","t":"2026-07-16T10:33:12.9090094Z","type":"sample"}
{"channel":"rr","display":52.083333333333336,"mu":0,"quality":"OUT_OF_RANGE","raw":1743.7,"sigma":1.5,"state":"IDLE","t":"2026-07-16T10:33:12.9223289Z","type":"sample"}
{"address":"/cue/g1/start","args":null,"channel":"system","dir":"out","t":"2026-07-16T10:33:12.9343859Z","type":"osc"}
{"channel":"rr","display":52.083333333333336,"mu":0,"quality":"OUT_OF_RANGE","raw":1744.6,"sigma":1.5,"state":"IDLE","t":"2026-07-16T10:33:12.9619174Z","type":"sample"}
{"channel":"rr","display":52.083333333333336,"mu":0,"quality":"OUT_OF_RANGE","raw":1744,"sigma":1.5,"state":"IDLE","t":"2026-07-16T10:33:12.9999971Z","type":"sample"}
{"channel":"gsr","display":4015.2,"mu":0,"quality":"OK","raw":4015.2,"sigma":10,"state":"IDLE","t":"2026-07-16T10:33:13.0059991Z","type":"sample"}
{"channel":"rr","display":52.083333333333336,"mu":0,"quality":"OUT_OF_RANGE","raw":1743.4,"sigma":1.5,"state":"IDLE","t":"2026-07-16T10:33:13.0410448Z","type":"sample"}
{"channel":"rr","display":52.083333333333336,"mu":0,"quality":"OUT_OF_RANGE","raw":1743.1,"sigma":1.5,"state":"IDLE","t":"2026-07-16T10:33:13.0820592Z","type":"sample"}
{"channel":"gsr","display":4017.4,"mu":0,"quality":"OK","raw":4017.4,"sigma":10,"state":"IDLE","t":"2026-07-16T10:33:13.1079869Z","type":"sample"}
{"channel":"rr","display":52.083333333333336,"mu":0,"quality":"OUT_OF_RANGE","raw":1744.4,"sigma":1.5,"state":"IDLE","t":"2026-07-16T10:33:13.1216665Z","type":"sample"}
{"channel":"rr","display":52.083333333333336,"mu":0,"quality":"OUT_OF_RANGE","raw":1743.6,"sigma":1.5,"state":"IDLE","t":"2026-07-16T10:33:13.1622791Z","type":"sample"}
{"channel":"rr","display":52.083333333333336,"mu":0,"quality":"OUT_OF_RANGE","raw":1742.9,"sigma":1.5,"state":"IDLE","t":"2026-07-16T10:33:13.196452Z","type":"sample"}
{"channel":"gsr","display":4014.1,"mu":0,"quality":"OK","raw":4014.1,"sigma":10,"state":"IDLE","t":"2026-07-16T10:33:13.2114527Z","type":"sample"}
{"channel":"hr","display":0,"mu":0,"quality":"OUT_OF_RANGE","raw":81,"sigma":3,"state":"IDLE","t":"2026-07-16T10:33:13.2278408Z","type":"sample"}
{"channel":"rr","display":52.083333333333336,"mu":0,"quality":"OUT_OF_RANGE","raw":1743.9,"sigma":1.5,"state":"IDLE","t":"2026-07-16T10:33:13.2424775Z","type":"sample"}
{"channel":"rr","display":52.083333333333336,"mu":0,"quality":"OUT_OF_RANGE","raw":1744.4,"sigma":1.5,"state":"IDLE","t":"2026-07-16T10:33:13.28237Z","type":"sample"}
{"channel":"gsr","display":4016.6,"mu":0,"quality":"OK","raw":4016.6,"sigma":10,"state":"IDLE","t":"2026-07-16T10:33:13.3114047Z","type":"sample"}
{"channel":"rr","display":52.083333333333336,"mu":0,"quality":"OUT_OF_RANGE","raw":1743.6,"sigma":1.5,"state":"IDLE","t":"2026-07-16T10:33:13.322347Z","type":"sample"}
{"address":"/cue/p/start","args":null,"channel":"system","dir":"out","t":"2026-07-16T10:33:13.3452262Z","type":"osc"}
{"channel":"rr","display":52.083333333333336,"mu":0,"quality":"OUT_OF_RANGE","raw":1744,"sigma":1.5,"state":"IDLE","t":"2026-07-16T10:33:13.3623409Z","type":"sample"}
{"channel":"rr","display":52.083333333333336,"mu":0,"quality":"OUT_OF_RANGE","raw":1742.4,"sigma":1.5,"state":"IDLE","t":"2026-07-16T10:33:13.3958952Z","type":"sample"}
{"channel":"gsr","display":4019.9,"mu":0,"quality":"OK","raw":4019.9,"sigma":10,"state":"IDLE","t":"2026-07-16T10:33:13.4105876Z","type":"sample"}
{"channel":"rr","display":52.083333333333336,"mu":0,"quality":"OUT_OF_RANGE","raw":1744.7,"sigma":1.5,"state":"IDLE","t":"2026-07-16T10:33:13.4423867Z","type":"sample"}
{"channel":"rr","display":52.083333333333336,"mu":0,"quality":"OUT_OF_RANGE","raw":1742.9,"sigma":1.5,"state":"IDLE","t":"2026-07-16T10:33:13.4819887Z","type":"sample"}
{"channel":"gsr","display":4020.4,"mu":0,"quality":"OK","raw":4020.4,"sigma":10,"state":"IDLE","t":"2026-07-16T10:33:13.5075761Z","type":"sample"}
{"channel":"rr","display":52.083333333333336,"mu":0,"quality":"OUT_OF_RANGE","raw":1743.8,"sigma":1.5,"state":"IDLE","t":"2026-07-16T10:33:13.5221893Z","type":"sample"}
{"channel":"rr","display":52.083333333333336,"mu":0,"quality":"OUT_OF_RANGE","raw":1744.1,"sigma":1.5,"state":"IDLE","t":"2026-07-16T10:33:13.5619216Z","type":"sample"}
{"channel":"rr","display":52.083333333333336,"mu":0,"quality":"OUT_OF_RANGE","raw":1742.5,"sigma":1.5,"state":"IDLE","t":"2026-07-16T10:33:13.6024053Z","type":"sample"}
{"channel":"gsr","display":4020.8,"mu":0,"quality":"OK","raw":4020.8,"sigma":10,"state":"IDLE","t":"2026-07-16T10:33:13.6074814Z","type":"sample"}
{"channel":"rr","display":52.083333333333336,"mu":0,"quality":"OUT_OF_RANGE","raw":1743.8,"sigma":1.5,"state":"IDLE","t":"2026-07-16T10:33:13.6424854Z","type":"sample"}
{"channel":"rr","display":52.083333333333336,"mu":0,"quality":"OUT_OF_RANGE","raw":1742.1,"sigma":1.5,"state":"IDLE","t":"2026-07-16T10:33:13.6824959Z","type":"sample"}
{"channel":"gsr","display":4021.8,"mu":0,"quality":"OK","raw":4021.8,"sigma":10,"state":"IDLE","t":"2026-07-16T10:33:13.7070495Z","type":"sample"}
{"channel":"rr","display":52.083333333333336,"mu":0,"quality":"OUT_OF_RANGE","raw":1743.1,"sigma":1.5,"state":"IDLE","t":"2026-07-16T10:33:13.7223592Z","type":"sample"}
{"channel":"hr","display":0,"mu":0,"quality":"OUT_OF_RANGE","raw":80,"sigma":3,"state":"IDLE","t":"2026-07-16T10:33:13.8257544Z","type":"sample"}
{"channel":"rr","display":52.083333333333336,"mu":0,"quality":"OUT_OF_RANGE","raw":1744.2,"sigma":1.5,"state":"IDLE","t":"2026-07-16T10:33:13.83045Z","type":"sample"}
{"channel":"gsr","display":4000.6,"mu":0,"quality":"OK","raw":4000.6,"sigma":10,"state":"IDLE","t":"2026-07-16T10:33:13.8387596Z","type":"sample"}
{"channel":"rr","display":52.083333333333336,"mu":0,"quality":"OUT_OF_RANGE","raw":1744.1,"sigma":1.5,"state":"IDLE","t":"2026-07-16T10:33:13.8661569Z","type":"sample"}
{"channel":"rr","display":52.083333333333336,"mu":0,"quality":"OUT_OF_RANGE","raw":1743.6,"sigma":1.5,"state":"IDLE","t":"2026-07-16T10:33:13.9103431Z","type":"sample"}
{"channel":"gsr","display":4023.3,"mu":0,"quality":"OK","raw":4023.3,"sigma":10,"state":"IDLE","t":"2026-07-16T10:33:13.9396659Z","type":"sample"}
{"address":"/cue/g1/start","args":null,"channel":"system","dir":"out","t":"2026-07-16T10:33:13.9413093Z","type":"osc"}
{"channel":"rr","display":52.083333333333336,"mu":0,"quality":"OUT_OF_RANGE","raw":1742.6,"sigma":1.5,"state":"IDLE","t":"2026-07-16T10:33:13.9492729Z","type":"sample"}
{"channel":"rr","display":52.083333333333336,"mu":0,"quality":"OUT_OF_RANGE","raw":1742.8,"sigma":1.5,"state":"IDLE","t":"2026-07-16T10:33:13.9904179Z","type":"sample"}
{"channel":"rr","display":52.083333333333336,"mu":0,"quality":"OUT_OF_RANGE","raw":1742.8,"sigma":1.5,"state":"IDLE","t":"2026-07-16T10:33:14.0303252Z","type":"sample"}
{"channel":"gsr","display":4031.7,"mu":0,"quality":"OK","raw":4031.7,"sigma":10,"state":"IDLE","t":"2026-07-16T10:33:14.0393455Z","type":"sample"}
{"channel":"rr","display":52.083333333333336,"mu":0,"quality":"OUT_OF_RANGE","raw":1742.9,"sigma":1.5,"state":"IDLE","t":"2026-07-16T10:33:14.0704122Z","type":"sample"}
{"channel":"rr","display":52.083333333333336,"mu":0,"quality":"OUT_OF_RANGE","raw":1742.2,"sigma":1.5,"state":"IDLE","t":"2026-07-16T10:33:14.107112Z","type":"sample"}
{"channel":"gsr","display":4033.4,"mu":0,"quality":"OK","raw":4033.4,"sigma":10,"state":"IDLE","t":"2026-07-16T10:33:14.1399599Z","type":"sample"}
{"channel":"rr","display":53.30490405117271,"mu":0,"quality":"OUT_OF_RANGE","raw":1743.5,"sigma":1.5,"state":"IDLE","t":"2026-07-16T10:33:14.1498565Z","type":"sample"}
{"channel":"rr","display":53.30490405117271,"mu":0,"quality":"OUT_OF_RANGE","raw":1742.5,"sigma":1.5,"state":"IDLE","t":"2026-07-16T10:33:14.1904309Z","type":"sample"}
{"channel":"rr","display":53.30490405117271,"mu":0,"quality":"OUT_OF_RANGE","raw":1742.9,"sigma":1.5,"state":"IDLE","t":"2026-07-16T10:33:14.2303833Z","type":"sample"}
{"channel":"hr","display":0,"mu":0,"quality":"OUT_OF_RANGE","raw":80,"sigma":3,"state":"IDLE","t":"2026-07-16T10:33:14.2308865Z","type":"sample"}
{"channel":"gsr","display":4034.2,"mu":0,"quality":"OK","raw":4034.2,"sigma":10,"state":"IDLE","t":"2026-07-16T10:33:14.2402432Z","type":"sample"}
{"channel":"rr","display":53.30490405117271,"mu":0,"quality":"OUT_OF_RANGE","raw":1741.9,"sigma":1.5,"state":"IDLE","t":"2026-07-16T10:33:14.2704794Z","type":"sample"}
{"channel":"rr","display":53.30490405117271,"mu":0,"quality":"OUT_OF_RANGE","raw":1743.9,"sigma":1.5,"state":"IDLE","t":"2026-07-16T10:33:14.3104058Z","type":"sample"}
{"channel":"gsr","display":4031.7,"mu":0,"quality":"OK","raw":4031.7,"sigma":10,"state":"IDLE","t":"2026-07-16T10:33:14.3383808Z","type":"sample"}
{"address":"/cue/p/start","args":null,"channel":"system","dir":"out","t":"2026-07-16T10:33:14.3455393Z","type":"osc"}
{"channel":"rr","display":53.30490405117271,"mu":0,"quality":"OUT_OF_RANGE","raw":1744.1,"sigma":1.5,"state":"IDLE","t":"2026-07-16T10:33:14.3491911Z","type":"sample"}
{"channel":"rr","display":53.30490405117271,"mu":0,"quality":"OUT_OF_RANGE","raw":1741.9,"sigma":1.5,"state":"IDLE","t":"2026-07-16T10:33:14.3903486Z","type":"sample"}
{"channel":"rr","display":53.30490405117271,"mu":0,"quality":"OUT_OF_RANGE","raw":1742.8,"sigma":1.5,"state":"IDLE","t":"2026-07-16T10:33:14.4304907Z","type":"sample"}
{"channel":"gsr","display":4034,"mu":0,"quality":"OK","raw":4034,"sigma":10,"state":"IDLE","t":"2026-07-16T10:33:14.4393796Z","type":"sample"}
{"channel":"rr","display":53.30490405117271,"mu":0,"quality":"OUT_OF_RANGE","raw":1743.8,"sigma":1.5,"state":"IDLE","t":"2026-07-16T10:33:14.4704066Z","type":"sample"}
{"channel":"rr","display":53.30490405117271,"mu":0,"quality":"OUT_OF_RANGE","raw":1741.9,"sigma":1.5,"state":"IDLE","t":"2026-07-16T10:33:14.5063735Z","type":"sample"}
{"channel":"gsr","display":4032.3,"mu":0,"quality":"OK","raw":4032.3,"sigma":10,"state":"IDLE","t":"2026-07-16T10:33:14.5394403Z","type":"sample"}
{"channel":"rr","display":53.30490405117271,"mu":0,"quality":"OUT_OF_RANGE","raw":1742.8,"sigma":1.5,"state":"IDLE","t":"2026-07-16T10:33:14.5472969Z","type":"sample"}
{"channel":"rr","display":53.30490405117271,"mu":0,"quality":"OUT_OF_RANGE","raw":1742.4,"sigma":1.5,"state":"IDLE","t":"2026-07-16T10:33:14.5892854Z","type":"sample"}
{"channel":"rr","display":53.30490405117271,"mu":0,"quality":"OUT_OF_RANGE","raw":1743.2,"sigma":1.5,"state":"IDLE","t":"2026-07-16T10:33:14.6286101Z","type":"sample"}
{"channel":"gsr","display":4034.3,"mu":0,"quality":"OK","raw":4034.3,"sigma":10,"state":"IDLE","t":"2026-07-16T10:33:14.63908Z","type":"sample"}
{"channel":"rr","display":53.30490405117271,"mu":0,"quality":"OUT_OF_RANGE","raw":1743.4,"sigma":1.5,"state":"IDLE","t":"2026-07-16T10:33:14.6682185Z","type":"sample"}
{"channel":"rr","display":53.30490405117271,"mu":0,"quality":"OUT_OF_RANGE","raw":1744.3,"sigma":1.5,"state":"IDLE","t":"2026-07-16T10:33:14.7068981Z","type":"sample"}
{"channel":"hr","display":0,"mu":0,"quality":"OUT_OF_RANGE","raw":80,"sigma":3,"state":"IDLE","t":"2026-07-16T10:33:14.7293381Z","type":"sample"}
{"channel":"gsr","display":4032.9,"mu":0,"quality":"OK","raw":4032.9,"sigma":10,"state":"IDLE","t":"2026-07-16T10:33:14.7393728Z","type":"sample"}
{"channel":"rr","display":53.30490405117271,"mu":0,"quality":"OUT_OF_RANGE","raw":1742.4,"sigma":1.5,"state":"IDLE","t":"2026-07-16T10:33:14.7497038Z","type":"sample"}
{"channel":"rr","display":53.30490405117271,"mu":0,"quality":"OUT_OF_RANGE","raw":1742.2,"sigma":1.5,"state":"IDLE","t":"2026-07-16T10:33:14.7897187Z","type":"sample"}
{"channel":"rr","display":53.30490405117271,"mu":0,"quality":"OUT_OF_RANGE","raw":1742.8,"sigma":1.5,"state":"IDLE","t":"2026-07-16T10:33:14.828516Z","type":"sample"}
{"channel":"gsr","display":4034.8,"mu":0,"quality":"OK","raw":4034.8,"sigma":10,"state":"IDLE","t":"2026-07-16T10:33:14.8395539Z","type":"sample"}
{"channel":"rr","display":53.30490405117271,"mu":0,"quality":"OUT_OF_RANGE","raw":1741.8,"sigma":1.5,"state":"IDLE","t":"2026-07-16T10:33:14.8704224Z","type":"sample"}
{"channel":"rr","display":53.30490405117271,"mu":0,"quality":"OUT_OF_RANGE","raw":1742.8,"sigma":1.5,"state":"IDLE","t":"2026-07-16T10:33:14.9076879Z","type":"sample"}
{"channel":"gsr","display":4031.2,"mu":0,"quality":"OK","raw":4031.2,"sigma":10,"state":"IDLE","t":"2026-07-16T10:33:14.9402027Z","type":"sample"}
{"address":"/cue/g1/start","args":null,"channel":"system","dir":"out","t":"2026-07-16T10:33:14.9473621Z","type":"osc"}
{"channel":"rr","display":53.30490405117271,"mu":0,"quality":"OUT_OF_RANGE","raw":1743.1,"sigma":1.5,"state":"IDLE","t":"2026-07-16T10:33:14.9504632Z","type":"sample"}
{"channel":"rr","display":53.30490405117271,"mu":0,"quality":"OUT_OF_RANGE","raw":1742.2,"sigma":1.5,"state":"IDLE","t":"2026-07-16T10:33:14.9894777Z","type":"sample"}
{"channel":"rr","display":53.30490405117271,"mu":0,"quality":"OUT_OF_RANGE","raw":1741.6,"sigma":1.5,"state":"IDLE","t":"2026-07-16T10:33:15.0304803Z","type":"sample"}
{"channel":"gsr","display":4032.4,"mu":0,"quality":"OK","raw":4032.4,"sigma":10,"state":"IDLE","t":"2026-07-16T10:33:15.0395119Z","type":"sample"}
{"channel":"rr","display":53.30490405117271,"mu":0,"quality":"OUT_OF_RANGE","raw":1744.1,"sigma":1.5,"state":"IDLE","t":"2026-07-16T10:33:15.0704345Z","type":"sample"}
{"channel":"rr","display":53.30490405117271,"mu":0,"quality":"OUT_OF_RANGE","raw":1744.2,"sigma":1.5,"state":"IDLE","t":"2026-07-16T10:33:15.110379Z","type":"sample"}
{"channel":"gsr","display":4027.8,"mu":0,"quality":"OK","raw":4027.8,"sigma":10,"state":"IDLE","t":"2026-07-16T10:33:15.1395418Z","type":"sample"}
{"channel":"rr","display":53.30490405117271,"mu":0,"quality":"OUT_OF_RANGE","raw":1743.9,"sigma":1.5,"state":"IDLE","t":"2026-07-16T10:33:15.147881Z","type":"sample"}
{"channel":"rr","display":53.30490405117271,"mu":0,"quality":"OUT_OF_RANGE","raw":1742.4,"sigma":1.5,"state":"IDLE","t":"2026-07-16T10:33:15.1903557Z","type":"sample"}
{"channel":"rr","display":53.30490405117271,"mu":0,"quality":"OUT_OF_RANGE","raw":1741.8,"sigma":1.5,"state":"IDLE","t":"2026-07-16T10:33:15.2285092Z","type":"sample"}
{"channel":"hr","display":0,"mu":0,"quality":"OUT_OF_RANGE","raw":79,"sigma":3,"state":"IDLE","t":"2026-07-16T10:33:15.2305185Z","type":"sample"}
{"channel":"gsr","display":4035.1,"mu":0,"quality":"OK","raw":4035.1,"sigma":10,"state":"IDLE","t":"2026-07-16T10:33:15.2391338Z","type":"sample"}
{"channel":"rr","display":53.30490405117271,"mu":0,"quality":"OUT_OF_RANGE","raw":1743.1,"sigma":1.5,"state":"IDLE","t":"2026-07-16T10:33:15.2655152Z","type":"sample"}
{"channel":"rr","display":53.30490405117271,"mu":0,"quality":"OUT_OF_RANGE","raw":1744.2,"sigma":1.5,"state":"IDLE","t":"2026-07-16T10:33:15.309658Z","type":"sample"}
{"channel":"gsr","display":4030.7,"mu":0,"quality":"OK","raw":4030.7,"sigma":10,"state":"IDLE","t":"2026-07-16T10:33:15.3395239Z","type":"sample"}
{"address":"/cue/p/start","args":null,"channel":"system","dir":"out","t":"2026-07-16T10:33:15.3452205Z","type":"osc"}
{"channel":"rr","display":53.30490405117271,"mu":0,"quality":"OUT_OF_RANGE","raw":1743.2,"sigma":1.5,"state":"IDLE","t":"2026-07-16T10:33:15.3496271Z","type":"sample"}
{"channel":"rr","display":53.30490405117271,"mu":0,"quality":"OUT_OF_RANGE","raw":1741.5,"sigma":1.5,"state":"IDLE","t":"2026-07-16T10:33:15.389129Z","type":"sample"}
{"channel":"rr","display":53.30490405117271,"mu":0,"quality":"OUT_OF_RANGE","raw":1744.6,"sigma":1.5,"state":"IDLE","t":"2026-07-16T10:33:15.430381Z","type":"sample"}
{"channel":"gsr","display":4031.7,"mu":0,"quality":"OK","raw":4031.7,"sigma":10,"state":"IDLE","t":"2026-07-16T10:33:15.4395015Z","type":"sample"}
{"channel":"rr","display":53.30490405117271,"mu":0,"quality":"OUT_OF_RANGE","raw":1744.6,"sigma":1.5,"state":"IDLE","t":"2026-07-16T10:33:15.4704428Z","type":"sample"}
{"channel":"rr","display":53.30490405117271,"mu":0,"quality":"OUT_OF_RANGE","raw":1741.8,"sigma":1.5,"state":"IDLE","t":"2026-07-16T10:33:15.5103749Z","type":"sample"}
{"channel":"gsr","display":4029.5,"mu":0,"quality":"OK","raw":4029.5,"sigma":10,"state":"IDLE","t":"2026-07-16T10:33:15.5394593Z","type":"sample"}
{"channel":"rr","display":53.30490405117271,"mu":0,"quality":"OUT_OF_RANGE","raw":1743.4,"sigma":1.5,"state":"IDLE","t":"2026-07-16T10:33:15.5501856Z","type":"sample"}
{"channel":"rr","display":53.30490405117271,"mu":0,"quality":"OUT_OF_RANGE","raw":1743.4,"sigma":1.5,"state":"IDLE","t":"2026-07-16T10:33:15.5903624Z","type":"sample"}
{"channel":"rr","display":53.30490405117271,"mu":0,"quality":"OUT_OF_RANGE","raw":1743.1,"sigma":1.5,"state":"IDLE","t":"2026-07-16T10:33:15.6285086Z","type":"sample"}
{"channel":"gsr","display":4026.1,"mu":0,"quality":"OK","raw":4026.1,"sigma":10,"state":"IDLE","t":"2026-07-16T10:33:15.6391491Z","type":"sample"}
{"channel":"rr","display":53.30490405117271,"mu":0,"quality":"OUT_OF_RANGE","raw":1741.4,"sigma":1.5,"state":"IDLE","t":"2026-07-16T10:33:15.6703149Z","type":"sample"}
{"channel":"rr","display":53.30490405117271,"mu":0,"quality":"OUT_OF_RANGE","raw":1741.3,"sigma":1.5,"state":"IDLE","t":"2026-07-16T10:33:15.7100691Z","type":"sample"}
{"channel":"hr","display":0,"mu":0,"quality":"OUT_OF_RANGE","raw":79,"sigma":3,"state":"IDLE","t":"2026-07-16T10:33:15.7294697Z","type":"sample"}
{"channel":"gsr","display":4030.8,"mu":0,"quality":"OK","raw":4030.8,"sigma":10,"state":"IDLE","t":"2026-07-16T10:33:15.7392737Z","type":"sample"}
{"channel":"rr","display":53.30490405117271,"mu":0,"quality":"OUT_OF_RANGE","raw":1743.3,"sigma":1.5,"state":"IDLE","t":"2026-07-16T10:33:15.7470237Z","type":"sample"}
{"channel":"rr","display":53.30490405117271,"mu":0,"quality":"OUT_OF_RANGE","raw":1741.1,"sigma":1.5,"state":"IDLE","t":"2026-07-16T10:33:15.7903731Z","type":"sample"}
{"channel":"rr","display":53.30490405117271,"mu":0,"quality":"OUT_OF_RANGE","raw":1742.2,"sigma":1.5,"state":"IDLE","t":"2026-07-16T10:33:15.8304491Z","type":"sample"}
{"channel":"gsr","display":4030.2,"mu":0,"quality":"OK","raw":4030.2,"sigma":10,"state":"IDLE","t":"2026-07-16T10:33:15.8391986Z","type":"sample"}
{"channel":"rr","display":53.30490405117271,"mu":0,"quality":"OUT_OF_RANGE","raw":1741.9,"sigma":1.5,"state":"IDLE","t":"2026-07-16T10:33:15.8659183Z","type":"sample"}
{"channel":"rr","display":53.30490405117271,"mu":0,"quality":"OUT_OF_RANGE","raw":1743.2,"sigma":1.5,"state":"IDLE","t":"2026-07-16T10:33:15.9103369Z","type":"sample"}
{"channel":"gsr","display":4030,"mu":0,"quality":"OK","raw":4030,"sigma":10,"state":"IDLE","t":"2026-07-16T10:33:15.9395574Z","type":"sample"}
{"channel":"rr","display":53.30490405117271,"mu":0,"quality":"OUT_OF_RANGE","raw":1744.2,"sigma":1.5,"state":"IDLE","t":"2026-07-16T10:33:15.946085Z","type":"sample"}
{"address":"/cue/g1/start","args":null,"channel":"system","dir":"out","t":"2026-07-16T10:33:15.9620293Z","type":"osc"}
{"channel":"rr","display":53.30490405117271,"mu":0,"quality":"OUT_OF_RANGE","raw":1742,"sigma":1.5,"state":"IDLE","t":"2026-07-16T10:33:15.9895718Z","type":"sample"}
{"channel":"rr","display":53.30490405117271,"mu":0,"quality":"OUT_OF_RANGE","raw":1742.4,"sigma":1.5,"state":"IDLE","t":"2026-07-16T10:33:16.0303823Z","type":"sample"}
{"channel":"gsr","display":4030.3,"mu":0,"quality":"OK","raw":4030.3,"sigma":10,"state":"IDLE","t":"2026-07-16T10:33:16.0392882Z","type":"sample"}
{"channel":"rr","display":53.30490405117271,"mu":0,"quality":"OUT_OF_RANGE","raw":1742.2,"sigma":1.5,"state":"IDLE","t":"2026-07-16T10:33:16.0679909Z","type":"sample"}
{"channel":"rr","display":53.30490405117271,"mu":0,"quality":"OUT_OF_RANGE","raw":1742.7,"sigma":1.5,"state":"IDLE","t":"2026-07-16T10:33:16.1103222Z","type":"sample"}
{"channel":"gsr","display":4029.8,"mu":0,"quality":"OK","raw":4029.8,"sigma":10,"state":"IDLE","t":"2026-07-16T10:33:16.1397095Z","type":"sample"}
{"channel":"rr","display":53.30490405117271,"mu":0,"quality":"OUT_OF_RANGE","raw":1743,"sigma":1.5,"state":"IDLE","t":"2026-07-16T10:33:16.1504404Z","type":"sample"}
{"channel":"rr","display":53.30490405117271,"mu":0,"quality":"OUT_OF_RANGE","raw":1742.4,"sigma":1.5,"state":"IDLE","t":"2026-07-16T10:33:16.1903777Z","type":"sample"}
{"channel":"rr","display":53.30490405117271,"mu":0,"quality":"OUT_OF_RANGE","raw":1741.9,"sigma":1.5,"state":"IDLE","t":"2026-07-16T10:33:16.2303696Z","type":"sample"}
{"channel":"hr","display":0,"mu":0,"quality":"OUT_OF_RANGE","raw":79,"sigma":3,"state":"IDLE","t":"2026-07-16T10:33:16.2308801Z","type":"sample"}
{"channel":"gsr","display":4030.8,"mu":0,"quality":"OK","raw":4030.8,"sigma":10,"state":"IDLE","t":"2026-07-16T10:33:16.2390256Z","type":"sample"}
{"channel":"rr","display":54.46623093681918,"mu":0,"quality":"OUT_OF_RANGE","raw":1742.8,"sigma":1.5,"state":"IDLE","t":"2026-07-16T10:33:16.2699546Z","type":"sample"}
{"channel":"rr","display":54.46623093681918,"mu":0,"quality":"OUT_OF_RANGE","raw":1742.9,"sigma":1.5,"state":"IDLE","t":"2026-07-16T10:33:16.3101788Z","type":"sample"}
{"channel":"gsr","display":4026.2,"mu":0,"quality":"OK","raw":4026.2,"sigma":10,"state":"IDLE","t":"2026-07-16T10:33:16.3396843Z","type":"sample"}
{"address":"/cue/p/start","args":null,"channel":"system","dir":"out","t":"2026-07-16T10:33:16.3458578Z","type":"osc"}
{"channel":"rr","display":54.46623093681918,"mu":0,"quality":"OUT_OF_RANGE","raw":1742.4,"sigma":1.5,"state":"IDLE","t":"2026-07-16T10:33:16.3499874Z","type":"sample"}
{"channel":"rr","display":54.46623093681918,"mu":0,"quality":"OUT_OF_RANGE","raw":1742.6,"sigma":1.5,"state":"IDLE","t":"2026-07-16T10:33:16.3904893Z","type":"sample"}
{"channel":"rr","display":54.46623093681918,"mu":0,"quality":"OUT_OF_RANGE","raw":1742.7,"sigma":1.5,"state":"IDLE","t":"2026-07-16T10:33:16.4303922Z","type":"sample"}
{"channel":"gsr","display":4027.9,"mu":0,"quality":"OK","raw":4027.9,"sigma":10,"state":"IDLE","t":"2026-07-16T10:33:16.4392811Z","type":"sample"}
{"channel":"rr","display":54.46623093681918,"mu":0,"quality":"OUT_OF_RANGE","raw":1742.7,"sigma":1.5,"state":"IDLE","t":"2026-07-16T10:33:16.4704135Z","type":"sample"}
{"channel":"rr","display":54.46623093681918,"mu":0,"quality":"OUT_OF_RANGE","raw":1742.8,"sigma":1.5,"state":"IDLE","t":"2026-07-16T10:33:16.5103249Z","type":"sample"}
{"channel":"gsr","display":4031,"mu":0,"quality":"OK","raw":4031,"sigma":10,"state":"IDLE","t":"2026-07-16T10:33:16.5394797Z","type":"sample"}
{"channel":"rr","display":54.46623093681918,"mu":0,"quality":"OUT_OF_RANGE","raw":1744.4,"sigma":1.5,"state":"IDLE","t":"2026-07-16T10:33:16.5494791Z","type":"sample"}
{"channel":"rr","display":54.46623093681918,"mu":0,"quality":"OUT_OF_RANGE","raw":1742.3,"sigma":1.5,"state":"IDLE","t":"2026-07-16T10:33:16.5903401Z","type":"sample"}
{"channel":"rr","display":54.46623093681918,"mu":0,"quality":"OUT_OF_RANGE","raw":1740.5,"sigma":1.5,"state":"IDLE","t":"2026-07-16T10:33:16.6299054Z","type":"sample"}
{"channel":"gsr","display":4032,"mu":0,"quality":"OK","raw":4032,"sigma":10,"state":"IDLE","t":"2026-07-16T10:33:16.6397031Z","type":"sample"}
{"channel":"rr","display":54.46623093681918,"mu":0,"quality":"OUT_OF_RANGE","raw":1743.6,"sigma":1.5,"state":"IDLE","t":"2026-07-16T10:33:16.6661527Z","type":"sample"}
{"channel":"rr","display":54.46623093681918,"mu":0,"quality":"OUT_OF_RANGE","raw":1742.2,"sigma":1.5,"state":"IDLE","t":"2026-07-16T10:33:16.7094018Z","type":"sample"}
{"channel":"hr","display":0,"mu":0,"quality":"OUT_OF_RANGE","raw":79,"sigma":3,"state":"IDLE","t":"2026-07-16T10:33:16.730268Z","type":"sample"}
{"channel":"gsr","display":4030.3,"mu":0,"quality":"OK","raw":4030.3,"sigma":10,"state":"IDLE","t":"2026-07-16T10:33:16.739342Z","type":"sample"}
{"channel":"rr","display":54.46623093681918,"mu":0,"quality":"OUT_OF_RANGE","raw":1742.8,"sigma":1.5,"state":"IDLE","t":"2026-07-16T10:33:16.7466044Z","type":"sample"}
{"channel":"rr","display":54.46623093681918,"mu":0,"quality":"OUT_OF_RANGE","raw":1743,"sigma":1.5,"state":"IDLE","t":"2026-07-16T10:33:16.7899245Z","type":"sample"}
{"channel":"rr","display":54.46623093681918,"mu":0,"quality":"OUT_OF_RANGE","raw":1744,"sigma":1.5,"state":"IDLE","t":"2026-07-16T10:33:16.8303467Z","type":"sample"}
{"channel":"gsr","display":4028.4,"mu":0,"quality":"OK","raw":4028.4,"sigma":10,"state":"IDLE","t":"2026-07-16T10:33:16.8392473Z","type":"sample"}
{"channel":"rr","display":54.46623093681918,"mu":0,"quality":"OUT_OF_RANGE","raw":1743.4,"sigma":1.5,"state":"IDLE","t":"2026-07-16T10:33:16.8704058Z","type":"sample"}
{"channel":"rr","display":54.46623093681918,"mu":0,"quality":"OUT_OF_RANGE","raw":1744.9,"sigma":1.5,"state":"IDLE","t":"2026-07-16T10:33:16.9097038Z","type":"sample"}
{"channel":"gsr","display":4033,"mu":0,"quality":"OK","raw":4033,"sigma":10,"state":"IDLE","t":"2026-07-16T10:33:16.9393908Z","type":"sample"}
{"channel":"rr","display":54.46623093681918,"mu":0,"quality":"OUT_OF_RANGE","raw":1744.8,"sigma":1.5,"state":"IDLE","t":"2026-07-16T10:33:16.9502297Z","type":"sample"}
{"address":"/cue/g1/start","args":null,"channel":"system","dir":"out","t":"2026-07-16T10:33:16.9671766Z","type":"osc"}
{"channel":"rr","display":54.46623093681918,"mu":0,"quality":"OUT_OF_RANGE","raw":1742.6,"sigma":1.5,"state":"IDLE","t":"2026-07-16T10:33:16.989552Z","type":"sample"}
{"channel":"rr","display":54.46623093681918,"mu":0,"quality":"OUT_OF_RANGE","raw":1743.9,"sigma":1.5,"state":"IDLE","t":"2026-07-16T10:33:17.0287157Z","type":"sample"}
{"channel":"gsr","display":4028.6,"mu":0,"quality":"OK","raw":4028.6,"sigma":10,"state":"IDLE","t":"2026-07-16T10:33:17.0392797Z","type":"sample"}
{"channel":"rr","display":54.46623093681918,"mu":0,"quality":"OUT_OF_RANGE","raw":1743.7,"sigma":1.5,"state":"IDLE","t":"2026-07-16T10:33:17.0702906Z","type":"sample"}
{"channel":"rr","display":54.46623093681918,"mu":0,"quality":"OUT_OF_RANGE","raw":1742.4,"sigma":1.5,"state":"IDLE","t":"2026-07-16T10:33:17.1071177Z","type":"sample"}
{"channel":"gsr","display":4030.9,"mu":0,"quality":"OK","raw":4030.9,"sigma":10,"state":"IDLE","t":"2026-07-16T10:33:17.1387087Z","type":"sample"}
{"channel":"rr","display":54.46623093681918,"mu":0,"quality":"OUT_OF_RANGE","raw":1744.2,"sigma":1.5,"state":"IDLE","t":"2026-07-16T10:33:17.1458085Z","type":"sample"}
{"channel":"rr","display":54.46623093681918,"mu":0,"quality":"OUT_OF_RANGE","raw":1742.6,"sigma":1.5,"state":"IDLE","t":"2026-07-16T10:33:17.1895362Z","type":"sample"}
{"channel":"rr","display":54.46623093681918,"mu":0,"quality":"OUT_OF_RANGE","raw":1745.1,"sigma":1.5,"state":"IDLE","t":"2026-07-16T10:33:17.2288144Z","type":"sample"}
{"channel":"hr","display":0,"mu":0,"quality":"OUT_OF_RANGE","raw":78,"sigma":3,"state":"IDLE","t":"2026-07-16T10:33:17.2308862Z","type":"sample"}
{"channel":"gsr","display":4029.5,"mu":0,"quality":"OK","raw":4029.5,"sigma":10,"state":"IDLE","t":"2026-07-16T10:33:17.238568Z","type":"sample"}
{"channel":"rr","display":54.46623093681918,"mu":0,"quality":"OUT_OF_RANGE","raw":1743.6,"sigma":1.5,"state":"IDLE","t":"2026-07-16T10:33:17.2704022Z","type":"sample"}
{"channel":"rr","display":54.46623093681918,"mu":0,"quality":"OUT_OF_RANGE","raw":1741.9,"sigma":1.5,"state":"IDLE","t":"2026-07-16T10:33:17.3105326Z","type":"sample"}
{"channel":"gsr","display":4031.5,"mu":0,"quality":"OK","raw":4031.5,"sigma":10,"state":"IDLE","t":"2026-07-16T10:33:17.3395993Z","type":"sample"}
{"address":"/cue/p/start","args":null,"channel":"system","dir":"out","t":"2026-07-16T10:33:17.3456281Z","type":"osc"}
{"channel":"rr","display":54.07354001441961,"mu":0,"quality":"OUT_OF_RANGE","raw":1742.8,"sigma":1.5,"state":"IDLE","t":"2026-07-16T10:33:17.3498361Z","type":"sample"}
{"channel":"rr","display":54.07354001441961,"mu":0,"quality":"OUT_OF_RANGE","raw":1743.6,"sigma":1.5,"state":"IDLE","t":"2026-07-16T10:33:17.3901418Z","type":"sample"}
{"channel":"rr","display":54.07354001441961,"mu":0,"quality":"OUT_OF_RANGE","raw":1742.8,"sigma":1.5,"state":"IDLE","t":"2026-07-16T10:33:17.4304205Z","type":"sample"}
{"channel":"gsr","display":4026.9,"mu":0,"quality":"OK","raw":4026.9,"sigma":10,"state":"IDLE","t":"2026-07-16T10:33:17.4396899Z","type":"sample"}
{"channel":"rr","display":54.07354001441961,"mu":0,"quality":"OUT_OF_RANGE","raw":1744.6,"sigma":1.5,"state":"IDLE","t":"2026-07-16T10:33:17.4690201Z","type":"sample"}
{"channel":"rr","display":54.07354001441961,"mu":0,"quality":"OUT_OF_RANGE","raw":1744.2,"sigma":1.5,"state":"IDLE","t":"2026-07-16T10:33:17.5101128Z","type":"sample"}
{"channel":"gsr","display":4030.9,"mu":0,"quality":"OK","raw":4030.9,"sigma":10,"state":"IDLE","t":"2026-07-16T10:33:17.540259Z","type":"sample"}
{"channel":"rr","display":54.07354001441961,"mu":0,"quality":"OUT_OF_RANGE","raw":1744.2,"sigma":1.5,"state":"IDLE","t":"2026-07-16T10:33:17.5503113Z","type":"sample"}
{"channel":"rr","display":54.07354001441961,"mu":0,"quality":"OUT_OF_RANGE","raw":1744.8,"sigma":1.5,"state":"IDLE","t":"2026-07-16T10:33:17.5903616Z","type":"sample"}
{"channel":"rr","display":54.07354001441961,"mu":0,"quality":"OUT_OF_RANGE","raw":1743.3,"sigma":1.5,"state":"IDLE","t":"2026-07-16T10:33:17.6304295Z","type":"sample"}
{"channel":"gsr","display":4030.8,"mu":0,"quality":"OK","raw":4030.8,"sigma":10,"state":"IDLE","t":"2026-07-16T10:33:17.6394681Z","type":"sample"}
{"channel":"rr","display":54.07354001441961,"mu":0,"quality":"OUT_OF_RANGE","raw":1745.3,"sigma":1.5,"state":"IDLE","t":"2026-07-16T10:33:17.6696708Z","type":"sample"}
{"channel":"rr","display":54.07354001441961,"mu":0,"quality":"OUT_OF_RANGE","raw":1743.7,"sigma":1.5,"state":"IDLE","t":"2026-07-16T10:33:17.7103409Z","type":"sample"}
{"channel":"hr","display":0,"mu":0,"quality":"OUT_OF_RANGE","raw":78,"sigma":3,"state":"IDLE","t":"2026-07-16T10:33:17.7292674Z","type":"sample"}
{"channel":"gsr","display":4029.7,"mu":0,"quality":"OK","raw":4029.7,"sigma":10,"state":"IDLE","t":"2026-07-16T10:33:17.7393675Z","type":"sample"}
{"channel":"rr","display":54.07354001441961,"mu":0,"quality":"OUT_OF_RANGE","raw":1744.2,"sigma":1.5,"state":"IDLE","t":"2026-07-16T10:33:17.7504424Z","type":"sample"}
{"channel":"rr","display":54.07354001441961,"mu":0,"quality":"OUT_OF_RANGE","raw":1745.2,"sigma":1.5,"state":"IDLE","t":"2026-07-16T10:33:17.790391Z","type":"sample"}
{"channel":"rr","display":54.07354001441961,"mu":0,"quality":"OUT_OF_RANGE","raw":1745.7,"sigma":1.5,"state":"IDLE","t":"2026-07-16T10:33:17.8303622Z","type":"sample"}
{"channel":"gsr","display":4031.5,"mu":0,"quality":"OK","raw":4031.5,"sigma":10,"state":"IDLE","t":"2026-07-16T10:33:17.8393468Z","type":"sample"}
{"channel":"rr","display":54.07354001441961,"mu":0,"quality":"OUT_OF_RANGE","raw":1744.5,"sigma":1.5,"state":"IDLE","t":"2026-07-16T10:33:17.8701522Z","type":"sample"}
{"channel":"rr","display":54.07354001441961,"mu":0,"quality":"OUT_OF_RANGE","raw":1746.2,"sigma":1.5,"state":"IDLE","t":"2026-07-16T10:33:17.9104048Z","type":"sample"}
{"channel":"gsr","display":4032.1,"mu":0,"quality":"OK","raw":4032.1,"sigma":10,"state":"IDLE","t":"2026-07-16T10:33:17.9399635Z","type":"sample"}
{"channel":"rr","display":54.07354001441961,"mu":0,"quality":"OUT_OF_RANGE","raw":1747.2,"sigma":1.5,"state":"IDLE","t":"2026-07-16T10:33:17.9480432Z","type":"sample"}
{"address":"/cue/g1/start","args":null,"channel":"system","dir":"out","t":"2026-07-16T10:33:17.9717894Z","type":"osc"}
{"channel":"rr","display":54.07354001441961,"mu":0,"quality":"OUT_OF_RANGE","raw":1745.2,"sigma":1.5,"state":"IDLE","t":"2026-07-16T10:33:17.9904656Z","type":"sample"}
{"channel":"rr","display":54.07354001441961,"mu":0,"quality":"OUT_OF_RANGE","raw":1744.2,"sigma":1.5,"state":"IDLE","t":"2026-07-16T10:33:18.0304193Z","type":"sample"}
{"channel":"gsr","display":4030.7,"mu":0,"quality":"OK","raw":4030.7,"sigma":10,"state":"IDLE","t":"2026-07-16T10:33:18.0395469Z","type":"sample"}
{"channel":"rr","display":54.07354001441961,"mu":0,"quality":"OUT_OF_RANGE","raw":1745.1,"sigma":1.5,"state":"IDLE","t":"2026-07-16T10:33:18.0671663Z","type":"sample"}
{"channel":"rr","display":54.07354001441961,"mu":0,"quality":"OUT_OF_RANGE","raw":1744.9,"sigma":1.5,"state":"IDLE","t":"2026-07-16T10:33:18.1078746Z","type":"sample"}
{"channel":"gsr","display":4030.9,"mu":0,"quality":"OK","raw":4030.9,"sigma":10,"state":"IDLE","t":"2026-07-16T10:33:18.1395932Z","type":"sample"}
{"channel":"rr","display":54.07354001441961,"mu":0,"quality":"OUT_OF_RANGE","raw":1744.9,"sigma":1.5,"state":"IDLE","t":"2026-07-16T10:33:18.1503174Z","type":"sample"}
{"channel":"rr","display":54.07354001441961,"mu":0,"quality":"OUT_OF_RANGE","raw":1744.4,"sigma":1.5,"state":"IDLE","t":"2026-07-16T10:33:18.1904146Z","type":"sample"}
{"channel":"rr","display":54.07354001441961,"mu":0,"quality":"OUT_OF_RANGE","raw":1745,"sigma":1.5,"state":"IDLE","t":"2026-07-16T10:33:18.2300005Z","type":"sample"}
{"channel":"hr","display":0,"mu":0,"quality":"OUT_OF_RANGE","raw":78,"sigma":3,"state":"IDLE","t":"2026-07-16T10:33:18.2594998Z","type":"sample"}
{"channel":"gsr","display":4035.7,"mu":0,"quality":"OK","raw":4035.7,"sigma":10,"state":"IDLE","t":"2026-07-16T10:33:18.2660038Z","type":"sample"}
{"channel":"rr","display":54.07354001441961,"mu":0,"quality":"OUT_OF_RANGE","raw":1745.7,"sigma":1.5,"state":"IDLE","t":"2026-07-16T10:33:18.2731788Z","type":"sample"}
{"channel":"rr","display":54.07354001441961,"mu":0,"quality":"OUT_OF_RANGE","raw":1746.4,"sigma":1.5,"state":"IDLE","t":"2026-07-16T10:33:18.3120677Z","type":"sample"}
{"address":"/cue/p/start","args":null,"channel":"system","dir":"out","t":"2026-07-16T10:33:18.3450331Z","type":"osc"}
{"channel":"rr","display":54.07354001441961,"mu":0,"quality":"OUT_OF_RANGE","raw":1745.8,"sigma":1.5,"state":"IDLE","t":"2026-07-16T10:33:18.3493298Z","type":"sample"}
{"channel":"gsr","display":4056.8,"mu":0,"quality":"OK","raw":4056.8,"sigma":10,"state":"IDLE","t":"2026-07-16T10:33:18.3655923Z","type":"sample"}
{"channel":"rr","display":54.07354001441961,"mu":0,"quality":"OUT_OF_RANGE","raw":1744.3,"sigma":1.5,"state":"IDLE","t":"2026-07-16T10:33:18.3918572Z","type":"sample"}
{"channel":"rr","display":54.07354001441961,"mu":0,"quality":"OUT_OF_RANGE","raw":1744.7,"sigma":1.5,"state":"IDLE","t":"2026-07-16T10:33:18.4322669Z","type":"sample"}
{"channel":"gsr","display":4054.5,"mu":0,"quality":"OK","raw":4054.5,"sigma":10,"state":"IDLE","t":"2026-07-16T10:33:18.4657389Z","type":"sample"}
{"channel":"rr","display":54.07354001441961,"mu":0,"quality":"OUT_OF_RANGE","raw":1744.3,"sigma":1.5,"state":"IDLE","t":"2026-07-16T10:33:18.4722429Z","type":"sample"}
{"channel":"rr","display":54.07354001441961,"mu":0,"quality":"OUT_OF_RANGE","raw":1744.4,"sigma":1.5,"state":"IDLE","t":"2026-07-16T10:33:18.5119413Z","type":"sample"}
{"channel":"rr","display":54.07354001441961,"mu":0,"quality":"OUT_OF_RANGE","raw":1743.8,"sigma":1.5,"state":"IDLE","t":"2026-07-16T10:33:18.546126Z","type":"sample"}
{"channel":"gsr","display":4058.8,"mu":0,"quality":"OK","raw":4058.8,"sigma":10,"state":"IDLE","t":"2026-07-16T10:33:18.5668266Z","type":"sample"}
{"channel":"rr","display":54.07354001441961,"mu":0,"quality":"OUT_OF_RANGE","raw":1744.8,"sigma":1.5,"state":"IDLE","t":"2026-07-16T10:33:18.5923883Z","type":"sample"}
{"channel":"rr","display":54.07354001441961,"mu":0,"quality":"OUT_OF_RANGE","raw":1744.9,"sigma":1.5,"state":"IDLE","t":"2026-07-16T10:33:18.6324178Z","type":"sample"}
{"channel":"gsr","display":4056.5,"mu":0,"quality":"OK","raw":4056.5,"sigma":10,"state":"IDLE","t":"2026-07-16T10:33:18.6675237Z","type":"sample"}
{"channel":"rr","display":54.07354001441961,"mu":0,"quality":"OUT_OF_RANGE","raw":1744.5,"sigma":1.5,"state":"IDLE","t":"2026-07-16T10:33:18.6720952Z","type":"sample"}
{"channel":"rr","display":54.07354001441961,"mu":0,"quality":"OUT_OF_RANGE","raw":1744.8,"sigma":1.5,"state":"IDLE","t":"2026-07-16T10:33:18.7119439Z","type":"sample"}
{"channel":"hr","display":0,"mu":0,"quality":"OUT_OF_RANGE","raw":78,"sigma":3,"state":"IDLE","t":"2026-07-16T10:33:18.7300073Z","type":"sample"}
{"channel":"rr","display":54.07354001441961,"mu":0,"quality":"OUT_OF_RANGE","raw":1745.2,"sigma":1.5,"state":"IDLE","t":"2026-07-16T10:33:18.7522208Z","type":"sample"}
{"channel":"gsr","display":4057.2,"mu":0,"quality":"OK","raw":4057.2,"sigma":10,"state":"IDLE","t":"2026-07-16T10:33:18.7657787Z","type":"sample"}
{"channel":"rr","display":54.07354001441961,"mu":0,"quality":"OUT_OF_RANGE","raw":1743.3,"sigma":1.5,"state":"IDLE","t":"2026-07-16T10:33:18.7923597Z","type":"sample"}
{"channel":"rr","display":54.07354001441961,"mu":0,"quality":"OUT_OF_RANGE","raw":1743.6,"sigma":1.5,"state":"IDLE","t":"2026-07-16T10:33:18.8283668Z","type":"sample"}
{"channel":"gsr","display":4059,"mu":0,"quality":"OK","raw":4059,"sigma":10,"state":"IDLE","t":"2026-07-16T10:33:18.8674796Z","type":"sample"}
{"channel":"rr","display":54.07354001441961,"mu":0,"quality":"OUT_OF_RANGE","raw":1745.1,"sigma":1.5,"state":"IDLE","t":"2026-07-16T10:33:18.8721183Z","type":"sample"}
{"channel":"rr","display":54.07354001441961,"mu":0,"quality":"OUT_OF_RANGE","raw":1744.6,"sigma":1.5,"state":"IDLE","t":"2026-07-16T10:33:18.9121445Z","type":"sample"}
{"channel":"rr","display":54.07354001441961,"mu":0,"quality":"OUT_OF_RANGE","raw":1742.8,"sigma":1.5,"state":"IDLE","t":"2026-07-16T10:33:18.952399Z","type":"sample"}
{"channel":"gsr","display":4059.3,"mu":0,"quality":"OK","raw":4059.3,"sigma":10,"state":"IDLE","t":"2026-07-16T10:33:18.9675652Z","type":"sample"}
{"address":"/cue/g1/start","args":null,"channel":"system","dir":"out","t":"2026-07-16T10:33:18.9805692Z","type":"osc"}
{"channel":"rr","display":49.42339373970346,"mu":0,"quality":"OUT_OF_RANGE","raw":1744.4,"sigma":1.5,"state":"IDLE","t":"2026-07-16T10:33:18.9898024Z","type":"sample"}
{"channel":"rr","display":49.42339373970346,"mu":0,"quality":"OUT_OF_RANGE","raw":1743.8,"sigma":1.5,"state":"IDLE","t":"2026-07-16T10:33:19.0323218Z","type":"sample"}
{"channel":"gsr","display":4055.6,"mu":0,"quality":"OK","raw":4055.6,"sigma":10,"state":"IDLE","t":"2026-07-16T10:33:19.0675149Z","type":"sample"}
{"channel":"rr","display":49.42339373970346,"mu":0,"quality":"OUT_OF_RANGE","raw":1743.9,"sigma":1.5,"state":"IDLE","t":"2026-07-16T10:33:19.0721835Z","type":"sample"}
{"channel":"rr","display":49.42339373970346,"mu":0,"quality":"OUT_OF_RANGE","raw":1743.3,"sigma":1.5,"state":"IDLE","t":"2026-07-16T10:33:19.1121383Z","type":"sample"}
{"channel":"rr","display":49.42339373970346,"mu":0,"quality":"OUT_OF_RANGE","raw":1744.4,"sigma":1.5,"state":"IDLE","t":"2026-07-16T10:33:19.152389Z","type":"sample"}
{"channel":"gsr","display":4058.9,"mu":0,"quality":"OK","raw":4058.9,"sigma":10,"state":"IDLE","t":"2026-07-16T10:33:19.1668394Z","type":"sample"}
{"channel":"rr","display":49.42339373970346,"mu":0,"quality":"OUT_OF_RANGE","raw":1744.4,"sigma":1.5,"state":"IDLE","t":"2026-07-16T10:33:19.1913192Z","type":"sample"}
{"channel":"rr","display":49.42339373970346,"mu":0,"quality":"OUT_OF_RANGE","raw":1745.2,"sigma":1.5,"state":"IDLE","t":"2026-07-16T10:33:19.2324396Z","type":"sample"}
{"channel":"hr","display":0,"mu":0,"quality":"OUT_OF_RANGE","raw":78,"sigma":3,"state":"IDLE","t":"2026-07-16T10:33:19.2329484Z","type":"sample"}
{"channel":"gsr","display":4057.3,"mu":0,"quality":"OK","raw":4057.3,"sigma":10,"state":"IDLE","t":"2026-07-16T10:33:19.2675863Z","type":"sample"}
{"channel":"rr","display":49.42339373970346,"mu":0,"quality":"OUT_OF_RANGE","raw":1744,"sigma":1.5,"state":"IDLE","t":"2026-07-16T10:33:19.2717419Z","type":"sample"}
{"channel":"rr","display":49.42339373970346,"mu":0,"quality":"OUT_OF_RANGE","raw":1746.3,"sigma":1.5,"state":"IDLE","t":"2026-07-16T10:33:19.311861Z","type":"sample"}
{"address":"/cue/p/start","args":null,"channel":"system","dir":"out","t":"2026-07-16T10:33:19.3460266Z","type":"osc"}
{"channel":"rr","display":49.42339373970346,"mu":0,"quality":"OUT_OF_RANGE","raw":1746.6,"sigma":1.5,"state":"IDLE","t":"2026-07-16T10:33:19.3522647Z","type":"sample"}
{"channel":"gsr","display":4057.9,"mu":0,"quality":"OK","raw":4057.9,"sigma":10,"state":"IDLE","t":"2026-07-16T10:33:19.3675016Z","type":"sample"}
{"channel":"rr","display":49.42339373970346,"mu":0,"quality":"OUT_OF_RANGE","raw":1745.1,"sigma":1.5,"state":"IDLE","t":"2026-07-16T10:33:19.3908853Z","type":"sample"}
{"channel":"rr","display":49.42339373970346,"mu":0,"quality":"OUT_OF_RANGE","raw":1744.4,"sigma":1.5,"state":"IDLE","t":"2026-07-16T10:33:19.4322756Z","type":"sample"}
{"channel":"gsr","display":4054.2,"mu":0,"quality":"OK","raw":4054.2,"sigma":10,"state":"IDLE","t":"2026-07-16T10:33:19.4655649Z","type":"sample"}
{"channel":"rr","display":49.42339373970346,"mu":0,"quality":"OUT_OF_RANGE","raw":1746.1,"sigma":1.5,"state":"IDLE","t":"2026-07-16T10:33:19.4719188Z","type":"sample"}
{"channel":"rr","display":49.42339373970346,"mu":0,"quality":"OUT_OF_RANGE","raw":1745.1,"sigma":1.5,"state":"IDLE","t":"2026-07-16T10:33:19.5118988Z","type":"sample"}
{"channel":"rr","display":49.42339373970346,"mu":0,"quality":"OUT_OF_RANGE","raw":1744.8,"sigma":1.5,"state":"IDLE","t":"2026-07-16T10:33:19.5523583Z","type":"sample"}
{"channel":"gsr","display":4059.2,"mu":0,"quality":"OK","raw":4059.2,"sigma":10,"state":"IDLE","t":"2026-07-16T10:33:19.5674666Z","type":"sample"}
{"channel":"rr","display":49.42339373970346,"mu":0,"quality":"OUT_OF_RANGE","raw":1744.9,"sigma":1.5,"state":"IDLE","t":"2026-07-16T10:33:19.5899983Z","type":"sample"}
{"channel":"rr","display":49.42339373970346,"mu":0,"quality":"OUT_OF_RANGE","raw":1746.1,"sigma":1.5,"state":"IDLE","t":"2026-07-16T10:33:19.6323418Z","type":"sample"}
{"channel":"gsr","display":4056.9,"mu":0,"quality":"OK","raw":4056.9,"sigma":10,"state":"IDLE","t":"2026-07-16T10:33:19.6654609Z","type":"sample"}
{"channel":"rr","display":49.42339373970346,"mu":0,"quality":"OUT_OF_RANGE","raw":1745.5,"sigma":1.5,"state":"IDLE","t":"2026-07-16T10:33:19.6725811Z","type":"sample"}
{"channel":"rr","display":49.42339373970346,"mu":0,"quality":"OUT_OF_RANGE","raw":1744.2,"sigma":1.5,"state":"IDLE","t":"2026-07-16T10:33:19.7119146Z","type":"sample"}
{"channel":"hr","display":0,"mu":0,"quality":"OUT_OF_RANGE","raw":78,"sigma":3,"state":"IDLE","t":"2026-07-16T10:33:19.7322684Z","type":"sample"}
{"channel":"rr","display":49.42339373970346,"mu":0,"quality":"OUT_OF_RANGE","raw":1744.8,"sigma":1.5,"state":"IDLE","t":"2026-07-16T10:33:19.7522391Z","type":"sample"}
{"channel":"gsr","display":4057.9,"mu":0,"quality":"OK","raw":4057.9,"sigma":10,"state":"IDLE","t":"2026-07-16T10:33:19.767269Z","type":"sample"}
{"channel":"rr","display":49.42339373970346,"mu":0,"quality":"OUT_OF_RANGE","raw":1743.7,"sigma":1.5,"state":"IDLE","t":"2026-07-16T10:33:19.7921292Z","type":"sample"}
{"channel":"rr","display":49.42339373970346,"mu":0,"quality":"OUT_OF_RANGE","raw":1743.7,"sigma":1.5,"state":"IDLE","t":"2026-07-16T10:33:19.8323321Z","type":"sample"}
{"channel":"gsr","display":4059.5,"mu":0,"quality":"OK","raw":4059.5,"sigma":10,"state":"IDLE","t":"2026-07-16T10:33:19.8675145Z","type":"sample"}
{"channel":"rr","display":49.42339373970346,"mu":0,"quality":"OUT_OF_RANGE","raw":1744.8,"sigma":1.5,"state":"IDLE","t":"2026-07-16T10:33:19.8717227Z","type":"sample"}
{"channel":"rr","display":49.42339373970346,"mu":0,"quality":"OUT_OF_RANGE","raw":1744.5,"sigma":1.5,"state":"IDLE","t":"2026-07-16T10:33:19.9118721Z","type":"sample"}
{"channel":"rr","display":49.42339373970346,"mu":0,"quality":"OUT_OF_RANGE","raw":1744.1,"sigma":1.5,"state":"IDLE","t":"2026-07-16T10:33:19.9523054Z","type":"sample"}
{"channel":"gsr","event":"quality_change","quality":"OUT_OF_RANGE","t":"2026-07-16T10:33:19.9657455Z","type":"event"}
{"channel":"gsr","display":0,"mu":0,"quality":"OUT_OF_RANGE","raw":4060.1,"sigma":10,"state":"IDLE","t":"2026-07-16T10:33:19.9674831Z","type":"sample"}
{"channel":"rr","display":49.42339373970346,"mu":0,"quality":"OUT_OF_RANGE","raw":1744.4,"sigma":1.5,"state":"IDLE","t":"2026-07-16T10:33:19.9921841Z","type":"sample"}
{"channel":"rr","display":49.42339373970346,"mu":0,"quality":"OUT_OF_RANGE","raw":1744.1,"sigma":1.5,"state":"IDLE","t":"2026-07-16T10:33:20.0323248Z","type":"sample"}
{"channel":"gsr","display":0,"mu":0,"quality":"OUT_OF_RANGE","raw":4060.3,"sigma":10,"state":"IDLE","t":"2026-07-16T10:33:20.0675138Z","type":"sample"}
{"channel":"rr","display":49.42339373970346,"mu":0,"quality":"OUT_OF_RANGE","raw":1744.4,"sigma":1.5,"state":"IDLE","t":"2026-07-16T10:33:20.0716913Z","type":"sample"}
{"channel":"rr","display":49.42339373970346,"mu":0,"quality":"OUT_OF_RANGE","raw":1743.9,"sigma":1.5,"state":"IDLE","t":"2026-07-16T10:33:20.1122838Z","type":"sample"}
{"channel":"rr","display":49.42339373970346,"mu":0,"quality":"OUT_OF_RANGE","raw":1745.1,"sigma":1.5,"state":"IDLE","t":"2026-07-16T10:33:20.152286Z","type":"sample"}
{"channel":"gsr","display":0,"mu":0,"quality":"OUT_OF_RANGE","raw":4061.6,"sigma":10,"state":"IDLE","t":"2026-07-16T10:33:20.1674688Z","type":"sample"}
{"channel":"rr","display":49.42339373970346,"mu":0,"quality":"OUT_OF_RANGE","raw":1745.7,"sigma":1.5,"state":"IDLE","t":"2026-07-16T10:33:20.1910045Z","type":"sample"}
{"channel":"rr","display":49.42339373970346,"mu":0,"quality":"OUT_OF_RANGE","raw":1743.6,"sigma":1.5,"state":"IDLE","t":"2026-07-16T10:33:20.2287248Z","type":"sample"}
{"channel":"hr","display":0,"mu":0,"quality":"OUT_OF_RANGE","raw":78,"sigma":3,"state":"IDLE","t":"2026-07-16T10:33:20.2328509Z","type":"sample"}
{"channel":"gsr","display":4058.6,"mu":0,"quality":"OUT_OF_RANGE","raw":4058.6,"sigma":10,"state":"IDLE","t":"2026-07-16T10:33:20.2676438Z","type":"sample"}
{"channel":"rr","display":49.42339373970346,"mu":0,"quality":"OUT_OF_RANGE","raw":1745.4,"sigma":1.5,"state":"IDLE","t":"2026-07-16T10:33:20.2722837Z","type":"sample"}
{"channel":"rr","display":49.42339373970346,"mu":0,"quality":"OUT_OF_RANGE","raw":1744.1,"sigma":1.5,"state":"IDLE","t":"2026-07-16T10:33:20.311757Z","type":"sample"}
{"address":"/cue/p/start","args":null,"channel":"system","dir":"out","t":"2026-07-16T10:33:20.345507Z","type":"osc"}
{"channel":"rr","display":49.42339373970346,"mu":0,"quality":"OUT_OF_RANGE","raw":1744.8,"sigma":1.5,"state":"IDLE","t":"2026-07-16T10:33:20.3498955Z","type":"sample"}
{"channel":"gsr","display":0,"mu":0,"quality":"OUT_OF_RANGE","raw":4061.4,"sigma":10,"state":"IDLE","t":"2026-07-16T10:33:20.3674188Z","type":"sample"}
{"channel":"rr","display":49.42339373970346,"mu":0,"quality":"OUT_OF_RANGE","raw":1744.7,"sigma":1.5,"state":"IDLE","t":"2026-07-16T10:33:20.3901163Z","type":"sample"}
{"channel":"rr","display":49.42339373970346,"mu":0,"quality":"OUT_OF_RANGE","raw":1742.5,"sigma":1.5,"state":"IDLE","t":"2026-07-16T10:33:20.4286605Z","type":"sample"}
{"channel":"gsr","display":0,"mu":0,"quality":"OUT_OF_RANGE","raw":4061.3,"sigma":10,"state":"IDLE","t":"2026-07-16T10:33:20.4661865Z","type":"sample"}
{"channel":"rr","display":47.45333755140778,"mu":0,"quality":"OUT_OF_RANGE","raw":1744.9,"sigma":1.5,"state":"IDLE","t":"2026-07-16T10:33:20.4720582Z","type":"sample"}
{"channel":"rr","display":47.45333755140778,"mu":0,"quality":"OUT_OF_RANGE","raw":1745.8,"sigma":1.5,"state":"IDLE","t":"2026-07-16T10:33:20.5119281Z","type":"sample"}
{"channel":"rr","display":47.45333755140778,"mu":0,"quality":"OUT_OF_RANGE","raw":1746.2,"sigma":1.5,"state":"IDLE","t":"2026-07-16T10:33:20.5460023Z","type":"sample"}
{"channel":"gsr","display":4058.9,"mu":0,"quality":"OUT_OF_RANGE","raw":4058.9,"sigma":10,"state":"IDLE","t":"2026-07-16T10:33:20.5675119Z","type":"sample"}
{"channel":"rr","display":47.45333755140778,"mu":0,"quality":"OUT_OF_RANGE","raw":1744.3,"sigma":1.5,"state":"IDLE","t":"2026-07-16T10:33:20.5923354Z","type":"sample"}
{"channel":"rr","display":47.45333755140778,"mu":0,"quality":"OUT_OF_RANGE","raw":1744.4,"sigma":1.5,"state":"IDLE","t":"2026-07-16T10:33:20.6288674Z","type":"sample"}
{"channel":"gsr","display":0,"mu":0,"quality":"OUT_OF_RANGE","raw":4060.2,"sigma":10,"state":"IDLE","t":"2026-07-16T10:33:20.6658744Z","type":"sample"}
{"channel":"rr","display":47.45333755140778,"mu":0,"quality":"OUT_OF_RANGE","raw":1743.5,"sigma":1.5,"state":"IDLE","t":"2026-07-16T10:33:20.6723046Z","type":"sample"}
{"channel":"rr","display":47.45333755140778,"mu":0,"quality":"OUT_OF_RANGE","raw":1744.1,"sigma":1.5,"state":"IDLE","t":"2026-07-16T10:33:20.7122798Z","type":"sample"}
{"channel":"hr","display":0,"mu":0,"quality":"OUT_OF_RANGE","raw":78,"sigma":3,"state":"IDLE","t":"2026-07-16T10:33:20.7320721Z","type":"sample"}
{"channel":"rr","display":47.45333755140778,"mu":0,"quality":"OUT_OF_RANGE","raw":1745.3,"sigma":1.5,"state":"IDLE","t":"2026-07-16T10:33:20.7523833Z","type":"sample"}
{"channel":"gsr","display":0,"mu":0,"quality":"OUT_OF_RANGE","raw":4060,"sigma":10,"state":"IDLE","t":"2026-07-16T10:33:20.7674668Z","type":"sample"}
{"channel":"rr","display":47.45333755140778,"mu":0,"quality":"OUT_OF_RANGE","raw":1742.6,"sigma":1.5,"state":"IDLE","t":"2026-07-16T10:33:20.7924087Z","type":"sample"}
{"channel":"rr","display":47.45333755140778,"mu":0,"quality":"OUT_OF_RANGE","raw":1743.4,"sigma":1.5,"state":"IDLE","t":"2026-07-16T10:33:20.828616Z","type":"sample"}
{"channel":"gsr","display":4059.2,"mu":0,"quality":"OUT_OF_RANGE","raw":4059.2,"sigma":10,"state":"IDLE","t":"2026-07-16T10:33:20.8666803Z","type":"sample"}
{"channel":"rr","display":47.45333755140778,"mu":0,"quality":"OUT_OF_RANGE","raw":1745.1,"sigma":1.5,"state":"IDLE","t":"2026-07-16T10:33:20.8723893Z","type":"sample"}
{"channel":"rr","display":47.45333755140778,"mu":0,"quality":"OUT_OF_RANGE","raw":1744.5,"sigma":1.5,"state":"IDLE","t":"2026-07-16T10:33:20.9118901Z","type":"sample"}
{"channel":"rr","display":47.45333755140778,"mu":0,"quality":"OUT_OF_RANGE","raw":1744.2,"sigma":1.5,"state":"IDLE","t":"2026-07-16T10:33:20.9478048Z","type":"sample"}
{"channel":"gsr","display":0,"mu":0,"quality":"OUT_OF_RANGE","raw":4060.8,"sigma":10,"state":"IDLE","t":"2026-07-16T10:33:20.967574Z","type":"sample"}
{"channel":"rr","display":47.45333755140778,"mu":0,"quality":"OUT_OF_RANGE","raw":1743.4,"sigma":1.5,"state":"IDLE","t":"2026-07-16T10:33:20.9918062Z","type":"sample"}
{"channel":"rr","display":47.45333755140778,"mu":0,"quality":"OUT_OF_RANGE","raw":1745.2,"sigma":1.5,"state":"IDLE","t":"2026-07-16T10:33:21.0290483Z","type":"sample"}
{"channel":"gsr","display":0,"mu":0,"quality":"OUT_OF_RANGE","raw":4060.4,"sigma":10,"state":"IDLE","t":"2026-07-16T10:33:21.06564Z","type":"sample"}
{"channel":"rr","display":47.45333755140778,"mu":0,"quality":"OUT_OF_RANGE","raw":1744.4,"sigma":1.5,"state":"IDLE","t":"2026-07-16T10:33:21.0723233Z","type":"sample"}
{"channel":"rr","display":47.45333755140778,"mu":0,"quality":"OUT_OF_RANGE","raw":1745.9,"sigma":1.5,"state":"IDLE","t":"2026-07-16T10:33:21.1119489Z","type":"sample"}
{"channel":"rr","display":47.45333755140778,"mu":0,"quality":"OUT_OF_RANGE","raw":1744.9,"sigma":1.5,"state":"IDLE","t":"2026-07-16T10:33:21.1522724Z","type":"sample"}
{"channel":"gsr","event":"quality_change","quality":"OK","t":"2026-07-16T10:33:21.1664355Z","type":"event"}
{"channel":"gsr","display":4057.6,"mu":0,"quality":"OK","raw":4057.6,"sigma":10,"state":"IDLE","t":"2026-07-16T10:33:21.1664355Z","type":"sample"}
{"channel":"rr","display":47.45333755140778,"mu":0,"quality":"OUT_OF_RANGE","raw":1745.2,"sigma":1.5,"state":"IDLE","t":"2026-07-16T10:33:21.1922625Z","type":"sample"}
{"address":"/cue/g1/start","args":null,"channel":"system","dir":"out","t":"2026-07-16T10:33:21.1933558Z","type":"osc"}
{"channel":"rr","display":47.45333755140778,"mu":0,"quality":"OUT_OF_RANGE","raw":1744.4,"sigma":1.5,"state":"IDLE","t":"2026-07-16T10:33:21.2285743Z","type":"sample"}
{"channel":"hr","display":0,"mu":0,"quality":"OUT_OF_RANGE","raw":78,"sigma":3,"state":"IDLE","t":"2026-07-16T10:33:21.2326166Z","type":"sample"}
{"channel":"gsr","display":0,"mu":0,"quality":"OK","raw":4063,"sigma":10,"state":"IDLE","t":"2026-07-16T10:33:21.2675306Z","type":"sample"}
{"channel":"rr","display":47.45333755140778,"mu":0,"quality":"OUT_OF_RANGE","raw":1745.6,"sigma":1.5,"state":"IDLE","t":"2026-07-16T10:33:21.2719445Z","type":"sample"}
{"channel":"rr","display":47.45333755140778,"mu":0,"quality":"OUT_OF_RANGE","raw":1744.5,"sigma":1.5,"state":"IDLE","t":"2026-07-16T10:33:21.3123326Z","type":"sample"}
{"address":"/cue/p/start","args":null,"channel":"system","dir":"out","t":"2026-07-16T10:33:21.3459833Z","type":"osc"}
{"channel":"rr","display":47.45333755140778,"mu":0,"quality":"OUT_OF_RANGE","raw":1745,"sigma":1.5,"state":"IDLE","t":"2026-07-16T10:33:21.3516674Z","type":"sample"}
{"channel":"gsr","display":0,"mu":0,"quality":"OK","raw":4060.5,"sigma":10,"state":"IDLE","t":"2026-07-16T10:33:21.365818Z","type":"sample"}
{"channel":"rr","display":47.45333755140778,"mu":0,"quality":"OUT_OF_RANGE","raw":1742.6,"sigma":1.5,"state":"IDLE","t":"2026-07-16T10:33:21.3921485Z","type":"sample"}
{"channel":"rr","display":47.45333755140778,"mu":0,"quality":"OUT_OF_RANGE","raw":1744,"sigma":1.5,"state":"IDLE","t":"2026-07-16T10:33:21.4323318Z","type":"sample"}
{"channel":"gsr","display":4057.2,"mu":0,"quality":"OK","raw":4057.2,"sigma":10,"state":"IDLE","t":"2026-07-16T10:33:21.466239Z","type":"sample"}
{"channel":"rr","display":47.45333755140778,"mu":0,"quality":"OUT_OF_RANGE","raw":1744.9,"sigma":1.5,"state":"IDLE","t":"2026-07-16T10:33:21.4719098Z","type":"sample"}
{"channel":"rr","display":47.45333755140778,"mu":0,"quality":"OUT_OF_RANGE","raw":1743.9,"sigma":1.5,"state":"IDLE","t":"2026-07-16T10:33:21.5118516Z","type":"sample"}
{"channel":"rr","display":47.45333755140778,"mu":0,"quality":"OUT_OF_RANGE","raw":1744.3,"sigma":1.5,"state":"IDLE","t":"2026-07-16T10:33:21.5473936Z","type":"sample"}
{"channel":"gsr","display":0,"mu":0,"quality":"OK","raw":4060.6,"sigma":10,"state":"IDLE","t":"2026-07-16T10:33:21.5674156Z","type":"sample"}
{"channel":"rr","display":47.45333755140778,"mu":0,"quality":"OUT_OF_RANGE","raw":1744.3,"sigma":1.5,"state":"IDLE","t":"2026-07-16T10:33:21.5919918Z","type":"sample"}
{"channel":"rr","display":47.45333755140778,"mu":0,"quality":"OUT_OF_RANGE","raw":1745.1,"sigma":1.5,"state":"IDLE","t":"2026-07-16T10:33:21.6286872Z","type":"sample"}
{"channel":"gsr","display":4059.1,"mu":0,"quality":"OK","raw":4059.1,"sigma":10,"state":"IDLE","t":"2026-07-16T10:33:21.6674914Z","type":"sample"}
{"channel":"rr","display":47.45333755140778,"mu":0,"quality":"OUT_OF_RANGE","raw":1744.4,"sigma":1.5,"state":"IDLE","t":"2026-07-16T10:33:21.6718949Z","type":"sample"}
{"channel":"rr","display":47.45333755140778,"mu":0,"quality":"OUT_OF_RANGE","raw":1744.6,"sigma":1.5,"state":"IDLE","t":"2026-07-16T10:33:21.7121387Z","type":"sample"}
{"channel":"hr","display":0,"mu":0,"quality":"OUT_OF_RANGE","raw":79,"sigma":3,"state":"IDLE","t":"2026-07-16T10:33:21.7310602Z","type":"sample"}
{"channel":"rr","display":47.45333755140778,"mu":0,"quality":"OUT_OF_RANGE","raw":1744.5,"sigma":1.5,"state":"IDLE","t":"2026-07-16T10:33:21.7523914Z","type":"sample"}
{"channel":"gsr","display":0,"mu":0,"quality":"OK","raw":4060.6,"sigma":10,"state":"IDLE","t":"2026-07-16T10:33:21.7663364Z","type":"sample"}
{"channel":"rr","display":47.45333755140778,"mu":0,"quality":"OUT_OF_RANGE","raw":1744.8,"sigma":1.5,"state":"IDLE","t":"2026-07-16T10:33:21.7923238Z","type":"sample"}
{"channel":"rr","display":47.45333755140778,"mu":0,"quality":"OUT_OF_RANGE","raw":1745.6,"sigma":1.5,"state":"IDLE","t":"2026-07-16T10:33:21.832258Z","type":"sample"}
{"channel":"gsr","display":4059.4,"mu":0,"quality":"OK","raw":4059.4,"sigma":10,"state":"IDLE","t":"2026-07-16T10:33:21.8658455Z","type":"sample"}
{"channel":"rr","display":47.45333755140778,"mu":0,"quality":"OUT_OF_RANGE","raw":1745.6,"sigma":1.5,"state":"IDLE","t":"2026-07-16T10:33:21.8719608Z","type":"sample"}
{"channel":"rr","display":47.45333755140778,"mu":0,"quality":"OUT_OF_RANGE","raw":1744.4,"sigma":1.5,"state":"IDLE","t":"2026-07-16T10:33:21.911989Z","type":"sample"}
{"channel":"rr","display":47.45333755140778,"mu":0,"quality":"OUT_OF_RANGE","raw":1743.9,"sigma":1.5,"state":"IDLE","t":"2026-07-16T10:33:21.9472931Z","type":"sample"}
{"channel":"gsr","display":0,"mu":0,"quality":"OK","raw":4061.8,"sigma":10,"state":"IDLE","t":"2026-07-16T10:33:21.9658784Z","type":"sample"}
{"channel":"rr","display":47.45333755140778,"mu":0,"quality":"OUT_OF_RANGE","raw":1746.1,"sigma":1.5,"state":"IDLE","t":"2026-07-16T10:33:21.9922554Z","type":"sample"}
{"channel":"rr","display":47.45333755140778,"mu":0,"quality":"OUT_OF_RANGE","raw":1744.3,"sigma":1.5,"state":"IDLE","t":"2026-07-16T10:33:22.0293197Z","type":"sample"}
{"channel":"gsr","display":4059.3,"mu":0,"quality":"OK","raw":4059.3,"sigma":10,"state":"IDLE","t":"2026-07-16T10:33:22.0674939Z","type":"sample"}
{"channel":"rr","display":47.45333755140778,"mu":0,"quality":"OUT_OF_RANGE","raw":1745.7,"sigma":1.5,"state":"IDLE","t":"2026-07-16T10:33:22.0721931Z","type":"sample"}
{"channel":"rr","display":47.45333755140778,"mu":0,"quality":"OUT_OF_RANGE","raw":1744.7,"sigma":1.5,"state":"IDLE","t":"2026-07-16T10:33:22.1119126Z","type":"sample"}
{"channel":"rr","display":47.45333755140778,"mu":0,"quality":"OUT_OF_RANGE","raw":1746.9,"sigma":1.5,"state":"IDLE","t":"2026-07-16T10:33:22.1523878Z","type":"sample"}
{"channel":"gsr","event":"quality_change","quality":"OUT_OF_RANGE","t":"2026-07-16T10:33:22.1671981Z","type":"event"}
{"channel":"gsr","display":0,"mu":0,"quality":"OUT_OF_RANGE","raw":4065.2,"sigma":10,"state":"IDLE","t":"2026-07-16T10:33:22.1671981Z","type":"sample"}
{"channel":"rr","display":47.45333755140778,"mu":0,"quality":"OUT_OF_RANGE","raw":1745.2,"sigma":1.5,"state":"IDLE","t":"2026-07-16T10:33:22.1923215Z","type":"sample"}
{"channel":"rr","display":47.45333755140778,"mu":0,"quality":"OUT_OF_RANGE","raw":1744.9,"sigma":1.5,"state":"IDLE","t":"2026-07-16T10:33:22.2287287Z","type":"sample"}
{"channel":"hr","display":0,"mu":0,"quality":"OUT_OF_RANGE","raw":79,"sigma":3,"state":"IDLE","t":"2026-07-16T10:33:22.2287287Z","type":"sample"}
{"channel":"gsr","display":0,"mu":0,"quality":"OUT_OF_RANGE","raw":4065.2,"sigma":10,"state":"IDLE","t":"2026-07-16T10:33:22.2676519Z","type":"sample"}
{"channel":"rr","display":47.45333755140778,"mu":0,"quality":"OUT_OF_RANGE","raw":1744.7,"sigma":1.5,"state":"IDLE","t":"2026-07-16T10:33:22.2725083Z","type":"sample"}
{"channel":"rr","display":47.45333755140778,"mu":0,"quality":"OUT_OF_RANGE","raw":1744.6,"sigma":1.5,"state":"IDLE","t":"2026-07-16T10:33:22.3119584Z","type":"sample"}
{"address":"/cue/p/start","args":null,"channel":"system","dir":"out","t":"2026-07-16T10:33:22.3457154Z","type":"osc"}
{"channel":"rr","display":47.45333755140778,"mu":0,"quality":"OUT_OF_RANGE","raw":1743.8,"sigma":1.5,"state":"IDLE","t":"2026-07-16T10:33:22.3524Z","type":"sample"}
{"channel":"gsr","display":0,"mu":0,"quality":"OUT_OF_RANGE","raw":4062,"sigma":10,"state":"IDLE","t":"2026-07-16T10:33:22.3675567Z","type":"sample"}
{"channel":"rr","display":47.45333755140778,"mu":0,"quality":"OUT_OF_RANGE","raw":1745.5,"sigma":1.5,"state":"IDLE","t":"2026-07-16T10:33:22.3923122Z","type":"sample"}
{"channel":"rr","display":47.45333755140778,"mu":0,"quality":"OUT_OF_RANGE","raw":1745.1,"sigma":1.5,"state":"IDLE","t":"2026-07-16T10:33:22.4285084Z","type":"sample"}
{"channel":"gsr","display":0,"mu":0,"quality":"OUT_OF_RANGE","raw":4062.7,"sigma":10,"state":"IDLE","t":"2026-07-16T10:33:22.4674882Z","type":"sample"}
{"channel":"rr","display":47.45333755140778,"mu":0,"quality":"OUT_OF_RANGE","raw":1745.4,"sigma":1.5,"state":"IDLE","t":"2026-07-16T10:33:22.4716408Z","type":"sample"}
{"channel":"rr","display":47.45333755140778,"mu":0,"quality":"OUT_OF_RANGE","raw":1746.8,"sigma":1.5,"state":"IDLE","t":"2026-07-16T10:33:22.5119455Z","type":"sample"}
{"channel":"rr","display":47.45333755140778,"mu":0,"quality":"OUT_OF_RANGE","raw":1745.2,"sigma":1.5,"state":"IDLE","t":"2026-07-16T10:33:22.5524635Z","type":"sample"}
{"channel":"gsr","display":0,"mu":0,"quality":"OUT_OF_RANGE","raw":4064.1,"sigma":10,"state":"IDLE","t":"2026-07-16T10:33:22.5670725Z","type":"sample"}
{"channel":"rr","display":47.45333755140778,"mu":0,"quality":"OUT_OF_RANGE","raw":1744.5,"sigma":1.5,"state":"IDLE","t":"2026-07-16T10:33:22.5912229Z","type":"sample"}
{"channel":"rr","display":47.45333755140778,"mu":0,"quality":"OUT_OF_RANGE","raw":1745.2,"sigma":1.5,"state":"IDLE","t":"2026-07-16T10:33:22.6320113Z","type":"sample"}
{"channel":"gsr","display":0,"mu":0,"quality":"OUT_OF_RANGE","raw":4060.6,"sigma":10,"state":"IDLE","t":"2026-07-16T10:33:22.6675743Z","type":"sample"}
{"channel":"rr","display":47.45333755140778,"mu":0,"quality":"OUT_OF_RANGE","raw":1746,"sigma":1.5,"state":"IDLE","t":"2026-07-16T10:33:22.6717545Z","type":"sample"}
{"channel":"rr","display":47.45333755140778,"mu":0,"quality":"OUT_OF_RANGE","raw":1746.1,"sigma":1.5,"state":"IDLE","t":"2026-07-16T10:33:22.7119415Z","type":"sample"}
{"channel":"hr","display":0,"mu":0,"quality":"OUT_OF_RANGE","raw":79,"sigma":3,"state":"IDLE","t":"2026-07-16T10:33:22.7316266Z","type":"sample"}
{"channel":"rr","display":47.45333755140778,"mu":0,"quality":"OUT_OF_RANGE","raw":1746.2,"sigma":1.5,"state":"IDLE","t":"2026-07-16T10:33:22.749328Z","type":"sample"}
{"channel":"gsr","display":0,"mu":0,"quality":"OUT_OF_RANGE","raw":4064.2,"sigma":10,"state":"IDLE","t":"2026-07-16T10:33:22.7662407Z","type":"sample"}
{"channel":"rr","display":47.45333755140778,"mu":0,"quality":"OUT_OF_RANGE","raw":1745.5,"sigma":1.5,"state":"IDLE","t":"2026-07-16T10:33:22.7921442Z","type":"sample"}
{"channel":"rr","display":47.45333755140778,"mu":0,"quality":"OUT_OF_RANGE","raw":1745.1,"sigma":1.5,"state":"IDLE","t":"2026-07-16T10:33:22.832326Z","type":"sample"}
{"channel":"gsr","display":0,"mu":0,"quality":"OUT_OF_RANGE","raw":4063.3,"sigma":10,"state":"IDLE","t":"2026-07-16T10:33:22.8658339Z","type":"sample"}
{"channel":"rr","display":47.45333755140778,"mu":0,"quality":"OUT_OF_RANGE","raw":1744.8,"sigma":1.5,"state":"IDLE","t":"2026-07-16T10:33:22.8719549Z","type":"sample"}
{"channel":"rr","display":47.45333755140778,"mu":0,"quality":"OUT_OF_RANGE","raw":1746.9,"sigma":1.5,"state":"IDLE","t":"2026-07-16T10:33:22.9123403Z","type":"sample"}
{"channel":"rr","display":47.45333755140778,"mu":0,"quality":"OUT_OF_RANGE","raw":1745.1,"sigma":1.5,"state":"IDLE","t":"2026-07-16T10:33:22.9523474Z","type":"sample"}
{"channel":"gsr","display":0,"mu":0,"quality":"OUT_OF_RANGE","raw":4063.2,"sigma":10,"state":"IDLE","t":"2026-07-16T10:33:22.9656055Z","type":"sample"}
{"channel":"rr","display":47.45333755140778,"mu":0,"quality":"OUT_OF_RANGE","raw":1745.4,"sigma":1.5,"state":"IDLE","t":"2026-07-16T10:33:22.9921141Z","type":"sample"}
{"channel":"rr","display":47.45333755140778,"mu":0,"quality":"OUT_OF_RANGE","raw":1744.7,"sigma":1.5,"state":"IDLE","t":"2026-07-16T10:33:23.0323178Z","type":"sample"}
{"channel":"gsr","display":0,"mu":0,"quality":"OUT_OF_RANGE","raw":4061.2,"sigma":10,"state":"IDLE","t":"2026-07-16T10:33:23.0662721Z","type":"sample"}
{"channel":"rr","display":47.45333755140778,"mu":0,"quality":"OUT_OF_RANGE","raw":1742.5,"sigma":1.5,"state":"IDLE","t":"2026-07-16T10:33:23.0720786Z","type":"sample"}
{"channel":"rr","display":38.255547054322875,"mu":0,"quality":"OUT_OF_RANGE","raw":1745.3,"sigma":1.5,"state":"IDLE","t":"2026-07-16T10:33:23.1124723Z","type":"sample"}
{"channel":"rr","display":38.255547054322875,"mu":0,"quality":"OUT_OF_RANGE","raw":1744.8,"sigma":1.5,"state":"IDLE","t":"2026-07-16T10:33:23.1523945Z","type":"sample"}
{"channel":"gsr","display":4059.5,"mu":0,"quality":"OUT_OF_RANGE","raw":4059.5,"sigma":10,"state":"IDLE","t":"2026-07-16T10:33:23.1675149Z","type":"sample"}
{"channel":"rr","display":38.255547054322875,"mu":0,"quality":"OUT_OF_RANGE","raw":1744.8,"sigma":1.5,"state":"IDLE","t":"2026-07-16T10:33:23.192046Z","type":"sample"}
{"channel":"rr","display":38.255547054322875,"mu":0,"quality":"OUT_OF_RANGE","raw":1744.4,"sigma":1.5,"state":"IDLE","t":"2026-07-16T10:33:23.2323331Z","type":"sample"}
{"channel":"hr","display":0,"mu":0,"quality":"OUT_OF_RANGE","raw":79,"sigma":3,"state":"IDLE","t":"2026-07-16T10:33:23.2328565Z","type":"sample"}
{"channel":"gsr","display":0,"mu":0,"quality":"OUT_OF_RANGE","raw":4062.8,"sigma":10,"state":"IDLE","t":"2026-07-16T10:33:23.2656985Z","type":"sample"}
{"channel":"rr","display":38.255547054322875,"mu":0,"quality":"OUT_OF_RANGE","raw":1744,"sigma":1.5,"state":"IDLE","t":"2026-07-16T10:33:23.2719581Z","type":"sample"}
{"channel":"rr","display":38.255547054322875,"mu":0,"quality":"OUT_OF_RANGE","raw":1745.2,"sigma":1.5,"state":"IDLE","t":"2026-07-16T10:33:23.3119372Z","type":"sample"}
{"address":"/cue/p/start","args":null,"channel":"system","dir":"out","t":"2026-07-16T10:33:23.345529Z","type":"osc"}
{"channel":"rr","display":38.255547054322875,"mu":0,"quality":"OUT_OF_RANGE","raw":1745.4,"sigma":1.5,"state":"IDLE","t":"2026-07-16T10:33:23.3503877Z","type":"sample"}
{"channel":"gsr","display":0,"mu":0,"quality":"OUT_OF_RANGE","raw":4061.5,"sigma":10,"state":"IDLE","t":"2026-07-16T10:33:23.3661593Z","type":"sample"}
{"channel":"rr","display":38.255547054322875,"mu":0,"quality":"OUT_OF_RANGE","raw":1745.2,"sigma":1.5,"state":"IDLE","t":"2026-07-16T10:33:23.3922966Z","type":"sample"}
{"channel":"rr","display":38.255547054322875,"mu":0,"quality":"OUT_OF_RANGE","raw":1743.3,"sigma":1.5,"state":"IDLE","t":"2026-07-16T10:33:23.4323615Z","type":"sample"}
{"channel":"gsr","display":0,"mu":0,"quality":"OUT_OF_RANGE","raw":4064.4,"sigma":10,"state":"IDLE","t":"2026-07-16T10:33:23.4663701Z","type":"sample"}
{"channel":"rr","display":38.255547054322875,"mu":0,"quality":"OUT_OF_RANGE","raw":1746.6,"sigma":1.5,"state":"IDLE","t":"2026-07-16T10:33:23.4718419Z","type":"sample"}
{"channel":"rr","display":38.255547054322875,"mu":0,"quality":"OUT_OF_RANGE","raw":1743.7,"sigma":1.5,"state":"IDLE","t":"2026-07-16T10:33:23.5118121Z","type":"sample"}
{"channel":"rr","display":38.255547054322875,"mu":0,"quality":"OUT_OF_RANGE","raw":1744.5,"sigma":1.5,"state":"IDLE","t":"2026-07-16T10:33:23.5523189Z","type":"sample"}
{"channel":"gsr","display":0,"mu":0,"quality":"OUT_OF_RANGE","raw":4064.8,"sigma":10,"state":"IDLE","t":"2026-07-16T10:33:23.5658772Z","type":"sample"}
{"channel":"rr","display":38.255547054322875,"mu":0,"quality":"OUT_OF_RANGE","raw":1744.6,"sigma":1.5,"state":"IDLE","t":"2026-07-16T10:33:23.5921721Z","type":"sample"}
{"channel":"rr","display":38.255547054322875,"mu":0,"quality":"OUT_OF_RANGE","raw":1744.9,"sigma":1.5,"state":"IDLE","t":"2026-07-16T10:33:23.6283953Z","type":"sample"}
{"channel":"gsr","display":0,"mu":0,"quality":"OUT_OF_RANGE","raw":4063.5,"sigma":10,"state":"IDLE","t":"2026-07-16T10:33:23.6663301Z","type":"sample"}
{"channel":"rr","display":38.255547054322875,"mu":0,"quality":"OUT_OF_RANGE","raw":1743.7,"sigma":1.5,"state":"IDLE","t":"2026-07-16T10:33:23.6720473Z","type":"sample"}
{"channel":"rr","display":38.255547054322875,"mu":0,"quality":"OUT_OF_RANGE","raw":1744.7,"sigma":1.5,"state":"IDLE","t":"2026-07-16T10:33:23.7121291Z","type":"sample"}
{"channel":"hr","display":0,"mu":0,"quality":"OUT_OF_RANGE","raw":79,"sigma":3,"state":"IDLE","t":"2026-07-16T10:33:23.7320523Z","type":"sample"}
{"channel":"rr","display":38.255547054322875,"mu":0,"quality":"OUT_OF_RANGE","raw":1744.4,"sigma":1.5,"state":"IDLE","t":"2026-07-16T10:33:23.7523758Z","type":"sample"}
{"channel":"gsr","display":0,"mu":0,"quality":"OUT_OF_RANGE","raw":4063.8,"sigma":10,"state":"IDLE","t":"2026-07-16T10:33:23.7658375Z","type":"sample"}
{"channel":"rr","display":38.255547054322875,"mu":0,"quality":"OUT_OF_RANGE","raw":1745.1,"sigma":1.5,"state":"IDLE","t":"2026-07-16T10:33:23.7914762Z","type":"sample"}
{"channel":"rr","display":38.255547054322875,"mu":0,"quality":"OUT_OF_RANGE","raw":1745.4,"sigma":1.5,"state":"IDLE","t":"2026-07-16T10:33:23.8287639Z","type":"sample"}
{"channel":"gsr","event":"quality_change","quality":"OK","t":"2026-07-16T10:33:23.8655031Z","type":"event"}
{"channel":"gsr","display":4058.3,"mu":0,"quality":"OK","raw":4058.3,"sigma":10,"state":"IDLE","t":"2026-07-16T10:33:23.867448Z","type":"sample"}
{"channel":"rr","display":38.255547054322875,"mu":0,"quality":"OUT_OF_RANGE","raw":1744.8,"sigma":1.5,"state":"IDLE","t":"2026-07-16T10:33:23.8721372Z","type":"sample"}
{"address":"/cue/g1/start","args":null,"channel":"system","dir":"out","t":"2026-07-16T10:33:23.9057569Z","type":"osc"}
{"channel":"rr","display":38.255547054322875,"mu":0,"quality":"OUT_OF_RANGE","raw":1744,"sigma":1.5,"state":"IDLE","t":"2026-07-16T10:33:23.9121632Z","type":"sample"}
{"channel":"rr","display":38.255547054322875,"mu":0,"quality":"OUT_OF_RANGE","raw":1744.1,"sigma":1.5,"state":"IDLE","t":"2026-07-16T10:33:23.9510341Z","type":"sample"}
{"channel":"gsr","display":0,"mu":0,"quality":"OK","raw":4061.2,"sigma":10,"state":"IDLE","t":"2026-07-16T10:33:23.9672571Z","type":"sample"}
{"channel":"rr","display":38.255547054322875,"mu":0,"quality":"OUT_OF_RANGE","raw":1744.8,"sigma":1.5,"state":"IDLE","t":"2026-07-16T10:33:23.9921614Z","type":"sample"}
{"channel":"rr","display":38.255547054322875,"mu":0,"quality":"OUT_OF_RANGE","raw":1744.9,"sigma":1.5,"state":"IDLE","t":"2026-07-16T10:33:24.0320992Z","type":"sample"}
{"channel":"gsr","display":0,"mu":0,"quality":"OK","raw":4060.7,"sigma":10,"state":"IDLE","t":"2026-07-16T10:33:24.067473Z","type":"sample"}
{"channel":"rr","display":38.255547054322875,"mu":0,"quality":"OUT_OF_RANGE","raw":1746.5,"sigma":1.5,"state":"IDLE","t":"2026-07-16T10:33:24.0721587Z","type":"sample"}
{"channel":"rr","display":38.255547054322875,"mu":0,"quality":"OUT_OF_RANGE","raw":1744.6,"sigma":1.5,"state":"IDLE","t":"2026-07-16T10:33:24.1120649Z","type":"sample"}
{"channel":"rr","display":38.255547054322875,"mu":0,"quality":"OUT_OF_RANGE","raw":1743,"sigma":1.5,"state":"IDLE","t":"2026-07-16T10:33:24.152321Z","type":"sample"}
{"channel":"gsr","display":0,"mu":0,"quality":"OK","raw":4061.4,"sigma":10,"state":"IDLE","t":"2026-07-16T10:33:24.1674387Z","type":"sample"}
{"channel":"rr","display":38.255547054322875,"mu":0,"quality":"OUT_OF_RANGE","raw":1743.6,"sigma":1.5,"state":"IDLE","t":"2026-07-16T10:33:24.1916286Z","type":"sample"}
{"channel":"rr","display":37.67897513187641,"mu":0,"quality":"OUT_OF_RANGE","raw":1744.9,"sigma":1.5,"state":"IDLE","t":"2026-07-16T10:33:24.2322966Z","type":"sample"}
{"channel":"hr","display":0,"mu":0,"quality":"OUT_OF_RANGE","raw":79,"sigma":3,"state":"IDLE","t":"2026-07-16T10:33:24.2328073Z","type":"sample"}
{"channel":"gsr","display":0,"mu":0,"quality":"OK","raw":4061.7,"sigma":10,"state":"IDLE","t":"2026-07-16T10:33:24.2675856Z","type":"sample"}
{"channel":"rr","display":37.67897513187641,"mu":0,"quality":"OUT_OF_RANGE","raw":1746.1,"sigma":1.5,"state":"IDLE","t":"2026-07-16T10:33:24.2717083Z","type":"sample"}
{"channel":"rr","display":37.67897513187641,"mu":0,"quality":"OUT_OF_RANGE","raw":1744.8,"sigma":1.5,"state":"IDLE","t":"2026-07-16T10:33:24.3120279Z","type":"sample"}
{"address":"/cue/p/start","args":null,"channel":"system","dir":"out","t":"2026-07-16T10:33:24.3459058Z","type":"osc"}
{"channel":"rr","display":37.67897513187641,"mu":0,"quality":"OUT_OF_RANGE","raw":1745.1,"sigma":1.5,"state":"IDLE","t":"2026-07-16T10:33:24.3507163Z","type":"sample"}
{"channel":"gsr","display":4059.2,"mu":0,"quality":"OK","raw":4059.2,"sigma":10,"state":"IDLE","t":"2026-07-16T10:33:24.3673032Z","type":"sample"}
{"channel":"rr","display":37.67897513187641,"mu":0,"quality":"OUT_OF_RANGE","raw":1745,"sigma":1.5,"state":"IDLE","t":"2026-07-16T10:33:24.3911463Z","type":"sample"}
{"channel":"rr","display":37.67897513187641,"mu":0,"quality":"OUT_OF_RANGE","raw":1745.8,"sigma":1.5,"state":"IDLE","t":"2026-07-16T10:33:24.4322687Z","type":"sample"}
{"channel":"gsr","display":0,"mu":0,"quality":"OK","raw":4061.7,"sigma":10,"state":"IDLE","t":"2026-07-16T10:33:24.4659323Z","type":"sample"}
{"channel":"rr","display":37.67897513187641,"mu":0,"quality":"OUT_OF_RANGE","raw":1745.2,"sigma":1.5,"state":"IDLE","t":"2026-07-16T10:33:24.4717388Z","type":"sample"}
{"channel":"rr","display":37.67897513187641,"mu":0,"quality":"OUT_OF_RANGE","raw":1745.2,"sigma":1.5,"state":"IDLE","t":"2026-07-16T10:33:24.5122846Z","type":"sample"}
{"channel":"rr","display":37.67897513187641,"mu":0,"quality":"OUT_OF_RANGE","raw":1745.1,"sigma":1.5,"state":"IDLE","t":"2026-07-16T10:33:24.5524957Z","type":"sample"}
{"channel":"gsr","display":4057.1,"mu":0,"quality":"OK","raw":4057.1,"sigma":10,"state":"IDLE","t":"2026-07-16T10:33:24.5658339Z","type":"sample"}
{"channel":"rr","display":37.67897513187641,"mu":0,"quality":"OUT_OF_RANGE","raw":1746.3,"sigma":1.5,"state":"IDLE","t":"2026-07-16T10:33:24.5918787Z","type":"sample"}
{"channel":"rr","display":37.67897513187641,"mu":0,"quality":"OUT_OF_RANGE","raw":1745.2,"sigma":1.5,"state":"IDLE","t":"2026-07-16T10:33:24.6287334Z","type":"sample"}
{"channel":"gsr","display":0,"mu":0,"quality":"OK","raw":4060,"sigma":10,"state":"IDLE","t":"2026-07-16T10:33:24.6670874Z","type":"sample"}
{"channel":"rr","display":37.67897513187641,"mu":0,"quality":"OUT_OF_RANGE","raw":1745.6,"sigma":1.5,"state":"IDLE","t":"2026-07-16T10:33:24.6718721Z","type":"sample"}
{"channel":"rr","display":37.67897513187641,"mu":0,"quality":"OUT_OF_RANGE","raw":1746.2,"sigma":1.5,"state":"IDLE","t":"2026-07-16T10:33:24.7119446Z","type":"sample"}
{"channel":"hr","display":0,"mu":0,"quality":"OUT_OF_RANGE","raw":79,"sigma":3,"state":"IDLE","t":"2026-07-16T10:33:24.7317235Z","type":"sample"}
{"channel":"rr","display":37.67897513187641,"mu":0,"quality":"OUT_OF_RANGE","raw":1745.3,"sigma":1.5,"state":"IDLE","t":"2026-07-16T10:33:24.7523817Z","type":"sample"}
{"channel":"gsr","display":0,"mu":0,"quality":"OK","raw":4063,"sigma":10,"state":"IDLE","t":"2026-07-16T10:33:24.7674412Z","type":"sample"}
{"channel":"rr","display":37.67897513187641,"mu":0,"quality":"OUT_OF_RANGE","raw":1744.2,"sigma":1.5,"state":"IDLE","t":"2026-07-16T10:33:24.7923338Z","type":"sample"}
{"channel":"rr","display":37.67897513187641,"mu":0,"quality":"OUT_OF_RANGE","raw":1744.8,"sigma":1.5,"state":"IDLE","t":"2026-07-16T10:33:24.8322175Z","type":"sample"}
{"channel":"gsr","event":"quality_change","quality":"OUT_OF_RANGE","t":"2026-07-16T10:33:24.867505Z","type":"event"}
{"channel":"gsr","display":0,"mu":0,"quality":"OUT_OF_RANGE","raw":4060.9,"sigma":10,"state":"IDLE","t":"2026-07-16T10:33:24.867505Z","type":"sample"}
{"channel":"rr","display":37.67897513187641,"mu":0,"quality":"OUT_OF_RANGE","raw":1745.9,"sigma":1.5,"state":"IDLE","t":"2026-07-16T10:33:24.8721638Z","type":"sample"}
{"channel":"rr","display":37.67897513187641,"mu":0,"quality":"OUT_OF_RANGE","raw":1745.6,"sigma":1.5,"state":"IDLE","t":"2026-07-16T10:33:24.9121419Z","type":"sample"}
{"channel":"rr","display":37.67897513187641,"mu":0,"quality":"OUT_OF_RANGE","raw":1745.2,"sigma":1.5,"state":"IDLE","t":"2026-07-16T10:33:24.9461924Z","type":"sample"}
{"channel":"gsr","display":0,"mu":0,"quality":"OUT_OF_RANGE","raw":4060.1,"sigma":10,"state":"IDLE","t":"2026-07-16T10:33:24.967432Z","type":"sample"}
{"channel":"rr","display":37.67897513187641,"mu":0,"quality":"OUT_OF_RANGE","raw":1744.8,"sigma":1.5,"state":"IDLE","t":"2026-07-16T10:33:24.9911183Z","type":"sample"}
{"channel":"rr","display":37.67897513187641,"mu":0,"quality":"OUT_OF_RANGE","raw":1745.8,"sigma":1.5,"state":"IDLE","t":"2026-07-16T10:33:25.0322851Z","type":"sample"}
{"channel":"gsr","display":4059.5,"mu":0,"quality":"OUT_OF_RANGE","raw":4059.5,"sigma":10,"state":"IDLE","t":"2026-07-16T10:33:25.0674637Z","type":"sample"}
{"channel":"rr","display":37.67897513187641,"mu":0,"quality":"OUT_OF_RANGE","raw":1745.6,"sigma":1.5,"state":"IDLE","t":"2026-07-16T10:33:25.0720989Z","type":"sample"}
{"channel":"rr","display":37.67897513187641,"mu":0,"quality":"OUT_OF_RANGE","raw":1744.8,"sigma":1.5,"state":"IDLE","t":"2026-07-16T10:33:25.1118633Z","type":"sample"}
{"channel":"rr","display":37.67897513187641,"mu":0,"quality":"OUT_OF_RANGE","raw":1745,"sigma":1.5,"state":"IDLE","t":"2026-07-16T10:33:25.1522452Z","type":"sample"}
{"channel":"gsr","display":0,"mu":0,"quality":"OUT_OF_RANGE","raw":4061.4,"sigma":10,"state":"IDLE","t":"2026-07-16T10:33:25.1658887Z","type":"sample"}
{"channel":"rr","display":37.67897513187641,"mu":0,"quality":"OUT_OF_RANGE","raw":1743.4,"sigma":1.5,"state":"IDLE","t":"2026-07-16T10:33:25.1905356Z","type":"sample"}
{"channel":"rr","display":38.06140573458513,"mu":0,"quality":"OUT_OF_RANGE","raw":1745.9,"sigma":1.5,"state":"IDLE","t":"2026-07-16T10:33:25.2323193Z","type":"sample"}
{"channel":"hr","display":0,"mu":0,"quality":"OUT_OF_RANGE","raw":79,"sigma":3,"state":"IDLE","t":"2026-07-16T10:33:25.2328269Z","type":"sample"}
{"channel":"gsr","display":4059.2,"mu":0,"quality":"OUT_OF_RANGE","raw":4059.2,"sigma":10,"state":"IDLE","t":"2026-07-16T10:33:25.2659527Z","type":"sample"}
{"channel":"rr","display":38.06140573458513,"mu":0,"quality":"OUT_OF_RANGE","raw":1745.1,"sigma":1.5,"state":"IDLE","t":"2026-07-16T10:33:25.2718206Z","type":"sample"}
{"channel":"rr","display":38.06140573458513,"mu":0,"quality":"OUT_OF_RANGE","raw":1745.1,"sigma":1.5,"state":"IDLE","t":"2026-07-16T10:33:25.3120047Z","type":"sample"}
{"address":"/cue/p/start","args":null,"channel":"system","dir":"out","t":"2026-07-16T10:33:25.3454495Z","type":"osc"}
{"channel":"rr","display":38.06140573458513,"mu":0,"quality":"OUT_OF_RANGE","raw":1744.3,"sigma":1.5,"state":"IDLE","t":"2026-07-16T10:33:25.350639Z","type":"sample"}
{"channel":"gsr","display":4059.5,"mu":0,"quality":"OUT_OF_RANGE","raw":4059.5,"sigma":10,"state":"IDLE","t":"2026-07-16T10:33:25.3674486Z","type":"sample"}
{"channel":"rr","display":38.06140573458513,"mu":0,"quality":"OUT_OF_RANGE","raw":1744.5,"sigma":1.5,"state":"IDLE","t":"2026-07-16T10:33:25.3923225Z","type":"sample"}
{"channel":"rr","display":38.06140573458513,"mu":0,"quality":"OUT_OF_RANGE","raw":1745.9,"sigma":1.5,"state":"IDLE","t":"2026-07-16T10:33:25.4323042Z","type":"sample"}
{"channel":"gsr","display":0,"mu":0,"quality":"OUT_OF_RANGE","raw":4060.8,"sigma":10,"state":"IDLE","t":"2026-07-16T10:33:25.4673878Z","type":"sample"}
{"channel":"rr","display":38.06140573458513,"mu":0,"quality":"OUT_OF_RANGE","raw":1744.6,"sigma":1.5,"state":"IDLE","t":"2026-07-16T10:33:25.4722033Z","type":"sample"}
{"channel":"rr","display":38.06140573458513,"mu":0,"quality":"OUT_OF_RANGE","raw":1744.5,"sigma":1.5,"state":"IDLE","t":"2026-07-16T10:33:25.5119398Z","type":"sample"}
{"channel":"rr","display":38.06140573458513,"mu":0,"quality":"OUT_OF_RANGE","raw":1744.6,"sigma":1.5,"state":"IDLE","t":"2026-07-16T10:33:25.5488475Z","type":"sample"}
{"channel":"gsr","display":4059.8,"mu":0,"quality":"OUT_OF_RANGE","raw":4059.8,"sigma":10,"state":"IDLE","t":"2026-07-16T10:33:25.5659227Z","type":"sample"}
{"channel":"rr","display":38.06140573458513,"mu":0,"quality":"OUT_OF_RANGE","raw":1746.2,"sigma":1.5,"state":"IDLE","t":"2026-07-16T10:33:25.5920013Z","type":"sample"}
{"channel":"rr","display":38.06140573458513,"mu":0,"quality":"OUT_OF_RANGE","raw":1746.6,"sigma":1.5,"state":"IDLE","t":"2026-07-16T10:33:25.6323995Z","type":"sample"}
{"channel":"gsr","display":4057.8,"mu":0,"quality":"OUT_OF_RANGE","raw":4057.8,"sigma":10,"state":"IDLE","t":"2026-07-16T10:33:25.6674985Z","type":"sample"}
{"channel":"rr","display":38.06140573458513,"mu":0,"quality":"OUT_OF_RANGE","raw":1746.1,"sigma":1.5,"state":"IDLE","t":"2026-07-16T10:33:25.6722279Z","type":"sample"}
{"channel":"rr","display":38.06140573458513,"mu":0,"quality":"OUT_OF_RANGE","raw":1746.8,"sigma":1.5,"state":"IDLE","t":"2026-07-16T10:33:25.7124689Z","type":"sample"}
{"channel":"hr","display":0,"mu":0,"quality":"OUT_OF_RANGE","raw":79,"sigma":3,"state":"IDLE","t":"2026-07-16T10:33:25.7320228Z","type":"sample"}
{"channel":"rr","display":38.06140573458513,"mu":0,"quality":"OUT_OF_RANGE","raw":1745.2,"sigma":1.5,"state":"IDLE","t":"2026-07-16T10:33:25.7460991Z","type":"sample"}
{"channel":"gsr","display":0,"mu":0,"quality":"OUT_OF_RANGE","raw":4064.4,"sigma":10,"state":"IDLE","t":"2026-07-16T10:33:25.7673601Z","type":"sample"}
{"channel":"rr","display":38.06140573458513,"mu":0,"quality":"OUT_OF_RANGE","raw":1744.6,"sigma":1.5,"state":"IDLE","t":"2026-07-16T10:33:25.791716Z","type":"sample"}
{"channel":"rr","display":38.06140573458513,"mu":0,"quality":"OUT_OF_RANGE","raw":1745.3,"sigma":1.5,"state":"IDLE","t":"2026-07-16T10:33:25.8322502Z","type":"sample"}
{"channel":"gsr","display":0,"mu":0,"quality":"OUT_OF_RANGE","raw":4063.1,"sigma":10,"state":"IDLE","t":"2026-07-16T10:33:25.8656161Z","type":"sample"}
{"channel":"rr","display":38.06140573458513,"mu":0,"quality":"OUT_OF_RANGE","raw":1744.8,"sigma":1.5,"state":"IDLE","t":"2026-07-16T10:33:25.8721392Z","type":"sample"}
{"channel":"rr","display":38.06140573458513,"mu":0,"quality":"OUT_OF_RANGE","raw":1744.6,"sigma":1.5,"state":"IDLE","t":"2026-07-16T10:33:25.912189Z","type":"sample"}
{"channel":"rr","display":38.06140573458513,"mu":0,"quality":"OUT_OF_RANGE","raw":1744.8,"sigma":1.5,"state":"IDLE","t":"2026-07-16T10:33:25.9523334Z","type":"sample"}
{"channel":"gsr","display":0,"mu":0,"quality":"OUT_OF_RANGE","raw":4060.6,"sigma":10,"state":"IDLE","t":"2026-07-16T10:33:25.9674877Z","type":"sample"}
{"channel":"rr","display":38.06140573458513,"mu":0,"quality":"OUT_OF_RANGE","raw":1744.8,"sigma":1.5,"state":"IDLE","t":"2026-07-16T10:33:25.9914198Z","type":"sample"}
{"channel":"rr","display":38.06140573458513,"mu":0,"quality":"OUT_OF_RANGE","raw":1744.4,"sigma":1.5,"state":"IDLE","t":"2026-07-16T10:33:26.0323161Z","type":"sample"}
{"channel":"gsr","event":"quality_change","quality":"OK","t":"2026-07-16T10:33:26.0674606Z","type":"event"}
{"channel":"gsr","display":4058.6,"mu":0,"quality":"OK","raw":4058.6,"sigma":10,"state":"IDLE","t":"2026-07-16T10:33:26.0674606Z","type":"sample"}
{"channel":"rr","display":38.06140573458513,"mu":0,"quality":"OUT_OF_RANGE","raw":1744.1,"sigma":1.5,"state":"IDLE","t":"2026-07-16T10:33:26.0721399Z","type":"sample"}
{"channel":"rr","display":38.06140573458513,"mu":0,"quality":"OUT_OF_RANGE","raw":1744.9,"sigma":1.5,"state":"IDLE","t":"2026-07-16T10:33:26.1117272Z","type":"sample"}
{"address":"/cue/g1/start","args":null,"channel":"system","dir":"out","t":"2026-07-16T10:33:26.1176384Z","type":"osc"}
{"channel":"rr","display":38.06140573458513,"mu":0,"quality":"OUT_OF_RANGE","raw":1743.8,"sigma":1.5,"state":"IDLE","t":"2026-07-16T10:33:26.1520006Z","type":"sample"}
{"channel":"gsr","display":0,"mu":0,"quality":"OK","raw":4063.5,"sigma":10,"state":"IDLE","t":"2026-07-16T10:33:26.1666024Z","type":"sample"}
{"channel":"rr","display":38.06140573458513,"mu":0,"quality":"OUT_OF_RANGE","raw":1744.7,"sigma":1.5,"state":"IDLE","t":"2026-07-16T10:33:26.1915404Z","type":"sample"}
{"channel":"rr","display":38.06140573458513,"mu":0,"quality":"OUT_OF_RANGE","raw":1744.8,"sigma":1.5,"state":"IDLE","t":"2026-07-16T10:33:26.2292863Z","type":"sample"}
{"channel":"hr","display":0,"mu":0,"quality":"OUT_OF_RANGE","raw":79,"sigma":3,"state":"IDLE","t":"2026-07-16T10:33:26.2328618Z","type":"sample"}
{"channel":"gsr","display":4059.8,"mu":0,"quality":"OK","raw":4059.8,"sigma":10,"state":"IDLE","t":"2026-07-16T10:33:26.2675777Z","type":"sample"}
{"channel":"rr","display":38.06140573458513,"mu":0,"quality":"OUT_OF_RANGE","raw":1745.2,"sigma":1.5,"state":"IDLE","t":"2026-07-16T10:33:26.272211Z","type":"sample"}
{"channel":"rr","display":38.06140573458513,"mu":0,"quality":"OUT_OF_RANGE","raw":1744.7,"sigma":1.5,"state":"IDLE","t":"2026-07-16T10:33:26.3119417Z","type":"sample"}
{"address":"/cue/p/start","args":null,"channel":"system","dir":"out","t":"2026-07-16T10:33:26.3489433Z","type":"osc"}
{"channel":"rr","display":38.06140573458513,"mu":0,"quality":"OUT_OF_RANGE","raw":1744.2,"sigma":1.5,"state":"IDLE","t":"2026-07-16T10:33:26.3523376Z","type":"sample"}
{"channel":"gsr","display":0,"mu":0,"quality":"OK","raw":4061.4,"sigma":10,"state":"IDLE","t":"2026-07-16T10:33:26.3657914Z","type":"sample"}
{"channel":"rr","display":38.06140573458513,"mu":0,"quality":"OUT_OF_RANGE","raw":1744.1,"sigma":1.5,"state":"IDLE","t":"2026-07-16T10:33:26.3916893Z","type":"sample"}
{"channel":"rr","display":38.06140573458513,"mu":0,"quality":"OUT_OF_RANGE","raw":1745,"sigma":1.5,"state":"IDLE","t":"2026-07-16T10:33:26.4298577Z","type":"sample"}
{"channel":"gsr","display":0,"mu":0,"quality":"OK","raw":4064.2,"sigma":10,"state":"IDLE","t":"2026-07-16T10:33:26.4674676Z","type":"sample"}
{"channel":"rr","display":38.06140573458513,"mu":0,"quality":"OUT_OF_RANGE","raw":1744.3,"sigma":1.5,"state":"IDLE","t":"2026-07-16T10:33:26.4716457Z","type":"sample"}
{"channel":"rr","display":38.06140573458513,"mu":0,"quality":"OUT_OF_RANGE","raw":1743,"sigma":1.5,"state":"IDLE","t":"2026-07-16T10:33:26.5122327Z","type":"sample"}
{"channel":"rr","display":39.682539682539684,"mu":0,"quality":"OUT_OF_RANGE","raw":1744.2,"sigma":1.5,"state":"IDLE","t":"2026-07-16T10:33:26.545807Z","type":"sample"}
{"channel":"gsr","display":0,"mu":0,"quality":"OK","raw":4060.9,"sigma":10,"state":"IDLE","t":"2026-07-16T10:33:26.5674797Z","type":"sample"}
{"channel":"rr","display":39.682539682539684,"mu":0,"quality":"OUT_OF_RANGE","raw":1744.6,"sigma":1.5,"state":"IDLE","t":"2026-07-16T10:33:26.5917686Z","type":"sample"}
{"channel":"rr","display":39.682539682539684,"mu":0,"quality":"OUT_OF_RANGE","raw":1744.6,"sigma":1.5,"state":"IDLE","t":"2026-07-16T10:33:26.6297536Z","type":"sample"}
{"channel":"gsr","display":0,"mu":0,"quality":"OK","raw":4060.4,"sigma":10,"state":"IDLE","t":"2026-07-16T10:33:26.6674166Z","type":"sample"}
{"channel":"rr","display":39.682539682539684,"mu":0,"quality":"OUT_OF_RANGE","raw":1745.8,"sigma":1.5,"state":"IDLE","t":"2026-07-16T10:33:26.672151Z","type":"sample"}
{"channel":"rr","display":39.682539682539684,"mu":0,"quality":"OUT_OF_RANGE","raw":1745.1,"sigma":1.5,"state":"IDLE","t":"2026-07-16T10:33:26.7120036Z","type":"sample"}
{"channel":"hr","display":0,"mu":0,"quality":"OUT_OF_RANGE","raw":79,"sigma":3,"state":"IDLE","t":"2026-07-16T10:33:26.7320247Z","type":"sample"}
{"channel":"rr","display":39.682539682539684,"mu":0,"quality":"OUT_OF_RANGE","raw":1745.2,"sigma":1.5,"state":"IDLE","t":"2026-07-16T10:33:26.7524218Z","type":"sample"}
{"channel":"gsr","display":0,"mu":0,"quality":"OK","raw":4062,"sigma":10,"state":"IDLE","t":"2026-07-16T10:33:26.7675034Z","type":"sample"}
{"channel":"rr","display":39.682539682539684,"mu":0,"quality":"OUT_OF_RANGE","raw":1745.5,"sigma":1.5,"state":"IDLE","t":"2026-07-16T10:33:26.7920151Z","type":"sample"}
{"channel":"rr","display":39.682539682539684,"mu":0,"quality":"OUT_OF_RANGE","raw":1744.4,"sigma":1.5,"state":"IDLE","t":"2026-07-16T10:33:26.829414Z","type":"sample"}
{"channel":"gsr","display":4059.8,"mu":0,"quality":"OK","raw":4059.8,"sigma":10,"state":"IDLE","t":"2026-07-16T10:33:26.8661096Z","type":"sample"}
{"channel":"rr","display":39.682539682539684,"mu":0,"quality":"OUT_OF_RANGE","raw":1744.3,"sigma":1.5,"state":"IDLE","t":"2026-07-16T10:33:26.8720727Z","type":"sample"}
{"channel":"rr","display":39.682539682539684,"mu":0,"quality":"OUT_OF_RANGE","raw":1744.2,"sigma":1.5,"state":"IDLE","t":"2026-07-16T10:33:26.9120894Z","type":"sample"}
{"channel":"rr","display":39.682539682539684,"mu":0,"quality":"OUT_OF_RANGE","raw":1745.1,"sigma":1.5,"state":"IDLE","t":"2026-07-16T10:33:26.9519289Z","type":"sample"}
{"channel":"gsr","display":0,"mu":0,"quality":"OK","raw":4061.3,"sigma":10,"state":"IDLE","t":"2026-07-16T10:33:26.9672285Z","type":"sample"}
{"channel":"rr","display":39.682539682539684,"mu":0,"quality":"OUT_OF_RANGE","raw":1742.9,"sigma":1.5,"state":"IDLE","t":"2026-07-16T10:33:26.9919575Z","type":"sample"}
{"channel":"rr","display":39.682539682539684,"mu":0,"quality":"OUT_OF_RANGE","raw":1744.9,"sigma":1.5,"state":"IDLE","t":"2026-07-16T10:33:27.0318147Z","type":"sample"}
{"channel":"gsr","event":"quality_change","quality":"OUT_OF_RANGE","t":"2026-07-16T10:33:27.0670917Z","type":"event"}
{"channel":"gsr","display":0,"mu":0,"quality":"OUT_OF_RANGE","raw":4061.2,"sigma":10,"state":"IDLE","t":"2026-07-16T10:33:27.0675049Z","type":"sample"}
{"channel":"rr","display":39.682539682539684,"mu":0,"quality":"OUT_OF_RANGE","raw":1744.8,"sigma":1.5,"state":"IDLE","t":"2026-07-16T10:33:27.0722644Z","type":"sample"}
{"channel":"rr","display":39.682539682539684,"mu":0,"quality":"OUT_OF_RANGE","raw":1743.2,"sigma":1.5,"state":"IDLE","t":"2026-07-16T10:33:27.112068Z","type":"sample"}
{"channel":"rr","display":39.682539682539684,"mu":0,"quality":"OUT_OF_RANGE","raw":1743.4,"sigma":1.5,"state":"IDLE","t":"2026-07-16T10:33:27.1479847Z","type":"sample"}
{"channel":"gsr","display":0,"mu":0,"quality":"OUT_OF_RANGE","raw":4062.2,"sigma":10,"state":"IDLE","t":"2026-07-16T10:33:27.1658644Z","type":"sample"}
{"channel":"rr","display":39.682539682539684,"mu":0,"quality":"OUT_OF_RANGE","raw":1744.4,"sigma":1.5,"state":"IDLE","t":"2026-07-16T10:33:27.1922371Z","type":"sample"}
{"channel":"rr","display":39.682539682539684,"mu":0,"quality":"OUT_OF_RANGE","raw":1744.6,"sigma":1.5,"state":"IDLE","t":"2026-07-16T10:33:27.2322749Z","type":"sample"}
{"channel":"hr","display":0,"mu":0,"quality":"OUT_OF_RANGE","raw":79,"sigma":3,"state":"IDLE","t":"2026-07-16T10:33:27.2327782Z","type":"sample"}
{"channel":"gsr","display":4059.3,"mu":0,"quality":"OUT_OF_RANGE","raw":4059.3,"sigma":10,"state":"IDLE","t":"2026-07-16T10:33:27.2675229Z","type":"sample"}
{"channel":"rr","display":39.682539682539684,"mu":0,"quality":"OUT_OF_RANGE","raw":1742.4,"sigma":1.5,"state":"IDLE","t":"2026-07-16T10:33:27.2721429Z","type":"sample"}
{"channel":"rr","display":39.682539682539684,"mu":0,"quality":"OUT_OF_RANGE","raw":1743,"sigma":1.5,"state":"IDLE","t":"2026-07-16T10:33:27.3119442Z","type":"sample"}
{"address":"/cue/p/start","args":null,"channel":"system","dir":"out","t":"2026-07-16T10:33:27.3452599Z","type":"osc"}
{"channel":"rr","display":39.682539682539684,"mu":0,"quality":"OUT_OF_RANGE","raw":1742.8,"sigma":1.5,"state":"IDLE","t":"2026-07-16T10:33:27.3523413Z","type":"sample"}
{"channel":"gsr","display":0,"mu":0,"quality":"OUT_OF_RANGE","raw":4062.9,"sigma":10,"state":"IDLE","t":"2026-07-16T10:33:27.3654482Z","type":"sample"}
{"channel":"rr","display":39.682539682539684,"mu":0,"quality":"OUT_OF_RANGE","raw":1744.1,"sigma":1.5,"state":"IDLE","t":"2026-07-16T10:33:27.3918775Z","type":"sample"}
{"channel":"rr","display":39.682539682539684,"mu":0,"quality":"OUT_OF_RANGE","raw":1744.7,"sigma":1.5,"state":"IDLE","t":"2026-07-16T10:33:27.4318725Z","type":"sample"}
{"channel":"gsr","display":0,"mu":0,"quality":"OUT_OF_RANGE","raw":4062.7,"sigma":10,"state":"IDLE","t":"2026-07-16T10:33:27.4674196Z","type":"sample"}
{"channel":"rr","display":39.682539682539684,"mu":0,"quality":"OUT_OF_RANGE","raw":1744,"sigma":1.5,"state":"IDLE","t":"2026-07-16T10:33:27.471926Z","type":"sample"}
{"channel":"rr","display":39.682539682539684,"mu":0,"quality":"OUT_OF_RANGE","raw":1745,"sigma":1.5,"state":"IDLE","t":"2026-07-16T10:33:27.5122092Z","type":"sample"}
{"channel":"rr","display":39.682539682539684,"mu":0,"quality":"OUT_OF_RANGE","raw":1743.8,"sigma":1.5,"state":"IDLE","t":"2026-07-16T10:33:27.5479767Z","type":"sample"}
{"channel":"gsr","display":0,"mu":0,"quality":"OUT_OF_RANGE","raw":4065.3,"sigma":10,"state":"IDLE","t":"2026-07-16T10:33:27.5663413Z","type":"sample"}
{"channel":"rr","display":39.682539682539684,"mu":0,"quality":"OUT_OF_RANGE","raw":1743.2,"sigma":1.5,"state":"IDLE","t":"2026-07-16T10:33:27.5914855Z","type":"sample"}
{"channel":"rr","display":39.682539682539684,"mu":0,"quality":"OUT_OF_RANGE","raw":1742.9,"sigma":1.5,"state":"IDLE","t":"2026-07-16T10:33:27.629413Z","type":"sample"}
{"channel":"gsr","display":0,"mu":0,"quality":"OUT_OF_RANGE","raw":4063.1,"sigma":10,"state":"IDLE","t":"2026-07-16T10:33:27.6673798Z","type":"sample"}
{"channel":"rr","display":39.682539682539684,"mu":0,"quality":"OUT_OF_RANGE","raw":1743.6,"sigma":1.5,"state":"IDLE","t":"2026-07-16T10:33:27.6720594Z","type":"sample"}
{"channel":"rr","display":39.682539682539684,"mu":0,"quality":"OUT_OF_RANGE","raw":1743.3,"sigma":1.5,"state":"IDLE","t":"2026-07-16T10:33:27.7119973Z","type":"sample"}
{"channel":"hr","display":0,"mu":0,"quality":"OUT_OF_RANGE","raw":79,"sigma":3,"state":"IDLE","t":"2026-07-16T10:33:27.7311337Z","type":"sample"}
{"channel":"rr","display":41.20879120879121,"mu":0,"quality":"OUT_OF_RANGE","raw":1744.5,"sigma":1.5,"state":"IDLE","t":"2026-07-16T10:33:27.7523667Z","type":"sample"}
{"channel":"gsr","display":0,"mu":0,"quality":"OUT_OF_RANGE","raw":4062.1,"sigma":10,"state":"IDLE","t":"2026-07-16T10:33:27.7669589Z","type":"sample"}
{"channel":"rr","display":41.20879120879121,"mu":0,"quality":"OUT_OF_RANGE","raw":1745.2,"sigma":1.5,"state":"IDLE","t":"2026-07-16T10:33:27.7920248Z","type":"sample"}
{"channel":"rr","display":41.20879120879121,"mu":0,"quality":"OUT_OF_RANGE","raw":1745.5,"sigma":1.5,"state":"IDLE","t":"2026-07-16T10:33:27.8319418Z","type":"sample"}
{"channel":"gsr","display":0,"mu":0,"quality":"OUT_OF_RANGE","raw":4062.6,"sigma":10,"state":"IDLE","t":"2026-07-16T10:33:27.8674303Z","type":"sample"}
{"channel":"rr","display":41.20879120879121,"mu":0,"quality":"OUT_OF_RANGE","raw":1744.3,"sigma":1.5,"state":"IDLE","t":"2026-07-16T10:33:27.8731408Z","type":"sample"}
{"channel":"rr","display":41.20879120879121,"mu":0,"quality":"OUT_OF_RANGE","raw":1743.3,"sigma":1.5,"state":"IDLE","t":"2026-07-16T10:33:27.9119549Z","type":"sample"}
{"channel":"rr","display":41.20879120879121,"mu":0,"quality":"OUT_OF_RANGE","raw":1744,"sigma":1.5,"state":"IDLE","t":"2026-07-16T10:33:27.9522459Z","type":"sample"}
{"channel":"gsr","display":0,"mu":0,"quality":"OUT_OF_RANGE","raw":4064,"sigma":10,"state":"IDLE","t":"2026-07-16T10:33:27.967385Z","type":"sample"}
{"channel":"rr","display":41.20879120879121,"mu":0,"quality":"OUT_OF_RANGE","raw":1745.6,"sigma":1.5,"state":"IDLE","t":"2026-07-16T10:33:27.9915095Z","type":"sample"}
{"channel":"rr","display":41.20879120879121,"mu":0,"quality":"OUT_OF_RANGE","raw":1743.9,"sigma":1.5,"state":"IDLE","t":"2026-07-16T10:33:28.0322539Z","type":"sample"}
{"channel":"gsr","display":0,"mu":0,"quality":"OUT_OF_RANGE","raw":4063.9,"sigma":10,"state":"IDLE","t":"2026-07-16T10:33:28.065518Z","type":"sample"}
{"channel":"rr","display":41.20879120879121,"mu":0,"quality":"OUT_OF_RANGE","raw":1745.6,"sigma":1.5,"state":"IDLE","t":"2026-07-16T10:33:28.0716857Z","type":"sample"}
{"channel":"rr","display":41.20879120879121,"mu":0,"quality":"OUT_OF_RANGE","raw":1746.2,"sigma":1.5,"state":"IDLE","t":"2026-07-16T10:33:28.1119659Z","type":"sample"}
{"channel":"rr","display":41.20879120879121,"mu":0,"quality":"OUT_OF_RANGE","raw":1745.8,"sigma":1.5,"state":"IDLE","t":"2026-07-16T10:33:28.1461902Z","type":"sample"}
{"channel":"gsr","display":0,"mu":0,"quality":"OUT_OF_RANGE","raw":4062.8,"sigma":10,"state":"IDLE","t":"2026-07-16T10:33:28.1661701Z","type":"sample"}
{"channel":"rr","display":41.20879120879121,"mu":0,"quality":"OUT_OF_RANGE","raw":1745.2,"sigma":1.5,"state":"IDLE","t":"2026-07-16T10:33:28.1920342Z","type":"sample"}
{"channel":"rr","display":41.20879120879121,"mu":0,"quality":"OUT_OF_RANGE","raw":1743.8,"sigma":1.5,"state":"IDLE","t":"2026-07-16T10:33:28.2294233Z","type":"sample"}
{"channel":"hr","display":0,"mu":0,"quality":"OUT_OF_RANGE","raw":80,"sigma":3,"state":"IDLE","t":"2026-07-16T10:33:28.3268491Z","type":"sample"}
{"channel":"rr","display":41.20879120879121,"mu":0,"quality":"OUT_OF_RANGE","raw":1745.4,"sigma":1.5,"state":"IDLE","t":"2026-07-16T10:33:28.3313279Z","type":"sample"}
{"channel":"gsr","event":"quality_change","quality":"OK","t":"2026-07-16T10:33:28.340186Z","type":"event"}
{"channel":"gsr","display":4046.6,"mu":0,"quality":"OK","raw":4046.6,"sigma":10,"state":"IDLE","t":"2026-07-16T10:33:28.3407429Z","type":"sample"}
{"address":"/cue/p/start","args":null,"channel":"system","dir":"out","t":"2026-07-16T10:33:28.3453408Z","type":"osc"}
{"channel":"rr","display":41.20879120879121,"mu":0,"quality":"OUT_OF_RANGE","raw":1744.1,"sigma":1.5,"state":"IDLE","t":"2026-07-16T10:33:28.3709296Z","type":"sample"}
{"channel":"rr","display":41.20879120879121,"mu":0,"quality":"OUT_OF_RANGE","raw":1743.6,"sigma":1.5,"state":"IDLE","t":"2026-07-16T10:33:28.4082279Z","type":"sample"}
{"address":"/cue/g1/start","args":null,"channel":"system","dir":"out","t":"2026-07-16T10:33:28.4253014Z","type":"osc"}
{"channel":"gsr","display":0,"mu":0,"quality":"OK","raw":4075.3,"sigma":10,"state":"IDLE","t":"2026-07-16T10:33:28.4401182Z","type":"sample"}
{"channel":"rr","display":41.20879120879121,"mu":0,"quality":"OUT_OF_RANGE","raw":1744.6,"sigma":1.5,"state":"IDLE","t":"2026-07-16T10:33:28.4504599Z","type":"sample"}
{"channel":"rr","display":41.20879120879121,"mu":0,"quality":"OUT_OF_RANGE","raw":1744.4,"sigma":1.5,"state":"IDLE","t":"2026-07-16T10:33:28.4912926Z","type":"sample"}
{"channel":"rr","display":41.20879120879121,"mu":0,"quality":"OUT_OF_RANGE","raw":1743.9,"sigma":1.5,"state":"IDLE","t":"2026-07-16T10:33:28.5312182Z","type":"sample"}
{"channel":"gsr","display":0,"mu":0,"quality":"OK","raw":4078.8,"sigma":10,"state":"IDLE","t":"2026-07-16T10:33:28.5397946Z","type":"sample"}
{"channel":"rr","display":41.20879120879121,"mu":0,"quality":"OUT_OF_RANGE","raw":1745.9,"sigma":1.5,"state":"IDLE","t":"2026-07-16T10:33:28.5713446Z","type":"sample"}
{"channel":"rr","display":41.20879120879121,"mu":0,"quality":"OUT_OF_RANGE","raw":1744.1,"sigma":1.5,"state":"IDLE","t":"2026-07-16T10:33:28.6099653Z","type":"sample"}
{"channel":"gsr","display":0,"mu":0,"quality":"OK","raw":4079.9,"sigma":10,"state":"IDLE","t":"2026-07-16T10:33:28.6406827Z","type":"sample"}
{"channel":"rr","display":41.20879120879121,"mu":0,"quality":"OUT_OF_RANGE","raw":1744.5,"sigma":1.5,"state":"IDLE","t":"2026-07-16T10:33:28.6481137Z","type":"sample"}
{"channel":"rr","display":41.20879120879121,"mu":0,"quality":"OUT_OF_RANGE","raw":1745.2,"sigma":1.5,"state":"IDLE","t":"2026-07-16T10:33:28.6912599Z","type":"sample"}
{"channel":"rr","display":41.20879120879121,"mu":0,"quality":"OUT_OF_RANGE","raw":1745.2,"sigma":1.5,"state":"IDLE","t":"2026-07-16T10:33:28.7297324Z","type":"sample"}
{"channel":"gsr","display":0,"mu":0,"quality":"OK","raw":4080.4,"sigma":10,"state":"IDLE","t":"2026-07-16T10:33:28.7403986Z","type":"sample"}
{"channel":"hr","display":0,"mu":0,"quality":"OUT_OF_RANGE","raw":80,"sigma":3,"state":"IDLE","t":"2026-07-16T10:33:28.7403986Z","type":"sample"}
{"channel":"rr","display":41.20879120879121,"mu":0,"quality":"OUT_OF_RANGE","raw":1744.8,"sigma":1.5,"state":"IDLE","t":"2026-07-16T10:33:28.7656368Z","type":"sample"}
{"channel":"rr","display":41.20879120879121,"mu":0,"quality":"OUT_OF_RANGE","raw":1745.2,"sigma":1.5,"state":"IDLE","t":"2026-07-16T10:33:28.8111097Z","type":"sample"}
{"channel":"gsr","display":0,"mu":0,"quality":"OK","raw":4082.4,"sigma":10,"state":"IDLE","t":"2026-07-16T10:33:28.8404386Z","type":"sample"}
{"channel":"rr","display":41.20879120879121,"mu":0,"quality":"OUT_OF_RANGE","raw":1745.2,"sigma":1.5,"state":"IDLE","t":"2026-07-16T10:33:28.8511203Z","type":"sample"}
{"channel":"rr","display":41.20879120879121,"mu":0,"quality":"OUT_OF_RANGE","raw":1745.9,"sigma":1.5,"state":"IDLE","t":"2026-07-16T10:33:28.890639Z","type":"sample"}
{"channel":"rr","display":41.20879120879121,"mu":0,"quality":"OUT_OF_RANGE","raw":1747.2,"sigma":1.5,"state":"IDLE","t":"2026-07-16T10:33:28.929225Z","type":"sample"}
{"channel":"gsr","display":0,"mu":0,"quality":"OK","raw":4082,"sigma":10,"state":"IDLE","t":"2026-07-16T10:33:28.9398199Z","type":"sample"}
{"channel":"rr","display":41.20879120879121,"mu":0,"quality":"OUT_OF_RANGE","raw":1746.1,"sigma":1.5,"state":"IDLE","t":"2026-07-16T10:33:28.9655572Z","type":"sample"}
{"channel":"rr","display":41.20879120879121,"mu":0,"quality":"OUT_OF_RANGE","raw":1744.7,"sigma":1.5,"state":"IDLE","t":"2026-07-16T10:33:29.0096265Z","type":"sample"}
{"channel":"gsr","display":0,"mu":0,"quality":"OK","raw":4076.5,"sigma":10,"state":"IDLE","t":"2026-07-16T10:33:29.0404602Z","type":"sample"}
{"channel":"rr","display":41.20879120879121,"mu":0,"quality":"OUT_OF_RANGE","raw":1743.9,"sigma":1.5,"state":"IDLE","t":"2026-07-16T10:33:29.0508284Z","type":"sample"}
{"channel":"rr","display":50.17561465127948,"mu":0,"quality":"OUT_OF_RANGE","raw":1746.9,"sigma":1.5,"state":"IDLE","t":"2026-07-16T10:33:29.0911123Z","type":"sample"}
{"channel":"rr","display":50.17561465127948,"mu":0,"quality":"OUT_OF_RANGE","raw":1745.9,"sigma":1.5,"state":"IDLE","t":"2026-07-16T10:33:29.1292944Z","type":"sample"}
{"channel":"gsr","display":0,"mu":0,"quality":"OK","raw":4081,"sigma":10,"state":"IDLE","t":"2026-07-16T10:33:29.1396318Z","type":"sample"}
{"channel":"rr","display":50.17561465127948,"mu":0,"quality":"OUT_OF_RANGE","raw":1746.1,"sigma":1.5,"state":"IDLE","t":"2026-07-16T10:33:29.1711529Z","type":"sample"}
{"channel":"rr","display":50.17561465127948,"mu":0,"quality":"OUT_OF_RANGE","raw":1744.2,"sigma":1.5,"state":"IDLE","t":"2026-07-16T10:33:29.2100912Z","type":"sample"}
{"channel":"gsr","display":0,"mu":0,"quality":"OK","raw":4081.7,"sigma":10,"state":"IDLE","t":"2026-07-16T10:33:29.2400426Z","type":"sample"}
{"channel":"hr","display":0,"mu":0,"quality":"OUT_OF_RANGE","raw":80,"sigma":3,"state":"IDLE","t":"2026-07-16T10:33:29.2405422Z","type":"sample"}
{"channel":"rr","display":50.17561465127948,"mu":0,"quality":"OUT_OF_RANGE","raw":1745.5,"sigma":1.5,"state":"IDLE","t":"2026-07-16T10:33:29.2500458Z","type":"sample"}
{"channel":"rr","display":50.17561465127948,"mu":0,"quality":"OUT_OF_RANGE","raw":1745.8,"sigma":1.5,"state":"IDLE","t":"2026-07-16T10:33:29.2911233Z","type":"sample"}
{"channel":"rr","display":50.17561465127948,"mu":0,"quality":"OUT_OF_RANGE","raw":1745,"sigma":1.5,"state":"IDLE","t":"2026-07-16T10:33:29.3301967Z","type":"sample"}
{"channel":"gsr","event":"quality_change","quality":"OUT_OF_RANGE","t":"2026-07-16T10:33:29.3403107Z","type":"event"}
{"channel":"gsr","display":0,"mu":0,"quality":"OUT_OF_RANGE","raw":4082.9,"sigma":10,"state":"IDLE","t":"2026-07-16T10:33:29.3403107Z","type":"sample"}
{"address":"/cue/p/start","args":null,"channel":"system","dir":"out","t":"2026-07-16T10:33:29.3452842Z","type":"osc"}
{"channel":"rr","display":50.17561465127948,"mu":0,"quality":"OUT_OF_RANGE","raw":1745.9,"sigma":1.5,"state":"IDLE","t":"2026-07-16T10:33:29.3699105Z","type":"sample"}
{"channel":"rr","display":50.17561465127948,"mu":0,"quality":"OUT_OF_RANGE","raw":1745.8,"sigma":1.5,"state":"IDLE","t":"2026-07-16T10:33:29.4084165Z","type":"sample"}
{"channel":"gsr","display":0,"mu":0,"quality":"OUT_OF_RANGE","raw":4082.3,"sigma":10,"state":"IDLE","t":"2026-07-16T10:33:29.4406113Z","type":"sample"}
{"channel":"rr","display":50.17561465127948,"mu":0,"quality":"OUT_OF_RANGE","raw":1744,"sigma":1.5,"state":"IDLE","t":"2026-07-16T10:33:29.4502739Z","type":"sample"}
{"channel":"rr","display":50.17561465127948,"mu":0,"quality":"OUT_OF_RANGE","raw":1746.2,"sigma":1.5,"state":"IDLE","t":"2026-07-16T10:33:29.4913052Z","type":"sample"}
{"channel":"rr","display":50.17561465127948,"mu":0,"quality":"OUT_OF_RANGE","raw":1745.2,"sigma":1.5,"state":"IDLE","t":"2026-07-16T10:33:29.5293086Z","type":"sample"}
{"channel":"gsr","display":0,"mu":0,"quality":"OUT_OF_RANGE","raw":4083.8,"sigma":10,"state":"IDLE","t":"2026-07-16T10:33:29.5398763Z","type":"sample"}
{"channel":"rr","display":50.17561465127948,"mu":0,"quality":"OUT_OF_RANGE","raw":1745.6,"sigma":1.5,"state":"IDLE","t":"2026-07-16T10:33:29.5713111Z","type":"sample"}
{"channel":"rr","display":50.17561465127948,"mu":0,"quality":"OUT_OF_RANGE","raw":1747.2,"sigma":1.5,"state":"IDLE","t":"2026-07-16T10:33:29.6112168Z","type":"sample"}
{"channel":"gsr","display":0,"mu":0,"quality":"OUT_OF_RANGE","raw":4085.2,"sigma":10,"state":"IDLE","t":"2026-07-16T10:33:29.6402177Z","type":"sample"}
{"channel":"rr","display":50.17561465127948,"mu":0,"quality":"OUT_OF_RANGE","raw":1745.9,"sigma":1.5,"state":"IDLE","t":"2026-07-16T10:33:29.6467082Z","type":"sample"}
{"channel":"rr","display":50.17561465127948,"mu":0,"quality":"OUT_OF_RANGE","raw":1745.4,"sigma":1.5,"state":"IDLE","t":"2026-07-16T10:33:29.6907105Z","type":"sample"}
{"channel":"rr","display":50.17561465127948,"mu":0,"quality":"OUT_OF_RANGE","raw":1745,"sigma":1.5,"state":"IDLE","t":"2026-07-16T10:33:29.7309772Z","type":"sample"}
{"channel":"gsr","display":0,"mu":0,"quality":"OUT_OF_RANGE","raw":4086.9,"sigma":10,"state":"IDLE","t":"2026-07-16T10:33:29.7403587Z","type":"sample"}
{"channel":"hr","display":0,"mu":0,"quality":"OUT_OF_RANGE","raw":80,"sigma":3,"state":"IDLE","t":"2026-07-16T10:33:29.7408628Z","type":"sample"}
{"channel":"rr","display":50.17561465127948,"mu":0,"quality":"OUT_OF_RANGE","raw":1743.9,"sigma":1.5,"state":"IDLE","t":"2026-07-16T10:33:29.771358Z","type":"sample"}
{"channel":"rr","display":50.17561465127948,"mu":0,"quality":"OUT_OF_RANGE","raw":1744.6,"sigma":1.5,"state":"IDLE","t":"2026-07-16T10:33:29.8091253Z","type":"sample"}
{"channel":"gsr","display":0,"mu":0,"quality":"OUT_OF_RANGE","raw":4084.1,"sigma":10,"state":"IDLE","t":"2026-07-16T10:33:29.8399795Z","type":"sample"}
{"channel":"rr","display":50.17561465127948,"mu":0,"quality":"OUT_OF_RANGE","raw":1746.1,"sigma":1.5,"state":"IDLE","t":"2026-07-16T10:33:29.8512122Z","type":"sample"}
{"channel":"rr","display":50.17561465127948,"mu":0,"quality":"OUT_OF_RANGE","raw":1746.2,"sigma":1.5,"state":"IDLE","t":"2026-07-16T10:33:29.8913868Z","type":"sample"}
{"channel":"rr","display":50.17561465127948,"mu":0,"quality":"OUT_OF_RANGE","raw":1745.4,"sigma":1.5,"state":"IDLE","t":"2026-07-16T10:33:29.9312739Z","type":"sample"}
{"channel":"gsr","display":0,"mu":0,"quality":"OUT_OF_RANGE","raw":4086.1,"sigma":10,"state":"IDLE","t":"2026-07-16T10:33:29.9403356Z","type":"sample"}
{"channel":"rr","display":50.17561465127948,"mu":0,"quality":"OUT_OF_RANGE","raw":1745.5,"sigma":1.5,"state":"IDLE","t":"2026-07-16T10:33:29.9711125Z","type":"sample"}
{"channel":"rr","display":50.17561465127948,"mu":0,"quality":"OUT_OF_RANGE","raw":1744.5,"sigma":1.5,"state":"IDLE","t":"2026-07-16T10:33:30.0081789Z","type":"sample"}
{"channel":"gsr","display":0,"mu":0,"quality":"OUT_OF_RANGE","raw":4087.4,"sigma":10,"state":"IDLE","t":"2026-07-16T10:33:30.0400102Z","type":"sample"}
{"channel":"rr","display":50.17561465127948,"mu":0,"quality":"OUT_OF_RANGE","raw":1747.5,"sigma":1.5,"state":"IDLE","t":"2026-07-16T10:33:30.0466173Z","type":"sample"}
{"channel":"rr","display":50.17561465127948,"mu":0,"quality":"OUT_OF_RANGE","raw":1745.2,"sigma":1.5,"state":"IDLE","t":"2026-07-16T10:33:30.0912811Z","type":"sample"}
{"channel":"rr","display":50.17561465127948,"mu":0,"quality":"OUT_OF_RANGE","raw":1745.4,"sigma":1.5,"state":"IDLE","t":"2026-07-16T10:33:30.1312036Z","type":"sample"}
{"channel":"gsr","display":0,"mu":0,"quality":"OUT_OF_RANGE","raw":4085.3,"sigma":10,"state":"IDLE","t":"2026-07-16T10:33:30.140088Z","type":"sample"}
{"channel":"rr","display":50.17561465127948,"mu":0,"quality":"OUT_OF_RANGE","raw":1746.5,"sigma":1.5,"state":"IDLE","t":"2026-07-16T10:33:30.1676282Z","type":"sample"}
{"channel":"rr","display":50.17561465127948,"mu":0,"quality":"OUT_OF_RANGE","raw":1746.1,"sigma":1.5,"state":"IDLE","t":"2026-07-16T10:33:30.2092993Z","type":"sample"}
{"channel":"gsr","display":0,"mu":0,"quality":"OUT_OF_RANGE","raw":4085.1,"sigma":10,"state":"IDLE","t":"2026-07-16T10:33:30.2404824Z","type":"sample"}
{"channel":"hr","display":0,"mu":0,"quality":"OUT_OF_RANGE","raw":80,"sigma":3,"state":"IDLE","t":"2026-07-16T10:33:30.2409881Z","type":"sample"}
{"channel":"rr","display":50.17561465127948,"mu":0,"quality":"OUT_OF_RANGE","raw":1745.7,"sigma":1.5,"state":"IDLE","t":"2026-07-16T10:33:30.2509583Z","type":"sample"}
{"channel":"rr","display":50.17561465127948,"mu":0,"quality":"OUT_OF_RANGE","raw":1745.7,"sigma":1.5,"state":"IDLE","t":"2026-07-16T10:33:30.2909687Z","type":"sample"}
{"channel":"rr","display":50.17561465127948,"mu":0,"quality":"OUT_OF_RANGE","raw":1745.1,"sigma":1.5,"state":"IDLE","t":"2026-07-16T10:33:30.330878Z","type":"sample"}
{"channel":"gsr","display":0,"mu":0,"quality":"OUT_OF_RANGE","raw":4085.1,"sigma":10,"state":"IDLE","t":"2026-07-16T10:33:30.3394284Z","type":"sample"}
{"address":"/cue/p/start","args":null,"channel":"system","dir":"out","t":"2026-07-16T10:33:30.3466695Z","type":"osc"}
{"channel":"rr","display":50.17561465127948,"mu":0,"quality":"OUT_OF_RANGE","raw":1747.2,"sigma":1.5,"state":"IDLE","t":"2026-07-16T10:33:30.3711238Z","type":"sample"}
{"channel":"rr","display":50.17561465127948,"mu":0,"quality":"OUT_OF_RANGE","raw":1744.4,"sigma":1.5,"state":"IDLE","t":"2026-07-16T10:33:30.4079999Z","type":"sample"}
{"channel":"gsr","display":0,"mu":0,"quality":"OUT_OF_RANGE","raw":4087.8,"sigma":10,"state":"IDLE","t":"2026-07-16T10:33:30.436453Z","type":"sample"}
{"channel":"rr","display":48.2392667631452,"mu":0,"quality":"OUT_OF_RANGE","raw":1745.1,"sigma":1.5,"state":"IDLE","t":"2026-07-16T10:33:30.4512117Z","type":"sample"}
{"channel":"rr","display":48.2392667631452,"mu":0,"quality":"OUT_OF_RANGE","raw":1744.9,"sigma":1.5,"state":"IDLE","t":"2026-07-16T10:33:30.4914918Z","type":"sample"}
{"channel":"rr","display":48.2392667631452,"mu":0,"quality":"OUT_OF_RANGE","raw":1746.3,"sigma":1.5,"state":"IDLE","t":"2026-07-16T10:33:30.5312267Z","type":"sample"}
{"channel":"gsr","display":0,"mu":0,"quality":"OUT_OF_RANGE","raw":4088.8,"sigma":10,"state":"IDLE","t":"2026-07-16T10:33:30.5399871Z","type":"sample"}
{"channel":"rr","display":48.2392667631452,"mu":0,"quality":"OUT_OF_RANGE","raw":1745.1,"sigma":1.5,"state":"IDLE","t":"2026-07-16T10:33:30.5712737Z","type":"sample"}
{"channel":"rr","display":48.2392667631452,"mu":0,"quality":"OUT_OF_RANGE","raw":1744.8,"sigma":1.5,"state":"IDLE","t":"2026-07-16T10:33:30.608303Z","type":"sample"}
{"channel":"gsr","display":0,"mu":0,"quality":"OUT_OF_RANGE","raw":4088.9,"sigma":10,"state":"IDLE","t":"2026-07-16T10:33:30.6403339Z","type":"sample"}
{"channel":"rr","display":48.2392667631452,"mu":0,"quality":"OUT_OF_RANGE","raw":1745.1,"sigma":1.5,"state":"IDLE","t":"2026-07-16T10:33:30.6457099Z","type":"sample"}
{"channel":"rr","display":48.2392667631452,"mu":0,"quality":"OUT_OF_RANGE","raw":1746.9,"sigma":1.5,"state":"IDLE","t":"2026-07-16T10:33:30.6912348Z","type":"sample"}
{"channel":"rr","display":48.2392667631452,"mu":0,"quality":"OUT_OF_RANGE","raw":1745.2,"sigma":1.5,"state":"IDLE","t":"2026-07-16T10:33:30.731233Z","type":"sample"}
{"channel":"gsr","display":0,"mu":0,"quality":"OUT_OF_RANGE","raw":4088.7,"sigma":10,"state":"IDLE","t":"2026-07-16T10:33:30.7400268Z","type":"sample"}
{"channel":"hr","display":0,"mu":0,"quality":"OUT_OF_RANGE","raw":80,"sigma":3,"state":"IDLE","t":"2026-07-16T10:33:30.7411023Z","type":"sample"}
{"channel":"rr","display":48.2392667631452,"mu":0,"quality":"OUT_OF_RANGE","raw":1745.1,"sigma":1.5,"state":"IDLE","t":"2026-07-16T10:33:30.7710931Z","type":"sample"}
{"channel":"rr","display":48.2392667631452,"mu":0,"quality":"OUT_OF_RANGE","raw":1746.9,"sigma":1.5,"state":"IDLE","t":"2026-07-16T10:33:30.8095273Z","type":"sample"}
{"channel":"gsr","display":0,"mu":0,"quality":"OUT_OF_RANGE","raw":4090,"sigma":10,"state":"IDLE","t":"2026-07-16T10:33:30.840404Z","type":"sample"}
{"channel":"rr","display":48.2392667631452,"mu":0,"quality":"OUT_OF_RANGE","raw":1746.4,"sigma":1.5,"state":"IDLE","t":"2026-07-16T10:33:30.8469711Z","type":"sample"}
{"channel":"rr","display":48.2392667631452,"mu":0,"quality":"OUT_OF_RANGE","raw":1743.9,"sigma":1.5,"state":"IDLE","t":"2026-07-16T10:33:30.8907684Z","type":"sample"}
{"channel":"rr","display":48.2392667631452,"mu":0,"quality":"OUT_OF_RANGE","raw":1745.5,"sigma":1.5,"state":"IDLE","t":"2026-07-16T10:33:30.9311572Z","type":"sample"}
{"channel":"gsr","display":0,"mu":0,"quality":"OUT_OF_RANGE","raw":4092.7,"sigma":10,"state":"IDLE","t":"2026-07-16T10:33:30.9400781Z","type":"sample"}
{"channel":"rr","display":48.2392667631452,"mu":0,"quality":"OUT_OF_RANGE","raw":1745.2,"sigma":1.5,"state":"IDLE","t":"2026-07-16T10:33:30.9712356Z","type":"sample"}
{"channel":"rr","display":48.2392667631452,"mu":0,"quality":"OUT_OF_RANGE","raw":1744.9,"sigma":1.5,"state":"IDLE","t":"2026-07-16T10:33:31.0088193Z","type":"sample"}
{"channel":"gsr","display":0,"mu":0,"quality":"OUT_OF_RANGE","raw":4091.3,"sigma":10,"state":"IDLE","t":"2026-07-16T10:33:31.0402315Z","type":"sample"}
{"channel":"rr","display":48.2392667631452,"mu":0,"quality":"OUT_OF_RANGE","raw":1746.9,"sigma":1.5,"state":"IDLE","t":"2026-07-16T10:33:31.049304Z","type":"sample"}
{"channel":"rr","display":48.2392667631452,"mu":0,"quality":"OUT_OF_RANGE","raw":1745.2,"sigma":1.5,"state":"IDLE","t":"2026-07-16T10:33:31.0908218Z","type":"sample"}
{"channel":"rr","display":48.2392667631452,"mu":0,"quality":"OUT_OF_RANGE","raw":1745.1,"sigma":1.5,"state":"IDLE","t":"2026-07-16T10:33:31.1312037Z","type":"sample"}
{"channel":"gsr","display":0,"mu":0,"quality":"OUT_OF_RANGE","raw":4091.7,"sigma":10,"state":"IDLE","t":"2026-07-16T10:33:31.1400605Z","type":"sample"}
{"channel":"rr","display":48.2392667631452,"mu":0,"quality":"OUT_OF_RANGE","raw":1744.6,"sigma":1.5,"state":"IDLE","t":"2026-07-16T10:33:31.1660065Z","type":"sample"}
{"channel":"rr","display":48.2392667631452,"mu":0,"quality":"OUT_OF_RANGE","raw":1744.6,"sigma":1.5,"state":"IDLE","t":"2026-07-16T10:33:31.2106387Z","type":"sample"}
{"channel":"gsr","display":0,"mu":0,"quality":"OUT_OF_RANGE","raw":4089.9,"sigma":10,"state":"IDLE","t":"2026-07-16T10:33:31.2402352Z","type":"sample"}
{"channel":"hr","display":0,"mu":0,"quality":"OUT_OF_RANGE","raw":80,"sigma":3,"state":"IDLE","t":"2026-07-16T10:33:31.2408237Z","type":"sample"}
{"channel":"rr","display":48.2392667631452,"mu":0,"quality":"OUT_OF_RANGE","raw":1746.4,"sigma":1.5,"state":"IDLE","t":"2026-07-16T10:33:31.2510623Z","type":"sample"}
{"channel":"rr","display":48.2392667631452,"mu":0,"quality":"OUT_OF_RANGE","raw":1744.4,"sigma":1.5,"state":"IDLE","t":"2026-07-16T10:33:31.2911261Z","type":"sample"}
{"channel":"rr","display":48.2392667631452,"mu":0,"quality":"OUT_OF_RANGE","raw":1745.2,"sigma":1.5,"state":"IDLE","t":"2026-07-16T10:33:31.3312163Z","type":"sample"}
{"channel":"gsr","display":0,"mu":0,"quality":"OUT_OF_RANGE","raw":4092.5,"sigma":10,"state":"IDLE","t":"2026-07-16T10:33:31.3400456Z","type":"sample"}
{"address":"/cue/p/start","args":null,"channel":"system","dir":"out","t":"2026-07-16T10:33:31.3449827Z","type":"osc"}
{"channel":"rr","display":48.2392667631452,"mu":0,"quality":"OUT_OF_RANGE","raw":1745.6,"sigma":1.5,"state":"IDLE","t":"2026-07-16T10:33:31.366189Z","type":"sample"}
{"channel":"rr","display":48.2392667631452,"mu":0,"quality":"OUT_OF_RANGE","raw":1744.1,"sigma":1.5,"state":"IDLE","t":"2026-07-16T10:33:31.4087771Z","type":"sample"}
{"channel":"gsr","display":0,"mu":0,"quality":"OUT_OF_RANGE","raw":4092.6,"sigma":10,"state":"IDLE","t":"2026-07-16T10:33:31.4403791Z","type":"sample"}
{"channel":"rr","display":48.2392667631452,"mu":0,"quality":"OUT_OF_RANGE","raw":1745.5,"sigma":1.5,"state":"IDLE","t":"2026-07-16T10:33:31.4508863Z","type":"sample"}
{"channel":"rr","display":48.2392667631452,"mu":0,"quality":"OUT_OF_RANGE","raw":1744.4,"sigma":1.5,"state":"IDLE","t":"2026-07-16T10:33:31.4911198Z","type":"sample"}
{"channel":"rr","display":48.2392667631452,"mu":0,"quality":"OUT_OF_RANGE","raw":1745.4,"sigma":1.5,"state":"IDLE","t":"2026-07-16T10:33:31.5312295Z","type":"sample"}
{"channel":"gsr","display":0,"mu":0,"quality":"OUT_OF_RANGE","raw":4091.6,"sigma":10,"state":"IDLE","t":"2026-07-16T10:33:31.5404852Z","type":"sample"}
{"channel":"rr","display":48.2392667631452,"mu":0,"quality":"OUT_OF_RANGE","raw":1746,"sigma":1.5,"state":"IDLE","t":"2026-07-16T10:33:31.5712331Z","type":"sample"}
{"channel":"rr","display":48.2392667631452,"mu":0,"quality":"OUT_OF_RANGE","raw":1744.8,"sigma":1.5,"state":"IDLE","t":"2026-07-16T10:33:31.611163Z","type":"sample"}
{"channel":"gsr","display":0,"mu":0,"quality":"OUT_OF_RANGE","raw":4092.6,"sigma":10,"state":"IDLE","t":"2026-07-16T10:33:31.6407077Z","type":"sample"}
{"channel":"rr","display":48.2392667631452,"mu":0,"quality":"OUT_OF_RANGE","raw":1746.2,"sigma":1.5,"state":"IDLE","t":"2026-07-16T10:33:31.6475727Z","type":"sample"}
{"channel":"rr","display":48.2392667631452,"mu":0,"quality":"OUT_OF_RANGE","raw":1746.1,"sigma":1.5,"state":"IDLE","t":"2026-07-16T10:33:31.6904761Z","type":"sample"}
{"channel":"rr","display":48.2392667631452,"mu":0,"quality":"OUT_OF_RANGE","raw":1745.4,"sigma":1.5,"state":"IDLE","t":"2026-07-16T10:33:31.7285729Z","type":"sample"}
{"channel":"gsr","display":0,"mu":0,"quality":"OUT_OF_RANGE","raw":4092.4,"sigma":10,"state":"IDLE","t":"2026-07-16T10:33:31.7401708Z","type":"sample"}
{"channel":"hr","display":0,"mu":0,"quality":"OUT_OF_RANGE","raw":80,"sigma":3,"state":"IDLE","t":"2026-07-16T10:33:31.7404926Z","type":"sample"}
{"channel":"rr","display":48.2392667631452,"mu":0,"quality":"OUT_OF_RANGE","raw":1744.8,"sigma":1.5,"state":"IDLE","t":"2026-07-16T10:33:31.7669508Z","type":"sample"}
{"channel":"rr","display":48.2392667631452,"mu":0,"quality":"OUT_OF_RANGE","raw":1744.2,"sigma":1.5,"state":"IDLE","t":"2026-07-16T10:33:31.8087149Z","type":"sample"}
{"channel":"gsr","display":0,"mu":0,"quality":"OUT_OF_RANGE","raw":4093.8,"sigma":10,"state":"IDLE","t":"2026-07-16T10:33:31.8406141Z","type":"sample"}
{"channel":"rr","display":48.2392667631452,"mu":0,"quality":"OUT_OF_RANGE","raw":1744.6,"sigma":1.5,"state":"IDLE","t":"2026-07-16T10:33:31.8489801Z","type":"sample"}
{"channel":"rr","display":48.2392667631452,"mu":0,"quality":"OUT_OF_RANGE","raw":1744.9,"sigma":1.5,"state":"IDLE","t":"2026-07-16T10:33:31.8909267Z","type":"sample"}
{"channel":"rr","display":48.2392667631452,"mu":0,"quality":"OUT_OF_RANGE","raw":1746.4,"sigma":1.5,"state":"IDLE","t":"2026-07-16T10:33:31.9311458Z","type":"sample"}
{"channel":"gsr","display":0,"mu":0,"quality":"OUT_OF_RANGE","raw":4092.5,"sigma":10,"state":"IDLE","t":"2026-07-16T10:33:31.9401203Z","type":"sample"}
{"channel":"rr","display":48.2392667631452,"mu":0,"quality":"OUT_OF_RANGE","raw":1745.5,"sigma":1.5,"state":"IDLE","t":"2026-07-16T10:33:31.9655454Z","type":"sample"}
{"channel":"rr","display":48.2392667631452,"mu":0,"quality":"OUT_OF_RANGE","raw":1744.4,"sigma":1.5,"state":"IDLE","t":"2026-07-16T10:33:32.0085123Z","type":"sample"}
{"channel":"gsr","display":0,"mu":0,"quality":"OUT_OF_RANGE","raw":4092.8,"sigma":10,"state":"IDLE","t":"2026-07-16T10:33:32.0401483Z","type":"sample"}
{"channel":"rr","display":48.2392667631452,"mu":0,"quality":"OUT_OF_RANGE","raw":1746.1,"sigma":1.5,"state":"IDLE","t":"2026-07-16T10:33:32.0512527Z","type":"sample"}
{"channel":"rr","display":48.2392667631452,"mu":0,"quality":"OUT_OF_RANGE","raw":1746.2,"sigma":1.5,"state":"IDLE","t":"2026-07-16T10:33:32.0910381Z","type":"sample"}
{"channel":"rr","display":48.2392667631452,"mu":0,"quality":"OUT_OF_RANGE","raw":1744.5,"sigma":1.5,"state":"IDLE","t":"2026-07-16T10:33:32.1312459Z","type":"sample"}
{"channel":"gsr","display":0,"mu":0,"quality":"OUT_OF_RANGE","raw":4092.4,"sigma":10,"state":"IDLE","t":"2026-07-16T10:33:32.1402014Z","type":"sample"}
{"channel":"rr","display":48.2392667631452,"mu":0,"quality":"OUT_OF_RANGE","raw":1745.3,"sigma":1.5,"state":"IDLE","t":"2026-07-16T10:33:32.1655224Z","type":"sample"}
{"channel":"rr","display":48.2392667631452,"mu":0,"quality":"OUT_OF_RANGE","raw":1744.7,"sigma":1.5,"state":"IDLE","t":"2026-07-16T10:33:32.2102143Z","type":"sample"}
{"channel":"gsr","display":0,"mu":0,"quality":"OUT_OF_RANGE","raw":4094.3,"sigma":10,"state":"IDLE","t":"2026-07-16T10:33:32.2404299Z","type":"sample"}
{"channel":"hr","display":0,"mu":0,"quality":"OUT_OF_RANGE","raw":80,"sigma":3,"state":"IDLE","t":"2026-07-16T10:33:32.2409898Z","type":"sample"}
{"channel":"rr","display":48.2392667631452,"mu":0,"quality":"OUT_OF_RANGE","raw":1746.3,"sigma":1.5,"state":"IDLE","t":"2026-07-16T10:33:32.2508532Z","type":"sample"}
{"channel":"rr","display":48.2392667631452,"mu":0,"quality":"OUT_OF_RANGE","raw":1746.6,"sigma":1.5,"state":"IDLE","t":"2026-07-16T10:33:32.2901793Z","type":"sample"}
{"channel":"rr","display":48.2392667631452,"mu":0,"quality":"OUT_OF_RANGE","raw":1744.9,"sigma":1.5,"state":"IDLE","t":"2026-07-16T10:33:32.3312918Z","type":"sample"}
{"channel":"gsr","display":0,"mu":0,"quality":"OUT_OF_RANGE","raw":4093.8,"sigma":10,"state":"IDLE","t":"2026-07-16T10:33:32.3402034Z","type":"sample"}
{"address":"/cue/p/start","args":null,"channel":"system","dir":"out","t":"2026-07-16T10:33:32.3480262Z","type":"osc"}
{"channel":"rr","display":48.2392667631452,"mu":0,"quality":"OUT_OF_RANGE","raw":1746,"sigma":1.5,"state":"IDLE","t":"2026-07-16T10:33:32.3660272Z","type":"sample"}
{"channel":"rr","display":48.2392667631452,"mu":0,"quality":"OUT_OF_RANGE","raw":1744.2,"sigma":1.5,"state":"IDLE","t":"2026-07-16T10:33:32.4083504Z","type":"sample"}
{"channel":"gsr","display":0,"mu":0,"quality":"OUT_OF_RANGE","raw":4092.6,"sigma":10,"state":"IDLE","t":"2026-07-16T10:33:32.439584Z","type":"sample"}
{"channel":"rr","display":50.8560773012375,"mu":0,"quality":"OUT_OF_RANGE","raw":1745.5,"sigma":1.5,"state":"IDLE","t":"2026-07-16T10:33:32.4510627Z","type":"sample"}
{"channel":"rr","display":50.8560773012375,"mu":0,"quality":"OUT_OF_RANGE","raw":1745.2,"sigma":1.5,"state":"IDLE","t":"2026-07-16T10:33:32.4908787Z","type":"sample"}
{"channel":"rr","display":50.8560773012375,"mu":0,"quality":"OUT_OF_RANGE","raw":1745.4,"sigma":1.5,"state":"IDLE","t":"2026-07-16T10:33:32.531223Z","type":"sample"}
{"channel":"gsr","display":0,"mu":0,"quality":"OUT_OF_RANGE","raw":4093.5,"sigma":10,"state":"IDLE","t":"2026-07-16T10:33:32.540189Z","type":"sample"}
{"channel":"rr","display":50.8560773012375,"mu":0,"quality":"OUT_OF_RANGE","raw":1746.9,"sigma":1.5,"state":"IDLE","t":"2026-07-16T10:33:32.5712451Z","type":"sample"}
{"channel":"rr","display":50.8560773012375,"mu":0,"quality":"OUT_OF_RANGE","raw":1746,"sigma":1.5,"state":"IDLE","t":"2026-07-16T10:33:32.6111585Z","type":"sample"}
{"channel":"gsr","display":0,"mu":0,"quality":"OUT_OF_RANGE","raw":4094.4,"sigma":10,"state":"IDLE","t":"2026-07-16T10:33:32.6402718Z","type":"sample"}
{"channel":"rr","display":50.8560773012375,"mu":0,"quality":"OUT_OF_RANGE","raw":1745.7,"sigma":1.5,"state":"IDLE","t":"2026-07-16T10:33:32.6511761Z","type":"sample"}
{"channel":"rr","display":50.8560773012375,"mu":0,"quality":"OUT_OF_RANGE","raw":1744.9,"sigma":1.5,"state":"IDLE","t":"2026-07-16T10:33:32.6911048Z","type":"sample"}
{"channel":"rr","display":50.8560773012375,"mu":0,"quality":"OUT_OF_RANGE","raw":1744.9,"sigma":1.5,"state":"IDLE","t":"2026-07-16T10:33:32.7310242Z","type":"sample"}
{"channel":"gsr","display":0,"mu":0,"quality":"OUT_OF_RANGE","raw":4092.7,"sigma":10,"state":"IDLE","t":"2026-07-16T10:33:32.7403423Z","type":"sample"}
{"channel":"hr","display":0,"mu":0,"quality":"OUT_OF_RANGE","raw":80,"sigma":3,"state":"IDLE","t":"2026-07-16T10:33:32.7587741Z","type":"sample"}
{"channel":"rr","display":50.8560773012375,"mu":0,"quality":"OUT_OF_RANGE","raw":1745.9,"sigma":1.5,"state":"IDLE","t":"2026-07-16T10:33:32.7711131Z","type":"sample"}
{"channel":"rr","display":50.8560773012375,"mu":0,"quality":"OUT_OF_RANGE","raw":1745.4,"sigma":1.5,"state":"IDLE","t":"2026-07-16T10:33:32.8111355Z","type":"sample"}
{"channel":"gsr","display":0,"mu":0,"quality":"OUT_OF_RANGE","raw":4092,"sigma":10,"state":"IDLE","t":"2026-07-16T10:33:32.8359958Z","type":"sample"}
{"channel":"rr","display":50.8560773012375,"mu":0,"quality":"OUT_OF_RANGE","raw":1743.4,"sigma":1.5,"state":"IDLE","t":"2026-07-16T10:33:32.8511978Z","type":"sample"}
{"channel":"rr","display":50.8560773012375,"mu":0,"quality":"OUT_OF_RANGE","raw":1745.6,"sigma":1.5,"state":"IDLE","t":"2026-07-16T10:33:32.8909329Z","type":"sample"}
{"channel":"rr","display":50.8560773012375,"mu":0,"quality":"OUT_OF_RANGE","raw":1743.6,"sigma":1.5,"state":"IDLE","t":"2026-07-16T10:33:32.9311867Z","type":"sample"}
{"channel":"gsr","display":0,"mu":0,"quality":"OUT_OF_RANGE","raw":4093.3,"sigma":10,"state":"IDLE","t":"2026-07-16T10:33:32.9402372Z","type":"sample"}
{"channel":"rr","display":50.8560773012375,"mu":0,"quality":"OUT_OF_RANGE","raw":1744.2,"sigma":1.5,"state":"IDLE","t":"2026-07-16T10:33:32.9694663Z","type":"sample"}
{"channel":"rr","display":50.8560773012375,"mu":0,"quality":"OUT_OF_RANGE","raw":1745.5,"sigma":1.5,"state":"IDLE","t":"2026-07-16T10:33:33.0090964Z","type":"sample"}
{"channel":"gsr","display":0,"mu":0,"quality":"OUT_OF_RANGE","raw":4093.7,"sigma":10,"state":"IDLE","t":"2026-07-16T10:33:33.04029Z","type":"sample"}
{"channel":"rr","display":50.8560773012375,"mu":0,"quality":"OUT_OF_RANGE","raw":1745.1,"sigma":1.5,"state":"IDLE","t":"2026-07-16T10:33:33.0511507Z","type":"sample"}
{"channel":"rr","display":50.8560773012375,"mu":0,"quality":"OUT_OF_RANGE","raw":1745.2,"sigma":1.5,"state":"IDLE","t":"2026-07-16T10:33:33.0909791Z","type":"sample"}
{"channel":"rr","display":50.8560773012375,"mu":0,"quality":"OUT_OF_RANGE","raw":1744.9,"sigma":1.5,"state":"IDLE","t":"2026-07-16T10:33:33.1312715Z","type":"sample"}
{"channel":"gsr","display":0,"mu":0,"quality":"OUT_OF_RANGE","raw":4093.9,"sigma":10,"state":"IDLE","t":"2026-07-16T10:33:33.1400714Z","type":"sample"}
{"channel":"rr","display":50.8560773012375,"mu":0,"quality":"OUT_OF_RANGE","raw":1743.9,"sigma":1.5,"state":"IDLE","t":"2026-07-16T10:33:33.1658461Z","type":"sample"}
{"channel":"rr","display":50.8560773012375,"mu":0,"quality":"OUT_OF_RANGE","raw":1745.4,"sigma":1.5,"state":"IDLE","t":"2026-07-16T10:33:33.2107008Z","type":"sample"}
{"channel":"gsr","display":0,"mu":0,"quality":"OUT_OF_RANGE","raw":4094.2,"sigma":10,"state":"IDLE","t":"2026-07-16T10:33:33.2402705Z","type":"sample"}
{"channel":"hr","display":0,"mu":0,"quality":"OUT_OF_RANGE","raw":80,"sigma":3,"state":"IDLE","t":"2026-07-16T10:33:33.240828Z","type":"sample"}
{"channel":"rr","display":50.8560773012375,"mu":0,"quality":"OUT_OF_RANGE","raw":1745,"sigma":1.5,"state":"IDLE","t":"2026-07-16T10:33:33.2512088Z","type":"sample"}
{"channel":"rr","display":50.8560773012375,"mu":0,"quality":"OUT_OF_RANGE","raw":1746.5,"sigma":1.5,"state":"IDLE","t":"2026-07-16T10:33:33.2903038Z","type":"sample"}
{"channel":"rr","display":50.8560773012375,"mu":0,"quality":"OUT_OF_RANGE","raw":1746.6,"sigma":1.5,"state":"IDLE","t":"2026-07-16T10:33:33.3312158Z","type":"sample"}
{"channel":"gsr","display":0,"mu":0,"quality":"OUT_OF_RANGE","raw":4093,"sigma":10,"state":"IDLE","t":"2026-07-16T10:33:33.3403118Z","type":"sample"}
{"address":"/cue/p/start","args":null,"channel":"system","dir":"out","t":"2026-07-16T10:33:33.3461814Z","type":"osc"}
{"channel":"rr","display":50.8560773012375,"mu":0,"quality":"OUT_OF_RANGE","raw":1746.4,"sigma":1.5,"state":"IDLE","t":"2026-07-16T10:33:33.3711781Z","type":"sample"}
{"channel":"rr","display":50.8560773012375,"mu":0,"quality":"OUT_OF_RANGE","raw":1746.8,"sigma":1.5,"state":"IDLE","t":"2026-07-16T10:33:33.408973Z","type":"sample"}
{"channel":"gsr","display":0,"mu":0,"quality":"OUT_OF_RANGE","raw":4094.5,"sigma":10,"state":"IDLE","t":"2026-07-16T10:33:33.440405Z","type":"sample"}
{"channel":"rr","display":50.8560773012375,"mu":0,"quality":"OUT_OF_RANGE","raw":1745,"sigma":1.5,"state":"IDLE","t":"2026-07-16T10:33:33.4508861Z","type":"sample"}
{"channel":"rr","display":50.8560773012375,"mu":0,"quality":"OUT_OF_RANGE","raw":1744.7,"sigma":1.5,"state":"IDLE","t":"2026-07-16T10:33:33.4911056Z","type":"sample"}
{"channel":"rr","display":51.912095518255754,"mu":0,"quality":"OUT_OF_RANGE","raw":1745.1,"sigma":1.5,"state":"IDLE","t":"2026-07-16T10:33:33.5286296Z","type":"sample"}
{"channel":"gsr","display":0,"mu":0,"quality":"OUT_OF_RANGE","raw":4094.5,"sigma":10,"state":"IDLE","t":"2026-07-16T10:33:33.5403106Z","type":"sample"}
{"channel":"rr","display":51.912095518255754,"mu":0,"quality":"OUT_OF_RANGE","raw":1744.8,"sigma":1.5,"state":"IDLE","t":"2026-07-16T10:33:33.5711821Z","type":"sample"}
{"channel":"rr","display":51.912095518255754,"mu":0,"quality":"OUT_OF_RANGE","raw":1744.2,"sigma":1.5,"state":"IDLE","t":"2026-07-16T10:33:33.608591Z","type":"sample"}
{"channel":"gsr","display":0,"mu":0,"quality":"OUT_OF_RANGE","raw":4093.9,"sigma":10,"state":"IDLE","t":"2026-07-16T10:33:33.6403777Z","type":"sample"}
{"channel":"rr","display":51.912095518255754,"mu":0,"quality":"OUT_OF_RANGE","raw":1746.1,"sigma":1.5,"state":"IDLE","t":"2026-07-16T10:33:33.6510797Z","type":"sample"}
{"channel":"rr","display":51.912095518255754,"mu":0,"quality":"OUT_OF_RANGE","raw":1744.4,"sigma":1.5,"state":"IDLE","t":"2026-07-16T10:33:33.6910384Z","type":"sample"}
{"channel":"rr","display":51.912095518255754,"mu":0,"quality":"OUT_OF_RANGE","raw":1744.5,"sigma":1.5,"state":"IDLE","t":"2026-07-16T10:33:33.7311943Z","type":"sample"}
{"channel":"gsr","display":0,"mu":0,"quality":"OUT_OF_RANGE","raw":4094.7,"sigma":10,"state":"IDLE","t":"2026-07-16T10:33:33.7397909Z","type":"sample"}
{"channel":"hr","display":0,"mu":0,"quality":"OUT_OF_RANGE","raw":80,"sigma":3,"state":"IDLE","t":"2026-07-16T10:33:33.7407457Z","type":"sample"}
{"channel":"rr","display":51.912095518255754,"mu":0,"quality":"OUT_OF_RANGE","raw":1745.6,"sigma":1.5,"state":"IDLE","t":"2026-07-16T10:33:33.7713339Z","type":"sample"}
{"channel":"rr","display":51.912095518255754,"mu":0,"quality":"OUT_OF_RANGE","raw":1745.7,"sigma":1.5,"state":"IDLE","t":"2026-07-16T10:33:33.8087708Z","type":"sample"}
{"channel":"gsr","display":0,"mu":0,"quality":"OUT_OF_RANGE","raw":4093.6,"sigma":10,"state":"IDLE","t":"2026-07-16T10:33:33.840451Z","type":"sample"}
{"channel":"rr","display":51.912095518255754,"mu":0,"quality":"OUT_OF_RANGE","raw":1745.8,"sigma":1.5,"state":"IDLE","t":"2026-07-16T10:33:33.8471326Z","type":"sample"}
{"channel":"rr","display":51.912095518255754,"mu":0,"quality":"OUT_OF_RANGE","raw":1745.1,"sigma":1.5,"state":"IDLE","t":"2026-07-16T10:33:33.8903669Z","type":"sample"}
{"channel":"rr","display":51.912095518255754,"mu":0,"quality":"OUT_OF_RANGE","raw":1745.2,"sigma":1.5,"state":"IDLE","t":"2026-07-16T10:33:33.9311636Z","type":"sample"}
{"channel":"gsr","display":0,"mu":0,"quality":"OUT_OF_RANGE","raw":4094.6,"sigma":10,"state":"IDLE","t":"2026-07-16T10:33:33.9404347Z","type":"sample"}
{"channel":"rr","display":51.912095518255754,"mu":0,"quality":"OUT_OF_RANGE","raw":1743.6,"sigma":1.5,"state":"IDLE","t":"2026-07-16T10:33:33.9692612Z","type":"sample"}
{"channel":"rr","display":51.912095518255754,"mu":0,"quality":"OUT_OF_RANGE","raw":1745.7,"sigma":1.5,"state":"IDLE","t":"2026-07-16T10:33:34.0108487Z","type":"sample"}
{"channel":"gsr","display":0,"mu":0,"quality":"OUT_OF_RANGE","raw":4094.8,"sigma":10,"state":"IDLE","t":"2026-07-16T10:33:34.0395602Z","type":"sample"}
{"channel":"rr","display":51.912095518255754,"mu":0,"quality":"OUT_OF_RANGE","raw":1745.2,"sigma":1.5,"state":"IDLE","t":"2026-07-16T10:33:34.0461459Z","type":"sample"}
{"channel":"rr","display":51.912095518255754,"mu":0,"quality":"OUT_OF_RANGE","raw":1744.7,"sigma":1.5,"state":"IDLE","t":"2026-07-16T10:33:34.0906293Z","type":"sample"}
{"channel":"rr","display":51.912095518255754,"mu":0,"quality":"OUT_OF_RANGE","raw":1745.4,"sigma":1.5,"state":"IDLE","t":"2026-07-16T10:33:34.1288191Z","type":"sample"}
{"channel":"gsr","display":0,"mu":0,"quality":"OUT_OF_RANGE","raw":4094.6,"sigma":10,"state":"IDLE","t":"2026-07-16T10:33:34.1403968Z","type":"sample"}
{"channel":"rr","display":51.912095518255754,"mu":0,"quality":"OUT_OF_RANGE","raw":1745.4,"sigma":1.5,"state":"IDLE","t":"2026-07-16T10:33:34.166542Z","type":"sample"}
{"channel":"rr","display":51.912095518255754,"mu":0,"quality":"OUT_OF_RANGE","raw":1745,"sigma":1.5,"state":"IDLE","t":"2026-07-16T10:33:34.2082183Z","type":"sample"}
{"channel":"gsr","display":0,"mu":0,"quality":"OUT_OF_RANGE","raw":4094,"sigma":10,"state":"IDLE","t":"2026-07-16T10:33:34.2404241Z","type":"sample"}
{"channel":"hr","display":0,"mu":0,"quality":"OUT_OF_RANGE","raw":80,"sigma":3,"state":"IDLE","t":"2026-07-16T10:33:34.2408534Z","type":"sample"}
{"channel":"rr","display":51.912095518255754,"mu":0,"quality":"OUT_OF_RANGE","raw":1744.4,"sigma":1.5,"state":"IDLE","t":"2026-07-16T10:33:34.2510379Z","type":"sample"}
{"channel":"rr","display":51.912095518255754,"mu":0,"quality":"OUT_OF_RANGE","raw":1746.6,"sigma":1.5,"state":"IDLE","t":"2026-07-16T10:33:34.290416Z","type":"sample"}
{"channel":"rr","display":51.912095518255754,"mu":0,"quality":"OUT_OF_RANGE","raw":1745.9,"sigma":1.5,"state":"IDLE","t":"2026-07-16T10:33:34.3312016Z","type":"sample"}
{"channel":"gsr","display":0,"mu":0,"quality":"OUT_OF_RANGE","raw":4094.1,"sigma":10,"state":"IDLE","t":"2026-07-16T10:33:34.340306Z","type":"sample"}
{"address":"/cue/p/start","args":null,"channel":"system","dir":"out","t":"2026-07-16T10:33:34.3454967Z","type":"osc"}
{"channel":"rr","display":51.912095518255754,"mu":0,"quality":"OUT_OF_RANGE","raw":1745.4,"sigma":1.5,"state":"IDLE","t":"2026-07-16T10:33:34.3673072Z","type":"sample"}
{"channel":"rr","display":51.912095518255754,"mu":0,"quality":"OUT_OF_RANGE","raw":1744.4,"sigma":1.5,"state":"IDLE","t":"2026-07-16T10:33:34.4108455Z","type":"sample"}
{"channel":"gsr","display":0,"mu":0,"quality":"OUT_OF_RANGE","raw":4094.5,"sigma":10,"state":"IDLE","t":"2026-07-16T10:33:34.4404809Z","type":"sample"}
{"channel":"rr","display":51.912095518255754,"mu":0,"quality":"OUT_OF_RANGE","raw":1743.8,"sigma":1.5,"state":"IDLE","t":"2026-07-16T10:33:34.4510013Z","type":"sample"}
{"channel":"rr","display":51.912095518255754,"mu":0,"quality":"OUT_OF_RANGE","raw":1746.2,"sigma":1.5,"state":"IDLE","t":"2026-07-16T10:33:34.4905125Z","type":"sample"}
{"channel":"rr","display":51.912095518255754,"mu":0,"quality":"OUT_OF_RANGE","raw":1745,"sigma":1.5,"state":"IDLE","t":"2026-07-16T10:33:34.5311689Z","type":"sample"}
{"channel":"gsr","display":0,"mu":0,"quality":"OUT_OF_RANGE","raw":4093.9,"sigma":10,"state":"IDLE","t":"2026-07-16T10:33:34.5404138Z","type":"sample"}
{"channel":"rr","display":51.912095518255754,"mu":0,"quality":"OUT_OF_RANGE","raw":1746.2,"sigma":1.5,"state":"IDLE","t":"2026-07-16T10:33:34.569108Z","type":"sample"}
{"channel":"rr","display":51.912095518255754,"mu":0,"quality":"OUT_OF_RANGE","raw":1745.4,"sigma":1.5,"state":"IDLE","t":"2026-07-16T10:33:34.6112549Z","type":"sample"}
{"channel":"gsr","display":0,"mu":0,"quality":"OUT_OF_RANGE","raw":4093.8,"sigma":10,"state":"IDLE","t":"2026-07-16T10:33:34.6404813Z","type":"sample"}
{"channel":"rr","display":51.912095518255754,"mu":0,"quality":"OUT_OF_RANGE","raw":1744.4,"sigma":1.5,"state":"IDLE","t":"2026-07-16T10:33:34.6500426Z","type":"sample"}
{"channel":"rr","display":51.912095518255754,"mu":0,"quality":"OUT_OF_RANGE","raw":1744.9,"sigma":1.5,"state":"IDLE","t":"2026-07-16T10:33:34.6904801Z","type":"sample"}
{"channel":"rr","display":53.191489361702125,"mu":0,"quality":"OUT_OF_RANGE","raw":1745.1,"sigma":1.5,"state":"IDLE","t":"2026-07-16T10:33:34.7306618Z","type":"sample"}
{"channel":"gsr","display":0,"mu":0,"quality":"OUT_OF_RANGE","raw":4093.7,"sigma":10,"state":"IDLE","t":"2026-07-16T10:33:34.7401899Z","type":"sample"}
{"channel":"hr","display":0,"mu":0,"quality":"OUT_OF_RANGE","raw":80,"sigma":3,"state":"IDLE","t":"2026-07-16T10:33:34.7409599Z","type":"sample"}
{"channel":"rr","display":53.191489361702125,"mu":0,"quality":"OUT_OF_RANGE","raw":1745.9,"sigma":1.5,"state":"IDLE","t":"2026-07-16T10:33:34.7687879Z","type":"sample"}
{"channel":"rr","display":53.191489361702125,"mu":0,"quality":"OUT_OF_RANGE","raw":1746.6,"sigma":1.5,"state":"IDLE","t":"2026-07-16T10:33:34.8088042Z","type":"sample"}
{"channel":"gsr","display":0,"mu":0,"quality":"OUT_OF_RANGE","raw":4093.4,"sigma":10,"state":"IDLE","t":"2026-07-16T10:33:34.8359396Z","type":"sample"}
{"channel":"rr","display":53.191489361702125,"mu":0,"quality":"OUT_OF_RANGE","raw":1745.4,"sigma":1.5,"state":"IDLE","t":"2026-07-16T10:33:34.8479304Z","type":"sample"}
{"channel":"rr","display":53.191489361702125,"mu":0,"quality":"OUT_OF_RANGE","raw":1744.9,"sigma":1.5,"state":"IDLE","t":"2026-07-16T10:33:34.8910748Z","type":"sample"}
{"channel":"rr","display":53.191489361702125,"mu":0,"quality":"OUT_OF_RANGE","raw":1744.7,"sigma":1.5,"state":"IDLE","t":"2026-07-16T10:33:34.9287698Z","type":"sample"}
{"channel":"gsr","display":0,"mu":0,"quality":"OUT_OF_RANGE","raw":4094.4,"sigma":10,"state":"IDLE","t":"2026-07-16T10:33:34.9387946Z","type":"sample"}
{"channel":"rr","display":53.191489361702125,"mu":0,"quality":"OUT_OF_RANGE","raw":1743.6,"sigma":1.5,"state":"IDLE","t":"2026-07-16T10:33:34.9696979Z","type":"sample"}
{"channel":"rr","display":53.191489361702125,"mu":0,"quality":"OUT_OF_RANGE","raw":1746.8,"sigma":1.5,"state":"IDLE","t":"2026-07-16T10:33:35.0110173Z","type":"sample"}
{"channel":"gsr","display":0,"mu":0,"quality":"OUT_OF_RANGE","raw":4094.7,"sigma":10,"state":"IDLE","t":"2026-07-16T10:33:35.0363378Z","type":"sample"}
{"channel":"rr","display":53.191489361702125,"mu":0,"quality":"OUT_OF_RANGE","raw":1744.9,"sigma":1.5,"state":"IDLE","t":"2026-07-16T10:33:35.0481486Z","type":"sample"}
{"channel":"rr","display":53.191489361702125,"mu":0,"quality":"OUT_OF_RANGE","raw":1742.6,"sigma":1.5,"state":"IDLE","t":"2026-07-16T10:33:35.0915037Z","type":"sample"}
{"channel":"rr","display":53.191489361702125,"mu":0,"quality":"OUT_OF_RANGE","raw":1744.2,"sigma":1.5,"state":"IDLE","t":"2026-07-16T10:33:35.1289382Z","type":"sample"}
{"channel":"gsr","display":0,"mu":0,"quality":"OUT_OF_RANGE","raw":4094.3,"sigma":10,"state":"IDLE","t":"2026-07-16T10:33:35.1370795Z","type":"sample"}
{"channel":"rr","display":53.191489361702125,"mu":0,"quality":"OUT_OF_RANGE","raw":1744.2,"sigma":1.5,"state":"IDLE","t":"2026-07-16T10:33:35.1699735Z","type":"sample"}
{"channel":"rr","display":53.191489361702125,"mu":0,"quality":"OUT_OF_RANGE","raw":1745.7,"sigma":1.5,"state":"IDLE","t":"2026-07-16T10:33:35.20917Z","type":"sample"}
{"channel":"gsr","display":0,"mu":0,"quality":"OUT_OF_RANGE","raw":4094.7,"sigma":10,"state":"IDLE","t":"2026-07-16T10:33:35.2355283Z","type":"sample"}
{"channel":"hr","display":0,"mu":0,"quality":"OUT_OF_RANGE","raw":79,"sigma":3,"state":"IDLE","t":"2026-07-16T10:33:35.2403805Z","type":"sample"}
{"channel":"rr","display":53.191489361702125,"mu":0,"quality":"OUT_OF_RANGE","raw":1743.8,"sigma":1.5,"state":"IDLE","t":"2026-07-16T10:33:35.2510702Z","type":"sample"}
{"channel":"rr","display":53.191489361702125,"mu":0,"quality":"OUT_OF_RANGE","raw":1745.4,"sigma":1.5,"state":"IDLE","t":"2026-07-16T10:33:35.291215Z","type":"sample"}
{"channel":"rr","display":53.191489361702125,"mu":0,"quality":"OUT_OF_RANGE","raw":1743.6,"sigma":1.5,"state":"IDLE","t":"2026-07-16T10:33:35.3312124Z","type":"sample"}
{"channel":"gsr","display":0,"mu":0,"quality":"OUT_OF_RANGE","raw":4094.7,"sigma":10,"state":"IDLE","t":"2026-07-16T10:33:35.3403105Z","type":"sample"}
{"address":"/cue/p/start","args":null,"channel":"system","dir":"out","t":"2026-07-16T10:33:35.3462459Z","type":"osc"}
{"channel":"rr","display":53.191489361702125,"mu":0,"quality":"OUT_OF_RANGE","raw":1746.3,"sigma":1.5,"state":"IDLE","t":"2026-07-16T10:33:35.3707262Z","type":"sample"}
{"channel":"rr","display":53.191489361702125,"mu":0,"quality":"OUT_OF_RANGE","raw":1746.6,"sigma":1.5,"state":"IDLE","t":"2026-07-16T10:33:35.4111763Z","type":"sample"}
{"channel":"gsr","display":0,"mu":0,"quality":"OUT_OF_RANGE","raw":4094.5,"sigma":10,"state":"IDLE","t":"2026-07-16T10:33:35.4370373Z","type":"sample"}
{"channel":"rr","display":53.191489361702125,"mu":0,"quality":"OUT_OF_RANGE","raw":1746.1,"sigma":1.5,"state":"IDLE","t":"2026-07-16T10:33:35.4509526Z","type":"sample"}
{"channel":"rr","display":53.191489361702125,"mu":0,"quality":"OUT_OF_RANGE","raw":1774.4,"sigma":1.5,"state":"IDLE","t":"2026-07-16T10:33:35.490605Z","type":"sample"}
{"channel":"rr","event":"quality_change","quality":"OK","t":"2026-07-16T10:33:35.5286305Z","type":"event"}
{"channel":"rr","display":53.191489361702125,"mu":0,"quality":"OK","raw":1882.1,"sigma":1.5,"state":"IDLE","t":"2026-07-16T10:33:35.5311631Z","type":"sample"}
{"channel":"gsr","display":0,"mu":0,"quality":"OUT_OF_RANGE","raw":4094.8,"sigma":10,"state":"IDLE","t":"2026-07-16T10:33:35.5397736Z","type":"sample"}
{"channel":"rr","display":53.191489361702125,"mu":0,"quality":"OK","raw":1988.8,"sigma":1.5,"state":"IDLE","t":"2026-07-16T10:33:35.5679299Z","type":"sample"}
{"address":"/cue/r19/start","args":null,"channel":"system","dir":"out","t":"2026-07-16T10:33:35.5796378Z","type":"osc"}
{"channel":"rr","display":53.191489361702125,"mu":0,"quality":"OK","raw":2108.8,"sigma":1.5,"state":"IDLE","t":"2026-07-16T10:33:35.609819Z","type":"sample"}
{"channel":"gsr","display":0,"mu":0,"quality":"OUT_OF_RANGE","raw":4094.4,"sigma":10,"state":"IDLE","t":"2026-07-16T10:33:35.6401043Z","type":"sample"}
{"channel":"rr","display":53.191489361702125,"mu":0,"quality":"OK","raw":2221.2,"sigma":1.5,"state":"IDLE","t":"2026-07-16T10:33:35.6492448Z","type":"sample"}
{"channel":"rr","display":53.191489361702125,"mu":0,"quality":"OK","raw":2287,"sigma":1.5,"state":"IDLE","t":"2026-07-16T10:33:35.691186Z","type":"sample"}
{"channel":"rr","display":53.191489361702125,"mu":0,"quality":"OK","raw":2308.9,"sigma":1.5,"state":"IDLE","t":"2026-07-16T10:33:35.7309953Z","type":"sample"}
{"channel":"gsr","display":0,"mu":0,"quality":"OUT_OF_RANGE","raw":4093.9,"sigma":10,"state":"IDLE","t":"2026-07-16T10:33:35.7403123Z","type":"sample"}
{"channel":"hr","display":0,"mu":0,"quality":"OUT_OF_RANGE","raw":79,"sigma":3,"state":"IDLE","t":"2026-07-16T10:33:35.7406918Z","type":"sample"}
{"channel":"rr","display":53.191489361702125,"mu":0,"quality":"OK","raw":2309.1,"sigma":1.5,"state":"IDLE","t":"2026-07-16T10:33:35.7712729Z","type":"sample"}
{"channel":"rr","display":53.191489361702125,"mu":0,"quality":"OK","raw":2309.9,"sigma":1.5,"state":"IDLE","t":"2026-07-16T10:33:35.8111436Z","type":"sample"}
{"channel":"gsr","display":0,"mu":0,"quality":"OUT_OF_RANGE","raw":4094.3,"sigma":10,"state":"IDLE","t":"2026-07-16T10:33:35.840045Z","type":"sample"}
{"channel":"rr","display":53.191489361702125,"mu":0,"quality":"OK","raw":2312.4,"sigma":1.5,"state":"IDLE","t":"2026-07-16T10:33:35.8474186Z","type":"sample"}
{"channel":"rr","display":53.191489361702125,"mu":0,"quality":"OK","raw":2310.8,"sigma":1.5,"state":"IDLE","t":"2026-07-16T10:33:35.8907472Z","type":"sample"}
{"channel":"rr","display":53.191489361702125,"mu":0,"quality":"OK","raw":2309.2,"sigma":1.5,"state":"IDLE","t":"2026-07-16T10:33:35.9312722Z","type":"sample"}
{"channel":"gsr","display":0,"mu":0,"quality":"OUT_OF_RANGE","raw":4093.7,"sigma":10,"state":"IDLE","t":"2026-07-16T10:33:35.9381516Z","type":"sample"}
{"channel":"rr","display":53.191489361702125,"mu":0,"quality":"OK","raw":2311.2,"sigma":1.5,"state":"IDLE","t":"2026-07-16T10:33:35.969652Z","type":"sample"}
{"channel":"rr","display":53.191489361702125,"mu":0,"quality":"OK","raw":2310.8,"sigma":1.5,"state":"IDLE","t":"2026-07-16T10:33:36.0097987Z","type":"sample"}
{"channel":"gsr","display":0,"mu":0,"quality":"OUT_OF_RANGE","raw":4092.6,"sigma":10,"state":"IDLE","t":"2026-07-16T10:33:36.039931Z","type":"sample"}
{"channel":"rr","display":53.191489361702125,"mu":0,"quality":"OK","raw":2310.4,"sigma":1.5,"state":"IDLE","t":"2026-07-16T10:33:36.0500548Z","type":"sample"}
{"channel":"rr","display":53.191489361702125,"mu":0,"quality":"OK","raw":2306.5,"sigma":1.5,"state":"IDLE","t":"2026-07-16T10:33:36.0911199Z","type":"sample"}
{"channel":"rr","display":53.191489361702125,"mu":0,"quality":"OK","raw":2306.8,"sigma":1.5,"state":"IDLE","t":"2026-07-16T10:33:36.128661Z","type":"sample"}
{"channel":"gsr","display":0,"mu":0,"quality":"OUT_OF_RANGE","raw":4094.6,"sigma":10,"state":"IDLE","t":"2026-07-16T10:33:36.1400617Z","type":"sample"}
{"channel":"rr","display":53.191489361702125,"mu":0,"quality":"OK","raw":2305.9,"sigma":1.5,"state":"IDLE","t":"2026-07-16T10:33:36.1710509Z","type":"sample"}
{"channel":"rr","display":53.191489361702125,"mu":0,"quality":"OK","raw":2305.9,"sigma":1.5,"state":"IDLE","t":"2026-07-16T10:33:36.2101558Z","type":"sample"}
{"channel":"gsr","display":0,"mu":0,"quality":"OUT_OF_RANGE","raw":4094.2,"sigma":10,"state":"IDLE","t":"2026-07-16T10:33:36.2368349Z","type":"sample"}
{"channel":"hr","display":0,"mu":0,"quality":"OUT_OF_RANGE","raw":79,"sigma":3,"state":"IDLE","t":"2026-07-16T10:33:36.2411988Z","type":"sample"}
{"channel":"rr","display":53.191489361702125,"mu":0,"quality":"OK","raw":2274.8,"sigma":1.5,"state":"IDLE","t":"2026-07-16T10:33:36.2508666Z","type":"sample"}
{"channel":"rr","display":53.191489361702125,"mu":0,"quality":"OK","raw":2217.7,"sigma":1.5,"state":"IDLE","t":"2026-07-16T10:33:36.2913973Z","type":"sample"}
{"channel":"rr","display":53.191489361702125,"mu":0,"quality":"OK","raw":2158.6,"sigma":1.5,"state":"IDLE","t":"2026-07-16T10:33:36.3311316Z","type":"sample"}
{"channel":"gsr","display":0,"mu":0,"quality":"OUT_OF_RANGE","raw":4094.7,"sigma":10,"state":"IDLE","t":"2026-07-16T10:33:36.3368613Z","type":"sample"}
{"address":"/cue/p/start","args":null,"channel":"system","dir":"out","t":"2026-07-16T10:33:36.3455525Z","type":"osc"}
{"channel":"rr","display":53.191489361702125,"mu":0,"quality":"OK","raw":2088.5,"sigma":1.5,"state":"IDLE","t":"2026-07-16T10:33:36.3712159Z","type":"sample"}
{"channel":"rr","display":53.191489361702125,"mu":0,"quality":"OK","raw":2023.9,"sigma":1.5,"state":"IDLE","t":"2026-07-16T10:33:36.4106384Z","type":"sample"}
{"channel":"gsr","display":0,"mu":0,"quality":"OUT_OF_RANGE","raw":4094.6,"sigma":10,"state":"IDLE","t":"2026-07-16T10:33:36.436104Z","type":"sample"}
{"channel":"rr","display":53.191489361702125,"mu":0,"quality":"OK","raw":1961.5,"sigma":1.5,"state":"IDLE","t":"2026-07-16T10:33:36.4510349Z","type":"sample"}
{"channel":"rr","display":53.191489361702125,"mu":0,"quality":"OK","raw":1917.2,"sigma":1.5,"state":"IDLE","t":"2026-07-16T10:33:36.4913658Z","type":"sample"}
{"channel":"rr","display":53.191489361702125,"mu":0,"quality":"OK","raw":1894.1,"sigma":1.5,"state":"IDLE","t":"2026-07-16T10:33:36.5311393Z","type":"sample"}
{"channel":"gsr","display":0,"mu":0,"quality":"OUT_OF_RANGE","raw":4093.8,"sigma":10,"state":"IDLE","t":"2026-07-16T10:33:36.5383793Z","type":"sample"}
{"channel":"rr","display":53.191489361702125,"mu":0,"quality":"OK","raw":1876.2,"sigma":1.5,"state":"IDLE","t":"2026-07-16T10:33:36.571258Z","type":"sample"}
{"address":"/cue/r19/start","args":null,"channel":"system","dir":"out","t":"2026-07-16T10:33:36.5840582Z","type":"osc"}
{"channel":"rr","display":53.191489361702125,"mu":0,"quality":"OK","raw":1864.2,"sigma":1.5,"state":"IDLE","t":"2026-07-16T10:33:36.6111285Z","type":"sample"}
{"channel":"gsr","display":0,"mu":0,"quality":"OUT_OF_RANGE","raw":4093.6,"sigma":10,"state":"IDLE","t":"2026-07-16T10:33:36.6395874Z","type":"sample"}
{"channel":"rr","display":53.191489361702125,"mu":0,"quality":"OK","raw":1862.2,"sigma":1.5,"state":"IDLE","t":"2026-07-16T10:33:36.6464866Z","type":"sample"}
{"channel":"rr","display":53.191489361702125,"mu":0,"quality":"OK","raw":1863,"sigma":1.5,"state":"IDLE","t":"2026-07-16T10:33:36.6909889Z","type":"sample"}
{"channel":"rr","display":53.191489361702125,"mu":0,"quality":"OK","raw":1861.9,"sigma":1.5,"state":"IDLE","t":"2026-07-16T10:33:36.7311336Z","type":"sample"}
{"channel":"gsr","display":0,"mu":0,"quality":"OUT_OF_RANGE","raw":4093.5,"sigma":10,"state":"IDLE","t":"2026-07-16T10:33:36.7368159Z","type":"sample"}
{"channel":"hr","display":0,"mu":0,"quality":"OUT_OF_RANGE","raw":79,"sigma":3,"state":"IDLE","t":"2026-07-16T10:33:36.7407414Z","type":"sample"}
{"channel":"rr","display":53.191489361702125,"mu":0,"quality":"OK","raw":1861.3,"sigma":1.5,"state":"IDLE","t":"2026-07-16T10:33:36.7712343Z","type":"sample"}
{"channel":"rr","display":53.191489361702125,"mu":0,"quality":"OK","raw":1860.8,"sigma":1.5,"state":"IDLE","t":"2026-07-16T10:33:36.8081495Z","type":"sample"}
{"channel":"gsr","display":0,"mu":0,"quality":"OUT_OF_RANGE","raw":4094.7,"sigma":10,"state":"IDLE","t":"2026-07-16T10:33:36.8403843Z","type":"sample"}
{"channel":"rr","display":53.191489361702125,"mu":0,"quality":"OK","raw":1864.1,"sigma":1.5,"state":"IDLE","t":"2026-07-16T10:33:36.8511101Z","type":"sample"}
{"channel":"rr","display":53.191489361702125,"mu":0,"quality":"OK","raw":1863.5,"sigma":1.5,"state":"IDLE","t":"2026-07-16T10:33:36.8906511Z","type":"sample"}
{"channel":"rr","display":53.191489361702125,"mu":0,"quality":"OK","raw":1864.1,"sigma":1.5,"state":"IDLE","t":"2026-07-16T10:33:36.9285821Z","type":"sample"}
{"channel":"gsr","display":0,"mu":0,"quality":"OUT_OF_RANGE","raw":4094.8,"sigma":10,"state":"IDLE","t":"2026-07-16T10:33:36.9390131Z","type":"sample"}
{"channel":"rr","display":53.191489361702125,"mu":0,"quality":"OK","raw":1863.8,"sigma":1.5,"state":"IDLE","t":"2026-07-16T10:33:36.9708801Z","type":"sample"}
{"channel":"rr","display":53.191489361702125,"mu":0,"quality":"OK","raw":1863.3,"sigma":1.5,"state":"IDLE","t":"2026-07-16T10:33:37.0111788Z","type":"sample"}
{"channel":"gsr","display":0,"mu":0,"quality":"OUT_OF_RANGE","raw":4093.9,"sigma":10,"state":"IDLE","t":"2026-07-16T10:33:37.0394947Z","type":"sample"}
{"channel":"rr","display":53.191489361702125,"mu":0,"quality":"OK","raw":1874.3,"sigma":1.5,"state":"IDLE","t":"2026-07-16T10:33:37.0509863Z","type":"sample"}
{"channel":"rr","display":53.191489361702125,"mu":0,"quality":"OK","raw":1897.1,"sigma":1.5,"state":"IDLE","t":"2026-07-16T10:33:37.0906795Z","type":"sample"}
{"channel":"rr","display":53.191489361702125,"mu":0,"quality":"OK","raw":1947.7,"sigma":1.5,"state":"IDLE","t":"2026-07-16T10:33:37.1285954Z","type":"sample"}
{"channel":"gsr","display":0,"mu":0,"quality":"OUT_OF_RANGE","raw":4092.6,"sigma":10,"state":"IDLE","t":"2026-07-16T10:33:37.1388798Z","type":"sample"}
{"channel":"rr","display":53.191489361702125,"mu":0,"quality":"OK","raw":2002.5,"sigma":1.5,"state":"IDLE","t":"2026-07-16T10:33:37.1672743Z","type":"sample"}
{"channel":"rr","display":53.191489361702125,"mu":0,"quality":"OK","raw":2061.7,"sigma":1.5,"state":"IDLE","t":"2026-07-16T10:33:37.2098414Z","type":"sample"}
{"channel":"gsr","display":0,"mu":0,"quality":"OUT_OF_RANGE","raw":4094,"sigma":10,"state":"IDLE","t":"2026-07-16T10:33:37.2358412Z","type":"sample"}
{"channel":"hr","display":0,"mu":0,"quality":"OUT_OF_RANGE","raw":79,"sigma":3,"state":"IDLE","t":"2026-07-16T10:33:37.2411697Z","type":"sample"}
{"channel":"rr","display":53.191489361702125,"mu":0,"quality":"OK","raw":2130.5,"sigma":1.5,"state":"IDLE","t":"2026-07-16T10:33:37.2507798Z","type":"sample"}
{"channel":"rr","display":53.191489361702125,"mu":0,"quality":"OK","raw":2174.7,"sigma":1.5,"state":"IDLE","t":"2026-07-16T10:33:37.2906967Z","type":"sample"}
{"channel":"rr","display":53.191489361702125,"mu":0,"quality":"OK","raw":2198.2,"sigma":1.5,"state":"IDLE","t":"2026-07-16T10:33:37.3311251Z","type":"sample"}
{"channel":"gsr","display":0,"mu":0,"quality":"OUT_OF_RANGE","raw":4094.1,"sigma":10,"state":"IDLE","t":"2026-07-16T10:33:37.3394576Z","type":"sample"}
{"address":"/cue/p/start","args":null,"channel":"system","dir":"out","t":"2026-07-16T10:33:37.3467414Z","type":"osc"}
{"channel":"rr","display":53.191489361702125,"mu":0,"quality":"OK","raw":2203.9,"sigma":1.5,"state":"IDLE","t":"2026-07-16T10:33:37.3711856Z","type":"sample"}
{"channel":"rr","display":53.191489361702125,"mu":0,"quality":"OK","raw":2204.3,"sigma":1.5,"state":"IDLE","t":"2026-07-16T10:33:37.4085926Z","type":"sample"}
{"channel":"gsr","display":0,"mu":0,"quality":"OUT_OF_RANGE","raw":4092.7,"sigma":10,"state":"IDLE","t":"2026-07-16T10:33:37.4358846Z","type":"sample"}
{"channel":"rr","display":53.191489361702125,"mu":0,"quality":"OK","raw":2205.1,"sigma":1.5,"state":"IDLE","t":"2026-07-16T10:33:37.4481351Z","type":"sample"}
{"channel":"rr","display":53.191489361702125,"mu":0,"quality":"OK","raw":2203.9,"sigma":1.5,"state":"IDLE","t":"2026-07-16T10:33:37.4907764Z","type":"sample"}
{"channel":"rr","display":53.191489361702125,"mu":0,"quality":"OK","raw":2204.2,"sigma":1.5,"state":"IDLE","t":"2026-07-16T10:33:37.5311152Z","type":"sample"}
{"channel":"gsr","display":0,"mu":0,"quality":"OUT_OF_RANGE","raw":4092.2,"sigma":10,"state":"IDLE","t":"2026-07-16T10:33:37.5375008Z","type":"sample"}
{"channel":"rr","display":53.191489361702125,"mu":0,"quality":"OK","raw":2204.8,"sigma":1.5,"state":"IDLE","t":"2026-07-16T10:33:37.5712072Z","type":"sample"}
{"address":"/cue/r19/start","args":null,"channel":"system","dir":"out","t":"2026-07-16T10:33:37.5915256Z","type":"osc"}
{"channel":"rr","display":53.191489361702125,"mu":0,"quality":"OK","raw":2204,"sigma":1.5,"state":"IDLE","t":"2026-07-16T10:33:37.611123Z","type":"sample"}
{"channel":"gsr","display":0,"mu":0,"quality":"OUT_OF_RANGE","raw":4093.2,"sigma":10,"state":"IDLE","t":"2026-07-16T10:33:37.6400341Z","type":"sample"}
{"channel":"rr","display":53.191489361702125,"mu":0,"quality":"OK","raw":2204.1,"sigma":1.5,"state":"IDLE","t":"2026-07-16T10:33:37.6483453Z","type":"sample"}
{"channel":"rr","display":53.191489361702125,"mu":0,"quality":"OK","raw":2205.8,"sigma":1.5,"state":"IDLE","t":"2026-07-16T10:33:37.6911569Z","type":"sample"}
{"channel":"rr","display":53.191489361702125,"mu":0,"quality":"OK","raw":2204.4,"sigma":1.5,"state":"IDLE","t":"2026-07-16T10:33:37.7284429Z","type":"sample"}
{"channel":"gsr","display":0,"mu":0,"quality":"OUT_OF_RANGE","raw":4094.9,"sigma":10,"state":"IDLE","t":"2026-07-16T10:33:37.7376726Z","type":"sample"}
{"channel":"hr","display":0,"mu":0,"quality":"OUT_OF_RANGE","raw":79,"sigma":3,"state":"IDLE","t":"2026-07-16T10:33:37.7407736Z","type":"sample"}
{"channel":"rr","display":53.191489361702125,"mu":0,"quality":"OK","raw":2203.4,"sigma":1.5,"state":"IDLE","t":"2026-07-16T10:33:37.7703703Z","type":"sample"}
{"channel":"rr","display":53.191489361702125,"mu":0,"quality":"OK","raw":2205.3,"sigma":1.5,"state":"IDLE","t":"2026-07-16T10:33:37.8094983Z","type":"sample"}
{"channel":"gsr","display":0,"mu":0,"quality":"OUT_OF_RANGE","raw":4090.7,"sigma":10,"state":"IDLE","t":"2026-07-16T10:33:37.8402432Z","type":"sample"}
{"channel":"rr","display":53.191489361702125,"mu":0,"quality":"OK","raw":2204.3,"sigma":1.5,"state":"IDLE","t":"2026-07-16T10:33:37.8509534Z","type":"sample"}
{"channel":"rr","display":53.191489361702125,"mu":0,"quality":"OK","raw":2203.6,"sigma":1.5,"state":"IDLE","t":"2026-07-16T10:33:37.891161Z","type":"sample"}
{"channel":"rr","display":53.191489361702125,"mu":0,"quality":"OK","raw":2203.9,"sigma":1.5,"state":"IDLE","t":"2026-07-16T10:33:37.9311012Z","type":"sample"}
{"channel":"gsr","display":0,"mu":0,"quality":"OUT_OF_RANGE","raw":4082.9,"sigma":10,"state":"IDLE","t":"2026-07-16T10:33:37.9369399Z","type":"sample"}
{"channel":"rr","display":53.191489361702125,"mu":0,"quality":"OK","raw":2204.5,"sigma":1.5,"state":"IDLE","t":"2026-07-16T10:33:37.9711925Z","type":"sample"}
{"channel":"rr","display":53.191489361702125,"mu":0,"quality":"OK","raw":2202.8,"sigma":1.5,"state":"IDLE","t":"2026-07-16T10:33:38.0092925Z","type":"sample"}
{"channel":"gsr","display":0,"mu":0,"quality":"OUT_OF_RANGE","raw":4081,"sigma":10,"state":"IDLE","t":"2026-07-16T10:33:38.039872Z","type":"sample"}
{"channel":"rr","display":53.191489361702125,"mu":0,"quality":"OK","raw":2204.8,"sigma":1.5,"state":"IDLE","t":"2026-07-16T10:33:38.0476809Z","type":"sample"}
{"channel":"rr","display":53.191489361702125,"mu":0,"quality":"OK","raw":2204.4,"sigma":1.5,"state":"IDLE","t":"2026-07-16T10:33:38.0912378Z","type":"sample"}
{"channel":"rr","display":53.191489361702125,"mu":0,"quality":"OK","raw":2202.2,"sigma":1.5,"state":"IDLE","t":"2026-07-16T10:33:38.1310912Z","type":"sample"}
{"channel":"gsr","display":0,"mu":0,"quality":"OUT_OF_RANGE","raw":4078.3,"sigma":10,"state":"IDLE","t":"2026-07-16T10:33:38.1388516Z","type":"sample"}
{"channel":"rr","display":53.191489361702125,"mu":0,"quality":"OK","raw":2203.2,"sigma":1.5,"state":"IDLE","t":"2026-07-16T10:33:38.166031Z","type":"sample"}
{"channel":"rr","display":53.191489361702125,"mu":0,"quality":"OK","raw":2202.1,"sigma":1.5,"state":"IDLE","t":"2026-07-16T10:33:38.2111716Z","type":"sample"}
{"channel":"gsr","display":0,"mu":0,"quality":"OUT_OF_RANGE","raw":4075.8,"sigma":10,"state":"IDLE","t":"2026-07-16T10:33:38.236185Z","type":"sample"}
{"channel":"hr","display":0,"mu":0,"quality":"OUT_OF_RANGE","raw":79,"sigma":3,"state":"IDLE","t":"2026-07-16T10:33:38.2407592Z","type":"sample"}
{"channel":"rr","display":53.191489361702125,"mu":0,"quality":"OK","raw":2203.9,"sigma":1.5,"state":"IDLE","t":"2026-07-16T10:33:38.2510557Z","type":"sample"}
{"channel":"rr","display":53.191489361702125,"mu":0,"quality":"OK","raw":2203.4,"sigma":1.5,"state":"IDLE","t":"2026-07-16T10:33:38.2909753Z","type":"sample"}
{"channel":"rr","display":53.191489361702125,"mu":0,"quality":"OK","raw":2202.2,"sigma":1.5,"state":"IDLE","t":"2026-07-16T10:33:38.3311472Z","type":"sample"}
{"channel":"gsr","display":0,"mu":0,"quality":"OUT_OF_RANGE","raw":4066.6,"sigma":10,"state":"IDLE","t":"2026-07-16T10:33:38.3373421Z","type":"sample"}
{"address":"/cue/p/start","args":null,"channel":"system","dir":"out","t":"2026-07-16T10:33:38.3455057Z","type":"osc"}
{"channel":"rr","display":53.191489361702125,"mu":0,"quality":"OK","raw":2203.2,"sigma":1.5,"state":"IDLE","t":"2026-07-16T10:33:38.371193Z","type":"sample"}
{"channel":"rr","display":53.191489361702125,"mu":0,"quality":"OK","raw":2203.4,"sigma":1.5,"state":"IDLE","t":"2026-07-16T10:33:38.411126Z","type":"sample"}
{"channel":"gsr","display":0,"mu":0,"quality":"OUT_OF_RANGE","raw":4063.7,"sigma":10,"state":"IDLE","t":"2026-07-16T10:33:38.4396187Z","type":"sample"}
{"channel":"rr","display":53.191489361702125,"mu":0,"quality":"OK","raw":2202.5,"sigma":1.5,"state":"IDLE","t":"2026-07-16T10:33:38.4511327Z","type":"sample"}
{"channel":"rr","display":53.191489361702125,"mu":0,"quality":"OK","raw":2201.5,"sigma":1.5,"state":"IDLE","t":"2026-07-16T10:33:38.4908824Z","type":"sample"}
{"channel":"rr","display":53.191489361702125,"mu":0,"quality":"OK","raw":2202.2,"sigma":1.5,"state":"IDLE","t":"2026-07-16T10:33:38.5311512Z","type":"sample"}
{"channel":"gsr","event":"quality_change","quality":"OK","t":"2026-07-16T10:33:38.5375983Z","type":"event"}
{"channel":"gsr","display":4054.2,"mu":0,"quality":"OK","raw":4054.2,"sigma":10,"state":"IDLE","t":"2026-07-16T10:33:38.5403215Z","type":"sample"}
{"channel":"rr","display":53.191489361702125,"mu":0,"quality":"OK","raw":2202.5,"sigma":1.5,"state":"IDLE","t":"2026-07-16T10:33:38.5709625Z","type":"sample"}
{"address":"/cue/g1/start","args":null,"channel":"system","dir":"out","t":"2026-07-16T10:33:38.60075Z","type":"osc"}
{"address":"/cue/r19/start","args":null,"channel":"system","dir":"out","t":"2026-07-16T10:33:38.601802Z","type":"osc"}
{"channel":"rr","display":53.191489361702125,"mu":0,"quality":"OK","raw":2202.3,"sigma":1.5,"state":"IDLE","t":"2026-07-16T10:33:38.6108523Z","type":"sample"}
{"channel":"gsr","display":4047.4,"mu":0,"quality":"OK","raw":4047.4,"sigma":10,"state":"IDLE","t":"2026-07-16T10:33:38.6400303Z","type":"sample"}
{"channel":"rr","display":53.191489361702125,"mu":0,"quality":"OK","raw":2202.2,"sigma":1.5,"state":"IDLE","t":"2026-07-16T10:33:38.6504363Z","type":"sample"}
{"channel":"rr","display":53.191489361702125,"mu":0,"quality":"OK","raw":2202.6,"sigma":1.5,"state":"IDLE","t":"2026-07-16T10:33:38.6911778Z","type":"sample"}
{"channel":"rr","display":53.191489361702125,"mu":0,"quality":"OK","raw":2201.4,"sigma":1.5,"state":"IDLE","t":"2026-07-16T10:33:38.7285367Z","type":"sample"}
{"channel":"gsr","display":4038.5,"mu":0,"quality":"OK","raw":4038.5,"sigma":10,"state":"IDLE","t":"2026-07-16T10:33:38.7370213Z","type":"sample"}
{"channel":"hr","display":0,"mu":0,"quality":"OUT_OF_RANGE","raw":79,"sigma":3,"state":"IDLE","t":"2026-07-16T10:33:38.7410339Z","type":"sample"}
{"channel":"rr","display":53.191489361702125,"mu":0,"quality":"OK","raw":2202.2,"sigma":1.5,"state":"IDLE","t":"2026-07-16T10:33:38.7712577Z","type":"sample"}
{"channel":"rr","display":53.191489361702125,"mu":0,"quality":"OK","raw":2201.6,"sigma":1.5,"state":"IDLE","t":"2026-07-16T10:33:38.8103595Z","type":"sample"}
{"channel":"gsr","display":4031.2,"mu":0,"quality":"OK","raw":4031.2,"sigma":10,"state":"IDLE","t":"2026-07-16T10:33:38.8403286Z","type":"sample"}
{"channel":"rr","display":53.191489361702125,"mu":0,"quality":"OK","raw":2203.2,"sigma":1.5,"state":"IDLE","t":"2026-07-16T10:33:38.8512026Z","type":"sample"}
{"channel":"rr","display":53.191489361702125,"mu":0,"quality":"OK","raw":2201.3,"sigma":1.5,"state":"IDLE","t":"2026-07-16T10:33:38.8908682Z","type":"sample"}
{"channel":"rr","display":53.191489361702125,"mu":0,"quality":"OK","raw":2202.2,"sigma":1.5,"state":"IDLE","t":"2026-07-16T10:33:38.9311464Z","type":"sample"}
{"channel":"gsr","display":4023.5,"mu":0,"quality":"OK","raw":4023.5,"sigma":10,"state":"IDLE","t":"2026-07-16T10:33:38.9374773Z","type":"sample"}
{"channel":"rr","display":53.191489361702125,"mu":0,"quality":"OK","raw":2201.6,"sigma":1.5,"state":"IDLE","t":"2026-07-16T10:33:38.9712248Z","type":"sample"}
{"channel":"rr","display":53.191489361702125,"mu":0,"quality":"OK","raw":2200.9,"sigma":1.5,"state":"IDLE","t":"2026-07-16T10:33:39.0111131Z","type":"sample"}
{"channel":"gsr","display":4013.5,"mu":0,"quality":"OK","raw":4013.5,"sigma":10,"state":"IDLE","t":"2026-07-16T10:33:39.0359123Z","type":"sample"}
{"channel":"rr","display":53.191489361702125,"mu":0,"quality":"OK","raw":2201.8,"sigma":1.5,"state":"IDLE","t":"2026-07-16T10:33:39.048463Z","type":"sample"}
{"channel":"rr","display":53.191489361702125,"mu":0,"quality":"OK","raw":2200.2,"sigma":1.5,"state":"IDLE","t":"2026-07-16T10:33:39.0910557Z","type":"sample"}
{"channel":"rr","display":53.191489361702125,"mu":0,"quality":"OK","raw":2200.3,"sigma":1.5,"state":"IDLE","t":"2026-07-16T10:33:39.1288465Z","type":"sample"}
{"channel":"gsr","display":4004.3,"mu":0,"quality":"OK","raw":4004.3,"sigma":10,"state":"IDLE","t":"2026-07-16T10:33:39.1372768Z","type":"sample"}
{"channel":"rr","display":53.191489361702125,"mu":0,"quality":"OK","raw":2200.6,"sigma":1.5,"state":"IDLE","t":"2026-07-16T10:33:39.1711794Z","type":"sample"}
{"channel":"rr","display":53.191489361702125,"mu":0,"quality":"OK","raw":2198.9,"sigma":1.5,"state":"IDLE","t":"2026-07-16T10:33:39.2111265Z","type":"sample"}
{"channel":"gsr","display":3988.2,"mu":0,"quality":"OK","raw":3988.2,"sigma":10,"state":"IDLE","t":"2026-07-16T10:33:39.2394235Z","type":"sample"}
{"channel":"hr","display":0,"mu":0,"quality":"OUT_OF_RANGE","raw":79,"sigma":3,"state":"IDLE","t":"2026-07-16T10:33:39.2407661Z","type":"sample"}
{"channel":"rr","display":53.191489361702125,"mu":0,"quality":"OK","raw":2194,"sigma":1.5,"state":"IDLE","t":"2026-07-16T10:33:39.2510436Z","type":"sample"}
{"channel":"rr","display":53.191489361702125,"mu":0,"quality":"OK","raw":2181.8,"sigma":1.5,"state":"IDLE","t":"2026-07-16T10:33:39.2909232Z","type":"sample"}
{"channel":"rr","display":53.191489361702125,"mu":0,"quality":"OK","raw":2169.1,"sigma":1.5,"state":"IDLE","t":"2026-07-16T10:33:39.3291009Z","type":"sample"}
{"channel":"gsr","display":3978.3,"mu":0,"quality":"OK","raw":3978.3,"sigma":10,"state":"IDLE","t":"2026-07-16T10:33:39.3397886Z","type":"sample"}
{"address":"/cue/p/start","args":null,"channel":"system","dir":"out","t":"2026-07-16T10:33:39.3473878Z","type":"osc"}
{"channel":"rr","display":53.191489361702125,"mu":0,"quality":"OK","raw":2161.8,"sigma":1.5,"state":"IDLE","t":"2026-07-16T10:33:39.3712471Z","type":"sample"}
{"channel":"rr","display":53.191489361702125,"mu":0,"quality":"OK","raw":2155.9,"sigma":1.5,"state":"IDLE","t":"2026-07-16T10:33:39.4087839Z","type":"sample"}
{"channel":"gsr","display":3972,"mu":0,"quality":"OK","raw":3972,"sigma":10,"state":"IDLE","t":"2026-07-16T10:33:39.440339Z","type":"sample"}
{"channel":"rr","display":53.191489361702125,"mu":0,"quality":"OK","raw":2150.4,"sigma":1.5,"state":"IDLE","t":"2026-07-16T10:33:39.450688Z","type":"sample"}
{"channel":"rr","display":53.191489361702125,"mu":0,"quality":"OK","raw":2147.2,"sigma":1.5,"state":"IDLE","t":"2026-07-16T10:33:39.4912499Z","type":"sample"}
{"channel":"rr","display":53.191489361702125,"mu":0,"quality":"OK","raw":2144.9,"sigma":1.5,"state":"IDLE","t":"2026-07-16T10:33:39.531194Z","type":"sample"}
{"channel":"gsr","display":3955.1,"mu":0,"quality":"OK","raw":3955.1,"sigma":10,"state":"IDLE","t":"2026-07-16T10:33:39.5364024Z","type":"sample"}
{"channel":"rr","display":53.191489361702125,"mu":0,"quality":"OK","raw":2141.4,"sigma":1.5,"state":"IDLE","t":"2026-07-16T10:33:39.5711595Z","type":"sample"}
{"address":"/cue/g1/start","args":null,"channel":"system","dir":"out","t":"2026-07-16T10:33:39.6053695Z","type":"osc"}
{"address":"/cue/r19/start","args":null,"channel":"system","dir":"out","t":"2026-07-16T10:33:39.6064019Z","type":"osc"}
{"channel":"rr","display":53.191489361702125,"mu":0,"quality":"OK","raw":2139.6,"sigma":1.5,"state":"IDLE","t":"2026-07-16T10:33:39.6110164Z","type":"sample"}
{"channel":"gsr","display":3948.9,"mu":0,"quality":"OK","raw":3948.9,"sigma":10,"state":"IDLE","t":"2026-07-16T10:33:39.6359138Z","type":"sample"}
{"channel":"rr","display":53.191489361702125,"mu":0,"quality":"OK","raw":2136.6,"sigma":1.5,"state":"IDLE","t":"2026-07-16T10:33:39.6507358Z","type":"sample"}
{"channel":"rr","display":53.191489361702125,"mu":0,"quality":"OK","raw":2135.4,"sigma":1.5,"state":"IDLE","t":"2026-07-16T10:33:39.6911967Z","type":"sample"}
{"channel":"rr","display":53.191489361702125,"mu":0,"quality":"OK","raw":2132.9,"sigma":1.5,"state":"IDLE","t":"2026-07-16T10:33:39.7310831Z","type":"sample"}
{"channel":"gsr","display":3945.2,"mu":0,"quality":"OK","raw":3945.2,"sigma":10,"state":"IDLE","t":"2026-07-16T10:33:39.7372801Z","type":"sample"}
{"channel":"hr","display":0,"mu":0,"quality":"OUT_OF_RANGE","raw":79,"sigma":3,"state":"IDLE","t":"2026-07-16T10:33:39.7408421Z","type":"sample"}
{"channel":"rr","display":53.191489361702125,"mu":0,"quality":"OK","raw":2131.4,"sigma":1.5,"state":"IDLE","t":"2026-07-16T10:33:39.7710278Z","type":"sample"}
{"channel":"rr","display":53.191489361702125,"mu":0,"quality":"OK","raw":2127.8,"sigma":1.5,"state":"IDLE","t":"2026-07-16T10:33:39.810792Z","type":"sample"}
{"channel":"gsr","display":3936.1,"mu":0,"quality":"OK","raw":3936.1,"sigma":10,"state":"IDLE","t":"2026-07-16T10:33:39.8360559Z","type":"sample"}
{"channel":"rr","display":53.191489361702125,"mu":0,"quality":"OK","raw":2127.3,"sigma":1.5,"state":"IDLE","t":"2026-07-16T10:33:39.8466904Z","type":"sample"}
{"channel":"rr","display":53.191489361702125,"mu":0,"quality":"OK","raw":2123.3,"sigma":1.5,"state":"IDLE","t":"2026-07-16T10:33:39.8912347Z","type":"sample"}
{"channel":"rr","display":53.191489361702125,"mu":0,"quality":"OK","raw":2121.4,"sigma":1.5,"state":"IDLE","t":"2026-07-16T10:33:39.9292836Z","type":"sample"}
{"channel":"gsr","display":3931.3,"mu":0,"quality":"OK","raw":3931.3,"sigma":10,"state":"IDLE","t":"2026-07-16T10:33:39.9375432Z","type":"sample"}
{"channel":"rr","display":53.191489361702125,"mu":0,"quality":"OK","raw":2118.4,"sigma":1.5,"state":"IDLE","t":"2026-07-16T10:33:39.9711099Z","type":"sample"}
{"channel":"rr","display":53.191489361702125,"mu":0,"quality":"OK","raw":2115.8,"sigma":1.5,"state":"IDLE","t":"2026-07-16T10:33:40.0110385Z","type":"sample"}
{"channel":"gsr","display":3930.4,"mu":0,"quality":"OK","raw":3930.4,"sigma":10,"state":"IDLE","t":"2026-07-16T10:33:40.0407999Z","type":"sample"}
{"channel":"rr","display":53.191489361702125,"mu":0,"quality":"OK","raw":2115.1,"sigma":1.5,"state":"IDLE","t":"2026-07-16T10:33:40.0504456Z","type":"sample"}
{"channel":"rr","display":53.191489361702125,"mu":0,"quality":"OK","raw":2111.4,"sigma":1.5,"state":"IDLE","t":"2026-07-16T10:33:40.0910217Z","type":"sample"}
{"channel":"rr","display":53.191489361702125,"mu":0,"quality":"OK","raw":2111.9,"sigma":1.5,"state":"IDLE","t":"2026-07-16T10:33:40.1310813Z","type":"sample"}
{"channel":"gsr","display":3922.4,"mu":0,"quality":"OK","raw":3922.4,"sigma":10,"state":"IDLE","t":"2026-07-16T10:33:40.1402403Z","type":"sample"}
{"channel":"rr","display":53.191489361702125,"mu":0,"quality":"OK","raw":2110.4,"sigma":1.5,"state":"IDLE","t":"2026-07-16T10:33:40.1710894Z","type":"sample"}
{"channel":"rr","display":53.191489361702125,"mu":0,"quality":"OK","raw":2109.9,"sigma":1.5,"state":"IDLE","t":"2026-07-16T10:33:40.2110781Z","type":"sample"}
{"channel":"gsr","display":3915.7,"mu":0,"quality":"OK","raw":3915.7,"sigma":10,"state":"IDLE","t":"2026-07-16T10:33:40.2402566Z","type":"sample"}
{"channel":"hr","display":0,"mu":0,"quality":"OUT_OF_RANGE","raw":79,"sigma":3,"state":"IDLE","t":"2026-07-16T10:33:40.2410801Z","type":"sample"}
{"channel":"rr","display":53.191489361702125,"mu":0,"quality":"OK","raw":2112.6,"sigma":1.5,"state":"IDLE","t":"2026-07-16T10:33:40.2510385Z","type":"sample"}
{"channel":"rr","display":53.191489361702125,"mu":0,"quality":"OK","raw":2111.9,"sigma":1.5,"state":"IDLE","t":"2026-07-16T10:33:40.2909703Z","type":"sample"}
{"channel":"rr","display":53.191489361702125,"mu":0,"quality":"OK","raw":2110.5,"sigma":1.5,"state":"IDLE","t":"2026-07-16T10:33:40.33109Z","type":"sample"}
{"channel":"gsr","display":3918.8,"mu":0,"quality":"OK","raw":3918.8,"sigma":10,"state":"IDLE","t":"2026-07-16T10:33:40.3363432Z","type":"sample"}
{"address":"/cue/p/start","args":null,"channel":"system","dir":"out","t":"2026-07-16T10:33:40.3459565Z","type":"osc"}
{"channel":"rr","display":53.191489361702125,"mu":0,"quality":"OK","raw":2112,"sigma":1.5,"state":"IDLE","t":"2026-07-16T10:33:40.3711644Z","type":"sample"}
{"channel":"rr","display":53.191489361702125,"mu":0,"quality":"OK","raw":2111.6,"sigma":1.5,"state":"IDLE","t":"2026-07-16T10:33:40.4101665Z","type":"sample"}
{"channel":"gsr","display":3914.5,"mu":0,"quality":"OK","raw":3914.5,"sigma":10,"state":"IDLE","t":"2026-07-16T10:33:40.4394398Z","type":"sample"}
{"channel":"rr","display":53.191489361702125,"mu":0,"quality":"OK","raw":2110.7,"sigma":1.5,"state":"IDLE","t":"2026-07-16T10:33:40.4495335Z","type":"sample"}
{"channel":"rr","display":53.191489361702125,"mu":0,"quality":"OK","raw":2110.9,"sigma":1.5,"state":"IDLE","t":"2026-07-16T10:33:40.4911919Z","type":"sample"}
{"channel":"rr","display":53.191489361702125,"mu":0,"quality":"OK","raw":2111.4,"sigma":1.5,"state":"IDLE","t":"2026-07-16T10:33:40.5307292Z","type":"sample"}
{"channel":"gsr","display":3911.1,"mu":0,"quality":"OK","raw":3911.1,"sigma":10,"state":"IDLE","t":"2026-07-16T10:33:40.5372647Z","type":"sample"}
{"channel":"rr","display":53.191489361702125,"mu":0,"quality":"OK","raw":2109.9,"sigma":1.5,"state":"IDLE","t":"2026-07-16T10:33:40.5691674Z","type":"sample"}
{"channel":"rr","display":53.191489361702125,"mu":0,"quality":"OK","raw":2109.8,"sigma":1.5,"state":"IDLE","t":"2026-07-16T10:33:40.6109704Z","type":"sample"}
{"address":"/cue/g1/start","args":null,"channel":"system","dir":"out","t":"2026-07-16T10:33:40.6109704Z","type":"osc"}
{"address":"/cue/r19/start","args":null,"channel":"system","dir":"out","t":"2026-07-16T10:33:40.6120305Z","type":"osc"}
{"channel":"gsr","display":3909,"mu":0,"quality":"OK","raw":3909,"sigma":10,"state":"IDLE","t":"2026-07-16T10:33:40.6357835Z","type":"sample"}
{"channel":"rr","display":53.191489361702125,"mu":0,"quality":"OK","raw":2111.9,"sigma":1.5,"state":"IDLE","t":"2026-07-16T10:33:40.6460277Z","type":"sample"}
{"channel":"rr","display":53.191489361702125,"mu":0,"quality":"OK","raw":2109,"sigma":1.5,"state":"IDLE","t":"2026-07-16T10:33:40.6910179Z","type":"sample"}
{"channel":"rr","display":53.191489361702125,"mu":0,"quality":"OK","raw":2109.8,"sigma":1.5,"state":"IDLE","t":"2026-07-16T10:33:40.7294897Z","type":"sample"}
{"channel":"gsr","display":3904.8,"mu":0,"quality":"OK","raw":3904.8,"sigma":10,"state":"IDLE","t":"2026-07-16T10:33:40.7372728Z","type":"sample"}
{"channel":"hr","display":0,"mu":0,"quality":"OUT_OF_RANGE","raw":79,"sigma":3,"state":"IDLE","t":"2026-07-16T10:33:40.7412005Z","type":"sample"}
{"channel":"rr","display":53.191489361702125,"mu":0,"quality":"OK","raw":2111.3,"sigma":1.5,"state":"IDLE","t":"2026-07-16T10:33:40.7712522Z","type":"sample"}
{"channel":"rr","display":53.191489361702125,"mu":0,"quality":"OK","raw":2111.8,"sigma":1.5,"state":"IDLE","t":"2026-07-16T10:33:40.8111102Z","type":"sample"}
{"channel":"gsr","display":3905,"mu":0,"quality":"OK","raw":3905,"sigma":10,"state":"IDLE","t":"2026-07-16T10:33:40.8368224Z","type":"sample"}
{"channel":"rr","display":53.191489361702125,"mu":0,"quality":"OK","raw":2110.4,"sigma":1.5,"state":"IDLE","t":"2026-07-16T10:33:40.8482597Z","type":"sample"}
{"channel":"rr","display":53.191489361702125,"mu":0,"quality":"OK","raw":2109.8,"sigma":1.5,"state":"IDLE","t":"2026-07-16T10:33:40.8914323Z","type":"sample"}
{"channel":"rr","display":53.191489361702125,"mu":0,"quality":"OK","raw":2112.5,"sigma":1.5,"state":"IDLE","t":"2026-07-16T10:33:40.929864Z","type":"sample"}
{"channel":"gsr","display":3904.6,"mu":0,"quality":"OK","raw":3904.6,"sigma":10,"state":"IDLE","t":"2026-07-16T10:33:40.9400513Z","type":"sample"}
{"channel":"rr","display":53.191489361702125,"mu":0,"quality":"OK","raw":2110.4,"sigma":1.5,"state":"IDLE","t":"2026-07-16T10:33:40.9661923Z","type":"sample"}
{"channel":"rr","display":53.191489361702125,"mu":0,"quality":"OK","raw":2111,"sigma":1.5,"state":"IDLE","t":"2026-07-16T10:33:41.011121Z","type":"sample"}
{"channel":"gsr","display":3904.7,"mu":0,"quality":"OK","raw":3904.7,"sigma":10,"state":"IDLE","t":"2026-07-16T10:33:41.0393608Z","type":"sample"}
{"channel":"rr","display":53.191489361702125,"mu":0,"quality":"OK","raw":2113.4,"sigma":1.5,"state":"IDLE","t":"2026-07-16T10:33:41.0511036Z","type":"sample"}
{"channel":"rr","display":53.191489361702125,"mu":0,"quality":"OK","raw":2111.3,"sigma":1.5,"state":"IDLE","t":"2026-07-16T10:33:41.0910943Z","type":"sample"}
{"channel":"rr","display":53.191489361702125,"mu":0,"quality":"OK","raw":2111.1,"sigma":1.5,"state":"IDLE","t":"2026-07-16T10:33:41.1291997Z","type":"sample"}
{"channel":"gsr","display":3908.2,"mu":0,"quality":"OK","raw":3908.2,"sigma":10,"state":"IDLE","t":"2026-07-16T10:33:41.1369352Z","type":"sample"}
{"channel":"rr","display":53.191489361702125,"mu":0,"quality":"OK","raw":2111.6,"sigma":1.5,"state":"IDLE","t":"2026-07-16T10:33:41.1711255Z","type":"sample"}
{"channel":"rr","display":53.191489361702125,"mu":0,"quality":"OK","raw":2109,"sigma":1.5,"state":"IDLE","t":"2026-07-16T10:33:41.2110922Z","type":"sample"}
{"channel":"gsr","display":3905,"mu":0,"quality":"OK","raw":3905,"sigma":10,"state":"IDLE","t":"2026-07-16T10:33:41.2402966Z","type":"sample"}
{"channel":"hr","display":0,"mu":0,"quality":"OUT_OF_RANGE","raw":79,"sigma":3,"state":"IDLE","t":"2026-07-16T10:33:41.2407996Z","type":"sample"}
{"channel":"rr","display":53.191489361702125,"mu":0,"quality":"OK","raw":2111.2,"sigma":1.5,"state":"IDLE","t":"2026-07-16T10:33:41.2508213Z","type":"sample"}
{"channel":"rr","display":53.191489361702125,"mu":0,"quality":"OK","raw":2109.8,"sigma":1.5,"state":"IDLE","t":"2026-07-16T10:33:41.2917065Z","type":"sample"}
{"channel":"rr","display":53.191489361702125,"mu":0,"quality":"OK","raw":2111.2,"sigma":1.5,"state":"IDLE","t":"2026-07-16T10:33:41.3311423Z","type":"sample"}
{"channel":"gsr","display":3905.1,"mu":0,"quality":"OK","raw":3905.1,"sigma":10,"state":"IDLE","t":"2026-07-16T10:33:41.3368242Z","type":"sample"}
{"address":"/cue/p/start","args":null,"channel":"system","dir":"out","t":"2026-07-16T10:33:41.3454004Z","type":"osc"}
{"channel":"rr","display":53.191489361702125,"mu":0,"quality":"OK","raw":2112,"sigma":1.5,"state":"IDLE","t":"2026-07-16T10:33:41.3711711Z","type":"sample"}
{"channel":"rr","display":53.191489361702125,"mu":0,"quality":"OK","raw":2109.8,"sigma":1.5,"state":"IDLE","t":"2026-07-16T10:33:41.4110839Z","type":"sample"}
{"channel":"gsr","display":3904.3,"mu":0,"quality":"OK","raw":3904.3,"sigma":10,"state":"IDLE","t":"2026-07-16T10:33:41.4402623Z","type":"sample"}
{"channel":"rr","display":53.191489361702125,"mu":0,"quality":"OK","raw":2111.3,"sigma":1.5,"state":"IDLE","t":"2026-07-16T10:33:41.4476536Z","type":"sample"}
{"channel":"rr","display":53.191489361702125,"mu":0,"quality":"OK","raw":2111.2,"sigma":1.5,"state":"IDLE","t":"2026-07-16T10:33:41.491245Z","type":"sample"}
{"channel":"rr","display":53.191489361702125,"mu":0,"quality":"OK","raw":2110.6,"sigma":1.5,"state":"IDLE","t":"2026-07-16T10:33:41.5311676Z","type":"sample"}
{"channel":"gsr","display":3904.5,"mu":0,"quality":"OK","raw":3904.5,"sigma":10,"state":"IDLE","t":"2026-07-16T10:33:41.5369928Z","type":"sample"}
{"channel":"rr","display":53.191489361702125,"mu":0,"quality":"OK","raw":2112.2,"sigma":1.5,"state":"IDLE","t":"2026-07-16T10:33:41.5711962Z","type":"sample"}
{"channel":"rr","display":53.191489361702125,"mu":0,"quality":"OK","raw":2111.5,"sigma":1.5,"state":"IDLE","t":"2026-07-16T10:33:41.6108823Z","type":"sample"}
{"address":"/cue/g1/start","args":null,"channel":"system","dir":"out","t":"2026-07-16T10:33:41.6205763Z","type":"osc"}
{"address":"/cue/r19/start","args":null,"channel":"system","dir":"out","t":"2026-07-16T10:33:41.6216541Z","type":"osc"}
{"channel":"gsr","display":3909.7,"mu":0,"quality":"OK","raw":3909.7,"sigma":10,"state":"IDLE","t":"2026-07-16T10:33:41.6355912Z","type":"sample"}
{"channel":"rr","display":53.191489361702125,"mu":0,"quality":"OK","raw":2112.2,"sigma":1.5,"state":"IDLE","t":"2026-07-16T10:33:41.6466844Z","type":"sample"}
{"channel":"rr","display":53.191489361702125,"mu":0,"quality":"OK","raw":2111.7,"sigma":1.5,"state":"IDLE","t":"2026-07-16T10:33:41.6911377Z","type":"sample"}
{"channel":"rr","display":53.191489361702125,"mu":0,"quality":"OK","raw":2111.6,"sigma":1.5,"state":"IDLE","t":"2026-07-16T10:33:41.7292112Z","type":"sample"}
{"channel":"gsr","display":3911.1,"mu":0,"quality":"OK","raw":3911.1,"sigma":10,"state":"IDLE","t":"2026-07-16T10:33:41.7369056Z","type":"sample"}
{"channel":"hr","display":0,"mu":0,"quality":"OUT_OF_RANGE","raw":79,"sigma":3,"state":"IDLE","t":"2026-07-16T10:33:41.7369056Z","type":"sample"}
{"channel":"rr","display":53.191489361702125,"mu":0,"quality":"OK","raw":2112.6,"sigma":1.5,"state":"IDLE","t":"2026-07-16T10:33:41.7716706Z","type":"sample"}
{"channel":"rr","display":53.191489361702125,"mu":0,"quality":"OK","raw":2112.2,"sigma":1.5,"state":"IDLE","t":"2026-07-16T10:33:41.8085246Z","type":"sample"}
{"channel":"gsr","display":3911.3,"mu":0,"quality":"OK","raw":3911.3,"sigma":10,"state":"IDLE","t":"2026-07-16T10:33:41.836702Z","type":"sample"}
{"channel":"rr","display":53.191489361702125,"mu":0,"quality":"OK","raw":2111.6,"sigma":1.5,"state":"IDLE","t":"2026-07-16T10:33:41.8477058Z","type":"sample"}
{"channel":"rr","display":53.191489361702125,"mu":0,"quality":"OK","raw":2109.7,"sigma":1.5,"state":"IDLE","t":"2026-07-16T10:33:41.8911018Z","type":"sample"}
{"channel":"rr","display":53.191489361702125,"mu":0,"quality":"OK","raw":2111.1,"sigma":1.5,"state":"IDLE","t":"2026-07-16T10:33:41.9292337Z","type":"sample"}
{"channel":"gsr","display":3912.9,"mu":0,"quality":"OK","raw":3912.9,"sigma":10,"state":"IDLE","t":"2026-07-16T10:33:41.9399528Z","type":"sample"}
{"channel":"rr","display":53.191489361702125,"mu":0,"quality":"OK","raw":2112.4,"sigma":1.5,"state":"IDLE","t":"2026-07-16T10:33:41.9711332Z","type":"sample"}
{"channel":"rr","display":53.191489361702125,"mu":0,"quality":"OK","raw":2112.2,"sigma":1.5,"state":"IDLE","t":"2026-07-16T10:33:42.0107809Z","type":"sample"}
{"channel":"gsr","display":3911.6,"mu":0,"quality":"OK","raw":3911.6,"sigma":10,"state":"IDLE","t":"2026-07-16T10:33:42.0403367Z","type":"sample"}
{"channel":"rr","display":53.191489361702125,"mu":0,"quality":"OK","raw":2110.9,"sigma":1.5,"state":"IDLE","t":"2026-07-16T10:33:42.0503955Z","type":"sample"}
{"channel":"rr","display":53.191489361702125,"mu":0,"quality":"OK","raw":2111.9,"sigma":1.5,"state":"IDLE","t":"2026-07-16T10:33:42.0911257Z","type":"sample"}
{"channel":"rr","display":53.191489361702125,"mu":0,"quality":"OK","raw":2110.9,"sigma":1.5,"state":"IDLE","t":"2026-07-16T10:33:42.1297826Z","type":"sample"}
{"channel":"gsr","display":3919.1,"mu":0,"quality":"OK","raw":3919.1,"sigma":10,"state":"IDLE","t":"2026-07-16T10:33:42.137235Z","type":"sample"}
{"channel":"rr","display":53.191489361702125,"mu":0,"quality":"OK","raw":2112.2,"sigma":1.5,"state":"IDLE","t":"2026-07-16T10:33:42.1711691Z","type":"sample"}
{"channel":"rr","display":53.191489361702125,"mu":0,"quality":"OK","raw":2109.9,"sigma":1.5,"state":"IDLE","t":"2026-07-16T10:33:42.2111602Z","type":"sample"}
{"channel":"gsr","display":3913.3,"mu":0,"quality":"OK","raw":3913.3,"sigma":10,"state":"IDLE","t":"2026-07-16T10:33:42.2357912Z","type":"sample"}
{"channel":"hr","display":0,"mu":0,"quality":"OUT_OF_RANGE","raw":79,"sigma":3,"state":"IDLE","t":"2026-07-16T10:33:42.2407791Z","type":"sample"}
{"channel":"rr","display":53.191489361702125,"mu":0,"quality":"OK","raw":2109.9,"sigma":1.5,"state":"IDLE","t":"2026-07-16T10:33:42.2508364Z","type":"sample"}
{"channel":"rr","display":53.191489361702125,"mu":0,"quality":"OK","raw":2111.2,"sigma":1.5,"state":"IDLE","t":"2026-07-16T10:33:42.2911011Z","type":"sample"}
{"channel":"rr","display":53.191489361702125,"mu":0,"quality":"OK","raw":2110.9,"sigma":1.5,"state":"IDLE","t":"2026-07-16T10:33:42.3312631Z","type":"sample"}
{"channel":"gsr","display":3920.7,"mu":0,"quality":"OK","raw":3920.7,"sigma":10,"state":"IDLE","t":"2026-07-16T10:33:42.3392233Z","type":"sample"}
{"address":"/cue/p/start","args":null,"channel":"system","dir":"out","t":"2026-07-16T10:33:42.346128Z","type":"osc"}
{"channel":"rr","display":53.191489361702125,"mu":0,"quality":"OK","raw":2110.9,"sigma":1.5,"state":"IDLE","t":"2026-07-16T10:33:42.3672927Z","type":"sample"}
{"channel":"rr","display":53.191489361702125,"mu":0,"quality":"OK","raw":2111.3,"sigma":1.5,"state":"IDLE","t":"2026-07-16T10:33:42.4110536Z","type":"sample"}
{"channel":"gsr","display":3920.8,"mu":0,"quality":"OK","raw":3920.8,"sigma":10,"state":"IDLE","t":"2026-07-16T10:33:42.4401936Z","type":"sample"}
{"channel":"rr","display":53.191489361702125,"mu":0,"quality":"OK","raw":2110.8,"sigma":1.5,"state":"IDLE","t":"2026-07-16T10:33:42.4471149Z","type":"sample"}
{"channel":"rr","display":53.191489361702125,"mu":0,"quality":"OK","raw":2110.2,"sigma":1.5,"state":"IDLE","t":"2026-07-16T10:33:42.4911674Z","type":"sample"}
{"channel":"rr","display":53.191489361702125,"mu":0,"quality":"OK","raw":2108.5,"sigma":1.5,"state":"IDLE","t":"2026-07-16T10:33:42.5293839Z","type":"sample"}
{"channel":"gsr","display":3923.3,"mu":0,"quality":"OK","raw":3923.3,"sigma":10,"state":"IDLE","t":"2026-07-16T10:33:42.5385363Z","type":"sample"}
{"channel":"rr","display":53.191489361702125,"mu":0,"quality":"OK","raw":2112.2,"sigma":1.5,"state":"IDLE","t":"2026-07-16T10:33:42.5711274Z","type":"sample"}
{"channel":"rr","display":53.191489361702125,"mu":0,"quality":"OK","raw":2112.4,"sigma":1.5,"state":"IDLE","t":"2026-07-16T10:33:42.6101075Z","type":"sample"}
{"address":"/cue/g1/start","args":null,"channel":"system","dir":"out","t":"2026-07-16T10:33:42.6285687Z","type":"osc"}
{"address":"/cue/r19/start","args":null,"channel":"system","dir":"out","t":"2026-07-16T10:33:42.6296252Z","type":"osc"}
{"channel":"gsr","display":3923.2,"mu":0,"quality":"OK","raw":3923.2,"sigma":10,"state":"IDLE","t":"2026-07-16T10:33:42.6400327Z","type":"sample"}
{"channel":"rr","display":53.191489361702125,"mu":0,"quality":"OK","raw":2111.4,"sigma":1.5,"state":"IDLE","t":"2026-07-16T10:33:42.6479213Z","type":"sample"}
{"channel":"rr","display":53.191489361702125,"mu":0,"quality":"OK","raw":2112.1,"sigma":1.5,"state":"IDLE","t":"2026-07-16T10:33:42.6897931Z","type":"sample"}
{"channel":"rr","display":53.191489361702125,"mu":0,"quality":"OK","raw":2110.1,"sigma":1.5,"state":"IDLE","t":"2026-07-16T10:33:42.7300921Z","type":"sample"}
{"channel":"gsr","display":3927.4,"mu":0,"quality":"OK","raw":3927.4,"sigma":10,"state":"IDLE","t":"2026-07-16T10:33:42.7391139Z","type":"sample"}
{"channel":"hr","display":0,"mu":0,"quality":"OUT_OF_RANGE","raw":80,"sigma":3,"state":"IDLE","t":"2026-07-16T10:33:42.7877582Z","type":"sample"}
{"channel":"rr","display":53.191489361702125,"mu":0,"quality":"OK","raw":2111.6,"sigma":1.5,"state":"IDLE","t":"2026-07-16T10:33:42.7927904Z","type":"sample"}
{"channel":"rr","display":53.191489361702125,"mu":0,"quality":"OK","raw":2112,"sigma":1.5,"state":"IDLE","t":"2026-07-16T10:33:42.8304109Z","type":"sample"}
{"channel":"gsr","display":3916.9,"mu":0,"quality":"OK","raw":3916.9,"sigma":10,"state":"IDLE","t":"2026-07-16T10:33:42.8409455Z","type":"sample"}
{"channel":"rr","display":53.191489361702125,"mu":0,"quality":"OK","raw":2110.9,"sigma":1.5,"state":"IDLE","t":"2026-07-16T10:33:42.8720655Z","type":"sample"}
{"channel":"rr","display":53.191489361702125,"mu":0,"quality":"OK","raw":2111.9,"sigma":1.5,"state":"IDLE","t":"2026-07-16T10:33:42.9118419Z","type":"sample"}
{"channel":"gsr","display":3925.7,"mu":0,"quality":"OK","raw":3925.7,"sigma":10,"state":"IDLE","t":"2026-07-16T10:33:42.9360819Z","type":"sample"}
{"channel":"rr","display":53.191489361702125,"mu":0,"quality":"OK","raw":2110.8,"sigma":1.5,"state":"IDLE","t":"2026-07-16T10:33:42.9516946Z","type":"sample"}
{"channel":"rr","display":53.191489361702125,"mu":0,"quality":"OK","raw":2110,"sigma":1.5,"state":"IDLE","t":"2026-07-16T10:33:42.9913528Z","type":"sample"}
{"channel":"rr","display":53.191489361702125,"mu":0,"quality":"OK","raw":2110.9,"sigma":1.5,"state":"IDLE","t":"2026-07-16T10:33:43.0309069Z","type":"sample"}
{"channel":"gsr","display":3931.3,"mu":0,"quality":"OK","raw":3931.3,"sigma":10,"state":"IDLE","t":"2026-07-16T10:33:43.0383417Z","type":"sample"}
{"channel":"rr","display":53.191489361702125,"mu":0,"quality":"OK","raw":2113.7,"sigma":1.5,"state":"IDLE","t":"2026-07-16T10:33:43.0720945Z","type":"sample"}
{"channel":"rr","display":53.191489361702125,"mu":0,"quality":"OK","raw":2110.8,"sigma":1.5,"state":"IDLE","t":"2026-07-16T10:33:43.1093365Z","type":"sample"}
{"channel":"gsr","display":3930.4,"mu":0,"quality":"OK","raw":3930.4,"sigma":10,"state":"IDLE","t":"2026-07-16T10:33:43.1403883Z","type":"sample"}
{"channel":"rr","display":53.191489361702125,"mu":0,"quality":"OK","raw":2110.2,"sigma":1.5,"state":"IDLE","t":"2026-07-16T10:33:43.149631Z","type":"sample"}
{"channel":"rr","display":53.191489361702125,"mu":0,"quality":"OK","raw":2111.4,"sigma":1.5,"state":"IDLE","t":"2026-07-16T10:33:43.1921139Z","type":"sample"}
{"channel":"rr","display":53.191489361702125,"mu":0,"quality":"OK","raw":2110.2,"sigma":1.5,"state":"IDLE","t":"2026-07-16T10:33:43.2316987Z","type":"sample"}
{"channel":"gsr","display":3932.1,"mu":0,"quality":"OK","raw":3932.1,"sigma":10,"state":"IDLE","t":"2026-07-16T10:33:43.2389342Z","type":"sample"}
{"channel":"hr","display":0,"mu":0,"quality":"OUT_OF_RANGE","raw":80,"sigma":3,"state":"IDLE","t":"2026-07-16T10:33:43.2416224Z","type":"sample"}
{"channel":"rr","display":53.191489361702125,"mu":0,"quality":"OK","raw":2111.1,"sigma":1.5,"state":"IDLE","t":"2026-07-16T10:33:43.2721775Z","type":"sample"}
{"channel":"rr","display":53.191489361702125,"mu":0,"quality":"OK","raw":2111.6,"sigma":1.5,"state":"IDLE","t":"2026-07-16T10:33:43.3119828Z","type":"sample"}
{"channel":"gsr","display":3933.1,"mu":0,"quality":"OK","raw":3933.1,"sigma":10,"state":"IDLE","t":"2026-07-16T10:33:43.3361445Z","type":"sample"}
{"address":"/cue/p/start","args":null,"channel":"system","dir":"out","t":"2026-07-16T10:33:43.3460925Z","type":"osc"}
{"channel":"rr","display":53.191489361702125,"mu":0,"quality":"OK","raw":2108.6,"sigma":1.5,"state":"IDLE","t":"2026-07-16T10:33:43.3517469Z","type":"sample"}
{"channel":"rr","display":53.191489361702125,"mu":0,"quality":"OK","raw":2110.4,"sigma":1.5,"state":"IDLE","t":"2026-07-16T10:33:43.3918411Z","type":"sample"}
{"channel":"rr","display":53.191489361702125,"mu":0,"quality":"OK","raw":2111,"sigma":1.5,"state":"IDLE","t":"2026-07-16T10:33:43.432047Z","type":"sample"}
{"channel":"gsr","display":3933,"mu":0,"quality":"OK","raw":3933,"sigma":10,"state":"IDLE","t":"2026-07-16T10:33:43.4384857Z","type":"sample"}
{"channel":"rr","display":53.191489361702125,"mu":0,"quality":"OK","raw":2112.5,"sigma":1.5,"state":"IDLE","t":"2026-07-16T10:33:43.4721546Z","type":"sample"}
{"channel":"rr","display":53.191489361702125,"mu":0,"quality":"OK","raw":2110.9,"sigma":1.5,"state":"IDLE","t":"2026-07-16T10:33:43.5120031Z","type":"sample"}
{"channel":"gsr","display":3937.4,"mu":0,"quality":"OK","raw":3937.4,"sigma":10,"state":"IDLE","t":"2026-07-16T10:33:43.5399187Z","type":"sample"}
{"channel":"rr","display":53.191489361702125,"mu":0,"quality":"OK","raw":2111.1,"sigma":1.5,"state":"IDLE","t":"2026-07-16T10:33:43.5507432Z","type":"sample"}
{"channel":"rr","display":53.191489361702125,"mu":0,"quality":"OK","raw":2110.4,"sigma":1.5,"state":"IDLE","t":"2026-07-16T10:33:43.5920396Z","type":"sample"}
{"channel":"rr","display":53.191489361702125,"mu":0,"quality":"OK","raw":2110.1,"sigma":1.5,"state":"IDLE","t":"2026-07-16T10:33:43.6320804Z","type":"sample"}
{"address":"/cue/g1/start","args":null,"channel":"system","dir":"out","t":"2026-07-16T10:33:43.6393148Z","type":"osc"}
{"address":"/cue/r19/start","args":null,"channel":"system","dir":"out","t":"2026-07-16T10:33:43.6403489Z","type":"osc"}
{"channel":"gsr","display":3941.2,"mu":0,"quality":"OK","raw":3941.2,"sigma":10,"state":"IDLE","t":"2026-07-16T10:33:43.6408609Z","type":"sample"}
{"channel":"rr","display":53.191489361702125,"mu":0,"quality":"OK","raw":2112.7,"sigma":1.5,"state":"IDLE","t":"2026-07-16T10:33:43.672126Z","type":"sample"}
{"channel":"rr","display":53.191489361702125,"mu":0,"quality":"OK","raw":2111.8,"sigma":1.5,"state":"IDLE","t":"2026-07-16T10:33:43.7122252Z","type":"sample"}
{"channel":"gsr","display":3938,"mu":0,"quality":"OK","raw":3938,"sigma":10,"state":"IDLE","t":"2026-07-16T10:33:43.7364081Z","type":"sample"}
{"channel":"hr","display":0,"mu":0,"quality":"OUT_OF_RANGE","raw":80,"sigma":3,"state":"IDLE","t":"2026-07-16T10:33:43.7409421Z","type":"sample"}
{"channel":"rr","display":53.191489361702125,"mu":0,"quality":"OK","raw":2111.2,"sigma":1.5,"state":"IDLE","t":"2026-07-16T10:33:43.7519155Z","type":"sample"}
{"channel":"rr","display":53.191489361702125,"mu":0,"quality":"OK","raw":2112.1,"sigma":1.5,"state":"IDLE","t":"2026-07-16T10:33:43.7920886Z","type":"sample"}
{"channel":"rr","display":53.191489361702125,"mu":0,"quality":"OK","raw":2112.3,"sigma":1.5,"state":"IDLE","t":"2026-07-16T10:33:43.8288033Z","type":"sample"}
{"channel":"gsr","display":3942.5,"mu":0,"quality":"OK","raw":3942.5,"sigma":10,"state":"IDLE","t":"2026-07-16T10:33:43.83873Z","type":"sample"}
{"channel":"rr","display":53.191489361702125,"mu":0,"quality":"OK","raw":2109.5,"sigma":1.5,"state":"IDLE","t":"2026-07-16T10:33:43.8721011Z","type":"sample"}
{"channel":"rr","display":53.191489361702125,"mu":0,"quality":"OK","raw":2110.9,"sigma":1.5,"state":"IDLE","t":"2026-07-16T10:33:43.9099824Z","type":"sample"}
{"channel":"gsr","display":3936.2,"mu":0,"quality":"OK","raw":3936.2,"sigma":10,"state":"IDLE","t":"2026-07-16T10:33:43.9402503Z","type":"sample"}
{"channel":"rr","display":53.191489361702125,"mu":0,"quality":"OK","raw":2112.5,"sigma":1.5,"state":"IDLE","t":"2026-07-16T10:33:43.9490606Z","type":"sample"}
{"channel":"rr","display":53.191489361702125,"mu":0,"quality":"OK","raw":2111.1,"sigma":1.5,"state":"IDLE","t":"2026-07-16T10:33:43.9913249Z","type":"sample"}
{"channel":"rr","display":53.191489361702125,"mu":0,"quality":"OK","raw":2109.6,"sigma":1.5,"state":"IDLE","t":"2026-07-16T10:33:44.0320757Z","type":"sample"}
{"channel":"gsr","display":3941.7,"mu":0,"quality":"OK","raw":3941.7,"sigma":10,"state":"IDLE","t":"2026-07-16T10:33:44.0379875Z","type":"sample"}
{"channel":"rr","display":53.191489361702125,"mu":0,"quality":"OK","raw":2111.3,"sigma":1.5,"state":"IDLE","t":"2026-07-16T10:33:44.0721131Z","type":"sample"}
{"channel":"rr","display":53.191489361702125,"mu":0,"quality":"OK","raw":2111.3,"sigma":1.5,"state":"IDLE","t":"2026-07-16T10:33:44.1101494Z","type":"sample"}
{"channel":"gsr","display":3944.8,"mu":0,"quality":"OK","raw":3944.8,"sigma":10,"state":"IDLE","t":"2026-07-16T10:33:44.1400686Z","type":"sample"}
{"channel":"rr","display":53.191489361702125,"mu":0,"quality":"OK","raw":2112.1,"sigma":1.5,"state":"IDLE","t":"2026-07-16T10:33:44.152067Z","type":"sample"}
{"channel":"rr","display":53.191489361702125,"mu":0,"quality":"OK","raw":2112.1,"sigma":1.5,"state":"IDLE","t":"2026-07-16T10:33:44.1921503Z","type":"sample"}
{"channel":"rr","display":53.191489361702125,"mu":0,"quality":"OK","raw":2111.2,"sigma":1.5,"state":"IDLE","t":"2026-07-16T10:33:44.2293817Z","type":"sample"}
{"channel":"gsr","display":3941,"mu":0,"quality":"OK","raw":3941,"sigma":10,"state":"IDLE","t":"2026-07-16T10:33:44.2382207Z","type":"sample"}
{"channel":"hr","display":0,"mu":0,"quality":"OUT_OF_RANGE","raw":81,"sigma":3,"state":"IDLE","t":"2026-07-16T10:33:44.2416543Z","type":"sample"}
{"channel":"rr","display":53.191489361702125,"mu":0,"quality":"OK","raw":2112.9,"sigma":1.5,"state":"IDLE","t":"2026-07-16T10:33:44.2721999Z","type":"sample"}
{"channel":"rr","display":53.191489361702125,"mu":0,"quality":"OK","raw":2110.8,"sigma":1.5,"state":"IDLE","t":"2026-07-16T10:33:44.3105471Z","type":"sample"}
{"channel":"gsr","display":3938.6,"mu":0,"quality":"OK","raw":3938.6,"sigma":10,"state":"IDLE","t":"2026-07-16T10:33:44.339246Z","type":"sample"}
{"address":"/cue/p/start","args":null,"channel":"system","dir":"out","t":"2026-07-16T10:33:44.345344Z","type":"osc"}
{"channel":"rr","event":"quality_change","quality":"OUT_OF_RANGE","t":"2026-07-16T10:33:44.3517026Z","type":"event"}
{"channel":"rr","display":53.191489361702125,"mu":0,"quality":"OUT_OF_RANGE","raw":2113.1,"sigma":1.5,"state":"IDLE","t":"2026-07-16T10:33:44.3517026Z","type":"sample"}
{"channel":"rr","display":53.191489361702125,"mu":0,"quality":"OUT_OF_RANGE","raw":2110.6,"sigma":1.5,"state":"IDLE","t":"2026-07-16T10:33:44.3917558Z","type":"sample"}
{"channel":"rr","display":53.191489361702125,"mu":0,"quality":"OUT_OF_RANGE","raw":2110.1,"sigma":1.5,"state":"IDLE","t":"2026-07-16T10:33:44.4320968Z","type":"sample"}
{"channel":"gsr","display":3942.1,"mu":0,"quality":"OK","raw":3942.1,"sigma":10,"state":"IDLE","t":"2026-07-16T10:33:44.4408983Z","type":"sample"}
{"channel":"rr","display":53.191489361702125,"mu":0,"quality":"OUT_OF_RANGE","raw":2111.2,"sigma":1.5,"state":"IDLE","t":"2026-07-16T10:33:44.4672297Z","type":"sample"}
{"channel":"rr","display":53.191489361702125,"mu":0,"quality":"OUT_OF_RANGE","raw":2110.8,"sigma":1.5,"state":"IDLE","t":"2026-07-16T10:33:44.5119925Z","type":"sample"}
{"channel":"gsr","display":3941.1,"mu":0,"quality":"OK","raw":3941.1,"sigma":10,"state":"IDLE","t":"2026-07-16T10:33:44.539702Z","type":"sample"}
{"channel":"rr","display":53.191489361702125,"mu":0,"quality":"OUT_OF_RANGE","raw":2111.6,"sigma":1.5,"state":"IDLE","t":"2026-07-16T10:33:44.5473146Z","type":"sample"}
{"channel":"rr","display":53.191489361702125,"mu":0,"quality":"OUT_OF_RANGE","raw":2110,"sigma":1.5,"state":"IDLE","t":"2026-07-16T10:33:44.5913846Z","type":"sample"}
{"channel":"rr","display":53.191489361702125,"mu":0,"quality":"OUT_OF_RANGE","raw":2111.4,"sigma":1.5,"state":"IDLE","t":"2026-07-16T10:33:44.6320583Z","type":"sample"}
{"channel":"gsr","display":3944.8,"mu":0,"quality":"OK","raw":3944.8,"sigma":10,"state":"IDLE","t":"2026-07-16T10:33:44.6397988Z","type":"sample"}
{"address":"/cue/g1/start","args":null,"channel":"system","dir":"out","t":"2026-07-16T10:33:44.665194Z","type":"osc"}
{"channel":"rr","display":53.191489361702125,"mu":0,"quality":"OUT_OF_RANGE","raw":2111.8,"sigma":1.5,"state":"IDLE","t":"2026-07-16T10:33:44.6720381Z","type":"sample"}
{"channel":"rr","display":53.191489361702125,"mu":0,"quality":"OUT_OF_RANGE","raw":2109.8,"sigma":1.5,"state":"IDLE","t":"2026-07-16T10:33:44.7119157Z","type":"sample"}
{"channel":"gsr","display":3943.7,"mu":0,"quality":"OK","raw":3943.7,"sigma":10,"state":"IDLE","t":"2026-07-16T10:33:44.7402368Z","type":"sample"}
{"channel":"hr","display":0,"mu":0,"quality":"OUT_OF_RANGE","raw":81,"sigma":3,"state":"IDLE","t":"2026-07-16T10:33:44.7408929Z","type":"sample"}
{"channel":"rr","display":53.191489361702125,"mu":0,"quality":"OUT_OF_RANGE","raw":2109.4,"sigma":1.5,"state":"IDLE","t":"2026-07-16T10:33:44.7519324Z","type":"sample"}
{"channel":"rr","display":53.191489361702125,"mu":0,"quality":"OUT_OF_RANGE","raw":2111.1,"sigma":1.5,"state":"IDLE","t":"2026-07-16T10:33:44.7920948Z","type":"sample"}
{"channel":"rr","display":53.191489361702125,"mu":0,"quality":"OUT_OF_RANGE","raw":2112.9,"sigma":1.5,"state":"IDLE","t":"2026-07-16T10:33:44.8287628Z","type":"sample"}
{"channel":"gsr","display":3943.7,"mu":0,"quality":"OK","raw":3943.7,"sigma":10,"state":"IDLE","t":"2026-07-16T10:33:44.838287Z","type":"sample"}
{"channel":"rr","display":53.191489361702125,"mu":0,"quality":"OUT_OF_RANGE","raw":2111.9,"sigma":1.5,"state":"IDLE","t":"2026-07-16T10:33:44.8721157Z","type":"sample"}
{"channel":"rr","display":53.191489361702125,"mu":0,"quality":"OUT_OF_RANGE","raw":2110.7,"sigma":1.5,"state":"IDLE","t":"2026-07-16T10:33:44.9116931Z","type":"sample"}
{"channel":"gsr","display":3946.6,"mu":0,"quality":"OK","raw":3946.6,"sigma":10,"state":"IDLE","t":"2026-07-16T10:33:44.9393551Z","type":"sample"}
{"channel":"rr","display":53.191489361702125,"mu":0,"quality":"OUT_OF_RANGE","raw":2112.2,"sigma":1.5,"state":"IDLE","t":"2026-07-16T10:33:44.9471746Z","type":"sample"}
{"channel":"rr","display":53.191489361702125,"mu":0,"quality":"OUT_OF_RANGE","raw":2109.3,"sigma":1.5,"state":"IDLE","t":"2026-07-16T10:33:44.9915514Z","type":"sample"}
{"channel":"rr","display":53.191489361702125,"mu":0,"quality":"OUT_OF_RANGE","raw":2110.9,"sigma":1.5,"state":"IDLE","t":"2026-07-16T10:33:45.0320431Z","type":"sample"}
{"channel":"gsr","display":3950.2,"mu":0,"quality":"OK","raw":3950.2,"sigma":10,"state":"IDLE","t":"2026-07-16T10:33:45.0409099Z","type":"sample"}
{"channel":"rr","display":53.191489361702125,"mu":0,"quality":"OUT_OF_RANGE","raw":2111.5,"sigma":1.5,"state":"IDLE","t":"2026-07-16T10:33:45.0720643Z","type":"sample"}
{"channel":"rr","display":53.191489361702125,"mu":0,"quality":"OUT_OF_RANGE","raw":2110.8,"sigma":1.5,"state":"IDLE","t":"2026-07-16T10:33:45.1106133Z","type":"sample"}
{"channel":"gsr","display":3948.5,"mu":0,"quality":"OK","raw":3948.5,"sigma":10,"state":"IDLE","t":"2026-07-16T10:33:45.1357204Z","type":"sample"}
{"channel":"rr","display":53.191489361702125,"mu":0,"quality":"OUT_OF_RANGE","raw":2110.9,"sigma":1.5,"state":"IDLE","t":"2026-07-16T10:33:45.1469085Z","type":"sample"}
{"channel":"rr","display":53.191489361702125,"mu":0,"quality":"OUT_OF_RANGE","raw":2111.8,"sigma":1.5,"state":"IDLE","t":"2026-07-16T10:33:45.1917003Z","type":"sample"}
{"channel":"rr","display":53.191489361702125,"mu":0,"quality":"OUT_OF_RANGE","raw":2112.6,"sigma":1.5,"state":"IDLE","t":"2026-07-16T10:33:45.2320713Z","type":"sample"}
{"channel":"gsr","display":3950.2,"mu":0,"quality":"OK","raw":3950.2,"sigma":10,"state":"IDLE","t":"2026-07-16T10:33:45.238385Z","type":"sample"}
{"channel":"hr","display":0,"mu":0,"quality":"OUT_OF_RANGE","raw":81,"sigma":3,"state":"IDLE","t":"2026-07-16T10:33:45.2414839Z","type":"sample"}
{"channel":"rr","display":53.191489361702125,"mu":0,"quality":"OUT_OF_RANGE","raw":2110.6,"sigma":1.5,"state":"IDLE","t":"2026-07-16T10:33:45.2673496Z","type":"sample"}
{"channel":"rr","display":53.191489361702125,"mu":0,"quality":"OUT_OF_RANGE","raw":2111.3,"sigma":1.5,"state":"IDLE","t":"2026-07-16T10:33:45.3120004Z","type":"sample"}
{"channel":"gsr","display":3949,"mu":0,"quality":"OK","raw":3949,"sigma":10,"state":"IDLE","t":"2026-07-16T10:33:45.3399414Z","type":"sample"}
{"address":"/cue/p/start","args":null,"channel":"system","dir":"out","t":"2026-07-16T10:33:45.3452812Z","type":"osc"}
{"channel":"rr","display":53.191489361702125,"mu":0,"quality":"OUT_OF_RANGE","raw":2111.6,"sigma":1.5,"state":"IDLE","t":"2026-07-16T10:33:45.3515949Z","type":"sample"}
{"channel":"rr","display":53.191489361702125,"mu":0,"quality":"OUT_OF_RANGE","raw":2112.3,"sigma":1.5,"state":"IDLE","t":"2026-07-16T10:33:45.3915526Z","type":"sample"}
{"channel":"rr","display":53.191489361702125,"mu":0,"quality":"OUT_OF_RANGE","raw":2110.1,"sigma":1.5,"state":"IDLE","t":"2026-07-16T10:33:45.4287013Z","type":"sample"}
{"channel":"gsr","display":3951.6,"mu":0,"quality":"OK","raw":3951.6,"sigma":10,"state":"IDLE","t":"2026-07-16T10:33:45.4379133Z","type":"sample"}
{"channel":"rr","display":53.191489361702125,"mu":0,"quality":"OUT_OF_RANGE","raw":2112.4,"sigma":1.5,"state":"IDLE","t":"2026-07-16T10:33:45.4705958Z","type":"sample"}
{"channel":"rr","display":53.191489361702125,"mu":0,"quality":"OUT_OF_RANGE","raw":2110.8,"sigma":1.5,"state":"IDLE","t":"2026-07-16T10:33:45.5095819Z","type":"sample"}
{"channel":"gsr","display":3950.3,"mu":0,"quality":"OK","raw":3950.3,"sigma":10,"state":"IDLE","t":"2026-07-16T10:33:45.5402662Z","type":"sample"}
{"channel":"rr","display":53.191489361702125,"mu":0,"quality":"OUT_OF_RANGE","raw":2111.1,"sigma":1.5,"state":"IDLE","t":"2026-07-16T10:33:45.5519847Z","type":"sample"}
{"channel":"rr","display":53.191489361702125,"mu":0,"quality":"OUT_OF_RANGE","raw":2111.8,"sigma":1.5,"state":"IDLE","t":"2026-07-16T10:33:45.5921497Z","type":"sample"}
{"channel":"rr","display":53.191489361702125,"mu":0,"quality":"OUT_OF_RANGE","raw":2111.5,"sigma":1.5,"state":"IDLE","t":"2026-07-16T10:33:45.6321666Z","type":"sample"}
{"channel":"gsr","display":3951.8,"mu":0,"quality":"OK","raw":3951.8,"sigma":10,"state":"IDLE","t":"2026-07-16T10:33:45.6383367Z","type":"sample"}
{"address":"/cue/g1/start","args":null,"channel":"system","dir":"out","t":"2026-07-16T10:33:45.6699451Z","type":"osc"}
{"channel":"rr","display":53.191489361702125,"mu":0,"quality":"OUT_OF_RANGE","raw":2110.6,"sigma":1.5,"state":"IDLE","t":"2026-07-16T10:33:45.6716831Z","type":"sample"}
{"channel":"rr","display":53.191489361702125,"mu":0,"quality":"OUT_OF_RANGE","raw":2109.1,"sigma":1.5,"state":"IDLE","t":"2026-07-16T10:33:45.709228Z","type":"sample"}
{"channel":"gsr","display":3950.6,"mu":0,"quality":"OK","raw":3950.6,"sigma":10,"state":"IDLE","t":"2026-07-16T10:33:45.740263Z","type":"sample"}
{"channel":"hr","display":0,"mu":0,"quality":"OUT_OF_RANGE","raw":81,"sigma":3,"state":"IDLE","t":"2026-07-16T10:33:45.7407664Z","type":"sample"}
{"channel":"rr","display":53.191489361702125,"mu":0,"quality":"OUT_OF_RANGE","raw":2113.9,"sigma":1.5,"state":"IDLE","t":"2026-07-16T10:33:45.7518084Z","type":"sample"}
{"channel":"rr","display":53.191489361702125,"mu":0,"quality":"OUT_OF_RANGE","raw":2120.2,"sigma":1.5,"state":"IDLE","t":"2026-07-16T10:33:45.7926869Z","type":"sample"}
{"channel":"rr","display":53.191489361702125,"mu":0,"quality":"OUT_OF_RANGE","raw":2150.1,"sigma":1.5,"state":"IDLE","t":"2026-07-16T10:33:45.8320241Z","type":"sample"}
{"channel":"gsr","display":3951.8,"mu":0,"quality":"OK","raw":3951.8,"sigma":10,"state":"IDLE","t":"2026-07-16T10:33:45.8381901Z","type":"sample"}
{"channel":"rr","display":53.191489361702125,"mu":0,"quality":"OUT_OF_RANGE","raw":2200.2,"sigma":1.5,"state":"IDLE","t":"2026-07-16T10:33:45.8721667Z","type":"sample"}
{"channel":"rr","event":"quality_change","quality":"OK","t":"2026-07-16T10:33:45.9120101Z","type":"event"}
{"channel":"rr","display":53.191489361702125,"mu":0,"quality":"OK","raw":2240.8,"sigma":1.5,"state":"IDLE","t":"2026-07-16T10:33:45.9120101Z","type":"sample"}
{"channel":"gsr","display":3950.6,"mu":0,"quality":"OK","raw":3950.6,"sigma":10,"state":"IDLE","t":"2026-07-16T10:33:45.9402855Z","type":"sample"}
{"channel":"rr","display":53.191489361702125,"mu":0,"quality":"OK","raw":2280.2,"sigma":1.5,"state":"IDLE","t":"2026-07-16T10:33:45.9483922Z","type":"sample"}
{"address":"/cue/r19/start","args":null,"channel":"system","dir":"out","t":"2026-07-16T10:33:45.972027Z","type":"osc"}
{"channel":"rr","display":53.191489361702125,"mu":0,"quality":"OK","raw":2322.4,"sigma":1.5,"state":"IDLE","t":"2026-07-16T10:33:45.9920599Z","type":"sample"}
{"channel":"rr","display":53.191489361702125,"mu":0,"quality":"OK","raw":2357.9,"sigma":1.5,"state":"IDLE","t":"2026-07-16T10:33:46.0288284Z","type":"sample"}
{"channel":"gsr","display":3952.7,"mu":0,"quality":"OK","raw":3952.7,"sigma":10,"state":"IDLE","t":"2026-07-16T10:33:46.0379777Z","type":"sample"}
{"channel":"rr","display":53.191489361702125,"mu":0,"quality":"OK","raw":2397.6,"sigma":1.5,"state":"IDLE","t":"2026-07-16T10:33:46.0710787Z","type":"sample"}
{"channel":"rr","display":53.191489361702125,"mu":0,"quality":"OK","raw":2426.7,"sigma":1.5,"state":"IDLE","t":"2026-07-16T10:33:46.1093882Z","type":"sample"}
{"channel":"gsr","display":3950.9,"mu":0,"quality":"OK","raw":3950.9,"sigma":10,"state":"IDLE","t":"2026-07-16T10:33:46.1398723Z","type":"sample"}
{"channel":"rr","display":53.191489361702125,"mu":0,"quality":"OK","raw":2463.1,"sigma":1.5,"state":"IDLE","t":"2026-07-16T10:33:46.1472596Z","type":"sample"}
{"channel":"rr","display":53.191489361702125,"mu":0,"quality":"OK","raw":2490.5,"sigma":1.5,"state":"IDLE","t":"2026-07-16T10:33:46.1918424Z","type":"sample"}
{"channel":"rr","display":53.191489361702125,"mu":0,"quality":"OK","raw":2521.8,"sigma":1.5,"state":"IDLE","t":"2026-07-16T10:33:46.2294495Z","type":"sample"}
{"channel":"gsr","display":3955.6,"mu":0,"quality":"OK","raw":3955.6,"sigma":10,"state":"IDLE","t":"2026-07-16T10:33:46.2383258Z","type":"sample"}
{"channel":"hr","display":0,"mu":0,"quality":"OUT_OF_RANGE","raw":82,"sigma":3,"state":"IDLE","t":"2026-07-16T10:33:46.2414201Z","type":"sample"}
{"channel":"rr","display":53.191489361702125,"mu":0,"quality":"OK","raw":2547.1,"sigma":1.5,"state":"IDLE","t":"2026-07-16T10:33:46.272183Z","type":"sample"}
{"channel":"rr","display":53.191489361702125,"mu":0,"quality":"OK","raw":2582.2,"sigma":1.5,"state":"IDLE","t":"2026-07-16T10:33:46.3121262Z","type":"sample"}
{"channel":"gsr","display":3952.2,"mu":0,"quality":"OK","raw":3952.2,"sigma":10,"state":"IDLE","t":"2026-07-16T10:33:46.3403736Z","type":"sample"}
{"address":"/cue/p/start","args":null,"channel":"system","dir":"out","t":"2026-07-16T10:33:46.3457166Z","type":"osc"}
{"channel":"rr","display":53.191489361702125,"mu":0,"quality":"OK","raw":2598.1,"sigma":1.5,"state":"IDLE","t":"2026-07-16T10:33:46.3533979Z","type":"sample"}
{"channel":"rr","display":53.191489361702125,"mu":0,"quality":"OK","raw":2601.1,"sigma":1.5,"state":"IDLE","t":"2026-07-16T10:33:46.392028Z","type":"sample"}
{"channel":"rr","display":53.191489361702125,"mu":0,"quality":"OK","raw":2601.7,"sigma":1.5,"state":"IDLE","t":"2026-07-16T10:33:46.4285862Z","type":"sample"}
{"channel":"gsr","display":3954.5,"mu":0,"quality":"OK","raw":3954.5,"sigma":10,"state":"IDLE","t":"2026-07-16T10:33:46.4400211Z","type":"sample"}
{"channel":"rr","display":53.191489361702125,"mu":0,"quality":"OK","raw":2610.5,"sigma":1.5,"state":"IDLE","t":"2026-07-16T10:33:46.4720997Z","type":"sample"}
{"channel":"rr","display":53.191489361702125,"mu":0,"quality":"OK","raw":2624.9,"sigma":1.5,"state":"IDLE","t":"2026-07-16T10:33:46.5118485Z","type":"sample"}
{"channel":"gsr","display":3949.9,"mu":0,"quality":"OK","raw":3949.9,"sigma":10,"state":"IDLE","t":"2026-07-16T10:33:46.5400592Z","type":"sample"}
{"channel":"rr","display":53.191489361702125,"mu":0,"quality":"OK","raw":2628.8,"sigma":1.5,"state":"IDLE","t":"2026-07-16T10:33:46.5496761Z","type":"sample"}
{"channel":"rr","display":53.191489361702125,"mu":0,"quality":"OK","raw":2627.9,"sigma":1.5,"state":"IDLE","t":"2026-07-16T10:33:46.5918029Z","type":"sample"}
{"channel":"rr","display":53.191489361702125,"mu":0,"quality":"OK","raw":2628.6,"sigma":1.5,"state":"IDLE","t":"2026-07-16T10:33:46.6311049Z","type":"sample"}
{"channel":"gsr","display":3956.7,"mu":0,"quality":"OK","raw":3956.7,"sigma":10,"state":"IDLE","t":"2026-07-16T10:33:46.6383975Z","type":"sample"}
{"channel":"rr","display":53.191489361702125,"mu":0,"quality":"OK","raw":2630.1,"sigma":1.5,"state":"IDLE","t":"2026-07-16T10:33:46.6677643Z","type":"sample"}
{"address":"/cue/g1/start","args":null,"channel":"system","dir":"out","t":"2026-07-16T10:33:46.6845101Z","type":"osc"}
{"channel":"rr","display":53.191489361702125,"mu":0,"quality":"OK","raw":2628.2,"sigma":1.5,"state":"IDLE","t":"2026-07-16T10:33:46.7093761Z","type":"sample"}
{"channel":"gsr","display":3954,"mu":0,"quality":"OK","raw":3954,"sigma":10,"state":"IDLE","t":"2026-07-16T10:33:46.7397945Z","type":"sample"}
{"channel":"hr","display":0,"mu":0,"quality":"OUT_OF_RANGE","raw":82,"sigma":3,"state":"IDLE","t":"2026-07-16T10:33:46.7403544Z","type":"sample"}
{"channel":"rr","display":53.191489361702125,"mu":0,"quality":"OK","raw":2628.3,"sigma":1.5,"state":"IDLE","t":"2026-07-16T10:33:46.7517788Z","type":"sample"}
{"channel":"rr","display":53.191489361702125,"mu":0,"quality":"OK","raw":2626.7,"sigma":1.5,"state":"IDLE","t":"2026-07-16T10:33:46.792077Z","type":"sample"}
{"channel":"rr","display":53.191489361702125,"mu":0,"quality":"OK","raw":2626.4,"sigma":1.5,"state":"IDLE","t":"2026-07-16T10:33:46.8288102Z","type":"sample"}
{"channel":"gsr","display":3953.3,"mu":0,"quality":"OK","raw":3953.3,"sigma":10,"state":"IDLE","t":"2026-07-16T10:33:46.8378698Z","type":"sample"}
{"channel":"rr","display":53.191489361702125,"mu":0,"quality":"OK","raw":2622.2,"sigma":1.5,"state":"IDLE","t":"2026-07-16T10:33:46.8658192Z","type":"sample"}
{"channel":"rr","display":53.191489361702125,"mu":0,"quality":"OK","raw":2595.1,"sigma":1.5,"state":"IDLE","t":"2026-07-16T10:33:46.9116385Z","type":"sample"}
{"channel":"gsr","display":3955.5,"mu":0,"quality":"OK","raw":3955.5,"sigma":10,"state":"IDLE","t":"2026-07-16T10:33:46.9388868Z","type":"sample"}
{"channel":"rr","display":53.191489361702125,"mu":0,"quality":"OK","raw":2520.3,"sigma":1.5,"state":"IDLE","t":"2026-07-16T10:33:46.9513688Z","type":"sample"}
{"address":"/cue/r19/start","args":null,"channel":"system","dir":"out","t":"2026-07-16T10:33:46.9864674Z","type":"osc"}
{"channel":"rr","display":53.191489361702125,"mu":0,"quality":"OK","raw":2441.8,"sigma":1.5,"state":"IDLE","t":"2026-07-16T10:33:46.9922115Z","type":"sample"}
{"channel":"rr","display":53.191489361702125,"mu":0,"quality":"OK","raw":2335.3,"sigma":1.5,"state":"IDLE","t":"2026-07-16T10:33:47.0320069Z","type":"sample"}
{"channel":"gsr","display":3953.5,"mu":0,"quality":"OK","raw":3953.5,"sigma":10,"state":"IDLE","t":"2026-07-16T10:33:47.0404606Z","type":"sample"}
{"channel":"rr","display":53.191489361702125,"mu":0,"quality":"OK","raw":2209.5,"sigma":1.5,"state":"IDLE","t":"2026-07-16T10:33:47.0715447Z","type":"sample"}
{"channel":"rr","display":53.191489361702125,"mu":0,"quality":"OK","raw":2100.8,"sigma":1.5,"state":"IDLE","t":"2026-07-16T10:33:47.1119245Z","type":"sample"}
{"channel":"gsr","display":3956,"mu":0,"quality":"OK","raw":3956,"sigma":10,"state":"IDLE","t":"2026-07-16T10:33:47.1401159Z","type":"sample"}
{"channel":"rr","display":53.191489361702125,"mu":0,"quality":"OK","raw":2005.4,"sigma":1.5,"state":"IDLE","t":"2026-07-16T10:33:47.147985Z","type":"sample"}
{"channel":"rr","display":53.191489361702125,"mu":0,"quality":"OK","raw":1946.4,"sigma":1.5,"state":"IDLE","t":"2026-07-16T10:33:47.1917668Z","type":"sample"}
{"channel":"rr","display":53.191489361702125,"mu":0,"quality":"OK","raw":1913.4,"sigma":1.5,"state":"IDLE","t":"2026-07-16T10:33:47.2320148Z","type":"sample"}
{"channel":"gsr","display":3954.3,"mu":0,"quality":"OK","raw":3954.3,"sigma":10,"state":"IDLE","t":"2026-07-16T10:33:47.2382265Z","type":"sample"}
{"channel":"hr","display":0,"mu":0,"quality":"OUT_OF_RANGE","raw":82,"sigma":3,"state":"IDLE","t":"2026-07-16T10:33:47.2625561Z","type":"sample"}
{"channel":"rr","display":53.191489361702125,"mu":0,"quality":"OK","raw":1909.9,"sigma":1.5,"state":"IDLE","t":"2026-07-16T10:33:47.2683508Z","type":"sample"}
{"channel":"rr","display":53.191489361702125,"mu":0,"quality":"OK","raw":1910.7,"sigma":1.5,"state":"IDLE","t":"2026-07-16T10:33:47.3117241Z","type":"sample"}
{"channel":"gsr","display":3951.1,"mu":0,"quality":"OK","raw":3951.1,"sigma":10,"state":"IDLE","t":"2026-07-16T10:33:47.3402076Z","type":"sample"}
{"address":"/cue/p/start","args":null,"channel":"system","dir":"out","t":"2026-07-16T10:33:47.3454292Z","type":"osc"}
{"channel":"rr","display":53.191489361702125,"mu":0,"quality":"OK","raw":1909.4,"sigma":1.5,"state":"IDLE","t":"2026-07-16T10:33:47.3517473Z","type":"sample"}
{"channel":"rr","display":53.191489361702125,"mu":0,"quality":"OK","raw":1909.4,"sigma":1.5,"state":"IDLE","t":"2026-07-16T10:33:47.391706Z","type":"sample"}
{"channel":"rr","display":53.191489361702125,"mu":0,"quality":"OK","raw":1910.4,"sigma":1.5,"state":"IDLE","t":"2026-07-16T10:33:47.4320301Z","type":"sample"}
{"channel":"gsr","display":3955.1,"mu":0,"quality":"OK","raw":3955.1,"sigma":10,"state":"IDLE","t":"2026-07-16T10:33:47.438304Z","type":"sample"}
{"channel":"rr","display":53.191489361702125,"mu":0,"quality":"OK","raw":1909.4,"sigma":1.5,"state":"IDLE","t":"2026-07-16T10:33:47.472079Z","type":"sample"}
{"channel":"rr","display":53.191489361702125,"mu":0,"quality":"OK","raw":1909.7,"sigma":1.5,"state":"IDLE","t":"2026-07-16T10:33:47.5117047Z","type":"sample"}
{"channel":"gsr","display":3953.8,"mu":0,"quality":"OK","raw":3953.8,"sigma":10,"state":"IDLE","t":"2026-07-16T10:33:47.5391205Z","type":"sample"}
{"channel":"rr","display":53.191489361702125,"mu":0,"quality":"OK","raw":1907.9,"sigma":1.5,"state":"IDLE","t":"2026-07-16T10:33:47.5520775Z","type":"sample"}
{"channel":"rr","display":53.191489361702125,"mu":0,"quality":"OK","raw":1909.1,"sigma":1.5,"state":"IDLE","t":"2026-07-16T10:33:47.5919025Z","type":"sample"}
{"channel":"rr","display":53.191489361702125,"mu":0,"quality":"OK","raw":1909.3,"sigma":1.5,"state":"IDLE","t":"2026-07-16T10:33:47.628721Z","type":"sample"}
{"channel":"gsr","display":3953,"mu":0,"quality":"OK","raw":3953,"sigma":10,"state":"IDLE","t":"2026-07-16T10:33:47.6381672Z","type":"sample"}
{"channel":"rr","display":53.191489361702125,"mu":0,"quality":"OK","raw":1909.8,"sigma":1.5,"state":"IDLE","t":"2026-07-16T10:33:47.6721898Z","type":"sample"}
{"address":"/cue/g1/start","args":null,"channel":"system","dir":"out","t":"2026-07-16T10:33:47.6941917Z","type":"osc"}
{"channel":"rr","display":53.191489361702125,"mu":0,"quality":"OK","raw":1909.8,"sigma":1.5,"state":"IDLE","t":"2026-07-16T10:33:47.711733Z","type":"sample"}
{"channel":"gsr","display":3953,"mu":0,"quality":"OK","raw":3953,"sigma":10,"state":"IDLE","t":"2026-07-16T10:33:47.7397198Z","type":"sample"}
{"channel":"hr","display":0,"mu":0,"quality":"OUT_OF_RANGE","raw":82,"sigma":3,"state":"IDLE","t":"2026-07-16T10:33:47.7407362Z","type":"sample"}
{"channel":"rr","display":53.191489361702125,"mu":0,"quality":"OK","raw":1908.9,"sigma":1.5,"state":"IDLE","t":"2026-07-16T10:33:47.7517382Z","type":"sample"}
{"channel":"rr","display":53.191489361702125,"mu":0,"quality":"OK","raw":1908.7,"sigma":1.5,"state":"IDLE","t":"2026-07-16T10:33:47.791916Z","type":"sample"}
{"channel":"rr","display":53.191489361702125,"mu":0,"quality":"OK","raw":1909.4,"sigma":1.5,"state":"IDLE","t":"2026-07-16T10:33:47.8291534Z","type":"sample"}
{"channel":"gsr","display":3950.9,"mu":0,"quality":"OK","raw":3950.9,"sigma":10,"state":"IDLE","t":"2026-07-16T10:33:47.8408762Z","type":"sample"}
{"channel":"rr","display":53.191489361702125,"mu":0,"quality":"OK","raw":1909.7,"sigma":1.5,"state":"IDLE","t":"2026-07-16T10:33:47.8719657Z","type":"sample"}
{"channel":"rr","display":53.191489361702125,"mu":0,"quality":"OK","raw":1909.2,"sigma":1.5,"state":"IDLE","t":"2026-07-16T10:33:47.9118671Z","type":"sample"}
{"channel":"gsr","display":3948.8,"mu":0,"quality":"OK","raw":3948.8,"sigma":10,"state":"IDLE","t":"2026-07-16T10:33:47.9402263Z","type":"sample"}
{"channel":"rr","display":53.191489361702125,"mu":0,"quality":"OK","raw":1910.5,"sigma":1.5,"state":"IDLE","t":"2026-07-16T10:33:47.9517589Z","type":"sample"}
{"channel":"rr","display":53.191489361702125,"mu":0,"quality":"OK","raw":1910.4,"sigma":1.5,"state":"IDLE","t":"2026-07-16T10:33:47.9918749Z","type":"sample"}
{"address":"/cue/r19/start","args":null,"channel":"system","dir":"out","t":"2026-07-16T10:33:47.9995041Z","type":"osc"}
{"channel":"rr","display":53.191489361702125,"mu":0,"quality":"OK","raw":1911.1,"sigma":1.5,"state":"IDLE","t":"2026-07-16T10:33:48.0284954Z","type":"sample"}
{"channel":"gsr","display":3943.7,"mu":0,"quality":"OK","raw":3943.7,"sigma":10,"state":"IDLE","t":"2026-07-16T10:33:48.0408621Z","type":"sample"}
{"channel":"rr","display":53.191489361702125,"mu":0,"quality":"OK","raw":1910.5,"sigma":1.5,"state":"IDLE","t":"2026-07-16T10:33:48.0713189Z","type":"sample"}
{"channel":"rr","display":53.191489361702125,"mu":0,"quality":"OK","raw":1910.8,"sigma":1.5,"state":"IDLE","t":"2026-07-16T10:33:48.1119656Z","type":"sample"}
{"channel":"gsr","display":3933.1,"mu":0,"quality":"OK","raw":3933.1,"sigma":10,"state":"IDLE","t":"2026-07-16T10:33:48.1402813Z","type":"sample"}
{"channel":"rr","display":53.191489361702125,"mu":0,"quality":"OK","raw":1910.6,"sigma":1.5,"state":"IDLE","t":"2026-07-16T10:33:48.1483409Z","type":"sample"}
{"channel":"rr","display":53.191489361702125,"mu":0,"quality":"OK","raw":1910.2,"sigma":1.5,"state":"IDLE","t":"2026-07-16T10:33:48.1918951Z","type":"sample"}
{"channel":"rr","display":53.191489361702125,"mu":0,"quality":"OK","raw":1910.2,"sigma":1.5,"state":"IDLE","t":"2026-07-16T10:33:48.2320182Z","type":"sample"}
{"channel":"gsr","display":3931.6,"mu":0,"quality":"OK","raw":3931.6,"sigma":10,"state":"IDLE","t":"2026-07-16T10:33:48.2388441Z","type":"sample"}
{"channel":"hr","display":0,"mu":0,"quality":"OUT_OF_RANGE","raw":82,"sigma":3,"state":"IDLE","t":"2026-07-16T10:33:48.2414709Z","type":"sample"}
{"channel":"rr","display":53.191489361702125,"mu":0,"quality":"OK","raw":1909.1,"sigma":1.5,"state":"IDLE","t":"2026-07-16T10:33:48.2721752Z","type":"sample"}
{"channel":"rr","display":53.191489361702125,"mu":0,"quality":"OK","raw":1909.6,"sigma":1.5,"state":"IDLE","t":"2026-07-16T10:33:48.3116428Z","type":"sample"}
{"channel":"gsr","display":3922.3,"mu":0,"quality":"OK","raw":3922.3,"sigma":10,"state":"IDLE","t":"2026-07-16T10:33:48.340019Z","type":"sample"}
{"address":"/cue/p/start","args":null,"channel":"system","dir":"out","t":"2026-07-16T10:33:48.3461388Z","type":"osc"}
{"channel":"rr","display":53.191489361702125,"mu":0,"quality":"OK","raw":1909.2,"sigma":1.5,"state":"IDLE","t":"2026-07-16T10:33:48.3520413Z","type":"sample"}
{"channel":"rr","display":53.191489361702125,"mu":0,"quality":"OK","raw":1909.7,"sigma":1.5,"state":"IDLE","t":"2026-07-16T10:33:48.3919127Z","type":"sample"}
{"channel":"rr","display":53.191489361702125,"mu":0,"quality":"OK","raw":1910.6,"sigma":1.5,"state":"IDLE","t":"2026-07-16T10:33:48.4286023Z","type":"sample"}
{"channel":"gsr","display":3914.9,"mu":0,"quality":"OK","raw":3914.9,"sigma":10,"state":"IDLE","t":"2026-07-16T10:33:48.4382935Z","type":"sample"}
{"channel":"rr","display":53.191489361702125,"mu":0,"quality":"OK","raw":1909.6,"sigma":1.5,"state":"IDLE","t":"2026-07-16T10:33:48.4665129Z","type":"sample"}
{"channel":"rr","display":53.191489361702125,"mu":0,"quality":"OK","raw":1909.6,"sigma":1.5,"state":"IDLE","t":"2026-07-16T10:33:48.5118436Z","type":"sample"}
{"channel":"gsr","display":3906.3,"mu":0,"quality":"OK","raw":3906.3,"sigma":10,"state":"IDLE","t":"2026-07-16T10:33:48.5365542Z","type":"sample"}
{"channel":"rr","display":53.191489361702125,"mu":0,"quality":"OK","raw":1909.6,"sigma":1.5,"state":"IDLE","t":"2026-07-16T10:33:48.5466652Z","type":"sample"}
{"channel":"rr","display":53.191489361702125,"mu":0,"quality":"OK","raw":1908.4,"sigma":1.5,"state":"IDLE","t":"2026-07-16T10:33:48.5918768Z","type":"sample"}
{"channel":"rr","display":53.191489361702125,"mu":0,"quality":"OK","raw":1909.2,"sigma":1.5,"state":"IDLE","t":"2026-07-16T10:33:48.6287741Z","type":"sample"}
{"channel":"gsr","display":3898.5,"mu":0,"quality":"OK","raw":3898.5,"sigma":10,"state":"IDLE","t":"2026-07-16T10:33:48.6403465Z","type":"sample"}
{"channel":"rr","display":53.191489361702125,"mu":0,"quality":"OK","raw":1909.8,"sigma":1.5,"state":"IDLE","t":"2026-07-16T10:33:48.6658686Z","type":"sample"}
{"address":"/cue/g1/start","args":null,"channel":"system","dir":"out","t":"2026-07-16T10:33:48.7024099Z","type":"osc"}
{"channel":"rr","display":53.191489361702125,"mu":0,"quality":"OK","raw":1909.2,"sigma":1.5,"state":"IDLE","t":"2026-07-16T10:33:48.7117384Z","type":"sample"}
{"channel":"gsr","display":3892.6,"mu":0,"quality":"OK","raw":3892.6,"sigma":10,"state":"IDLE","t":"2026-07-16T10:33:48.7402069Z","type":"sample"}
{"channel":"hr","display":0,"mu":0,"quality":"OUT_OF_RANGE","raw":82,"sigma":3,"state":"IDLE","t":"2026-07-16T10:33:48.7407095Z","type":"sample"}
{"channel":"rr","display":53.191489361702125,"mu":0,"quality":"OK","raw":1910.4,"sigma":1.5,"state":"IDLE","t":"2026-07-16T10:33:48.7519936Z","type":"sample"}
{"channel":"rr","display":53.191489361702125,"mu":0,"quality":"OK","raw":1909.6,"sigma":1.5,"state":"IDLE","t":"2026-07-16T10:33:48.7921749Z","type":"sample"}
{"channel":"rr","display":53.191489361702125,"mu":0,"quality":"OK","raw":1908.6,"sigma":1.5,"state":"IDLE","t":"2026-07-16T10:33:48.8319952Z","type":"sample"}
{"channel":"gsr","display":3883.8,"mu":0,"quality":"OK","raw":3883.8,"sigma":10,"state":"IDLE","t":"2026-07-16T10:33:48.8408874Z","type":"sample"}
{"channel":"rr","display":53.191489361702125,"mu":0,"quality":"OK","raw":1909.4,"sigma":1.5,"state":"IDLE","t":"2026-07-16T10:33:48.8690531Z","type":"sample"}
{"channel":"rr","display":53.191489361702125,"mu":0,"quality":"OK","raw":1909.4,"sigma":1.5,"state":"IDLE","t":"2026-07-16T10:33:48.911694Z","type":"sample"}
{"channel":"gsr","display":3879.2,"mu":0,"quality":"OK","raw":3879.2,"sigma":10,"state":"IDLE","t":"2026-07-16T10:33:48.9401287Z","type":"sample"}
{"channel":"rr","display":53.191489361702125,"mu":0,"quality":"OK","raw":1910.4,"sigma":1.5,"state":"IDLE","t":"2026-07-16T10:33:48.9509275Z","type":"sample"}
{"channel":"rr","display":53.191489361702125,"mu":0,"quality":"OK","raw":1909.4,"sigma":1.5,"state":"IDLE","t":"2026-07-16T10:33:48.9920246Z","type":"sample"}
{"address":"/cue/r19/start","args":null,"channel":"system","dir":"out","t":"2026-07-16T10:33:49.0055653Z","type":"osc"}
{"channel":"rr","display":53.191489361702125,"mu":0,"quality":"OK","raw":1908.6,"sigma":1.5,"state":"IDLE","t":"2026-07-16T10:33:49.0319456Z","type":"sample"}
{"channel":"gsr","display":3872.1,"mu":0,"quality":"OK","raw":3872.1,"sigma":10,"state":"IDLE","t":"2026-07-16T10:33:49.0392692Z","type":"sample"}
{"channel":"rr","display":53.191489361702125,"mu":0,"quality":"OK","raw":1910.7,"sigma":1.5,"state":"IDLE","t":"2026-07-16T10:33:49.0659192Z","type":"sample"}
{"channel":"rr","display":53.191489361702125,"mu":0,"quality":"OK","raw":1909.5,"sigma":1.5,"state":"IDLE","t":"2026-07-16T10:33:49.1100512Z","type":"sample"}
{"channel":"gsr","display":3872.4,"mu":0,"quality":"OK","raw":3872.4,"sigma":10,"state":"IDLE","t":"2026-07-16T10:33:49.140204Z","type":"sample"}
{"channel":"rr","display":53.191489361702125,"mu":0,"quality":"OK","raw":1910.4,"sigma":1.5,"state":"IDLE","t":"2026-07-16T10:33:49.1483296Z","type":"sample"}
{"channel":"rr","display":53.191489361702125,"mu":0,"quality":"OK","raw":1910,"sigma":1.5,"state":"IDLE","t":"2026-07-16T10:33:49.1921732Z","type":"sample"}
{"channel":"rr","display":53.191489361702125,"mu":0,"quality":"OK","raw":1910.4,"sigma":1.5,"state":"IDLE","t":"2026-07-16T10:33:49.2319599Z","type":"sample"}
{"channel":"gsr","display":3863.3,"mu":0,"quality":"OK","raw":3863.3,"sigma":10,"state":"IDLE","t":"2026-07-16T10:33:49.2377418Z","type":"sample"}
{"channel":"hr","display":0,"mu":0,"quality":"OUT_OF_RANGE","raw":82,"sigma":3,"state":"IDLE","t":"2026-07-16T10:33:49.2413573Z","type":"sample"}
{"channel":"rr","display":53.191489361702125,"mu":0,"quality":"OK","raw":1910.1,"sigma":1.5,"state":"IDLE","t":"2026-07-16T10:33:49.2721679Z","type":"sample"}
{"channel":"rr","display":53.191489361702125,"mu":0,"quality":"OK","raw":1909.1,"sigma":1.5,"state":"IDLE","t":"2026-07-16T10:33:49.3115818Z","type":"sample"}
{"channel":"gsr","display":3859.3,"mu":0,"quality":"OK","raw":3859.3,"sigma":10,"state":"IDLE","t":"2026-07-16T10:33:49.3358418Z","type":"sample"}
{"address":"/cue/p/start","args":null,"channel":"system","dir":"out","t":"2026-07-16T10:33:49.3452027Z","type":"osc"}
{"channel":"rr","display":53.191489361702125,"mu":0,"quality":"OK","raw":1909.9,"sigma":1.5,"state":"IDLE","t":"2026-07-16T10:33:49.3519752Z","type":"sample"}
{"channel":"rr","display":53.191489361702125,"mu":0,"quality":"OK","raw":1909.7,"sigma":1.5,"state":"IDLE","t":"2026-07-16T10:33:49.3919481Z","type":"sample"}
{"channel":"rr","display":53.191489361702125,"mu":0,"quality":"OK","raw":1909.8,"sigma":1.5,"state":"IDLE","t":"2026-07-16T10:33:49.4319666Z","type":"sample"}
{"channel":"gsr","display":3853.4,"mu":0,"quality":"OK","raw":3853.4,"sigma":10,"state":"IDLE","t":"2026-07-16T10:33:49.4408431Z","type":"sample"}
{"channel":"rr","display":53.191489361702125,"mu":0,"quality":"OK","raw":1909.3,"sigma":1.5,"state":"IDLE","t":"2026-07-16T10:33:49.4718694Z","type":"sample"}
{"channel":"rr","display":53.191489361702125,"mu":0,"quality":"OK","raw":1908.8,"sigma":1.5,"state":"IDLE","t":"2026-07-16T10:33:49.511751Z","type":"sample"}
{"channel":"gsr","display":3852.9,"mu":0,"quality":"OK","raw":3852.9,"sigma":10,"state":"IDLE","t":"2026-07-16T10:33:49.5402072Z","type":"sample"}
{"channel":"rr","display":53.191489361702125,"mu":0,"quality":"OK","raw":1910.6,"sigma":1.5,"state":"IDLE","t":"2026-07-16T10:33:49.5466075Z","type":"sample"}
{"channel":"rr","display":53.191489361702125,"mu":0,"quality":"OK","raw":1910.1,"sigma":1.5,"state":"IDLE","t":"2026-07-16T10:33:49.5919944Z","type":"sample"}
{"channel":"rr","display":53.191489361702125,"mu":0,"quality":"OK","raw":1909.2,"sigma":1.5,"state":"IDLE","t":"2026-07-16T10:33:49.6320364Z","type":"sample"}
{"channel":"gsr","display":3843,"mu":0,"quality":"OK","raw":3843,"sigma":10,"state":"IDLE","t":"2026-07-16T10:33:49.6406244Z","type":"sample"}
{"channel":"rr","display":53.191489361702125,"mu":0,"quality":"OK","raw":1910.8,"sigma":1.5,"state":"IDLE","t":"2026-07-16T10:33:49.6721398Z","type":"sample"}
{"address":"/cue/g1/start","args":null,"channel":"system","dir":"out","t":"2026-07-16T10:33:49.709195Z","type":"osc"}
{"channel":"rr","display":53.191489361702125,"mu":0,"quality":"OK","raw":1909.7,"sigma":1.5,"state":"IDLE","t":"2026-07-16T10:33:49.7116303Z","type":"sample"}
{"channel":"gsr","display":3843.9,"mu":0,"quality":"OK","raw":3843.9,"sigma":10,"state":"IDLE","t":"2026-07-16T10:33:49.7402168Z","type":"sample"}
{"channel":"hr","display":0,"mu":0,"quality":"OUT_OF_RANGE","raw":82,"sigma":3,"state":"IDLE","t":"2026-07-16T10:33:49.7407256Z","type":"sample"}
{"channel":"rr","display":53.191489361702125,"mu":0,"quality":"OK","raw":1910,"sigma":1.5,"state":"IDLE","t":"2026-07-16T10:33:49.7521123Z","type":"sample"}
{"channel":"rr","display":53.191489361702125,"mu":0,"quality":"OK","raw":1908.7,"sigma":1.5,"state":"IDLE","t":"2026-07-16T10:33:49.7921679Z","type":"sample"}
{"channel":"rr","display":53.191489361702125,"mu":0,"quality":"OK","raw":1910.7,"sigma":1.5,"state":"IDLE","t":"2026-07-16T10:33:49.8319775Z","type":"sample"}
{"channel":"gsr","display":3839.7,"mu":0,"quality":"OK","raw":3839.7,"sigma":10,"state":"IDLE","t":"2026-07-16T10:33:49.8381736Z","type":"sample"}
{"channel":"rr","display":53.191489361702125,"mu":0,"quality":"OK","raw":1910,"sigma":1.5,"state":"IDLE","t":"2026-07-16T10:33:49.8720573Z","type":"sample"}
{"channel":"rr","display":53.191489361702125,"mu":0,"quality":"OK","raw":1909.3,"sigma":1.5,"state":"IDLE","t":"2026-07-16T10:33:49.9114725Z","type":"sample"}
{"channel":"gsr","display":3838.6,"mu":0,"quality":"OK","raw":3838.6,"sigma":10,"state":"IDLE","t":"2026-07-16T10:33:49.9401902Z","type":"sample"}
{"channel":"rr","display":53.191489361702125,"mu":0,"quality":"OK","raw":1910.6,"sigma":1.5,"state":"IDLE","t":"2026-07-16T10:33:49.9520049Z","type":"sample"}
{"channel":"rr","display":53.191489361702125,"mu":0,"quality":"OK","raw":1909.7,"sigma":1.5,"state":"IDLE","t":"2026-07-16T10:33:49.9921644Z","type":"sample"}
{"address":"/cue/r19/start","args":null,"channel":"system","dir":"out","t":"2026-07-16T10:33:50.0111776Z","type":"osc"}
{"channel":"rr","display":53.191489361702125,"mu":0,"quality":"OK","raw":1909.9,"sigma":1.5,"state":"IDLE","t":"2026-07-16T10:33:50.0289088Z","type":"sample"}
{"channel":"gsr","display":3834.1,"mu":0,"quality":"OK","raw":3834.1,"sigma":10,"state":"IDLE","t":"2026-07-16T10:33:50.037884Z","type":"sample"}
{"channel":"rr","display":53.191489361702125,"mu":0,"quality":"OK","raw":1909.6,"sigma":1.5,"state":"IDLE","t":"2026-07-16T10:33:50.072103Z","type":"sample"}
{"channel":"rr","display":53.191489361702125,"mu":0,"quality":"OK","raw":1910.3,"sigma":1.5,"state":"IDLE","t":"2026-07-16T10:33:50.1117788Z","type":"sample"}
{"channel":"gsr","display":3831.3,"mu":0,"quality":"OK","raw":3831.3,"sigma":10,"state":"IDLE","t":"2026-07-16T10:33:50.1403367Z","type":"sample"}
{"channel":"rr","display":53.191489361702125,"mu":0,"quality":"OK","raw":1909.9,"sigma":1.5,"state":"IDLE","t":"2026-07-16T10:33:50.1519974Z","type":"sample"}
{"channel":"rr","display":53.191489361702125,"mu":0,"quality":"OK","raw":1908.8,"sigma":1.5,"state":"IDLE","t":"2026-07-16T10:33:50.1920637Z","type":"sample"}
{"channel":"rr","display":53.191489361702125,"mu":0,"quality":"OK","raw":1910.4,"sigma":1.5,"state":"IDLE","t":"2026-07-16T10:33:50.229139Z","type":"sample"}
{"channel":"gsr","display":3824.2,"mu":0,"quality":"OK","raw":3824.2,"sigma":10,"state":"IDLE","t":"2026-07-16T10:33:50.2408459Z","type":"sample"}
{"channel":"hr","display":0,"mu":0,"quality":"OUT_OF_RANGE","raw":82,"sigma":3,"state":"IDLE","t":"2026-07-16T10:33:50.2414768Z","type":"sample"}
{"channel":"rr","display":53.191489361702125,"mu":0,"quality":"OK","raw":1910.1,"sigma":1.5,"state":"IDLE","t":"2026-07-16T10:33:50.2720461Z","type":"sample"}
{"channel":"rr","display":53.191489361702125,"mu":0,"quality":"OK","raw":1910.2,"sigma":1.5,"state":"IDLE","t":"2026-07-16T10:33:50.3120184Z","type":"sample"}
{"channel":"gsr","display":3827.9,"mu":0,"quality":"OK","raw":3827.9,"sigma":10,"state":"IDLE","t":"2026-07-16T10:33:50.3401935Z","type":"sample"}
{"address":"/cue/p/start","args":null,"channel":"system","dir":"out","t":"2026-07-16T10:33:50.3460366Z","type":"osc"}
{"channel":"rr","display":53.191489361702125,"mu":0,"quality":"OK","raw":1909.2,"sigma":1.5,"state":"IDLE","t":"2026-07-16T10:33:50.3518797Z","type":"sample"}
{"channel":"rr","display":53.191489361702125,"mu":0,"quality":"OK","raw":1908.9,"sigma":1.5,"state":"IDLE","t":"2026-07-16T10:33:50.392176Z","type":"sample"}
{"channel":"rr","display":53.191489361702125,"mu":0,"quality":"OK","raw":1909.2,"sigma":1.5,"state":"IDLE","t":"2026-07-16T10:33:50.4320455Z","type":"sample"}
{"channel":"gsr","display":3823,"mu":0,"quality":"OK","raw":3823,"sigma":10,"state":"IDLE","t":"2026-07-16T10:33:50.4382334Z","type":"sample"}
{"channel":"rr","display":53.191489361702125,"mu":0,"quality":"OK","raw":1909.3,"sigma":1.5,"state":"IDLE","t":"2026-07-16T10:33:50.4720454Z","type":"sample"}
{"channel":"rr","display":53.191489361702125,"mu":0,"quality":"OK","raw":1907.8,"sigma":1.5,"state":"IDLE","t":"2026-07-16T10:33:50.5105349Z","type":"sample"}
{"channel":"gsr","display":3825.3,"mu":0,"quality":"OK","raw":3825.3,"sigma":10,"state":"IDLE","t":"2026-07-16T10:33:50.5402807Z","type":"sample"}
{"channel":"rr","display":53.191489361702125,"mu":0,"quality":"OK","raw":1910.4,"sigma":1.5,"state":"IDLE","t":"2026-07-16T10:33:50.5519983Z","type":"sample"}
{"channel":"rr","display":53.191489361702125,"mu":0,"quality":"OK","raw":1908.4,"sigma":1.5,"state":"IDLE","t":"2026-07-16T10:33:50.5922653Z","type":"sample"}
{"channel":"rr","display":53.191489361702125,"mu":0,"quality":"OK","raw":1909.6,"sigma":1.5,"state":"IDLE","t":"2026-07-16T10:33:50.6319482Z","type":"sample"}
{"channel":"gsr","display":3824.2,"mu":0,"quality":"OK","raw":3824.2,"sigma":10,"state":"IDLE","t":"2026-07-16T10:33:50.6406729Z","type":"sample"}
{"channel":"rr","display":53.191489361702125,"mu":0,"quality":"OK","raw":1908.6,"sigma":1.5,"state":"IDLE","t":"2026-07-16T10:33:50.6720421Z","type":"sample"}
{"channel":"rr","display":53.191489361702125,"mu":0,"quality":"OK","raw":1910.1,"sigma":1.5,"state":"IDLE","t":"2026-07-16T10:33:50.7115921Z","type":"sample"}
{"address":"/cue/g1/start","args":null,"channel":"system","dir":"out","t":"2026-07-16T10:33:50.7208931Z","type":"osc"}
{"channel":"gsr","display":3823.9,"mu":0,"quality":"OK","raw":3823.9,"sigma":10,"state":"IDLE","t":"2026-07-16T10:33:50.73611Z","type":"sample"}
{"channel":"hr","display":0,"mu":0,"quality":"OUT_OF_RANGE","raw":83,"sigma":3,"state":"IDLE","t":"2026-07-16T10:33:50.7407002Z","type":"sample"}
{"channel":"rr","display":53.191489361702125,"mu":0,"quality":"OK","raw":1909.4,"sigma":1.5,"state":"IDLE","t":"2026-07-16T10:33:50.7516369Z","type":"sample"}
{"channel":"rr","display":53.191489361702125,"mu":0,"quality":"OK","raw":1908.8,"sigma":1.5,"state":"IDLE","t":"2026-07-16T10:33:50.7922599Z","type":"sample"}
{"channel":"rr","display":53.191489361702125,"mu":0,"quality":"OK","raw":1908.4,"sigma":1.5,"state":"IDLE","t":"2026-07-16T10:33:50.8317623Z","type":"sample"}
{"channel":"gsr","display":3817.2,"mu":0,"quality":"OK","raw":3817.2,"sigma":10,"state":"IDLE","t":"2026-07-16T10:33:50.8405595Z","type":"sample"}
{"channel":"rr","display":53.191489361702125,"mu":0,"quality":"OK","raw":1910.1,"sigma":1.5,"state":"IDLE","t":"2026-07-16T10:33:50.872149Z","type":"sample"}
{"channel":"rr","display":53.191489361702125,"mu":0,"quality":"OK","raw":1908.6,"sigma":1.5,"state":"IDLE","t":"2026-07-16T10:33:50.9110559Z","type":"sample"}
{"channel":"gsr","display":3820.3,"mu":0,"quality":"OK","raw":3820.3,"sigma":10,"state":"IDLE","t":"2026-07-16T10:33:50.9392073Z","type":"sample"}
{"channel":"rr","display":53.191489361702125,"mu":0,"quality":"OK","raw":1908.9,"sigma":1.5,"state":"IDLE","t":"2026-07-16T10:33:50.9473154Z","type":"sample"}
{"channel":"rr","display":53.191489361702125,"mu":0,"quality":"OK","raw":1909.4,"sigma":1.5,"state":"IDLE","t":"2026-07-16T10:33:50.9922858Z","type":"sample"}
{"address":"/cue/r19/start","args":null,"channel":"system","dir":"out","t":"2026-07-16T10:33:51.0229749Z","type":"osc"}
{"channel":"rr","display":53.191489361702125,"mu":0,"quality":"OK","raw":1908.4,"sigma":1.5,"state":"IDLE","t":"2026-07-16T10:33:51.0301079Z","type":"sample"}
{"channel":"gsr","display":3815.6,"mu":0,"quality":"OK","raw":3815.6,"sigma":10,"state":"IDLE","t":"2026-07-16T10:33:51.0387672Z","type":"sample"}
{"channel":"rr","display":53.191489361702125,"mu":0,"quality":"OK","raw":1909.4,"sigma":1.5,"state":"IDLE","t":"2026-07-16T10:33:51.0720262Z","type":"sample"}
{"channel":"rr","display":53.191489361702125,"mu":0,"quality":"OK","raw":1909.6,"sigma":1.5,"state":"IDLE","t":"2026-07-16T10:33:51.1105521Z","type":"sample"}
{"channel":"gsr","display":3813.3,"mu":0,"quality":"OK","raw":3813.3,"sigma":10,"state":"IDLE","t":"2026-07-16T10:33:51.1399601Z","type":"sample"}
{"channel":"rr","display":53.191489361702125,"mu":0,"quality":"OK","raw":1909.1,"sigma":1.5,"state":"IDLE","t":"2026-07-16T10:33:51.1511895Z","type":"sample"}
{"channel":"rr","display":53.191489361702125,"mu":0,"quality":"OK","raw":1909.5,"sigma":1.5,"state":"IDLE","t":"2026-07-16T10:33:51.1918727Z","type":"sample"}
{"channel":"rr","display":53.191489361702125,"mu":0,"quality":"OK","raw":1910.6,"sigma":1.5,"state":"IDLE","t":"2026-07-16T10:33:51.2293038Z","type":"sample"}
{"channel":"gsr","display":3810.3,"mu":0,"quality":"OK","raw":3810.3,"sigma":10,"state":"IDLE","t":"2026-07-16T10:33:51.2386072Z","type":"sample"}
{"channel":"hr","display":0,"mu":0,"quality":"OUT_OF_RANGE","raw":83,"sigma":3,"state":"IDLE","t":"2026-07-16T10:33:51.2413663Z","type":"sample"}
{"channel":"rr","display":53.191489361702125,"mu":0,"quality":"OK","raw":1908.4,"sigma":1.5,"state":"IDLE","t":"2026-07-16T10:33:51.2721166Z","type":"sample"}
{"channel":"rr","display":53.191489361702125,"mu":0,"quality":"OK","raw":1910.2,"sigma":1.5,"state":"IDLE","t":"2026-07-16T10:33:51.3098765Z","type":"sample"}
{"channel":"gsr","display":3811.6,"mu":0,"quality":"OK","raw":3811.6,"sigma":10,"state":"IDLE","t":"2026-07-16T10:33:51.3400939Z","type":"sample"}
{"address":"/cue/p/start","args":null,"channel":"system","dir":"out","t":"2026-07-16T10:33:51.345609Z","type":"osc"}
{"channel":"rr","display":53.191489361702125,"mu":0,"quality":"OK","raw":1910.4,"sigma":1.5,"state":"IDLE","t":"2026-07-16T10:33:51.3519088Z","type":"sample"}
{"channel":"rr","display":53.191489361702125,"mu":0,"quality":"OK","raw":1910.6,"sigma":1.5,"state":"IDLE","t":"2026-07-16T10:33:51.3919439Z","type":"sample"}
{"channel":"rr","display":53.191489361702125,"mu":0,"quality":"OK","raw":1909.4,"sigma":1.5,"state":"IDLE","t":"2026-07-16T10:33:51.431983Z","type":"sample"}
{"channel":"gsr","display":3809.3,"mu":0,"quality":"OK","raw":3809.3,"sigma":10,"state":"IDLE","t":"2026-07-16T10:33:51.4377176Z","type":"sample"}
{"channel":"rr","display":53.191489361702125,"mu":0,"quality":"OK","raw":1910.8,"sigma":1.5,"state":"IDLE","t":"2026-07-16T10:33:51.4720267Z","type":"sample"}
{"channel":"rr","display":53.191489361702125,"mu":0,"quality":"OK","raw":1910.4,"sigma":1.5,"state":"IDLE","t":"2026-07-16T10:33:51.5101663Z","type":"sample"}
{"channel":"gsr","display":3809.1,"mu":0,"quality":"OK","raw":3809.1,"sigma":10,"state":"IDLE","t":"2026-07-16T10:33:51.5400602Z","type":"sample"}
{"channel":"rr","display":53.191489361702125,"mu":0,"quality":"OK","raw":1909.5,"sigma":1.5,"state":"IDLE","t":"2026-07-16T10:33:51.5465415Z","type":"sample"}
{"channel":"rr","display":53.191489361702125,"mu":0,"quality":"OK","raw":1910.1,"sigma":1.5,"state":"IDLE","t":"2026-07-16T10:33:51.5897518Z","type":"sample"}
{"channel":"rr","display":53.191489361702125,"mu":0,"quality":"OK","raw":1910.2,"sigma":1.5,"state":"IDLE","t":"2026-07-16T10:33:51.6295443Z","type":"sample"}
{"channel":"gsr","display":3807.8,"mu":0,"quality":"OK","raw":3807.8,"sigma":10,"state":"IDLE","t":"2026-07-16T10:33:51.639508Z","type":"sample"}
{"channel":"rr","display":53.191489361702125,"mu":0,"quality":"OK","raw":1908.6,"sigma":1.5,"state":"IDLE","t":"2026-07-16T10:33:51.6719922Z","type":"sample"}
{"channel":"rr","display":53.191489361702125,"mu":0,"quality":"OK","raw":1910.7,"sigma":1.5,"state":"IDLE","t":"2026-07-16T10:33:51.7104797Z","type":"sample"}
{"address":"/cue/g1/start","args":null,"channel":"system","dir":"out","t":"2026-07-16T10:33:51.7273627Z","type":"osc"}
{"channel":"gsr","display":3808.5,"mu":0,"quality":"OK","raw":3808.5,"sigma":10,"state":"IDLE","t":"2026-07-16T10:33:51.7401908Z","type":"sample"}
{"channel":"hr","display":0,"mu":0,"quality":"OUT_OF_RANGE","raw":83,"sigma":3,"state":"IDLE","t":"2026-07-16T10:33:51.7407007Z","type":"sample"}
{"channel":"rr","display":53.191489361702125,"mu":0,"quality":"OK","raw":1909.8,"sigma":1.5,"state":"IDLE","t":"2026-07-16T10:33:51.7520545Z","type":"sample"}
{"channel":"rr","display":53.191489361702125,"mu":0,"quality":"OK","raw":1907.9,"sigma":1.5,"state":"IDLE","t":"2026-07-16T10:33:51.792035Z","type":"sample"}
{"channel":"rr","display":53.191489361702125,"mu":0,"quality":"OK","raw":1908.6,"sigma":1.5,"state":"IDLE","t":"2026-07-16T10:33:51.829483Z","type":"sample"}
{"channel":"gsr","display":3803.2,"mu":0,"quality":"OK","raw":3803.2,"sigma":10,"state":"IDLE","t":"2026-07-16T10:33:51.8376769Z","type":"sample"}
{"channel":"rr","display":53.191489361702125,"mu":0,"quality":"OK","raw":1911.3,"sigma":1.5,"state":"IDLE","t":"2026-07-16T10:33:51.8672414Z","type":"sample"}
{"channel":"rr","display":53.191489361702125,"mu":0,"quality":"OK","raw":1910.7,"sigma":1.5,"state":"IDLE","t":"2026-07-16T10:33:51.911905Z","type":"sample"}
{"channel":"gsr","display":3803.2,"mu":0,"quality":"OK","raw":3803.2,"sigma":10,"state":"IDLE","t":"2026-07-16T10:33:51.9397753Z","type":"sample"}
{"channel":"rr","display":53.191489361702125,"mu":0,"quality":"OK","raw":1909.5,"sigma":1.5,"state":"IDLE","t":"2026-07-16T10:33:51.9492522Z","type":"sample"}
{"channel":"rr","display":53.191489361702125,"mu":0,"quality":"OK","raw":1910.2,"sigma":1.5,"state":"IDLE","t":"2026-07-16T10:33:51.9919252Z","type":"sample"}
{"address":"/cue/r19/start","args":null,"channel":"system","dir":"out","t":"2026-07-16T10:33:52.0294856Z","type":"osc"}
{"channel":"rr","display":53.191489361702125,"mu":0,"quality":"OK","raw":1909.9,"sigma":1.5,"state":"IDLE","t":"2026-07-16T10:33:52.0315867Z","type":"sample"}
{"channel":"gsr","display":3796.2,"mu":0,"quality":"OK","raw":3796.2,"sigma":10,"state":"IDLE","t":"2026-07-16T10:33:52.0405316Z","type":"sample"}
{"channel":"rr","display":53.191489361702125,"mu":0,"quality":"OK","raw":1910.2,"sigma":1.5,"state":"IDLE","t":"2026-07-16T10:33:52.0699864Z","type":"sample"}
{"channel":"rr","event":"quality_change","quality":"OUT_OF_RANGE","t":"2026-07-16T10:33:52.112017Z","type":"event"}
{"channel":"rr","display":53.191489361702125,"mu":0,"quality":"OUT_OF_RANGE","raw":1910.2,"sigma":1.5,"state":"IDLE","t":"2026-07-16T10:33:52.112017Z","type":"sample"}
{"channel":"gsr","display":3787.9,"mu":0,"quality":"OK","raw":3787.9,"sigma":10,"state":"IDLE","t":"2026-07-16T10:33:52.1357366Z","type":"sample"}
{"channel":"rr","display":53.191489361702125,"mu":0,"quality":"OUT_OF_RANGE","raw":1910.2,"sigma":1.5,"state":"IDLE","t":"2026-07-16T10:33:52.1464928Z","type":"sample"}
{"channel":"rr","display":53.191489361702125,"mu":0,"quality":"OUT_OF_RANGE","raw":1910.3,"sigma":1.5,"state":"IDLE","t":"2026-07-16T10:33:52.186264Z","type":"sample"}
{"channel":"rr","display":53.191489361702125,"mu":0,"quality":"OUT_OF_RANGE","raw":1908.1,"sigma":1.5,"state":"IDLE","t":"2026-07-16T10:33:52.2303812Z","type":"sample"}
{"channel":"gsr","display":3788.1,"mu":0,"quality":"OK","raw":3788.1,"sigma":10,"state":"IDLE","t":"2026-07-16T10:33:52.238082Z","type":"sample"}
{"channel":"hr","display":0,"mu":0,"quality":"OUT_OF_RANGE","raw":83,"sigma":3,"state":"IDLE","t":"2026-07-16T10:33:52.2413809Z","type":"sample"}
{"channel":"rr","display":53.191489361702125,"mu":0,"quality":"OUT_OF_RANGE","raw":1909.8,"sigma":1.5,"state":"IDLE","t":"2026-07-16T10:33:52.2721753Z","type":"sample"}
{"channel":"rr","display":53.191489361702125,"mu":0,"quality":"OUT_OF_RANGE","raw":1908.9,"sigma":1.5,"state":"IDLE","t":"2026-07-16T10:33:52.3119884Z","type":"sample"}
{"channel":"gsr","display":3781.2,"mu":0,"quality":"OK","raw":3781.2,"sigma":10,"state":"IDLE","t":"2026-07-16T10:33:52.3399393Z","type":"sample"}
{"address":"/cue/p/start","args":null,"channel":"system","dir":"out","t":"2026-07-16T10:33:52.3496292Z","type":"osc"}
{"channel":"rr","display":53.191489361702125,"mu":0,"quality":"OUT_OF_RANGE","raw":1908.9,"sigma":1.5,"state":"IDLE","t":"2026-07-16T10:33:52.3517292Z","type":"sample"}
{"channel":"rr","display":53.191489361702125,"mu":0,"quality":"OUT_OF_RANGE","raw":1910.1,"sigma":1.5,"state":"IDLE","t":"2026-07-16T10:33:52.3895185Z","type":"sample"}
{"channel":"rr","display":53.191489361702125,"mu":0,"quality":"OUT_OF_RANGE","raw":1909.5,"sigma":1.5,"state":"IDLE","t":"2026-07-16T10:33:52.4315922Z","type":"sample"}
{"channel":"gsr","display":3772,"mu":0,"quality":"OK","raw":3772,"sigma":10,"state":"IDLE","t":"2026-07-16T10:33:52.4381127Z","type":"sample"}
{"channel":"rr","display":53.191489361702125,"mu":0,"quality":"OUT_OF_RANGE","raw":1909.7,"sigma":1.5,"state":"IDLE","t":"2026-07-16T10:33:52.4719049Z","type":"sample"}
{"channel":"rr","display":53.191489361702125,"mu":0,"quality":"OUT_OF_RANGE","raw":1909.6,"sigma":1.5,"state":"IDLE","t":"2026-07-16T10:33:52.5118652Z","type":"sample"}
{"channel":"gsr","display":3768.3,"mu":0,"quality":"OK","raw":3768.3,"sigma":10,"state":"IDLE","t":"2026-07-16T10:33:52.53996Z","type":"sample"}
{"channel":"rr","display":53.191489361702125,"mu":0,"quality":"OUT_OF_RANGE","raw":1911.1,"sigma":1.5,"state":"IDLE","t":"2026-07-16T10:33:52.5515649Z","type":"sample"}
{"channel":"rr","display":53.191489361702125,"mu":0,"quality":"OUT_OF_RANGE","raw":1910.5,"sigma":1.5,"state":"IDLE","t":"2026-07-16T10:33:52.5880399Z","type":"sample"}
{"channel":"rr","display":53.191489361702125,"mu":0,"quality":"OUT_OF_RANGE","raw":1909.2,"sigma":1.5,"state":"IDLE","t":"2026-07-16T10:33:52.6292485Z","type":"sample"}
{"channel":"gsr","display":3762.6,"mu":0,"quality":"OK","raw":3762.6,"sigma":10,"state":"IDLE","t":"2026-07-16T10:33:52.6408207Z","type":"sample"}
{"channel":"rr","display":53.191489361702125,"mu":0,"quality":"OUT_OF_RANGE","raw":1908.2,"sigma":1.5,"state":"IDLE","t":"2026-07-16T10:33:52.6666998Z","type":"sample"}
{"channel":"rr","display":53.191489361702125,"mu":0,"quality":"OUT_OF_RANGE","raw":1909.6,"sigma":1.5,"state":"IDLE","t":"2026-07-16T10:33:52.7106238Z","type":"sample"}
{"channel":"gsr","display":3759.7,"mu":0,"quality":"OK","raw":3759.7,"sigma":10,"state":"IDLE","t":"2026-07-16T10:33:52.7359701Z","type":"sample"}
{"channel":"hr","display":0,"mu":0,"quality":"OUT_OF_RANGE","raw":83,"sigma":3,"state":"IDLE","t":"2026-07-16T10:33:52.7406494Z","type":"sample"}
{"address":"/cue/g1/start","args":null,"channel":"system","dir":"out","t":"2026-07-16T10:33:52.7516877Z","type":"osc"}
{"channel":"rr","display":53.191489361702125,"mu":0,"quality":"OUT_OF_RANGE","raw":1908.9,"sigma":1.5,"state":"IDLE","t":"2026-07-16T10:33:52.7516877Z","type":"sample"}
{"channel":"rr","display":53.191489361702125,"mu":0,"quality":"OUT_OF_RANGE","raw":1908.5,"sigma":1.5,"state":"IDLE","t":"2026-07-16T10:33:52.7919747Z","type":"sample"}
{"channel":"rr","display":53.191489361702125,"mu":0,"quality":"OUT_OF_RANGE","raw":1909.1,"sigma":1.5,"state":"IDLE","t":"2026-07-16T10:33:52.8298147Z","type":"sample"}
{"channel":"gsr","display":3756.2,"mu":0,"quality":"OK","raw":3756.2,"sigma":10,"state":"IDLE","t":"2026-07-16T10:33:52.8382809Z","type":"sample"}
{"channel":"rr","display":53.191489361702125,"mu":0,"quality":"OUT_OF_RANGE","raw":1909.1,"sigma":1.5,"state":"IDLE","t":"2026-07-16T10:33:52.8695483Z","type":"sample"}
{"channel":"rr","display":53.191489361702125,"mu":0,"quality":"OUT_OF_RANGE","raw":1909.2,"sigma":1.5,"state":"IDLE","t":"2026-07-16T10:33:52.911604Z","type":"sample"}
{"channel":"gsr","display":3762.5,"mu":0,"quality":"OK","raw":3762.5,"sigma":10,"state":"IDLE","t":"2026-07-16T10:33:52.9401332Z","type":"sample"}
{"channel":"rr","display":53.191489361702125,"mu":0,"quality":"OUT_OF_RANGE","raw":1909.8,"sigma":1.5,"state":"IDLE","t":"2026-07-16T10:33:52.9491078Z","type":"sample"}
{"channel":"rr","display":53.191489361702125,"mu":0,"quality":"OUT_OF_RANGE","raw":1909.6,"sigma":1.5,"state":"IDLE","t":"2026-07-16T10:33:52.9859181Z","type":"sample"}
{"channel":"rr","display":53.191489361702125,"mu":0,"quality":"OUT_OF_RANGE","raw":1910,"sigma":1.5,"state":"IDLE","t":"2026-07-16T10:33:53.0319647Z","type":"sample"}
{"channel":"gsr","display":3754.6,"mu":0,"quality":"OK","raw":3754.6,"sigma":10,"state":"IDLE","t":"2026-07-16T10:33:53.0398217Z","type":"sample"}
{"channel":"rr","display":53.191489361702125,"mu":0,"quality":"OUT_OF_RANGE","raw":1908.4,"sigma":1.5,"state":"IDLE","t":"2026-07-16T10:33:53.0720306Z","type":"sample"}
{"channel":"rr","display":53.191489361702125,"mu":0,"quality":"OUT_OF_RANGE","raw":1909.7,"sigma":1.5,"state":"IDLE","t":"2026-07-16T10:33:53.1111063Z","type":"sample"}
{"channel":"gsr","display":3759.2,"mu":0,"quality":"OK","raw":3759.2,"sigma":10,"state":"IDLE","t":"2026-07-16T10:33:53.1394405Z","type":"sample"}
{"channel":"rr","display":53.191489361702125,"mu":0,"quality":"OUT_OF_RANGE","raw":1908.9,"sigma":1.5,"state":"IDLE","t":"2026-07-16T10:33:53.1461842Z","type":"sample"}
{"channel":"rr","display":53.191489361702125,"mu":0,"quality":"OUT_OF_RANGE","raw":1907.4,"sigma":1.5,"state":"IDLE","t":"2026-07-16T10:33:53.1922011Z","type":"sample"}
{"channel":"rr","display":53.191489361702125,"mu":0,"quality":"OUT_OF_RANGE","raw":1910.2,"sigma":1.5,"state":"IDLE","t":"2026-07-16T10:33:53.2319103Z","type":"sample"}
{"channel":"gsr","display":3758.4,"mu":0,"quality":"OK","raw":3758.4,"sigma":10,"state":"IDLE","t":"2026-07-16T10:33:53.2380888Z","type":"sample"}
{"channel":"hr","display":0,"mu":0,"quality":"OUT_OF_RANGE","raw":83,"sigma":3,"state":"IDLE","t":"2026-07-16T10:33:53.2413395Z","type":"sample"}
{"channel":"rr","display":53.191489361702125,"mu":0,"quality":"OUT_OF_RANGE","raw":1910.4,"sigma":1.5,"state":"IDLE","t":"2026-07-16T10:33:53.2715312Z","type":"sample"}
{"channel":"rr","display":53.191489361702125,"mu":0,"quality":"OUT_OF_RANGE","raw":1909,"sigma":1.5,"state":"IDLE","t":"2026-07-16T10:33:53.3107894Z","type":"sample"}
{"channel":"gsr","display":3759.3,"mu":0,"quality":"OK","raw":3759.3,"sigma":10,"state":"IDLE","t":"2026-07-16T10:33:53.3401064Z","type":"sample"}
{"address":"/cue/p/start","args":null,"channel":"system","dir":"out","t":"2026-07-16T10:33:53.3457912Z","type":"osc"}
{"channel":"rr","display":53.191489361702125,"mu":0,"quality":"OUT_OF_RANGE","raw":1910.9,"sigma":1.5,"state":"IDLE","t":"2026-07-16T10:33:53.3516175Z","type":"sample"}
{"channel":"rr","display":53.191489361702125,"mu":0,"quality":"OUT_OF_RANGE","raw":1910.4,"sigma":1.5,"state":"IDLE","t":"2026-07-16T10:33:53.3914238Z","type":"sample"}
{"channel":"rr","display":53.191489361702125,"mu":0,"quality":"OUT_OF_RANGE","raw":1910.6,"sigma":1.5,"state":"IDLE","t":"2026-07-16T10:33:53.4307461Z","type":"sample"}
{"channel":"gsr","display":3758.8,"mu":0,"quality":"OK","raw":3758.8,"sigma":10,"state":"IDLE","t":"2026-07-16T10:33:53.438196Z","type":"sample"}
{"channel":"rr","display":53.191489361702125,"mu":0,"quality":"OUT_OF_RANGE","raw":1910.4,"sigma":1.5,"state":"IDLE","t":"2026-07-16T10:33:53.4720679Z","type":"sample"}
{"channel":"rr","display":53.191489361702125,"mu":0,"quality":"OUT_OF_RANGE","raw":1909.4,"sigma":1.5,"state":"IDLE","t":"2026-07-16T10:33:53.5119169Z","type":"sample"}
{"channel":"gsr","display":3762.8,"mu":0,"quality":"OK","raw":3762.8,"sigma":10,"state":"IDLE","t":"2026-07-16T10:33:53.5368667Z","type":"sample"}
{"channel":"rr","display":53.191489361702125,"mu":0,"quality":"OUT_OF_RANGE","raw":1909.6,"sigma":1.5,"state":"IDLE","t":"2026-07-16T10:33:53.5493834Z","type":"sample"}
{"channel":"rr","display":53.191489361702125,"mu":0,"quality":"OUT_OF_RANGE","raw":1910.1,"sigma":1.5,"state":"IDLE","t":"2026-07-16T10:33:53.5857162Z","type":"sample"}
{"channel":"rr","display":53.191489361702125,"mu":0,"quality":"OUT_OF_RANGE","raw":1910.2,"sigma":1.5,"state":"IDLE","t":"2026-07-16T10:33:53.6320172Z","type":"sample"}
{"channel":"gsr","display":3760,"mu":0,"quality":"OK","raw":3760,"sigma":10,"state":"IDLE","t":"2026-07-16T10:33:53.6383992Z","type":"sample"}
{"channel":"rr","display":53.191489361702125,"mu":0,"quality":"OUT_OF_RANGE","raw":1910.8,"sigma":1.5,"state":"IDLE","t":"2026-07-16T10:33:53.6720735Z","type":"sample"}
{"channel":"rr","display":53.191489361702125,"mu":0,"quality":"OUT_OF_RANGE","raw":1909.2,"sigma":1.5,"state":"IDLE","t":"2026-07-16T10:33:53.7113827Z","type":"sample"}
{"channel":"gsr","display":3766.4,"mu":0,"quality":"OK","raw":3766.4,"sigma":10,"state":"IDLE","t":"2026-07-16T10:33:53.736139Z","type":"sample"}
{"channel":"hr","display":0,"mu":0,"quality":"OUT_OF_RANGE","raw":83,"sigma":3,"state":"IDLE","t":"2026-07-16T10:33:53.7406593Z","type":"sample"}
{"channel":"rr","display":53.191489361702125,"mu":0,"quality":"OUT_OF_RANGE","raw":1909.4,"sigma":1.5,"state":"IDLE","t":"2026-07-16T10:33:53.7519791Z","type":"sample"}
{"address":"/cue/g1/start","args":null,"channel":"system","dir":"out","t":"2026-07-16T10:33:53.7630193Z","type":"osc"}
{"channel":"rr","display":53.191489361702125,"mu":0,"quality":"OUT_OF_RANGE","raw":1909.1,"sigma":1.5,"state":"IDLE","t":"2026-07-16T10:33:53.7916721Z","type":"sample"}
{"channel":"rr","display":53.191489361702125,"mu":0,"quality":"OUT_OF_RANGE","raw":1910.7,"sigma":1.5,"state":"IDLE","t":"2026-07-16T10:33:53.8319443Z","type":"sample"}
{"channel":"gsr","display":3767.5,"mu":0,"quality":"OK","raw":3767.5,"sigma":10,"state":"IDLE","t":"2026-07-16T10:33:53.8403706Z","type":"sample"}
{"channel":"rr","display":53.191489361702125,"mu":0,"quality":"OUT_OF_RANGE","raw":1909.6,"sigma":1.5,"state":"IDLE","t":"2026-07-16T10:33:53.8668153Z","type":"sample"}
{"channel":"rr","display":53.191489361702125,"mu":0,"quality":"OUT_OF_RANGE","raw":1909.9,"sigma":1.5,"state":"IDLE","t":"2026-07-16T10:33:53.9111304Z","type":"sample"}
{"channel":"gsr","display":3767.2,"mu":0,"quality":"OK","raw":3767.2,"sigma":10,"state":"IDLE","t":"2026-07-16T10:33:53.940097Z","type":"sample"}
{"channel":"rr","display":53.191489361702125,"mu":0,"quality":"OUT_OF_RANGE","raw":1909.6,"sigma":1.5,"state":"IDLE","t":"2026-07-16T10:33:53.9482646Z","type":"sample"}
{"channel":"rr","display":53.191489361702125,"mu":0,"quality":"OUT_OF_RANGE","raw":1909.1,"sigma":1.5,"state":"IDLE","t":"2026-07-16T10:33:53.9878707Z","type":"sample"}
{"channel":"rr","display":53.191489361702125,"mu":0,"quality":"OUT_OF_RANGE","raw":1909.5,"sigma":1.5,"state":"IDLE","t":"2026-07-16T10:33:54.0313239Z","type":"sample"}
{"channel":"gsr","display":3770,"mu":0,"quality":"OK","raw":3770,"sigma":10,"state":"IDLE","t":"2026-07-16T10:33:54.0376993Z","type":"sample"}
{"channel":"rr","display":53.191489361702125,"mu":0,"quality":"OUT_OF_RANGE","raw":1909.9,"sigma":1.5,"state":"IDLE","t":"2026-07-16T10:33:54.0691889Z","type":"sample"}
{"channel":"rr","display":53.191489361702125,"mu":0,"quality":"OUT_OF_RANGE","raw":1910.8,"sigma":1.5,"state":"IDLE","t":"2026-07-16T10:33:54.1110949Z","type":"sample"}
{"channel":"gsr","display":3774.8,"mu":0,"quality":"OK","raw":3774.8,"sigma":10,"state":"IDLE","t":"2026-07-16T10:33:54.1400628Z","type":"sample"}
{"channel":"rr","display":53.191489361702125,"mu":0,"quality":"OUT_OF_RANGE","raw":1910.4,"sigma":1.5,"state":"IDLE","t":"2026-07-16T10:33:54.151971Z","type":"sample"}
{"channel":"rr","display":53.191489361702125,"mu":0,"quality":"OUT_OF_RANGE","raw":1909.6,"sigma":1.5,"state":"IDLE","t":"2026-07-16T10:33:54.1918433Z","type":"sample"}
{"channel":"rr","display":53.191489361702125,"mu":0,"quality":"OUT_OF_RANGE","raw":1909.4,"sigma":1.5,"state":"IDLE","t":"2026-07-16T10:33:54.2316584Z","type":"sample"}
{"channel":"gsr","display":3775.5,"mu":0,"quality":"OK","raw":3775.5,"sigma":10,"state":"IDLE","t":"2026-07-16T10:33:54.2391946Z","type":"sample"}
{"channel":"hr","display":0,"mu":0,"quality":"OUT_OF_RANGE","raw":83,"sigma":3,"state":"IDLE","t":"2026-07-16T10:33:54.2413608Z","type":"sample"}
{"channel":"rr","display":53.191489361702125,"mu":0,"quality":"OUT_OF_RANGE","raw":1909.6,"sigma":1.5,"state":"IDLE","t":"2026-07-16T10:33:54.2719819Z","type":"sample"}
{"channel":"rr","display":53.191489361702125,"mu":0,"quality":"OUT_OF_RANGE","raw":1910.2,"sigma":1.5,"state":"IDLE","t":"2026-07-16T10:33:54.3119827Z","type":"sample"}
{"channel":"gsr","display":3778.7,"mu":0,"quality":"OK","raw":3778.7,"sigma":10,"state":"IDLE","t":"2026-07-16T10:33:54.3401529Z","type":"sample"}
{"address":"/cue/p/start","args":null,"channel":"system","dir":"out","t":"2026-07-16T10:33:54.3452556Z","type":"osc"}
{"channel":"rr","display":53.191489361702125,"mu":0,"quality":"OUT_OF_RANGE","raw":1909.8,"sigma":1.5,"state":"IDLE","t":"2026-07-16T10:33:54.351934Z","type":"sample"}
{"channel":"rr","display":53.191489361702125,"mu":0,"quality":"OUT_OF_RANGE","raw":1909.4,"sigma":1.5,"state":"IDLE","t":"2026-07-16T10:33:54.3919914Z","type":"sample"}
{"channel":"rr","display":53.191489361702125,"mu":0,"quality":"OUT_OF_RANGE","raw":1910.8,"sigma":1.5,"state":"IDLE","t":"2026-07-16T10:33:54.4319833Z","type":"sample"}
{"channel":"gsr","display":3778.9,"mu":0,"quality":"OK","raw":3778.9,"sigma":10,"state":"IDLE","t":"2026-07-16T10:33:54.440995Z","type":"sample"}
{"channel":"rr","display":53.191489361702125,"mu":0,"quality":"OUT_OF_RANGE","raw":1909.7,"sigma":1.5,"state":"IDLE","t":"2026-07-16T10:33:54.4719629Z","type":"sample"}
{"channel":"rr","display":53.191489361702125,"mu":0,"quality":"OUT_OF_RANGE","raw":1910.1,"sigma":1.5,"state":"IDLE","t":"2026-07-16T10:33:54.5100808Z","type":"sample"}
{"channel":"gsr","display":3786.4,"mu":0,"quality":"OK","raw":3786.4,"sigma":10,"state":"IDLE","t":"2026-07-16T10:33:54.5401775Z","type":"sample"}
{"channel":"rr","display":53.191489361702125,"mu":0,"quality":"OUT_OF_RANGE","raw":1910.2,"sigma":1.5,"state":"IDLE","t":"2026-07-16T10:33:54.5484652Z","type":"sample"}
{"channel":"rr","display":53.191489361702125,"mu":0,"quality":"OUT_OF_RANGE","raw":1909.4,"sigma":1.5,"state":"IDLE","t":"2026-07-16T10:33:54.5919617Z","type":"sample"}
{"channel":"rr","display":53.191489361702125,"mu":0,"quality":"OUT_OF_RANGE","raw":1909.1,"sigma":1.5,"state":"IDLE","t":"2026-07-16T10:33:54.6310921Z","type":"sample"}
{"channel":"gsr","display":3783.7,"mu":0,"quality":"OK","raw":3783.7,"sigma":10,"state":"IDLE","t":"2026-07-16T10:33:54.6388475Z","type":"sample"}
{"channel":"rr","display":53.191489361702125,"mu":0,"quality":"OUT_OF_RANGE","raw":1908.9,"sigma":1.5,"state":"IDLE","t":"2026-07-16T10:33:54.6660887Z","type":"sample"}
{"channel":"rr","display":53.191489361702125,"mu":0,"quality":"OUT_OF_RANGE","raw":1907.8,"sigma":1.5,"state":"IDLE","t":"2026-07-16T10:33:54.7115124Z","type":"sample"}
