{"addr":":5000","channel":"system","event":"listener_start","t":"2026-07-16T10:47:58.4467329Z","type":"event"}
{"addr":":8765","channel":"system","event":"osc_listening","t":"2026-07-16T10:47:58.5079632Z","type":"event"}
{"address":"/cue/p/start","args":null,"channel":"system","dir":"out","t":"2026-07-16T10:47:59.5213664Z","type":"osc"}
{"channel":"system","event":"connected","remote":"192.168.50.139:51269","t":"2026-07-16T10:47:59.7623536Z","type":"event"}
{"channel":"gsr","event":"quality_change","quality":"OK","t":"2026-07-16T10:47:59.7715401Z","type":"event"}
{"channel":"gsr","display":2264.2,"mu":0,"quality":"OK","raw":2264.2,"sigma":10,"state":"IDLE","t":"2026-07-16T10:47:59.7715401Z","type":"sample"}
{"channel":"rr","event":"quality_change","quality":"STUCK","t":"2026-07-16T10:47:59.7812532Z","type":"event"}
{"channel":"rr","display":0,"mu":0,"quality":"STUCK","raw":1752.6,"sigma":1.5,"state":"IDLE","t":"2026-07-16T10:47:59.7812532Z","type":"sample"}
{"channel":"hr","event":"quality_change","quality":"OUT_OF_RANGE","t":"2026-07-16T10:47:59.7812532Z","type":"event"}
{"channel":"hr","display":0,"mu":0,"quality":"OUT_OF_RANGE","raw":0,"sigma":3,"state":"IDLE","t":"2026-07-16T10:47:59.7812532Z","type":"sample"}
{"address":"/cue/g1/start","args":null,"channel":"system","dir":"out","t":"2026-07-16T10:47:59.8146673Z","type":"osc"}
{"channel":"rr","display":0,"mu":0,"quality":"STUCK","raw":1752.5,"sigma":1.5,"state":"IDLE","t":"2026-07-16T10:47:59.8157413Z","type":"sample"}
{"channel":"rr","display":0,"mu":0,"quality":"STUCK","raw":1752.9,"sigma":1.5,"state":"IDLE","t":"2026-07-16T10:47:59.8555617Z","type":"sample"}
{"channel":"gsr","display":2270.2,"mu":0,"quality":"OK","raw":2270.2,"sigma":10,"state":"IDLE","t":"2026-07-16T10:47:59.8706057Z","type":"sample"}
{"channel":"rr","display":0,"mu":0,"quality":"STUCK","raw":1753.4,"sigma":1.5,"state":"IDLE","t":"2026-07-16T10:47:59.8947149Z","type":"sample"}
{"channel":"rr","display":0,"mu":0,"quality":"STUCK","raw":1752.8,"sigma":1.5,"state":"IDLE","t":"2026-07-16T10:47:59.9353213Z","type":"sample"}
{"channel":"gsr","display":2275.8,"mu":0,"quality":"OK","raw":2275.8,"sigma":10,"state":"IDLE","t":"2026-07-16T10:47:59.9707097Z","type":"sample"}
{"channel":"rr","display":0,"mu":0,"quality":"STUCK","raw":1752.4,"sigma":1.5,"state":"IDLE","t":"2026-07-16T10:47:59.9748343Z","type":"sample"}
{"channel":"rr","display":0,"mu":0,"quality":"STUCK","raw":1752.5,"sigma":1.5,"state":"IDLE","t":"2026-07-16T10:48:00.0149701Z","type":"sample"}
{"channel":"rr","display":0,"mu":0,"quality":"STUCK","raw":1753.1,"sigma":1.5,"state":"IDLE","t":"2026-07-16T10:48:00.0547376Z","type":"sample"}
{"channel":"gsr","display":2284.4,"mu":0,"quality":"OK","raw":2284.4,"sigma":10,"state":"IDLE","t":"2026-07-16T10:48:00.0708439Z","type":"sample"}
{"channel":"rr","display":0,"mu":0,"quality":"STUCK","raw":1753.8,"sigma":1.5,"state":"IDLE","t":"2026-07-16T10:48:00.0948695Z","type":"sample"}
{"channel":"rr","display":0,"mu":0,"quality":"STUCK","raw":1752.9,"sigma":1.5,"state":"IDLE","t":"2026-07-16T10:48:00.1354813Z","type":"sample"}
{"channel":"gsr","display":2290.5,"mu":0,"quality":"OK","raw":2290.5,"sigma":10,"state":"IDLE","t":"2026-07-16T10:48:00.1680854Z","type":"sample"}
{"channel":"rr","display":0,"mu":0,"quality":"STUCK","raw":1753.2,"sigma":1.5,"state":"IDLE","t":"2026-07-16T10:48:00.1748244Z","type":"sample"}
{"channel":"rr","display":0,"mu":0,"quality":"STUCK","raw":1752.6,"sigma":1.5,"state":"IDLE","t":"2026-07-16T10:48:00.2156097Z","type":"sample"}
{"channel":"rr","display":0,"mu":0,"quality":"STUCK","raw":1754,"sigma":1.5,"state":"IDLE","t":"2026-07-16T10:48:00.2547398Z","type":"sample"}
{"channel":"gsr","display":2303,"mu":0,"quality":"OK","raw":2303,"sigma":10,"state":"IDLE","t":"2026-07-16T10:48:00.2703367Z","type":"sample"}
{"channel":"hr","display":0,"mu":0,"quality":"OUT_OF_RANGE","raw":0,"sigma":3,"state":"IDLE","t":"2026-07-16T10:48:00.2766639Z","type":"sample"}
{"channel":"rr","display":0,"mu":0,"quality":"STUCK","raw":1752.9,"sigma":1.5,"state":"IDLE","t":"2026-07-16T10:48:00.2956611Z","type":"sample"}
{"channel":"rr","display":0,"mu":0,"quality":"STUCK","raw":1753.6,"sigma":1.5,"state":"IDLE","t":"2026-07-16T10:48:00.3358291Z","type":"sample"}
{"channel":"gsr","display":2313.9,"mu":0,"quality":"OK","raw":2313.9,"sigma":10,"state":"IDLE","t":"2026-07-16T10:48:00.370708Z","type":"sample"}
{"channel":"rr","display":0,"mu":0,"quality":"STUCK","raw":1753.1,"sigma":1.5,"state":"IDLE","t":"2026-07-16T10:48:00.3749345Z","type":"sample"}
{"channel":"rr","display":0,"mu":0,"quality":"STUCK","raw":1753.8,"sigma":1.5,"state":"IDLE","t":"2026-07-16T10:48:00.4159166Z","type":"sample"}
{"channel":"rr","display":0,"mu":0,"quality":"STUCK","raw":1753.9,"sigma":1.5,"state":"IDLE","t":"2026-07-16T10:48:00.4550614Z","type":"sample"}
{"channel":"gsr","display":2317.4,"mu":0,"quality":"OK","raw":2317.4,"sigma":10,"state":"IDLE","t":"2026-07-16T10:48:00.4711058Z","type":"sample"}
{"channel":"rr","display":0,"mu":0,"quality":"STUCK","raw":1754,"sigma":1.5,"state":"IDLE","t":"2026-07-16T10:48:00.4954383Z","type":"sample"}
{"address":"/cue/p/start","args":null,"channel":"system","dir":"out","t":"2026-07-16T10:48:00.5095257Z","type":"osc"}
{"channel":"rr","display":0,"mu":0,"quality":"STUCK","raw":1753.4,"sigma":1.5,"state":"IDLE","t":"2026-07-16T10:48:00.5347198Z","type":"sample"}
{"channel":"gsr","display":2324.6,"mu":0,"quality":"OK","raw":2324.6,"sigma":10,"state":"IDLE","t":"2026-07-16T10:48:00.5705415Z","type":"sample"}
{"channel":"rr","display":0,"mu":0,"quality":"STUCK","raw":1752.6,"sigma":1.5,"state":"IDLE","t":"2026-07-16T10:48:00.5746206Z","type":"sample"}
{"channel":"rr","display":0,"mu":0,"quality":"STUCK","raw":1753.2,"sigma":1.5,"state":"IDLE","t":"2026-07-16T10:48:00.6149755Z","type":"sample"}
{"channel":"rr","display":0,"mu":0,"quality":"STUCK","raw":1752.4,"sigma":1.5,"state":"IDLE","t":"2026-07-16T10:48:00.6546888Z","type":"sample"}
{"channel":"gsr","display":2332.6,"mu":0,"quality":"OK","raw":2332.6,"sigma":10,"state":"IDLE","t":"2026-07-16T10:48:00.6696773Z","type":"sample"}
{"channel":"rr","display":0,"mu":0,"quality":"STUCK","raw":1754.6,"sigma":1.5,"state":"IDLE","t":"2026-07-16T10:48:00.6948109Z","type":"sample"}
{"channel":"rr","display":0,"mu":0,"quality":"STUCK","raw":1753.4,"sigma":1.5,"state":"IDLE","t":"2026-07-16T10:48:00.7352427Z","type":"sample"}
{"channel":"gsr","display":2340.6,"mu":0,"quality":"OK","raw":2340.6,"sigma":10,"state":"IDLE","t":"2026-07-16T10:48:00.7675253Z","type":"sample"}
{"channel":"rr","display":0,"mu":0,"quality":"STUCK","raw":1752.8,"sigma":1.5,"state":"IDLE","t":"2026-07-16T10:48:00.7745929Z","type":"sample"}
{"channel":"hr","display":0,"mu":0,"quality":"OUT_OF_RANGE","raw":0,"sigma":3,"state":"IDLE","t":"2026-07-16T10:48:00.7761122Z","type":"sample"}
{"channel":"rr","display":0,"mu":0,"quality":"STUCK","raw":1753.3,"sigma":1.5,"state":"IDLE","t":"2026-07-16T10:48:00.8148011Z","type":"sample"}
{"address":"/cue/g1/start","args":null,"channel":"system","dir":"out","t":"2026-07-16T10:48:00.8210626Z","type":"osc"}
{"channel":"rr","display":0,"mu":0,"quality":"STUCK","raw":1753,"sigma":1.5,"state":"IDLE","t":"2026-07-16T10:48:00.8549346Z","type":"sample"}
{"channel":"gsr","display":2348.6,"mu":0,"quality":"OK","raw":2348.6,"sigma":10,"state":"IDLE","t":"2026-07-16T10:48:00.8703654Z","type":"sample"}
{"channel":"rr","display":0,"mu":0,"quality":"STUCK","raw":1752.3,"sigma":1.5,"state":"IDLE","t":"2026-07-16T10:48:00.8950199Z","type":"sample"}
{"channel":"rr","display":0,"mu":0,"quality":"STUCK","raw":1751.8,"sigma":1.5,"state":"IDLE","t":"2026-07-16T10:48:00.9346135Z","type":"sample"}
{"channel":"gsr","display":2354.9,"mu":0,"quality":"OK","raw":2354.9,"sigma":10,"state":"IDLE","t":"2026-07-16T10:48:00.9679579Z","type":"sample"}
{"channel":"rr","display":0,"mu":0,"quality":"STUCK","raw":1752.4,"sigma":1.5,"state":"IDLE","t":"2026-07-16T10:48:00.9750613Z","type":"sample"}
{"channel":"rr","display":0,"mu":0,"quality":"STUCK","raw":1752.5,"sigma":1.5,"state":"IDLE","t":"2026-07-16T10:48:01.0145904Z","type":"sample"}
{"channel":"rr","display":0,"mu":0,"quality":"STUCK","raw":1753.1,"sigma":1.5,"state":"IDLE","t":"2026-07-16T10:48:01.0552022Z","type":"sample"}
{"channel":"gsr","display":2356.5,"mu":0,"quality":"OK","raw":2356.5,"sigma":10,"state":"IDLE","t":"2026-07-16T10:48:01.0703297Z","type":"sample"}
{"channel":"rr","display":0,"mu":0,"quality":"STUCK","raw":1754.2,"sigma":1.5,"state":"IDLE","t":"2026-07-16T10:48:01.0949776Z","type":"sample"}
{"channel":"rr","display":0,"mu":0,"quality":"STUCK","raw":1753.6,"sigma":1.5,"state":"IDLE","t":"2026-07-16T10:48:01.134579Z","type":"sample"}
{"channel":"gsr","display":2368,"mu":0,"quality":"OK","raw":2368,"sigma":10,"state":"IDLE","t":"2026-07-16T10:48:01.1695901Z","type":"sample"}
{"channel":"rr","display":0,"mu":0,"quality":"STUCK","raw":1752.8,"sigma":1.5,"state":"IDLE","t":"2026-07-16T10:48:01.1745959Z","type":"sample"}
{"channel":"rr","display":0,"mu":0,"quality":"STUCK","raw":1753,"sigma":1.5,"state":"IDLE","t":"2026-07-16T10:48:01.21512Z","type":"sample"}
{"channel":"rr","display":0,"mu":0,"quality":"STUCK","raw":1753.6,"sigma":1.5,"state":"IDLE","t":"2026-07-16T10:48:01.2549012Z","type":"sample"}
{"channel":"gsr","display":2374.8,"mu":0,"quality":"OK","raw":2374.8,"sigma":10,"state":"IDLE","t":"2026-07-16T10:48:01.2701067Z","type":"sample"}
{"channel":"hr","display":0,"mu":0,"quality":"OUT_OF_RANGE","raw":0,"sigma":3,"state":"IDLE","t":"2026-07-16T10:48:01.2756736Z","type":"sample"}
{"channel":"rr","display":0,"mu":0,"quality":"STUCK","raw":1753.1,"sigma":1.5,"state":"IDLE","t":"2026-07-16T10:48:01.2946729Z","type":"sample"}
{"channel":"rr","display":0,"mu":0,"quality":"STUCK","raw":1753.8,"sigma":1.5,"state":"IDLE","t":"2026-07-16T10:48:01.3350034Z","type":"sample"}
{"channel":"gsr","display":2382.6,"mu":0,"quality":"OK","raw":2382.6,"sigma":10,"state":"IDLE","t":"2026-07-16T10:48:01.367637Z","type":"sample"}
{"channel":"rr","display":0,"mu":0,"quality":"STUCK","raw":1753.5,"sigma":1.5,"state":"IDLE","t":"2026-07-16T10:48:01.3746747Z","type":"sample"}
{"channel":"rr","display":0,"mu":0,"quality":"STUCK","raw":1753.3,"sigma":1.5,"state":"IDLE","t":"2026-07-16T10:48:01.4146215Z","type":"sample"}
{"channel":"rr","display":0,"mu":0,"quality":"STUCK","raw":1752.9,"sigma":1.5,"state":"IDLE","t":"2026-07-16T10:48:01.4553073Z","type":"sample"}
{"channel":"gsr","display":2387.8,"mu":0,"quality":"OK","raw":2387.8,"sigma":10,"state":"IDLE","t":"2026-07-16T10:48:01.4664433Z","type":"sample"}
{"channel":"rr","display":0,"mu":0,"quality":"STUCK","raw":1753.5,"sigma":1.5,"state":"IDLE","t":"2026-07-16T10:48:01.4946197Z","type":"sample"}
{"address":"/cue/p/start","args":null,"channel":"system","dir":"out","t":"2026-07-16T10:48:01.509101Z","type":"osc"}
{"channel":"rr","display":0,"mu":0,"quality":"STUCK","raw":1753.3,"sigma":1.5,"state":"IDLE","t":"2026-07-16T10:48:01.5347743Z","type":"sample"}
{"channel":"gsr","display":2391.7,"mu":0,"quality":"OK","raw":2391.7,"sigma":10,"state":"IDLE","t":"2026-07-16T10:48:01.5678176Z","type":"sample"}
{"channel":"rr","display":0,"mu":0,"quality":"STUCK","raw":1753.7,"sigma":1.5,"state":"IDLE","t":"2026-07-16T10:48:01.575038Z","type":"sample"}
{"channel":"rr","display":0,"mu":0,"quality":"STUCK","raw":1753,"sigma":1.5,"state":"IDLE","t":"2026-07-16T10:48:01.6149957Z","type":"sample"}
{"channel":"rr","display":0,"mu":0,"quality":"STUCK","raw":1753.2,"sigma":1.5,"state":"IDLE","t":"2026-07-16T10:48:01.6551315Z","type":"sample"}
{"channel":"gsr","display":2396.6,"mu":0,"quality":"OK","raw":2396.6,"sigma":10,"state":"IDLE","t":"2026-07-16T10:48:01.6696696Z","type":"sample"}
{"channel":"rr","display":0,"mu":0,"quality":"STUCK","raw":1753.5,"sigma":1.5,"state":"IDLE","t":"2026-07-16T10:48:01.6946119Z","type":"sample"}
{"channel":"rr","display":0,"mu":0,"quality":"STUCK","raw":1753.9,"sigma":1.5,"state":"IDLE","t":"2026-07-16T10:48:01.7346809Z","type":"sample"}
{"channel":"gsr","display":2399.8,"mu":0,"quality":"OK","raw":2399.8,"sigma":10,"state":"IDLE","t":"2026-07-16T10:48:01.7675788Z","type":"sample"}
{"channel":"rr","display":0,"mu":0,"quality":"STUCK","raw":1753.8,"sigma":1.5,"state":"IDLE","t":"2026-07-16T10:48:01.7746753Z","type":"sample"}
{"channel":"hr","display":0,"mu":0,"quality":"OUT_OF_RANGE","raw":0,"sigma":3,"state":"IDLE","t":"2026-07-16T10:48:01.7762069Z","type":"sample"}
{"channel":"rr","display":0,"mu":0,"quality":"STUCK","raw":1753.1,"sigma":1.5,"state":"IDLE","t":"2026-07-16T10:48:01.814606Z","type":"sample"}
{"address":"/cue/g1/start","args":null,"channel":"system","dir":"out","t":"2026-07-16T10:48:01.8270604Z","type":"osc"}
{"channel":"rr","event":"quality_change","quality":"OK","t":"2026-07-16T10:48:01.8549671Z","type":"event"}
{"channel":"rr","display":0,"mu":0,"quality":"OK","raw":1753.6,"sigma":1.5,"state":"IDLE","t":"2026-07-16T10:48:01.8549671Z","type":"sample"}
{"channel":"gsr","display":2407.1,"mu":0,"quality":"OK","raw":2407.1,"sigma":10,"state":"IDLE","t":"2026-07-16T10:48:01.8683352Z","type":"sample"}
{"channel":"rr","display":0,"mu":0,"quality":"OK","raw":1753.2,"sigma":1.5,"state":"IDLE","t":"2026-07-16T10:48:01.8954523Z","type":"sample"}
{"address":"/cue/r1/start","args":null,"channel":"system","dir":"out","t":"2026-07-16T10:48:01.9285673Z","type":"osc"}
{"channel":"rr","display":0,"mu":0,"quality":"OK","raw":1752.9,"sigma":1.5,"state":"IDLE","t":"2026-07-16T10:48:01.9346892Z","type":"sample"}
{"channel":"gsr","display":2408.2,"mu":0,"quality":"OK","raw":2408.2,"sigma":10,"state":"IDLE","t":"2026-07-16T10:48:01.9689061Z","type":"sample"}
{"channel":"rr","display":0,"mu":0,"quality":"OK","raw":1754.1,"sigma":1.5,"state":"IDLE","t":"2026-07-16T10:48:01.9745822Z","type":"sample"}
{"channel":"rr","display":0,"mu":0,"quality":"OK","raw":1752.6,"sigma":1.5,"state":"IDLE","t":"2026-07-16T10:48:02.0151389Z","type":"sample"}
{"channel":"rr","display":0,"mu":0,"quality":"OK","raw":1753.1,"sigma":1.5,"state":"IDLE","t":"2026-07-16T10:48:02.0546998Z","type":"sample"}
{"channel":"gsr","display":2413.3,"mu":0,"quality":"OK","raw":2413.3,"sigma":10,"state":"IDLE","t":"2026-07-16T10:48:02.066715Z","type":"sample"}
{"channel":"rr","display":0,"mu":0,"quality":"OK","raw":1753.8,"sigma":1.5,"state":"IDLE","t":"2026-07-16T10:48:02.0949752Z","type":"sample"}
{"channel":"rr","display":0,"mu":0,"quality":"OK","raw":1753.3,"sigma":1.5,"state":"IDLE","t":"2026-07-16T10:48:02.1347529Z","type":"sample"}
{"channel":"gsr","display":2417.8,"mu":0,"quality":"OK","raw":2417.8,"sigma":10,"state":"IDLE","t":"2026-07-16T10:48:02.1703817Z","type":"sample"}
{"channel":"rr","display":0,"mu":0,"quality":"OK","raw":1753.2,"sigma":1.5,"state":"IDLE","t":"2026-07-16T10:48:02.1746485Z","type":"sample"}
{"channel":"rr","display":0,"mu":0,"quality":"OK","raw":1753.3,"sigma":1.5,"state":"IDLE","t":"2026-07-16T10:48:02.2150745Z","type":"sample"}
{"channel":"rr","display":0,"mu":0,"quality":"OK","raw":1753,"sigma":1.5,"state":"IDLE","t":"2026-07-16T10:48:02.2546192Z","type":"sample"}
{"channel":"gsr","display":2422.1,"mu":0,"quality":"OK","raw":2422.1,"sigma":10,"state":"IDLE","t":"2026-07-16T10:48:02.2703453Z","type":"sample"}
{"channel":"hr","display":0,"mu":0,"quality":"OUT_OF_RANGE","raw":0,"sigma":3,"state":"IDLE","t":"2026-07-16T10:48:02.2757037Z","type":"sample"}
{"channel":"rr","display":0,"mu":0,"quality":"OK","raw":1752.3,"sigma":1.5,"state":"IDLE","t":"2026-07-16T10:48:02.2945964Z","type":"sample"}
{"channel":"rr","display":0,"mu":0,"quality":"OK","raw":1753.1,"sigma":1.5,"state":"IDLE","t":"2026-07-16T10:48:02.3347515Z","type":"sample"}
{"channel":"gsr","display":2426.1,"mu":0,"quality":"OK","raw":2426.1,"sigma":10,"state":"IDLE","t":"2026-07-16T10:48:02.3675628Z","type":"sample"}
{"channel":"rr","display":0,"mu":0,"quality":"OK","raw":1752.8,"sigma":1.5,"state":"IDLE","t":"2026-07-16T10:48:02.374614Z","type":"sample"}
{"channel":"rr","display":0,"mu":0,"quality":"OK","raw":1752.5,"sigma":1.5,"state":"IDLE","t":"2026-07-16T10:48:02.4154298Z","type":"sample"}
{"channel":"rr","display":0,"mu":0,"quality":"OK","raw":1752.7,"sigma":1.5,"state":"IDLE","t":"2026-07-16T10:48:02.4551086Z","type":"sample"}
{"channel":"gsr","display":2430.2,"mu":0,"quality":"OK","raw":2430.2,"sigma":10,"state":"IDLE","t":"2026-07-16T10:48:02.4703234Z","type":"sample"}
{"channel":"rr","display":0,"mu":0,"quality":"OK","raw":1753,"sigma":1.5,"state":"IDLE","t":"2026-07-16T10:48:02.49457Z","type":"sample"}
{"address":"/cue/p/start","args":null,"channel":"system","dir":"out","t":"2026-07-16T10:48:02.5096077Z","type":"osc"}
{"channel":"rr","display":0,"mu":0,"quality":"OK","raw":1753.2,"sigma":1.5,"state":"IDLE","t":"2026-07-16T10:48:02.5347695Z","type":"sample"}
{"channel":"gsr","display":2436.4,"mu":0,"quality":"OK","raw":2436.4,"sigma":10,"state":"IDLE","t":"2026-07-16T10:48:02.5688683Z","type":"sample"}
{"channel":"rr","display":0,"mu":0,"quality":"OK","raw":1753.5,"sigma":1.5,"state":"IDLE","t":"2026-07-16T10:48:02.5751729Z","type":"sample"}
{"channel":"rr","display":0,"mu":0,"quality":"OK","raw":1752.9,"sigma":1.5,"state":"IDLE","t":"2026-07-16T10:48:02.6150553Z","type":"sample"}
{"channel":"rr","display":0,"mu":0,"quality":"OK","raw":1752.8,"sigma":1.5,"state":"IDLE","t":"2026-07-16T10:48:02.6546279Z","type":"sample"}
{"channel":"gsr","display":2442.2,"mu":0,"quality":"OK","raw":2442.2,"sigma":10,"state":"IDLE","t":"2026-07-16T10:48:02.670393Z","type":"sample"}
{"channel":"rr","display":0,"mu":0,"quality":"OK","raw":1753.2,"sigma":1.5,"state":"IDLE","t":"2026-07-16T10:48:02.6947301Z","type":"sample"}
{"channel":"rr","display":0,"mu":0,"quality":"OK","raw":1752.4,"sigma":1.5,"state":"IDLE","t":"2026-07-16T10:48:02.7346198Z","type":"sample"}
{"channel":"gsr","display":2439.6,"mu":0,"quality":"OK","raw":2439.6,"sigma":10,"state":"IDLE","t":"2026-07-16T10:48:02.7703754Z","type":"sample"}
{"channel":"rr","display":0,"mu":0,"quality":"OK","raw":1753.1,"sigma":1.5,"state":"IDLE","t":"2026-07-16T10:48:02.7745971Z","type":"sample"}
{"channel":"hr","display":0,"mu":0,"quality":"OUT_OF_RANGE","raw":0,"sigma":3,"state":"IDLE","t":"2026-07-16T10:48:02.7761447Z","type":"sample"}
{"channel":"rr","display":0,"mu":0,"quality":"OK","raw":1751.8,"sigma":1.5,"state":"IDLE","t":"2026-07-16T10:48:02.8147134Z","type":"sample"}
{"address":"/cue/g1/start","args":null,"channel":"system","dir":"out","t":"2026-07-16T10:48:02.8334252Z","type":"osc"}
{"channel":"rr","display":0,"mu":0,"quality":"OK","raw":1750.7,"sigma":1.5,"state":"IDLE","t":"2026-07-16T10:48:02.8549935Z","type":"sample"}
{"channel":"gsr","display":2449.3,"mu":0,"quality":"OK","raw":2449.3,"sigma":10,"state":"IDLE","t":"2026-07-16T10:48:02.8704665Z","type":"sample"}
{"channel":"rr","display":0,"mu":0,"quality":"OK","raw":1752.7,"sigma":1.5,"state":"IDLE","t":"2026-07-16T10:48:02.8945891Z","type":"sample"}
{"channel":"rr","display":0,"mu":0,"quality":"OK","raw":1752.3,"sigma":1.5,"state":"IDLE","t":"2026-07-16T10:48:02.9352677Z","type":"sample"}
{"address":"/cue/r1/start","args":null,"channel":"system","dir":"out","t":"2026-07-16T10:48:02.9363293Z","type":"osc"}
{"channel":"gsr","display":2452.5,"mu":0,"quality":"OK","raw":2452.5,"sigma":10,"state":"IDLE","t":"2026-07-16T10:48:02.9704933Z","type":"sample"}
{"channel":"rr","display":0,"mu":0,"quality":"OK","raw":1752.3,"sigma":1.5,"state":"IDLE","t":"2026-07-16T10:48:02.9745859Z","type":"sample"}
{"channel":"rr","display":0,"mu":0,"quality":"OK","raw":1752.7,"sigma":1.5,"state":"IDLE","t":"2026-07-16T10:48:03.0148878Z","type":"sample"}
{"channel":"rr","display":0,"mu":0,"quality":"OK","raw":1752.7,"sigma":1.5,"state":"IDLE","t":"2026-07-16T10:48:03.054988Z","type":"sample"}
{"channel":"gsr","display":2457,"mu":0,"quality":"OK","raw":2457,"sigma":10,"state":"IDLE","t":"2026-07-16T10:48:03.0703153Z","type":"sample"}
{"channel":"rr","display":0,"mu":0,"quality":"OK","raw":1752.6,"sigma":1.5,"state":"IDLE","t":"2026-07-16T10:48:03.0949022Z","type":"sample"}
{"channel":"rr","display":0,"mu":0,"quality":"OK","raw":1753,"sigma":1.5,"state":"IDLE","t":"2026-07-16T10:48:03.1348855Z","type":"sample"}
{"channel":"gsr","display":2462,"mu":0,"quality":"OK","raw":2462,"sigma":10,"state":"IDLE","t":"2026-07-16T10:48:03.1682189Z","type":"sample"}
{"channel":"rr","display":45.45454545454545,"mu":0,"quality":"OK","raw":1753.4,"sigma":1.5,"state":"IDLE","t":"2026-07-16T10:48:03.1745809Z","type":"sample"}
{"channel":"rr","display":45.45454545454545,"mu":0,"quality":"OK","raw":1753.1,"sigma":1.5,"state":"IDLE","t":"2026-07-16T10:48:03.2151003Z","type":"sample"}
{"channel":"rr","display":45.45454545454545,"mu":0,"quality":"OK","raw":1752.8,"sigma":1.5,"state":"IDLE","t":"2026-07-16T10:48:03.2551378Z","type":"sample"}
{"channel":"gsr","display":2466.9,"mu":0,"quality":"OK","raw":2466.9,"sigma":10,"state":"IDLE","t":"2026-07-16T10:48:03.2694007Z","type":"sample"}
{"channel":"hr","display":0,"mu":0,"quality":"OUT_OF_RANGE","raw":0,"sigma":3,"state":"IDLE","t":"2026-07-16T10:48:03.2755837Z","type":"sample"}
{"channel":"rr","display":45.45454545454545,"mu":0,"quality":"OK","raw":1752.8,"sigma":1.5,"state":"IDLE","t":"2026-07-16T10:48:03.2948539Z","type":"sample"}
{"channel":"rr","display":45.45454545454545,"mu":0,"quality":"OK","raw":1752.8,"sigma":1.5,"state":"IDLE","t":"2026-07-16T10:48:03.3355767Z","type":"sample"}
{"channel":"gsr","display":2470,"mu":0,"quality":"OK","raw":2470,"sigma":10,"state":"IDLE","t":"2026-07-16T10:48:03.3706109Z","type":"sample"}
{"channel":"rr","display":45.45454545454545,"mu":0,"quality":"OK","raw":1753.1,"sigma":1.5,"state":"IDLE","t":"2026-07-16T10:48:03.3746923Z","type":"sample"}
{"channel":"rr","display":45.45454545454545,"mu":0,"quality":"OK","raw":1752.1,"sigma":1.5,"state":"IDLE","t":"2026-07-16T10:48:03.4151893Z","type":"sample"}
{"channel":"rr","display":45.45454545454545,"mu":0,"quality":"OK","raw":1751.9,"sigma":1.5,"state":"IDLE","t":"2026-07-16T10:48:03.4551574Z","type":"sample"}
{"channel":"gsr","display":2476.8,"mu":0,"quality":"OK","raw":2476.8,"sigma":10,"state":"IDLE","t":"2026-07-16T10:48:03.4703163Z","type":"sample"}
{"channel":"rr","display":45.45454545454545,"mu":0,"quality":"OK","raw":1752.8,"sigma":1.5,"state":"IDLE","t":"2026-07-16T10:48:03.4945962Z","type":"sample"}
{"address":"/cue/p/start","args":null,"channel":"system","dir":"out","t":"2026-07-16T10:48:03.5095667Z","type":"osc"}
{"channel":"rr","display":45.45454545454545,"mu":0,"quality":"OK","raw":1752.8,"sigma":1.5,"state":"IDLE","t":"2026-07-16T10:48:03.5346508Z","type":"sample"}
{"channel":"gsr","display":2480.8,"mu":0,"quality":"OK","raw":2480.8,"sigma":10,"state":"IDLE","t":"2026-07-16T10:48:03.5689165Z","type":"sample"}
{"channel":"rr","display":45.45454545454545,"mu":0,"quality":"OK","raw":1753.3,"sigma":1.5,"state":"IDLE","t":"2026-07-16T10:48:03.5746838Z","type":"sample"}
{"channel":"rr","display":45.45454545454545,"mu":0,"quality":"OK","raw":1752.5,"sigma":1.5,"state":"IDLE","t":"2026-07-16T10:48:03.6146009Z","type":"sample"}
{"channel":"rr","display":45.45454545454545,"mu":0,"quality":"OK","raw":1752.4,"sigma":1.5,"state":"IDLE","t":"2026-07-16T10:48:03.6550047Z","type":"sample"}
{"channel":"gsr","display":2491.2,"mu":0,"quality":"OK","raw":2491.2,"sigma":10,"state":"IDLE","t":"2026-07-16T10:48:03.6701201Z","type":"sample"}
{"channel":"rr","display":45.45454545454545,"mu":0,"quality":"OK","raw":1752.8,"sigma":1.5,"state":"IDLE","t":"2026-07-16T10:48:03.6947414Z","type":"sample"}
{"channel":"rr","display":45.45454545454545,"mu":0,"quality":"OK","raw":1753,"sigma":1.5,"state":"IDLE","t":"2026-07-16T10:48:03.7348935Z","type":"sample"}
{"channel":"gsr","display":2495.2,"mu":0,"quality":"OK","raw":2495.2,"sigma":10,"state":"IDLE","t":"2026-07-16T10:48:03.7682783Z","type":"sample"}
{"channel":"rr","display":45.45454545454545,"mu":0,"quality":"OK","raw":1753.3,"sigma":1.5,"state":"IDLE","t":"2026-07-16T10:48:03.7746335Z","type":"sample"}
{"channel":"hr","display":0,"mu":0,"quality":"OUT_OF_RANGE","raw":0,"sigma":3,"state":"IDLE","t":"2026-07-16T10:48:03.775656Z","type":"sample"}
{"channel":"rr","display":45.45454545454545,"mu":0,"quality":"OK","raw":1752,"sigma":1.5,"state":"IDLE","t":"2026-07-16T10:48:03.8151181Z","type":"sample"}
{"address":"/cue/g1/start","args":null,"channel":"system","dir":"out","t":"2026-07-16T10:48:03.8413057Z","type":"osc"}
{"channel":"rr","display":45.45454545454545,"mu":0,"quality":"OK","raw":1753.2,"sigma":1.5,"state":"IDLE","t":"2026-07-16T10:48:03.8547205Z","type":"sample"}
{"channel":"gsr","display":2500.5,"mu":0,"quality":"OK","raw":2500.5,"sigma":10,"state":"IDLE","t":"2026-07-16T10:48:03.870522Z","type":"sample"}
{"channel":"rr","display":45.45454545454545,"mu":0,"quality":"OK","raw":1752.6,"sigma":1.5,"state":"IDLE","t":"2026-07-16T10:48:03.8945882Z","type":"sample"}
{"channel":"rr","display":45.45454545454545,"mu":0,"quality":"OK","raw":1751.6,"sigma":1.5,"state":"IDLE","t":"2026-07-16T10:48:03.9349973Z","type":"sample"}
{"address":"/cue/r19/start","args":null,"channel":"system","dir":"out","t":"2026-07-16T10:48:03.9431378Z","type":"osc"}
{"channel":"gsr","display":2502.7,"mu":0,"quality":"OK","raw":2502.7,"sigma":10,"state":"IDLE","t":"2026-07-16T10:48:03.9683175Z","type":"sample"}
{"channel":"rr","display":45.45454545454545,"mu":0,"quality":"OK","raw":1752.4,"sigma":1.5,"state":"IDLE","t":"2026-07-16T10:48:03.9746138Z","type":"sample"}
{"channel":"rr","display":45.45454545454545,"mu":0,"quality":"OK","raw":1753,"sigma":1.5,"state":"IDLE","t":"2026-07-16T10:48:04.0151463Z","type":"sample"}
{"channel":"rr","display":45.45454545454545,"mu":0,"quality":"OK","raw":1752.9,"sigma":1.5,"state":"IDLE","t":"2026-07-16T10:48:04.0549389Z","type":"sample"}
{"channel":"gsr","display":2510.3,"mu":0,"quality":"OK","raw":2510.3,"sigma":10,"state":"IDLE","t":"2026-07-16T10:48:04.0690893Z","type":"sample"}
{"channel":"rr","display":45.45454545454545,"mu":0,"quality":"OK","raw":1751.6,"sigma":1.5,"state":"IDLE","t":"2026-07-16T10:48:04.0945902Z","type":"sample"}
{"channel":"rr","display":45.45454545454545,"mu":0,"quality":"OK","raw":1753.2,"sigma":1.5,"state":"IDLE","t":"2026-07-16T10:48:04.1345562Z","type":"sample"}
{"channel":"gsr","display":2514.1,"mu":0,"quality":"OK","raw":2514.1,"sigma":10,"state":"IDLE","t":"2026-07-16T10:48:04.1705188Z","type":"sample"}
{"channel":"rr","display":45.45454545454545,"mu":0,"quality":"OK","raw":1753.5,"sigma":1.5,"state":"IDLE","t":"2026-07-16T10:48:04.1751346Z","type":"sample"}
{"channel":"rr","display":45.45454545454545,"mu":0,"quality":"OK","raw":1752.2,"sigma":1.5,"state":"IDLE","t":"2026-07-16T10:48:04.2148916Z","type":"sample"}
{"channel":"rr","display":45.45454545454545,"mu":0,"quality":"OK","raw":1752.9,"sigma":1.5,"state":"IDLE","t":"2026-07-16T10:48:04.2545487Z","type":"sample"}
{"channel":"gsr","display":2522.4,"mu":0,"quality":"OK","raw":2522.4,"sigma":10,"state":"IDLE","t":"2026-07-16T10:48:04.2703153Z","type":"sample"}
{"channel":"hr","display":0,"mu":0,"quality":"OUT_OF_RANGE","raw":0,"sigma":3,"state":"IDLE","t":"2026-07-16T10:48:04.27574Z","type":"sample"}
{"channel":"rr","display":49.18032786885246,"mu":0,"quality":"OK","raw":1753.5,"sigma":1.5,"state":"IDLE","t":"2026-07-16T10:48:04.2947316Z","type":"sample"}
{"channel":"rr","display":49.18032786885246,"mu":0,"quality":"OK","raw":1751.9,"sigma":1.5,"state":"IDLE","t":"2026-07-16T10:48:04.334819Z","type":"sample"}
{"channel":"gsr","display":2530.4,"mu":0,"quality":"OK","raw":2530.4,"sigma":10,"state":"IDLE","t":"2026-07-16T10:48:04.3700783Z","type":"sample"}
{"channel":"rr","display":49.18032786885246,"mu":0,"quality":"OK","raw":1753,"sigma":1.5,"state":"IDLE","t":"2026-07-16T10:48:04.3746695Z","type":"sample"}
{"channel":"rr","display":49.18032786885246,"mu":0,"quality":"OK","raw":1752.2,"sigma":1.5,"state":"IDLE","t":"2026-07-16T10:48:04.4146555Z","type":"sample"}
{"channel":"rr","display":49.18032786885246,"mu":0,"quality":"OK","raw":1752.6,"sigma":1.5,"state":"IDLE","t":"2026-07-16T10:48:04.4553192Z","type":"sample"}
{"channel":"gsr","display":2531,"mu":0,"quality":"OK","raw":2531,"sigma":10,"state":"IDLE","t":"2026-07-16T10:48:04.4704643Z","type":"sample"}
{"channel":"rr","display":49.18032786885246,"mu":0,"quality":"OK","raw":1751.7,"sigma":1.5,"state":"IDLE","t":"2026-07-16T10:48:04.4947011Z","type":"sample"}
{"address":"/cue/p/start","args":null,"channel":"system","dir":"out","t":"2026-07-16T10:48:04.5093543Z","type":"osc"}
{"channel":"rr","display":49.18032786885246,"mu":0,"quality":"OK","raw":1752.6,"sigma":1.5,"state":"IDLE","t":"2026-07-16T10:48:04.5349491Z","type":"sample"}
{"channel":"gsr","display":2537.8,"mu":0,"quality":"OK","raw":2537.8,"sigma":10,"state":"IDLE","t":"2026-07-16T10:48:04.5677273Z","type":"sample"}
{"channel":"rr","display":49.18032786885246,"mu":0,"quality":"OK","raw":1754.2,"sigma":1.5,"state":"IDLE","t":"2026-07-16T10:48:04.5745576Z","type":"sample"}
{"channel":"rr","display":49.18032786885246,"mu":0,"quality":"OK","raw":1752.8,"sigma":1.5,"state":"IDLE","t":"2026-07-16T10:48:04.6153859Z","type":"sample"}
{"channel":"rr","display":49.18032786885246,"mu":0,"quality":"OK","raw":1754,"sigma":1.5,"state":"IDLE","t":"2026-07-16T10:48:04.6548119Z","type":"sample"}
{"channel":"gsr","display":2540,"mu":0,"quality":"OK","raw":2540,"sigma":10,"state":"IDLE","t":"2026-07-16T10:48:04.6703009Z","type":"sample"}
{"channel":"rr","display":49.18032786885246,"mu":0,"quality":"OK","raw":1753.8,"sigma":1.5,"state":"IDLE","t":"2026-07-16T10:48:04.6949175Z","type":"sample"}
{"channel":"rr","display":49.18032786885246,"mu":0,"quality":"OK","raw":1753.6,"sigma":1.5,"state":"IDLE","t":"2026-07-16T10:48:04.7349319Z","type":"sample"}
{"channel":"gsr","display":2545.9,"mu":0,"quality":"OK","raw":2545.9,"sigma":10,"state":"IDLE","t":"2026-07-16T10:48:04.7677735Z","type":"sample"}
{"channel":"rr","event":"quality_change","quality":"OUT_OF_RANGE","t":"2026-07-16T10:48:04.7746253Z","type":"event"}
{"channel":"rr","display":49.18032786885246,"mu":0,"quality":"OUT_OF_RANGE","raw":1754.4,"sigma":1.5,"state":"IDLE","t":"2026-07-16T10:48:04.7746253Z","type":"sample"}
{"channel":"hr","display":0,"mu":0,"quality":"OUT_OF_RANGE","raw":0,"sigma":3,"state":"IDLE","t":"2026-07-16T10:48:04.7756409Z","type":"sample"}
{"channel":"rr","display":49.18032786885246,"mu":0,"quality":"OUT_OF_RANGE","raw":1753.2,"sigma":1.5,"state":"IDLE","t":"2026-07-16T10:48:04.8153603Z","type":"sample"}
{"address":"/cue/g1/start","args":null,"channel":"system","dir":"out","t":"2026-07-16T10:48:04.8493631Z","type":"osc"}
{"channel":"rr","display":49.18032786885246,"mu":0,"quality":"OUT_OF_RANGE","raw":1754.1,"sigma":1.5,"state":"IDLE","t":"2026-07-16T10:48:04.8546137Z","type":"sample"}
{"channel":"gsr","display":2552.8,"mu":0,"quality":"OK","raw":2552.8,"sigma":10,"state":"IDLE","t":"2026-07-16T10:48:04.869849Z","type":"sample"}
{"channel":"rr","display":49.18032786885246,"mu":0,"quality":"OUT_OF_RANGE","raw":1753.2,"sigma":1.5,"state":"IDLE","t":"2026-07-16T10:48:04.8945049Z","type":"sample"}
{"channel":"rr","display":49.18032786885246,"mu":0,"quality":"OUT_OF_RANGE","raw":1753.2,"sigma":1.5,"state":"IDLE","t":"2026-07-16T10:48:04.9352876Z","type":"sample"}
{"channel":"gsr","display":2560.1,"mu":0,"quality":"OK","raw":2560.1,"sigma":10,"state":"IDLE","t":"2026-07-16T10:48:04.9678779Z","type":"sample"}
{"channel":"rr","display":49.18032786885246,"mu":0,"quality":"OUT_OF_RANGE","raw":1753.4,"sigma":1.5,"state":"IDLE","t":"2026-07-16T10:48:04.9747287Z","type":"sample"}
{"channel":"rr","display":49.18032786885246,"mu":0,"quality":"OUT_OF_RANGE","raw":1753.6,"sigma":1.5,"state":"IDLE","t":"2026-07-16T10:48:05.0146991Z","type":"sample"}
{"channel":"rr","display":49.18032786885246,"mu":0,"quality":"OUT_OF_RANGE","raw":1753.2,"sigma":1.5,"state":"IDLE","t":"2026-07-16T10:48:05.055259Z","type":"sample"}
{"channel":"gsr","display":2566.8,"mu":0,"quality":"OK","raw":2566.8,"sigma":10,"state":"IDLE","t":"2026-07-16T10:48:05.0700768Z","type":"sample"}
{"channel":"rr","display":49.18032786885246,"mu":0,"quality":"OUT_OF_RANGE","raw":1752.3,"sigma":1.5,"state":"IDLE","t":"2026-07-16T10:48:05.0951014Z","type":"sample"}
{"channel":"rr","display":49.18032786885246,"mu":0,"quality":"OUT_OF_RANGE","raw":1752.6,"sigma":1.5,"state":"IDLE","t":"2026-07-16T10:48:05.1351862Z","type":"sample"}
{"channel":"gsr","display":2572.6,"mu":0,"quality":"OK","raw":2572.6,"sigma":10,"state":"IDLE","t":"2026-07-16T10:48:05.1694545Z","type":"sample"}
{"channel":"rr","display":49.18032786885246,"mu":0,"quality":"OUT_OF_RANGE","raw":1754.1,"sigma":1.5,"state":"IDLE","t":"2026-07-16T10:48:05.1746365Z","type":"sample"}
{"channel":"rr","display":49.18032786885246,"mu":0,"quality":"OUT_OF_RANGE","raw":1752.7,"sigma":1.5,"state":"IDLE","t":"2026-07-16T10:48:05.2148778Z","type":"sample"}
{"channel":"rr","display":49.18032786885246,"mu":0,"quality":"OUT_OF_RANGE","raw":1753,"sigma":1.5,"state":"IDLE","t":"2026-07-16T10:48:05.2551315Z","type":"sample"}
{"channel":"gsr","display":2578,"mu":0,"quality":"OK","raw":2578,"sigma":10,"state":"IDLE","t":"2026-07-16T10:48:05.2697694Z","type":"sample"}
{"channel":"hr","display":0,"mu":0,"quality":"OUT_OF_RANGE","raw":0,"sigma":3,"state":"IDLE","t":"2026-07-16T10:48:05.2760206Z","type":"sample"}
{"channel":"rr","display":52.325581395348834,"mu":0,"quality":"OUT_OF_RANGE","raw":1753.2,"sigma":1.5,"state":"IDLE","t":"2026-07-16T10:48:05.2949012Z","type":"sample"}
{"channel":"rr","display":52.325581395348834,"mu":0,"quality":"OUT_OF_RANGE","raw":1752.8,"sigma":1.5,"state":"IDLE","t":"2026-07-16T10:48:05.3350451Z","type":"sample"}
{"channel":"gsr","display":2584.7,"mu":0,"quality":"OK","raw":2584.7,"sigma":10,"state":"IDLE","t":"2026-07-16T10:48:05.3680473Z","type":"sample"}
{"channel":"rr","display":52.325581395348834,"mu":0,"quality":"OUT_OF_RANGE","raw":1753.4,"sigma":1.5,"state":"IDLE","t":"2026-07-16T10:48:05.3746828Z","type":"sample"}
{"channel":"rr","display":52.325581395348834,"mu":0,"quality":"OUT_OF_RANGE","raw":1752.6,"sigma":1.5,"state":"IDLE","t":"2026-07-16T10:48:05.41472Z","type":"sample"}
{"channel":"rr","display":52.325581395348834,"mu":0,"quality":"OUT_OF_RANGE","raw":1753.4,"sigma":1.5,"state":"IDLE","t":"2026-07-16T10:48:05.4547516Z","type":"sample"}
{"channel":"gsr","display":2588.5,"mu":0,"quality":"OK","raw":2588.5,"sigma":10,"state":"IDLE","t":"2026-07-16T10:48:05.4695257Z","type":"sample"}
{"channel":"rr","display":52.325581395348834,"mu":0,"quality":"OUT_OF_RANGE","raw":1752.5,"sigma":1.5,"state":"IDLE","t":"2026-07-16T10:48:05.49504Z","type":"sample"}
{"address":"/cue/p/start","args":null,"channel":"system","dir":"out","t":"2026-07-16T10:48:05.5095242Z","type":"osc"}
{"channel":"rr","display":52.325581395348834,"mu":0,"quality":"OUT_OF_RANGE","raw":1753.2,"sigma":1.5,"state":"IDLE","t":"2026-07-16T10:48:05.5351262Z","type":"sample"}
{"channel":"gsr","display":2592.5,"mu":0,"quality":"OK","raw":2592.5,"sigma":10,"state":"IDLE","t":"2026-07-16T10:48:05.5704911Z","type":"sample"}
{"channel":"rr","display":52.325581395348834,"mu":0,"quality":"OUT_OF_RANGE","raw":1752.8,"sigma":1.5,"state":"IDLE","t":"2026-07-16T10:48:05.5750286Z","type":"sample"}
{"channel":"rr","display":52.325581395348834,"mu":0,"quality":"OUT_OF_RANGE","raw":1753.9,"sigma":1.5,"state":"IDLE","t":"2026-07-16T10:48:05.6151933Z","type":"sample"}
{"channel":"rr","display":52.325581395348834,"mu":0,"quality":"OUT_OF_RANGE","raw":1752.8,"sigma":1.5,"state":"IDLE","t":"2026-07-16T10:48:05.6547723Z","type":"sample"}
{"channel":"gsr","display":2601.7,"mu":0,"quality":"OK","raw":2601.7,"sigma":10,"state":"IDLE","t":"2026-07-16T10:48:05.670214Z","type":"sample"}
{"channel":"rr","display":52.325581395348834,"mu":0,"quality":"OUT_OF_RANGE","raw":1752.8,"sigma":1.5,"state":"IDLE","t":"2026-07-16T10:48:05.6946857Z","type":"sample"}
{"channel":"rr","display":52.325581395348834,"mu":0,"quality":"OUT_OF_RANGE","raw":1753,"sigma":1.5,"state":"IDLE","t":"2026-07-16T10:48:05.7354428Z","type":"sample"}
{"channel":"gsr","display":2603.5,"mu":0,"quality":"OK","raw":2603.5,"sigma":10,"state":"IDLE","t":"2026-07-16T10:48:05.7676513Z","type":"sample"}
{"channel":"rr","display":52.325581395348834,"mu":0,"quality":"OUT_OF_RANGE","raw":1752.9,"sigma":1.5,"state":"IDLE","t":"2026-07-16T10:48:05.7746937Z","type":"sample"}
{"channel":"hr","display":0,"mu":0,"quality":"OUT_OF_RANGE","raw":0,"sigma":3,"state":"IDLE","t":"2026-07-16T10:48:05.7762783Z","type":"sample"}
{"channel":"rr","display":52.325581395348834,"mu":0,"quality":"OUT_OF_RANGE","raw":1753.6,"sigma":1.5,"state":"IDLE","t":"2026-07-16T10:48:05.8145834Z","type":"sample"}
{"channel":"rr","display":52.325581395348834,"mu":0,"quality":"OUT_OF_RANGE","raw":1752.6,"sigma":1.5,"state":"IDLE","t":"2026-07-16T10:48:05.8549547Z","type":"sample"}
{"address":"/cue/g1/start","args":null,"channel":"system","dir":"out","t":"2026-07-16T10:48:05.8558736Z","type":"osc"}
{"channel":"gsr","display":2611.3,"mu":0,"quality":"OK","raw":2611.3,"sigma":10,"state":"IDLE","t":"2026-07-16T10:48:05.870289Z","type":"sample"}
{"channel":"rr","display":52.325581395348834,"mu":0,"quality":"OUT_OF_RANGE","raw":1752.2,"sigma":1.5,"state":"IDLE","t":"2026-07-16T10:48:05.8945966Z","type":"sample"}
{"channel":"rr","display":52.325581395348834,"mu":0,"quality":"OUT_OF_RANGE","raw":1753.1,"sigma":1.5,"state":"IDLE","t":"2026-07-16T10:48:05.9350029Z","type":"sample"}
{"channel":"gsr","display":2615.2,"mu":0,"quality":"OK","raw":2615.2,"sigma":10,"state":"IDLE","t":"2026-07-16T10:48:05.9704459Z","type":"sample"}
{"channel":"rr","display":52.325581395348834,"mu":0,"quality":"OUT_OF_RANGE","raw":1751.5,"sigma":1.5,"state":"IDLE","t":"2026-07-16T10:48:05.9745862Z","type":"sample"}
{"channel":"rr","display":52.325581395348834,"mu":0,"quality":"OUT_OF_RANGE","raw":1753.8,"sigma":1.5,"state":"IDLE","t":"2026-07-16T10:48:06.01497Z","type":"sample"}
{"channel":"rr","display":52.325581395348834,"mu":0,"quality":"OUT_OF_RANGE","raw":1752.4,"sigma":1.5,"state":"IDLE","t":"2026-07-16T10:48:06.0550486Z","type":"sample"}
{"channel":"gsr","display":2618.9,"mu":0,"quality":"OK","raw":2618.9,"sigma":10,"state":"IDLE","t":"2026-07-16T10:48:06.0704385Z","type":"sample"}
{"channel":"rr","display":52.325581395348834,"mu":0,"quality":"OUT_OF_RANGE","raw":1753.7,"sigma":1.5,"state":"IDLE","t":"2026-07-16T10:48:06.0950594Z","type":"sample"}
{"channel":"rr","display":52.325581395348834,"mu":0,"quality":"OUT_OF_RANGE","raw":1753.9,"sigma":1.5,"state":"IDLE","t":"2026-07-16T10:48:06.1349592Z","type":"sample"}
{"channel":"gsr","display":2627.5,"mu":0,"quality":"OK","raw":2627.5,"sigma":10,"state":"IDLE","t":"2026-07-16T10:48:06.1681591Z","type":"sample"}
{"channel":"rr","display":52.325581395348834,"mu":0,"quality":"OUT_OF_RANGE","raw":1752.6,"sigma":1.5,"state":"IDLE","t":"2026-07-16T10:48:06.1746666Z","type":"sample"}
{"channel":"rr","display":52.325581395348834,"mu":0,"quality":"OUT_OF_RANGE","raw":1753,"sigma":1.5,"state":"IDLE","t":"2026-07-16T10:48:06.2149981Z","type":"sample"}
{"channel":"rr","display":52.325581395348834,"mu":0,"quality":"OUT_OF_RANGE","raw":1753.1,"sigma":1.5,"state":"IDLE","t":"2026-07-16T10:48:06.2546215Z","type":"sample"}
{"channel":"gsr","display":2633,"mu":0,"quality":"OK","raw":2633,"sigma":10,"state":"IDLE","t":"2026-07-16T10:48:06.2703201Z","type":"sample"}
{"channel":"hr","display":0,"mu":0,"quality":"OUT_OF_RANGE","raw":0,"sigma":3,"state":"IDLE","t":"2026-07-16T10:48:06.2760576Z","type":"sample"}
{"channel":"rr","display":52.325581395348834,"mu":0,"quality":"OUT_OF_RANGE","raw":1753.9,"sigma":1.5,"state":"IDLE","t":"2026-07-16T10:48:06.2946873Z","type":"sample"}
{"channel":"rr","display":52.325581395348834,"mu":0,"quality":"OUT_OF_RANGE","raw":1752.2,"sigma":1.5,"state":"IDLE","t":"2026-07-16T10:48:06.3349815Z","type":"sample"}
{"channel":"gsr","display":2635.1,"mu":0,"quality":"OK","raw":2635.1,"sigma":10,"state":"IDLE","t":"2026-07-16T10:48:06.3677944Z","type":"sample"}
{"channel":"rr","display":53.097345132743364,"mu":0,"quality":"OUT_OF_RANGE","raw":1753.6,"sigma":1.5,"state":"IDLE","t":"2026-07-16T10:48:06.3747152Z","type":"sample"}
{"channel":"rr","display":53.097345132743364,"mu":0,"quality":"OUT_OF_RANGE","raw":1753.1,"sigma":1.5,"state":"IDLE","t":"2026-07-16T10:48:06.4151211Z","type":"sample"}
{"channel":"rr","display":53.097345132743364,"mu":0,"quality":"OUT_OF_RANGE","raw":1752.5,"sigma":1.5,"state":"IDLE","t":"2026-07-16T10:48:06.4545751Z","type":"sample"}
{"channel":"gsr","display":2643.1,"mu":0,"quality":"OK","raw":2643.1,"sigma":10,"state":"IDLE","t":"2026-07-16T10:48:06.4659112Z","type":"sample"}
{"channel":"rr","display":53.097345132743364,"mu":0,"quality":"OUT_OF_RANGE","raw":1753.8,"sigma":1.5,"state":"IDLE","t":"2026-07-16T10:48:06.4948793Z","type":"sample"}
{"address":"/cue/p/start","args":null,"channel":"system","dir":"out","t":"2026-07-16T10:48:06.5091225Z","type":"osc"}
{"channel":"rr","display":53.097345132743364,"mu":0,"quality":"OUT_OF_RANGE","raw":1752.5,"sigma":1.5,"state":"IDLE","t":"2026-07-16T10:48:06.5348755Z","type":"sample"}
{"channel":"gsr","display":2650.4,"mu":0,"quality":"OK","raw":2650.4,"sigma":10,"state":"IDLE","t":"2026-07-16T10:48:06.5704422Z","type":"sample"}
{"channel":"rr","display":53.097345132743364,"mu":0,"quality":"OUT_OF_RANGE","raw":1752.6,"sigma":1.5,"state":"IDLE","t":"2026-07-16T10:48:06.5745995Z","type":"sample"}
{"channel":"rr","display":53.097345132743364,"mu":0,"quality":"OUT_OF_RANGE","raw":1753.1,"sigma":1.5,"state":"IDLE","t":"2026-07-16T10:48:06.6152147Z","type":"sample"}
{"channel":"rr","display":53.097345132743364,"mu":0,"quality":"OUT_OF_RANGE","raw":1753,"sigma":1.5,"state":"IDLE","t":"2026-07-16T10:48:06.6552163Z","type":"sample"}
{"channel":"gsr","display":2652.4,"mu":0,"quality":"OK","raw":2652.4,"sigma":10,"state":"IDLE","t":"2026-07-16T10:48:06.6704387Z","type":"sample"}
{"channel":"rr","display":53.097345132743364,"mu":0,"quality":"OUT_OF_RANGE","raw":1752.9,"sigma":1.5,"state":"IDLE","t":"2026-07-16T10:48:06.6947337Z","type":"sample"}
{"channel":"rr","display":53.097345132743364,"mu":0,"quality":"OUT_OF_RANGE","raw":1753.5,"sigma":1.5,"state":"IDLE","t":"2026-07-16T10:48:06.7351205Z","type":"sample"}
{"channel":"gsr","display":2653.3,"mu":0,"quality":"OK","raw":2653.3,"sigma":10,"state":"IDLE","t":"2026-07-16T10:48:06.7701751Z","type":"sample"}
{"channel":"rr","display":53.097345132743364,"mu":0,"quality":"OUT_OF_RANGE","raw":1752.4,"sigma":1.5,"state":"IDLE","t":"2026-07-16T10:48:06.7749896Z","type":"sample"}
{"channel":"hr","display":0,"mu":0,"quality":"OUT_OF_RANGE","raw":0,"sigma":3,"state":"IDLE","t":"2026-07-16T10:48:06.7760142Z","type":"sample"}
{"channel":"rr","display":53.097345132743364,"mu":0,"quality":"OUT_OF_RANGE","raw":1753.6,"sigma":1.5,"state":"IDLE","t":"2026-07-16T10:48:06.814979Z","type":"sample"}
{"channel":"rr","display":53.097345132743364,"mu":0,"quality":"OUT_OF_RANGE","raw":1753.1,"sigma":1.5,"state":"IDLE","t":"2026-07-16T10:48:06.854898Z","type":"sample"}
{"address":"/cue/g1/start","args":null,"channel":"system","dir":"out","t":"2026-07-16T10:48:06.8620744Z","type":"osc"}
{"channel":"gsr","display":2661.2,"mu":0,"quality":"OK","raw":2661.2,"sigma":10,"state":"IDLE","t":"2026-07-16T10:48:06.8702964Z","type":"sample"}
{"channel":"rr","display":53.097345132743364,"mu":0,"quality":"OUT_OF_RANGE","raw":1753.2,"sigma":1.5,"state":"IDLE","t":"2026-07-16T10:48:06.8945844Z","type":"sample"}
{"channel":"rr","display":53.097345132743364,"mu":0,"quality":"OUT_OF_RANGE","raw":1753.1,"sigma":1.5,"state":"IDLE","t":"2026-07-16T10:48:06.9348424Z","type":"sample"}
{"channel":"gsr","display":2662.2,"mu":0,"quality":"OK","raw":2662.2,"sigma":10,"state":"IDLE","t":"2026-07-16T10:48:06.9681527Z","type":"sample"}
{"channel":"rr","display":53.097345132743364,"mu":0,"quality":"OUT_OF_RANGE","raw":1752.9,"sigma":1.5,"state":"IDLE","t":"2026-07-16T10:48:06.9751299Z","type":"sample"}
{"channel":"rr","display":53.097345132743364,"mu":0,"quality":"OUT_OF_RANGE","raw":1752.9,"sigma":1.5,"state":"IDLE","t":"2026-07-16T10:48:07.0152159Z","type":"sample"}
{"channel":"rr","display":53.097345132743364,"mu":0,"quality":"OUT_OF_RANGE","raw":1753.9,"sigma":1.5,"state":"IDLE","t":"2026-07-16T10:48:07.0546234Z","type":"sample"}
{"channel":"gsr","display":2673.1,"mu":0,"quality":"OK","raw":2673.1,"sigma":10,"state":"IDLE","t":"2026-07-16T10:48:07.070099Z","type":"sample"}
{"channel":"rr","display":53.097345132743364,"mu":0,"quality":"OUT_OF_RANGE","raw":1753.9,"sigma":1.5,"state":"IDLE","t":"2026-07-16T10:48:07.095428Z","type":"sample"}
{"channel":"rr","display":53.097345132743364,"mu":0,"quality":"OUT_OF_RANGE","raw":1752.3,"sigma":1.5,"state":"IDLE","t":"2026-07-16T10:48:07.1348767Z","type":"sample"}
{"channel":"gsr","display":2670.4,"mu":0,"quality":"OK","raw":2670.4,"sigma":10,"state":"IDLE","t":"2026-07-16T10:48:07.170455Z","type":"sample"}
{"channel":"rr","display":53.097345132743364,"mu":0,"quality":"OUT_OF_RANGE","raw":1753.1,"sigma":1.5,"state":"IDLE","t":"2026-07-16T10:48:07.1750088Z","type":"sample"}
{"channel":"rr","display":53.097345132743364,"mu":0,"quality":"OUT_OF_RANGE","raw":1752.9,"sigma":1.5,"state":"IDLE","t":"2026-07-16T10:48:07.2146223Z","type":"sample"}
{"channel":"rr","display":53.097345132743364,"mu":0,"quality":"OUT_OF_RANGE","raw":1753.4,"sigma":1.5,"state":"IDLE","t":"2026-07-16T10:48:07.2549274Z","type":"sample"}
{"channel":"gsr","display":2683.7,"mu":0,"quality":"OK","raw":2683.7,"sigma":10,"state":"IDLE","t":"2026-07-16T10:48:07.2696084Z","type":"sample"}
{"channel":"hr","display":0,"mu":0,"quality":"OUT_OF_RANGE","raw":0,"sigma":3,"state":"IDLE","t":"2026-07-16T10:48:07.2755313Z","type":"sample"}
{"channel":"rr","display":53.097345132743364,"mu":0,"quality":"OUT_OF_RANGE","raw":1753.4,"sigma":1.5,"state":"IDLE","t":"2026-07-16T10:48:07.2948148Z","type":"sample"}
{"channel":"rr","display":53.097345132743364,"mu":0,"quality":"OUT_OF_RANGE","raw":1752.4,"sigma":1.5,"state":"IDLE","t":"2026-07-16T10:48:07.3352318Z","type":"sample"}
{"channel":"gsr","display":2685.5,"mu":0,"quality":"OK","raw":2685.5,"sigma":10,"state":"IDLE","t":"2026-07-16T10:48:07.367794Z","type":"sample"}
{"channel":"rr","display":54.34782608695652,"mu":0,"quality":"OUT_OF_RANGE","raw":1753.4,"sigma":1.5,"state":"IDLE","t":"2026-07-16T10:48:07.3746458Z","type":"sample"}
{"channel":"rr","display":54.34782608695652,"mu":0,"quality":"OUT_OF_RANGE","raw":1753.4,"sigma":1.5,"state":"IDLE","t":"2026-07-16T10:48:07.4149561Z","type":"sample"}
{"channel":"rr","display":54.34782608695652,"mu":0,"quality":"OUT_OF_RANGE","raw":1752.7,"sigma":1.5,"state":"IDLE","t":"2026-07-16T10:48:07.4548675Z","type":"sample"}
{"channel":"gsr","display":2687.3,"mu":0,"quality":"OK","raw":2687.3,"sigma":10,"state":"IDLE","t":"2026-07-16T10:48:07.4703744Z","type":"sample"}
{"channel":"rr","display":54.34782608695652,"mu":0,"quality":"OUT_OF_RANGE","raw":1753.1,"sigma":1.5,"state":"IDLE","t":"2026-07-16T10:48:07.494723Z","type":"sample"}
{"address":"/cue/p/start","args":null,"channel":"system","dir":"out","t":"2026-07-16T10:48:07.5093643Z","type":"osc"}
{"channel":"rr","display":54.34782608695652,"mu":0,"quality":"OUT_OF_RANGE","raw":1753.3,"sigma":1.5,"state":"IDLE","t":"2026-07-16T10:48:07.535476Z","type":"sample"}
{"channel":"gsr","display":2691.5,"mu":0,"quality":"OK","raw":2691.5,"sigma":10,"state":"IDLE","t":"2026-07-16T10:48:07.5688144Z","type":"sample"}
{"channel":"rr","display":54.34782608695652,"mu":0,"quality":"OUT_OF_RANGE","raw":1753.6,"sigma":1.5,"state":"IDLE","t":"2026-07-16T10:48:07.5749232Z","type":"sample"}
{"channel":"rr","display":54.34782608695652,"mu":0,"quality":"OUT_OF_RANGE","raw":1752.5,"sigma":1.5,"state":"IDLE","t":"2026-07-16T10:48:07.6148054Z","type":"sample"}
{"channel":"rr","display":54.34782608695652,"mu":0,"quality":"OUT_OF_RANGE","raw":1753.4,"sigma":1.5,"state":"IDLE","t":"2026-07-16T10:48:07.6547415Z","type":"sample"}
{"channel":"gsr","display":2695.2,"mu":0,"quality":"OK","raw":2695.2,"sigma":10,"state":"IDLE","t":"2026-07-16T10:48:07.670288Z","type":"sample"}
{"channel":"rr","display":54.34782608695652,"mu":0,"quality":"OUT_OF_RANGE","raw":1752.8,"sigma":1.5,"state":"IDLE","t":"2026-07-16T10:48:07.694708Z","type":"sample"}
{"channel":"rr","display":54.34782608695652,"mu":0,"quality":"OUT_OF_RANGE","raw":1752.5,"sigma":1.5,"state":"IDLE","t":"2026-07-16T10:48:07.7346955Z","type":"sample"}
{"channel":"gsr","display":2701.3,"mu":0,"quality":"OK","raw":2701.3,"sigma":10,"state":"IDLE","t":"2026-07-16T10:48:07.7682348Z","type":"sample"}
{"channel":"rr","display":54.34782608695652,"mu":0,"quality":"OUT_OF_RANGE","raw":1752.7,"sigma":1.5,"state":"IDLE","t":"2026-07-16T10:48:07.7745788Z","type":"sample"}
{"channel":"hr","display":0,"mu":0,"quality":"OUT_OF_RANGE","raw":0,"sigma":3,"state":"IDLE","t":"2026-07-16T10:48:07.7755872Z","type":"sample"}
{"channel":"rr","display":54.34782608695652,"mu":0,"quality":"OUT_OF_RANGE","raw":1752,"sigma":1.5,"state":"IDLE","t":"2026-07-16T10:48:07.8148516Z","type":"sample"}
{"channel":"rr","display":54.34782608695652,"mu":0,"quality":"OUT_OF_RANGE","raw":1752.8,"sigma":1.5,"state":"IDLE","t":"2026-07-16T10:48:07.85454Z","type":"sample"}
{"address":"/cue/g1/start","args":null,"channel":"system","dir":"out","t":"2026-07-16T10:48:07.8660347Z","type":"osc"}
{"channel":"gsr","display":2709.4,"mu":0,"quality":"OK","raw":2709.4,"sigma":10,"state":"IDLE","t":"2026-07-16T10:48:07.870265Z","type":"sample"}
{"channel":"rr","display":54.34782608695652,"mu":0,"quality":"OUT_OF_RANGE","raw":1753.2,"sigma":1.5,"state":"IDLE","t":"2026-07-16T10:48:07.894872Z","type":"sample"}
{"channel":"rr","display":54.34782608695652,"mu":0,"quality":"OUT_OF_RANGE","raw":1753.3,"sigma":1.5,"state":"IDLE","t":"2026-07-16T10:48:07.935014Z","type":"sample"}
{"channel":"gsr","display":2715.6,"mu":0,"quality":"OK","raw":2715.6,"sigma":10,"state":"IDLE","t":"2026-07-16T10:48:07.970466Z","type":"sample"}
{"channel":"rr","display":54.34782608695652,"mu":0,"quality":"OUT_OF_RANGE","raw":1753.6,"sigma":1.5,"state":"IDLE","t":"2026-07-16T10:48:07.9746337Z","type":"sample"}
{"channel":"rr","display":54.34782608695652,"mu":0,"quality":"OUT_OF_RANGE","raw":1752.9,"sigma":1.5,"state":"IDLE","t":"2026-07-16T10:48:08.0147933Z","type":"sample"}
{"channel":"rr","display":54.34782608695652,"mu":0,"quality":"OUT_OF_RANGE","raw":1752.9,"sigma":1.5,"state":"IDLE","t":"2026-07-16T10:48:08.0551309Z","type":"sample"}
{"channel":"gsr","display":2720.3,"mu":0,"quality":"OK","raw":2720.3,"sigma":10,"state":"IDLE","t":"2026-07-16T10:48:08.0702503Z","type":"sample"}
{"channel":"rr","display":54.34782608695652,"mu":0,"quality":"OUT_OF_RANGE","raw":1751.5,"sigma":1.5,"state":"IDLE","t":"2026-07-16T10:48:08.0949235Z","type":"sample"}
{"channel":"rr","display":54.34782608695652,"mu":0,"quality":"OUT_OF_RANGE","raw":1752.8,"sigma":1.5,"state":"IDLE","t":"2026-07-16T10:48:08.1349863Z","type":"sample"}
{"channel":"gsr","display":2720.8,"mu":0,"quality":"OK","raw":2720.8,"sigma":10,"state":"IDLE","t":"2026-07-16T10:48:08.1706167Z","type":"sample"}
{"channel":"rr","display":54.34782608695652,"mu":0,"quality":"OUT_OF_RANGE","raw":1753.6,"sigma":1.5,"state":"IDLE","t":"2026-07-16T10:48:08.1747517Z","type":"sample"}
{"channel":"rr","display":54.34782608695652,"mu":0,"quality":"OUT_OF_RANGE","raw":1752.5,"sigma":1.5,"state":"IDLE","t":"2026-07-16T10:48:08.2149047Z","type":"sample"}
{"channel":"rr","display":54.34782608695652,"mu":0,"quality":"OUT_OF_RANGE","raw":1754,"sigma":1.5,"state":"IDLE","t":"2026-07-16T10:48:08.2547145Z","type":"sample"}
{"channel":"gsr","display":2729,"mu":0,"quality":"OK","raw":2729,"sigma":10,"state":"IDLE","t":"2026-07-16T10:48:08.2702574Z","type":"sample"}
{"channel":"hr","display":0,"mu":0,"quality":"OUT_OF_RANGE","raw":0,"sigma":3,"state":"IDLE","t":"2026-07-16T10:48:08.2758881Z","type":"sample"}
{"channel":"rr","display":54.34782608695652,"mu":0,"quality":"OUT_OF_RANGE","raw":1753,"sigma":1.5,"state":"IDLE","t":"2026-07-16T10:48:08.2948638Z","type":"sample"}
{"channel":"rr","display":54.34782608695652,"mu":0,"quality":"OUT_OF_RANGE","raw":1752.3,"sigma":1.5,"state":"IDLE","t":"2026-07-16T10:48:08.3347015Z","type":"sample"}
{"channel":"gsr","display":2731.9,"mu":0,"quality":"OK","raw":2731.9,"sigma":10,"state":"IDLE","t":"2026-07-16T10:48:08.3677831Z","type":"sample"}
{"channel":"rr","display":54.34782608695652,"mu":0,"quality":"OUT_OF_RANGE","raw":1753,"sigma":1.5,"state":"IDLE","t":"2026-07-16T10:48:08.3748016Z","type":"sample"}
{"channel":"rr","display":57.25190839694657,"mu":0,"quality":"OUT_OF_RANGE","raw":1753.4,"sigma":1.5,"state":"IDLE","t":"2026-07-16T10:48:08.4149353Z","type":"sample"}
{"channel":"rr","display":57.25190839694657,"mu":0,"quality":"OUT_OF_RANGE","raw":1753.3,"sigma":1.5,"state":"IDLE","t":"2026-07-16T10:48:08.4549633Z","type":"sample"}
{"channel":"gsr","display":2739.1,"mu":0,"quality":"OK","raw":2739.1,"sigma":10,"state":"IDLE","t":"2026-07-16T10:48:08.4702834Z","type":"sample"}
{"channel":"rr","display":57.25190839694657,"mu":0,"quality":"OUT_OF_RANGE","raw":1751.7,"sigma":1.5,"state":"IDLE","t":"2026-07-16T10:48:08.4947979Z","type":"sample"}
{"address":"/cue/p/start","args":null,"channel":"system","dir":"out","t":"2026-07-16T10:48:08.5095227Z","type":"osc"}
{"channel":"rr","display":57.25190839694657,"mu":0,"quality":"OUT_OF_RANGE","raw":1754.1,"sigma":1.5,"state":"IDLE","t":"2026-07-16T10:48:08.5350856Z","type":"sample"}
{"channel":"gsr","display":2739.4,"mu":0,"quality":"OK","raw":2739.4,"sigma":10,"state":"IDLE","t":"2026-07-16T10:48:08.5701684Z","type":"sample"}
{"channel":"rr","display":57.25190839694657,"mu":0,"quality":"OUT_OF_RANGE","raw":1754.1,"sigma":1.5,"state":"IDLE","t":"2026-07-16T10:48:08.5747312Z","type":"sample"}
{"channel":"rr","display":57.25190839694657,"mu":0,"quality":"OUT_OF_RANGE","raw":1752.4,"sigma":1.5,"state":"IDLE","t":"2026-07-16T10:48:08.6144607Z","type":"sample"}
{"channel":"rr","display":57.25190839694657,"mu":0,"quality":"OUT_OF_RANGE","raw":1753.2,"sigma":1.5,"state":"IDLE","t":"2026-07-16T10:48:08.6549843Z","type":"sample"}
{"channel":"gsr","display":2743.2,"mu":0,"quality":"OK","raw":2743.2,"sigma":10,"state":"IDLE","t":"2026-07-16T10:48:08.6701045Z","type":"sample"}
{"channel":"rr","display":57.25190839694657,"mu":0,"quality":"OUT_OF_RANGE","raw":1753.3,"sigma":1.5,"state":"IDLE","t":"2026-07-16T10:48:08.6949119Z","type":"sample"}
{"channel":"rr","display":57.25190839694657,"mu":0,"quality":"OUT_OF_RANGE","raw":1752.2,"sigma":1.5,"state":"IDLE","t":"2026-07-16T10:48:08.7350395Z","type":"sample"}
{"channel":"gsr","display":2747.7,"mu":0,"quality":"OK","raw":2747.7,"sigma":10,"state":"IDLE","t":"2026-07-16T10:48:08.7693031Z","type":"sample"}
{"channel":"rr","display":57.25190839694657,"mu":0,"quality":"OUT_OF_RANGE","raw":1752.3,"sigma":1.5,"state":"IDLE","t":"2026-07-16T10:48:08.7747708Z","type":"sample"}
{"channel":"hr","display":0,"mu":0,"quality":"OUT_OF_RANGE","raw":0,"sigma":3,"state":"IDLE","t":"2026-07-16T10:48:08.7757869Z","type":"sample"}
{"channel":"rr","display":57.25190839694657,"mu":0,"quality":"OUT_OF_RANGE","raw":1752.1,"sigma":1.5,"state":"IDLE","t":"2026-07-16T10:48:08.8148717Z","type":"sample"}
{"channel":"rr","display":57.25190839694657,"mu":0,"quality":"OUT_OF_RANGE","raw":1752.4,"sigma":1.5,"state":"IDLE","t":"2026-07-16T10:48:08.8546642Z","type":"sample"}
{"channel":"gsr","display":2748.9,"mu":0,"quality":"OK","raw":2748.9,"sigma":10,"state":"IDLE","t":"2026-07-16T10:48:08.8701484Z","type":"sample"}
{"address":"/cue/g1/start","args":null,"channel":"system","dir":"out","t":"2026-07-16T10:48:08.8706722Z","type":"osc"}
{"channel":"rr","display":57.25190839694657,"mu":0,"quality":"OUT_OF_RANGE","raw":1753.4,"sigma":1.5,"state":"IDLE","t":"2026-07-16T10:48:08.8949502Z","type":"sample"}
{"channel":"rr","display":57.25190839694657,"mu":0,"quality":"OUT_OF_RANGE","raw":1753.4,"sigma":1.5,"state":"IDLE","t":"2026-07-16T10:48:08.9348696Z","type":"sample"}
{"channel":"gsr","display":2754.6,"mu":0,"quality":"OK","raw":2754.6,"sigma":10,"state":"IDLE","t":"2026-07-16T10:48:08.9683795Z","type":"sample"}
{"channel":"rr","display":57.25190839694657,"mu":0,"quality":"OUT_OF_RANGE","raw":1753.1,"sigma":1.5,"state":"IDLE","t":"2026-07-16T10:48:08.9748066Z","type":"sample"}
{"channel":"rr","display":57.25190839694657,"mu":0,"quality":"OUT_OF_RANGE","raw":1753.2,"sigma":1.5,"state":"IDLE","t":"2026-07-16T10:48:09.0152737Z","type":"sample"}
{"channel":"rr","display":57.25190839694657,"mu":0,"quality":"OUT_OF_RANGE","raw":1752.4,"sigma":1.5,"state":"IDLE","t":"2026-07-16T10:48:09.054623Z","type":"sample"}
{"channel":"gsr","display":2759.5,"mu":0,"quality":"OK","raw":2759.5,"sigma":10,"state":"IDLE","t":"2026-07-16T10:48:09.0702567Z","type":"sample"}
{"channel":"rr","display":57.25190839694657,"mu":0,"quality":"OUT_OF_RANGE","raw":1752.9,"sigma":1.5,"state":"IDLE","t":"2026-07-16T10:48:09.0946545Z","type":"sample"}
{"channel":"rr","display":57.25190839694657,"mu":0,"quality":"OUT_OF_RANGE","raw":1752.7,"sigma":1.5,"state":"IDLE","t":"2026-07-16T10:48:09.1350915Z","type":"sample"}
{"channel":"gsr","display":2764.4,"mu":0,"quality":"OK","raw":2764.4,"sigma":10,"state":"IDLE","t":"2026-07-16T10:48:09.170426Z","type":"sample"}
{"channel":"rr","display":57.25190839694657,"mu":0,"quality":"OUT_OF_RANGE","raw":1751.9,"sigma":1.5,"state":"IDLE","t":"2026-07-16T10:48:09.1750453Z","type":"sample"}
{"channel":"rr","display":57.25190839694657,"mu":0,"quality":"OUT_OF_RANGE","raw":1752.6,"sigma":1.5,"state":"IDLE","t":"2026-07-16T10:48:09.2150258Z","type":"sample"}
{"channel":"rr","display":57.25190839694657,"mu":0,"quality":"OUT_OF_RANGE","raw":1752.8,"sigma":1.5,"state":"IDLE","t":"2026-07-16T10:48:09.2550045Z","type":"sample"}
{"channel":"gsr","display":2767.4,"mu":0,"quality":"OK","raw":2767.4,"sigma":10,"state":"IDLE","t":"2026-07-16T10:48:09.2694983Z","type":"sample"}
{"channel":"hr","display":0,"mu":0,"quality":"OUT_OF_RANGE","raw":0,"sigma":3,"state":"IDLE","t":"2026-07-16T10:48:09.2758009Z","type":"sample"}
{"channel":"rr","display":57.25190839694657,"mu":0,"quality":"OUT_OF_RANGE","raw":1752.6,"sigma":1.5,"state":"IDLE","t":"2026-07-16T10:48:09.295037Z","type":"sample"}
{"channel":"rr","display":57.25190839694657,"mu":0,"quality":"OUT_OF_RANGE","raw":1752.8,"sigma":1.5,"state":"IDLE","t":"2026-07-16T10:48:09.3348511Z","type":"sample"}
{"channel":"gsr","display":2772.3,"mu":0,"quality":"OK","raw":2772.3,"sigma":10,"state":"IDLE","t":"2026-07-16T10:48:09.3704502Z","type":"sample"}
{"channel":"rr","display":57.25190839694657,"mu":0,"quality":"OUT_OF_RANGE","raw":1752.8,"sigma":1.5,"state":"IDLE","t":"2026-07-16T10:48:09.3745768Z","type":"sample"}
{"channel":"rr","display":57.25190839694657,"mu":0,"quality":"OUT_OF_RANGE","raw":1752.9,"sigma":1.5,"state":"IDLE","t":"2026-07-16T10:48:09.4151402Z","type":"sample"}
{"channel":"rr","display":58.13953488372093,"mu":0,"quality":"OUT_OF_RANGE","raw":1753.1,"sigma":1.5,"state":"IDLE","t":"2026-07-16T10:48:09.4552221Z","type":"sample"}
{"channel":"gsr","display":2778.8,"mu":0,"quality":"OK","raw":2778.8,"sigma":10,"state":"IDLE","t":"2026-07-16T10:48:09.4703577Z","type":"sample"}
{"channel":"rr","display":58.13953488372093,"mu":0,"quality":"OUT_OF_RANGE","raw":1752.8,"sigma":1.5,"state":"IDLE","t":"2026-07-16T10:48:09.4951605Z","type":"sample"}
{"address":"/cue/p/start","args":null,"channel":"system","dir":"out","t":"2026-07-16T10:48:09.5091477Z","type":"osc"}
{"channel":"rr","display":58.13953488372093,"mu":0,"quality":"OUT_OF_RANGE","raw":1753.4,"sigma":1.5,"state":"IDLE","t":"2026-07-16T10:48:09.5351325Z","type":"sample"}
{"channel":"gsr","display":2780.3,"mu":0,"quality":"OK","raw":2780.3,"sigma":10,"state":"IDLE","t":"2026-07-16T10:48:09.5676358Z","type":"sample"}
{"channel":"rr","display":58.13953488372093,"mu":0,"quality":"OUT_OF_RANGE","raw":1753,"sigma":1.5,"state":"IDLE","t":"2026-07-16T10:48:09.5747324Z","type":"sample"}
{"channel":"rr","display":58.13953488372093,"mu":0,"quality":"OUT_OF_RANGE","raw":1752.6,"sigma":1.5,"state":"IDLE","t":"2026-07-16T10:48:09.6145987Z","type":"sample"}
{"channel":"rr","display":58.13953488372093,"mu":0,"quality":"OUT_OF_RANGE","raw":1753.1,"sigma":1.5,"state":"IDLE","t":"2026-07-16T10:48:09.6544365Z","type":"sample"}
{"channel":"gsr","display":2782.3,"mu":0,"quality":"OK","raw":2782.3,"sigma":10,"state":"IDLE","t":"2026-07-16T10:48:09.6702561Z","type":"sample"}
{"channel":"rr","display":58.13953488372093,"mu":0,"quality":"OUT_OF_RANGE","raw":1753.2,"sigma":1.5,"state":"IDLE","t":"2026-07-16T10:48:09.6947971Z","type":"sample"}
{"channel":"rr","display":58.13953488372093,"mu":0,"quality":"OUT_OF_RANGE","raw":1753.9,"sigma":1.5,"state":"IDLE","t":"2026-07-16T10:48:09.7348324Z","type":"sample"}
{"channel":"gsr","display":2789.8,"mu":0,"quality":"OK","raw":2789.8,"sigma":10,"state":"IDLE","t":"2026-07-16T10:48:09.7704581Z","type":"sample"}
{"channel":"rr","display":58.13953488372093,"mu":0,"quality":"OUT_OF_RANGE","raw":1752.3,"sigma":1.5,"state":"IDLE","t":"2026-07-16T10:48:09.774673Z","type":"sample"}
{"channel":"hr","display":0,"mu":0,"quality":"OUT_OF_RANGE","raw":0,"sigma":3,"state":"IDLE","t":"2026-07-16T10:48:09.7756899Z","type":"sample"}
{"channel":"rr","display":58.13953488372093,"mu":0,"quality":"OUT_OF_RANGE","raw":1752.5,"sigma":1.5,"state":"IDLE","t":"2026-07-16T10:48:09.8146022Z","type":"sample"}
{"channel":"rr","display":58.13953488372093,"mu":0,"quality":"OUT_OF_RANGE","raw":1753.5,"sigma":1.5,"state":"IDLE","t":"2026-07-16T10:48:09.8550792Z","type":"sample"}
{"channel":"gsr","display":2795.5,"mu":0,"quality":"OK","raw":2795.5,"sigma":10,"state":"IDLE","t":"2026-07-16T10:48:09.8697028Z","type":"sample"}
{"address":"/cue/g1/start","args":null,"channel":"system","dir":"out","t":"2026-07-16T10:48:09.8848077Z","type":"osc"}
{"channel":"rr","display":58.13953488372093,"mu":0,"quality":"OUT_OF_RANGE","raw":1753.4,"sigma":1.5,"state":"IDLE","t":"2026-07-16T10:48:09.8949713Z","type":"sample"}
{"channel":"rr","display":58.13953488372093,"mu":0,"quality":"OUT_OF_RANGE","raw":1752.2,"sigma":1.5,"state":"IDLE","t":"2026-07-16T10:48:09.9346676Z","type":"sample"}
{"channel":"gsr","display":2799.5,"mu":0,"quality":"OK","raw":2799.5,"sigma":10,"state":"IDLE","t":"2026-07-16T10:48:09.9702419Z","type":"sample"}
{"channel":"rr","display":58.13953488372093,"mu":0,"quality":"OUT_OF_RANGE","raw":1753.6,"sigma":1.5,"state":"IDLE","t":"2026-07-16T10:48:09.9748075Z","type":"sample"}
{"channel":"rr","display":58.13953488372093,"mu":0,"quality":"OUT_OF_RANGE","raw":1753.4,"sigma":1.5,"state":"IDLE","t":"2026-07-16T10:48:10.0146365Z","type":"sample"}
{"channel":"rr","display":58.13953488372093,"mu":0,"quality":"OUT_OF_RANGE","raw":1754.1,"sigma":1.5,"state":"IDLE","t":"2026-07-16T10:48:10.0550725Z","type":"sample"}
{"channel":"gsr","display":2800.6,"mu":0,"quality":"OK","raw":2800.6,"sigma":10,"state":"IDLE","t":"2026-07-16T10:48:10.0701695Z","type":"sample"}
{"channel":"rr","display":58.13953488372093,"mu":0,"quality":"OUT_OF_RANGE","raw":1753.9,"sigma":1.5,"state":"IDLE","t":"2026-07-16T10:48:10.0949693Z","type":"sample"}
{"channel":"rr","display":58.13953488372093,"mu":0,"quality":"OUT_OF_RANGE","raw":1753.3,"sigma":1.5,"state":"IDLE","t":"2026-07-16T10:48:10.1348321Z","type":"sample"}
{"channel":"gsr","display":2805.6,"mu":0,"quality":"OK","raw":2805.6,"sigma":10,"state":"IDLE","t":"2026-07-16T10:48:10.1678472Z","type":"sample"}
{"channel":"rr","display":58.13953488372093,"mu":0,"quality":"OUT_OF_RANGE","raw":1754.5,"sigma":1.5,"state":"IDLE","t":"2026-07-16T10:48:10.1746782Z","type":"sample"}
{"channel":"rr","display":58.13953488372093,"mu":0,"quality":"OUT_OF_RANGE","raw":1754.1,"sigma":1.5,"state":"IDLE","t":"2026-07-16T10:48:10.2154819Z","type":"sample"}
{"channel":"rr","display":58.13953488372093,"mu":0,"quality":"OUT_OF_RANGE","raw":1753.9,"sigma":1.5,"state":"IDLE","t":"2026-07-16T10:48:10.2550299Z","type":"sample"}
{"channel":"gsr","display":2813,"mu":0,"quality":"OK","raw":2813,"sigma":10,"state":"IDLE","t":"2026-07-16T10:48:10.266633Z","type":"sample"}
{"channel":"hr","display":0,"mu":0,"quality":"OUT_OF_RANGE","raw":0,"sigma":3,"state":"IDLE","t":"2026-07-16T10:48:10.2755022Z","type":"sample"}
{"channel":"rr","display":58.13953488372093,"mu":0,"quality":"OUT_OF_RANGE","raw":1753.5,"sigma":1.5,"state":"IDLE","t":"2026-07-16T10:48:10.2948642Z","type":"sample"}
{"channel":"rr","display":58.13953488372093,"mu":0,"quality":"OUT_OF_RANGE","raw":1753.9,"sigma":1.5,"state":"IDLE","t":"2026-07-16T10:48:10.3350759Z","type":"sample"}
{"channel":"gsr","display":2814.2,"mu":0,"quality":"OK","raw":2814.2,"sigma":10,"state":"IDLE","t":"2026-07-16T10:48:10.3676644Z","type":"sample"}
{"channel":"rr","display":58.13953488372093,"mu":0,"quality":"OUT_OF_RANGE","raw":1753.6,"sigma":1.5,"state":"IDLE","t":"2026-07-16T10:48:10.3747865Z","type":"sample"}
{"channel":"rr","display":58.13953488372093,"mu":0,"quality":"OUT_OF_RANGE","raw":1752.5,"sigma":1.5,"state":"IDLE","t":"2026-07-16T10:48:10.4151953Z","type":"sample"}
{"channel":"rr","display":58.13953488372093,"mu":0,"quality":"OUT_OF_RANGE","raw":1753.6,"sigma":1.5,"state":"IDLE","t":"2026-07-16T10:48:10.4550913Z","type":"sample"}
{"channel":"gsr","display":2818.2,"mu":0,"quality":"OK","raw":2818.2,"sigma":10,"state":"IDLE","t":"2026-07-16T10:48:10.4702728Z","type":"sample"}
{"channel":"rr","display":58.13953488372093,"mu":0,"quality":"OUT_OF_RANGE","raw":1753.9,"sigma":1.5,"state":"IDLE","t":"2026-07-16T10:48:10.4948174Z","type":"sample"}
{"address":"/cue/p/start","args":null,"channel":"system","dir":"out","t":"2026-07-16T10:48:10.5091611Z","type":"osc"}
{"channel":"rr","display":58.13953488372093,"mu":0,"quality":"OUT_OF_RANGE","raw":1753.8,"sigma":1.5,"state":"IDLE","t":"2026-07-16T10:48:10.5350743Z","type":"sample"}
{"channel":"gsr","display":2822.6,"mu":0,"quality":"OK","raw":2822.6,"sigma":10,"state":"IDLE","t":"2026-07-16T10:48:10.5678619Z","type":"sample"}
{"channel":"rr","display":58.13953488372093,"mu":0,"quality":"OUT_OF_RANGE","raw":1753.8,"sigma":1.5,"state":"IDLE","t":"2026-07-16T10:48:10.5750808Z","type":"sample"}
{"channel":"rr","display":58.13953488372093,"mu":0,"quality":"OUT_OF_RANGE","raw":1753,"sigma":1.5,"state":"IDLE","t":"2026-07-16T10:48:10.6151832Z","type":"sample"}
{"channel":"rr","display":58.13953488372093,"mu":0,"quality":"OUT_OF_RANGE","raw":1753.2,"sigma":1.5,"state":"IDLE","t":"2026-07-16T10:48:10.6547004Z","type":"sample"}
{"channel":"gsr","display":2822.1,"mu":0,"quality":"OK","raw":2822.1,"sigma":10,"state":"IDLE","t":"2026-07-16T10:48:10.6692797Z","type":"sample"}
{"channel":"rr","display":58.13953488372093,"mu":0,"quality":"OUT_OF_RANGE","raw":1754.5,"sigma":1.5,"state":"IDLE","t":"2026-07-16T10:48:10.6949124Z","type":"sample"}
{"channel":"rr","display":58.13953488372093,"mu":0,"quality":"OUT_OF_RANGE","raw":1753.4,"sigma":1.5,"state":"IDLE","t":"2026-07-16T10:48:10.7351098Z","type":"sample"}
{"channel":"gsr","display":2829.2,"mu":0,"quality":"OK","raw":2829.2,"sigma":10,"state":"IDLE","t":"2026-07-16T10:48:10.7685998Z","type":"sample"}
{"channel":"rr","display":58.13953488372093,"mu":0,"quality":"OUT_OF_RANGE","raw":1753,"sigma":1.5,"state":"IDLE","t":"2026-07-16T10:48:10.774617Z","type":"sample"}
{"channel":"hr","display":0,"mu":0,"quality":"OUT_OF_RANGE","raw":0,"sigma":3,"state":"IDLE","t":"2026-07-16T10:48:10.7756354Z","type":"sample"}
{"channel":"rr","display":58.13953488372093,"mu":0,"quality":"OUT_OF_RANGE","raw":1753,"sigma":1.5,"state":"IDLE","t":"2026-07-16T10:48:10.8147439Z","type":"sample"}
{"channel":"rr","display":58.13953488372093,"mu":0,"quality":"OUT_OF_RANGE","raw":1753.6,"sigma":1.5,"state":"IDLE","t":"2026-07-16T10:48:10.8548109Z","type":"sample"}
{"channel":"gsr","display":2834.8,"mu":0,"quality":"OK","raw":2834.8,"sigma":10,"state":"IDLE","t":"2026-07-16T10:48:10.8703296Z","type":"sample"}
{"address":"/cue/g1/start","args":null,"channel":"system","dir":"out","t":"2026-07-16T10:48:10.8891823Z","type":"osc"}
{"channel":"rr","display":58.13953488372093,"mu":0,"quality":"OUT_OF_RANGE","raw":1753,"sigma":1.5,"state":"IDLE","t":"2026-07-16T10:48:10.8949824Z","type":"sample"}
{"channel":"rr","display":58.13953488372093,"mu":0,"quality":"OUT_OF_RANGE","raw":1753.3,"sigma":1.5,"state":"IDLE","t":"2026-07-16T10:48:10.934989Z","type":"sample"}
{"channel":"gsr","display":2837.4,"mu":0,"quality":"OK","raw":2837.4,"sigma":10,"state":"IDLE","t":"2026-07-16T10:48:10.9703946Z","type":"sample"}
{"channel":"rr","display":58.13953488372093,"mu":0,"quality":"OUT_OF_RANGE","raw":1753.5,"sigma":1.5,"state":"IDLE","t":"2026-07-16T10:48:10.9750106Z","type":"sample"}
{"channel":"rr","display":58.13953488372093,"mu":0,"quality":"OUT_OF_RANGE","raw":1752.9,"sigma":1.5,"state":"IDLE","t":"2026-07-16T10:48:11.0152379Z","type":"sample"}
{"channel":"rr","display":58.13953488372093,"mu":0,"quality":"OUT_OF_RANGE","raw":1753,"sigma":1.5,"state":"IDLE","t":"2026-07-16T10:48:11.0548042Z","type":"sample"}
{"channel":"gsr","display":2839.8,"mu":0,"quality":"OK","raw":2839.8,"sigma":10,"state":"IDLE","t":"2026-07-16T10:48:11.07036Z","type":"sample"}
{"channel":"rr","display":58.13953488372093,"mu":0,"quality":"OUT_OF_RANGE","raw":1754.2,"sigma":1.5,"state":"IDLE","t":"2026-07-16T10:48:11.0947715Z","type":"sample"}
{"channel":"rr","display":58.13953488372093,"mu":0,"quality":"OUT_OF_RANGE","raw":1753.1,"sigma":1.5,"state":"IDLE","t":"2026-07-16T10:48:11.1350518Z","type":"sample"}
{"channel":"gsr","display":2844.7,"mu":0,"quality":"OK","raw":2844.7,"sigma":10,"state":"IDLE","t":"2026-07-16T10:48:11.1677822Z","type":"sample"}
{"channel":"rr","display":58.13953488372093,"mu":0,"quality":"OUT_OF_RANGE","raw":1754.1,"sigma":1.5,"state":"IDLE","t":"2026-07-16T10:48:11.1749901Z","type":"sample"}
{"channel":"rr","display":58.13953488372093,"mu":0,"quality":"OUT_OF_RANGE","raw":1753.8,"sigma":1.5,"state":"IDLE","t":"2026-07-16T10:48:11.21514Z","type":"sample"}
{"channel":"rr","display":58.13953488372093,"mu":0,"quality":"OUT_OF_RANGE","raw":1753.9,"sigma":1.5,"state":"IDLE","t":"2026-07-16T10:48:11.2546693Z","type":"sample"}
{"channel":"gsr","display":2849.2,"mu":0,"quality":"OK","raw":2849.2,"sigma":10,"state":"IDLE","t":"2026-07-16T10:48:11.270315Z","type":"sample"}
{"channel":"hr","display":0,"mu":0,"quality":"OUT_OF_RANGE","raw":0,"sigma":3,"state":"IDLE","t":"2026-07-16T10:48:11.275805Z","type":"sample"}
{"channel":"rr","display":58.13953488372093,"mu":0,"quality":"OUT_OF_RANGE","raw":1753.3,"sigma":1.5,"state":"IDLE","t":"2026-07-16T10:48:11.2948184Z","type":"sample"}
{"channel":"rr","display":58.13953488372093,"mu":0,"quality":"OUT_OF_RANGE","raw":1753.2,"sigma":1.5,"state":"IDLE","t":"2026-07-16T10:48:11.3350017Z","type":"sample"}
{"channel":"gsr","display":2853.9,"mu":0,"quality":"OK","raw":2853.9,"sigma":10,"state":"IDLE","t":"2026-07-16T10:48:11.3679438Z","type":"sample"}
{"channel":"rr","display":58.13953488372093,"mu":0,"quality":"OUT_OF_RANGE","raw":1753.7,"sigma":1.5,"state":"IDLE","t":"2026-07-16T10:48:11.3748487Z","type":"sample"}
{"channel":"rr","display":58.13953488372093,"mu":0,"quality":"OUT_OF_RANGE","raw":1753.9,"sigma":1.5,"state":"IDLE","t":"2026-07-16T10:48:11.4152803Z","type":"sample"}
{"channel":"rr","display":58.13953488372093,"mu":0,"quality":"OUT_OF_RANGE","raw":1752.9,"sigma":1.5,"state":"IDLE","t":"2026-07-16T10:48:11.4546709Z","type":"sample"}
{"channel":"gsr","display":2859.8,"mu":0,"quality":"OK","raw":2859.8,"sigma":10,"state":"IDLE","t":"2026-07-16T10:48:11.4702421Z","type":"sample"}
{"channel":"rr","display":58.59375,"mu":0,"quality":"OUT_OF_RANGE","raw":1753.1,"sigma":1.5,"state":"IDLE","t":"2026-07-16T10:48:11.4946792Z","type":"sample"}
{"address":"/cue/p/start","args":null,"channel":"system","dir":"out","t":"2026-07-16T10:48:11.5095593Z","type":"osc"}
{"channel":"rr","display":58.59375,"mu":0,"quality":"OUT_OF_RANGE","raw":1752.6,"sigma":1.5,"state":"IDLE","t":"2026-07-16T10:48:11.5350482Z","type":"sample"}
{"channel":"gsr","display":2858.1,"mu":0,"quality":"OK","raw":2858.1,"sigma":10,"state":"IDLE","t":"2026-07-16T10:48:11.5704138Z","type":"sample"}
{"channel":"rr","display":58.59375,"mu":0,"quality":"OUT_OF_RANGE","raw":1755.1,"sigma":1.5,"state":"IDLE","t":"2026-07-16T10:48:11.5750057Z","type":"sample"}
{"channel":"rr","display":58.59375,"mu":0,"quality":"OUT_OF_RANGE","raw":1754.3,"sigma":1.5,"state":"IDLE","t":"2026-07-16T10:48:11.6146974Z","type":"sample"}
{"channel":"rr","display":58.59375,"mu":0,"quality":"OUT_OF_RANGE","raw":1753.2,"sigma":1.5,"state":"IDLE","t":"2026-07-16T10:48:11.6547713Z","type":"sample"}
{"channel":"gsr","display":2863.3,"mu":0,"quality":"OK","raw":2863.3,"sigma":10,"state":"IDLE","t":"2026-07-16T10:48:11.6696297Z","type":"sample"}
{"channel":"rr","display":58.59375,"mu":0,"quality":"OUT_OF_RANGE","raw":1754.2,"sigma":1.5,"state":"IDLE","t":"2026-07-16T10:48:11.6949828Z","type":"sample"}
{"channel":"rr","display":58.59375,"mu":0,"quality":"OUT_OF_RANGE","raw":1754,"sigma":1.5,"state":"IDLE","t":"2026-07-16T10:48:11.734668Z","type":"sample"}
{"channel":"gsr","display":2871.6,"mu":0,"quality":"OK","raw":2871.6,"sigma":10,"state":"IDLE","t":"2026-07-16T10:48:11.7704319Z","type":"sample"}
{"channel":"rr","display":58.59375,"mu":0,"quality":"OUT_OF_RANGE","raw":1753.8,"sigma":1.5,"state":"IDLE","t":"2026-07-16T10:48:11.774596Z","type":"sample"}
{"channel":"hr","display":0,"mu":0,"quality":"OUT_OF_RANGE","raw":0,"sigma":3,"state":"IDLE","t":"2026-07-16T10:48:11.7756072Z","type":"sample"}
{"channel":"rr","display":58.59375,"mu":0,"quality":"OUT_OF_RANGE","raw":1753.4,"sigma":1.5,"state":"IDLE","t":"2026-07-16T10:48:11.8146479Z","type":"sample"}
{"channel":"rr","display":58.59375,"mu":0,"quality":"OUT_OF_RANGE","raw":1753.2,"sigma":1.5,"state":"IDLE","t":"2026-07-16T10:48:11.8549574Z","type":"sample"}
{"channel":"gsr","display":2870.9,"mu":0,"quality":"OK","raw":2870.9,"sigma":10,"state":"IDLE","t":"2026-07-16T10:48:11.8702404Z","type":"sample"}
{"address":"/cue/g1/start","args":null,"channel":"system","dir":"out","t":"2026-07-16T10:48:11.8931189Z","type":"osc"}
{"channel":"rr","display":58.59375,"mu":0,"quality":"OUT_OF_RANGE","raw":1753.1,"sigma":1.5,"state":"IDLE","t":"2026-07-16T10:48:11.8952334Z","type":"sample"}
{"channel":"rr","display":58.59375,"mu":0,"quality":"OUT_OF_RANGE","raw":1753.6,"sigma":1.5,"state":"IDLE","t":"2026-07-16T10:48:11.9341592Z","type":"sample"}
{"channel":"gsr","display":2870.5,"mu":0,"quality":"OK","raw":2870.5,"sigma":10,"state":"IDLE","t":"2026-07-16T10:48:11.9703593Z","type":"sample"}
{"channel":"rr","display":58.59375,"mu":0,"quality":"OUT_OF_RANGE","raw":1753.4,"sigma":1.5,"state":"IDLE","t":"2026-07-16T10:48:11.9749331Z","type":"sample"}
{"channel":"rr","display":58.59375,"mu":0,"quality":"OUT_OF_RANGE","raw":1752.6,"sigma":1.5,"state":"IDLE","t":"2026-07-16T10:48:12.0147118Z","type":"sample"}
{"channel":"rr","display":58.59375,"mu":0,"quality":"OUT_OF_RANGE","raw":1754.8,"sigma":1.5,"state":"IDLE","t":"2026-07-16T10:48:12.0546891Z","type":"sample"}
{"channel":"gsr","display":2879.5,"mu":0,"quality":"OK","raw":2879.5,"sigma":10,"state":"IDLE","t":"2026-07-16T10:48:12.0702162Z","type":"sample"}
{"channel":"rr","display":58.59375,"mu":0,"quality":"OUT_OF_RANGE","raw":1754.6,"sigma":1.5,"state":"IDLE","t":"2026-07-16T10:48:12.0947289Z","type":"sample"}
{"channel":"rr","display":58.59375,"mu":0,"quality":"OUT_OF_RANGE","raw":1753.6,"sigma":1.5,"state":"IDLE","t":"2026-07-16T10:48:12.1341Z","type":"sample"}
{"channel":"gsr","display":2880.1,"mu":0,"quality":"OK","raw":2880.1,"sigma":10,"state":"IDLE","t":"2026-07-16T10:48:12.1679337Z","type":"sample"}
{"channel":"rr","display":58.59375,"mu":0,"quality":"OUT_OF_RANGE","raw":1752.6,"sigma":1.5,"state":"IDLE","t":"2026-07-16T10:48:12.1746929Z","type":"sample"}
{"channel":"rr","display":58.59375,"mu":0,"quality":"OUT_OF_RANGE","raw":1753.4,"sigma":1.5,"state":"IDLE","t":"2026-07-16T10:48:12.2149746Z","type":"sample"}
{"channel":"rr","display":58.59375,"mu":0,"quality":"OUT_OF_RANGE","raw":1753.2,"sigma":1.5,"state":"IDLE","t":"2026-07-16T10:48:12.2550211Z","type":"sample"}
{"channel":"gsr","display":2887.6,"mu":0,"quality":"OK","raw":2887.6,"sigma":10,"state":"IDLE","t":"2026-07-16T10:48:12.2702395Z","type":"sample"}
{"channel":"hr","display":0,"mu":0,"quality":"OUT_OF_RANGE","raw":0,"sigma":3,"state":"IDLE","t":"2026-07-16T10:48:12.2755829Z","type":"sample"}
{"channel":"rr","display":58.59375,"mu":0,"quality":"OUT_OF_RANGE","raw":1753.7,"sigma":1.5,"state":"IDLE","t":"2026-07-16T10:48:12.2946283Z","type":"sample"}
{"channel":"rr","display":58.59375,"mu":0,"quality":"OUT_OF_RANGE","raw":1753.4,"sigma":1.5,"state":"IDLE","t":"2026-07-16T10:48:12.3349347Z","type":"sample"}
{"channel":"gsr","display":2888.3,"mu":0,"quality":"OK","raw":2888.3,"sigma":10,"state":"IDLE","t":"2026-07-16T10:48:12.369598Z","type":"sample"}
{"channel":"rr","display":58.59375,"mu":0,"quality":"OUT_OF_RANGE","raw":1753.5,"sigma":1.5,"state":"IDLE","t":"2026-07-16T10:48:12.374659Z","type":"sample"}
{"channel":"rr","display":58.59375,"mu":0,"quality":"OUT_OF_RANGE","raw":1752.9,"sigma":1.5,"state":"IDLE","t":"2026-07-16T10:48:12.4147883Z","type":"sample"}
{"channel":"rr","display":58.59375,"mu":0,"quality":"OUT_OF_RANGE","raw":1753.2,"sigma":1.5,"state":"IDLE","t":"2026-07-16T10:48:12.4548283Z","type":"sample"}
{"channel":"gsr","display":2890.9,"mu":0,"quality":"OK","raw":2890.9,"sigma":10,"state":"IDLE","t":"2026-07-16T10:48:12.4703185Z","type":"sample"}
{"channel":"rr","display":58.59375,"mu":0,"quality":"OUT_OF_RANGE","raw":1753.8,"sigma":1.5,"state":"IDLE","t":"2026-07-16T10:48:12.4949684Z","type":"sample"}
{"address":"/cue/p/start","args":null,"channel":"system","dir":"out","t":"2026-07-16T10:48:12.5097418Z","type":"osc"}
{"channel":"rr","display":58.59375,"mu":0,"quality":"OUT_OF_RANGE","raw":1753.8,"sigma":1.5,"state":"IDLE","t":"2026-07-16T10:48:12.5351232Z","type":"sample"}
{"channel":"gsr","display":2897.7,"mu":0,"quality":"OK","raw":2897.7,"sigma":10,"state":"IDLE","t":"2026-07-16T10:48:12.5675601Z","type":"sample"}
{"channel":"rr","display":58.59375,"mu":0,"quality":"OUT_OF_RANGE","raw":1752.4,"sigma":1.5,"state":"IDLE","t":"2026-07-16T10:48:12.5745827Z","type":"sample"}
{"channel":"rr","display":58.59375,"mu":0,"quality":"OUT_OF_RANGE","raw":1752.4,"sigma":1.5,"state":"IDLE","t":"2026-07-16T10:48:12.6146442Z","type":"sample"}
{"channel":"rr","display":58.59375,"mu":0,"quality":"OUT_OF_RANGE","raw":1752.9,"sigma":1.5,"state":"IDLE","t":"2026-07-16T10:48:12.6546168Z","type":"sample"}
{"channel":"gsr","display":2896.1,"mu":0,"quality":"OK","raw":2896.1,"sigma":10,"state":"IDLE","t":"2026-07-16T10:48:12.6701632Z","type":"sample"}
{"channel":"rr","display":56.390977443609025,"mu":0,"quality":"OUT_OF_RANGE","raw":1754.2,"sigma":1.5,"state":"IDLE","t":"2026-07-16T10:48:12.6949957Z","type":"sample"}
{"channel":"rr","display":56.390977443609025,"mu":0,"quality":"OUT_OF_RANGE","raw":1753.9,"sigma":1.5,"state":"IDLE","t":"2026-07-16T10:48:12.7346401Z","type":"sample"}
{"channel":"gsr","display":2902,"mu":0,"quality":"OK","raw":2902,"sigma":10,"state":"IDLE","t":"2026-07-16T10:48:12.7677108Z","type":"sample"}
{"channel":"rr","display":56.390977443609025,"mu":0,"quality":"OUT_OF_RANGE","raw":1753.8,"sigma":1.5,"state":"IDLE","t":"2026-07-16T10:48:12.7750159Z","type":"sample"}
{"channel":"hr","display":0,"mu":0,"quality":"OUT_OF_RANGE","raw":0,"sigma":3,"state":"IDLE","t":"2026-07-16T10:48:12.7760213Z","type":"sample"}
{"channel":"rr","display":56.390977443609025,"mu":0,"quality":"OUT_OF_RANGE","raw":1753.8,"sigma":1.5,"state":"IDLE","t":"2026-07-16T10:48:12.8148231Z","type":"sample"}
{"channel":"rr","display":56.390977443609025,"mu":0,"quality":"OUT_OF_RANGE","raw":1753.5,"sigma":1.5,"state":"IDLE","t":"2026-07-16T10:48:12.8547207Z","type":"sample"}
{"channel":"gsr","display":2907.3,"mu":0,"quality":"OK","raw":2907.3,"sigma":10,"state":"IDLE","t":"2026-07-16T10:48:12.8701965Z","type":"sample"}
{"channel":"rr","display":56.390977443609025,"mu":0,"quality":"OUT_OF_RANGE","raw":1753.1,"sigma":1.5,"state":"IDLE","t":"2026-07-16T10:48:12.8948759Z","type":"sample"}
{"address":"/cue/g1/start","args":null,"channel":"system","dir":"out","t":"2026-07-16T10:48:12.9019687Z","type":"osc"}
{"channel":"rr","display":56.390977443609025,"mu":0,"quality":"OUT_OF_RANGE","raw":1753.4,"sigma":1.5,"state":"IDLE","t":"2026-07-16T10:48:12.9346433Z","type":"sample"}
{"channel":"gsr","display":2910.5,"mu":0,"quality":"OK","raw":2910.5,"sigma":10,"state":"IDLE","t":"2026-07-16T10:48:12.9690161Z","type":"sample"}
{"channel":"rr","display":56.390977443609025,"mu":0,"quality":"OUT_OF_RANGE","raw":1752.2,"sigma":1.5,"state":"IDLE","t":"2026-07-16T10:48:12.974978Z","type":"sample"}
{"channel":"rr","display":56.390977443609025,"mu":0,"quality":"OUT_OF_RANGE","raw":1754,"sigma":1.5,"state":"IDLE","t":"2026-07-16T10:48:13.0146483Z","type":"sample"}
{"channel":"rr","display":56.390977443609025,"mu":0,"quality":"OUT_OF_RANGE","raw":1753,"sigma":1.5,"state":"IDLE","t":"2026-07-16T10:48:13.0549926Z","type":"sample"}
{"channel":"gsr","display":2912.8,"mu":0,"quality":"OK","raw":2912.8,"sigma":10,"state":"IDLE","t":"2026-07-16T10:48:13.0703127Z","type":"sample"}
{"channel":"rr","display":56.390977443609025,"mu":0,"quality":"OUT_OF_RANGE","raw":1752.8,"sigma":1.5,"state":"IDLE","t":"2026-07-16T10:48:13.0949023Z","type":"sample"}
{"channel":"rr","display":56.390977443609025,"mu":0,"quality":"OUT_OF_RANGE","raw":1753.3,"sigma":1.5,"state":"IDLE","t":"2026-07-16T10:48:13.1350401Z","type":"sample"}
{"channel":"gsr","display":2913.4,"mu":0,"quality":"OK","raw":2913.4,"sigma":10,"state":"IDLE","t":"2026-07-16T10:48:13.1703827Z","type":"sample"}
{"channel":"rr","display":56.390977443609025,"mu":0,"quality":"OUT_OF_RANGE","raw":1753.1,"sigma":1.5,"state":"IDLE","t":"2026-07-16T10:48:13.175044Z","type":"sample"}
{"channel":"rr","display":56.390977443609025,"mu":0,"quality":"OUT_OF_RANGE","raw":1753,"sigma":1.5,"state":"IDLE","t":"2026-07-16T10:48:13.2150338Z","type":"sample"}
{"channel":"rr","display":56.390977443609025,"mu":0,"quality":"OUT_OF_RANGE","raw":1752.6,"sigma":1.5,"state":"IDLE","t":"2026-07-16T10:48:13.2549649Z","type":"sample"}
{"channel":"gsr","display":2919.3,"mu":0,"quality":"OK","raw":2919.3,"sigma":10,"state":"IDLE","t":"2026-07-16T10:48:13.2701391Z","type":"sample"}
{"channel":"hr","display":0,"mu":0,"quality":"OUT_OF_RANGE","raw":0,"sigma":3,"state":"IDLE","t":"2026-07-16T10:48:13.2758146Z","type":"sample"}
{"channel":"rr","display":56.390977443609025,"mu":0,"quality":"OUT_OF_RANGE","raw":1753.3,"sigma":1.5,"state":"IDLE","t":"2026-07-16T10:48:13.295023Z","type":"sample"}
{"channel":"rr","display":56.390977443609025,"mu":0,"quality":"OUT_OF_RANGE","raw":1752.7,"sigma":1.5,"state":"IDLE","t":"2026-07-16T10:48:13.3345476Z","type":"sample"}
{"channel":"gsr","display":2923.3,"mu":0,"quality":"OK","raw":2923.3,"sigma":10,"state":"IDLE","t":"2026-07-16T10:48:13.3683552Z","type":"sample"}
{"channel":"rr","display":56.390977443609025,"mu":0,"quality":"OUT_OF_RANGE","raw":1752.8,"sigma":1.5,"state":"IDLE","t":"2026-07-16T10:48:13.3745992Z","type":"sample"}
{"channel":"rr","display":56.390977443609025,"mu":0,"quality":"OUT_OF_RANGE","raw":1753.9,"sigma":1.5,"state":"IDLE","t":"2026-07-16T10:48:13.4150784Z","type":"sample"}
{"channel":"rr","display":56.390977443609025,"mu":0,"quality":"OUT_OF_RANGE","raw":1753.5,"sigma":1.5,"state":"IDLE","t":"2026-07-16T10:48:13.4548579Z","type":"sample"}
{"channel":"gsr","display":2927.4,"mu":0,"quality":"OK","raw":2927.4,"sigma":10,"state":"IDLE","t":"2026-07-16T10:48:13.4695876Z","type":"sample"}
{"channel":"rr","display":56.390977443609025,"mu":0,"quality":"OUT_OF_RANGE","raw":1754.2,"sigma":1.5,"state":"IDLE","t":"2026-07-16T10:48:13.4945394Z","type":"sample"}
{"address":"/cue/p/start","args":null,"channel":"system","dir":"out","t":"2026-07-16T10:48:13.509502Z","type":"osc"}
{"channel":"rr","display":56.390977443609025,"mu":0,"quality":"OUT_OF_RANGE","raw":1753.1,"sigma":1.5,"state":"IDLE","t":"2026-07-16T10:48:13.5346623Z","type":"sample"}
{"channel":"gsr","display":2926.3,"mu":0,"quality":"OK","raw":2926.3,"sigma":10,"state":"IDLE","t":"2026-07-16T10:48:13.5703725Z","type":"sample"}
{"channel":"rr","display":56.390977443609025,"mu":0,"quality":"OUT_OF_RANGE","raw":1752.9,"sigma":1.5,"state":"IDLE","t":"2026-07-16T10:48:13.5749214Z","type":"sample"}
{"channel":"rr","display":56.390977443609025,"mu":0,"quality":"OUT_OF_RANGE","raw":1753,"sigma":1.5,"state":"IDLE","t":"2026-07-16T10:48:13.6152093Z","type":"sample"}
{"channel":"rr","display":56.390977443609025,"mu":0,"quality":"OUT_OF_RANGE","raw":1753.8,"sigma":1.5,"state":"IDLE","t":"2026-07-16T10:48:13.6546252Z","type":"sample"}
{"channel":"gsr","display":2930.9,"mu":0,"quality":"OK","raw":2930.9,"sigma":10,"state":"IDLE","t":"2026-07-16T10:48:13.6702753Z","type":"sample"}
{"channel":"rr","display":56.390977443609025,"mu":0,"quality":"OUT_OF_RANGE","raw":1753.7,"sigma":1.5,"state":"IDLE","t":"2026-07-16T10:48:13.6948388Z","type":"sample"}
{"channel":"rr","display":56.390977443609025,"mu":0,"quality":"OUT_OF_RANGE","raw":1753.9,"sigma":1.5,"state":"IDLE","t":"2026-07-16T10:48:13.7350051Z","type":"sample"}
{"channel":"gsr","display":2931,"mu":0,"quality":"OK","raw":2931,"sigma":10,"state":"IDLE","t":"2026-07-16T10:48:13.7682726Z","type":"sample"}
{"channel":"rr","display":56.390977443609025,"mu":0,"quality":"OUT_OF_RANGE","raw":1754.1,"sigma":1.5,"state":"IDLE","t":"2026-07-16T10:48:13.7745677Z","type":"sample"}
{"channel":"hr","display":0,"mu":0,"quality":"OUT_OF_RANGE","raw":0,"sigma":3,"state":"IDLE","t":"2026-07-16T10:48:13.7755927Z","type":"sample"}
{"channel":"rr","display":56.390977443609025,"mu":0,"quality":"OUT_OF_RANGE","raw":1753.5,"sigma":1.5,"state":"IDLE","t":"2026-07-16T10:48:13.8148767Z","type":"sample"}
{"channel":"rr","display":56.390977443609025,"mu":0,"quality":"OUT_OF_RANGE","raw":1754,"sigma":1.5,"state":"IDLE","t":"2026-07-16T10:48:13.8546953Z","type":"sample"}
{"channel":"gsr","display":2937.2,"mu":0,"quality":"OK","raw":2937.2,"sigma":10,"state":"IDLE","t":"2026-07-16T10:48:13.8692413Z","type":"sample"}
{"channel":"rr","display":56.390977443609025,"mu":0,"quality":"OUT_OF_RANGE","raw":1753.8,"sigma":1.5,"state":"IDLE","t":"2026-07-16T10:48:13.8948775Z","type":"sample"}
{"address":"/cue/g1/start","args":null,"channel":"system","dir":"out","t":"2026-07-16T10:48:13.9054931Z","type":"osc"}
{"channel":"rr","display":56.390977443609025,"mu":0,"quality":"OUT_OF_RANGE","raw":1753.8,"sigma":1.5,"state":"IDLE","t":"2026-07-16T10:48:13.9348718Z","type":"sample"}
{"channel":"gsr","display":2936.9,"mu":0,"quality":"OK","raw":2936.9,"sigma":10,"state":"IDLE","t":"2026-07-16T10:48:13.9689534Z","type":"sample"}
{"channel":"rr","display":56.390977443609025,"mu":0,"quality":"OUT_OF_RANGE","raw":1753.6,"sigma":1.5,"state":"IDLE","t":"2026-07-16T10:48:13.9749548Z","type":"sample"}
{"channel":"rr","display":56.390977443609025,"mu":0,"quality":"OUT_OF_RANGE","raw":1753.9,"sigma":1.5,"state":"IDLE","t":"2026-07-16T10:48:14.0150931Z","type":"sample"}
{"channel":"rr","display":56.390977443609025,"mu":0,"quality":"OUT_OF_RANGE","raw":1753.2,"sigma":1.5,"state":"IDLE","t":"2026-07-16T10:48:14.054675Z","type":"sample"}
{"channel":"gsr","display":2938.2,"mu":0,"quality":"OK","raw":2938.2,"sigma":10,"state":"IDLE","t":"2026-07-16T10:48:14.0702631Z","type":"sample"}
{"channel":"rr","display":56.390977443609025,"mu":0,"quality":"OUT_OF_RANGE","raw":1754.9,"sigma":1.5,"state":"IDLE","t":"2026-07-16T10:48:14.0950637Z","type":"sample"}
{"channel":"rr","display":56.390977443609025,"mu":0,"quality":"OUT_OF_RANGE","raw":1754.4,"sigma":1.5,"state":"IDLE","t":"2026-07-16T10:48:14.1348795Z","type":"sample"}
{"channel":"gsr","display":2943.4,"mu":0,"quality":"OK","raw":2943.4,"sigma":10,"state":"IDLE","t":"2026-07-16T10:48:14.1680102Z","type":"sample"}
{"channel":"rr","display":56.390977443609025,"mu":0,"quality":"OUT_OF_RANGE","raw":1753.2,"sigma":1.5,"state":"IDLE","t":"2026-07-16T10:48:14.1745878Z","type":"sample"}
{"channel":"rr","display":56.390977443609025,"mu":0,"quality":"OUT_OF_RANGE","raw":1752.9,"sigma":1.5,"state":"IDLE","t":"2026-07-16T10:48:14.2148182Z","type":"sample"}
{"channel":"rr","display":51.36986301369863,"mu":0,"quality":"OUT_OF_RANGE","raw":1753.8,"sigma":1.5,"state":"IDLE","t":"2026-07-16T10:48:14.2548296Z","type":"sample"}
{"channel":"gsr","display":2949.8,"mu":0,"quality":"OK","raw":2949.8,"sigma":10,"state":"IDLE","t":"2026-07-16T10:48:14.2702797Z","type":"sample"}
{"channel":"hr","display":0,"mu":0,"quality":"OUT_OF_RANGE","raw":0,"sigma":3,"state":"IDLE","t":"2026-07-16T10:48:14.2755678Z","type":"sample"}
{"channel":"rr","display":51.36986301369863,"mu":0,"quality":"OUT_OF_RANGE","raw":1752.7,"sigma":1.5,"state":"IDLE","t":"2026-07-16T10:48:14.2949667Z","type":"sample"}
{"channel":"rr","display":51.36986301369863,"mu":0,"quality":"OUT_OF_RANGE","raw":1753.5,"sigma":1.5,"state":"IDLE","t":"2026-07-16T10:48:14.3349722Z","type":"sample"}
{"channel":"gsr","display":2951.1,"mu":0,"quality":"OK","raw":2951.1,"sigma":10,"state":"IDLE","t":"2026-07-16T10:48:14.3679576Z","type":"sample"}
{"channel":"rr","display":51.36986301369863,"mu":0,"quality":"OUT_OF_RANGE","raw":1753.4,"sigma":1.5,"state":"IDLE","t":"2026-07-16T10:48:14.3745721Z","type":"sample"}
{"channel":"rr","display":51.36986301369863,"mu":0,"quality":"OUT_OF_RANGE","raw":1753.8,"sigma":1.5,"state":"IDLE","t":"2026-07-16T10:48:14.4149972Z","type":"sample"}
{"channel":"rr","display":51.36986301369863,"mu":0,"quality":"OUT_OF_RANGE","raw":1754.1,"sigma":1.5,"state":"IDLE","t":"2026-07-16T10:48:14.454623Z","type":"sample"}
{"channel":"gsr","display":2954.3,"mu":0,"quality":"OK","raw":2954.3,"sigma":10,"state":"IDLE","t":"2026-07-16T10:48:14.4701525Z","type":"sample"}
{"channel":"rr","display":51.36986301369863,"mu":0,"quality":"OUT_OF_RANGE","raw":1754.5,"sigma":1.5,"state":"IDLE","t":"2026-07-16T10:48:14.4949893Z","type":"sample"}
{"address":"/cue/p/start","args":null,"channel":"system","dir":"out","t":"2026-07-16T10:48:14.5099665Z","type":"osc"}
{"channel":"rr","display":51.36986301369863,"mu":0,"quality":"OUT_OF_RANGE","raw":1754.2,"sigma":1.5,"state":"IDLE","t":"2026-07-16T10:48:14.5348841Z","type":"sample"}
{"channel":"gsr","display":2959.7,"mu":0,"quality":"OK","raw":2959.7,"sigma":10,"state":"IDLE","t":"2026-07-16T10:48:14.569994Z","type":"sample"}
{"channel":"rr","display":51.36986301369863,"mu":0,"quality":"OUT_OF_RANGE","raw":1753.6,"sigma":1.5,"state":"IDLE","t":"2026-07-16T10:48:14.5748326Z","type":"sample"}
{"channel":"rr","display":51.36986301369863,"mu":0,"quality":"OUT_OF_RANGE","raw":1753.2,"sigma":1.5,"state":"IDLE","t":"2026-07-16T10:48:14.6146884Z","type":"sample"}
{"channel":"rr","display":51.36986301369863,"mu":0,"quality":"OUT_OF_RANGE","raw":1753.7,"sigma":1.5,"state":"IDLE","t":"2026-07-16T10:48:14.6546373Z","type":"sample"}
{"channel":"gsr","display":2959.3,"mu":0,"quality":"OK","raw":2959.3,"sigma":10,"state":"IDLE","t":"2026-07-16T10:48:14.6698496Z","type":"sample"}
{"channel":"rr","display":51.36986301369863,"mu":0,"quality":"OUT_OF_RANGE","raw":1753.4,"sigma":1.5,"state":"IDLE","t":"2026-07-16T10:48:14.6946534Z","type":"sample"}
{"channel":"rr","display":51.36986301369863,"mu":0,"quality":"OUT_OF_RANGE","raw":1754.1,"sigma":1.5,"state":"IDLE","t":"2026-07-16T10:48:14.7348361Z","type":"sample"}
{"channel":"gsr","display":2962.2,"mu":0,"quality":"OK","raw":2962.2,"sigma":10,"state":"IDLE","t":"2026-07-16T10:48:14.7681314Z","type":"sample"}
{"channel":"rr","display":51.36986301369863,"mu":0,"quality":"OUT_OF_RANGE","raw":1753.2,"sigma":1.5,"state":"IDLE","t":"2026-07-16T10:48:14.7747765Z","type":"sample"}
{"channel":"hr","display":0,"mu":0,"quality":"OUT_OF_RANGE","raw":0,"sigma":3,"state":"IDLE","t":"2026-07-16T10:48:14.7758198Z","type":"sample"}
{"channel":"rr","display":51.36986301369863,"mu":0,"quality":"OUT_OF_RANGE","raw":1753.4,"sigma":1.5,"state":"IDLE","t":"2026-07-16T10:48:14.8152161Z","type":"sample"}
{"channel":"rr","display":51.36986301369863,"mu":0,"quality":"OUT_OF_RANGE","raw":1753.9,"sigma":1.5,"state":"IDLE","t":"2026-07-16T10:48:14.8548933Z","type":"sample"}
{"channel":"gsr","display":2966.8,"mu":0,"quality":"OK","raw":2966.8,"sigma":10,"state":"IDLE","t":"2026-07-16T10:48:14.8703233Z","type":"sample"}
{"channel":"rr","display":51.36986301369863,"mu":0,"quality":"OUT_OF_RANGE","raw":1754.1,"sigma":1.5,"state":"IDLE","t":"2026-07-16T10:48:14.894811Z","type":"sample"}
{"address":"/cue/g1/start","args":null,"channel":"system","dir":"out","t":"2026-07-16T10:48:14.9131499Z","type":"osc"}
{"channel":"rr","display":51.36986301369863,"mu":0,"quality":"OUT_OF_RANGE","raw":1753.4,"sigma":1.5,"state":"IDLE","t":"2026-07-16T10:48:14.9346855Z","type":"sample"}
{"channel":"gsr","display":2968.8,"mu":0,"quality":"OK","raw":2968.8,"sigma":10,"state":"IDLE","t":"2026-07-16T10:48:14.9678727Z","type":"sample"}
{"channel":"rr","display":51.36986301369863,"mu":0,"quality":"OUT_OF_RANGE","raw":1753.9,"sigma":1.5,"state":"IDLE","t":"2026-07-16T10:48:14.9749742Z","type":"sample"}
{"channel":"rr","display":51.36986301369863,"mu":0,"quality":"OUT_OF_RANGE","raw":1752.5,"sigma":1.5,"state":"IDLE","t":"2026-07-16T10:48:15.0151576Z","type":"sample"}
{"channel":"rr","display":51.36986301369863,"mu":0,"quality":"OUT_OF_RANGE","raw":1752.5,"sigma":1.5,"state":"IDLE","t":"2026-07-16T10:48:15.0547042Z","type":"sample"}
{"channel":"gsr","display":2973.2,"mu":0,"quality":"OK","raw":2973.2,"sigma":10,"state":"IDLE","t":"2026-07-16T10:48:15.0704029Z","type":"sample"}
{"channel":"rr","display":51.36986301369863,"mu":0,"quality":"OUT_OF_RANGE","raw":1754.3,"sigma":1.5,"state":"IDLE","t":"2026-07-16T10:48:15.0949691Z","type":"sample"}
{"channel":"rr","display":51.36986301369863,"mu":0,"quality":"OUT_OF_RANGE","raw":1753.6,"sigma":1.5,"state":"IDLE","t":"2026-07-16T10:48:15.134961Z","type":"sample"}
{"channel":"gsr","display":2973.7,"mu":0,"quality":"OK","raw":2973.7,"sigma":10,"state":"IDLE","t":"2026-07-16T10:48:15.1703526Z","type":"sample"}
{"channel":"rr","display":51.36986301369863,"mu":0,"quality":"OUT_OF_RANGE","raw":1754.2,"sigma":1.5,"state":"IDLE","t":"2026-07-16T10:48:15.1749065Z","type":"sample"}
{"channel":"rr","display":51.36986301369863,"mu":0,"quality":"OUT_OF_RANGE","raw":1753.4,"sigma":1.5,"state":"IDLE","t":"2026-07-16T10:48:15.2149054Z","type":"sample"}
{"channel":"rr","display":51.36986301369863,"mu":0,"quality":"OUT_OF_RANGE","raw":1753.9,"sigma":1.5,"state":"IDLE","t":"2026-07-16T10:48:15.2549065Z","type":"sample"}
{"channel":"gsr","display":2978.1,"mu":0,"quality":"OK","raw":2978.1,"sigma":10,"state":"IDLE","t":"2026-07-16T10:48:15.2702459Z","type":"sample"}
{"channel":"hr","display":0,"mu":0,"quality":"OUT_OF_RANGE","raw":0,"sigma":3,"state":"IDLE","t":"2026-07-16T10:48:15.2755073Z","type":"sample"}
{"channel":"rr","display":51.36986301369863,"mu":0,"quality":"OUT_OF_RANGE","raw":1753.4,"sigma":1.5,"state":"IDLE","t":"2026-07-16T10:48:15.2947524Z","type":"sample"}
{"channel":"rr","display":51.36986301369863,"mu":0,"quality":"OUT_OF_RANGE","raw":1752.9,"sigma":1.5,"state":"IDLE","t":"2026-07-16T10:48:15.3350263Z","type":"sample"}
{"channel":"gsr","display":2983.3,"mu":0,"quality":"OK","raw":2983.3,"sigma":10,"state":"IDLE","t":"2026-07-16T10:48:15.3683187Z","type":"sample"}
{"channel":"rr","display":50.67567567567568,"mu":0,"quality":"OUT_OF_RANGE","raw":1753.6,"sigma":1.5,"state":"IDLE","t":"2026-07-16T10:48:15.3746216Z","type":"sample"}
{"channel":"rr","display":50.67567567567568,"mu":0,"quality":"OUT_OF_RANGE","raw":1752.7,"sigma":1.5,"state":"IDLE","t":"2026-07-16T10:48:15.4152883Z","type":"sample"}
{"channel":"rr","display":50.67567567567568,"mu":0,"quality":"OUT_OF_RANGE","raw":1753.7,"sigma":1.5,"state":"IDLE","t":"2026-07-16T10:48:15.4546985Z","type":"sample"}
{"channel":"gsr","display":2985,"mu":0,"quality":"OK","raw":2985,"sigma":10,"state":"IDLE","t":"2026-07-16T10:48:15.4699454Z","type":"sample"}
{"channel":"rr","display":50.67567567567568,"mu":0,"quality":"OUT_OF_RANGE","raw":1753.6,"sigma":1.5,"state":"IDLE","t":"2026-07-16T10:48:15.4949792Z","type":"sample"}
{"address":"/cue/p/start","args":null,"channel":"system","dir":"out","t":"2026-07-16T10:48:15.5091888Z","type":"osc"}
{"channel":"rr","display":50.67567567567568,"mu":0,"quality":"OUT_OF_RANGE","raw":1753.6,"sigma":1.5,"state":"IDLE","t":"2026-07-16T10:48:15.53459Z","type":"sample"}
{"channel":"gsr","display":2987.4,"mu":0,"quality":"OK","raw":2987.4,"sigma":10,"state":"IDLE","t":"2026-07-16T10:48:15.5698606Z","type":"sample"}
{"channel":"rr","display":50.67567567567568,"mu":0,"quality":"OUT_OF_RANGE","raw":1754.4,"sigma":1.5,"state":"IDLE","t":"2026-07-16T10:48:15.5747214Z","type":"sample"}
{"channel":"rr","display":50.67567567567568,"mu":0,"quality":"OUT_OF_RANGE","raw":1752.8,"sigma":1.5,"state":"IDLE","t":"2026-07-16T10:48:15.615215Z","type":"sample"}
{"channel":"rr","display":50.67567567567568,"mu":0,"quality":"OUT_OF_RANGE","raw":1753.1,"sigma":1.5,"state":"IDLE","t":"2026-07-16T10:48:15.6549291Z","type":"sample"}
{"channel":"gsr","display":2987.5,"mu":0,"quality":"OK","raw":2987.5,"sigma":10,"state":"IDLE","t":"2026-07-16T10:48:15.6701829Z","type":"sample"}
{"channel":"rr","display":50.67567567567568,"mu":0,"quality":"OUT_OF_RANGE","raw":1753.2,"sigma":1.5,"state":"IDLE","t":"2026-07-16T10:48:15.6950147Z","type":"sample"}
{"channel":"rr","display":50.67567567567568,"mu":0,"quality":"OUT_OF_RANGE","raw":1753.6,"sigma":1.5,"state":"IDLE","t":"2026-07-16T10:48:15.7346661Z","type":"sample"}
{"channel":"gsr","display":2991.7,"mu":0,"quality":"OK","raw":2991.7,"sigma":10,"state":"IDLE","t":"2026-07-16T10:48:15.7703094Z","type":"sample"}
{"channel":"rr","display":50.67567567567568,"mu":0,"quality":"OUT_OF_RANGE","raw":1752.6,"sigma":1.5,"state":"IDLE","t":"2026-07-16T10:48:15.775067Z","type":"sample"}
{"channel":"hr","display":0,"mu":0,"quality":"OUT_OF_RANGE","raw":0,"sigma":3,"state":"IDLE","t":"2026-07-16T10:48:15.7761589Z","type":"sample"}
{"channel":"rr","display":50.67567567567568,"mu":0,"quality":"OUT_OF_RANGE","raw":1754.3,"sigma":1.5,"state":"IDLE","t":"2026-07-16T10:48:15.815343Z","type":"sample"}
{"channel":"rr","display":50.67567567567568,"mu":0,"quality":"OUT_OF_RANGE","raw":1753.2,"sigma":1.5,"state":"IDLE","t":"2026-07-16T10:48:15.8547549Z","type":"sample"}
{"channel":"gsr","display":2995.4,"mu":0,"quality":"OK","raw":2995.4,"sigma":10,"state":"IDLE","t":"2026-07-16T10:48:15.8701999Z","type":"sample"}
{"channel":"rr","display":50.67567567567568,"mu":0,"quality":"OUT_OF_RANGE","raw":1754.1,"sigma":1.5,"state":"IDLE","t":"2026-07-16T10:48:15.8950593Z","type":"sample"}
{"address":"/cue/g1/start","args":null,"channel":"system","dir":"out","t":"2026-07-16T10:48:15.9223176Z","type":"osc"}
{"channel":"rr","display":50.67567567567568,"mu":0,"quality":"OUT_OF_RANGE","raw":1753.8,"sigma":1.5,"state":"IDLE","t":"2026-07-16T10:48:15.935Z","type":"sample"}
{"channel":"gsr","display":2996,"mu":0,"quality":"OK","raw":2996,"sigma":10,"state":"IDLE","t":"2026-07-16T10:48:15.9703437Z","type":"sample"}
{"channel":"rr","display":50.67567567567568,"mu":0,"quality":"OUT_OF_RANGE","raw":1753.1,"sigma":1.5,"state":"IDLE","t":"2026-07-16T10:48:15.9749618Z","type":"sample"}
{"channel":"rr","display":50.67567567567568,"mu":0,"quality":"OUT_OF_RANGE","raw":1753.8,"sigma":1.5,"state":"IDLE","t":"2026-07-16T10:48:16.0154655Z","type":"sample"}
{"channel":"rr","display":50.67567567567568,"mu":0,"quality":"OUT_OF_RANGE","raw":1753.7,"sigma":1.5,"state":"IDLE","t":"2026-07-16T10:48:16.0549903Z","type":"sample"}
{"channel":"gsr","display":2998.2,"mu":0,"quality":"OK","raw":2998.2,"sigma":10,"state":"IDLE","t":"2026-07-16T10:48:16.0701981Z","type":"sample"}
{"channel":"rr","display":50.67567567567568,"mu":0,"quality":"OUT_OF_RANGE","raw":1752.8,"sigma":1.5,"state":"IDLE","t":"2026-07-16T10:48:16.0948761Z","type":"sample"}
{"channel":"rr","display":50.67567567567568,"mu":0,"quality":"OUT_OF_RANGE","raw":1753.7,"sigma":1.5,"state":"IDLE","t":"2026-07-16T10:48:16.1350545Z","type":"sample"}
{"channel":"gsr","display":3000.9,"mu":0,"quality":"OK","raw":3000.9,"sigma":10,"state":"IDLE","t":"2026-07-16T10:48:16.1704424Z","type":"sample"}
{"channel":"rr","display":50.67567567567568,"mu":0,"quality":"OUT_OF_RANGE","raw":1753.9,"sigma":1.5,"state":"IDLE","t":"2026-07-16T10:48:16.1748763Z","type":"sample"}
{"channel":"rr","display":50.67567567567568,"mu":0,"quality":"OUT_OF_RANGE","raw":1752.6,"sigma":1.5,"state":"IDLE","t":"2026-07-16T10:48:16.2152725Z","type":"sample"}
{"channel":"rr","display":50.67567567567568,"mu":0,"quality":"OUT_OF_RANGE","raw":1755.1,"sigma":1.5,"state":"IDLE","t":"2026-07-16T10:48:16.2546156Z","type":"sample"}
{"channel":"gsr","display":3002.6,"mu":0,"quality":"OK","raw":3002.6,"sigma":10,"state":"IDLE","t":"2026-07-16T10:48:16.269331Z","type":"sample"}
{"channel":"hr","display":0,"mu":0,"quality":"OUT_OF_RANGE","raw":0,"sigma":3,"state":"IDLE","t":"2026-07-16T10:48:16.2755643Z","type":"sample"}
{"channel":"rr","display":50.67567567567568,"mu":0,"quality":"OUT_OF_RANGE","raw":1753.2,"sigma":1.5,"state":"IDLE","t":"2026-07-16T10:48:16.2948143Z","type":"sample"}
{"channel":"rr","display":50.67567567567568,"mu":0,"quality":"OUT_OF_RANGE","raw":1753.7,"sigma":1.5,"state":"IDLE","t":"2026-07-16T10:48:16.3346145Z","type":"sample"}
{"channel":"gsr","display":3004.9,"mu":0,"quality":"OK","raw":3004.9,"sigma":10,"state":"IDLE","t":"2026-07-16T10:48:16.3701238Z","type":"sample"}
{"channel":"rr","display":50.67567567567568,"mu":0,"quality":"OUT_OF_RANGE","raw":1753.9,"sigma":1.5,"state":"IDLE","t":"2026-07-16T10:48:16.374865Z","type":"sample"}
{"channel":"rr","display":50.67567567567568,"mu":0,"quality":"OUT_OF_RANGE","raw":1753.8,"sigma":1.5,"state":"IDLE","t":"2026-07-16T10:48:16.4149362Z","type":"sample"}
{"channel":"rr","display":50.67567567567568,"mu":0,"quality":"OUT_OF_RANGE","raw":1752.9,"sigma":1.5,"state":"IDLE","t":"2026-07-16T10:48:16.4549335Z","type":"sample"}
{"channel":"gsr","display":3011.1,"mu":0,"quality":"OK","raw":3011.1,"sigma":10,"state":"IDLE","t":"2026-07-16T10:48:16.4701785Z","type":"sample"}
{"channel":"rr","display":49.66887417218543,"mu":0,"quality":"OUT_OF_RANGE","raw":1753.3,"sigma":1.5,"state":"IDLE","t":"2026-07-16T10:48:16.4946167Z","type":"sample"}
{"address":"/cue/p/start","args":null,"channel":"system","dir":"out","t":"2026-07-16T10:48:16.5103336Z","type":"osc"}
{"channel":"rr","display":49.66887417218543,"mu":0,"quality":"OUT_OF_RANGE","raw":1752.4,"sigma":1.5,"state":"IDLE","t":"2026-07-16T10:48:16.5350036Z","type":"sample"}
{"channel":"gsr","display":3009.8,"mu":0,"quality":"OK","raw":3009.8,"sigma":10,"state":"IDLE","t":"2026-07-16T10:48:16.5679668Z","type":"sample"}
{"channel":"rr","display":49.66887417218543,"mu":0,"quality":"OUT_OF_RANGE","raw":1753.2,"sigma":1.5,"state":"IDLE","t":"2026-07-16T10:48:16.5750935Z","type":"sample"}
{"channel":"rr","display":49.66887417218543,"mu":0,"quality":"OUT_OF_RANGE","raw":1753.6,"sigma":1.5,"state":"IDLE","t":"2026-07-16T10:48:16.6152646Z","type":"sample"}
{"channel":"rr","display":49.66887417218543,"mu":0,"quality":"OUT_OF_RANGE","raw":1753.9,"sigma":1.5,"state":"IDLE","t":"2026-07-16T10:48:16.6546075Z","type":"sample"}
{"channel":"gsr","display":3013.8,"mu":0,"quality":"OK","raw":3013.8,"sigma":10,"state":"IDLE","t":"2026-07-16T10:48:16.6699286Z","type":"sample"}
{"channel":"rr","display":49.66887417218543,"mu":0,"quality":"OUT_OF_RANGE","raw":1753.8,"sigma":1.5,"state":"IDLE","t":"2026-07-16T10:48:16.6948716Z","type":"sample"}
{"channel":"rr","display":49.66887417218543,"mu":0,"quality":"OUT_OF_RANGE","raw":1753.8,"sigma":1.5,"state":"IDLE","t":"2026-07-16T10:48:16.7346051Z","type":"sample"}
{"channel":"gsr","display":3016.6,"mu":0,"quality":"OK","raw":3016.6,"sigma":10,"state":"IDLE","t":"2026-07-16T10:48:16.7675989Z","type":"sample"}
{"channel":"rr","display":49.66887417218543,"mu":0,"quality":"OUT_OF_RANGE","raw":1752.4,"sigma":1.5,"state":"IDLE","t":"2026-07-16T10:48:16.7745834Z","type":"sample"}
{"channel":"hr","display":0,"mu":0,"quality":"OUT_OF_RANGE","raw":0,"sigma":3,"state":"IDLE","t":"2026-07-16T10:48:16.7755964Z","type":"sample"}
{"channel":"rr","display":49.66887417218543,"mu":0,"quality":"OUT_OF_RANGE","raw":1752.8,"sigma":1.5,"state":"IDLE","t":"2026-07-16T10:48:16.8153584Z","type":"sample"}
{"channel":"rr","display":49.66887417218543,"mu":0,"quality":"OUT_OF_RANGE","raw":1753.6,"sigma":1.5,"state":"IDLE","t":"2026-07-16T10:48:16.8546048Z","type":"sample"}
{"channel":"gsr","display":3019.2,"mu":0,"quality":"OK","raw":3019.2,"sigma":10,"state":"IDLE","t":"2026-07-16T10:48:16.8702707Z","type":"sample"}
{"channel":"rr","display":49.66887417218543,"mu":0,"quality":"OUT_OF_RANGE","raw":1753.4,"sigma":1.5,"state":"IDLE","t":"2026-07-16T10:48:16.8949305Z","type":"sample"}
{"address":"/cue/g1/start","args":null,"channel":"system","dir":"out","t":"2026-07-16T10:48:16.9263197Z","type":"osc"}
{"channel":"rr","display":49.66887417218543,"mu":0,"quality":"OUT_OF_RANGE","raw":1753.6,"sigma":1.5,"state":"IDLE","t":"2026-07-16T10:48:16.9347876Z","type":"sample"}
{"channel":"gsr","display":3019.4,"mu":0,"quality":"OK","raw":3019.4,"sigma":10,"state":"IDLE","t":"2026-07-16T10:48:16.9677262Z","type":"sample"}
{"channel":"rr","display":49.66887417218543,"mu":0,"quality":"OUT_OF_RANGE","raw":1754,"sigma":1.5,"state":"IDLE","t":"2026-07-16T10:48:16.9750114Z","type":"sample"}
{"channel":"rr","display":49.66887417218543,"mu":0,"quality":"OUT_OF_RANGE","raw":1751.9,"sigma":1.5,"state":"IDLE","t":"2026-07-16T10:48:17.015499Z","type":"sample"}
{"channel":"rr","display":49.66887417218543,"mu":0,"quality":"OUT_OF_RANGE","raw":1753.1,"sigma":1.5,"state":"IDLE","t":"2026-07-16T10:48:17.0546895Z","type":"sample"}
{"channel":"gsr","display":3021.7,"mu":0,"quality":"OK","raw":3021.7,"sigma":10,"state":"IDLE","t":"2026-07-16T10:48:17.0667039Z","type":"sample"}
{"channel":"rr","display":49.66887417218543,"mu":0,"quality":"OUT_OF_RANGE","raw":1752.8,"sigma":1.5,"state":"IDLE","t":"2026-07-16T10:48:17.0950869Z","type":"sample"}
{"channel":"rr","display":49.66887417218543,"mu":0,"quality":"OUT_OF_RANGE","raw":1754.1,"sigma":1.5,"state":"IDLE","t":"2026-07-16T10:48:17.1351113Z","type":"sample"}
{"channel":"gsr","display":3028.5,"mu":0,"quality":"OK","raw":3028.5,"sigma":10,"state":"IDLE","t":"2026-07-16T10:48:17.1681205Z","type":"sample"}
{"channel":"rr","display":49.66887417218543,"mu":0,"quality":"OUT_OF_RANGE","raw":1755,"sigma":1.5,"state":"IDLE","t":"2026-07-16T10:48:17.1747954Z","type":"sample"}
{"channel":"rr","display":49.66887417218543,"mu":0,"quality":"OUT_OF_RANGE","raw":1754.1,"sigma":1.5,"state":"IDLE","t":"2026-07-16T10:48:17.2147995Z","type":"sample"}
{"channel":"rr","display":49.66887417218543,"mu":0,"quality":"OUT_OF_RANGE","raw":1754.1,"sigma":1.5,"state":"IDLE","t":"2026-07-16T10:48:17.2547635Z","type":"sample"}
{"channel":"gsr","display":3031.1,"mu":0,"quality":"OK","raw":3031.1,"sigma":10,"state":"IDLE","t":"2026-07-16T10:48:17.2693604Z","type":"sample"}
{"channel":"hr","display":0,"mu":0,"quality":"OUT_OF_RANGE","raw":0,"sigma":3,"state":"IDLE","t":"2026-07-16T10:48:17.2755506Z","type":"sample"}
{"channel":"rr","display":49.66887417218543,"mu":0,"quality":"OUT_OF_RANGE","raw":1754.1,"sigma":1.5,"state":"IDLE","t":"2026-07-16T10:48:17.2945965Z","type":"sample"}
{"channel":"rr","display":49.66887417218543,"mu":0,"quality":"OUT_OF_RANGE","raw":1754.4,"sigma":1.5,"state":"IDLE","t":"2026-07-16T10:48:17.334838Z","type":"sample"}
{"channel":"gsr","display":3031.4,"mu":0,"quality":"OK","raw":3031.4,"sigma":10,"state":"IDLE","t":"2026-07-16T10:48:17.3702225Z","type":"sample"}
{"channel":"rr","display":49.66887417218543,"mu":0,"quality":"OUT_OF_RANGE","raw":1754.8,"sigma":1.5,"state":"IDLE","t":"2026-07-16T10:48:17.3750248Z","type":"sample"}
{"channel":"rr","display":49.66887417218543,"mu":0,"quality":"OUT_OF_RANGE","raw":1753.8,"sigma":1.5,"state":"IDLE","t":"2026-07-16T10:48:17.4147166Z","type":"sample"}
{"channel":"rr","display":49.66887417218543,"mu":0,"quality":"OUT_OF_RANGE","raw":1753.7,"sigma":1.5,"state":"IDLE","t":"2026-07-16T10:48:17.4549984Z","type":"sample"}
{"channel":"gsr","display":3035.4,"mu":0,"quality":"OK","raw":3035.4,"sigma":10,"state":"IDLE","t":"2026-07-16T10:48:17.4701692Z","type":"sample"}
{"channel":"rr","display":49.66887417218543,"mu":0,"quality":"OUT_OF_RANGE","raw":1753.4,"sigma":1.5,"state":"IDLE","t":"2026-07-16T10:48:17.4949064Z","type":"sample"}
{"address":"/cue/p/start","args":null,"channel":"system","dir":"out","t":"2026-07-16T10:48:17.5097307Z","type":"osc"}
{"channel":"rr","display":49.66887417218543,"mu":0,"quality":"OUT_OF_RANGE","raw":1753.8,"sigma":1.5,"state":"IDLE","t":"2026-07-16T10:48:17.5346551Z","type":"sample"}
{"channel":"gsr","display":3036.9,"mu":0,"quality":"OK","raw":3036.9,"sigma":10,"state":"IDLE","t":"2026-07-16T10:48:17.5682772Z","type":"sample"}
{"channel":"rr","display":49.66887417218543,"mu":0,"quality":"OUT_OF_RANGE","raw":1753.4,"sigma":1.5,"state":"IDLE","t":"2026-07-16T10:48:17.5749207Z","type":"sample"}
{"channel":"rr","display":49.66887417218543,"mu":0,"quality":"OUT_OF_RANGE","raw":1753.5,"sigma":1.5,"state":"IDLE","t":"2026-07-16T10:48:17.6148863Z","type":"sample"}
{"channel":"rr","display":49.66887417218543,"mu":0,"quality":"OUT_OF_RANGE","raw":1753.6,"sigma":1.5,"state":"IDLE","t":"2026-07-16T10:48:17.654811Z","type":"sample"}
{"channel":"gsr","display":3042,"mu":0,"quality":"OK","raw":3042,"sigma":10,"state":"IDLE","t":"2026-07-16T10:48:17.6698668Z","type":"sample"}
{"channel":"rr","display":49.66887417218543,"mu":0,"quality":"OUT_OF_RANGE","raw":1756.3,"sigma":1.5,"state":"IDLE","t":"2026-07-16T10:48:17.6949665Z","type":"sample"}
{"channel":"rr","display":49.66887417218543,"mu":0,"quality":"OUT_OF_RANGE","raw":1753.5,"sigma":1.5,"state":"IDLE","t":"2026-07-16T10:48:17.7348939Z","type":"sample"}
{"channel":"gsr","display":3045.2,"mu":0,"quality":"OK","raw":3045.2,"sigma":10,"state":"IDLE","t":"2026-07-16T10:48:17.7679194Z","type":"sample"}
{"channel":"rr","display":49.66887417218543,"mu":0,"quality":"OUT_OF_RANGE","raw":1754.9,"sigma":1.5,"state":"IDLE","t":"2026-07-16T10:48:17.7747586Z","type":"sample"}
{"channel":"hr","display":0,"mu":0,"quality":"OUT_OF_RANGE","raw":0,"sigma":3,"state":"IDLE","t":"2026-07-16T10:48:17.7758224Z","type":"sample"}
{"channel":"rr","display":49.66887417218543,"mu":0,"quality":"OUT_OF_RANGE","raw":1754.4,"sigma":1.5,"state":"IDLE","t":"2026-07-16T10:48:17.8157945Z","type":"sample"}
{"channel":"rr","display":49.66887417218543,"mu":0,"quality":"OUT_OF_RANGE","raw":1753.8,"sigma":1.5,"state":"IDLE","t":"2026-07-16T10:48:17.8550487Z","type":"sample"}
{"channel":"gsr","display":3046.9,"mu":0,"quality":"OK","raw":3046.9,"sigma":10,"state":"IDLE","t":"2026-07-16T10:48:17.8701767Z","type":"sample"}
{"channel":"rr","display":49.66887417218543,"mu":0,"quality":"OUT_OF_RANGE","raw":1754.6,"sigma":1.5,"state":"IDLE","t":"2026-07-16T10:48:17.894954Z","type":"sample"}
{"address":"/cue/g1/start","args":null,"channel":"system","dir":"out","t":"2026-07-16T10:48:17.9312287Z","type":"osc"}
{"channel":"rr","display":49.66887417218543,"mu":0,"quality":"OUT_OF_RANGE","raw":1753.4,"sigma":1.5,"state":"IDLE","t":"2026-07-16T10:48:17.9350081Z","type":"sample"}
{"channel":"gsr","display":3047.4,"mu":0,"quality":"OK","raw":3047.4,"sigma":10,"state":"IDLE","t":"2026-07-16T10:48:17.9684452Z","type":"sample"}
{"channel":"rr","display":49.66887417218543,"mu":0,"quality":"OUT_OF_RANGE","raw":1753.5,"sigma":1.5,"state":"IDLE","t":"2026-07-16T10:48:17.9747522Z","type":"sample"}
{"channel":"rr","display":49.66887417218543,"mu":0,"quality":"OUT_OF_RANGE","raw":1753.7,"sigma":1.5,"state":"IDLE","t":"2026-07-16T10:48:18.0150448Z","type":"sample"}
{"channel":"rr","display":49.66887417218543,"mu":0,"quality":"OUT_OF_RANGE","raw":1753.6,"sigma":1.5,"state":"IDLE","t":"2026-07-16T10:48:18.0549456Z","type":"sample"}
{"channel":"gsr","display":3048.9,"mu":0,"quality":"OK","raw":3048.9,"sigma":10,"state":"IDLE","t":"2026-07-16T10:48:18.0664285Z","type":"sample"}
{"channel":"rr","display":49.66887417218543,"mu":0,"quality":"OUT_OF_RANGE","raw":1754.2,"sigma":1.5,"state":"IDLE","t":"2026-07-16T10:48:18.0947968Z","type":"sample"}
{"channel":"rr","display":49.66887417218543,"mu":0,"quality":"OUT_OF_RANGE","raw":1754,"sigma":1.5,"state":"IDLE","t":"2026-07-16T10:48:18.1348059Z","type":"sample"}
{"channel":"gsr","display":3052.3,"mu":0,"quality":"OK","raw":3052.3,"sigma":10,"state":"IDLE","t":"2026-07-16T10:48:18.169353Z","type":"sample"}
{"channel":"rr","display":49.66887417218543,"mu":0,"quality":"OUT_OF_RANGE","raw":1754,"sigma":1.5,"state":"IDLE","t":"2026-07-16T10:48:18.1746271Z","type":"sample"}
{"channel":"rr","display":49.66887417218543,"mu":0,"quality":"OUT_OF_RANGE","raw":1754,"sigma":1.5,"state":"IDLE","t":"2026-07-16T10:48:18.2149097Z","type":"sample"}
{"channel":"rr","display":49.66887417218543,"mu":0,"quality":"OUT_OF_RANGE","raw":1753,"sigma":1.5,"state":"IDLE","t":"2026-07-16T10:48:18.2549807Z","type":"sample"}
{"channel":"gsr","display":3058.1,"mu":0,"quality":"OK","raw":3058.1,"sigma":10,"state":"IDLE","t":"2026-07-16T10:48:18.2703793Z","type":"sample"}
{"channel":"hr","display":0,"mu":0,"quality":"OUT_OF_RANGE","raw":0,"sigma":3,"state":"IDLE","t":"2026-07-16T10:48:18.2759661Z","type":"sample"}
{"channel":"rr","display":49.66887417218543,"mu":0,"quality":"OUT_OF_RANGE","raw":1753.2,"sigma":1.5,"state":"IDLE","t":"2026-07-16T10:48:18.2947272Z","type":"sample"}
{"channel":"rr","display":43.85964912280702,"mu":0,"quality":"OUT_OF_RANGE","raw":1754.2,"sigma":1.5,"state":"IDLE","t":"2026-07-16T10:48:18.3348074Z","type":"sample"}
{"channel":"gsr","display":3062.2,"mu":0,"quality":"OK","raw":3062.2,"sigma":10,"state":"IDLE","t":"2026-07-16T10:48:18.3677542Z","type":"sample"}
{"channel":"rr","display":43.85964912280702,"mu":0,"quality":"OUT_OF_RANGE","raw":1754.2,"sigma":1.5,"state":"IDLE","t":"2026-07-16T10:48:18.3748735Z","type":"sample"}
{"channel":"rr","display":43.85964912280702,"mu":0,"quality":"OUT_OF_RANGE","raw":1753.7,"sigma":1.5,"state":"IDLE","t":"2026-07-16T10:48:18.4148324Z","type":"sample"}
{"channel":"rr","display":43.85964912280702,"mu":0,"quality":"OUT_OF_RANGE","raw":1754.1,"sigma":1.5,"state":"IDLE","t":"2026-07-16T10:48:18.4545601Z","type":"sample"}
{"channel":"gsr","display":3064,"mu":0,"quality":"OK","raw":3064,"sigma":10,"state":"IDLE","t":"2026-07-16T10:48:18.4701725Z","type":"sample"}
{"channel":"rr","display":43.85964912280702,"mu":0,"quality":"OUT_OF_RANGE","raw":1753.7,"sigma":1.5,"state":"IDLE","t":"2026-07-16T10:48:18.4948476Z","type":"sample"}
{"address":"/cue/p/start","args":null,"channel":"system","dir":"out","t":"2026-07-16T10:48:18.5095799Z","type":"osc"}
{"channel":"rr","display":43.85964912280702,"mu":0,"quality":"OUT_OF_RANGE","raw":1752.9,"sigma":1.5,"state":"IDLE","t":"2026-07-16T10:48:18.5350498Z","type":"sample"}
{"channel":"gsr","display":3061.9,"mu":0,"quality":"OK","raw":3061.9,"sigma":10,"state":"IDLE","t":"2026-07-16T10:48:18.5703692Z","type":"sample"}
{"channel":"rr","display":43.85964912280702,"mu":0,"quality":"OUT_OF_RANGE","raw":1753.9,"sigma":1.5,"state":"IDLE","t":"2026-07-16T10:48:18.574602Z","type":"sample"}
{"channel":"rr","display":43.85964912280702,"mu":0,"quality":"OUT_OF_RANGE","raw":1754,"sigma":1.5,"state":"IDLE","t":"2026-07-16T10:48:18.6148163Z","type":"sample"}
{"channel":"rr","display":43.85964912280702,"mu":0,"quality":"OUT_OF_RANGE","raw":1753.6,"sigma":1.5,"state":"IDLE","t":"2026-07-16T10:48:18.650534Z","type":"sample"}
{"channel":"gsr","display":3069.7,"mu":0,"quality":"OK","raw":3069.7,"sigma":10,"state":"IDLE","t":"2026-07-16T10:48:18.6701559Z","type":"sample"}
{"channel":"rr","display":43.85964912280702,"mu":0,"quality":"OUT_OF_RANGE","raw":1754.4,"sigma":1.5,"state":"IDLE","t":"2026-07-16T10:48:18.6949636Z","type":"sample"}
{"channel":"rr","display":43.85964912280702,"mu":0,"quality":"OUT_OF_RANGE","raw":1753.3,"sigma":1.5,"state":"IDLE","t":"2026-07-16T10:48:18.7345514Z","type":"sample"}
{"channel":"gsr","display":3071.1,"mu":0,"quality":"OK","raw":3071.1,"sigma":10,"state":"IDLE","t":"2026-07-16T10:48:18.7701344Z","type":"sample"}
{"channel":"rr","display":43.85964912280702,"mu":0,"quality":"OUT_OF_RANGE","raw":1753.8,"sigma":1.5,"state":"IDLE","t":"2026-07-16T10:48:18.7750634Z","type":"sample"}
{"channel":"hr","display":0,"mu":0,"quality":"OUT_OF_RANGE","raw":0,"sigma":3,"state":"IDLE","t":"2026-07-16T10:48:18.7761686Z","type":"sample"}
{"channel":"rr","display":43.85964912280702,"mu":0,"quality":"OUT_OF_RANGE","raw":1754.3,"sigma":1.5,"state":"IDLE","t":"2026-07-16T10:48:18.8146406Z","type":"sample"}
{"channel":"rr","display":43.85964912280702,"mu":0,"quality":"OUT_OF_RANGE","raw":1753,"sigma":1.5,"state":"IDLE","t":"2026-07-16T10:48:18.8548281Z","type":"sample"}
{"channel":"gsr","display":3075.4,"mu":0,"quality":"OK","raw":3075.4,"sigma":10,"state":"IDLE","t":"2026-07-16T10:48:18.869521Z","type":"sample"}
{"channel":"rr","display":43.85964912280702,"mu":0,"quality":"OUT_OF_RANGE","raw":1753.2,"sigma":1.5,"state":"IDLE","t":"2026-07-16T10:48:18.894942Z","type":"sample"}
{"channel":"rr","display":43.85964912280702,"mu":0,"quality":"OUT_OF_RANGE","raw":1754.1,"sigma":1.5,"state":"IDLE","t":"2026-07-16T10:48:18.9346563Z","type":"sample"}
{"address":"/cue/g1/start","args":null,"channel":"system","dir":"out","t":"2026-07-16T10:48:18.9357548Z","type":"osc"}
{"channel":"gsr","display":3076.3,"mu":0,"quality":"OK","raw":3076.3,"sigma":10,"state":"IDLE","t":"2026-07-16T10:48:18.9697622Z","type":"sample"}
{"channel":"rr","display":43.85964912280702,"mu":0,"quality":"OUT_OF_RANGE","raw":1753.6,"sigma":1.5,"state":"IDLE","t":"2026-07-16T10:48:18.9749787Z","type":"sample"}
{"channel":"rr","display":43.85964912280702,"mu":0,"quality":"OUT_OF_RANGE","raw":1754.1,"sigma":1.5,"state":"IDLE","t":"2026-07-16T10:48:19.0145387Z","type":"sample"}
{"channel":"rr","display":43.85964912280702,"mu":0,"quality":"OUT_OF_RANGE","raw":1753.2,"sigma":1.5,"state":"IDLE","t":"2026-07-16T10:48:19.0514855Z","type":"sample"}
{"channel":"gsr","display":3074.3,"mu":0,"quality":"OK","raw":3074.3,"sigma":10,"state":"IDLE","t":"2026-07-16T10:48:19.0703797Z","type":"sample"}
{"channel":"rr","display":43.85964912280702,"mu":0,"quality":"OUT_OF_RANGE","raw":1754.1,"sigma":1.5,"state":"IDLE","t":"2026-07-16T10:48:19.0948205Z","type":"sample"}
{"channel":"rr","display":43.85964912280702,"mu":0,"quality":"OUT_OF_RANGE","raw":1754.3,"sigma":1.5,"state":"IDLE","t":"2026-07-16T10:48:19.1345825Z","type":"sample"}
{"channel":"gsr","display":3080.2,"mu":0,"quality":"OK","raw":3080.2,"sigma":10,"state":"IDLE","t":"2026-07-16T10:48:19.1679209Z","type":"sample"}
{"channel":"rr","display":43.85964912280702,"mu":0,"quality":"OUT_OF_RANGE","raw":1753.6,"sigma":1.5,"state":"IDLE","t":"2026-07-16T10:48:19.1745941Z","type":"sample"}
{"channel":"rr","display":43.85964912280702,"mu":0,"quality":"OUT_OF_RANGE","raw":1753.5,"sigma":1.5,"state":"IDLE","t":"2026-07-16T10:48:19.2149415Z","type":"sample"}
{"channel":"rr","display":43.85964912280702,"mu":0,"quality":"OUT_OF_RANGE","raw":1753.5,"sigma":1.5,"state":"IDLE","t":"2026-07-16T10:48:19.2548762Z","type":"sample"}
{"channel":"gsr","display":3083.3,"mu":0,"quality":"OK","raw":3083.3,"sigma":10,"state":"IDLE","t":"2026-07-16T10:48:19.2694694Z","type":"sample"}
{"channel":"hr","display":0,"mu":0,"quality":"OUT_OF_RANGE","raw":0,"sigma":3,"state":"IDLE","t":"2026-07-16T10:48:19.2755459Z","type":"sample"}
{"channel":"rr","display":43.85964912280702,"mu":0,"quality":"OUT_OF_RANGE","raw":1753.4,"sigma":1.5,"state":"IDLE","t":"2026-07-16T10:48:19.2950585Z","type":"sample"}
{"channel":"rr","display":43.85964912280702,"mu":0,"quality":"OUT_OF_RANGE","raw":1753.8,"sigma":1.5,"state":"IDLE","t":"2026-07-16T10:48:19.3349829Z","type":"sample"}
{"channel":"gsr","display":3083.8,"mu":0,"quality":"OK","raw":3083.8,"sigma":10,"state":"IDLE","t":"2026-07-16T10:48:19.3679721Z","type":"sample"}
{"channel":"rr","display":43.85964912280702,"mu":0,"quality":"OUT_OF_RANGE","raw":1755.1,"sigma":1.5,"state":"IDLE","t":"2026-07-16T10:48:19.3745743Z","type":"sample"}
{"channel":"rr","display":43.85964912280702,"mu":0,"quality":"OUT_OF_RANGE","raw":1754.4,"sigma":1.5,"state":"IDLE","t":"2026-07-16T10:48:19.4149841Z","type":"sample"}
{"channel":"rr","display":43.85964912280702,"mu":0,"quality":"OUT_OF_RANGE","raw":1753.6,"sigma":1.5,"state":"IDLE","t":"2026-07-16T10:48:19.4548362Z","type":"sample"}
{"channel":"gsr","display":3086.5,"mu":0,"quality":"OK","raw":3086.5,"sigma":10,"state":"IDLE","t":"2026-07-16T10:48:19.4702579Z","type":"sample"}
{"channel":"rr","display":43.85964912280702,"mu":0,"quality":"OUT_OF_RANGE","raw":1754.4,"sigma":1.5,"state":"IDLE","t":"2026-07-16T10:48:19.4947333Z","type":"sample"}
{"address":"/cue/p/start","args":null,"channel":"system","dir":"out","t":"2026-07-16T10:48:19.509252Z","type":"osc"}
{"channel":"rr","display":43.85964912280702,"mu":0,"quality":"OUT_OF_RANGE","raw":1753.7,"sigma":1.5,"state":"IDLE","t":"2026-07-16T10:48:19.5349766Z","type":"sample"}
{"channel":"gsr","display":3087.8,"mu":0,"quality":"OK","raw":3087.8,"sigma":10,"state":"IDLE","t":"2026-07-16T10:48:19.5678568Z","type":"sample"}
{"channel":"rr","display":43.85964912280702,"mu":0,"quality":"OUT_OF_RANGE","raw":1753.2,"sigma":1.5,"state":"IDLE","t":"2026-07-16T10:48:19.5745513Z","type":"sample"}
{"channel":"rr","display":43.35260115606936,"mu":0,"quality":"OUT_OF_RANGE","raw":1753.4,"sigma":1.5,"state":"IDLE","t":"2026-07-16T10:48:19.6152137Z","type":"sample"}
{"channel":"rr","display":43.35260115606936,"mu":0,"quality":"OUT_OF_RANGE","raw":1753.5,"sigma":1.5,"state":"IDLE","t":"2026-07-16T10:48:19.6547201Z","type":"sample"}
{"channel":"gsr","display":3092.1,"mu":0,"quality":"OK","raw":3092.1,"sigma":10,"state":"IDLE","t":"2026-07-16T10:48:19.6701477Z","type":"sample"}
{"channel":"rr","display":43.35260115606936,"mu":0,"quality":"OUT_OF_RANGE","raw":1753.8,"sigma":1.5,"state":"IDLE","t":"2026-07-16T10:48:19.6947011Z","type":"sample"}
{"channel":"rr","display":43.35260115606936,"mu":0,"quality":"OUT_OF_RANGE","raw":1753.6,"sigma":1.5,"state":"IDLE","t":"2026-07-16T10:48:19.7350293Z","type":"sample"}
{"channel":"gsr","display":3086.8,"mu":0,"quality":"OK","raw":3086.8,"sigma":10,"state":"IDLE","t":"2026-07-16T10:48:19.7678571Z","type":"sample"}
{"channel":"rr","display":43.35260115606936,"mu":0,"quality":"OUT_OF_RANGE","raw":1754.5,"sigma":1.5,"state":"IDLE","t":"2026-07-16T10:48:19.7748175Z","type":"sample"}
{"channel":"hr","display":0,"mu":0,"quality":"OUT_OF_RANGE","raw":0,"sigma":3,"state":"IDLE","t":"2026-07-16T10:48:19.7758771Z","type":"sample"}
{"channel":"rr","display":43.35260115606936,"mu":0,"quality":"OUT_OF_RANGE","raw":1753.8,"sigma":1.5,"state":"IDLE","t":"2026-07-16T10:48:19.8151116Z","type":"sample"}
{"channel":"rr","display":43.35260115606936,"mu":0,"quality":"OUT_OF_RANGE","raw":1754.3,"sigma":1.5,"state":"IDLE","t":"2026-07-16T10:48:19.8549666Z","type":"sample"}
{"channel":"gsr","display":3089.9,"mu":0,"quality":"OK","raw":3089.9,"sigma":10,"state":"IDLE","t":"2026-07-16T10:48:19.8699726Z","type":"sample"}
{"channel":"rr","display":43.35260115606936,"mu":0,"quality":"OUT_OF_RANGE","raw":1753.1,"sigma":1.5,"state":"IDLE","t":"2026-07-16T10:48:19.894955Z","type":"sample"}
{"channel":"rr","display":43.35260115606936,"mu":0,"quality":"OUT_OF_RANGE","raw":1753.9,"sigma":1.5,"state":"IDLE","t":"2026-07-16T10:48:19.9348025Z","type":"sample"}
{"address":"/cue/g1/start","args":null,"channel":"system","dir":"out","t":"2026-07-16T10:48:19.9441236Z","type":"osc"}
{"channel":"gsr","display":3085.5,"mu":0,"quality":"OK","raw":3085.5,"sigma":10,"state":"IDLE","t":"2026-07-16T10:48:19.9703477Z","type":"sample"}
{"channel":"rr","display":43.35260115606936,"mu":0,"quality":"OUT_OF_RANGE","raw":1753.8,"sigma":1.5,"state":"IDLE","t":"2026-07-16T10:48:19.9750228Z","type":"sample"}
{"channel":"rr","display":43.35260115606936,"mu":0,"quality":"OUT_OF_RANGE","raw":1753.1,"sigma":1.5,"state":"IDLE","t":"2026-07-16T10:48:20.0153235Z","type":"sample"}
{"channel":"rr","display":43.35260115606936,"mu":0,"quality":"OUT_OF_RANGE","raw":1753.1,"sigma":1.5,"state":"IDLE","t":"2026-07-16T10:48:20.0550161Z","type":"sample"}
{"channel":"gsr","display":3086.3,"mu":0,"quality":"OK","raw":3086.3,"sigma":10,"state":"IDLE","t":"2026-07-16T10:48:20.0702848Z","type":"sample"}
{"channel":"rr","display":43.35260115606936,"mu":0,"quality":"OUT_OF_RANGE","raw":1753.6,"sigma":1.5,"state":"IDLE","t":"2026-07-16T10:48:20.0948447Z","type":"sample"}
{"channel":"rr","display":43.35260115606936,"mu":0,"quality":"OUT_OF_RANGE","raw":1752.5,"sigma":1.5,"state":"IDLE","t":"2026-07-16T10:48:20.1346049Z","type":"sample"}
{"channel":"gsr","display":3077.5,"mu":0,"quality":"OK","raw":3077.5,"sigma":10,"state":"IDLE","t":"2026-07-16T10:48:20.1703256Z","type":"sample"}
{"channel":"rr","display":43.35260115606936,"mu":0,"quality":"OUT_OF_RANGE","raw":1753.7,"sigma":1.5,"state":"IDLE","t":"2026-07-16T10:48:20.1745626Z","type":"sample"}
{"channel":"rr","display":43.35260115606936,"mu":0,"quality":"OUT_OF_RANGE","raw":1752.9,"sigma":1.5,"state":"IDLE","t":"2026-07-16T10:48:20.2148531Z","type":"sample"}
{"channel":"rr","display":43.35260115606936,"mu":0,"quality":"OUT_OF_RANGE","raw":1752.9,"sigma":1.5,"state":"IDLE","t":"2026-07-16T10:48:20.2545786Z","type":"sample"}
{"channel":"gsr","display":3080.8,"mu":0,"quality":"OK","raw":3080.8,"sigma":10,"state":"IDLE","t":"2026-07-16T10:48:20.2701817Z","type":"sample"}
{"channel":"hr","display":0,"mu":0,"quality":"OUT_OF_RANGE","raw":0,"sigma":3,"state":"IDLE","t":"2026-07-16T10:48:20.275915Z","type":"sample"}
{"channel":"rr","display":43.35260115606936,"mu":0,"quality":"OUT_OF_RANGE","raw":1753.6,"sigma":1.5,"state":"IDLE","t":"2026-07-16T10:48:20.2948763Z","type":"sample"}
{"channel":"rr","display":43.35260115606936,"mu":0,"quality":"OUT_OF_RANGE","raw":1753.7,"sigma":1.5,"state":"IDLE","t":"2026-07-16T10:48:20.3340207Z","type":"sample"}
{"channel":"gsr","display":3082.1,"mu":0,"quality":"OK","raw":3082.1,"sigma":10,"state":"IDLE","t":"2026-07-16T10:48:20.3702974Z","type":"sample"}
{"channel":"rr","display":43.35260115606936,"mu":0,"quality":"OUT_OF_RANGE","raw":1753.9,"sigma":1.5,"state":"IDLE","t":"2026-07-16T10:48:20.3749328Z","type":"sample"}
{"channel":"rr","display":43.35260115606936,"mu":0,"quality":"OUT_OF_RANGE","raw":1753.9,"sigma":1.5,"state":"IDLE","t":"2026-07-16T10:48:20.4149919Z","type":"sample"}
{"channel":"rr","display":43.35260115606936,"mu":0,"quality":"OUT_OF_RANGE","raw":1752.4,"sigma":1.5,"state":"IDLE","t":"2026-07-16T10:48:20.4550233Z","type":"sample"}
{"channel":"gsr","display":3074.3,"mu":0,"quality":"OK","raw":3074.3,"sigma":10,"state":"IDLE","t":"2026-07-16T10:48:20.4701586Z","type":"sample"}
{"channel":"rr","display":43.35260115606936,"mu":0,"quality":"OUT_OF_RANGE","raw":1753.2,"sigma":1.5,"state":"IDLE","t":"2026-07-16T10:48:20.4948743Z","type":"sample"}
{"address":"/cue/p/start","args":null,"channel":"system","dir":"out","t":"2026-07-16T10:48:20.5094694Z","type":"osc"}
{"channel":"rr","display":43.35260115606936,"mu":0,"quality":"OUT_OF_RANGE","raw":1754.1,"sigma":1.5,"state":"IDLE","t":"2026-07-16T10:48:20.5346796Z","type":"sample"}
{"channel":"gsr","display":3079.2,"mu":0,"quality":"OK","raw":3079.2,"sigma":10,"state":"IDLE","t":"2026-07-16T10:48:20.5698548Z","type":"sample"}
{"channel":"rr","display":43.35260115606936,"mu":0,"quality":"OUT_OF_RANGE","raw":1754.8,"sigma":1.5,"state":"IDLE","t":"2026-07-16T10:48:20.5749328Z","type":"sample"}
{"channel":"rr","display":43.35260115606936,"mu":0,"quality":"OUT_OF_RANGE","raw":1753.2,"sigma":1.5,"state":"IDLE","t":"2026-07-16T10:48:20.6150217Z","type":"sample"}
{"channel":"rr","display":43.35260115606936,"mu":0,"quality":"OUT_OF_RANGE","raw":1752.6,"sigma":1.5,"state":"IDLE","t":"2026-07-16T10:48:20.6548264Z","type":"sample"}
{"channel":"gsr","display":3081.2,"mu":0,"quality":"OK","raw":3081.2,"sigma":10,"state":"IDLE","t":"2026-07-16T10:48:20.6701981Z","type":"sample"}
{"channel":"rr","display":46.58385093167702,"mu":0,"quality":"OUT_OF_RANGE","raw":1753.5,"sigma":1.5,"state":"IDLE","t":"2026-07-16T10:48:20.6947012Z","type":"sample"}
{"channel":"rr","display":46.58385093167702,"mu":0,"quality":"OUT_OF_RANGE","raw":1753.4,"sigma":1.5,"state":"IDLE","t":"2026-07-16T10:48:20.7345558Z","type":"sample"}
{"channel":"gsr","display":3078.5,"mu":0,"quality":"OK","raw":3078.5,"sigma":10,"state":"IDLE","t":"2026-07-16T10:48:20.7703233Z","type":"sample"}
{"channel":"rr","display":46.58385093167702,"mu":0,"quality":"OUT_OF_RANGE","raw":1753.9,"sigma":1.5,"state":"IDLE","t":"2026-07-16T10:48:20.7746053Z","type":"sample"}
{"channel":"hr","display":0,"mu":0,"quality":"OUT_OF_RANGE","raw":0,"sigma":3,"state":"IDLE","t":"2026-07-16T10:48:20.7756194Z","type":"sample"}
{"channel":"rr","display":46.58385093167702,"mu":0,"quality":"OUT_OF_RANGE","raw":1753.2,"sigma":1.5,"state":"IDLE","t":"2026-07-16T10:48:20.8147617Z","type":"sample"}
{"channel":"rr","display":46.58385093167702,"mu":0,"quality":"OUT_OF_RANGE","raw":1754.1,"sigma":1.5,"state":"IDLE","t":"2026-07-16T10:48:20.8548442Z","type":"sample"}
{"channel":"gsr","display":3080.8,"mu":0,"quality":"OK","raw":3080.8,"sigma":10,"state":"IDLE","t":"2026-07-16T10:48:20.870157Z","type":"sample"}
{"channel":"rr","display":46.58385093167702,"mu":0,"quality":"OUT_OF_RANGE","raw":1754.4,"sigma":1.5,"state":"IDLE","t":"2026-07-16T10:48:20.8948037Z","type":"sample"}
{"channel":"rr","display":46.58385093167702,"mu":0,"quality":"OUT_OF_RANGE","raw":1753.7,"sigma":1.5,"state":"IDLE","t":"2026-07-16T10:48:20.9350058Z","type":"sample"}
{"address":"/cue/g1/start","args":null,"channel":"system","dir":"out","t":"2026-07-16T10:48:20.9475991Z","type":"osc"}
{"channel":"gsr","display":3080.7,"mu":0,"quality":"OK","raw":3080.7,"sigma":10,"state":"IDLE","t":"2026-07-16T10:48:20.9679225Z","type":"sample"}
{"channel":"rr","display":46.58385093167702,"mu":0,"quality":"OUT_OF_RANGE","raw":1754.2,"sigma":1.5,"state":"IDLE","t":"2026-07-16T10:48:20.9749757Z","type":"sample"}
{"channel":"rr","display":46.58385093167702,"mu":0,"quality":"OUT_OF_RANGE","raw":1754.2,"sigma":1.5,"state":"IDLE","t":"2026-07-16T10:48:21.0150029Z","type":"sample"}
{"channel":"rr","display":46.58385093167702,"mu":0,"quality":"OUT_OF_RANGE","raw":1754.8,"sigma":1.5,"state":"IDLE","t":"2026-07-16T10:48:21.0546704Z","type":"sample"}
{"channel":"gsr","display":3081,"mu":0,"quality":"OK","raw":3081,"sigma":10,"state":"IDLE","t":"2026-07-16T10:48:21.0701676Z","type":"sample"}
{"channel":"rr","display":46.58385093167702,"mu":0,"quality":"OUT_OF_RANGE","raw":1780.8,"sigma":1.5,"state":"IDLE","t":"2026-07-16T10:48:21.0945693Z","type":"sample"}
{"channel":"rr","display":46.58385093167702,"mu":0,"quality":"OUT_OF_RANGE","raw":1830.9,"sigma":1.5,"state":"IDLE","t":"2026-07-16T10:48:21.1347247Z","type":"sample"}
{"channel":"gsr","display":3077.9,"mu":0,"quality":"OK","raw":3077.9,"sigma":10,"state":"IDLE","t":"2026-07-16T10:48:21.1679725Z","type":"sample"}
{"channel":"rr","event":"quality_change","quality":"OK","t":"2026-07-16T10:48:21.1750423Z","type":"event"}
{"channel":"rr","display":46.58385093167702,"mu":0,"quality":"OK","raw":1833.3,"sigma":1.5,"state":"IDLE","t":"2026-07-16T10:48:21.1750423Z","type":"sample"}
{"channel":"rr","display":46.58385093167702,"mu":0,"quality":"OK","raw":1833.6,"sigma":1.5,"state":"IDLE","t":"2026-07-16T10:48:21.2148445Z","type":"sample"}
{"address":"/cue/r19/start","args":null,"channel":"system","dir":"out","t":"2026-07-16T10:48:21.2503727Z","type":"osc"}
{"channel":"rr","display":46.58385093167702,"mu":0,"quality":"OK","raw":1834.9,"sigma":1.5,"state":"IDLE","t":"2026-07-16T10:48:21.2549098Z","type":"sample"}
{"channel":"gsr","display":3077.7,"mu":0,"quality":"OK","raw":3077.7,"sigma":10,"state":"IDLE","t":"2026-07-16T10:48:21.2701252Z","type":"sample"}
{"channel":"hr","display":0,"mu":0,"quality":"OUT_OF_RANGE","raw":0,"sigma":3,"state":"IDLE","t":"2026-07-16T10:48:21.2757161Z","type":"sample"}
{"channel":"rr","display":46.58385093167702,"mu":0,"quality":"OK","raw":1836.1,"sigma":1.5,"state":"IDLE","t":"2026-07-16T10:48:21.2948467Z","type":"sample"}
{"channel":"rr","display":46.58385093167702,"mu":0,"quality":"OK","raw":1836.4,"sigma":1.5,"state":"IDLE","t":"2026-07-16T10:48:21.3333192Z","type":"sample"}
{"channel":"gsr","display":3080.3,"mu":0,"quality":"OK","raw":3080.3,"sigma":10,"state":"IDLE","t":"2026-07-16T10:48:21.3700408Z","type":"sample"}
{"channel":"rr","display":46.58385093167702,"mu":0,"quality":"OK","raw":1836.8,"sigma":1.5,"state":"IDLE","t":"2026-07-16T10:48:21.3746896Z","type":"sample"}
{"channel":"rr","display":46.58385093167702,"mu":0,"quality":"OK","raw":1837.4,"sigma":1.5,"state":"IDLE","t":"2026-07-16T10:48:21.4148538Z","type":"sample"}
{"channel":"rr","display":46.58385093167702,"mu":0,"quality":"OK","raw":1837.2,"sigma":1.5,"state":"IDLE","t":"2026-07-16T10:48:21.45492Z","type":"sample"}
{"channel":"gsr","display":3079,"mu":0,"quality":"OK","raw":3079,"sigma":10,"state":"IDLE","t":"2026-07-16T10:48:21.4700078Z","type":"sample"}
{"channel":"rr","display":46.58385093167702,"mu":0,"quality":"OK","raw":1837.1,"sigma":1.5,"state":"IDLE","t":"2026-07-16T10:48:21.4948839Z","type":"sample"}
{"address":"/cue/p/start","args":null,"channel":"system","dir":"out","t":"2026-07-16T10:48:21.5093246Z","type":"osc"}
{"channel":"rr","display":46.58385093167702,"mu":0,"quality":"OK","raw":1836.1,"sigma":1.5,"state":"IDLE","t":"2026-07-16T10:48:21.5349496Z","type":"sample"}
{"channel":"gsr","display":3082.5,"mu":0,"quality":"OK","raw":3082.5,"sigma":10,"state":"IDLE","t":"2026-07-16T10:48:21.5700382Z","type":"sample"}
{"channel":"rr","display":46.58385093167702,"mu":0,"quality":"OK","raw":1839,"sigma":1.5,"state":"IDLE","t":"2026-07-16T10:48:21.5746727Z","type":"sample"}
{"channel":"rr","display":46.58385093167702,"mu":0,"quality":"OK","raw":1836.9,"sigma":1.5,"state":"IDLE","t":"2026-07-16T10:48:21.6149732Z","type":"sample"}
{"channel":"rr","display":46.58385093167702,"mu":0,"quality":"OK","raw":1836.7,"sigma":1.5,"state":"IDLE","t":"2026-07-16T10:48:21.6547585Z","type":"sample"}
{"channel":"gsr","display":3085.4,"mu":0,"quality":"OK","raw":3085.4,"sigma":10,"state":"IDLE","t":"2026-07-16T10:48:21.6695862Z","type":"sample"}
{"channel":"rr","display":46.58385093167702,"mu":0,"quality":"OK","raw":1836.8,"sigma":1.5,"state":"IDLE","t":"2026-07-16T10:48:21.6949646Z","type":"sample"}
{"channel":"rr","display":46.58385093167702,"mu":0,"quality":"OK","raw":1836.7,"sigma":1.5,"state":"IDLE","t":"2026-07-16T10:48:21.7345955Z","type":"sample"}
{"channel":"gsr","display":3086.8,"mu":0,"quality":"OK","raw":3086.8,"sigma":10,"state":"IDLE","t":"2026-07-16T10:48:21.7683764Z","type":"sample"}
{"channel":"rr","display":46.58385093167702,"mu":0,"quality":"OK","raw":1838,"sigma":1.5,"state":"IDLE","t":"2026-07-16T10:48:21.7746867Z","type":"sample"}
{"channel":"hr","display":0,"mu":0,"quality":"OUT_OF_RANGE","raw":0,"sigma":3,"state":"IDLE","t":"2026-07-16T10:48:21.7759733Z","type":"sample"}
{"channel":"rr","display":46.58385093167702,"mu":0,"quality":"OK","raw":1837.2,"sigma":1.5,"state":"IDLE","t":"2026-07-16T10:48:21.8150869Z","type":"sample"}
{"channel":"rr","display":46.58385093167702,"mu":0,"quality":"OK","raw":1837.8,"sigma":1.5,"state":"IDLE","t":"2026-07-16T10:48:21.8547581Z","type":"sample"}
{"channel":"gsr","display":3091.8,"mu":0,"quality":"OK","raw":3091.8,"sigma":10,"state":"IDLE","t":"2026-07-16T10:48:21.8698279Z","type":"sample"}
{"channel":"rr","display":46.58385093167702,"mu":0,"quality":"OK","raw":1836.9,"sigma":1.5,"state":"IDLE","t":"2026-07-16T10:48:21.894786Z","type":"sample"}
{"channel":"rr","display":46.58385093167702,"mu":0,"quality":"OK","raw":1836.8,"sigma":1.5,"state":"IDLE","t":"2026-07-16T10:48:21.9349453Z","type":"sample"}
{"address":"/cue/g1/start","args":null,"channel":"system","dir":"out","t":"2026-07-16T10:48:21.9536214Z","type":"osc"}
{"channel":"gsr","display":3090.5,"mu":0,"quality":"OK","raw":3090.5,"sigma":10,"state":"IDLE","t":"2026-07-16T10:48:21.9680914Z","type":"sample"}
{"channel":"rr","display":46.58385093167702,"mu":0,"quality":"OK","raw":1837.2,"sigma":1.5,"state":"IDLE","t":"2026-07-16T10:48:21.9750921Z","type":"sample"}
{"channel":"rr","display":46.58385093167702,"mu":0,"quality":"OK","raw":1837.8,"sigma":1.5,"state":"IDLE","t":"2026-07-16T10:48:22.01515Z","type":"sample"}
{"channel":"rr","display":46.58385093167702,"mu":0,"quality":"OK","raw":1838.2,"sigma":1.5,"state":"IDLE","t":"2026-07-16T10:48:22.0548087Z","type":"sample"}
{"channel":"gsr","display":3093.4,"mu":0,"quality":"OK","raw":3093.4,"sigma":10,"state":"IDLE","t":"2026-07-16T10:48:22.07028Z","type":"sample"}
{"channel":"rr","display":46.58385093167702,"mu":0,"quality":"OK","raw":1836.8,"sigma":1.5,"state":"IDLE","t":"2026-07-16T10:48:22.09486Z","type":"sample"}
{"channel":"rr","display":46.58385093167702,"mu":0,"quality":"OK","raw":1836.8,"sigma":1.5,"state":"IDLE","t":"2026-07-16T10:48:22.1348719Z","type":"sample"}
{"channel":"gsr","display":3090.5,"mu":0,"quality":"OK","raw":3090.5,"sigma":10,"state":"IDLE","t":"2026-07-16T10:48:22.169886Z","type":"sample"}
{"channel":"rr","display":46.58385093167702,"mu":0,"quality":"OK","raw":1835.8,"sigma":1.5,"state":"IDLE","t":"2026-07-16T10:48:22.1748429Z","type":"sample"}
{"channel":"rr","display":46.58385093167702,"mu":0,"quality":"OK","raw":1837.1,"sigma":1.5,"state":"IDLE","t":"2026-07-16T10:48:22.215014Z","type":"sample"}
{"channel":"rr","display":46.58385093167702,"mu":0,"quality":"OK","raw":1835.2,"sigma":1.5,"state":"IDLE","t":"2026-07-16T10:48:22.2549713Z","type":"sample"}
{"address":"/cue/r19/start","args":null,"channel":"system","dir":"out","t":"2026-07-16T10:48:22.2582439Z","type":"osc"}
{"channel":"gsr","display":3093.9,"mu":0,"quality":"OK","raw":3093.9,"sigma":10,"state":"IDLE","t":"2026-07-16T10:48:22.2700772Z","type":"sample"}
{"channel":"hr","display":0,"mu":0,"quality":"OUT_OF_RANGE","raw":0,"sigma":3,"state":"IDLE","t":"2026-07-16T10:48:22.2761192Z","type":"sample"}
{"channel":"rr","display":46.58385093167702,"mu":0,"quality":"OK","raw":1835.8,"sigma":1.5,"state":"IDLE","t":"2026-07-16T10:48:22.2947303Z","type":"sample"}
{"channel":"rr","display":46.58385093167702,"mu":0,"quality":"OK","raw":1835.8,"sigma":1.5,"state":"IDLE","t":"2026-07-16T10:48:22.3349533Z","type":"sample"}
{"channel":"gsr","display":3093.6,"mu":0,"quality":"OK","raw":3093.6,"sigma":10,"state":"IDLE","t":"2026-07-16T10:48:22.3703147Z","type":"sample"}
{"channel":"rr","display":46.58385093167702,"mu":0,"quality":"OK","raw":1837.1,"sigma":1.5,"state":"IDLE","t":"2026-07-16T10:48:22.3750076Z","type":"sample"}
{"channel":"rr","display":46.58385093167702,"mu":0,"quality":"OK","raw":1836.3,"sigma":1.5,"state":"IDLE","t":"2026-07-16T10:48:22.4146709Z","type":"sample"}
{"channel":"rr","display":46.58385093167702,"mu":0,"quality":"OK","raw":1835.9,"sigma":1.5,"state":"IDLE","t":"2026-07-16T10:48:22.4548916Z","type":"sample"}
{"channel":"gsr","display":3095.8,"mu":0,"quality":"OK","raw":3095.8,"sigma":10,"state":"IDLE","t":"2026-07-16T10:48:22.4702034Z","type":"sample"}
{"channel":"rr","display":46.58385093167702,"mu":0,"quality":"OK","raw":1835.9,"sigma":1.5,"state":"IDLE","t":"2026-07-16T10:48:22.4948399Z","type":"sample"}
{"address":"/cue/p/start","args":null,"channel":"system","dir":"out","t":"2026-07-16T10:48:22.5091793Z","type":"osc"}
{"channel":"rr","display":46.58385093167702,"mu":0,"quality":"OK","raw":1835.7,"sigma":1.5,"state":"IDLE","t":"2026-07-16T10:48:22.5349403Z","type":"sample"}
{"channel":"gsr","display":3100.6,"mu":0,"quality":"OK","raw":3100.6,"sigma":10,"state":"IDLE","t":"2026-07-16T10:48:22.5702771Z","type":"sample"}
{"channel":"rr","display":46.58385093167702,"mu":0,"quality":"OK","raw":1836.7,"sigma":1.5,"state":"IDLE","t":"2026-07-16T10:48:22.5746587Z","type":"sample"}
{"channel":"rr","display":46.58385093167702,"mu":0,"quality":"OK","raw":1836.5,"sigma":1.5,"state":"IDLE","t":"2026-07-16T10:48:22.6149694Z","type":"sample"}
{"channel":"rr","display":46.58385093167702,"mu":0,"quality":"OK","raw":1836.6,"sigma":1.5,"state":"IDLE","t":"2026-07-16T10:48:22.6546909Z","type":"sample"}
{"channel":"gsr","display":3104.8,"mu":0,"quality":"OK","raw":3104.8,"sigma":10,"state":"IDLE","t":"2026-07-16T10:48:22.6701206Z","type":"sample"}
{"channel":"rr","display":46.58385093167702,"mu":0,"quality":"OK","raw":1837.3,"sigma":1.5,"state":"IDLE","t":"2026-07-16T10:48:22.6949139Z","type":"sample"}
{"channel":"rr","display":46.58385093167702,"mu":0,"quality":"OK","raw":1835.8,"sigma":1.5,"state":"IDLE","t":"2026-07-16T10:48:22.7349422Z","type":"sample"}
{"channel":"gsr","display":3106.1,"mu":0,"quality":"OK","raw":3106.1,"sigma":10,"state":"IDLE","t":"2026-07-16T10:48:22.7676725Z","type":"sample"}
{"channel":"rr","display":46.58385093167702,"mu":0,"quality":"OK","raw":1837.1,"sigma":1.5,"state":"IDLE","t":"2026-07-16T10:48:22.7749821Z","type":"sample"}
{"channel":"hr","display":0,"mu":0,"quality":"OUT_OF_RANGE","raw":0,"sigma":3,"state":"IDLE","t":"2026-07-16T10:48:22.7754951Z","type":"sample"}
{"channel":"rr","display":46.58385093167702,"mu":0,"quality":"OK","raw":1835.6,"sigma":1.5,"state":"IDLE","t":"2026-07-16T10:48:22.8148099Z","type":"sample"}
{"channel":"rr","display":46.58385093167702,"mu":0,"quality":"OK","raw":1837,"sigma":1.5,"state":"IDLE","t":"2026-07-16T10:48:22.8547354Z","type":"sample"}
{"channel":"gsr","display":3108.6,"mu":0,"quality":"OK","raw":3108.6,"sigma":10,"state":"IDLE","t":"2026-07-16T10:48:22.8689452Z","type":"sample"}
{"channel":"rr","display":46.58385093167702,"mu":0,"quality":"OK","raw":1836,"sigma":1.5,"state":"IDLE","t":"2026-07-16T10:48:22.8949763Z","type":"sample"}
{"channel":"rr","display":46.58385093167702,"mu":0,"quality":"OK","raw":1836.2,"sigma":1.5,"state":"IDLE","t":"2026-07-16T10:48:22.9350756Z","type":"sample"}
{"address":"/cue/g1/start","args":null,"channel":"system","dir":"out","t":"2026-07-16T10:48:22.9658876Z","type":"osc"}
{"channel":"gsr","display":3109.6,"mu":0,"quality":"OK","raw":3109.6,"sigma":10,"state":"IDLE","t":"2026-07-16T10:48:22.9699343Z","type":"sample"}
{"channel":"rr","display":46.58385093167702,"mu":0,"quality":"OK","raw":1836.9,"sigma":1.5,"state":"IDLE","t":"2026-07-16T10:48:22.9747649Z","type":"sample"}
{"channel":"rr","display":46.58385093167702,"mu":0,"quality":"OK","raw":1837.9,"sigma":1.5,"state":"IDLE","t":"2026-07-16T10:48:23.0154634Z","type":"sample"}
{"channel":"rr","display":46.58385093167702,"mu":0,"quality":"OK","raw":1836.4,"sigma":1.5,"state":"IDLE","t":"2026-07-16T10:48:23.0550685Z","type":"sample"}
{"channel":"gsr","display":3110.7,"mu":0,"quality":"OK","raw":3110.7,"sigma":10,"state":"IDLE","t":"2026-07-16T10:48:23.0698943Z","type":"sample"}
{"channel":"rr","display":46.58385093167702,"mu":0,"quality":"OK","raw":1838.4,"sigma":1.5,"state":"IDLE","t":"2026-07-16T10:48:23.0948513Z","type":"sample"}
{"channel":"rr","display":46.58385093167702,"mu":0,"quality":"OK","raw":1836.4,"sigma":1.5,"state":"IDLE","t":"2026-07-16T10:48:23.1349353Z","type":"sample"}
{"channel":"gsr","display":3108.6,"mu":0,"quality":"OK","raw":3108.6,"sigma":10,"state":"IDLE","t":"2026-07-16T10:48:23.167693Z","type":"sample"}
{"channel":"rr","display":46.58385093167702,"mu":0,"quality":"OK","raw":1837.4,"sigma":1.5,"state":"IDLE","t":"2026-07-16T10:48:23.1746034Z","type":"sample"}
{"channel":"rr","display":46.58385093167702,"mu":0,"quality":"OK","raw":1836.8,"sigma":1.5,"state":"IDLE","t":"2026-07-16T10:48:23.2148052Z","type":"sample"}
{"channel":"rr","display":46.58385093167702,"mu":0,"quality":"OK","raw":1837.2,"sigma":1.5,"state":"IDLE","t":"2026-07-16T10:48:23.254899Z","type":"sample"}
{"address":"/cue/r19/start","args":null,"channel":"system","dir":"out","t":"2026-07-16T10:48:23.2689646Z","type":"osc"}
{"channel":"gsr","display":3113.8,"mu":0,"quality":"OK","raw":3113.8,"sigma":10,"state":"IDLE","t":"2026-07-16T10:48:23.2700963Z","type":"sample"}
{"channel":"hr","display":0,"mu":0,"quality":"OUT_OF_RANGE","raw":0,"sigma":3,"state":"IDLE","t":"2026-07-16T10:48:23.2755228Z","type":"sample"}
{"channel":"rr","display":46.58385093167702,"mu":0,"quality":"OK","raw":1835.7,"sigma":1.5,"state":"IDLE","t":"2026-07-16T10:48:23.2948287Z","type":"sample"}
{"channel":"rr","display":46.58385093167702,"mu":0,"quality":"OK","raw":1836.3,"sigma":1.5,"state":"IDLE","t":"2026-07-16T10:48:23.3351585Z","type":"sample"}
{"channel":"gsr","display":3116.3,"mu":0,"quality":"OK","raw":3116.3,"sigma":10,"state":"IDLE","t":"2026-07-16T10:48:23.3695157Z","type":"sample"}
{"channel":"rr","display":46.58385093167702,"mu":0,"quality":"OK","raw":1836.8,"sigma":1.5,"state":"IDLE","t":"2026-07-16T10:48:23.3746337Z","type":"sample"}
{"channel":"rr","display":46.58385093167702,"mu":0,"quality":"OK","raw":1836.6,"sigma":1.5,"state":"IDLE","t":"2026-07-16T10:48:23.4146063Z","type":"sample"}
{"channel":"rr","display":46.58385093167702,"mu":0,"quality":"OK","raw":1836.3,"sigma":1.5,"state":"IDLE","t":"2026-07-16T10:48:23.4548257Z","type":"sample"}
{"channel":"gsr","display":3119.9,"mu":0,"quality":"OK","raw":3119.9,"sigma":10,"state":"IDLE","t":"2026-07-16T10:48:23.4697122Z","type":"sample"}
{"channel":"rr","display":46.58385093167702,"mu":0,"quality":"OK","raw":1836.8,"sigma":1.5,"state":"IDLE","t":"2026-07-16T10:48:23.4946289Z","type":"sample"}
{"address":"/cue/p/start","args":null,"channel":"system","dir":"out","t":"2026-07-16T10:48:23.5094125Z","type":"osc"}
{"channel":"rr","display":46.58385093167702,"mu":0,"quality":"OK","raw":1837.2,"sigma":1.5,"state":"IDLE","t":"2026-07-16T10:48:23.5350116Z","type":"sample"}
{"channel":"gsr","display":3117.3,"mu":0,"quality":"OK","raw":3117.3,"sigma":10,"state":"IDLE","t":"2026-07-16T10:48:23.5700781Z","type":"sample"}
{"channel":"rr","display":46.58385093167702,"mu":0,"quality":"OK","raw":1835.3,"sigma":1.5,"state":"IDLE","t":"2026-07-16T10:48:23.5749596Z","type":"sample"}
{"channel":"rr","display":46.58385093167702,"mu":0,"quality":"OK","raw":1835.1,"sigma":1.5,"state":"IDLE","t":"2026-07-16T10:48:23.6150365Z","type":"sample"}
{"channel":"rr","display":46.58385093167702,"mu":0,"quality":"OK","raw":1836.6,"sigma":1.5,"state":"IDLE","t":"2026-07-16T10:48:23.6549815Z","type":"sample"}
{"channel":"gsr","display":3121.4,"mu":0,"quality":"OK","raw":3121.4,"sigma":10,"state":"IDLE","t":"2026-07-16T10:48:23.6699807Z","type":"sample"}
{"channel":"rr","display":46.58385093167702,"mu":0,"quality":"OK","raw":1836.4,"sigma":1.5,"state":"IDLE","t":"2026-07-16T10:48:23.6950325Z","type":"sample"}
{"channel":"rr","display":46.58385093167702,"mu":0,"quality":"OK","raw":1836.2,"sigma":1.5,"state":"IDLE","t":"2026-07-16T10:48:23.7353972Z","type":"sample"}
{"channel":"gsr","display":3121.7,"mu":0,"quality":"OK","raw":3121.7,"sigma":10,"state":"IDLE","t":"2026-07-16T10:48:23.7703226Z","type":"sample"}
{"channel":"rr","display":46.58385093167702,"mu":0,"quality":"OK","raw":1836.2,"sigma":1.5,"state":"IDLE","t":"2026-07-16T10:48:23.7749596Z","type":"sample"}
{"channel":"hr","display":0,"mu":0,"quality":"OUT_OF_RANGE","raw":0,"sigma":3,"state":"IDLE","t":"2026-07-16T10:48:23.7759812Z","type":"sample"}
{"channel":"rr","display":46.58385093167702,"mu":0,"quality":"OK","raw":1835.8,"sigma":1.5,"state":"IDLE","t":"2026-07-16T10:48:23.8150246Z","type":"sample"}
{"channel":"rr","display":46.58385093167702,"mu":0,"quality":"OK","raw":1835.4,"sigma":1.5,"state":"IDLE","t":"2026-07-16T10:48:23.8547936Z","type":"sample"}
{"channel":"gsr","display":3128.9,"mu":0,"quality":"OK","raw":3128.9,"sigma":10,"state":"IDLE","t":"2026-07-16T10:48:23.8701294Z","type":"sample"}
{"channel":"rr","display":46.58385093167702,"mu":0,"quality":"OK","raw":1837.1,"sigma":1.5,"state":"IDLE","t":"2026-07-16T10:48:23.8950778Z","type":"sample"}
{"channel":"rr","display":46.58385093167702,"mu":0,"quality":"OK","raw":1836.1,"sigma":1.5,"state":"IDLE","t":"2026-07-16T10:48:23.9346106Z","type":"sample"}
{"channel":"gsr","display":3130,"mu":0,"quality":"OK","raw":3130,"sigma":10,"state":"IDLE","t":"2026-07-16T10:48:23.9702757Z","type":"sample"}
{"channel":"rr","display":46.58385093167702,"mu":0,"quality":"OK","raw":1836.6,"sigma":1.5,"state":"IDLE","t":"2026-07-16T10:48:23.9749811Z","type":"sample"}
{"address":"/cue/g1/start","args":null,"channel":"system","dir":"out","t":"2026-07-16T10:48:23.9749811Z","type":"osc"}
{"channel":"rr","display":46.58385093167702,"mu":0,"quality":"OK","raw":1835.7,"sigma":1.5,"state":"IDLE","t":"2026-07-16T10:48:24.0148872Z","type":"sample"}
{"channel":"rr","display":46.58385093167702,"mu":0,"quality":"OK","raw":1836.4,"sigma":1.5,"state":"IDLE","t":"2026-07-16T10:48:24.0554283Z","type":"sample"}
{"channel":"gsr","display":3131.7,"mu":0,"quality":"OK","raw":3131.7,"sigma":10,"state":"IDLE","t":"2026-07-16T10:48:24.070118Z","type":"sample"}
{"channel":"rr","display":46.58385093167702,"mu":0,"quality":"OK","raw":1837.1,"sigma":1.5,"state":"IDLE","t":"2026-07-16T10:48:24.0949119Z","type":"sample"}
{"channel":"rr","display":46.58385093167702,"mu":0,"quality":"OK","raw":1835.4,"sigma":1.5,"state":"IDLE","t":"2026-07-16T10:48:24.1349121Z","type":"sample"}
{"channel":"gsr","display":3132.8,"mu":0,"quality":"OK","raw":3132.8,"sigma":10,"state":"IDLE","t":"2026-07-16T10:48:24.1678654Z","type":"sample"}
{"channel":"rr","display":46.58385093167702,"mu":0,"quality":"OK","raw":1836.4,"sigma":1.5,"state":"IDLE","t":"2026-07-16T10:48:24.1758883Z","type":"sample"}
{"channel":"rr","display":46.58385093167702,"mu":0,"quality":"OK","raw":1836.9,"sigma":1.5,"state":"IDLE","t":"2026-07-16T10:48:24.2150449Z","type":"sample"}
{"channel":"rr","display":46.58385093167702,"mu":0,"quality":"OK","raw":1836.8,"sigma":1.5,"state":"IDLE","t":"2026-07-16T10:48:24.2548076Z","type":"sample"}
{"channel":"gsr","display":3137.1,"mu":0,"quality":"OK","raw":3137.1,"sigma":10,"state":"IDLE","t":"2026-07-16T10:48:24.2701014Z","type":"sample"}
{"channel":"hr","display":0,"mu":0,"quality":"OUT_OF_RANGE","raw":0,"sigma":3,"state":"IDLE","t":"2026-07-16T10:48:24.2756064Z","type":"sample"}
{"address":"/cue/r19/start","args":null,"channel":"system","dir":"out","t":"2026-07-16T10:48:24.28033Z","type":"osc"}
{"channel":"rr","display":46.58385093167702,"mu":0,"quality":"OK","raw":1837.5,"sigma":1.5,"state":"IDLE","t":"2026-07-16T10:48:24.2950543Z","type":"sample"}
{"channel":"rr","display":46.58385093167702,"mu":0,"quality":"OK","raw":1837.4,"sigma":1.5,"state":"IDLE","t":"2026-07-16T10:48:24.3349415Z","type":"sample"}
{"channel":"gsr","display":3140.8,"mu":0,"quality":"OK","raw":3140.8,"sigma":10,"state":"IDLE","t":"2026-07-16T10:48:24.3678851Z","type":"sample"}
{"channel":"rr","display":46.58385093167702,"mu":0,"quality":"OK","raw":1837.1,"sigma":1.5,"state":"IDLE","t":"2026-07-16T10:48:24.3749256Z","type":"sample"}
{"channel":"rr","display":46.58385093167702,"mu":0,"quality":"OK","raw":1835.8,"sigma":1.5,"state":"IDLE","t":"2026-07-16T10:48:24.4145316Z","type":"sample"}
{"channel":"rr","display":46.58385093167702,"mu":0,"quality":"OK","raw":1837.2,"sigma":1.5,"state":"IDLE","t":"2026-07-16T10:48:24.4550003Z","type":"sample"}
{"channel":"gsr","display":3146.9,"mu":0,"quality":"OK","raw":3146.9,"sigma":10,"state":"IDLE","t":"2026-07-16T10:48:24.4669569Z","type":"sample"}
{"channel":"rr","display":46.58385093167702,"mu":0,"quality":"OK","raw":1837.7,"sigma":1.5,"state":"IDLE","t":"2026-07-16T10:48:24.494731Z","type":"sample"}
{"address":"/cue/p/start","args":null,"channel":"system","dir":"out","t":"2026-07-16T10:48:24.5098719Z","type":"osc"}
{"channel":"rr","display":46.58385093167702,"mu":0,"quality":"OK","raw":1838.4,"sigma":1.5,"state":"IDLE","t":"2026-07-16T10:48:24.5349295Z","type":"sample"}
{"channel":"gsr","display":3151.8,"mu":0,"quality":"OK","raw":3151.8,"sigma":10,"state":"IDLE","t":"2026-07-16T10:48:24.5693855Z","type":"sample"}
{"channel":"rr","display":46.58385093167702,"mu":0,"quality":"OK","raw":1838.1,"sigma":1.5,"state":"IDLE","t":"2026-07-16T10:48:24.575043Z","type":"sample"}
{"channel":"rr","display":46.58385093167702,"mu":0,"quality":"OK","raw":1837.2,"sigma":1.5,"state":"IDLE","t":"2026-07-16T10:48:24.6149188Z","type":"sample"}
{"channel":"rr","display":46.58385093167702,"mu":0,"quality":"OK","raw":1837.2,"sigma":1.5,"state":"IDLE","t":"2026-07-16T10:48:24.6546247Z","type":"sample"}
{"channel":"gsr","display":3151.1,"mu":0,"quality":"OK","raw":3151.1,"sigma":10,"state":"IDLE","t":"2026-07-16T10:48:24.6701575Z","type":"sample"}
{"channel":"rr","display":46.58385093167702,"mu":0,"quality":"OK","raw":1838.1,"sigma":1.5,"state":"IDLE","t":"2026-07-16T10:48:24.6948661Z","type":"sample"}
{"channel":"rr","display":46.58385093167702,"mu":0,"quality":"OK","raw":1838.6,"sigma":1.5,"state":"IDLE","t":"2026-07-16T10:48:24.7348296Z","type":"sample"}
{"channel":"gsr","display":3151.2,"mu":0,"quality":"OK","raw":3151.2,"sigma":10,"state":"IDLE","t":"2026-07-16T10:48:24.7676167Z","type":"sample"}
{"channel":"rr","display":46.58385093167702,"mu":0,"quality":"OK","raw":1838.8,"sigma":1.5,"state":"IDLE","t":"2026-07-16T10:48:24.7748745Z","type":"sample"}
{"channel":"hr","display":0,"mu":0,"quality":"OUT_OF_RANGE","raw":0,"sigma":3,"state":"IDLE","t":"2026-07-16T10:48:24.7760874Z","type":"sample"}
{"channel":"rr","display":46.58385093167702,"mu":0,"quality":"OK","raw":1838.4,"sigma":1.5,"state":"IDLE","t":"2026-07-16T10:48:24.8147191Z","type":"sample"}
{"channel":"rr","display":46.58385093167702,"mu":0,"quality":"OK","raw":1838.4,"sigma":1.5,"state":"IDLE","t":"2026-07-16T10:48:24.8548878Z","type":"sample"}
{"channel":"gsr","display":3154,"mu":0,"quality":"OK","raw":3154,"sigma":10,"state":"IDLE","t":"2026-07-16T10:48:24.870307Z","type":"sample"}
{"channel":"rr","display":46.58385093167702,"mu":0,"quality":"OK","raw":1839.3,"sigma":1.5,"state":"IDLE","t":"2026-07-16T10:48:24.8946461Z","type":"sample"}
{"channel":"rr","display":46.58385093167702,"mu":0,"quality":"OK","raw":1838.3,"sigma":1.5,"state":"IDLE","t":"2026-07-16T10:48:24.934936Z","type":"sample"}
{"channel":"gsr","display":3155.8,"mu":0,"quality":"OK","raw":3155.8,"sigma":10,"state":"IDLE","t":"2026-07-16T10:48:24.9681183Z","type":"sample"}
{"channel":"rr","display":46.58385093167702,"mu":0,"quality":"OK","raw":1838.7,"sigma":1.5,"state":"IDLE","t":"2026-07-16T10:48:24.9749644Z","type":"sample"}
{"address":"/cue/g1/start","args":null,"channel":"system","dir":"out","t":"2026-07-16T10:48:24.9918167Z","type":"osc"}
{"channel":"rr","display":46.58385093167702,"mu":0,"quality":"OK","raw":1836.8,"sigma":1.5,"state":"IDLE","t":"2026-07-16T10:48:25.0149381Z","type":"sample"}
{"channel":"rr","display":46.58385093167702,"mu":0,"quality":"OK","raw":1840.5,"sigma":1.5,"state":"IDLE","t":"2026-07-16T10:48:25.0548763Z","type":"sample"}
{"channel":"gsr","display":3163.5,"mu":0,"quality":"OK","raw":3163.5,"sigma":10,"state":"IDLE","t":"2026-07-16T10:48:25.0699939Z","type":"sample"}
{"channel":"rr","display":46.58385093167702,"mu":0,"quality":"OK","raw":1838.4,"sigma":1.5,"state":"IDLE","t":"2026-07-16T10:48:25.0945844Z","type":"sample"}
{"channel":"rr","display":46.58385093167702,"mu":0,"quality":"OK","raw":1838.2,"sigma":1.5,"state":"IDLE","t":"2026-07-16T10:48:25.1349939Z","type":"sample"}
{"channel":"gsr","display":3164.1,"mu":0,"quality":"OK","raw":3164.1,"sigma":10,"state":"IDLE","t":"2026-07-16T10:48:25.1703841Z","type":"sample"}
{"channel":"rr","display":46.58385093167702,"mu":0,"quality":"OK","raw":1838.2,"sigma":1.5,"state":"IDLE","t":"2026-07-16T10:48:25.1746971Z","type":"sample"}
{"channel":"rr","display":46.58385093167702,"mu":0,"quality":"OK","raw":1838.1,"sigma":1.5,"state":"IDLE","t":"2026-07-16T10:48:25.2150138Z","type":"sample"}
{"channel":"rr","display":46.58385093167702,"mu":0,"quality":"OK","raw":1836.8,"sigma":1.5,"state":"IDLE","t":"2026-07-16T10:48:25.2546662Z","type":"sample"}
{"channel":"gsr","display":3160.5,"mu":0,"quality":"OK","raw":3160.5,"sigma":10,"state":"IDLE","t":"2026-07-16T10:48:25.2701502Z","type":"sample"}
{"channel":"hr","display":0,"mu":0,"quality":"OUT_OF_RANGE","raw":0,"sigma":3,"state":"IDLE","t":"2026-07-16T10:48:25.2755839Z","type":"sample"}
{"address":"/cue/r19/start","args":null,"channel":"system","dir":"out","t":"2026-07-16T10:48:25.2945019Z","type":"osc"}
{"channel":"rr","display":46.58385093167702,"mu":0,"quality":"OK","raw":1839,"sigma":1.5,"state":"IDLE","t":"2026-07-16T10:48:25.2950307Z","type":"sample"}
{"channel":"rr","display":46.58385093167702,"mu":0,"quality":"OK","raw":1839,"sigma":1.5,"state":"IDLE","t":"2026-07-16T10:48:25.3346662Z","type":"sample"}
{"channel":"gsr","display":3167.7,"mu":0,"quality":"OK","raw":3167.7,"sigma":10,"state":"IDLE","t":"2026-07-16T10:48:25.3694855Z","type":"sample"}
{"channel":"rr","display":46.58385093167702,"mu":0,"quality":"OK","raw":1837.9,"sigma":1.5,"state":"IDLE","t":"2026-07-16T10:48:25.3740066Z","type":"sample"}
{"channel":"rr","display":46.58385093167702,"mu":0,"quality":"OK","raw":1839.4,"sigma":1.5,"state":"IDLE","t":"2026-07-16T10:48:25.4147806Z","type":"sample"}
{"channel":"rr","display":46.58385093167702,"mu":0,"quality":"OK","raw":1837.1,"sigma":1.5,"state":"IDLE","t":"2026-07-16T10:48:25.4549071Z","type":"sample"}
{"channel":"gsr","display":3164.3,"mu":0,"quality":"OK","raw":3164.3,"sigma":10,"state":"IDLE","t":"2026-07-16T10:48:25.4698607Z","type":"sample"}
{"channel":"rr","display":46.58385093167702,"mu":0,"quality":"OK","raw":1838.3,"sigma":1.5,"state":"IDLE","t":"2026-07-16T10:48:25.4947784Z","type":"sample"}
{"address":"/cue/p/start","args":null,"channel":"system","dir":"out","t":"2026-07-16T10:48:25.5091508Z","type":"osc"}
{"channel":"rr","display":46.58385093167702,"mu":0,"quality":"OK","raw":1838.6,"sigma":1.5,"state":"IDLE","t":"2026-07-16T10:48:25.5346947Z","type":"sample"}
{"channel":"gsr","display":3168.8,"mu":0,"quality":"OK","raw":3168.8,"sigma":10,"state":"IDLE","t":"2026-07-16T10:48:25.5682737Z","type":"sample"}
{"channel":"rr","display":46.58385093167702,"mu":0,"quality":"OK","raw":1838.6,"sigma":1.5,"state":"IDLE","t":"2026-07-16T10:48:25.5750109Z","type":"sample"}
{"channel":"rr","display":46.58385093167702,"mu":0,"quality":"OK","raw":1838.6,"sigma":1.5,"state":"IDLE","t":"2026-07-16T10:48:25.6139093Z","type":"sample"}
{"channel":"rr","display":46.58385093167702,"mu":0,"quality":"OK","raw":1838.1,"sigma":1.5,"state":"IDLE","t":"2026-07-16T10:48:25.6550346Z","type":"sample"}
{"channel":"gsr","display":3168.3,"mu":0,"quality":"OK","raw":3168.3,"sigma":10,"state":"IDLE","t":"2026-07-16T10:48:25.6703607Z","type":"sample"}
{"channel":"rr","display":46.58385093167702,"mu":0,"quality":"OK","raw":1837.8,"sigma":1.5,"state":"IDLE","t":"2026-07-16T10:48:25.694857Z","type":"sample"}
{"channel":"rr","display":46.58385093167702,"mu":0,"quality":"OK","raw":1837.6,"sigma":1.5,"state":"IDLE","t":"2026-07-16T10:48:25.7349351Z","type":"sample"}
{"channel":"gsr","display":3168.4,"mu":0,"quality":"OK","raw":3168.4,"sigma":10,"state":"IDLE","t":"2026-07-16T10:48:25.7704919Z","type":"sample"}
{"channel":"rr","display":46.58385093167702,"mu":0,"quality":"OK","raw":1838.3,"sigma":1.5,"state":"IDLE","t":"2026-07-16T10:48:25.774692Z","type":"sample"}
{"channel":"hr","display":0,"mu":0,"quality":"OUT_OF_RANGE","raw":0,"sigma":3,"state":"IDLE","t":"2026-07-16T10:48:25.7756885Z","type":"sample"}
{"channel":"rr","display":46.58385093167702,"mu":0,"quality":"OK","raw":1837.8,"sigma":1.5,"state":"IDLE","t":"2026-07-16T10:48:25.8151125Z","type":"sample"}
{"channel":"rr","display":46.58385093167702,"mu":0,"quality":"OK","raw":1837.9,"sigma":1.5,"state":"IDLE","t":"2026-07-16T10:48:25.8549874Z","type":"sample"}
{"channel":"gsr","display":3167.4,"mu":0,"quality":"OK","raw":3167.4,"sigma":10,"state":"IDLE","t":"2026-07-16T10:48:25.8692418Z","type":"sample"}
{"channel":"rr","display":46.58385093167702,"mu":0,"quality":"OK","raw":1838,"sigma":1.5,"state":"IDLE","t":"2026-07-16T10:48:25.8948996Z","type":"sample"}
{"channel":"rr","display":46.58385093167702,"mu":0,"quality":"OK","raw":1838.3,"sigma":1.5,"state":"IDLE","t":"2026-07-16T10:48:25.9348892Z","type":"sample"}
{"channel":"gsr","display":3165.8,"mu":0,"quality":"OK","raw":3165.8,"sigma":10,"state":"IDLE","t":"2026-07-16T10:48:25.9702228Z","type":"sample"}
{"channel":"rr","display":46.58385093167702,"mu":0,"quality":"OK","raw":1839,"sigma":1.5,"state":"IDLE","t":"2026-07-16T10:48:25.9750231Z","type":"sample"}
{"address":"/cue/g1/start","args":null,"channel":"system","dir":"out","t":"2026-07-16T10:48:26.0004019Z","type":"osc"}
{"channel":"rr","event":"quality_change","quality":"OUT_OF_RANGE","t":"2026-07-16T10:48:26.01474Z","type":"event"}
{"channel":"rr","display":46.58385093167702,"mu":0,"quality":"OUT_OF_RANGE","raw":1838.4,"sigma":1.5,"state":"IDLE","t":"2026-07-16T10:48:26.01474Z","type":"sample"}
{"channel":"rr","display":46.58385093167702,"mu":0,"quality":"OUT_OF_RANGE","raw":1838,"sigma":1.5,"state":"IDLE","t":"2026-07-16T10:48:26.0547603Z","type":"sample"}
{"channel":"gsr","display":3163.3,"mu":0,"quality":"OK","raw":3163.3,"sigma":10,"state":"IDLE","t":"2026-07-16T10:48:26.0698931Z","type":"sample"}
{"channel":"rr","display":46.58385093167702,"mu":0,"quality":"OUT_OF_RANGE","raw":1838.1,"sigma":1.5,"state":"IDLE","t":"2026-07-16T10:48:26.0945189Z","type":"sample"}
{"channel":"rr","display":46.58385093167702,"mu":0,"quality":"OUT_OF_RANGE","raw":1837.2,"sigma":1.5,"state":"IDLE","t":"2026-07-16T10:48:26.134902Z","type":"sample"}
{"channel":"gsr","display":3164.5,"mu":0,"quality":"OK","raw":3164.5,"sigma":10,"state":"IDLE","t":"2026-07-16T10:48:26.1702523Z","type":"sample"}
{"channel":"rr","display":46.58385093167702,"mu":0,"quality":"OUT_OF_RANGE","raw":1838.5,"sigma":1.5,"state":"IDLE","t":"2026-07-16T10:48:26.174917Z","type":"sample"}
{"channel":"rr","display":46.58385093167702,"mu":0,"quality":"OUT_OF_RANGE","raw":1838.3,"sigma":1.5,"state":"IDLE","t":"2026-07-16T10:48:26.2146554Z","type":"sample"}
{"channel":"rr","display":46.58385093167702,"mu":0,"quality":"OUT_OF_RANGE","raw":1839.1,"sigma":1.5,"state":"IDLE","t":"2026-07-16T10:48:26.2548848Z","type":"sample"}
{"channel":"gsr","display":3165.2,"mu":0,"quality":"OK","raw":3165.2,"sigma":10,"state":"IDLE","t":"2026-07-16T10:48:26.2696287Z","type":"sample"}
{"channel":"hr","display":0,"mu":0,"quality":"OUT_OF_RANGE","raw":0,"sigma":3,"state":"IDLE","t":"2026-07-16T10:48:26.2755077Z","type":"sample"}
{"channel":"rr","display":46.58385093167702,"mu":0,"quality":"OUT_OF_RANGE","raw":1838.2,"sigma":1.5,"state":"IDLE","t":"2026-07-16T10:48:26.2945071Z","type":"sample"}
{"channel":"rr","display":46.58385093167702,"mu":0,"quality":"OUT_OF_RANGE","raw":1837.2,"sigma":1.5,"state":"IDLE","t":"2026-07-16T10:48:26.3347129Z","type":"sample"}
{"channel":"gsr","display":3159.7,"mu":0,"quality":"OK","raw":3159.7,"sigma":10,"state":"IDLE","t":"2026-07-16T10:48:26.370184Z","type":"sample"}
{"channel":"rr","display":46.58385093167702,"mu":0,"quality":"OUT_OF_RANGE","raw":1837.4,"sigma":1.5,"state":"IDLE","t":"2026-07-16T10:48:26.3745495Z","type":"sample"}
{"channel":"rr","display":46.58385093167702,"mu":0,"quality":"OUT_OF_RANGE","raw":1838.4,"sigma":1.5,"state":"IDLE","t":"2026-07-16T10:48:26.4149135Z","type":"sample"}
{"channel":"rr","display":46.58385093167702,"mu":0,"quality":"OUT_OF_RANGE","raw":1838.8,"sigma":1.5,"state":"IDLE","t":"2026-07-16T10:48:26.4546051Z","type":"sample"}
{"channel":"gsr","display":3158.2,"mu":0,"quality":"OK","raw":3158.2,"sigma":10,"state":"IDLE","t":"2026-07-16T10:48:26.4700897Z","type":"sample"}
{"channel":"rr","display":46.58385093167702,"mu":0,"quality":"OUT_OF_RANGE","raw":1838.9,"sigma":1.5,"state":"IDLE","t":"2026-07-16T10:48:26.4946857Z","type":"sample"}
{"address":"/cue/p/start","args":null,"channel":"system","dir":"out","t":"2026-07-16T10:48:26.5094476Z","type":"osc"}
{"channel":"rr","display":46.58385093167702,"mu":0,"quality":"OUT_OF_RANGE","raw":1837.8,"sigma":1.5,"state":"IDLE","t":"2026-07-16T10:48:26.5334751Z","type":"sample"}
{"channel":"gsr","display":3156.5,"mu":0,"quality":"OK","raw":3156.5,"sigma":10,"state":"IDLE","t":"2026-07-16T10:48:26.5678266Z","type":"sample"}
{"channel":"rr","display":46.58385093167702,"mu":0,"quality":"OUT_OF_RANGE","raw":1839.4,"sigma":1.5,"state":"IDLE","t":"2026-07-16T10:48:26.5746772Z","type":"sample"}
{"channel":"rr","display":46.58385093167702,"mu":0,"quality":"OUT_OF_RANGE","raw":1836.2,"sigma":1.5,"state":"IDLE","t":"2026-07-16T10:48:26.6149947Z","type":"sample"}
{"channel":"rr","display":46.58385093167702,"mu":0,"quality":"OUT_OF_RANGE","raw":1837.4,"sigma":1.5,"state":"IDLE","t":"2026-07-16T10:48:26.6550006Z","type":"sample"}
{"channel":"gsr","display":3154.9,"mu":0,"quality":"OK","raw":3154.9,"sigma":10,"state":"IDLE","t":"2026-07-16T10:48:26.6700847Z","type":"sample"}
{"channel":"rr","display":46.58385093167702,"mu":0,"quality":"OUT_OF_RANGE","raw":1836.8,"sigma":1.5,"state":"IDLE","t":"2026-07-16T10:48:26.6949078Z","type":"sample"}
{"channel":"rr","display":46.58385093167702,"mu":0,"quality":"OUT_OF_RANGE","raw":1838.9,"sigma":1.5,"state":"IDLE","t":"2026-07-16T10:48:26.7349548Z","type":"sample"}
{"channel":"gsr","display":3151,"mu":0,"quality":"OK","raw":3151,"sigma":10,"state":"IDLE","t":"2026-07-16T10:48:26.7678223Z","type":"sample"}
{"channel":"rr","display":46.58385093167702,"mu":0,"quality":"OUT_OF_RANGE","raw":1837.9,"sigma":1.5,"state":"IDLE","t":"2026-07-16T10:48:26.7749818Z","type":"sample"}
{"channel":"hr","display":0,"mu":0,"quality":"OUT_OF_RANGE","raw":0,"sigma":3,"state":"IDLE","t":"2026-07-16T10:48:26.7757975Z","type":"sample"}
{"channel":"rr","display":46.58385093167702,"mu":0,"quality":"OUT_OF_RANGE","raw":1838.3,"sigma":1.5,"state":"IDLE","t":"2026-07-16T10:48:26.8147146Z","type":"sample"}
{"channel":"rr","display":46.58385093167702,"mu":0,"quality":"OUT_OF_RANGE","raw":1838.5,"sigma":1.5,"state":"IDLE","t":"2026-07-16T10:48:26.8546176Z","type":"sample"}
{"channel":"gsr","display":3149.7,"mu":0,"quality":"OK","raw":3149.7,"sigma":10,"state":"IDLE","t":"2026-07-16T10:48:26.8700925Z","type":"sample"}
{"channel":"rr","display":46.58385093167702,"mu":0,"quality":"OUT_OF_RANGE","raw":1838.6,"sigma":1.5,"state":"IDLE","t":"2026-07-16T10:48:26.8948075Z","type":"sample"}
{"channel":"rr","display":46.58385093167702,"mu":0,"quality":"OUT_OF_RANGE","raw":1838.3,"sigma":1.5,"state":"IDLE","t":"2026-07-16T10:48:26.9350306Z","type":"sample"}
{"channel":"gsr","display":3149.8,"mu":0,"quality":"OK","raw":3149.8,"sigma":10,"state":"IDLE","t":"2026-07-16T10:48:26.9702227Z","type":"sample"}
{"channel":"rr","display":46.58385093167702,"mu":0,"quality":"OUT_OF_RANGE","raw":1837.8,"sigma":1.5,"state":"IDLE","t":"2026-07-16T10:48:26.9748647Z","type":"sample"}
{"address":"/cue/g1/start","args":null,"channel":"system","dir":"out","t":"2026-07-16T10:48:27.0045517Z","type":"osc"}
{"channel":"rr","display":46.58385093167702,"mu":0,"quality":"OUT_OF_RANGE","raw":1837.9,"sigma":1.5,"state":"IDLE","t":"2026-07-16T10:48:27.0149473Z","type":"sample"}
{"channel":"rr","display":46.58385093167702,"mu":0,"quality":"OUT_OF_RANGE","raw":1836.9,"sigma":1.5,"state":"IDLE","t":"2026-07-16T10:48:27.0550568Z","type":"sample"}
{"channel":"gsr","display":3149.1,"mu":0,"quality":"OK","raw":3149.1,"sigma":10,"state":"IDLE","t":"2026-07-16T10:48:27.0700729Z","type":"sample"}
{"channel":"rr","display":46.58385093167702,"mu":0,"quality":"OUT_OF_RANGE","raw":1838.5,"sigma":1.5,"state":"IDLE","t":"2026-07-16T10:48:27.0948066Z","type":"sample"}
{"channel":"rr","display":46.58385093167702,"mu":0,"quality":"OUT_OF_RANGE","raw":1837.7,"sigma":1.5,"state":"IDLE","t":"2026-07-16T10:48:27.1347909Z","type":"sample"}
{"channel":"gsr","display":3150.7,"mu":0,"quality":"OK","raw":3150.7,"sigma":10,"state":"IDLE","t":"2026-07-16T10:48:27.1702222Z","type":"sample"}
{"channel":"rr","display":46.58385093167702,"mu":0,"quality":"OUT_OF_RANGE","raw":1837.9,"sigma":1.5,"state":"IDLE","t":"2026-07-16T10:48:27.1749563Z","type":"sample"}
{"channel":"rr","display":46.58385093167702,"mu":0,"quality":"OUT_OF_RANGE","raw":1839.2,"sigma":1.5,"state":"IDLE","t":"2026-07-16T10:48:27.2150456Z","type":"sample"}
{"channel":"rr","display":46.58385093167702,"mu":0,"quality":"OUT_OF_RANGE","raw":1837.6,"sigma":1.5,"state":"IDLE","t":"2026-07-16T10:48:27.2546589Z","type":"sample"}
{"channel":"gsr","display":3151.4,"mu":0,"quality":"OK","raw":3151.4,"sigma":10,"state":"IDLE","t":"2026-07-16T10:48:27.2697761Z","type":"sample"}
{"channel":"hr","display":0,"mu":0,"quality":"OUT_OF_RANGE","raw":0,"sigma":3,"state":"IDLE","t":"2026-07-16T10:48:27.2759167Z","type":"sample"}
{"channel":"rr","display":46.58385093167702,"mu":0,"quality":"OUT_OF_RANGE","raw":1839,"sigma":1.5,"state":"IDLE","t":"2026-07-16T10:48:27.2948767Z","type":"sample"}
{"channel":"rr","display":46.58385093167702,"mu":0,"quality":"OUT_OF_RANGE","raw":1837.7,"sigma":1.5,"state":"IDLE","t":"2026-07-16T10:48:27.3347652Z","type":"sample"}
{"channel":"gsr","display":3154.2,"mu":0,"quality":"OK","raw":3154.2,"sigma":10,"state":"IDLE","t":"2026-07-16T10:48:27.370241Z","type":"sample"}
{"channel":"rr","display":46.58385093167702,"mu":0,"quality":"OUT_OF_RANGE","raw":1838.1,"sigma":1.5,"state":"IDLE","t":"2026-07-16T10:48:27.3748914Z","type":"sample"}
{"channel":"rr","display":46.58385093167702,"mu":0,"quality":"OUT_OF_RANGE","raw":1837.9,"sigma":1.5,"state":"IDLE","t":"2026-07-16T10:48:27.4140141Z","type":"sample"}
{"channel":"rr","display":46.58385093167702,"mu":0,"quality":"OUT_OF_RANGE","raw":1839.8,"sigma":1.5,"state":"IDLE","t":"2026-07-16T10:48:27.4547846Z","type":"sample"}
{"channel":"gsr","display":3153.6,"mu":0,"quality":"OK","raw":3153.6,"sigma":10,"state":"IDLE","t":"2026-07-16T10:48:27.4701587Z","type":"sample"}
{"channel":"rr","display":46.58385093167702,"mu":0,"quality":"OUT_OF_RANGE","raw":1836.8,"sigma":1.5,"state":"IDLE","t":"2026-07-16T10:48:27.4948671Z","type":"sample"}
{"address":"/cue/p/start","args":null,"channel":"system","dir":"out","t":"2026-07-16T10:48:27.5091592Z","type":"osc"}
{"channel":"rr","display":46.58385093167702,"mu":0,"quality":"OUT_OF_RANGE","raw":1837.3,"sigma":1.5,"state":"IDLE","t":"2026-07-16T10:48:27.5348825Z","type":"sample"}
{"channel":"gsr","display":3155.5,"mu":0,"quality":"OK","raw":3155.5,"sigma":10,"state":"IDLE","t":"2026-07-16T10:48:27.5701937Z","type":"sample"}
{"channel":"rr","display":46.58385093167702,"mu":0,"quality":"OUT_OF_RANGE","raw":1838.4,"sigma":1.5,"state":"IDLE","t":"2026-07-16T10:48:27.5748247Z","type":"sample"}
{"channel":"rr","display":46.58385093167702,"mu":0,"quality":"OUT_OF_RANGE","raw":1838.8,"sigma":1.5,"state":"IDLE","t":"2026-07-16T10:48:27.614699Z","type":"sample"}
{"channel":"rr","display":46.58385093167702,"mu":0,"quality":"OUT_OF_RANGE","raw":1838.2,"sigma":1.5,"state":"IDLE","t":"2026-07-16T10:48:27.6538357Z","type":"sample"}
{"channel":"gsr","display":3155,"mu":0,"quality":"OK","raw":3155,"sigma":10,"state":"IDLE","t":"2026-07-16T10:48:27.6701853Z","type":"sample"}
{"channel":"rr","display":46.58385093167702,"mu":0,"quality":"OUT_OF_RANGE","raw":1838.1,"sigma":1.5,"state":"IDLE","t":"2026-07-16T10:48:27.6947962Z","type":"sample"}
{"channel":"rr","display":46.58385093167702,"mu":0,"quality":"OUT_OF_RANGE","raw":1838.6,"sigma":1.5,"state":"IDLE","t":"2026-07-16T10:48:27.7349686Z","type":"sample"}
{"channel":"gsr","display":3157.5,"mu":0,"quality":"OK","raw":3157.5,"sigma":10,"state":"IDLE","t":"2026-07-16T10:48:27.7687676Z","type":"sample"}
{"channel":"rr","display":46.58385093167702,"mu":0,"quality":"OUT_OF_RANGE","raw":1837.6,"sigma":1.5,"state":"IDLE","t":"2026-07-16T10:48:27.774592Z","type":"sample"}
{"channel":"hr","display":0,"mu":0,"quality":"OUT_OF_RANGE","raw":0,"sigma":3,"state":"IDLE","t":"2026-07-16T10:48:27.7756227Z","type":"sample"}
{"channel":"rr","display":46.58385093167702,"mu":0,"quality":"OUT_OF_RANGE","raw":1837.4,"sigma":1.5,"state":"IDLE","t":"2026-07-16T10:48:27.8146274Z","type":"sample"}
{"channel":"rr","display":46.58385093167702,"mu":0,"quality":"OUT_OF_RANGE","raw":1840.2,"sigma":1.5,"state":"IDLE","t":"2026-07-16T10:48:27.8547882Z","type":"sample"}
{"channel":"gsr","display":3158.5,"mu":0,"quality":"OK","raw":3158.5,"sigma":10,"state":"IDLE","t":"2026-07-16T10:48:27.8701929Z","type":"sample"}
{"channel":"rr","display":46.58385093167702,"mu":0,"quality":"OUT_OF_RANGE","raw":1838.2,"sigma":1.5,"state":"IDLE","t":"2026-07-16T10:48:27.8946231Z","type":"sample"}
{"channel":"rr","display":46.58385093167702,"mu":0,"quality":"OUT_OF_RANGE","raw":1837.8,"sigma":1.5,"state":"IDLE","t":"2026-07-16T10:48:27.9349773Z","type":"sample"}
{"channel":"gsr","display":3160.9,"mu":0,"quality":"OK","raw":3160.9,"sigma":10,"state":"IDLE","t":"2026-07-16T10:48:27.9679123Z","type":"sample"}
{"channel":"rr","display":46.58385093167702,"mu":0,"quality":"OUT_OF_RANGE","raw":1837.8,"sigma":1.5,"state":"IDLE","t":"2026-07-16T10:48:27.9750039Z","type":"sample"}
{"address":"/cue/g1/start","args":null,"channel":"system","dir":"out","t":"2026-07-16T10:48:28.0086518Z","type":"osc"}
{"channel":"rr","display":46.58385093167702,"mu":0,"quality":"OUT_OF_RANGE","raw":1840.5,"sigma":1.5,"state":"IDLE","t":"2026-07-16T10:48:28.0149045Z","type":"sample"}
{"channel":"rr","display":46.58385093167702,"mu":0,"quality":"OUT_OF_RANGE","raw":1836.9,"sigma":1.5,"state":"IDLE","t":"2026-07-16T10:48:28.0546088Z","type":"sample"}
{"channel":"gsr","display":3163.4,"mu":0,"quality":"OK","raw":3163.4,"sigma":10,"state":"IDLE","t":"2026-07-16T10:48:28.0701048Z","type":"sample"}
{"channel":"rr","display":46.58385093167702,"mu":0,"quality":"OUT_OF_RANGE","raw":1839.9,"sigma":1.5,"state":"IDLE","t":"2026-07-16T10:48:28.0950301Z","type":"sample"}
{"channel":"rr","display":46.58385093167702,"mu":0,"quality":"OUT_OF_RANGE","raw":1837.2,"sigma":1.5,"state":"IDLE","t":"2026-07-16T10:48:28.1350481Z","type":"sample"}
{"channel":"gsr","display":3167,"mu":0,"quality":"OK","raw":3167,"sigma":10,"state":"IDLE","t":"2026-07-16T10:48:28.1677353Z","type":"sample"}
{"channel":"rr","display":46.58385093167702,"mu":0,"quality":"OUT_OF_RANGE","raw":1837.3,"sigma":1.5,"state":"IDLE","t":"2026-07-16T10:48:28.17469Z","type":"sample"}
{"channel":"rr","display":46.58385093167702,"mu":0,"quality":"OUT_OF_RANGE","raw":1839.4,"sigma":1.5,"state":"IDLE","t":"2026-07-16T10:48:28.2148483Z","type":"sample"}
{"channel":"rr","display":46.58385093167702,"mu":0,"quality":"OUT_OF_RANGE","raw":1837.9,"sigma":1.5,"state":"IDLE","t":"2026-07-16T10:48:28.2545831Z","type":"sample"}
{"channel":"gsr","display":3164.1,"mu":0,"quality":"OK","raw":3164.1,"sigma":10,"state":"IDLE","t":"2026-07-16T10:48:28.2700423Z","type":"sample"}
{"channel":"hr","display":0,"mu":0,"quality":"OUT_OF_RANGE","raw":0,"sigma":3,"state":"IDLE","t":"2026-07-16T10:48:28.2749032Z","type":"sample"}
{"channel":"rr","display":46.58385093167702,"mu":0,"quality":"OUT_OF_RANGE","raw":1838.4,"sigma":1.5,"state":"IDLE","t":"2026-07-16T10:48:28.2950116Z","type":"sample"}
{"channel":"rr","display":46.58385093167702,"mu":0,"quality":"OUT_OF_RANGE","raw":1838.9,"sigma":1.5,"state":"IDLE","t":"2026-07-16T10:48:28.3349461Z","type":"sample"}
{"channel":"gsr","display":3167.2,"mu":0,"quality":"OK","raw":3167.2,"sigma":10,"state":"IDLE","t":"2026-07-16T10:48:28.368321Z","type":"sample"}
{"channel":"rr","display":46.58385093167702,"mu":0,"quality":"OUT_OF_RANGE","raw":1839.9,"sigma":1.5,"state":"IDLE","t":"2026-07-16T10:48:28.3750143Z","type":"sample"}
{"channel":"rr","display":46.58385093167702,"mu":0,"quality":"OUT_OF_RANGE","raw":1837.9,"sigma":1.5,"state":"IDLE","t":"2026-07-16T10:48:28.4146941Z","type":"sample"}
{"channel":"rr","display":46.58385093167702,"mu":0,"quality":"OUT_OF_RANGE","raw":1839.6,"sigma":1.5,"state":"IDLE","t":"2026-07-16T10:48:28.4547365Z","type":"sample"}
{"channel":"gsr","display":3171.8,"mu":0,"quality":"OK","raw":3171.8,"sigma":10,"state":"IDLE","t":"2026-07-16T10:48:28.469757Z","type":"sample"}
{"channel":"rr","display":46.58385093167702,"mu":0,"quality":"OUT_OF_RANGE","raw":1838.8,"sigma":1.5,"state":"IDLE","t":"2026-07-16T10:48:28.4950432Z","type":"sample"}
{"address":"/cue/p/start","args":null,"channel":"system","dir":"out","t":"2026-07-16T10:48:28.5093889Z","type":"osc"}
{"channel":"rr","display":46.58385093167702,"mu":0,"quality":"OUT_OF_RANGE","raw":1839.3,"sigma":1.5,"state":"IDLE","t":"2026-07-16T10:48:28.5346336Z","type":"sample"}
{"channel":"gsr","display":3172.3,"mu":0,"quality":"OK","raw":3172.3,"sigma":10,"state":"IDLE","t":"2026-07-16T10:48:28.5684778Z","type":"sample"}
{"channel":"rr","display":46.58385093167702,"mu":0,"quality":"OUT_OF_RANGE","raw":1839.8,"sigma":1.5,"state":"IDLE","t":"2026-07-16T10:48:28.5746493Z","type":"sample"}
{"channel":"rr","display":46.58385093167702,"mu":0,"quality":"OUT_OF_RANGE","raw":1839.2,"sigma":1.5,"state":"IDLE","t":"2026-07-16T10:48:28.6145743Z","type":"sample"}
{"channel":"rr","display":46.58385093167702,"mu":0,"quality":"OUT_OF_RANGE","raw":1840.4,"sigma":1.5,"state":"IDLE","t":"2026-07-16T10:48:28.6548258Z","type":"sample"}
{"channel":"gsr","display":3173.6,"mu":0,"quality":"OK","raw":3173.6,"sigma":10,"state":"IDLE","t":"2026-07-16T10:48:28.6700572Z","type":"sample"}
{"channel":"rr","display":46.58385093167702,"mu":0,"quality":"OUT_OF_RANGE","raw":1838.5,"sigma":1.5,"state":"IDLE","t":"2026-07-16T10:48:28.6948307Z","type":"sample"}
{"channel":"rr","display":46.58385093167702,"mu":0,"quality":"OUT_OF_RANGE","raw":1839.1,"sigma":1.5,"state":"IDLE","t":"2026-07-16T10:48:28.7347141Z","type":"sample"}
{"channel":"gsr","display":3181.5,"mu":0,"quality":"OK","raw":3181.5,"sigma":10,"state":"IDLE","t":"2026-07-16T10:48:28.7683963Z","type":"sample"}
{"channel":"rr","display":46.58385093167702,"mu":0,"quality":"OUT_OF_RANGE","raw":1838.8,"sigma":1.5,"state":"IDLE","t":"2026-07-16T10:48:28.7746889Z","type":"sample"}
{"channel":"hr","display":0,"mu":0,"quality":"OUT_OF_RANGE","raw":0,"sigma":3,"state":"IDLE","t":"2026-07-16T10:48:28.7759665Z","type":"sample"}
{"channel":"rr","display":46.58385093167702,"mu":0,"quality":"OUT_OF_RANGE","raw":1839.7,"sigma":1.5,"state":"IDLE","t":"2026-07-16T10:48:28.8150333Z","type":"sample"}
{"channel":"rr","display":46.58385093167702,"mu":0,"quality":"OUT_OF_RANGE","raw":1837.9,"sigma":1.5,"state":"IDLE","t":"2026-07-16T10:48:28.85475Z","type":"sample"}
{"channel":"gsr","display":3182.6,"mu":0,"quality":"OK","raw":3182.6,"sigma":10,"state":"IDLE","t":"2026-07-16T10:48:28.8700767Z","type":"sample"}
{"channel":"rr","display":46.58385093167702,"mu":0,"quality":"OUT_OF_RANGE","raw":1840.9,"sigma":1.5,"state":"IDLE","t":"2026-07-16T10:48:28.8947075Z","type":"sample"}
{"channel":"rr","display":46.58385093167702,"mu":0,"quality":"OUT_OF_RANGE","raw":1840.1,"sigma":1.5,"state":"IDLE","t":"2026-07-16T10:48:28.9347838Z","type":"sample"}
{"channel":"gsr","display":3186.8,"mu":0,"quality":"OK","raw":3186.8,"sigma":10,"state":"IDLE","t":"2026-07-16T10:48:28.9683159Z","type":"sample"}
{"channel":"rr","display":46.58385093167702,"mu":0,"quality":"OUT_OF_RANGE","raw":1840.8,"sigma":1.5,"state":"IDLE","t":"2026-07-16T10:48:28.9748908Z","type":"sample"}
{"channel":"rr","display":46.58385093167702,"mu":0,"quality":"OUT_OF_RANGE","raw":1839.1,"sigma":1.5,"state":"IDLE","t":"2026-07-16T10:48:29.0149013Z","type":"sample"}
{"address":"/cue/g1/start","args":null,"channel":"system","dir":"out","t":"2026-07-16T10:48:29.0180177Z","type":"osc"}
{"channel":"rr","display":46.58385093167702,"mu":0,"quality":"OUT_OF_RANGE","raw":1838.9,"sigma":1.5,"state":"IDLE","t":"2026-07-16T10:48:29.0549571Z","type":"sample"}
{"channel":"gsr","display":3183.1,"mu":0,"quality":"OK","raw":3183.1,"sigma":10,"state":"IDLE","t":"2026-07-16T10:48:29.070181Z","type":"sample"}
{"channel":"rr","display":46.58385093167702,"mu":0,"quality":"OUT_OF_RANGE","raw":1838.4,"sigma":1.5,"state":"IDLE","t":"2026-07-16T10:48:29.0948986Z","type":"sample"}
{"channel":"rr","display":46.58385093167702,"mu":0,"quality":"OUT_OF_RANGE","raw":1840.6,"sigma":1.5,"state":"IDLE","t":"2026-07-16T10:48:29.1348567Z","type":"sample"}
{"channel":"gsr","display":3189.7,"mu":0,"quality":"OK","raw":3189.7,"sigma":10,"state":"IDLE","t":"2026-07-16T10:48:29.1701921Z","type":"sample"}
{"channel":"rr","display":46.58385093167702,"mu":0,"quality":"OUT_OF_RANGE","raw":1840,"sigma":1.5,"state":"IDLE","t":"2026-07-16T10:48:29.1744574Z","type":"sample"}
{"channel":"rr","display":46.58385093167702,"mu":0,"quality":"OUT_OF_RANGE","raw":1839.7,"sigma":1.5,"state":"IDLE","t":"2026-07-16T10:48:29.2150313Z","type":"sample"}
{"channel":"rr","display":46.58385093167702,"mu":0,"quality":"OUT_OF_RANGE","raw":1838.8,"sigma":1.5,"state":"IDLE","t":"2026-07-16T10:48:29.2548388Z","type":"sample"}
{"channel":"gsr","display":3192.2,"mu":0,"quality":"OK","raw":3192.2,"sigma":10,"state":"IDLE","t":"2026-07-16T10:48:29.2703259Z","type":"sample"}
{"channel":"hr","display":0,"mu":0,"quality":"OUT_OF_RANGE","raw":0,"sigma":3,"state":"IDLE","t":"2026-07-16T10:48:29.2755973Z","type":"sample"}
{"channel":"rr","display":46.58385093167702,"mu":0,"quality":"OUT_OF_RANGE","raw":1840.2,"sigma":1.5,"state":"IDLE","t":"2026-07-16T10:48:29.2947061Z","type":"sample"}
{"channel":"rr","display":46.58385093167702,"mu":0,"quality":"OUT_OF_RANGE","raw":1839.4,"sigma":1.5,"state":"IDLE","t":"2026-07-16T10:48:29.3349427Z","type":"sample"}
{"channel":"gsr","display":3192.5,"mu":0,"quality":"OK","raw":3192.5,"sigma":10,"state":"IDLE","t":"2026-07-16T10:48:29.3680043Z","type":"sample"}
{"channel":"rr","display":46.58385093167702,"mu":0,"quality":"OUT_OF_RANGE","raw":1839.9,"sigma":1.5,"state":"IDLE","t":"2026-07-16T10:48:29.3744709Z","type":"sample"}
{"channel":"rr","display":46.58385093167702,"mu":0,"quality":"OUT_OF_RANGE","raw":1839.9,"sigma":1.5,"state":"IDLE","t":"2026-07-16T10:48:29.4147526Z","type":"sample"}
{"channel":"rr","display":46.58385093167702,"mu":0,"quality":"OUT_OF_RANGE","raw":1840.6,"sigma":1.5,"state":"IDLE","t":"2026-07-16T10:48:29.4548577Z","type":"sample"}
{"channel":"gsr","display":3195.8,"mu":0,"quality":"OK","raw":3195.8,"sigma":10,"state":"IDLE","t":"2026-07-16T10:48:29.4701997Z","type":"sample"}
{"channel":"rr","display":46.58385093167702,"mu":0,"quality":"OUT_OF_RANGE","raw":1841.8,"sigma":1.5,"state":"IDLE","t":"2026-07-16T10:48:29.4947811Z","type":"sample"}
{"address":"/cue/p/start","args":null,"channel":"system","dir":"out","t":"2026-07-16T10:48:29.5095136Z","type":"osc"}
{"channel":"rr","display":46.58385093167702,"mu":0,"quality":"OUT_OF_RANGE","raw":1838.8,"sigma":1.5,"state":"IDLE","t":"2026-07-16T10:48:29.5334224Z","type":"sample"}
{"channel":"gsr","display":3192.4,"mu":0,"quality":"OK","raw":3192.4,"sigma":10,"state":"IDLE","t":"2026-07-16T10:48:29.5702448Z","type":"sample"}
{"channel":"rr","display":46.58385093167702,"mu":0,"quality":"OUT_OF_RANGE","raw":1840.2,"sigma":1.5,"state":"IDLE","t":"2026-07-16T10:48:29.5749622Z","type":"sample"}
{"channel":"rr","display":46.58385093167702,"mu":0,"quality":"OUT_OF_RANGE","raw":1840.1,"sigma":1.5,"state":"IDLE","t":"2026-07-16T10:48:29.6150225Z","type":"sample"}
{"channel":"rr","display":46.58385093167702,"mu":0,"quality":"OUT_OF_RANGE","raw":1838.4,"sigma":1.5,"state":"IDLE","t":"2026-07-16T10:48:29.6549732Z","type":"sample"}
{"channel":"gsr","display":3201,"mu":0,"quality":"OK","raw":3201,"sigma":10,"state":"IDLE","t":"2026-07-16T10:48:29.6697912Z","type":"sample"}
{"channel":"rr","display":46.58385093167702,"mu":0,"quality":"OUT_OF_RANGE","raw":1838.9,"sigma":1.5,"state":"IDLE","t":"2026-07-16T10:48:29.6949354Z","type":"sample"}
{"channel":"rr","display":46.58385093167702,"mu":0,"quality":"OUT_OF_RANGE","raw":1840.1,"sigma":1.5,"state":"IDLE","t":"2026-07-16T10:48:29.7348294Z","type":"sample"}
{"channel":"gsr","display":3200.2,"mu":0,"quality":"OK","raw":3200.2,"sigma":10,"state":"IDLE","t":"2026-07-16T10:48:29.7684969Z","type":"sample"}
{"channel":"rr","display":46.58385093167702,"mu":0,"quality":"OUT_OF_RANGE","raw":1839.6,"sigma":1.5,"state":"IDLE","t":"2026-07-16T10:48:29.7748406Z","type":"sample"}
{"channel":"hr","display":0,"mu":0,"quality":"OUT_OF_RANGE","raw":0,"sigma":3,"state":"IDLE","t":"2026-07-16T10:48:29.7755095Z","type":"sample"}
{"channel":"rr","display":46.58385093167702,"mu":0,"quality":"OUT_OF_RANGE","raw":1838.6,"sigma":1.5,"state":"IDLE","t":"2026-07-16T10:48:29.8147064Z","type":"sample"}
{"channel":"rr","display":46.58385093167702,"mu":0,"quality":"OUT_OF_RANGE","raw":1839.4,"sigma":1.5,"state":"IDLE","t":"2026-07-16T10:48:29.8546375Z","type":"sample"}
{"channel":"gsr","display":3201.9,"mu":0,"quality":"OK","raw":3201.9,"sigma":10,"state":"IDLE","t":"2026-07-16T10:48:29.869243Z","type":"sample"}
{"channel":"rr","display":46.58385093167702,"mu":0,"quality":"OUT_OF_RANGE","raw":1839.9,"sigma":1.5,"state":"IDLE","t":"2026-07-16T10:48:29.894875Z","type":"sample"}
{"channel":"rr","display":46.58385093167702,"mu":0,"quality":"OUT_OF_RANGE","raw":1838.6,"sigma":1.5,"state":"IDLE","t":"2026-07-16T10:48:29.934926Z","type":"sample"}
{"channel":"gsr","display":3206.8,"mu":0,"quality":"OK","raw":3206.8,"sigma":10,"state":"IDLE","t":"2026-07-16T10:48:29.9701059Z","type":"sample"}
{"channel":"rr","display":46.58385093167702,"mu":0,"quality":"OUT_OF_RANGE","raw":1838.4,"sigma":1.5,"state":"IDLE","t":"2026-07-16T10:48:29.9744893Z","type":"sample"}
{"channel":"rr","display":46.58385093167702,"mu":0,"quality":"OUT_OF_RANGE","raw":1837.7,"sigma":1.5,"state":"IDLE","t":"2026-07-16T10:48:30.0149597Z","type":"sample"}
{"address":"/cue/g1/start","args":null,"channel":"system","dir":"out","t":"2026-07-16T10:48:30.0261923Z","type":"osc"}
{"channel":"rr","display":46.58385093167702,"mu":0,"quality":"OUT_OF_RANGE","raw":1838.5,"sigma":1.5,"state":"IDLE","t":"2026-07-16T10:48:30.0548748Z","type":"sample"}
{"channel":"gsr","display":3212.6,"mu":0,"quality":"OK","raw":3212.6,"sigma":10,"state":"IDLE","t":"2026-07-16T10:48:30.0700282Z","type":"sample"}
{"channel":"rr","display":46.58385093167702,"mu":0,"quality":"OUT_OF_RANGE","raw":1837.6,"sigma":1.5,"state":"IDLE","t":"2026-07-16T10:48:30.0948847Z","type":"sample"}
{"channel":"rr","display":46.58385093167702,"mu":0,"quality":"OUT_OF_RANGE","raw":1838.4,"sigma":1.5,"state":"IDLE","t":"2026-07-16T10:48:30.134923Z","type":"sample"}
{"channel":"gsr","display":3207.3,"mu":0,"quality":"OK","raw":3207.3,"sigma":10,"state":"IDLE","t":"2026-07-16T10:48:30.1695719Z","type":"sample"}
{"channel":"rr","display":46.58385093167702,"mu":0,"quality":"OUT_OF_RANGE","raw":1839.5,"sigma":1.5,"state":"IDLE","t":"2026-07-16T10:48:30.1745559Z","type":"sample"}
{"channel":"rr","display":46.58385093167702,"mu":0,"quality":"OUT_OF_RANGE","raw":1839.1,"sigma":1.5,"state":"IDLE","t":"2026-07-16T10:48:30.2149471Z","type":"sample"}
{"channel":"rr","display":46.58385093167702,"mu":0,"quality":"OUT_OF_RANGE","raw":1839.1,"sigma":1.5,"state":"IDLE","t":"2026-07-16T10:48:30.2548615Z","type":"sample"}
{"channel":"gsr","display":3213.7,"mu":0,"quality":"OK","raw":3213.7,"sigma":10,"state":"IDLE","t":"2026-07-16T10:48:30.2701599Z","type":"sample"}
{"channel":"hr","display":0,"mu":0,"quality":"OUT_OF_RANGE","raw":0,"sigma":3,"state":"IDLE","t":"2026-07-16T10:48:30.2755952Z","type":"sample"}
{"channel":"rr","display":46.58385093167702,"mu":0,"quality":"OUT_OF_RANGE","raw":1841.4,"sigma":1.5,"state":"IDLE","t":"2026-07-16T10:48:30.2950381Z","type":"sample"}
{"channel":"rr","display":46.58385093167702,"mu":0,"quality":"OUT_OF_RANGE","raw":1837.6,"sigma":1.5,"state":"IDLE","t":"2026-07-16T10:48:30.3349021Z","type":"sample"}
{"channel":"gsr","display":3211.9,"mu":0,"quality":"OK","raw":3211.9,"sigma":10,"state":"IDLE","t":"2026-07-16T10:48:30.3698872Z","type":"sample"}
{"channel":"rr","display":46.58385093167702,"mu":0,"quality":"OUT_OF_RANGE","raw":1839.9,"sigma":1.5,"state":"IDLE","t":"2026-07-16T10:48:30.3739968Z","type":"sample"}
{"channel":"rr","display":46.58385093167702,"mu":0,"quality":"OUT_OF_RANGE","raw":1839.8,"sigma":1.5,"state":"IDLE","t":"2026-07-16T10:48:30.4149329Z","type":"sample"}
{"channel":"rr","display":46.58385093167702,"mu":0,"quality":"OUT_OF_RANGE","raw":1839.4,"sigma":1.5,"state":"IDLE","t":"2026-07-16T10:48:30.4548242Z","type":"sample"}
{"channel":"gsr","display":3215.8,"mu":0,"quality":"OK","raw":3215.8,"sigma":10,"state":"IDLE","t":"2026-07-16T10:48:30.4701Z","type":"sample"}
{"channel":"rr","display":46.58385093167702,"mu":0,"quality":"OUT_OF_RANGE","raw":1836.8,"sigma":1.5,"state":"IDLE","t":"2026-07-16T10:48:30.4945851Z","type":"sample"}
{"address":"/cue/p/start","args":null,"channel":"system","dir":"out","t":"2026-07-16T10:48:30.5091226Z","type":"osc"}
{"channel":"rr","display":46.58385093167702,"mu":0,"quality":"OUT_OF_RANGE","raw":1839.9,"sigma":1.5,"state":"IDLE","t":"2026-07-16T10:48:30.5347654Z","type":"sample"}
{"channel":"gsr","display":3220.1,"mu":0,"quality":"OK","raw":3220.1,"sigma":10,"state":"IDLE","t":"2026-07-16T10:48:30.5683831Z","type":"sample"}
{"channel":"rr","display":46.58385093167702,"mu":0,"quality":"OUT_OF_RANGE","raw":1840.2,"sigma":1.5,"state":"IDLE","t":"2026-07-16T10:48:30.5747469Z","type":"sample"}
{"channel":"rr","display":46.58385093167702,"mu":0,"quality":"OUT_OF_RANGE","raw":1838.7,"sigma":1.5,"state":"IDLE","t":"2026-07-16T10:48:30.614726Z","type":"sample"}
{"channel":"rr","display":46.58385093167702,"mu":0,"quality":"OUT_OF_RANGE","raw":1838.1,"sigma":1.5,"state":"IDLE","t":"2026-07-16T10:48:30.6545673Z","type":"sample"}
{"channel":"gsr","display":3219.9,"mu":0,"quality":"OK","raw":3219.9,"sigma":10,"state":"IDLE","t":"2026-07-16T10:48:30.6692481Z","type":"sample"}
{"channel":"rr","display":46.58385093167702,"mu":0,"quality":"OUT_OF_RANGE","raw":1838.9,"sigma":1.5,"state":"IDLE","t":"2026-07-16T10:48:30.6946828Z","type":"sample"}
{"channel":"rr","display":46.58385093167702,"mu":0,"quality":"OUT_OF_RANGE","raw":1838.2,"sigma":1.5,"state":"IDLE","t":"2026-07-16T10:48:30.7345942Z","type":"sample"}
{"channel":"gsr","display":3223,"mu":0,"quality":"OK","raw":3223,"sigma":10,"state":"IDLE","t":"2026-07-16T10:48:30.770087Z","type":"sample"}
{"channel":"rr","display":46.58385093167702,"mu":0,"quality":"OUT_OF_RANGE","raw":1839,"sigma":1.5,"state":"IDLE","t":"2026-07-16T10:48:30.7748163Z","type":"sample"}
{"channel":"hr","display":0,"mu":0,"quality":"OUT_OF_RANGE","raw":0,"sigma":3,"state":"IDLE","t":"2026-07-16T10:48:30.7758074Z","type":"sample"}
{"channel":"rr","display":46.58385093167702,"mu":0,"quality":"OUT_OF_RANGE","raw":1839.6,"sigma":1.5,"state":"IDLE","t":"2026-07-16T10:48:30.8148854Z","type":"sample"}
{"channel":"rr","display":46.58385093167702,"mu":0,"quality":"OUT_OF_RANGE","raw":1838.6,"sigma":1.5,"state":"IDLE","t":"2026-07-16T10:48:30.8546729Z","type":"sample"}
{"channel":"gsr","display":3223.7,"mu":0,"quality":"OK","raw":3223.7,"sigma":10,"state":"IDLE","t":"2026-07-16T10:48:30.8700397Z","type":"sample"}
{"channel":"rr","display":46.58385093167702,"mu":0,"quality":"OUT_OF_RANGE","raw":1839.1,"sigma":1.5,"state":"IDLE","t":"2026-07-16T10:48:30.8950396Z","type":"sample"}
{"channel":"rr","display":46.58385093167702,"mu":0,"quality":"OUT_OF_RANGE","raw":1839.3,"sigma":1.5,"state":"IDLE","t":"2026-07-16T10:48:30.9351367Z","type":"sample"}
{"channel":"gsr","display":3223.3,"mu":0,"quality":"OK","raw":3223.3,"sigma":10,"state":"IDLE","t":"2026-07-16T10:48:30.970044Z","type":"sample"}
{"channel":"rr","display":46.58385093167702,"mu":0,"quality":"OUT_OF_RANGE","raw":1840.1,"sigma":1.5,"state":"IDLE","t":"2026-07-16T10:48:30.974543Z","type":"sample"}
{"channel":"rr","display":46.58385093167702,"mu":0,"quality":"OUT_OF_RANGE","raw":1839.1,"sigma":1.5,"state":"IDLE","t":"2026-07-16T10:48:31.0145931Z","type":"sample"}
{"address":"/cue/g1/start","args":null,"channel":"system","dir":"out","t":"2026-07-16T10:48:31.0307723Z","type":"osc"}
{"channel":"rr","display":46.58385093167702,"mu":0,"quality":"OUT_OF_RANGE","raw":1839.8,"sigma":1.5,"state":"IDLE","t":"2026-07-16T10:48:31.0547885Z","type":"sample"}
{"channel":"gsr","display":3223.8,"mu":0,"quality":"OK","raw":3223.8,"sigma":10,"state":"IDLE","t":"2026-07-16T10:48:31.0697676Z","type":"sample"}
{"channel":"rr","display":46.58385093167702,"mu":0,"quality":"OUT_OF_RANGE","raw":1838.7,"sigma":1.5,"state":"IDLE","t":"2026-07-16T10:48:31.0948865Z","type":"sample"}
{"channel":"rr","display":46.58385093167702,"mu":0,"quality":"OUT_OF_RANGE","raw":1839.1,"sigma":1.5,"state":"IDLE","t":"2026-07-16T10:48:31.1347067Z","type":"sample"}
{"channel":"gsr","display":3223.1,"mu":0,"quality":"OK","raw":3223.1,"sigma":10,"state":"IDLE","t":"2026-07-16T10:48:31.1699883Z","type":"sample"}
{"channel":"rr","display":46.58385093167702,"mu":0,"quality":"OUT_OF_RANGE","raw":1839.8,"sigma":1.5,"state":"IDLE","t":"2026-07-16T10:48:31.1749304Z","type":"sample"}
{"channel":"rr","display":46.58385093167702,"mu":0,"quality":"OUT_OF_RANGE","raw":1837.9,"sigma":1.5,"state":"IDLE","t":"2026-07-16T10:48:31.214826Z","type":"sample"}
{"channel":"rr","display":46.58385093167702,"mu":0,"quality":"OUT_OF_RANGE","raw":1838.1,"sigma":1.5,"state":"IDLE","t":"2026-07-16T10:48:31.2548575Z","type":"sample"}
{"channel":"gsr","display":3224.7,"mu":0,"quality":"OK","raw":3224.7,"sigma":10,"state":"IDLE","t":"2026-07-16T10:48:31.2701118Z","type":"sample"}
{"channel":"hr","display":0,"mu":0,"quality":"OUT_OF_RANGE","raw":0,"sigma":3,"state":"IDLE","t":"2026-07-16T10:48:31.2756695Z","type":"sample"}
{"channel":"rr","display":46.58385093167702,"mu":0,"quality":"OUT_OF_RANGE","raw":1838.5,"sigma":1.5,"state":"IDLE","t":"2026-07-16T10:48:31.2946752Z","type":"sample"}
{"channel":"rr","display":46.58385093167702,"mu":0,"quality":"OUT_OF_RANGE","raw":1840.1,"sigma":1.5,"state":"IDLE","t":"2026-07-16T10:48:31.3334964Z","type":"sample"}
{"channel":"gsr","display":3225.4,"mu":0,"quality":"OK","raw":3225.4,"sigma":10,"state":"IDLE","t":"2026-07-16T10:48:31.3702054Z","type":"sample"}
{"channel":"rr","display":46.58385093167702,"mu":0,"quality":"OUT_OF_RANGE","raw":1840.5,"sigma":1.5,"state":"IDLE","t":"2026-07-16T10:48:31.3749034Z","type":"sample"}
{"channel":"rr","display":46.58385093167702,"mu":0,"quality":"OUT_OF_RANGE","raw":1841,"sigma":1.5,"state":"IDLE","t":"2026-07-16T10:48:31.4146392Z","type":"sample"}
{"channel":"rr","display":46.58385093167702,"mu":0,"quality":"OUT_OF_RANGE","raw":1839.6,"sigma":1.5,"state":"IDLE","t":"2026-07-16T10:48:31.4548884Z","type":"sample"}
{"channel":"gsr","display":3226.5,"mu":0,"quality":"OK","raw":3226.5,"sigma":10,"state":"IDLE","t":"2026-07-16T10:48:31.4696431Z","type":"sample"}
{"channel":"rr","display":46.58385093167702,"mu":0,"quality":"OUT_OF_RANGE","raw":1840.6,"sigma":1.5,"state":"IDLE","t":"2026-07-16T10:48:31.4950619Z","type":"sample"}
{"address":"/cue/p/start","args":null,"channel":"system","dir":"out","t":"2026-07-16T10:48:31.5096478Z","type":"osc"}
{"channel":"rr","display":46.58385093167702,"mu":0,"quality":"OUT_OF_RANGE","raw":1839.8,"sigma":1.5,"state":"IDLE","t":"2026-07-16T10:48:31.5340002Z","type":"sample"}
{"channel":"gsr","display":3224.2,"mu":0,"quality":"OK","raw":3224.2,"sigma":10,"state":"IDLE","t":"2026-07-16T10:48:31.5680991Z","type":"sample"}
{"channel":"rr","display":46.58385093167702,"mu":0,"quality":"OUT_OF_RANGE","raw":1840.4,"sigma":1.5,"state":"IDLE","t":"2026-07-16T10:48:31.5739909Z","type":"sample"}
{"channel":"rr","display":46.58385093167702,"mu":0,"quality":"OUT_OF_RANGE","raw":1838.9,"sigma":1.5,"state":"IDLE","t":"2026-07-16T10:48:31.6146272Z","type":"sample"}
{"channel":"rr","display":46.58385093167702,"mu":0,"quality":"OUT_OF_RANGE","raw":1839.7,"sigma":1.5,"state":"IDLE","t":"2026-07-16T10:48:31.6549384Z","type":"sample"}
{"channel":"gsr","display":3229.3,"mu":0,"quality":"OK","raw":3229.3,"sigma":10,"state":"IDLE","t":"2026-07-16T10:48:31.6690568Z","type":"sample"}
{"channel":"rr","display":46.58385093167702,"mu":0,"quality":"OUT_OF_RANGE","raw":1839.1,"sigma":1.5,"state":"IDLE","t":"2026-07-16T10:48:31.6947572Z","type":"sample"}
{"channel":"rr","display":46.58385093167702,"mu":0,"quality":"OUT_OF_RANGE","raw":1840,"sigma":1.5,"state":"IDLE","t":"2026-07-16T10:48:31.7346262Z","type":"sample"}
{"channel":"gsr","display":3232.2,"mu":0,"quality":"OK","raw":3232.2,"sigma":10,"state":"IDLE","t":"2026-07-16T10:48:31.7699825Z","type":"sample"}
{"channel":"rr","display":46.58385093167702,"mu":0,"quality":"OUT_OF_RANGE","raw":1840.2,"sigma":1.5,"state":"IDLE","t":"2026-07-16T10:48:31.7749267Z","type":"sample"}
{"channel":"hr","display":0,"mu":0,"quality":"OUT_OF_RANGE","raw":0,"sigma":3,"state":"IDLE","t":"2026-07-16T10:48:31.7759873Z","type":"sample"}
{"channel":"rr","display":46.58385093167702,"mu":0,"quality":"OUT_OF_RANGE","raw":1840.4,"sigma":1.5,"state":"IDLE","t":"2026-07-16T10:48:31.8145751Z","type":"sample"}
{"channel":"rr","display":46.58385093167702,"mu":0,"quality":"OUT_OF_RANGE","raw":1838.8,"sigma":1.5,"state":"IDLE","t":"2026-07-16T10:48:31.8547226Z","type":"sample"}
{"channel":"gsr","display":3234.8,"mu":0,"quality":"OK","raw":3234.8,"sigma":10,"state":"IDLE","t":"2026-07-16T10:48:31.8699561Z","type":"sample"}
{"channel":"rr","display":46.58385093167702,"mu":0,"quality":"OUT_OF_RANGE","raw":1839.1,"sigma":1.5,"state":"IDLE","t":"2026-07-16T10:48:31.8948536Z","type":"sample"}
{"channel":"rr","display":46.58385093167702,"mu":0,"quality":"OUT_OF_RANGE","raw":1840.8,"sigma":1.5,"state":"IDLE","t":"2026-07-16T10:48:31.9348497Z","type":"sample"}
{"channel":"gsr","display":3232.9,"mu":0,"quality":"OK","raw":3232.9,"sigma":10,"state":"IDLE","t":"2026-07-16T10:48:31.9703277Z","type":"sample"}
{"channel":"rr","display":46.58385093167702,"mu":0,"quality":"OUT_OF_RANGE","raw":1839.4,"sigma":1.5,"state":"IDLE","t":"2026-07-16T10:48:31.9749606Z","type":"sample"}
{"channel":"rr","display":46.58385093167702,"mu":0,"quality":"OUT_OF_RANGE","raw":1840.9,"sigma":1.5,"state":"IDLE","t":"2026-07-16T10:48:32.0149719Z","type":"sample"}
{"address":"/cue/g1/start","args":null,"channel":"system","dir":"out","t":"2026-07-16T10:48:32.0357096Z","type":"osc"}
{"channel":"rr","display":46.58385093167702,"mu":0,"quality":"OUT_OF_RANGE","raw":1839.2,"sigma":1.5,"state":"IDLE","t":"2026-07-16T10:48:32.0549851Z","type":"sample"}
{"channel":"gsr","display":3237.4,"mu":0,"quality":"OK","raw":3237.4,"sigma":10,"state":"IDLE","t":"2026-07-16T10:48:32.0701954Z","type":"sample"}
{"channel":"rr","display":46.58385093167702,"mu":0,"quality":"OUT_OF_RANGE","raw":1839.4,"sigma":1.5,"state":"IDLE","t":"2026-07-16T10:48:32.0924666Z","type":"sample"}
{"channel":"rr","display":46.58385093167702,"mu":0,"quality":"OUT_OF_RANGE","raw":1838.6,"sigma":1.5,"state":"IDLE","t":"2026-07-16T10:48:32.1349761Z","type":"sample"}
{"channel":"gsr","display":3238.6,"mu":0,"quality":"OK","raw":3238.6,"sigma":10,"state":"IDLE","t":"2026-07-16T10:48:32.1701699Z","type":"sample"}
{"channel":"rr","display":46.58385093167702,"mu":0,"quality":"OUT_OF_RANGE","raw":1839.5,"sigma":1.5,"state":"IDLE","t":"2026-07-16T10:48:32.1747907Z","type":"sample"}
{"channel":"rr","display":46.58385093167702,"mu":0,"quality":"OUT_OF_RANGE","raw":1840.8,"sigma":1.5,"state":"IDLE","t":"2026-07-16T10:48:32.2150129Z","type":"sample"}
{"channel":"rr","display":46.58385093167702,"mu":0,"quality":"OUT_OF_RANGE","raw":1839.2,"sigma":1.5,"state":"IDLE","t":"2026-07-16T10:48:32.2519384Z","type":"sample"}
{"channel":"gsr","display":3241.8,"mu":0,"quality":"OK","raw":3241.8,"sigma":10,"state":"IDLE","t":"2026-07-16T10:48:32.2697164Z","type":"sample"}
{"channel":"hr","display":0,"mu":0,"quality":"OUT_OF_RANGE","raw":0,"sigma":3,"state":"IDLE","t":"2026-07-16T10:48:32.2753552Z","type":"sample"}
{"channel":"rr","display":46.58385093167702,"mu":0,"quality":"OUT_OF_RANGE","raw":1838.4,"sigma":1.5,"state":"IDLE","t":"2026-07-16T10:48:32.2946025Z","type":"sample"}
{"channel":"rr","display":46.58385093167702,"mu":0,"quality":"OUT_OF_RANGE","raw":1840.6,"sigma":1.5,"state":"IDLE","t":"2026-07-16T10:48:32.3349549Z","type":"sample"}
{"channel":"gsr","display":3242.9,"mu":0,"quality":"OK","raw":3242.9,"sigma":10,"state":"IDLE","t":"2026-07-16T10:48:32.3700079Z","type":"sample"}
{"channel":"rr","display":46.58385093167702,"mu":0,"quality":"OUT_OF_RANGE","raw":1841.2,"sigma":1.5,"state":"IDLE","t":"2026-07-16T10:48:32.3751898Z","type":"sample"}
{"channel":"rr","display":46.58385093167702,"mu":0,"quality":"OUT_OF_RANGE","raw":1841.1,"sigma":1.5,"state":"IDLE","t":"2026-07-16T10:48:32.4148848Z","type":"sample"}
{"channel":"rr","display":46.58385093167702,"mu":0,"quality":"OUT_OF_RANGE","raw":1839.6,"sigma":1.5,"state":"IDLE","t":"2026-07-16T10:48:32.4547338Z","type":"sample"}
{"channel":"gsr","display":3244.2,"mu":0,"quality":"OK","raw":3244.2,"sigma":10,"state":"IDLE","t":"2026-07-16T10:48:32.4699856Z","type":"sample"}
{"channel":"rr","display":46.58385093167702,"mu":0,"quality":"OUT_OF_RANGE","raw":1840.9,"sigma":1.5,"state":"IDLE","t":"2026-07-16T10:48:32.4947261Z","type":"sample"}
{"address":"/cue/p/start","args":null,"channel":"system","dir":"out","t":"2026-07-16T10:48:32.5091439Z","type":"osc"}
{"channel":"rr","display":46.58385093167702,"mu":0,"quality":"OUT_OF_RANGE","raw":1839.8,"sigma":1.5,"state":"IDLE","t":"2026-07-16T10:48:32.5347486Z","type":"sample"}
{"channel":"gsr","display":3245.2,"mu":0,"quality":"OK","raw":3245.2,"sigma":10,"state":"IDLE","t":"2026-07-16T10:48:32.5701482Z","type":"sample"}
{"channel":"rr","display":46.58385093167702,"mu":0,"quality":"OUT_OF_RANGE","raw":1840.2,"sigma":1.5,"state":"IDLE","t":"2026-07-16T10:48:32.5748904Z","type":"sample"}
{"channel":"rr","display":46.58385093167702,"mu":0,"quality":"OUT_OF_RANGE","raw":1839,"sigma":1.5,"state":"IDLE","t":"2026-07-16T10:48:32.6146196Z","type":"sample"}
{"channel":"rr","display":46.58385093167702,"mu":0,"quality":"OUT_OF_RANGE","raw":1841.1,"sigma":1.5,"state":"IDLE","t":"2026-07-16T10:48:32.6546735Z","type":"sample"}
{"channel":"gsr","display":3246.1,"mu":0,"quality":"OK","raw":3246.1,"sigma":10,"state":"IDLE","t":"2026-07-16T10:48:32.670004Z","type":"sample"}
{"channel":"rr","display":46.58385093167702,"mu":0,"quality":"OUT_OF_RANGE","raw":1839.8,"sigma":1.5,"state":"IDLE","t":"2026-07-16T10:48:32.69502Z","type":"sample"}
{"channel":"rr","display":46.58385093167702,"mu":0,"quality":"OUT_OF_RANGE","raw":1839.4,"sigma":1.5,"state":"IDLE","t":"2026-07-16T10:48:32.7348827Z","type":"sample"}
{"channel":"gsr","display":3248.8,"mu":0,"quality":"OK","raw":3248.8,"sigma":10,"state":"IDLE","t":"2026-07-16T10:48:32.7677135Z","type":"sample"}
{"channel":"rr","display":46.58385093167702,"mu":0,"quality":"OUT_OF_RANGE","raw":1838.8,"sigma":1.5,"state":"IDLE","t":"2026-07-16T10:48:32.7749921Z","type":"sample"}
{"channel":"hr","display":0,"mu":0,"quality":"OUT_OF_RANGE","raw":0,"sigma":3,"state":"IDLE","t":"2026-07-16T10:48:32.7758418Z","type":"sample"}
{"channel":"rr","display":46.58385093167702,"mu":0,"quality":"OUT_OF_RANGE","raw":1840.1,"sigma":1.5,"state":"IDLE","t":"2026-07-16T10:48:32.8146305Z","type":"sample"}
{"channel":"rr","display":46.58385093167702,"mu":0,"quality":"OUT_OF_RANGE","raw":1838.9,"sigma":1.5,"state":"IDLE","t":"2026-07-16T10:48:32.854827Z","type":"sample"}
{"channel":"gsr","display":3248.4,"mu":0,"quality":"OK","raw":3248.4,"sigma":10,"state":"IDLE","t":"2026-07-16T10:48:32.8700066Z","type":"sample"}
{"channel":"rr","display":46.58385093167702,"mu":0,"quality":"OUT_OF_RANGE","raw":1840.1,"sigma":1.5,"state":"IDLE","t":"2026-07-16T10:48:32.8948336Z","type":"sample"}
{"channel":"rr","display":46.58385093167702,"mu":0,"quality":"OUT_OF_RANGE","raw":1838.6,"sigma":1.5,"state":"IDLE","t":"2026-07-16T10:48:32.9336933Z","type":"sample"}
{"channel":"gsr","display":3250.6,"mu":0,"quality":"OK","raw":3250.6,"sigma":10,"state":"IDLE","t":"2026-07-16T10:48:32.9701747Z","type":"sample"}
{"channel":"rr","display":46.58385093167702,"mu":0,"quality":"OUT_OF_RANGE","raw":1840.2,"sigma":1.5,"state":"IDLE","t":"2026-07-16T10:48:32.9748529Z","type":"sample"}
{"channel":"rr","display":46.58385093167702,"mu":0,"quality":"OUT_OF_RANGE","raw":1838.6,"sigma":1.5,"state":"IDLE","t":"2026-07-16T10:48:33.0146095Z","type":"sample"}
{"address":"/cue/g1/start","args":null,"channel":"system","dir":"out","t":"2026-07-16T10:48:33.0438716Z","type":"osc"}
{"channel":"rr","display":46.58385093167702,"mu":0,"quality":"OUT_OF_RANGE","raw":1839.7,"sigma":1.5,"state":"IDLE","t":"2026-07-16T10:48:33.0547094Z","type":"sample"}
{"channel":"gsr","display":3251.2,"mu":0,"quality":"OK","raw":3251.2,"sigma":10,"state":"IDLE","t":"2026-07-16T10:48:33.0692699Z","type":"sample"}
{"channel":"rr","display":46.58385093167702,"mu":0,"quality":"OUT_OF_RANGE","raw":1840.2,"sigma":1.5,"state":"IDLE","t":"2026-07-16T10:48:33.0946862Z","type":"sample"}
{"channel":"rr","display":46.58385093167702,"mu":0,"quality":"OUT_OF_RANGE","raw":1840,"sigma":1.5,"state":"IDLE","t":"2026-07-16T10:48:33.1346181Z","type":"sample"}
{"channel":"gsr","display":3251.4,"mu":0,"quality":"OK","raw":3251.4,"sigma":10,"state":"IDLE","t":"2026-07-16T10:48:33.1680645Z","type":"sample"}
{"channel":"rr","display":46.58385093167702,"mu":0,"quality":"OUT_OF_RANGE","raw":1839.8,"sigma":1.5,"state":"IDLE","t":"2026-07-16T10:48:33.1749397Z","type":"sample"}
{"channel":"rr","display":46.58385093167702,"mu":0,"quality":"OUT_OF_RANGE","raw":1839.1,"sigma":1.5,"state":"IDLE","t":"2026-07-16T10:48:33.2147924Z","type":"sample"}
{"channel":"rr","display":46.58385093167702,"mu":0,"quality":"OUT_OF_RANGE","raw":1839.1,"sigma":1.5,"state":"IDLE","t":"2026-07-16T10:48:33.2546725Z","type":"sample"}
{"channel":"gsr","display":3257.9,"mu":0,"quality":"OK","raw":3257.9,"sigma":10,"state":"IDLE","t":"2026-07-16T10:48:33.2697579Z","type":"sample"}
{"channel":"hr","display":0,"mu":0,"quality":"OUT_OF_RANGE","raw":0,"sigma":3,"state":"IDLE","t":"2026-07-16T10:48:33.274873Z","type":"sample"}
{"channel":"rr","display":46.58385093167702,"mu":0,"quality":"OUT_OF_RANGE","raw":1839.6,"sigma":1.5,"state":"IDLE","t":"2026-07-16T10:48:33.2948849Z","type":"sample"}
{"channel":"rr","display":46.58385093167702,"mu":0,"quality":"OUT_OF_RANGE","raw":1839.9,"sigma":1.5,"state":"IDLE","t":"2026-07-16T10:48:33.3348176Z","type":"sample"}
{"channel":"gsr","display":3250.8,"mu":0,"quality":"OK","raw":3250.8,"sigma":10,"state":"IDLE","t":"2026-07-16T10:48:33.3697104Z","type":"sample"}
{"channel":"rr","display":46.58385093167702,"mu":0,"quality":"OUT_OF_RANGE","raw":1838.4,"sigma":1.5,"state":"IDLE","t":"2026-07-16T10:48:33.374655Z","type":"sample"}
{"channel":"rr","display":46.58385093167702,"mu":0,"quality":"OUT_OF_RANGE","raw":1838.2,"sigma":1.5,"state":"IDLE","t":"2026-07-16T10:48:33.4146792Z","type":"sample"}
{"channel":"rr","display":46.58385093167702,"mu":0,"quality":"OUT_OF_RANGE","raw":1839.9,"sigma":1.5,"state":"IDLE","t":"2026-07-16T10:48:33.4546465Z","type":"sample"}
{"channel":"gsr","display":3254.9,"mu":0,"quality":"OK","raw":3254.9,"sigma":10,"state":"IDLE","t":"2026-07-16T10:48:33.468982Z","type":"sample"}
{"channel":"rr","display":46.58385093167702,"mu":0,"quality":"OUT_OF_RANGE","raw":1839.5,"sigma":1.5,"state":"IDLE","t":"2026-07-16T10:48:33.4948961Z","type":"sample"}
{"address":"/cue/p/start","args":null,"channel":"system","dir":"out","t":"2026-07-16T10:48:33.5093469Z","type":"osc"}
{"channel":"rr","display":46.58385093167702,"mu":0,"quality":"OUT_OF_RANGE","raw":1838.5,"sigma":1.5,"state":"IDLE","t":"2026-07-16T10:48:33.5347101Z","type":"sample"}
{"channel":"gsr","display":3252.7,"mu":0,"quality":"OK","raw":3252.7,"sigma":10,"state":"IDLE","t":"2026-07-16T10:48:33.5698133Z","type":"sample"}
{"channel":"rr","display":46.58385093167702,"mu":0,"quality":"OUT_OF_RANGE","raw":1839.2,"sigma":1.5,"state":"IDLE","t":"2026-07-16T10:48:33.5746035Z","type":"sample"}
{"channel":"rr","display":46.58385093167702,"mu":0,"quality":"OUT_OF_RANGE","raw":1838.6,"sigma":1.5,"state":"IDLE","t":"2026-07-16T10:48:33.6144082Z","type":"sample"}
{"channel":"rr","display":46.58385093167702,"mu":0,"quality":"OUT_OF_RANGE","raw":1839.2,"sigma":1.5,"state":"IDLE","t":"2026-07-16T10:48:33.654913Z","type":"sample"}
{"channel":"gsr","display":3251.4,"mu":0,"quality":"OK","raw":3251.4,"sigma":10,"state":"IDLE","t":"2026-07-16T10:48:33.6699365Z","type":"sample"}
{"channel":"rr","display":46.58385093167702,"mu":0,"quality":"OUT_OF_RANGE","raw":1840.2,"sigma":1.5,"state":"IDLE","t":"2026-07-16T10:48:33.6949136Z","type":"sample"}
{"channel":"rr","display":46.58385093167702,"mu":0,"quality":"OUT_OF_RANGE","raw":1839.1,"sigma":1.5,"state":"IDLE","t":"2026-07-16T10:48:33.7349118Z","type":"sample"}
{"channel":"gsr","display":3254.4,"mu":0,"quality":"OK","raw":3254.4,"sigma":10,"state":"IDLE","t":"2026-07-16T10:48:33.7701214Z","type":"sample"}
{"channel":"rr","display":46.58385093167702,"mu":0,"quality":"OUT_OF_RANGE","raw":1839.7,"sigma":1.5,"state":"IDLE","t":"2026-07-16T10:48:33.774455Z","type":"sample"}
{"channel":"hr","display":0,"mu":0,"quality":"OUT_OF_RANGE","raw":0,"sigma":3,"state":"IDLE","t":"2026-07-16T10:48:33.7754953Z","type":"sample"}
{"channel":"rr","display":46.58385093167702,"mu":0,"quality":"OUT_OF_RANGE","raw":1840.3,"sigma":1.5,"state":"IDLE","t":"2026-07-16T10:48:33.8149268Z","type":"sample"}
{"channel":"rr","display":46.58385093167702,"mu":0,"quality":"OUT_OF_RANGE","raw":1840.6,"sigma":1.5,"state":"IDLE","t":"2026-07-16T10:48:33.8547745Z","type":"sample"}
{"channel":"gsr","display":3253.8,"mu":0,"quality":"OK","raw":3253.8,"sigma":10,"state":"IDLE","t":"2026-07-16T10:48:33.8698287Z","type":"sample"}
{"channel":"rr","display":46.58385093167702,"mu":0,"quality":"OUT_OF_RANGE","raw":1839.8,"sigma":1.5,"state":"IDLE","t":"2026-07-16T10:48:33.8948072Z","type":"sample"}
{"channel":"rr","display":46.58385093167702,"mu":0,"quality":"OUT_OF_RANGE","raw":1839.2,"sigma":1.5,"state":"IDLE","t":"2026-07-16T10:48:33.9348342Z","type":"sample"}
{"channel":"gsr","display":3247.9,"mu":0,"quality":"OK","raw":3247.9,"sigma":10,"state":"IDLE","t":"2026-07-16T10:48:33.9683098Z","type":"sample"}
{"channel":"rr","display":46.58385093167702,"mu":0,"quality":"OUT_OF_RANGE","raw":1840.2,"sigma":1.5,"state":"IDLE","t":"2026-07-16T10:48:33.9745195Z","type":"sample"}
{"channel":"rr","display":46.58385093167702,"mu":0,"quality":"OUT_OF_RANGE","raw":1840.3,"sigma":1.5,"state":"IDLE","t":"2026-07-16T10:48:34.0145164Z","type":"sample"}
{"address":"/cue/g1/start","args":null,"channel":"system","dir":"out","t":"2026-07-16T10:48:34.04844Z","type":"osc"}
{"channel":"rr","display":46.58385093167702,"mu":0,"quality":"OUT_OF_RANGE","raw":1838.9,"sigma":1.5,"state":"IDLE","t":"2026-07-16T10:48:34.0549192Z","type":"sample"}
{"channel":"gsr","display":3250.1,"mu":0,"quality":"OK","raw":3250.1,"sigma":10,"state":"IDLE","t":"2026-07-16T10:48:34.0696767Z","type":"sample"}
{"channel":"rr","display":46.58385093167702,"mu":0,"quality":"OUT_OF_RANGE","raw":1839.8,"sigma":1.5,"state":"IDLE","t":"2026-07-16T10:48:34.0947947Z","type":"sample"}
{"channel":"rr","display":46.58385093167702,"mu":0,"quality":"OUT_OF_RANGE","raw":1839.2,"sigma":1.5,"state":"IDLE","t":"2026-07-16T10:48:34.1345469Z","type":"sample"}
{"channel":"gsr","display":3250.5,"mu":0,"quality":"OK","raw":3250.5,"sigma":10,"state":"IDLE","t":"2026-07-16T10:48:34.1697452Z","type":"sample"}
{"channel":"rr","display":46.58385093167702,"mu":0,"quality":"OUT_OF_RANGE","raw":1840.2,"sigma":1.5,"state":"IDLE","t":"2026-07-16T10:48:34.1746264Z","type":"sample"}
{"channel":"rr","display":46.58385093167702,"mu":0,"quality":"OUT_OF_RANGE","raw":1839.1,"sigma":1.5,"state":"IDLE","t":"2026-07-16T10:48:34.2146756Z","type":"sample"}
{"channel":"rr","display":46.58385093167702,"mu":0,"quality":"OUT_OF_RANGE","raw":1839.3,"sigma":1.5,"state":"IDLE","t":"2026-07-16T10:48:34.2539261Z","type":"sample"}
{"channel":"gsr","display":3247.8,"mu":0,"quality":"OK","raw":3247.8,"sigma":10,"state":"IDLE","t":"2026-07-16T10:48:34.2700016Z","type":"sample"}
{"channel":"hr","display":0,"mu":0,"quality":"OUT_OF_RANGE","raw":0,"sigma":3,"state":"IDLE","t":"2026-07-16T10:48:34.2748831Z","type":"sample"}
{"channel":"rr","display":46.58385093167702,"mu":0,"quality":"OUT_OF_RANGE","raw":1839.1,"sigma":1.5,"state":"IDLE","t":"2026-07-16T10:48:34.2950057Z","type":"sample"}
{"channel":"rr","display":46.58385093167702,"mu":0,"quality":"OUT_OF_RANGE","raw":1839.1,"sigma":1.5,"state":"IDLE","t":"2026-07-16T10:48:34.3345742Z","type":"sample"}
{"channel":"gsr","display":3246.7,"mu":0,"quality":"OK","raw":3246.7,"sigma":10,"state":"IDLE","t":"2026-07-16T10:48:34.3682945Z","type":"sample"}
{"channel":"rr","display":46.58385093167702,"mu":0,"quality":"OUT_OF_RANGE","raw":1838.7,"sigma":1.5,"state":"IDLE","t":"2026-07-16T10:48:34.3746197Z","type":"sample"}
{"channel":"rr","display":46.58385093167702,"mu":0,"quality":"OUT_OF_RANGE","raw":1840.4,"sigma":1.5,"state":"IDLE","t":"2026-07-16T10:48:34.4149934Z","type":"sample"}
{"channel":"rr","display":46.58385093167702,"mu":0,"quality":"OUT_OF_RANGE","raw":1840.4,"sigma":1.5,"state":"IDLE","t":"2026-07-16T10:48:34.4549451Z","type":"sample"}
{"channel":"gsr","display":3244,"mu":0,"quality":"OK","raw":3244,"sigma":10,"state":"IDLE","t":"2026-07-16T10:48:34.4697667Z","type":"sample"}
{"channel":"rr","display":46.58385093167702,"mu":0,"quality":"OUT_OF_RANGE","raw":1840,"sigma":1.5,"state":"IDLE","t":"2026-07-16T10:48:34.4947525Z","type":"sample"}
{"address":"/cue/p/start","args":null,"channel":"system","dir":"out","t":"2026-07-16T10:48:34.5092203Z","type":"osc"}
{"channel":"rr","display":46.58385093167702,"mu":0,"quality":"OUT_OF_RANGE","raw":1839.7,"sigma":1.5,"state":"IDLE","t":"2026-07-16T10:48:34.5339251Z","type":"sample"}
{"channel":"gsr","display":3243.6,"mu":0,"quality":"OK","raw":3243.6,"sigma":10,"state":"IDLE","t":"2026-07-16T10:48:34.5701207Z","type":"sample"}
{"channel":"rr","display":46.58385093167702,"mu":0,"quality":"OUT_OF_RANGE","raw":1841.3,"sigma":1.5,"state":"IDLE","t":"2026-07-16T10:48:34.5768816Z","type":"sample"}
{"channel":"rr","display":46.58385093167702,"mu":0,"quality":"OUT_OF_RANGE","raw":1839.1,"sigma":1.5,"state":"IDLE","t":"2026-07-16T10:48:34.6149663Z","type":"sample"}
{"channel":"rr","display":46.58385093167702,"mu":0,"quality":"OUT_OF_RANGE","raw":1838.2,"sigma":1.5,"state":"IDLE","t":"2026-07-16T10:48:34.6548944Z","type":"sample"}
{"channel":"gsr","display":3242.4,"mu":0,"quality":"OK","raw":3242.4,"sigma":10,"state":"IDLE","t":"2026-07-16T10:48:34.6703578Z","type":"sample"}
{"channel":"rr","display":46.58385093167702,"mu":0,"quality":"OUT_OF_RANGE","raw":1839.1,"sigma":1.5,"state":"IDLE","t":"2026-07-16T10:48:34.6948096Z","type":"sample"}
{"channel":"rr","display":46.58385093167702,"mu":0,"quality":"OUT_OF_RANGE","raw":1839.2,"sigma":1.5,"state":"IDLE","t":"2026-07-16T10:48:34.7348082Z","type":"sample"}
{"channel":"gsr","display":3241,"mu":0,"quality":"OK","raw":3241,"sigma":10,"state":"IDLE","t":"2026-07-16T10:48:34.7686918Z","type":"sample"}
{"channel":"rr","display":46.58385093167702,"mu":0,"quality":"OUT_OF_RANGE","raw":1838.7,"sigma":1.5,"state":"IDLE","t":"2026-07-16T10:48:34.7745346Z","type":"sample"}
{"channel":"hr","display":0,"mu":0,"quality":"OUT_OF_RANGE","raw":0,"sigma":3,"state":"IDLE","t":"2026-07-16T10:48:34.7760926Z","type":"sample"}
{"channel":"rr","display":46.58385093167702,"mu":0,"quality":"OUT_OF_RANGE","raw":1838.7,"sigma":1.5,"state":"IDLE","t":"2026-07-16T10:48:34.8146515Z","type":"sample"}
{"channel":"rr","display":46.58385093167702,"mu":0,"quality":"OUT_OF_RANGE","raw":1839,"sigma":1.5,"state":"IDLE","t":"2026-07-16T10:48:34.8534756Z","type":"sample"}
{"channel":"gsr","display":3239.2,"mu":0,"quality":"OK","raw":3239.2,"sigma":10,"state":"IDLE","t":"2026-07-16T10:48:34.8700712Z","type":"sample"}
{"channel":"rr","display":46.58385093167702,"mu":0,"quality":"OUT_OF_RANGE","raw":1839.6,"sigma":1.5,"state":"IDLE","t":"2026-07-16T10:48:34.8946011Z","type":"sample"}
{"channel":"rr","display":46.58385093167702,"mu":0,"quality":"OUT_OF_RANGE","raw":1839.2,"sigma":1.5,"state":"IDLE","t":"2026-07-16T10:48:34.9346344Z","type":"sample"}
{"channel":"gsr","display":3239.7,"mu":0,"quality":"OK","raw":3239.7,"sigma":10,"state":"IDLE","t":"2026-07-16T10:48:34.9683953Z","type":"sample"}
{"channel":"rr","display":46.58385093167702,"mu":0,"quality":"OUT_OF_RANGE","raw":1840,"sigma":1.5,"state":"IDLE","t":"2026-07-16T10:48:34.9750525Z","type":"sample"}
{"channel":"rr","display":46.58385093167702,"mu":0,"quality":"OUT_OF_RANGE","raw":1840.6,"sigma":1.5,"state":"IDLE","t":"2026-07-16T10:48:35.0145536Z","type":"sample"}
{"channel":"rr","display":46.58385093167702,"mu":0,"quality":"OUT_OF_RANGE","raw":1839.7,"sigma":1.5,"state":"IDLE","t":"2026-07-16T10:48:35.0544659Z","type":"sample"}
{"address":"/cue/g1/start","args":null,"channel":"system","dir":"out","t":"2026-07-16T10:48:35.0575575Z","type":"osc"}
{"channel":"gsr","display":3242.5,"mu":0,"quality":"OK","raw":3242.5,"sigma":10,"state":"IDLE","t":"2026-07-16T10:48:35.0698306Z","type":"sample"}
{"channel":"rr","display":46.58385093167702,"mu":0,"quality":"OUT_OF_RANGE","raw":1839.7,"sigma":1.5,"state":"IDLE","t":"2026-07-16T10:48:35.0955208Z","type":"sample"}
{"channel":"rr","display":46.58385093167702,"mu":0,"quality":"OUT_OF_RANGE","raw":1839.5,"sigma":1.5,"state":"IDLE","t":"2026-07-16T10:48:35.1346298Z","type":"sample"}
{"channel":"gsr","display":3240.2,"mu":0,"quality":"OK","raw":3240.2,"sigma":10,"state":"IDLE","t":"2026-07-16T10:48:35.1696095Z","type":"sample"}
{"channel":"rr","display":46.58385093167702,"mu":0,"quality":"OUT_OF_RANGE","raw":1838.1,"sigma":1.5,"state":"IDLE","t":"2026-07-16T10:48:35.1746666Z","type":"sample"}
{"channel":"rr","display":46.58385093167702,"mu":0,"quality":"OUT_OF_RANGE","raw":1837.6,"sigma":1.5,"state":"IDLE","t":"2026-07-16T10:48:35.2148102Z","type":"sample"}
{"channel":"rr","display":46.58385093167702,"mu":0,"quality":"OUT_OF_RANGE","raw":1840.3,"sigma":1.5,"state":"IDLE","t":"2026-07-16T10:48:35.2545844Z","type":"sample"}
{"channel":"gsr","display":3238.7,"mu":0,"quality":"OK","raw":3238.7,"sigma":10,"state":"IDLE","t":"2026-07-16T10:48:35.2693982Z","type":"sample"}
{"channel":"hr","display":0,"mu":0,"quality":"OUT_OF_RANGE","raw":0,"sigma":3,"state":"IDLE","t":"2026-07-16T10:48:35.2757248Z","type":"sample"}
{"channel":"rr","display":46.58385093167702,"mu":0,"quality":"OUT_OF_RANGE","raw":1840.2,"sigma":1.5,"state":"IDLE","t":"2026-07-16T10:48:35.2949867Z","type":"sample"}
{"channel":"rr","display":46.58385093167702,"mu":0,"quality":"OUT_OF_RANGE","raw":1839.1,"sigma":1.5,"state":"IDLE","t":"2026-07-16T10:48:35.33479Z","type":"sample"}
{"channel":"gsr","display":3241.7,"mu":0,"quality":"OK","raw":3241.7,"sigma":10,"state":"IDLE","t":"2026-07-16T10:48:35.3700014Z","type":"sample"}
{"channel":"rr","display":46.58385093167702,"mu":0,"quality":"OUT_OF_RANGE","raw":1839.9,"sigma":1.5,"state":"IDLE","t":"2026-07-16T10:48:35.3749015Z","type":"sample"}
{"channel":"rr","display":46.58385093167702,"mu":0,"quality":"OUT_OF_RANGE","raw":1838.6,"sigma":1.5,"state":"IDLE","t":"2026-07-16T10:48:35.414842Z","type":"sample"}
{"channel":"rr","display":46.58385093167702,"mu":0,"quality":"OUT_OF_RANGE","raw":1838.8,"sigma":1.5,"state":"IDLE","t":"2026-07-16T10:48:35.4548584Z","type":"sample"}
{"channel":"gsr","display":3240.2,"mu":0,"quality":"OK","raw":3240.2,"sigma":10,"state":"IDLE","t":"2026-07-16T10:48:35.4700586Z","type":"sample"}
{"channel":"rr","display":46.58385093167702,"mu":0,"quality":"OUT_OF_RANGE","raw":1839.9,"sigma":1.5,"state":"IDLE","t":"2026-07-16T10:48:35.4949192Z","type":"sample"}
{"address":"/cue/p/start","args":null,"channel":"system","dir":"out","t":"2026-07-16T10:48:35.5094836Z","type":"osc"}
{"channel":"rr","display":46.58385093167702,"mu":0,"quality":"OUT_OF_RANGE","raw":1840.1,"sigma":1.5,"state":"IDLE","t":"2026-07-16T10:48:35.5338996Z","type":"sample"}
{"channel":"gsr","display":3240.6,"mu":0,"quality":"OK","raw":3240.6,"sigma":10,"state":"IDLE","t":"2026-07-16T10:48:35.5682317Z","type":"sample"}
{"channel":"rr","display":46.58385093167702,"mu":0,"quality":"OUT_OF_RANGE","raw":1839.5,"sigma":1.5,"state":"IDLE","t":"2026-07-16T10:48:35.5748568Z","type":"sample"}
{"channel":"rr","display":46.58385093167702,"mu":0,"quality":"OUT_OF_RANGE","raw":1840.6,"sigma":1.5,"state":"IDLE","t":"2026-07-16T10:48:35.614559Z","type":"sample"}
{"channel":"rr","display":46.58385093167702,"mu":0,"quality":"OUT_OF_RANGE","raw":1841,"sigma":1.5,"state":"IDLE","t":"2026-07-16T10:48:35.6549479Z","type":"sample"}
{"channel":"gsr","display":3242.8,"mu":0,"quality":"OK","raw":3242.8,"sigma":10,"state":"IDLE","t":"2026-07-16T10:48:35.6700345Z","type":"sample"}
{"channel":"rr","display":46.58385093167702,"mu":0,"quality":"OUT_OF_RANGE","raw":1838.6,"sigma":1.5,"state":"IDLE","t":"2026-07-16T10:48:35.6925019Z","type":"sample"}
{"channel":"rr","display":46.58385093167702,"mu":0,"quality":"OUT_OF_RANGE","raw":1839.6,"sigma":1.5,"state":"IDLE","t":"2026-07-16T10:48:35.7339335Z","type":"sample"}
{"channel":"gsr","display":3242.2,"mu":0,"quality":"OK","raw":3242.2,"sigma":10,"state":"IDLE","t":"2026-07-16T10:48:35.7701605Z","type":"sample"}
{"channel":"rr","display":46.58385093167702,"mu":0,"quality":"OUT_OF_RANGE","raw":1840.7,"sigma":1.5,"state":"IDLE","t":"2026-07-16T10:48:35.7744715Z","type":"sample"}
{"channel":"hr","display":0,"mu":0,"quality":"OUT_OF_RANGE","raw":0,"sigma":3,"state":"IDLE","t":"2026-07-16T10:48:35.7754939Z","type":"sample"}
{"channel":"rr","display":46.58385093167702,"mu":0,"quality":"OUT_OF_RANGE","raw":1841,"sigma":1.5,"state":"IDLE","t":"2026-07-16T10:48:35.8146848Z","type":"sample"}
{"channel":"rr","display":46.58385093167702,"mu":0,"quality":"OUT_OF_RANGE","raw":1839.3,"sigma":1.5,"state":"IDLE","t":"2026-07-16T10:48:35.8549636Z","type":"sample"}
{"channel":"gsr","display":3246.4,"mu":0,"quality":"OK","raw":3246.4,"sigma":10,"state":"IDLE","t":"2026-07-16T10:48:35.8700352Z","type":"sample"}
{"channel":"rr","display":46.58385093167702,"mu":0,"quality":"OUT_OF_RANGE","raw":1839.9,"sigma":1.5,"state":"IDLE","t":"2026-07-16T10:48:35.894623Z","type":"sample"}
{"channel":"rr","display":46.58385093167702,"mu":0,"quality":"OUT_OF_RANGE","raw":1840.5,"sigma":1.5,"state":"IDLE","t":"2026-07-16T10:48:35.9339718Z","type":"sample"}
{"channel":"gsr","display":3246.6,"mu":0,"quality":"OK","raw":3246.6,"sigma":10,"state":"IDLE","t":"2026-07-16T10:48:35.9691691Z","type":"sample"}
{"channel":"rr","display":46.58385093167702,"mu":0,"quality":"OUT_OF_RANGE","raw":1840.2,"sigma":1.5,"state":"IDLE","t":"2026-07-16T10:48:35.9744443Z","type":"sample"}
{"channel":"rr","display":46.58385093167702,"mu":0,"quality":"OUT_OF_RANGE","raw":1840.5,"sigma":1.5,"state":"IDLE","t":"2026-07-16T10:48:36.0148217Z","type":"sample"}
{"channel":"rr","display":46.58385093167702,"mu":0,"quality":"OUT_OF_RANGE","raw":1839.4,"sigma":1.5,"state":"IDLE","t":"2026-07-16T10:48:36.0547956Z","type":"sample"}
{"address":"/cue/g1/start","args":null,"channel":"system","dir":"out","t":"2026-07-16T10:48:36.0641598Z","type":"osc"}
{"channel":"gsr","display":3250.2,"mu":0,"quality":"OK","raw":3250.2,"sigma":10,"state":"IDLE","t":"2026-07-16T10:48:36.0699388Z","type":"sample"}
{"channel":"rr","display":46.58385093167702,"mu":0,"quality":"OUT_OF_RANGE","raw":1839.8,"sigma":1.5,"state":"IDLE","t":"2026-07-16T10:48:36.0946081Z","type":"sample"}
{"channel":"rr","display":46.58385093167702,"mu":0,"quality":"OUT_OF_RANGE","raw":1841.6,"sigma":1.5,"state":"IDLE","t":"2026-07-16T10:48:36.134973Z","type":"sample"}
{"channel":"gsr","display":3250.2,"mu":0,"quality":"OK","raw":3250.2,"sigma":10,"state":"IDLE","t":"2026-07-16T10:48:36.1683717Z","type":"sample"}
{"channel":"rr","display":46.58385093167702,"mu":0,"quality":"OUT_OF_RANGE","raw":1841.3,"sigma":1.5,"state":"IDLE","t":"2026-07-16T10:48:36.1746858Z","type":"sample"}
{"channel":"rr","display":46.58385093167702,"mu":0,"quality":"OUT_OF_RANGE","raw":1839.4,"sigma":1.5,"state":"IDLE","t":"2026-07-16T10:48:36.2148321Z","type":"sample"}
{"channel":"rr","display":46.58385093167702,"mu":0,"quality":"OUT_OF_RANGE","raw":1840,"sigma":1.5,"state":"IDLE","t":"2026-07-16T10:48:36.2545368Z","type":"sample"}
{"channel":"gsr","display":3258.3,"mu":0,"quality":"OK","raw":3258.3,"sigma":10,"state":"IDLE","t":"2026-07-16T10:48:36.2695464Z","type":"sample"}
{"channel":"hr","display":0,"mu":0,"quality":"OUT_OF_RANGE","raw":0,"sigma":3,"state":"IDLE","t":"2026-07-16T10:48:36.2747707Z","type":"sample"}
{"channel":"rr","display":46.58385093167702,"mu":0,"quality":"OUT_OF_RANGE","raw":1840.4,"sigma":1.5,"state":"IDLE","t":"2026-07-16T10:48:36.2945539Z","type":"sample"}
{"channel":"rr","display":46.58385093167702,"mu":0,"quality":"OUT_OF_RANGE","raw":1839.9,"sigma":1.5,"state":"IDLE","t":"2026-07-16T10:48:36.3348536Z","type":"sample"}
{"channel":"gsr","display":3255.2,"mu":0,"quality":"OK","raw":3255.2,"sigma":10,"state":"IDLE","t":"2026-07-16T10:48:36.3682264Z","type":"sample"}
{"channel":"rr","display":46.58385093167702,"mu":0,"quality":"OUT_OF_RANGE","raw":1840.1,"sigma":1.5,"state":"IDLE","t":"2026-07-16T10:48:36.3748964Z","type":"sample"}
{"channel":"rr","display":46.58385093167702,"mu":0,"quality":"OUT_OF_RANGE","raw":1839.4,"sigma":1.5,"state":"IDLE","t":"2026-07-16T10:48:36.4148398Z","type":"sample"}
{"channel":"rr","display":46.58385093167702,"mu":0,"quality":"OUT_OF_RANGE","raw":1840.4,"sigma":1.5,"state":"IDLE","t":"2026-07-16T10:48:36.4548599Z","type":"sample"}
{"channel":"gsr","display":3262.8,"mu":0,"quality":"OK","raw":3262.8,"sigma":10,"state":"IDLE","t":"2026-07-16T10:48:36.4699883Z","type":"sample"}
{"channel":"rr","display":46.58385093167702,"mu":0,"quality":"OUT_OF_RANGE","raw":1838.8,"sigma":1.5,"state":"IDLE","t":"2026-07-16T10:48:36.49467Z","type":"sample"}
{"address":"/cue/p/start","args":null,"channel":"system","dir":"out","t":"2026-07-16T10:48:36.5095409Z","type":"osc"}
{"channel":"rr","display":46.58385093167702,"mu":0,"quality":"OUT_OF_RANGE","raw":1838.6,"sigma":1.5,"state":"IDLE","t":"2026-07-16T10:48:36.5345747Z","type":"sample"}
{"channel":"gsr","display":3261.8,"mu":0,"quality":"OK","raw":3261.8,"sigma":10,"state":"IDLE","t":"2026-07-16T10:48:36.5690126Z","type":"sample"}
{"channel":"rr","display":14.150943396226415,"mu":0,"quality":"OUT_OF_RANGE","raw":1839.5,"sigma":1.5,"state":"IDLE","t":"2026-07-16T10:48:36.5749564Z","type":"sample"}
{"channel":"rr","display":14.150943396226415,"mu":0,"quality":"OUT_OF_RANGE","raw":1839.7,"sigma":1.5,"state":"IDLE","t":"2026-07-16T10:48:36.6148715Z","type":"sample"}
{"channel":"rr","display":14.150943396226415,"mu":0,"quality":"OUT_OF_RANGE","raw":1839.4,"sigma":1.5,"state":"IDLE","t":"2026-07-16T10:48:36.6548123Z","type":"sample"}
{"channel":"gsr","display":3262.5,"mu":0,"quality":"OK","raw":3262.5,"sigma":10,"state":"IDLE","t":"2026-07-16T10:48:36.6695129Z","type":"sample"}
{"channel":"rr","display":14.150943396226415,"mu":0,"quality":"OUT_OF_RANGE","raw":1839.8,"sigma":1.5,"state":"IDLE","t":"2026-07-16T10:48:36.6946824Z","type":"sample"}
{"channel":"rr","display":14.150943396226415,"mu":0,"quality":"OUT_OF_RANGE","raw":1837.7,"sigma":1.5,"state":"IDLE","t":"2026-07-16T10:48:36.7347924Z","type":"sample"}
{"channel":"gsr","display":3266.1,"mu":0,"quality":"OK","raw":3266.1,"sigma":10,"state":"IDLE","t":"2026-07-16T10:48:36.7686279Z","type":"sample"}
{"channel":"rr","display":14.150943396226415,"mu":0,"quality":"OUT_OF_RANGE","raw":1840.9,"sigma":1.5,"state":"IDLE","t":"2026-07-16T10:48:36.7744496Z","type":"sample"}
{"channel":"hr","display":0,"mu":0,"quality":"OUT_OF_RANGE","raw":0,"sigma":3,"state":"IDLE","t":"2026-07-16T10:48:36.7755041Z","type":"sample"}
{"channel":"rr","display":14.150943396226415,"mu":0,"quality":"OUT_OF_RANGE","raw":1840.1,"sigma":1.5,"state":"IDLE","t":"2026-07-16T10:48:36.8149165Z","type":"sample"}
{"channel":"rr","display":14.150943396226415,"mu":0,"quality":"OUT_OF_RANGE","raw":1838.4,"sigma":1.5,"state":"IDLE","t":"2026-07-16T10:48:36.8548881Z","type":"sample"}
{"channel":"gsr","display":3271.8,"mu":0,"quality":"OK","raw":3271.8,"sigma":10,"state":"IDLE","t":"2026-07-16T10:48:36.8692608Z","type":"sample"}
{"channel":"rr","display":14.150943396226415,"mu":0,"quality":"OUT_OF_RANGE","raw":1839.5,"sigma":1.5,"state":"IDLE","t":"2026-07-16T10:48:36.8947564Z","type":"sample"}
{"channel":"rr","display":14.150943396226415,"mu":0,"quality":"OUT_OF_RANGE","raw":1839.3,"sigma":1.5,"state":"IDLE","t":"2026-07-16T10:48:36.9348781Z","type":"sample"}
{"channel":"gsr","display":3275.9,"mu":0,"quality":"OK","raw":3275.9,"sigma":10,"state":"IDLE","t":"2026-07-16T10:48:36.9691977Z","type":"sample"}
{"channel":"rr","display":14.150943396226415,"mu":0,"quality":"OUT_OF_RANGE","raw":1839.2,"sigma":1.5,"state":"IDLE","t":"2026-07-16T10:48:36.9746549Z","type":"sample"}
{"channel":"rr","display":14.150943396226415,"mu":0,"quality":"OUT_OF_RANGE","raw":1839.6,"sigma":1.5,"state":"IDLE","t":"2026-07-16T10:48:37.0147426Z","type":"sample"}
{"channel":"rr","display":14.150943396226415,"mu":0,"quality":"OUT_OF_RANGE","raw":1838.6,"sigma":1.5,"state":"IDLE","t":"2026-07-16T10:48:37.0547905Z","type":"sample"}
{"address":"/cue/g1/start","args":null,"channel":"system","dir":"out","t":"2026-07-16T10:48:37.0700028Z","type":"osc"}
{"channel":"gsr","display":3276.4,"mu":0,"quality":"OK","raw":3276.4,"sigma":10,"state":"IDLE","t":"2026-07-16T10:48:37.0700028Z","type":"sample"}
{"channel":"rr","display":14.150943396226415,"mu":0,"quality":"OUT_OF_RANGE","raw":1841.4,"sigma":1.5,"state":"IDLE","t":"2026-07-16T10:48:37.0946907Z","type":"sample"}
{"channel":"rr","display":14.150943396226415,"mu":0,"quality":"OUT_OF_RANGE","raw":1839.8,"sigma":1.5,"state":"IDLE","t":"2026-07-16T10:48:37.134722Z","type":"sample"}
{"channel":"gsr","display":3279.8,"mu":0,"quality":"OK","raw":3279.8,"sigma":10,"state":"IDLE","t":"2026-07-16T10:48:37.16985Z","type":"sample"}
{"channel":"rr","display":14.150943396226415,"mu":0,"quality":"OUT_OF_RANGE","raw":1840.2,"sigma":1.5,"state":"IDLE","t":"2026-07-16T10:48:37.1746345Z","type":"sample"}
{"channel":"rr","display":14.150943396226415,"mu":0,"quality":"OUT_OF_RANGE","raw":1839,"sigma":1.5,"state":"IDLE","t":"2026-07-16T10:48:37.2146835Z","type":"sample"}
{"channel":"rr","display":14.150943396226415,"mu":0,"quality":"OUT_OF_RANGE","raw":1840.8,"sigma":1.5,"state":"IDLE","t":"2026-07-16T10:48:37.2547684Z","type":"sample"}
{"channel":"gsr","display":3285.4,"mu":0,"quality":"OK","raw":3285.4,"sigma":10,"state":"IDLE","t":"2026-07-16T10:48:37.269228Z","type":"sample"}
{"channel":"hr","display":0,"mu":0,"quality":"OUT_OF_RANGE","raw":0,"sigma":3,"state":"IDLE","t":"2026-07-16T10:48:37.2753014Z","type":"sample"}
{"channel":"rr","display":14.150943396226415,"mu":0,"quality":"OUT_OF_RANGE","raw":1840.9,"sigma":1.5,"state":"IDLE","t":"2026-07-16T10:48:37.2948632Z","type":"sample"}
{"channel":"rr","display":14.150943396226415,"mu":0,"quality":"OUT_OF_RANGE","raw":1838.9,"sigma":1.5,"state":"IDLE","t":"2026-07-16T10:48:37.3349233Z","type":"sample"}
{"channel":"gsr","display":3280.5,"mu":0,"quality":"OK","raw":3280.5,"sigma":10,"state":"IDLE","t":"2026-07-16T10:48:37.368677Z","type":"sample"}
{"channel":"rr","display":14.150943396226415,"mu":0,"quality":"OUT_OF_RANGE","raw":1840.9,"sigma":1.5,"state":"IDLE","t":"2026-07-16T10:48:37.374981Z","type":"sample"}
{"channel":"rr","display":14.150943396226415,"mu":0,"quality":"OUT_OF_RANGE","raw":1838.5,"sigma":1.5,"state":"IDLE","t":"2026-07-16T10:48:37.4135481Z","type":"sample"}
{"channel":"rr","display":14.150943396226415,"mu":0,"quality":"OUT_OF_RANGE","raw":1840.1,"sigma":1.5,"state":"IDLE","t":"2026-07-16T10:48:37.4525495Z","type":"sample"}
{"channel":"gsr","display":3287.2,"mu":0,"quality":"OK","raw":3287.2,"sigma":10,"state":"IDLE","t":"2026-07-16T10:48:37.4695554Z","type":"sample"}
{"channel":"rr","display":14.150943396226415,"mu":0,"quality":"OUT_OF_RANGE","raw":1840.3,"sigma":1.5,"state":"IDLE","t":"2026-07-16T10:48:37.4947384Z","type":"sample"}
{"address":"/cue/p/start","args":null,"channel":"system","dir":"out","t":"2026-07-16T10:48:37.50922Z","type":"osc"}
{"channel":"rr","display":14.150943396226415,"mu":0,"quality":"OUT_OF_RANGE","raw":1838,"sigma":1.5,"state":"IDLE","t":"2026-07-16T10:48:37.5344846Z","type":"sample"}
{"channel":"gsr","display":3284.8,"mu":0,"quality":"OK","raw":3284.8,"sigma":10,"state":"IDLE","t":"2026-07-16T10:48:37.5701176Z","type":"sample"}
{"channel":"rr","display":14.231499051233397,"mu":0,"quality":"OUT_OF_RANGE","raw":1839.7,"sigma":1.5,"state":"IDLE","t":"2026-07-16T10:48:37.5747933Z","type":"sample"}
{"channel":"rr","display":14.231499051233397,"mu":0,"quality":"OUT_OF_RANGE","raw":1839.8,"sigma":1.5,"state":"IDLE","t":"2026-07-16T10:48:37.6149146Z","type":"sample"}
{"channel":"rr","display":14.231499051233397,"mu":0,"quality":"OUT_OF_RANGE","raw":1839.5,"sigma":1.5,"state":"IDLE","t":"2026-07-16T10:48:37.6549236Z","type":"sample"}
{"channel":"gsr","display":3286,"mu":0,"quality":"OK","raw":3286,"sigma":10,"state":"IDLE","t":"2026-07-16T10:48:37.6693087Z","type":"sample"}
{"channel":"rr","display":14.231499051233397,"mu":0,"quality":"OUT_OF_RANGE","raw":1838.6,"sigma":1.5,"state":"IDLE","t":"2026-07-16T10:48:37.6949226Z","type":"sample"}
{"channel":"rr","display":14.231499051233397,"mu":0,"quality":"OUT_OF_RANGE","raw":1837.7,"sigma":1.5,"state":"IDLE","t":"2026-07-16T10:48:37.7349243Z","type":"sample"}
{"channel":"gsr","display":3289.3,"mu":0,"quality":"OK","raw":3289.3,"sigma":10,"state":"IDLE","t":"2026-07-16T10:48:37.768549Z","type":"sample"}
{"channel":"rr","display":14.231499051233397,"mu":0,"quality":"OUT_OF_RANGE","raw":1839.4,"sigma":1.5,"state":"IDLE","t":"2026-07-16T10:48:37.7744572Z","type":"sample"}
{"channel":"hr","display":0,"mu":0,"quality":"OUT_OF_RANGE","raw":0,"sigma":3,"state":"IDLE","t":"2026-07-16T10:48:37.7754879Z","type":"sample"}
{"channel":"rr","display":14.231499051233397,"mu":0,"quality":"OUT_OF_RANGE","raw":1839.9,"sigma":1.5,"state":"IDLE","t":"2026-07-16T10:48:37.8147081Z","type":"sample"}
{"channel":"rr","display":14.231499051233397,"mu":0,"quality":"OUT_OF_RANGE","raw":1840.1,"sigma":1.5,"state":"IDLE","t":"2026-07-16T10:48:37.8547784Z","type":"sample"}
{"channel":"gsr","display":3289.2,"mu":0,"quality":"OK","raw":3289.2,"sigma":10,"state":"IDLE","t":"2026-07-16T10:48:37.8697241Z","type":"sample"}
{"channel":"rr","display":14.231499051233397,"mu":0,"quality":"OUT_OF_RANGE","raw":1839.4,"sigma":1.5,"state":"IDLE","t":"2026-07-16T10:48:37.8929423Z","type":"sample"}
{"channel":"rr","display":14.231499051233397,"mu":0,"quality":"OUT_OF_RANGE","raw":1838.9,"sigma":1.5,"state":"IDLE","t":"2026-07-16T10:48:37.9346783Z","type":"sample"}
{"channel":"gsr","display":3297.8,"mu":0,"quality":"OK","raw":3297.8,"sigma":10,"state":"IDLE","t":"2026-07-16T10:48:37.9686155Z","type":"sample"}
{"channel":"rr","display":14.231499051233397,"mu":0,"quality":"OUT_OF_RANGE","raw":1839.9,"sigma":1.5,"state":"IDLE","t":"2026-07-16T10:48:37.974492Z","type":"sample"}
{"channel":"rr","display":14.231499051233397,"mu":0,"quality":"OUT_OF_RANGE","raw":1840,"sigma":1.5,"state":"IDLE","t":"2026-07-16T10:48:38.0147106Z","type":"sample"}
{"channel":"rr","display":14.231499051233397,"mu":0,"quality":"OUT_OF_RANGE","raw":1840.2,"sigma":1.5,"state":"IDLE","t":"2026-07-16T10:48:38.0544429Z","type":"sample"}
{"channel":"gsr","display":3293.9,"mu":0,"quality":"OK","raw":3293.9,"sigma":10,"state":"IDLE","t":"2026-07-16T10:48:38.0692213Z","type":"sample"}
{"address":"/cue/g1/start","args":null,"channel":"system","dir":"out","t":"2026-07-16T10:48:38.0890318Z","type":"osc"}
{"channel":"rr","display":14.231499051233397,"mu":0,"quality":"OUT_OF_RANGE","raw":1839.5,"sigma":1.5,"state":"IDLE","t":"2026-07-16T10:48:38.0944044Z","type":"sample"}
{"channel":"rr","display":14.231499051233397,"mu":0,"quality":"OUT_OF_RANGE","raw":1840.2,"sigma":1.5,"state":"IDLE","t":"2026-07-16T10:48:38.1349251Z","type":"sample"}
{"channel":"gsr","display":3296.2,"mu":0,"quality":"OK","raw":3296.2,"sigma":10,"state":"IDLE","t":"2026-07-16T10:48:38.1697852Z","type":"sample"}
{"channel":"rr","display":14.231499051233397,"mu":0,"quality":"OUT_OF_RANGE","raw":1840.3,"sigma":1.5,"state":"IDLE","t":"2026-07-16T10:48:38.1747571Z","type":"sample"}
{"channel":"rr","display":14.231499051233397,"mu":0,"quality":"OUT_OF_RANGE","raw":1838.7,"sigma":1.5,"state":"IDLE","t":"2026-07-16T10:48:38.2145711Z","type":"sample"}
{"channel":"rr","display":14.231499051233397,"mu":0,"quality":"OUT_OF_RANGE","raw":1838.7,"sigma":1.5,"state":"IDLE","t":"2026-07-16T10:48:38.2522887Z","type":"sample"}
{"channel":"gsr","display":3297.3,"mu":0,"quality":"OK","raw":3297.3,"sigma":10,"state":"IDLE","t":"2026-07-16T10:48:38.2698667Z","type":"sample"}
{"channel":"hr","display":0,"mu":0,"quality":"OUT_OF_RANGE","raw":0,"sigma":3,"state":"IDLE","t":"2026-07-16T10:48:38.2757119Z","type":"sample"}
{"channel":"rr","display":14.231499051233397,"mu":0,"quality":"OUT_OF_RANGE","raw":1840.1,"sigma":1.5,"state":"IDLE","t":"2026-07-16T10:48:38.2948914Z","type":"sample"}
{"channel":"rr","display":14.231499051233397,"mu":0,"quality":"OUT_OF_RANGE","raw":1839.3,"sigma":1.5,"state":"IDLE","t":"2026-07-16T10:48:38.3348999Z","type":"sample"}
{"channel":"gsr","display":3298.5,"mu":0,"quality":"OK","raw":3298.5,"sigma":10,"state":"IDLE","t":"2026-07-16T10:48:38.3693227Z","type":"sample"}
{"channel":"rr","display":14.231499051233397,"mu":0,"quality":"OUT_OF_RANGE","raw":1840,"sigma":1.5,"state":"IDLE","t":"2026-07-16T10:48:38.3744864Z","type":"sample"}
{"channel":"rr","display":14.231499051233397,"mu":0,"quality":"OUT_OF_RANGE","raw":1839.7,"sigma":1.5,"state":"IDLE","t":"2026-07-16T10:48:38.4147716Z","type":"sample"}
{"channel":"rr","display":14.231499051233397,"mu":0,"quality":"OUT_OF_RANGE","raw":1840.3,"sigma":1.5,"state":"IDLE","t":"2026-07-16T10:48:38.4546658Z","type":"sample"}
{"channel":"gsr","display":3302,"mu":0,"quality":"OK","raw":3302,"sigma":10,"state":"IDLE","t":"2026-07-16T10:48:38.4695527Z","type":"sample"}
{"channel":"rr","display":14.231499051233397,"mu":0,"quality":"OUT_OF_RANGE","raw":1838.9,"sigma":1.5,"state":"IDLE","t":"2026-07-16T10:48:38.4945475Z","type":"sample"}
{"address":"/cue/p/start","args":null,"channel":"system","dir":"out","t":"2026-07-16T10:48:38.5099572Z","type":"osc"}
{"channel":"rr","display":14.231499051233397,"mu":0,"quality":"OUT_OF_RANGE","raw":1841.2,"sigma":1.5,"state":"IDLE","t":"2026-07-16T10:48:38.5342994Z","type":"sample"}
{"channel":"gsr","display":3304.9,"mu":0,"quality":"OK","raw":3304.9,"sigma":10,"state":"IDLE","t":"2026-07-16T10:48:38.5680698Z","type":"sample"}
{"channel":"rr","display":14.231499051233397,"mu":0,"quality":"OUT_OF_RANGE","raw":1838.9,"sigma":1.5,"state":"IDLE","t":"2026-07-16T10:48:38.5748385Z","type":"sample"}
{"channel":"rr","display":14.792899408284024,"mu":0,"quality":"OUT_OF_RANGE","raw":1840.8,"sigma":1.5,"state":"IDLE","t":"2026-07-16T10:48:38.6149759Z","type":"sample"}
{"channel":"rr","display":14.792899408284024,"mu":0,"quality":"OUT_OF_RANGE","raw":1838.1,"sigma":1.5,"state":"IDLE","t":"2026-07-16T10:48:38.6547402Z","type":"sample"}
{"channel":"gsr","display":3306.2,"mu":0,"quality":"OK","raw":3306.2,"sigma":10,"state":"IDLE","t":"2026-07-16T10:48:38.6700135Z","type":"sample"}
{"channel":"rr","display":14.792899408284024,"mu":0,"quality":"OUT_OF_RANGE","raw":1838.8,"sigma":1.5,"state":"IDLE","t":"2026-07-16T10:48:38.6949379Z","type":"sample"}
{"channel":"rr","display":14.792899408284024,"mu":0,"quality":"OUT_OF_RANGE","raw":1838.9,"sigma":1.5,"state":"IDLE","t":"2026-07-16T10:48:38.7349595Z","type":"sample"}
{"channel":"gsr","display":3302.8,"mu":0,"quality":"OK","raw":3302.8,"sigma":10,"state":"IDLE","t":"2026-07-16T10:48:38.7692887Z","type":"sample"}
{"channel":"rr","display":14.792899408284024,"mu":0,"quality":"OUT_OF_RANGE","raw":1839.1,"sigma":1.5,"state":"IDLE","t":"2026-07-16T10:48:38.7739944Z","type":"sample"}
{"channel":"hr","display":0,"mu":0,"quality":"OUT_OF_RANGE","raw":0,"sigma":3,"state":"IDLE","t":"2026-07-16T10:48:38.7753212Z","type":"sample"}
{"channel":"rr","display":14.792899408284024,"mu":0,"quality":"OUT_OF_RANGE","raw":1839,"sigma":1.5,"state":"IDLE","t":"2026-07-16T10:48:38.8150366Z","type":"sample"}
{"channel":"rr","display":14.792899408284024,"mu":0,"quality":"OUT_OF_RANGE","raw":1839.4,"sigma":1.5,"state":"IDLE","t":"2026-07-16T10:48:38.8548615Z","type":"sample"}
{"channel":"gsr","display":3304.7,"mu":0,"quality":"OK","raw":3304.7,"sigma":10,"state":"IDLE","t":"2026-07-16T10:48:38.8699245Z","type":"sample"}
{"channel":"rr","display":14.792899408284024,"mu":0,"quality":"OUT_OF_RANGE","raw":1839.2,"sigma":1.5,"state":"IDLE","t":"2026-07-16T10:48:38.8947709Z","type":"sample"}
{"channel":"rr","display":14.792899408284024,"mu":0,"quality":"OUT_OF_RANGE","raw":1840.4,"sigma":1.5,"state":"IDLE","t":"2026-07-16T10:48:38.9346221Z","type":"sample"}
{"channel":"gsr","display":3308.6,"mu":0,"quality":"OK","raw":3308.6,"sigma":10,"state":"IDLE","t":"2026-07-16T10:48:38.969881Z","type":"sample"}
{"channel":"rr","display":14.792899408284024,"mu":0,"quality":"OUT_OF_RANGE","raw":1839.4,"sigma":1.5,"state":"IDLE","t":"2026-07-16T10:48:38.9746832Z","type":"sample"}
{"channel":"rr","display":14.792899408284024,"mu":0,"quality":"OUT_OF_RANGE","raw":1839.4,"sigma":1.5,"state":"IDLE","t":"2026-07-16T10:48:39.0147615Z","type":"sample"}
{"channel":"rr","display":14.792899408284024,"mu":0,"quality":"OUT_OF_RANGE","raw":1838.8,"sigma":1.5,"state":"IDLE","t":"2026-07-16T10:48:39.0545504Z","type":"sample"}
{"channel":"gsr","display":3314.7,"mu":0,"quality":"OK","raw":3314.7,"sigma":10,"state":"IDLE","t":"2026-07-16T10:48:39.068038Z","type":"sample"}
{"address":"/cue/g1/start","args":null,"channel":"system","dir":"out","t":"2026-07-16T10:48:39.0927381Z","type":"osc"}
{"channel":"rr","display":14.792899408284024,"mu":0,"quality":"OUT_OF_RANGE","raw":1839.2,"sigma":1.5,"state":"IDLE","t":"2026-07-16T10:48:39.0944507Z","type":"sample"}
{"channel":"rr","display":14.792899408284024,"mu":0,"quality":"OUT_OF_RANGE","raw":1837.6,"sigma":1.5,"state":"IDLE","t":"2026-07-16T10:48:39.1349003Z","type":"sample"}
{"channel":"gsr","display":3315.8,"mu":0,"quality":"OK","raw":3315.8,"sigma":10,"state":"IDLE","t":"2026-07-16T10:48:39.169612Z","type":"sample"}
{"channel":"rr","display":14.792899408284024,"mu":0,"quality":"OUT_OF_RANGE","raw":1840.1,"sigma":1.5,"state":"IDLE","t":"2026-07-16T10:48:39.1748967Z","type":"sample"}
{"channel":"rr","display":14.792899408284024,"mu":0,"quality":"OUT_OF_RANGE","raw":1838.4,"sigma":1.5,"state":"IDLE","t":"2026-07-16T10:48:39.214629Z","type":"sample"}
{"channel":"rr","display":14.792899408284024,"mu":0,"quality":"OUT_OF_RANGE","raw":1840.1,"sigma":1.5,"state":"IDLE","t":"2026-07-16T10:48:39.2547054Z","type":"sample"}
{"channel":"gsr","display":3317.1,"mu":0,"quality":"OK","raw":3317.1,"sigma":10,"state":"IDLE","t":"2026-07-16T10:48:39.2699547Z","type":"sample"}
{"channel":"hr","display":0,"mu":0,"quality":"OUT_OF_RANGE","raw":0,"sigma":3,"state":"IDLE","t":"2026-07-16T10:48:39.2752836Z","type":"sample"}
{"channel":"rr","display":14.792899408284024,"mu":0,"quality":"OUT_OF_RANGE","raw":1841.1,"sigma":1.5,"state":"IDLE","t":"2026-07-16T10:48:39.2947755Z","type":"sample"}
{"channel":"rr","display":14.792899408284024,"mu":0,"quality":"OUT_OF_RANGE","raw":1840.1,"sigma":1.5,"state":"IDLE","t":"2026-07-16T10:48:39.3344961Z","type":"sample"}
{"channel":"gsr","display":3318.3,"mu":0,"quality":"OK","raw":3318.3,"sigma":10,"state":"IDLE","t":"2026-07-16T10:48:39.3694787Z","type":"sample"}
{"channel":"rr","display":14.792899408284024,"mu":0,"quality":"OUT_OF_RANGE","raw":1839.1,"sigma":1.5,"state":"IDLE","t":"2026-07-16T10:48:39.374489Z","type":"sample"}
{"channel":"rr","display":14.792899408284024,"mu":0,"quality":"OUT_OF_RANGE","raw":1839.6,"sigma":1.5,"state":"IDLE","t":"2026-07-16T10:48:39.4148612Z","type":"sample"}
{"channel":"rr","display":14.792899408284024,"mu":0,"quality":"OUT_OF_RANGE","raw":1839.2,"sigma":1.5,"state":"IDLE","t":"2026-07-16T10:48:39.4524983Z","type":"sample"}
{"channel":"gsr","display":3324.6,"mu":0,"quality":"OK","raw":3324.6,"sigma":10,"state":"IDLE","t":"2026-07-16T10:48:39.4701455Z","type":"sample"}
{"channel":"rr","display":14.792899408284024,"mu":0,"quality":"OUT_OF_RANGE","raw":1840.3,"sigma":1.5,"state":"IDLE","t":"2026-07-16T10:48:39.4945208Z","type":"sample"}
{"address":"/cue/p/start","args":null,"channel":"system","dir":"out","t":"2026-07-16T10:48:39.5093233Z","type":"osc"}
{"channel":"rr","display":14.792899408284024,"mu":0,"quality":"OUT_OF_RANGE","raw":1840.9,"sigma":1.5,"state":"IDLE","t":"2026-07-16T10:48:39.5343272Z","type":"sample"}
{"channel":"gsr","display":3323,"mu":0,"quality":"OK","raw":3323,"sigma":10,"state":"IDLE","t":"2026-07-16T10:48:39.5699324Z","type":"sample"}
{"channel":"rr","display":14.792899408284024,"mu":0,"quality":"OUT_OF_RANGE","raw":1839.5,"sigma":1.5,"state":"IDLE","t":"2026-07-16T10:48:39.5748839Z","type":"sample"}
{"channel":"rr","display":14.792899408284024,"mu":0,"quality":"OUT_OF_RANGE","raw":1839,"sigma":1.5,"state":"IDLE","t":"2026-07-16T10:48:39.6148318Z","type":"sample"}
{"channel":"rr","display":14.792899408284024,"mu":0,"quality":"OUT_OF_RANGE","raw":1838.8,"sigma":1.5,"state":"IDLE","t":"2026-07-16T10:48:39.6519922Z","type":"sample"}
{"channel":"gsr","display":3323.2,"mu":0,"quality":"OK","raw":3323.2,"sigma":10,"state":"IDLE","t":"2026-07-16T10:48:39.6700551Z","type":"sample"}
{"channel":"rr","display":14.792899408284024,"mu":0,"quality":"OUT_OF_RANGE","raw":1838.6,"sigma":1.5,"state":"IDLE","t":"2026-07-16T10:48:39.6948906Z","type":"sample"}
{"channel":"rr","display":14.792899408284024,"mu":0,"quality":"OUT_OF_RANGE","raw":1838.8,"sigma":1.5,"state":"IDLE","t":"2026-07-16T10:48:39.7343463Z","type":"sample"}
{"channel":"gsr","display":3331.4,"mu":0,"quality":"OK","raw":3331.4,"sigma":10,"state":"IDLE","t":"2026-07-16T10:48:39.7694931Z","type":"sample"}
{"channel":"rr","display":14.792899408284024,"mu":0,"quality":"OUT_OF_RANGE","raw":1839.2,"sigma":1.5,"state":"IDLE","t":"2026-07-16T10:48:39.774561Z","type":"sample"}
{"channel":"hr","display":0,"mu":0,"quality":"OUT_OF_RANGE","raw":0,"sigma":3,"state":"IDLE","t":"2026-07-16T10:48:39.7756591Z","type":"sample"}
{"channel":"rr","display":14.851485148514852,"mu":0,"quality":"OUT_OF_RANGE","raw":1839.4,"sigma":1.5,"state":"IDLE","t":"2026-07-16T10:48:39.8147297Z","type":"sample"}
{"channel":"rr","display":14.851485148514852,"mu":0,"quality":"OUT_OF_RANGE","raw":1840.4,"sigma":1.5,"state":"IDLE","t":"2026-07-16T10:48:39.8547929Z","type":"sample"}
{"channel":"gsr","display":3331.2,"mu":0,"quality":"OK","raw":3331.2,"sigma":10,"state":"IDLE","t":"2026-07-16T10:48:39.8696516Z","type":"sample"}
{"channel":"rr","display":14.851485148514852,"mu":0,"quality":"OUT_OF_RANGE","raw":1841.5,"sigma":1.5,"state":"IDLE","t":"2026-07-16T10:48:39.8946307Z","type":"sample"}
{"channel":"rr","display":14.851485148514852,"mu":0,"quality":"OUT_OF_RANGE","raw":1840.2,"sigma":1.5,"state":"IDLE","t":"2026-07-16T10:48:39.9343404Z","type":"sample"}
{"channel":"gsr","display":3333.4,"mu":0,"quality":"OK","raw":3333.4,"sigma":10,"state":"IDLE","t":"2026-07-16T10:48:39.969935Z","type":"sample"}
{"channel":"rr","display":14.851485148514852,"mu":0,"quality":"OUT_OF_RANGE","raw":1839.1,"sigma":1.5,"state":"IDLE","t":"2026-07-16T10:48:39.9744717Z","type":"sample"}
{"channel":"rr","display":14.851485148514852,"mu":0,"quality":"OUT_OF_RANGE","raw":1840.3,"sigma":1.5,"state":"IDLE","t":"2026-07-16T10:48:40.0147489Z","type":"sample"}
{"channel":"rr","display":14.851485148514852,"mu":0,"quality":"OUT_OF_RANGE","raw":1839.9,"sigma":1.5,"state":"IDLE","t":"2026-07-16T10:48:40.0510606Z","type":"sample"}
{"channel":"gsr","display":3336.4,"mu":0,"quality":"OK","raw":3336.4,"sigma":10,"state":"IDLE","t":"2026-07-16T10:48:40.0699843Z","type":"sample"}
{"channel":"rr","display":14.851485148514852,"mu":0,"quality":"OUT_OF_RANGE","raw":1840.7,"sigma":1.5,"state":"IDLE","t":"2026-07-16T10:48:40.0930764Z","type":"sample"}
{"address":"/cue/g1/start","args":null,"channel":"system","dir":"out","t":"2026-07-16T10:48:40.1080398Z","type":"osc"}
{"channel":"rr","display":14.851485148514852,"mu":0,"quality":"OUT_OF_RANGE","raw":1840.4,"sigma":1.5,"state":"IDLE","t":"2026-07-16T10:48:40.1349015Z","type":"sample"}
{"channel":"gsr","display":3336.9,"mu":0,"quality":"OK","raw":3336.9,"sigma":10,"state":"IDLE","t":"2026-07-16T10:48:40.169866Z","type":"sample"}
{"channel":"rr","display":14.851485148514852,"mu":0,"quality":"OUT_OF_RANGE","raw":1842.5,"sigma":1.5,"state":"IDLE","t":"2026-07-16T10:48:40.1746644Z","type":"sample"}
{"channel":"rr","display":14.851485148514852,"mu":0,"quality":"OUT_OF_RANGE","raw":1844.6,"sigma":1.5,"state":"IDLE","t":"2026-07-16T10:48:40.2146078Z","type":"sample"}
{"channel":"rr","display":14.851485148514852,"mu":0,"quality":"OUT_OF_RANGE","raw":1844.6,"sigma":1.5,"state":"IDLE","t":"2026-07-16T10:48:40.25248Z","type":"sample"}
{"channel":"gsr","display":3338.6,"mu":0,"quality":"OK","raw":3338.6,"sigma":10,"state":"IDLE","t":"2026-07-16T10:48:40.2700985Z","type":"sample"}
{"channel":"hr","display":0,"mu":0,"quality":"OUT_OF_RANGE","raw":0,"sigma":3,"state":"IDLE","t":"2026-07-16T10:48:40.2755687Z","type":"sample"}
{"channel":"rr","display":14.851485148514852,"mu":0,"quality":"OUT_OF_RANGE","raw":1844.6,"sigma":1.5,"state":"IDLE","t":"2026-07-16T10:48:40.2947179Z","type":"sample"}
{"channel":"rr","display":14.851485148514852,"mu":0,"quality":"OUT_OF_RANGE","raw":1846.7,"sigma":1.5,"state":"IDLE","t":"2026-07-16T10:48:40.3348836Z","type":"sample"}
{"channel":"gsr","display":3343.6,"mu":0,"quality":"OK","raw":3343.6,"sigma":10,"state":"IDLE","t":"2026-07-16T10:48:40.3700642Z","type":"sample"}
{"channel":"rr","display":14.851485148514852,"mu":0,"quality":"OUT_OF_RANGE","raw":1845.6,"sigma":1.5,"state":"IDLE","t":"2026-07-16T10:48:40.3745464Z","type":"sample"}
{"channel":"rr","display":14.851485148514852,"mu":0,"quality":"OUT_OF_RANGE","raw":1845.3,"sigma":1.5,"state":"IDLE","t":"2026-07-16T10:48:40.4098049Z","type":"sample"}
{"channel":"rr","display":14.851485148514852,"mu":0,"quality":"OUT_OF_RANGE","raw":1844.4,"sigma":1.5,"state":"IDLE","t":"2026-07-16T10:48:40.4548597Z","type":"sample"}
{"channel":"gsr","display":3344.1,"mu":0,"quality":"OK","raw":3344.1,"sigma":10,"state":"IDLE","t":"2026-07-16T10:48:40.4696467Z","type":"sample"}
{"channel":"rr","display":14.851485148514852,"mu":0,"quality":"OUT_OF_RANGE","raw":1844.2,"sigma":1.5,"state":"IDLE","t":"2026-07-16T10:48:40.4949055Z","type":"sample"}
{"address":"/cue/p/start","args":null,"channel":"system","dir":"out","t":"2026-07-16T10:48:40.5092903Z","type":"osc"}
{"channel":"rr","display":14.851485148514852,"mu":0,"quality":"OUT_OF_RANGE","raw":1845.6,"sigma":1.5,"state":"IDLE","t":"2026-07-16T10:48:40.5349323Z","type":"sample"}
{"channel":"gsr","display":3349.6,"mu":0,"quality":"OK","raw":3349.6,"sigma":10,"state":"IDLE","t":"2026-07-16T10:48:40.5700443Z","type":"sample"}
{"channel":"rr","display":14.851485148514852,"mu":0,"quality":"OUT_OF_RANGE","raw":1846.2,"sigma":1.5,"state":"IDLE","t":"2026-07-16T10:48:40.5749196Z","type":"sample"}
{"channel":"rr","display":14.851485148514852,"mu":0,"quality":"OUT_OF_RANGE","raw":1844.8,"sigma":1.5,"state":"IDLE","t":"2026-07-16T10:48:40.6144904Z","type":"sample"}
{"channel":"rr","display":14.851485148514852,"mu":0,"quality":"OUT_OF_RANGE","raw":1844.6,"sigma":1.5,"state":"IDLE","t":"2026-07-16T10:48:40.6549741Z","type":"sample"}
{"channel":"gsr","display":3351,"mu":0,"quality":"OK","raw":3351,"sigma":10,"state":"IDLE","t":"2026-07-16T10:48:40.669918Z","type":"sample"}
{"channel":"rr","display":14.851485148514852,"mu":0,"quality":"OUT_OF_RANGE","raw":1844.4,"sigma":1.5,"state":"IDLE","t":"2026-07-16T10:48:40.6947847Z","type":"sample"}
{"channel":"rr","display":14.851485148514852,"mu":0,"quality":"OUT_OF_RANGE","raw":1844.7,"sigma":1.5,"state":"IDLE","t":"2026-07-16T10:48:40.7347117Z","type":"sample"}
{"channel":"gsr","display":3352.4,"mu":0,"quality":"OK","raw":3352.4,"sigma":10,"state":"IDLE","t":"2026-07-16T10:48:40.7694457Z","type":"sample"}
{"channel":"rr","display":14.851485148514852,"mu":0,"quality":"OUT_OF_RANGE","raw":1845.6,"sigma":1.5,"state":"IDLE","t":"2026-07-16T10:48:40.7766195Z","type":"sample"}
{"channel":"hr","display":0,"mu":0,"quality":"OUT_OF_RANGE","raw":0,"sigma":3,"state":"IDLE","t":"2026-07-16T10:48:40.7766195Z","type":"sample"}
{"channel":"rr","display":14.851485148514852,"mu":0,"quality":"OUT_OF_RANGE","raw":1844.6,"sigma":1.5,"state":"IDLE","t":"2026-07-16T10:48:40.8147993Z","type":"sample"}
{"channel":"rr","display":14.851485148514852,"mu":0,"quality":"OUT_OF_RANGE","raw":1844.4,"sigma":1.5,"state":"IDLE","t":"2026-07-16T10:48:40.8547742Z","type":"sample"}
{"channel":"gsr","display":3354.1,"mu":0,"quality":"OK","raw":3354.1,"sigma":10,"state":"IDLE","t":"2026-07-16T10:48:40.8699272Z","type":"sample"}
{"channel":"rr","display":14.851485148514852,"mu":0,"quality":"OUT_OF_RANGE","raw":1843.8,"sigma":1.5,"state":"IDLE","t":"2026-07-16T10:48:40.8935176Z","type":"sample"}
{"channel":"rr","display":14.851485148514852,"mu":0,"quality":"OUT_OF_RANGE","raw":1845.8,"sigma":1.5,"state":"IDLE","t":"2026-07-16T10:48:40.9346239Z","type":"sample"}
{"channel":"gsr","display":3353.8,"mu":0,"quality":"OK","raw":3353.8,"sigma":10,"state":"IDLE","t":"2026-07-16T10:48:40.9692741Z","type":"sample"}
{"channel":"rr","display":14.851485148514852,"mu":0,"quality":"OUT_OF_RANGE","raw":1845.7,"sigma":1.5,"state":"IDLE","t":"2026-07-16T10:48:40.9740172Z","type":"sample"}
{"channel":"rr","display":14.851485148514852,"mu":0,"quality":"OUT_OF_RANGE","raw":1844.2,"sigma":1.5,"state":"IDLE","t":"2026-07-16T10:48:41.0147647Z","type":"sample"}
{"channel":"rr","display":14.851485148514852,"mu":0,"quality":"OUT_OF_RANGE","raw":1844.4,"sigma":1.5,"state":"IDLE","t":"2026-07-16T10:48:41.0550419Z","type":"sample"}
{"channel":"gsr","display":3361.4,"mu":0,"quality":"OK","raw":3361.4,"sigma":10,"state":"IDLE","t":"2026-07-16T10:48:41.0699338Z","type":"sample"}
{"channel":"rr","display":14.851485148514852,"mu":0,"quality":"OUT_OF_RANGE","raw":1842.7,"sigma":1.5,"state":"IDLE","t":"2026-07-16T10:48:41.094676Z","type":"sample"}
{"address":"/cue/g1/start","args":null,"channel":"system","dir":"out","t":"2026-07-16T10:48:41.1125213Z","type":"osc"}
{"channel":"rr","display":14.851485148514852,"mu":0,"quality":"OUT_OF_RANGE","raw":1845.6,"sigma":1.5,"state":"IDLE","t":"2026-07-16T10:48:41.1345237Z","type":"sample"}
{"channel":"gsr","display":3360.7,"mu":0,"quality":"OK","raw":3360.7,"sigma":10,"state":"IDLE","t":"2026-07-16T10:48:41.1703288Z","type":"sample"}
{"channel":"rr","display":14.851485148514852,"mu":0,"quality":"OUT_OF_RANGE","raw":1845.2,"sigma":1.5,"state":"IDLE","t":"2026-07-16T10:48:41.1749588Z","type":"sample"}
{"channel":"rr","display":14.851485148514852,"mu":0,"quality":"OUT_OF_RANGE","raw":1842.8,"sigma":1.5,"state":"IDLE","t":"2026-07-16T10:48:41.2149805Z","type":"sample"}
{"channel":"rr","display":14.851485148514852,"mu":0,"quality":"OUT_OF_RANGE","raw":1845.4,"sigma":1.5,"state":"IDLE","t":"2026-07-16T10:48:41.2548096Z","type":"sample"}
{"channel":"gsr","display":3365.9,"mu":0,"quality":"OK","raw":3365.9,"sigma":10,"state":"IDLE","t":"2026-07-16T10:48:41.2699289Z","type":"sample"}
{"channel":"hr","display":0,"mu":0,"quality":"OUT_OF_RANGE","raw":0,"sigma":3,"state":"IDLE","t":"2026-07-16T10:48:41.2755988Z","type":"sample"}
{"channel":"rr","display":14.851485148514852,"mu":0,"quality":"OUT_OF_RANGE","raw":1844.2,"sigma":1.5,"state":"IDLE","t":"2026-07-16T10:48:41.294714Z","type":"sample"}
{"channel":"rr","display":14.851485148514852,"mu":0,"quality":"OUT_OF_RANGE","raw":1843.4,"sigma":1.5,"state":"IDLE","t":"2026-07-16T10:48:41.3344963Z","type":"sample"}
{"channel":"gsr","display":3364.4,"mu":0,"quality":"OK","raw":3364.4,"sigma":10,"state":"IDLE","t":"2026-07-16T10:48:41.37025Z","type":"sample"}
{"channel":"rr","display":14.851485148514852,"mu":0,"quality":"OUT_OF_RANGE","raw":1843.2,"sigma":1.5,"state":"IDLE","t":"2026-07-16T10:48:41.374631Z","type":"sample"}
{"channel":"rr","display":14.851485148514852,"mu":0,"quality":"OUT_OF_RANGE","raw":1844.4,"sigma":1.5,"state":"IDLE","t":"2026-07-16T10:48:41.414761Z","type":"sample"}
{"channel":"rr","display":14.851485148514852,"mu":0,"quality":"OUT_OF_RANGE","raw":1844.4,"sigma":1.5,"state":"IDLE","t":"2026-07-16T10:48:41.4522068Z","type":"sample"}
{"channel":"gsr","display":3366.2,"mu":0,"quality":"OK","raw":3366.2,"sigma":10,"state":"IDLE","t":"2026-07-16T10:48:41.4698178Z","type":"sample"}
{"channel":"rr","display":14.851485148514852,"mu":0,"quality":"OUT_OF_RANGE","raw":1842.9,"sigma":1.5,"state":"IDLE","t":"2026-07-16T10:48:41.4949062Z","type":"sample"}
{"address":"/cue/p/start","args":null,"channel":"system","dir":"out","t":"2026-07-16T10:48:41.5094538Z","type":"osc"}
{"channel":"rr","display":14.851485148514852,"mu":0,"quality":"OUT_OF_RANGE","raw":1844.2,"sigma":1.5,"state":"IDLE","t":"2026-07-16T10:48:41.5350468Z","type":"sample"}
{"channel":"gsr","display":3365.4,"mu":0,"quality":"OK","raw":3365.4,"sigma":10,"state":"IDLE","t":"2026-07-16T10:48:41.5698557Z","type":"sample"}
{"channel":"rr","display":14.851485148514852,"mu":0,"quality":"OUT_OF_RANGE","raw":1844.4,"sigma":1.5,"state":"IDLE","t":"2026-07-16T10:48:41.5744537Z","type":"sample"}
{"channel":"rr","display":14.851485148514852,"mu":0,"quality":"OUT_OF_RANGE","raw":1844.5,"sigma":1.5,"state":"IDLE","t":"2026-07-16T10:48:41.6093447Z","type":"sample"}
{"channel":"rr","display":14.851485148514852,"mu":0,"quality":"OUT_OF_RANGE","raw":1844.8,"sigma":1.5,"state":"IDLE","t":"2026-07-16T10:48:41.6547819Z","type":"sample"}
{"channel":"gsr","display":3370.4,"mu":0,"quality":"OK","raw":3370.4,"sigma":10,"state":"IDLE","t":"2026-07-16T10:48:41.6699281Z","type":"sample"}
{"channel":"rr","display":14.851485148514852,"mu":0,"quality":"OUT_OF_RANGE","raw":1843.8,"sigma":1.5,"state":"IDLE","t":"2026-07-16T10:48:41.6947686Z","type":"sample"}
{"channel":"rr","display":14.851485148514852,"mu":0,"quality":"OUT_OF_RANGE","raw":1844.9,"sigma":1.5,"state":"IDLE","t":"2026-07-16T10:48:41.734895Z","type":"sample"}
{"channel":"gsr","display":3375.8,"mu":0,"quality":"OK","raw":3375.8,"sigma":10,"state":"IDLE","t":"2026-07-16T10:48:41.7696872Z","type":"sample"}
{"channel":"rr","display":14.851485148514852,"mu":0,"quality":"OUT_OF_RANGE","raw":1843.7,"sigma":1.5,"state":"IDLE","t":"2026-07-16T10:48:41.774854Z","type":"sample"}
{"channel":"hr","display":0,"mu":0,"quality":"OUT_OF_RANGE","raw":0,"sigma":3,"state":"IDLE","t":"2026-07-16T10:48:41.7754208Z","type":"sample"}
{"channel":"rr","display":14.851485148514852,"mu":0,"quality":"OUT_OF_RANGE","raw":1844.4,"sigma":1.5,"state":"IDLE","t":"2026-07-16T10:48:41.8149132Z","type":"sample"}
{"channel":"rr","display":14.851485148514852,"mu":0,"quality":"OUT_OF_RANGE","raw":1844.1,"sigma":1.5,"state":"IDLE","t":"2026-07-16T10:48:41.8548945Z","type":"sample"}
{"channel":"gsr","display":3373,"mu":0,"quality":"OK","raw":3373,"sigma":10,"state":"IDLE","t":"2026-07-16T10:48:41.8699331Z","type":"sample"}
{"channel":"rr","display":14.851485148514852,"mu":0,"quality":"OUT_OF_RANGE","raw":1845.4,"sigma":1.5,"state":"IDLE","t":"2026-07-16T10:48:41.8946483Z","type":"sample"}
{"channel":"rr","display":14.851485148514852,"mu":0,"quality":"OUT_OF_RANGE","raw":1844.2,"sigma":1.5,"state":"IDLE","t":"2026-07-16T10:48:41.9345997Z","type":"sample"}
{"channel":"gsr","display":3375.9,"mu":0,"quality":"OK","raw":3375.9,"sigma":10,"state":"IDLE","t":"2026-07-16T10:48:41.9700026Z","type":"sample"}
{"channel":"rr","display":14.851485148514852,"mu":0,"quality":"OUT_OF_RANGE","raw":1844.4,"sigma":1.5,"state":"IDLE","t":"2026-07-16T10:48:41.9743453Z","type":"sample"}
{"channel":"rr","display":14.851485148514852,"mu":0,"quality":"OUT_OF_RANGE","raw":1843.7,"sigma":1.5,"state":"IDLE","t":"2026-07-16T10:48:42.0145852Z","type":"sample"}
{"channel":"rr","display":14.851485148514852,"mu":0,"quality":"OUT_OF_RANGE","raw":1843.5,"sigma":1.5,"state":"IDLE","t":"2026-07-16T10:48:42.0547643Z","type":"sample"}
{"channel":"gsr","display":3378.5,"mu":0,"quality":"OK","raw":3378.5,"sigma":10,"state":"IDLE","t":"2026-07-16T10:48:42.0690646Z","type":"sample"}
{"channel":"rr","display":14.851485148514852,"mu":0,"quality":"OUT_OF_RANGE","raw":1844.4,"sigma":1.5,"state":"IDLE","t":"2026-07-16T10:48:42.0947864Z","type":"sample"}
{"address":"/cue/g1/start","args":null,"channel":"system","dir":"out","t":"2026-07-16T10:48:42.1228234Z","type":"osc"}
{"channel":"rr","display":14.851485148514852,"mu":0,"quality":"OUT_OF_RANGE","raw":1844.2,"sigma":1.5,"state":"IDLE","t":"2026-07-16T10:48:42.1346193Z","type":"sample"}
{"channel":"gsr","display":3374.4,"mu":0,"quality":"OK","raw":3374.4,"sigma":10,"state":"IDLE","t":"2026-07-16T10:48:42.1699279Z","type":"sample"}
{"channel":"rr","display":14.851485148514852,"mu":0,"quality":"OUT_OF_RANGE","raw":1844,"sigma":1.5,"state":"IDLE","t":"2026-07-16T10:48:42.1747908Z","type":"sample"}
{"channel":"rr","display":14.851485148514852,"mu":0,"quality":"OUT_OF_RANGE","raw":1845.1,"sigma":1.5,"state":"IDLE","t":"2026-07-16T10:48:42.2146845Z","type":"sample"}
{"channel":"rr","display":14.851485148514852,"mu":0,"quality":"OUT_OF_RANGE","raw":1842.9,"sigma":1.5,"state":"IDLE","t":"2026-07-16T10:48:42.2545766Z","type":"sample"}
{"channel":"gsr","display":3380.2,"mu":0,"quality":"OK","raw":3380.2,"sigma":10,"state":"IDLE","t":"2026-07-16T10:48:42.269956Z","type":"sample"}
{"channel":"hr","display":0,"mu":0,"quality":"OUT_OF_RANGE","raw":0,"sigma":3,"state":"IDLE","t":"2026-07-16T10:48:42.2755732Z","type":"sample"}
{"channel":"rr","display":14.851485148514852,"mu":0,"quality":"OUT_OF_RANGE","raw":1844.4,"sigma":1.5,"state":"IDLE","t":"2026-07-16T10:48:42.2947354Z","type":"sample"}
{"channel":"rr","display":14.851485148514852,"mu":0,"quality":"OUT_OF_RANGE","raw":1844.8,"sigma":1.5,"state":"IDLE","t":"2026-07-16T10:48:42.3346648Z","type":"sample"}
{"channel":"gsr","display":3375.7,"mu":0,"quality":"OK","raw":3375.7,"sigma":10,"state":"IDLE","t":"2026-07-16T10:48:42.3698573Z","type":"sample"}
{"channel":"rr","display":14.851485148514852,"mu":0,"quality":"OUT_OF_RANGE","raw":1843.6,"sigma":1.5,"state":"IDLE","t":"2026-07-16T10:48:42.3744429Z","type":"sample"}
{"channel":"rr","display":14.851485148514852,"mu":0,"quality":"OUT_OF_RANGE","raw":1844.8,"sigma":1.5,"state":"IDLE","t":"2026-07-16T10:48:42.414639Z","type":"sample"}
{"channel":"rr","display":14.851485148514852,"mu":0,"quality":"OUT_OF_RANGE","raw":1842.9,"sigma":1.5,"state":"IDLE","t":"2026-07-16T10:48:42.4550078Z","type":"sample"}
{"channel":"gsr","display":3378.4,"mu":0,"quality":"OK","raw":3378.4,"sigma":10,"state":"IDLE","t":"2026-07-16T10:48:42.4696849Z","type":"sample"}
{"channel":"rr","display":14.851485148514852,"mu":0,"quality":"OUT_OF_RANGE","raw":1844.7,"sigma":1.5,"state":"IDLE","t":"2026-07-16T10:48:42.4947665Z","type":"sample"}
{"address":"/cue/p/start","args":null,"channel":"system","dir":"out","t":"2026-07-16T10:48:42.5095093Z","type":"osc"}
{"channel":"rr","display":14.851485148514852,"mu":0,"quality":"OUT_OF_RANGE","raw":1845.2,"sigma":1.5,"state":"IDLE","t":"2026-07-16T10:48:42.5346896Z","type":"sample"}
{"channel":"gsr","display":3385.2,"mu":0,"quality":"OK","raw":3385.2,"sigma":10,"state":"IDLE","t":"2026-07-16T10:48:42.5694549Z","type":"sample"}
{"channel":"rr","display":14.851485148514852,"mu":0,"quality":"OUT_OF_RANGE","raw":1845.3,"sigma":1.5,"state":"IDLE","t":"2026-07-16T10:48:42.5747571Z","type":"sample"}
{"channel":"rr","display":14.851485148514852,"mu":0,"quality":"OUT_OF_RANGE","raw":1845.4,"sigma":1.5,"state":"IDLE","t":"2026-07-16T10:48:42.614657Z","type":"sample"}
{"channel":"rr","display":14.851485148514852,"mu":0,"quality":"OUT_OF_RANGE","raw":1844.1,"sigma":1.5,"state":"IDLE","t":"2026-07-16T10:48:42.6547634Z","type":"sample"}
{"channel":"gsr","display":3379.2,"mu":0,"quality":"OK","raw":3379.2,"sigma":10,"state":"IDLE","t":"2026-07-16T10:48:42.670079Z","type":"sample"}
{"channel":"rr","display":14.851485148514852,"mu":0,"quality":"OUT_OF_RANGE","raw":1843.8,"sigma":1.5,"state":"IDLE","t":"2026-07-16T10:48:42.6946326Z","type":"sample"}
{"channel":"rr","display":14.851485148514852,"mu":0,"quality":"OUT_OF_RANGE","raw":1844.6,"sigma":1.5,"state":"IDLE","t":"2026-07-16T10:48:42.7348094Z","type":"sample"}
{"channel":"gsr","display":3376.4,"mu":0,"quality":"OK","raw":3376.4,"sigma":10,"state":"IDLE","t":"2026-07-16T10:48:42.7697739Z","type":"sample"}
{"channel":"rr","display":14.851485148514852,"mu":0,"quality":"OUT_OF_RANGE","raw":1843.9,"sigma":1.5,"state":"IDLE","t":"2026-07-16T10:48:42.7746999Z","type":"sample"}
{"channel":"hr","display":0,"mu":0,"quality":"OUT_OF_RANGE","raw":0,"sigma":3,"state":"IDLE","t":"2026-07-16T10:48:42.7752419Z","type":"sample"}
{"channel":"rr","display":14.851485148514852,"mu":0,"quality":"OUT_OF_RANGE","raw":1843.8,"sigma":1.5,"state":"IDLE","t":"2026-07-16T10:48:42.8147476Z","type":"sample"}
{"channel":"rr","display":14.851485148514852,"mu":0,"quality":"OUT_OF_RANGE","raw":1843.9,"sigma":1.5,"state":"IDLE","t":"2026-07-16T10:48:42.8547475Z","type":"sample"}
{"channel":"gsr","display":3381.9,"mu":0,"quality":"OK","raw":3381.9,"sigma":10,"state":"IDLE","t":"2026-07-16T10:48:42.8699168Z","type":"sample"}
{"channel":"rr","display":14.851485148514852,"mu":0,"quality":"OUT_OF_RANGE","raw":1843.3,"sigma":1.5,"state":"IDLE","t":"2026-07-16T10:48:42.8948449Z","type":"sample"}
{"channel":"rr","display":14.851485148514852,"mu":0,"quality":"OUT_OF_RANGE","raw":1844.4,"sigma":1.5,"state":"IDLE","t":"2026-07-16T10:48:42.9346545Z","type":"sample"}
{"channel":"gsr","display":3379.3,"mu":0,"quality":"OK","raw":3379.3,"sigma":10,"state":"IDLE","t":"2026-07-16T10:48:42.969316Z","type":"sample"}
{"channel":"rr","display":14.851485148514852,"mu":0,"quality":"OUT_OF_RANGE","raw":1843,"sigma":1.5,"state":"IDLE","t":"2026-07-16T10:48:42.974408Z","type":"sample"}
{"channel":"rr","display":14.851485148514852,"mu":0,"quality":"OUT_OF_RANGE","raw":1844.3,"sigma":1.5,"state":"IDLE","t":"2026-07-16T10:48:43.0148146Z","type":"sample"}
{"channel":"rr","display":14.851485148514852,"mu":0,"quality":"OUT_OF_RANGE","raw":1843.3,"sigma":1.5,"state":"IDLE","t":"2026-07-16T10:48:43.0540481Z","type":"sample"}
{"channel":"gsr","display":3382.8,"mu":0,"quality":"OK","raw":3382.8,"sigma":10,"state":"IDLE","t":"2026-07-16T10:48:43.0703839Z","type":"sample"}
{"channel":"rr","display":14.851485148514852,"mu":0,"quality":"OUT_OF_RANGE","raw":1844.6,"sigma":1.5,"state":"IDLE","t":"2026-07-16T10:48:43.0946967Z","type":"sample"}
{"address":"/cue/g1/start","args":null,"channel":"system","dir":"out","t":"2026-07-16T10:48:43.1273962Z","type":"osc"}
{"channel":"rr","display":14.851485148514852,"mu":0,"quality":"OUT_OF_RANGE","raw":1845.1,"sigma":1.5,"state":"IDLE","t":"2026-07-16T10:48:43.1346972Z","type":"sample"}
{"channel":"gsr","display":3384.8,"mu":0,"quality":"OK","raw":3384.8,"sigma":10,"state":"IDLE","t":"2026-07-16T10:48:43.1701074Z","type":"sample"}
{"channel":"rr","display":14.851485148514852,"mu":0,"quality":"OUT_OF_RANGE","raw":1844.6,"sigma":1.5,"state":"IDLE","t":"2026-07-16T10:48:43.174897Z","type":"sample"}
{"channel":"rr","display":14.851485148514852,"mu":0,"quality":"OUT_OF_RANGE","raw":1844.2,"sigma":1.5,"state":"IDLE","t":"2026-07-16T10:48:43.2088614Z","type":"sample"}
{"channel":"rr","display":14.851485148514852,"mu":0,"quality":"OUT_OF_RANGE","raw":1843.6,"sigma":1.5,"state":"IDLE","t":"2026-07-16T10:48:43.2547507Z","type":"sample"}
{"channel":"gsr","display":3385.1,"mu":0,"quality":"OK","raw":3385.1,"sigma":10,"state":"IDLE","t":"2026-07-16T10:48:43.2694445Z","type":"sample"}
{"channel":"hr","display":0,"mu":0,"quality":"OUT_OF_RANGE","raw":0,"sigma":3,"state":"IDLE","t":"2026-07-16T10:48:43.2759124Z","type":"sample"}
{"channel":"rr","display":14.851485148514852,"mu":0,"quality":"OUT_OF_RANGE","raw":1845.9,"sigma":1.5,"state":"IDLE","t":"2026-07-16T10:48:43.2948965Z","type":"sample"}
{"channel":"rr","display":14.851485148514852,"mu":0,"quality":"OUT_OF_RANGE","raw":1844,"sigma":1.5,"state":"IDLE","t":"2026-07-16T10:48:43.3348235Z","type":"sample"}
{"channel":"gsr","display":3387.4,"mu":0,"quality":"OK","raw":3387.4,"sigma":10,"state":"IDLE","t":"2026-07-16T10:48:43.369332Z","type":"sample"}
{"channel":"rr","display":14.851485148514852,"mu":0,"quality":"OUT_OF_RANGE","raw":1845.1,"sigma":1.5,"state":"IDLE","t":"2026-07-16T10:48:43.3744467Z","type":"sample"}
{"channel":"rr","display":14.851485148514852,"mu":0,"quality":"OUT_OF_RANGE","raw":1844.8,"sigma":1.5,"state":"IDLE","t":"2026-07-16T10:48:43.4148187Z","type":"sample"}
{"channel":"rr","display":14.851485148514852,"mu":0,"quality":"OUT_OF_RANGE","raw":1844,"sigma":1.5,"state":"IDLE","t":"2026-07-16T10:48:43.4548195Z","type":"sample"}
{"channel":"gsr","display":3390.5,"mu":0,"quality":"OK","raw":3390.5,"sigma":10,"state":"IDLE","t":"2026-07-16T10:48:43.4696952Z","type":"sample"}
{"channel":"rr","display":14.851485148514852,"mu":0,"quality":"OUT_OF_RANGE","raw":1845.2,"sigma":1.5,"state":"IDLE","t":"2026-07-16T10:48:43.4924413Z","type":"sample"}
{"address":"/cue/p/start","args":null,"channel":"system","dir":"out","t":"2026-07-16T10:48:43.5094003Z","type":"osc"}
{"channel":"rr","display":14.851485148514852,"mu":0,"quality":"OUT_OF_RANGE","raw":1844.8,"sigma":1.5,"state":"IDLE","t":"2026-07-16T10:48:43.5347415Z","type":"sample"}
{"channel":"gsr","display":3389.3,"mu":0,"quality":"OK","raw":3389.3,"sigma":10,"state":"IDLE","t":"2026-07-16T10:48:43.5696009Z","type":"sample"}
{"channel":"rr","display":14.851485148514852,"mu":0,"quality":"OUT_OF_RANGE","raw":1846.8,"sigma":1.5,"state":"IDLE","t":"2026-07-16T10:48:43.574554Z","type":"sample"}
{"channel":"rr","display":14.851485148514852,"mu":0,"quality":"OUT_OF_RANGE","raw":1936.5,"sigma":1.5,"state":"IDLE","t":"2026-07-16T10:48:43.6146774Z","type":"sample"}
{"channel":"rr","event":"quality_change","quality":"OK","t":"2026-07-16T10:48:43.6548348Z","type":"event"}
{"channel":"rr","display":14.851485148514852,"mu":0,"quality":"OK","raw":2089.9,"sigma":1.5,"state":"IDLE","t":"2026-07-16T10:48:43.6548348Z","type":"sample"}
{"channel":"gsr","display":3395.1,"mu":0,"quality":"OK","raw":3395.1,"sigma":10,"state":"IDLE","t":"2026-07-16T10:48:43.6698855Z","type":"sample"}
{"channel":"rr","display":14.851485148514852,"mu":0,"quality":"OK","raw":2176.5,"sigma":1.5,"state":"IDLE","t":"2026-07-16T10:48:43.6948409Z","type":"sample"}
{"address":"/cue/r19/start","args":null,"channel":"system","dir":"out","t":"2026-07-16T10:48:43.7311851Z","type":"osc"}
{"channel":"rr","display":14.851485148514852,"mu":0,"quality":"OK","raw":2300.2,"sigma":1.5,"state":"IDLE","t":"2026-07-16T10:48:43.7348326Z","type":"sample"}
{"channel":"gsr","display":3392.3,"mu":0,"quality":"OK","raw":3392.3,"sigma":10,"state":"IDLE","t":"2026-07-16T10:48:43.7700341Z","type":"sample"}
{"channel":"rr","display":14.851485148514852,"mu":0,"quality":"OK","raw":2454.5,"sigma":1.5,"state":"IDLE","t":"2026-07-16T10:48:43.7746815Z","type":"sample"}
{"channel":"hr","display":0,"mu":0,"quality":"OUT_OF_RANGE","raw":0,"sigma":3,"state":"IDLE","t":"2026-07-16T10:48:43.7752082Z","type":"sample"}
{"channel":"rr","display":14.851485148514852,"mu":0,"quality":"OK","raw":2566.7,"sigma":1.5,"state":"IDLE","t":"2026-07-16T10:48:43.8147663Z","type":"sample"}
{"channel":"rr","display":14.851485148514852,"mu":0,"quality":"OK","raw":2642.9,"sigma":1.5,"state":"IDLE","t":"2026-07-16T10:48:43.8547512Z","type":"sample"}
{"channel":"gsr","display":3396.8,"mu":0,"quality":"OK","raw":3396.8,"sigma":10,"state":"IDLE","t":"2026-07-16T10:48:43.8692853Z","type":"sample"}
{"channel":"rr","display":14.851485148514852,"mu":0,"quality":"OK","raw":2695.6,"sigma":1.5,"state":"IDLE","t":"2026-07-16T10:48:43.8947802Z","type":"sample"}
{"channel":"rr","display":14.851485148514852,"mu":0,"quality":"OK","raw":2720,"sigma":1.5,"state":"IDLE","t":"2026-07-16T10:48:43.9352261Z","type":"sample"}
{"channel":"gsr","display":3399.4,"mu":0,"quality":"OK","raw":3399.4,"sigma":10,"state":"IDLE","t":"2026-07-16T10:48:43.9696794Z","type":"sample"}
{"channel":"rr","display":14.851485148514852,"mu":0,"quality":"OK","raw":2726.2,"sigma":1.5,"state":"IDLE","t":"2026-07-16T10:48:43.9749624Z","type":"sample"}
{"channel":"rr","display":14.851485148514852,"mu":0,"quality":"OK","raw":2727.6,"sigma":1.5,"state":"IDLE","t":"2026-07-16T10:48:44.014801Z","type":"sample"}
{"channel":"rr","display":14.851485148514852,"mu":0,"quality":"OK","raw":2728.6,"sigma":1.5,"state":"IDLE","t":"2026-07-16T10:48:44.0546907Z","type":"sample"}
{"channel":"gsr","display":3401.5,"mu":0,"quality":"OK","raw":3401.5,"sigma":10,"state":"IDLE","t":"2026-07-16T10:48:44.0701706Z","type":"sample"}
{"channel":"rr","display":14.851485148514852,"mu":0,"quality":"OK","raw":2729.9,"sigma":1.5,"state":"IDLE","t":"2026-07-16T10:48:44.0946143Z","type":"sample"}
{"address":"/cue/g1/start","args":null,"channel":"system","dir":"out","t":"2026-07-16T10:48:44.1328899Z","type":"osc"}
{"channel":"rr","display":14.851485148514852,"mu":0,"quality":"OK","raw":2729.6,"sigma":1.5,"state":"IDLE","t":"2026-07-16T10:48:44.135211Z","type":"sample"}
{"channel":"gsr","display":3399.9,"mu":0,"quality":"OK","raw":3399.9,"sigma":10,"state":"IDLE","t":"2026-07-16T10:48:44.1692184Z","type":"sample"}
{"channel":"rr","display":14.851485148514852,"mu":0,"quality":"OK","raw":2729.7,"sigma":1.5,"state":"IDLE","t":"2026-07-16T10:48:44.1747708Z","type":"sample"}
{"channel":"rr","display":14.851485148514852,"mu":0,"quality":"OK","raw":2727.2,"sigma":1.5,"state":"IDLE","t":"2026-07-16T10:48:44.209067Z","type":"sample"}
{"channel":"rr","display":14.851485148514852,"mu":0,"quality":"OK","raw":2727,"sigma":1.5,"state":"IDLE","t":"2026-07-16T10:48:44.2520999Z","type":"sample"}
{"channel":"gsr","display":3403.5,"mu":0,"quality":"OK","raw":3403.5,"sigma":10,"state":"IDLE","t":"2026-07-16T10:48:44.2699661Z","type":"sample"}
{"channel":"hr","display":0,"mu":0,"quality":"OUT_OF_RANGE","raw":0,"sigma":3,"state":"IDLE","t":"2026-07-16T10:48:44.2756539Z","type":"sample"}
{"channel":"rr","display":14.851485148514852,"mu":0,"quality":"OK","raw":2713.8,"sigma":1.5,"state":"IDLE","t":"2026-07-16T10:48:44.2946521Z","type":"sample"}
{"channel":"rr","display":14.851485148514852,"mu":0,"quality":"OK","raw":2614.4,"sigma":1.5,"state":"IDLE","t":"2026-07-16T10:48:44.3348153Z","type":"sample"}
{"channel":"gsr","display":3404.2,"mu":0,"quality":"OK","raw":3404.2,"sigma":10,"state":"IDLE","t":"2026-07-16T10:48:44.3700359Z","type":"sample"}
{"channel":"rr","display":14.851485148514852,"mu":0,"quality":"OK","raw":2396.4,"sigma":1.5,"state":"IDLE","t":"2026-07-16T10:48:44.3744784Z","type":"sample"}
{"channel":"rr","display":14.851485148514852,"mu":0,"quality":"OK","raw":2175.9,"sigma":1.5,"state":"IDLE","t":"2026-07-16T10:48:44.4147468Z","type":"sample"}
{"channel":"rr","display":14.851485148514852,"mu":0,"quality":"OK","raw":2046.7,"sigma":1.5,"state":"IDLE","t":"2026-07-16T10:48:44.4523852Z","type":"sample"}
{"channel":"gsr","display":3406.6,"mu":0,"quality":"OK","raw":3406.6,"sigma":10,"state":"IDLE","t":"2026-07-16T10:48:44.4694909Z","type":"sample"}
{"channel":"rr","display":14.851485148514852,"mu":0,"quality":"OK","raw":1983.4,"sigma":1.5,"state":"IDLE","t":"2026-07-16T10:48:44.4933664Z","type":"sample"}
{"address":"/cue/p/start","args":null,"channel":"system","dir":"out","t":"2026-07-16T10:48:44.509082Z","type":"osc"}
{"channel":"rr","display":14.851485148514852,"mu":0,"quality":"OK","raw":1934.5,"sigma":1.5,"state":"IDLE","t":"2026-07-16T10:48:44.5346208Z","type":"sample"}
{"channel":"gsr","display":3407.1,"mu":0,"quality":"OK","raw":3407.1,"sigma":10,"state":"IDLE","t":"2026-07-16T10:48:44.5693142Z","type":"sample"}
{"channel":"rr","display":14.851485148514852,"mu":0,"quality":"OK","raw":1902.8,"sigma":1.5,"state":"IDLE","t":"2026-07-16T10:48:44.574424Z","type":"sample"}
{"channel":"rr","display":14.851485148514852,"mu":0,"quality":"OK","raw":1884.9,"sigma":1.5,"state":"IDLE","t":"2026-07-16T10:48:44.6147992Z","type":"sample"}
{"channel":"rr","display":14.851485148514852,"mu":0,"quality":"OK","raw":1851.7,"sigma":1.5,"state":"IDLE","t":"2026-07-16T10:48:44.6547111Z","type":"sample"}
{"channel":"gsr","display":3408.8,"mu":0,"quality":"OK","raw":3408.8,"sigma":10,"state":"IDLE","t":"2026-07-16T10:48:44.6692685Z","type":"sample"}
{"channel":"rr","display":14.851485148514852,"mu":0,"quality":"OK","raw":1829.2,"sigma":1.5,"state":"IDLE","t":"2026-07-16T10:48:44.6947674Z","type":"sample"}
{"channel":"rr","display":14.851485148514852,"mu":0,"quality":"OK","raw":1826,"sigma":1.5,"state":"IDLE","t":"2026-07-16T10:48:44.7348621Z","type":"sample"}
{"address":"/cue/r19/start","args":null,"channel":"system","dir":"out","t":"2026-07-16T10:48:44.7366472Z","type":"osc"}
{"channel":"gsr","display":3409.9,"mu":0,"quality":"OK","raw":3409.9,"sigma":10,"state":"IDLE","t":"2026-07-16T10:48:44.7695897Z","type":"sample"}
{"channel":"rr","display":14.851485148514852,"mu":0,"quality":"OK","raw":1825,"sigma":1.5,"state":"IDLE","t":"2026-07-16T10:48:44.774876Z","type":"sample"}
{"channel":"hr","display":0,"mu":0,"quality":"OUT_OF_RANGE","raw":0,"sigma":3,"state":"IDLE","t":"2026-07-16T10:48:44.7754941Z","type":"sample"}
{"channel":"rr","display":14.851485148514852,"mu":0,"quality":"OK","raw":1824.9,"sigma":1.5,"state":"IDLE","t":"2026-07-16T10:48:44.814798Z","type":"sample"}
{"channel":"rr","display":14.851485148514852,"mu":0,"quality":"OK","raw":1824.8,"sigma":1.5,"state":"IDLE","t":"2026-07-16T10:48:44.8520216Z","type":"sample"}
{"channel":"gsr","display":3415.8,"mu":0,"quality":"OK","raw":3415.8,"sigma":10,"state":"IDLE","t":"2026-07-16T10:48:44.8693401Z","type":"sample"}
{"channel":"rr","display":14.851485148514852,"mu":0,"quality":"OK","raw":1826.3,"sigma":1.5,"state":"IDLE","t":"2026-07-16T10:48:44.8946881Z","type":"sample"}
{"channel":"rr","display":14.851485148514852,"mu":0,"quality":"OK","raw":1825.8,"sigma":1.5,"state":"IDLE","t":"2026-07-16T10:48:44.9348684Z","type":"sample"}
{"channel":"gsr","display":3418.8,"mu":0,"quality":"OK","raw":3418.8,"sigma":10,"state":"IDLE","t":"2026-07-16T10:48:44.9698777Z","type":"sample"}
{"channel":"rr","display":14.851485148514852,"mu":0,"quality":"OK","raw":1825,"sigma":1.5,"state":"IDLE","t":"2026-07-16T10:48:44.9750015Z","type":"sample"}
{"channel":"rr","display":14.851485148514852,"mu":0,"quality":"OK","raw":1823.6,"sigma":1.5,"state":"IDLE","t":"2026-07-16T10:48:45.0145917Z","type":"sample"}
{"channel":"rr","display":14.851485148514852,"mu":0,"quality":"OK","raw":1824.5,"sigma":1.5,"state":"IDLE","t":"2026-07-16T10:48:45.0519846Z","type":"sample"}
{"channel":"gsr","display":3415.8,"mu":0,"quality":"OK","raw":3415.8,"sigma":10,"state":"IDLE","t":"2026-07-16T10:48:45.0699325Z","type":"sample"}
{"channel":"rr","display":14.851485148514852,"mu":0,"quality":"OK","raw":1823.6,"sigma":1.5,"state":"IDLE","t":"2026-07-16T10:48:45.0925252Z","type":"sample"}
{"channel":"rr","display":14.851485148514852,"mu":0,"quality":"OK","raw":1823.6,"sigma":1.5,"state":"IDLE","t":"2026-07-16T10:48:45.1351052Z","type":"sample"}
{"address":"/cue/g1/start","args":null,"channel":"system","dir":"out","t":"2026-07-16T10:48:45.1487375Z","type":"osc"}
{"channel":"gsr","display":3418.9,"mu":0,"quality":"OK","raw":3418.9,"sigma":10,"state":"IDLE","t":"2026-07-16T10:48:45.1695654Z","type":"sample"}
{"channel":"rr","display":14.851485148514852,"mu":0,"quality":"OK","raw":1823.7,"sigma":1.5,"state":"IDLE","t":"2026-07-16T10:48:45.1746197Z","type":"sample"}
{"channel":"rr","display":14.851485148514852,"mu":0,"quality":"OK","raw":1824.5,"sigma":1.5,"state":"IDLE","t":"2026-07-16T10:48:45.2146986Z","type":"sample"}
{"channel":"rr","display":14.851485148514852,"mu":0,"quality":"OK","raw":1823.6,"sigma":1.5,"state":"IDLE","t":"2026-07-16T10:48:45.2549366Z","type":"sample"}
{"channel":"gsr","display":3419.8,"mu":0,"quality":"OK","raw":3419.8,"sigma":10,"state":"IDLE","t":"2026-07-16T10:48:45.2698214Z","type":"sample"}
{"channel":"hr","display":0,"mu":0,"quality":"OUT_OF_RANGE","raw":0,"sigma":3,"state":"IDLE","t":"2026-07-16T10:48:45.2748834Z","type":"sample"}
{"channel":"rr","display":14.851485148514852,"mu":0,"quality":"OK","raw":1824.4,"sigma":1.5,"state":"IDLE","t":"2026-07-16T10:48:45.2946794Z","type":"sample"}
{"channel":"rr","display":14.851485148514852,"mu":0,"quality":"OK","raw":1823.4,"sigma":1.5,"state":"IDLE","t":"2026-07-16T10:48:45.3347476Z","type":"sample"}
{"channel":"gsr","display":3414.8,"mu":0,"quality":"OK","raw":3414.8,"sigma":10,"state":"IDLE","t":"2026-07-16T10:48:45.369549Z","type":"sample"}
{"channel":"rr","display":14.851485148514852,"mu":0,"quality":"OK","raw":1822.9,"sigma":1.5,"state":"IDLE","t":"2026-07-16T10:48:45.3744288Z","type":"sample"}
{"channel":"rr","display":14.851485148514852,"mu":0,"quality":"OK","raw":1823.4,"sigma":1.5,"state":"IDLE","t":"2026-07-16T10:48:45.4148842Z","type":"sample"}
{"channel":"rr","display":14.851485148514852,"mu":0,"quality":"OK","raw":1823.9,"sigma":1.5,"state":"IDLE","t":"2026-07-16T10:48:45.4547119Z","type":"sample"}
{"channel":"gsr","display":3417.2,"mu":0,"quality":"OK","raw":3417.2,"sigma":10,"state":"IDLE","t":"2026-07-16T10:48:45.4698107Z","type":"sample"}
{"channel":"rr","display":14.851485148514852,"mu":0,"quality":"OK","raw":1824.4,"sigma":1.5,"state":"IDLE","t":"2026-07-16T10:48:45.493642Z","type":"sample"}
{"address":"/cue/p/start","args":null,"channel":"system","dir":"out","t":"2026-07-16T10:48:45.5094404Z","type":"osc"}
{"channel":"rr","display":14.851485148514852,"mu":0,"quality":"OK","raw":1824.8,"sigma":1.5,"state":"IDLE","t":"2026-07-16T10:48:45.5348094Z","type":"sample"}
{"channel":"gsr","display":3411.1,"mu":0,"quality":"OK","raw":3411.1,"sigma":10,"state":"IDLE","t":"2026-07-16T10:48:45.5699872Z","type":"sample"}
{"channel":"rr","display":14.851485148514852,"mu":0,"quality":"OK","raw":1823.3,"sigma":1.5,"state":"IDLE","t":"2026-07-16T10:48:45.5741123Z","type":"sample"}
{"channel":"rr","display":14.851485148514852,"mu":0,"quality":"OK","raw":1824.3,"sigma":1.5,"state":"IDLE","t":"2026-07-16T10:48:45.6147042Z","type":"sample"}
{"channel":"rr","display":14.851485148514852,"mu":0,"quality":"OK","raw":1824.4,"sigma":1.5,"state":"IDLE","t":"2026-07-16T10:48:45.6549875Z","type":"sample"}
{"channel":"gsr","display":3403.8,"mu":0,"quality":"OK","raw":3403.8,"sigma":10,"state":"IDLE","t":"2026-07-16T10:48:45.6699371Z","type":"sample"}
{"channel":"rr","display":14.851485148514852,"mu":0,"quality":"OK","raw":1825.6,"sigma":1.5,"state":"IDLE","t":"2026-07-16T10:48:45.6947985Z","type":"sample"}
{"channel":"rr","display":14.851485148514852,"mu":0,"quality":"OK","raw":1822.9,"sigma":1.5,"state":"IDLE","t":"2026-07-16T10:48:45.7342371Z","type":"sample"}
{"address":"/cue/r19/start","args":null,"channel":"system","dir":"out","t":"2026-07-16T10:48:45.753062Z","type":"osc"}
{"channel":"gsr","display":3383.5,"mu":0,"quality":"OK","raw":3383.5,"sigma":10,"state":"IDLE","t":"2026-07-16T10:48:45.7699052Z","type":"sample"}
{"channel":"rr","display":14.851485148514852,"mu":0,"quality":"OK","raw":1823.8,"sigma":1.5,"state":"IDLE","t":"2026-07-16T10:48:45.7744719Z","type":"sample"}
{"channel":"hr","display":0,"mu":0,"quality":"OUT_OF_RANGE","raw":0,"sigma":3,"state":"IDLE","t":"2026-07-16T10:48:45.7755131Z","type":"sample"}
{"channel":"rr","display":14.851485148514852,"mu":0,"quality":"OK","raw":1823.7,"sigma":1.5,"state":"IDLE","t":"2026-07-16T10:48:45.8093256Z","type":"sample"}
{"channel":"rr","display":14.851485148514852,"mu":0,"quality":"OK","raw":1824.3,"sigma":1.5,"state":"IDLE","t":"2026-07-16T10:48:45.8534295Z","type":"sample"}
{"channel":"gsr","display":3372.6,"mu":0,"quality":"OK","raw":3372.6,"sigma":10,"state":"IDLE","t":"2026-07-16T10:48:45.8700541Z","type":"sample"}
{"channel":"rr","display":14.851485148514852,"mu":0,"quality":"OK","raw":1824.7,"sigma":1.5,"state":"IDLE","t":"2026-07-16T10:48:45.89389Z","type":"sample"}
{"channel":"rr","display":14.851485148514852,"mu":0,"quality":"OK","raw":1825.1,"sigma":1.5,"state":"IDLE","t":"2026-07-16T10:48:45.9346326Z","type":"sample"}
{"channel":"gsr","display":3353.9,"mu":0,"quality":"OK","raw":3353.9,"sigma":10,"state":"IDLE","t":"2026-07-16T10:48:45.9690428Z","type":"sample"}
{"channel":"rr","display":14.851485148514852,"mu":0,"quality":"OK","raw":1824.1,"sigma":1.5,"state":"IDLE","t":"2026-07-16T10:48:45.9747133Z","type":"sample"}
{"channel":"rr","display":14.851485148514852,"mu":0,"quality":"OK","raw":1824.4,"sigma":1.5,"state":"IDLE","t":"2026-07-16T10:48:46.0144755Z","type":"sample"}
{"channel":"rr","display":14.851485148514852,"mu":0,"quality":"OK","raw":1824.6,"sigma":1.5,"state":"IDLE","t":"2026-07-16T10:48:46.0546236Z","type":"sample"}
{"channel":"gsr","display":3327,"mu":0,"quality":"OK","raw":3327,"sigma":10,"state":"IDLE","t":"2026-07-16T10:48:46.0696941Z","type":"sample"}
{"channel":"rr","display":14.851485148514852,"mu":0,"quality":"OK","raw":1824.9,"sigma":1.5,"state":"IDLE","t":"2026-07-16T10:48:46.0948379Z","type":"sample"}
{"channel":"rr","display":14.851485148514852,"mu":0,"quality":"OK","raw":1825.6,"sigma":1.5,"state":"IDLE","t":"2026-07-16T10:48:46.1348523Z","type":"sample"}
{"address":"/cue/g1/start","args":null,"channel":"system","dir":"out","t":"2026-07-16T10:48:46.1560377Z","type":"osc"}
{"channel":"gsr","display":3303.9,"mu":0,"quality":"OK","raw":3303.9,"sigma":10,"state":"IDLE","t":"2026-07-16T10:48:46.1693695Z","type":"sample"}
{"channel":"rr","display":14.851485148514852,"mu":0,"quality":"OK","raw":1826.2,"sigma":1.5,"state":"IDLE","t":"2026-07-16T10:48:46.1760855Z","type":"sample"}
{"channel":"rr","display":14.851485148514852,"mu":0,"quality":"OK","raw":1825.2,"sigma":1.5,"state":"IDLE","t":"2026-07-16T10:48:46.2145565Z","type":"sample"}
{"channel":"rr","display":14.851485148514852,"mu":0,"quality":"OK","raw":1824.7,"sigma":1.5,"state":"IDLE","t":"2026-07-16T10:48:46.25475Z","type":"sample"}
{"channel":"gsr","display":3273.9,"mu":0,"quality":"OK","raw":3273.9,"sigma":10,"state":"IDLE","t":"2026-07-16T10:48:46.2697207Z","type":"sample"}
{"channel":"hr","display":0,"mu":0,"quality":"OUT_OF_RANGE","raw":0,"sigma":3,"state":"IDLE","t":"2026-07-16T10:48:46.2753027Z","type":"sample"}
{"channel":"rr","display":14.851485148514852,"mu":0,"quality":"OK","raw":1823.8,"sigma":1.5,"state":"IDLE","t":"2026-07-16T10:48:46.2935432Z","type":"sample"}
{"channel":"rr","display":14.851485148514852,"mu":0,"quality":"OK","raw":1824.9,"sigma":1.5,"state":"IDLE","t":"2026-07-16T10:48:46.3349241Z","type":"sample"}
{"channel":"gsr","display":3244.2,"mu":0,"quality":"OK","raw":3244.2,"sigma":10,"state":"IDLE","t":"2026-07-16T10:48:46.3693463Z","type":"sample"}
{"channel":"rr","display":14.851485148514852,"mu":0,"quality":"OK","raw":1825.4,"sigma":1.5,"state":"IDLE","t":"2026-07-16T10:48:46.3744135Z","type":"sample"}
{"channel":"rr","display":14.851485148514852,"mu":0,"quality":"OK","raw":1825.7,"sigma":1.5,"state":"IDLE","t":"2026-07-16T10:48:46.4146462Z","type":"sample"}
{"channel":"rr","display":14.851485148514852,"mu":0,"quality":"OK","raw":1825.4,"sigma":1.5,"state":"IDLE","t":"2026-07-16T10:48:46.4527669Z","type":"sample"}
{"channel":"gsr","display":3218.7,"mu":0,"quality":"OK","raw":3218.7,"sigma":10,"state":"IDLE","t":"2026-07-16T10:48:46.4698191Z","type":"sample"}
{"channel":"rr","display":14.851485148514852,"mu":0,"quality":"OK","raw":1824.9,"sigma":1.5,"state":"IDLE","t":"2026-07-16T10:48:46.4947372Z","type":"sample"}
{"address":"/cue/p/start","args":null,"channel":"system","dir":"out","t":"2026-07-16T10:48:46.5095868Z","type":"osc"}
{"channel":"rr","display":14.851485148514852,"mu":0,"quality":"OK","raw":1824.2,"sigma":1.5,"state":"IDLE","t":"2026-07-16T10:48:46.5350282Z","type":"sample"}
{"channel":"gsr","display":3193.8,"mu":0,"quality":"OK","raw":3193.8,"sigma":10,"state":"IDLE","t":"2026-07-16T10:48:46.5693742Z","type":"sample"}
{"channel":"rr","display":14.851485148514852,"mu":0,"quality":"OK","raw":1825.3,"sigma":1.5,"state":"IDLE","t":"2026-07-16T10:48:46.5747838Z","type":"sample"}
{"channel":"rr","display":14.851485148514852,"mu":0,"quality":"OK","raw":1823.9,"sigma":1.5,"state":"IDLE","t":"2026-07-16T10:48:46.6147337Z","type":"sample"}
{"channel":"rr","display":14.851485148514852,"mu":0,"quality":"OK","raw":1825.6,"sigma":1.5,"state":"IDLE","t":"2026-07-16T10:48:46.6547406Z","type":"sample"}
{"channel":"gsr","display":3178.2,"mu":0,"quality":"OK","raw":3178.2,"sigma":10,"state":"IDLE","t":"2026-07-16T10:48:46.6700894Z","type":"sample"}
{"channel":"rr","display":14.851485148514852,"mu":0,"quality":"OK","raw":1825.9,"sigma":1.5,"state":"IDLE","t":"2026-07-16T10:48:46.6947125Z","type":"sample"}
{"channel":"rr","display":14.851485148514852,"mu":0,"quality":"OK","raw":1824.4,"sigma":1.5,"state":"IDLE","t":"2026-07-16T10:48:46.7347286Z","type":"sample"}
{"address":"/cue/r19/start","args":null,"channel":"system","dir":"out","t":"2026-07-16T10:48:46.7643211Z","type":"osc"}
{"channel":"gsr","display":3157,"mu":0,"quality":"OK","raw":3157,"sigma":10,"state":"IDLE","t":"2026-07-16T10:48:46.7700157Z","type":"sample"}
{"channel":"rr","display":14.851485148514852,"mu":0,"quality":"OK","raw":1824.4,"sigma":1.5,"state":"IDLE","t":"2026-07-16T10:48:46.7748331Z","type":"sample"}
{"channel":"hr","display":0,"mu":0,"quality":"OUT_OF_RANGE","raw":0,"sigma":3,"state":"IDLE","t":"2026-07-16T10:48:46.7756464Z","type":"sample"}
{"channel":"rr","display":14.851485148514852,"mu":0,"quality":"OK","raw":1825.2,"sigma":1.5,"state":"IDLE","t":"2026-07-16T10:48:46.809Z","type":"sample"}
{"channel":"rr","display":14.851485148514852,"mu":0,"quality":"OK","raw":1825.5,"sigma":1.5,"state":"IDLE","t":"2026-07-16T10:48:46.853339Z","type":"sample"}
{"channel":"gsr","display":3141,"mu":0,"quality":"OK","raw":3141,"sigma":10,"state":"IDLE","t":"2026-07-16T10:48:46.8697643Z","type":"sample"}
{"channel":"rr","display":14.851485148514852,"mu":0,"quality":"OK","raw":1826.9,"sigma":1.5,"state":"IDLE","t":"2026-07-16T10:48:46.8947346Z","type":"sample"}
{"channel":"rr","display":14.851485148514852,"mu":0,"quality":"OK","raw":1824.5,"sigma":1.5,"state":"IDLE","t":"2026-07-16T10:48:46.9347825Z","type":"sample"}
{"channel":"gsr","display":3126.2,"mu":0,"quality":"OK","raw":3126.2,"sigma":10,"state":"IDLE","t":"2026-07-16T10:48:46.969465Z","type":"sample"}
{"channel":"rr","display":14.851485148514852,"mu":0,"quality":"OK","raw":1825.6,"sigma":1.5,"state":"IDLE","t":"2026-07-16T10:48:46.97468Z","type":"sample"}
{"channel":"rr","display":14.851485148514852,"mu":0,"quality":"OK","raw":1824.8,"sigma":1.5,"state":"IDLE","t":"2026-07-16T10:48:47.014732Z","type":"sample"}
{"channel":"rr","display":14.851485148514852,"mu":0,"quality":"OK","raw":1825.8,"sigma":1.5,"state":"IDLE","t":"2026-07-16T10:48:47.0547036Z","type":"sample"}
{"channel":"gsr","display":3114.2,"mu":0,"quality":"OK","raw":3114.2,"sigma":10,"state":"IDLE","t":"2026-07-16T10:48:47.0699894Z","type":"sample"}
{"channel":"rr","display":14.851485148514852,"mu":0,"quality":"OK","raw":1825.5,"sigma":1.5,"state":"IDLE","t":"2026-07-16T10:48:47.0945273Z","type":"sample"}
{"channel":"rr","display":14.851485148514852,"mu":0,"quality":"OK","raw":1825.4,"sigma":1.5,"state":"IDLE","t":"2026-07-16T10:48:47.1299338Z","type":"sample"}
{"address":"/cue/g1/start","args":null,"channel":"system","dir":"out","t":"2026-07-16T10:48:47.1664899Z","type":"osc"}
{"channel":"gsr","display":3103,"mu":0,"quality":"OK","raw":3103,"sigma":10,"state":"IDLE","t":"2026-07-16T10:48:47.1696106Z","type":"sample"}
{"channel":"rr","display":14.851485148514852,"mu":0,"quality":"OK","raw":1825.4,"sigma":1.5,"state":"IDLE","t":"2026-07-16T10:48:47.1746489Z","type":"sample"}
{"channel":"rr","display":14.851485148514852,"mu":0,"quality":"OK","raw":1826.6,"sigma":1.5,"state":"IDLE","t":"2026-07-16T10:48:47.2148119Z","type":"sample"}
{"channel":"rr","display":14.851485148514852,"mu":0,"quality":"OK","raw":1824.4,"sigma":1.5,"state":"IDLE","t":"2026-07-16T10:48:47.2548025Z","type":"sample"}
{"channel":"gsr","display":3094.2,"mu":0,"quality":"OK","raw":3094.2,"sigma":10,"state":"IDLE","t":"2026-07-16T10:48:47.2697201Z","type":"sample"}
{"channel":"hr","display":0,"mu":0,"quality":"OUT_OF_RANGE","raw":0,"sigma":3,"state":"IDLE","t":"2026-07-16T10:48:47.2753481Z","type":"sample"}
{"channel":"rr","display":14.851485148514852,"mu":0,"quality":"OK","raw":1825.6,"sigma":1.5,"state":"IDLE","t":"2026-07-16T10:48:47.2949172Z","type":"sample"}
{"channel":"rr","display":14.851485148514852,"mu":0,"quality":"OK","raw":1824.6,"sigma":1.5,"state":"IDLE","t":"2026-07-16T10:48:47.3303744Z","type":"sample"}
{"channel":"gsr","display":3085.1,"mu":0,"quality":"OK","raw":3085.1,"sigma":10,"state":"IDLE","t":"2026-07-16T10:48:47.3699036Z","type":"sample"}
{"channel":"rr","display":14.851485148514852,"mu":0,"quality":"OK","raw":1824.6,"sigma":1.5,"state":"IDLE","t":"2026-07-16T10:48:47.374294Z","type":"sample"}
{"channel":"rr","display":14.851485148514852,"mu":0,"quality":"OK","raw":1823.6,"sigma":1.5,"state":"IDLE","t":"2026-07-16T10:48:47.4145929Z","type":"sample"}
{"channel":"rr","display":14.851485148514852,"mu":0,"quality":"OK","raw":1825.9,"sigma":1.5,"state":"IDLE","t":"2026-07-16T10:48:47.4546139Z","type":"sample"}
{"channel":"gsr","display":3076.2,"mu":0,"quality":"OK","raw":3076.2,"sigma":10,"state":"IDLE","t":"2026-07-16T10:48:47.4700109Z","type":"sample"}
{"channel":"rr","display":14.851485148514852,"mu":0,"quality":"OK","raw":1825.1,"sigma":1.5,"state":"IDLE","t":"2026-07-16T10:48:47.494742Z","type":"sample"}
{"address":"/cue/p/start","args":null,"channel":"system","dir":"out","t":"2026-07-16T10:48:47.5093981Z","type":"osc"}
{"channel":"rr","display":14.851485148514852,"mu":0,"quality":"OK","raw":1824.3,"sigma":1.5,"state":"IDLE","t":"2026-07-16T10:48:47.5347279Z","type":"sample"}
{"channel":"gsr","display":3068.1,"mu":0,"quality":"OK","raw":3068.1,"sigma":10,"state":"IDLE","t":"2026-07-16T10:48:47.5696325Z","type":"sample"}
{"channel":"rr","display":14.851485148514852,"mu":0,"quality":"OK","raw":1826.4,"sigma":1.5,"state":"IDLE","t":"2026-07-16T10:48:47.5744103Z","type":"sample"}
{"channel":"rr","display":14.851485148514852,"mu":0,"quality":"OK","raw":1825.1,"sigma":1.5,"state":"IDLE","t":"2026-07-16T10:48:47.6146935Z","type":"sample"}
{"channel":"rr","display":14.851485148514852,"mu":0,"quality":"OK","raw":1825.5,"sigma":1.5,"state":"IDLE","t":"2026-07-16T10:48:47.6547437Z","type":"sample"}
{"channel":"gsr","display":3057.6,"mu":0,"quality":"OK","raw":3057.6,"sigma":10,"state":"IDLE","t":"2026-07-16T10:48:47.669335Z","type":"sample"}
{"channel":"rr","display":14.851485148514852,"mu":0,"quality":"OK","raw":1824.5,"sigma":1.5,"state":"IDLE","t":"2026-07-16T10:48:47.6935459Z","type":"sample"}
{"channel":"rr","display":14.851485148514852,"mu":0,"quality":"OK","raw":1823.4,"sigma":1.5,"state":"IDLE","t":"2026-07-16T10:48:47.7346717Z","type":"sample"}
{"address":"/cue/r19/start","args":null,"channel":"system","dir":"out","t":"2026-07-16T10:48:47.769795Z","type":"osc"}
{"channel":"gsr","display":3046.9,"mu":0,"quality":"OK","raw":3046.9,"sigma":10,"state":"IDLE","t":"2026-07-16T10:48:47.769795Z","type":"sample"}
{"channel":"rr","display":14.851485148514852,"mu":0,"quality":"OK","raw":1825.6,"sigma":1.5,"state":"IDLE","t":"2026-07-16T10:48:47.774712Z","type":"sample"}
{"channel":"hr","display":0,"mu":0,"quality":"OUT_OF_RANGE","raw":0,"sigma":3,"state":"IDLE","t":"2026-07-16T10:48:47.778016Z","type":"sample"}
{"channel":"rr","display":14.851485148514852,"mu":0,"quality":"OK","raw":1824.9,"sigma":1.5,"state":"IDLE","t":"2026-07-16T10:48:47.8147183Z","type":"sample"}
{"channel":"rr","display":14.851485148514852,"mu":0,"quality":"OK","raw":1822.7,"sigma":1.5,"state":"IDLE","t":"2026-07-16T10:48:47.8520534Z","type":"sample"}
{"channel":"gsr","display":3036.3,"mu":0,"quality":"OK","raw":3036.3,"sigma":10,"state":"IDLE","t":"2026-07-16T10:48:47.8699961Z","type":"sample"}
{"channel":"rr","display":14.851485148514852,"mu":0,"quality":"OK","raw":1823.9,"sigma":1.5,"state":"IDLE","t":"2026-07-16T10:48:47.8946332Z","type":"sample"}
{"channel":"rr","display":14.851485148514852,"mu":0,"quality":"OK","raw":1825.9,"sigma":1.5,"state":"IDLE","t":"2026-07-16T10:48:47.9329049Z","type":"sample"}
{"channel":"gsr","display":3022.5,"mu":0,"quality":"OK","raw":3022.5,"sigma":10,"state":"IDLE","t":"2026-07-16T10:48:47.9699683Z","type":"sample"}
{"channel":"rr","display":14.851485148514852,"mu":0,"quality":"OK","raw":1824.2,"sigma":1.5,"state":"IDLE","t":"2026-07-16T10:48:47.9746606Z","type":"sample"}
{"channel":"rr","display":14.851485148514852,"mu":0,"quality":"OK","raw":1824.3,"sigma":1.5,"state":"IDLE","t":"2026-07-16T10:48:48.0139563Z","type":"sample"}
{"channel":"rr","display":14.851485148514852,"mu":0,"quality":"OK","raw":1825.1,"sigma":1.5,"state":"IDLE","t":"2026-07-16T10:48:48.0547861Z","type":"sample"}
{"channel":"gsr","display":3009.6,"mu":0,"quality":"OK","raw":3009.6,"sigma":10,"state":"IDLE","t":"2026-07-16T10:48:48.07Z","type":"sample"}
{"channel":"rr","display":14.851485148514852,"mu":0,"quality":"OK","raw":1827.3,"sigma":1.5,"state":"IDLE","t":"2026-07-16T10:48:48.0947289Z","type":"sample"}
{"channel":"rr","display":14.851485148514852,"mu":0,"quality":"OK","raw":1823.6,"sigma":1.5,"state":"IDLE","t":"2026-07-16T10:48:48.1346936Z","type":"sample"}
{"channel":"gsr","display":2993.5,"mu":0,"quality":"OK","raw":2993.5,"sigma":10,"state":"IDLE","t":"2026-07-16T10:48:48.1699233Z","type":"sample"}
{"channel":"rr","display":14.851485148514852,"mu":0,"quality":"OK","raw":1824.3,"sigma":1.5,"state":"IDLE","t":"2026-07-16T10:48:48.1748213Z","type":"sample"}
{"address":"/cue/g1/start","args":null,"channel":"system","dir":"out","t":"2026-07-16T10:48:48.1828901Z","type":"osc"}
{"channel":"rr","display":14.851485148514852,"mu":0,"quality":"OK","raw":1824.6,"sigma":1.5,"state":"IDLE","t":"2026-07-16T10:48:48.2146517Z","type":"sample"}
{"channel":"rr","display":14.851485148514852,"mu":0,"quality":"OK","raw":1823.1,"sigma":1.5,"state":"IDLE","t":"2026-07-16T10:48:48.2546107Z","type":"sample"}
{"channel":"gsr","display":2988.9,"mu":0,"quality":"OK","raw":2988.9,"sigma":10,"state":"IDLE","t":"2026-07-16T10:48:48.2698661Z","type":"sample"}
{"channel":"hr","display":0,"mu":0,"quality":"OUT_OF_RANGE","raw":0,"sigma":3,"state":"IDLE","t":"2026-07-16T10:48:48.2753554Z","type":"sample"}
{"channel":"rr","display":14.851485148514852,"mu":0,"quality":"OK","raw":1825.6,"sigma":1.5,"state":"IDLE","t":"2026-07-16T10:48:48.2947684Z","type":"sample"}
{"channel":"rr","display":14.851485148514852,"mu":0,"quality":"OK","raw":1824.5,"sigma":1.5,"state":"IDLE","t":"2026-07-16T10:48:48.3346776Z","type":"sample"}
{"channel":"gsr","display":2975.9,"mu":0,"quality":"OK","raw":2975.9,"sigma":10,"state":"IDLE","t":"2026-07-16T10:48:48.3695108Z","type":"sample"}
{"channel":"rr","display":14.851485148514852,"mu":0,"quality":"OK","raw":1824.9,"sigma":1.5,"state":"IDLE","t":"2026-07-16T10:48:48.3745286Z","type":"sample"}
{"channel":"rr","display":14.851485148514852,"mu":0,"quality":"OK","raw":1824.1,"sigma":1.5,"state":"IDLE","t":"2026-07-16T10:48:48.4146954Z","type":"sample"}
{"channel":"rr","display":14.851485148514852,"mu":0,"quality":"OK","raw":1825.5,"sigma":1.5,"state":"IDLE","t":"2026-07-16T10:48:48.4539106Z","type":"sample"}
{"channel":"gsr","display":2969.8,"mu":0,"quality":"OK","raw":2969.8,"sigma":10,"state":"IDLE","t":"2026-07-16T10:48:48.4698512Z","type":"sample"}
{"channel":"rr","display":14.851485148514852,"mu":0,"quality":"OK","raw":1824.1,"sigma":1.5,"state":"IDLE","t":"2026-07-16T10:48:48.492992Z","type":"sample"}
{"address":"/cue/p/start","args":null,"channel":"system","dir":"out","t":"2026-07-16T10:48:48.5090806Z","type":"osc"}
{"channel":"rr","display":14.851485148514852,"mu":0,"quality":"OK","raw":1823.1,"sigma":1.5,"state":"IDLE","t":"2026-07-16T10:48:48.5346016Z","type":"sample"}
{"channel":"gsr","display":2959.8,"mu":0,"quality":"OK","raw":2959.8,"sigma":10,"state":"IDLE","t":"2026-07-16T10:48:48.570007Z","type":"sample"}
{"channel":"rr","display":14.851485148514852,"mu":0,"quality":"OK","raw":1824.4,"sigma":1.5,"state":"IDLE","t":"2026-07-16T10:48:48.5748139Z","type":"sample"}
{"channel":"rr","display":14.851485148514852,"mu":0,"quality":"OK","raw":1824.6,"sigma":1.5,"state":"IDLE","t":"2026-07-16T10:48:48.6147692Z","type":"sample"}
{"channel":"rr","display":14.851485148514852,"mu":0,"quality":"OK","raw":1824.8,"sigma":1.5,"state":"IDLE","t":"2026-07-16T10:48:48.6549641Z","type":"sample"}
{"channel":"gsr","display":2949.4,"mu":0,"quality":"OK","raw":2949.4,"sigma":10,"state":"IDLE","t":"2026-07-16T10:48:48.6699124Z","type":"sample"}
{"channel":"rr","display":14.851485148514852,"mu":0,"quality":"OK","raw":1824.4,"sigma":1.5,"state":"IDLE","t":"2026-07-16T10:48:48.6946685Z","type":"sample"}
{"channel":"rr","display":14.851485148514852,"mu":0,"quality":"OK","raw":1824.9,"sigma":1.5,"state":"IDLE","t":"2026-07-16T10:48:48.7345893Z","type":"sample"}
{"channel":"gsr","display":2941.5,"mu":0,"quality":"OK","raw":2941.5,"sigma":10,"state":"IDLE","t":"2026-07-16T10:48:48.7694727Z","type":"sample"}
{"channel":"rr","display":14.851485148514852,"mu":0,"quality":"OK","raw":1823.2,"sigma":1.5,"state":"IDLE","t":"2026-07-16T10:48:48.7745483Z","type":"sample"}
{"channel":"hr","display":0,"mu":0,"quality":"OUT_OF_RANGE","raw":0,"sigma":3,"state":"IDLE","t":"2026-07-16T10:48:48.7755892Z","type":"sample"}
{"address":"/cue/r19/start","args":null,"channel":"system","dir":"out","t":"2026-07-16T10:48:48.7876528Z","type":"osc"}
{"channel":"rr","display":14.851485148514852,"mu":0,"quality":"OK","raw":1824.2,"sigma":1.5,"state":"IDLE","t":"2026-07-16T10:48:48.8146909Z","type":"sample"}
{"channel":"rr","display":14.851485148514852,"mu":0,"quality":"OK","raw":1823.9,"sigma":1.5,"state":"IDLE","t":"2026-07-16T10:48:48.8529543Z","type":"sample"}
{"channel":"gsr","display":2938.1,"mu":0,"quality":"OK","raw":2938.1,"sigma":10,"state":"IDLE","t":"2026-07-16T10:48:48.8689942Z","type":"sample"}
{"channel":"rr","display":14.851485148514852,"mu":0,"quality":"OK","raw":1824.9,"sigma":1.5,"state":"IDLE","t":"2026-07-16T10:48:48.8947673Z","type":"sample"}
{"channel":"rr","display":14.851485148514852,"mu":0,"quality":"OK","raw":1824.2,"sigma":1.5,"state":"IDLE","t":"2026-07-16T10:48:48.9348892Z","type":"sample"}
{"channel":"gsr","display":2935.1,"mu":0,"quality":"OK","raw":2935.1,"sigma":10,"state":"IDLE","t":"2026-07-16T10:48:48.9701574Z","type":"sample"}
{"channel":"rr","display":14.851485148514852,"mu":0,"quality":"OK","raw":1827.1,"sigma":1.5,"state":"IDLE","t":"2026-07-16T10:48:48.9748157Z","type":"sample"}
{"channel":"rr","display":14.851485148514852,"mu":0,"quality":"OK","raw":1825.3,"sigma":1.5,"state":"IDLE","t":"2026-07-16T10:48:49.0147242Z","type":"sample"}
{"channel":"rr","display":14.851485148514852,"mu":0,"quality":"OK","raw":1825.8,"sigma":1.5,"state":"IDLE","t":"2026-07-16T10:48:49.0547509Z","type":"sample"}
{"channel":"gsr","display":2933.9,"mu":0,"quality":"OK","raw":2933.9,"sigma":10,"state":"IDLE","t":"2026-07-16T10:48:49.0699962Z","type":"sample"}
{"channel":"rr","display":14.851485148514852,"mu":0,"quality":"OK","raw":1824.4,"sigma":1.5,"state":"IDLE","t":"2026-07-16T10:48:49.0930638Z","type":"sample"}
{"channel":"rr","display":14.851485148514852,"mu":0,"quality":"OK","raw":1824.7,"sigma":1.5,"state":"IDLE","t":"2026-07-16T10:48:49.1294058Z","type":"sample"}
{"channel":"gsr","display":2930.4,"mu":0,"quality":"OK","raw":2930.4,"sigma":10,"state":"IDLE","t":"2026-07-16T10:48:49.1697544Z","type":"sample"}
{"channel":"rr","display":14.851485148514852,"mu":0,"quality":"OK","raw":1825.1,"sigma":1.5,"state":"IDLE","t":"2026-07-16T10:48:49.1751497Z","type":"sample"}
{"address":"/cue/g1/start","args":null,"channel":"system","dir":"out","t":"2026-07-16T10:48:49.190089Z","type":"osc"}
{"channel":"rr","display":14.851485148514852,"mu":0,"quality":"OK","raw":1824.2,"sigma":1.5,"state":"IDLE","t":"2026-07-16T10:48:49.2146544Z","type":"sample"}
{"channel":"rr","display":14.851485148514852,"mu":0,"quality":"OK","raw":1823.2,"sigma":1.5,"state":"IDLE","t":"2026-07-16T10:48:49.2547639Z","type":"sample"}
{"channel":"gsr","display":2924.3,"mu":0,"quality":"OK","raw":2924.3,"sigma":10,"state":"IDLE","t":"2026-07-16T10:48:49.269859Z","type":"sample"}
{"channel":"hr","display":0,"mu":0,"quality":"OUT_OF_RANGE","raw":0,"sigma":3,"state":"IDLE","t":"2026-07-16T10:48:49.2752771Z","type":"sample"}
{"channel":"rr","display":14.851485148514852,"mu":0,"quality":"OK","raw":1825.4,"sigma":1.5,"state":"IDLE","t":"2026-07-16T10:48:49.2945832Z","type":"sample"}
{"channel":"rr","display":14.851485148514852,"mu":0,"quality":"OK","raw":1824.1,"sigma":1.5,"state":"IDLE","t":"2026-07-16T10:48:49.3296395Z","type":"sample"}
{"channel":"gsr","display":2927.5,"mu":0,"quality":"OK","raw":2927.5,"sigma":10,"state":"IDLE","t":"2026-07-16T10:48:49.3694492Z","type":"sample"}
{"channel":"rr","display":14.851485148514852,"mu":0,"quality":"OK","raw":1824.1,"sigma":1.5,"state":"IDLE","t":"2026-07-16T10:48:49.3743486Z","type":"sample"}
{"channel":"rr","display":14.851485148514852,"mu":0,"quality":"OK","raw":1825.9,"sigma":1.5,"state":"IDLE","t":"2026-07-16T10:48:49.4143782Z","type":"sample"}
{"channel":"rr","display":14.851485148514852,"mu":0,"quality":"OK","raw":1824.8,"sigma":1.5,"state":"IDLE","t":"2026-07-16T10:48:49.455052Z","type":"sample"}
{"channel":"gsr","display":2928.3,"mu":0,"quality":"OK","raw":2928.3,"sigma":10,"state":"IDLE","t":"2026-07-16T10:48:49.4700272Z","type":"sample"}
{"channel":"rr","display":14.851485148514852,"mu":0,"quality":"OK","raw":1825.3,"sigma":1.5,"state":"IDLE","t":"2026-07-16T10:48:49.4944099Z","type":"sample"}
{"address":"/cue/p/start","args":null,"channel":"system","dir":"out","t":"2026-07-16T10:48:49.5090585Z","type":"osc"}
{"channel":"rr","event":"quality_change","quality":"OUT_OF_RANGE","t":"2026-07-16T10:48:49.5345617Z","type":"event"}
{"channel":"rr","display":14.851485148514852,"mu":0,"quality":"OUT_OF_RANGE","raw":1823.7,"sigma":1.5,"state":"IDLE","t":"2026-07-16T10:48:49.5345617Z","type":"sample"}
{"channel":"gsr","display":2932.4,"mu":0,"quality":"OK","raw":2932.4,"sigma":10,"state":"IDLE","t":"2026-07-16T10:48:49.5696984Z","type":"sample"}
{"channel":"rr","display":14.851485148514852,"mu":0,"quality":"OUT_OF_RANGE","raw":1824.6,"sigma":1.5,"state":"IDLE","t":"2026-07-16T10:48:49.5746908Z","type":"sample"}
{"channel":"rr","display":14.851485148514852,"mu":0,"quality":"OUT_OF_RANGE","raw":1825.6,"sigma":1.5,"state":"IDLE","t":"2026-07-16T10:48:49.6147413Z","type":"sample"}
{"channel":"rr","display":14.851485148514852,"mu":0,"quality":"OUT_OF_RANGE","raw":1823.9,"sigma":1.5,"state":"IDLE","t":"2026-07-16T10:48:49.6544726Z","type":"sample"}
{"channel":"gsr","display":2940.7,"mu":0,"quality":"OK","raw":2940.7,"sigma":10,"state":"IDLE","t":"2026-07-16T10:48:49.6700181Z","type":"sample"}
{"channel":"rr","display":14.851485148514852,"mu":0,"quality":"OUT_OF_RANGE","raw":1825.6,"sigma":1.5,"state":"IDLE","t":"2026-07-16T10:48:49.6928983Z","type":"sample"}
{"channel":"rr","display":14.851485148514852,"mu":0,"quality":"OUT_OF_RANGE","raw":1826.3,"sigma":1.5,"state":"IDLE","t":"2026-07-16T10:48:49.7291629Z","type":"sample"}
{"channel":"gsr","display":2946.9,"mu":0,"quality":"OK","raw":2946.9,"sigma":10,"state":"IDLE","t":"2026-07-16T10:48:49.7701758Z","type":"sample"}
{"channel":"rr","display":14.851485148514852,"mu":0,"quality":"OUT_OF_RANGE","raw":1826.7,"sigma":1.5,"state":"IDLE","t":"2026-07-16T10:48:49.7740159Z","type":"sample"}
{"channel":"hr","display":0,"mu":0,"quality":"OUT_OF_RANGE","raw":0,"sigma":3,"state":"IDLE","t":"2026-07-16T10:48:49.775277Z","type":"sample"}
{"channel":"rr","display":14.851485148514852,"mu":0,"quality":"OUT_OF_RANGE","raw":1824.4,"sigma":1.5,"state":"IDLE","t":"2026-07-16T10:48:49.8148108Z","type":"sample"}
{"channel":"rr","display":14.851485148514852,"mu":0,"quality":"OUT_OF_RANGE","raw":1823.4,"sigma":1.5,"state":"IDLE","t":"2026-07-16T10:48:49.8533553Z","type":"sample"}
{"channel":"gsr","display":2947,"mu":0,"quality":"OK","raw":2947,"sigma":10,"state":"IDLE","t":"2026-07-16T10:48:49.8693141Z","type":"sample"}
{"channel":"rr","display":14.851485148514852,"mu":0,"quality":"OUT_OF_RANGE","raw":1825.1,"sigma":1.5,"state":"IDLE","t":"2026-07-16T10:48:49.8947548Z","type":"sample"}
{"channel":"rr","display":14.851485148514852,"mu":0,"quality":"OUT_OF_RANGE","raw":1825.2,"sigma":1.5,"state":"IDLE","t":"2026-07-16T10:48:49.929324Z","type":"sample"}
{"channel":"gsr","display":2946.6,"mu":0,"quality":"OK","raw":2946.6,"sigma":10,"state":"IDLE","t":"2026-07-16T10:48:49.9691971Z","type":"sample"}
{"channel":"rr","display":14.851485148514852,"mu":0,"quality":"OUT_OF_RANGE","raw":1825,"sigma":1.5,"state":"IDLE","t":"2026-07-16T10:48:49.97463Z","type":"sample"}
{"channel":"rr","display":14.851485148514852,"mu":0,"quality":"OUT_OF_RANGE","raw":1825.6,"sigma":1.5,"state":"IDLE","t":"2026-07-16T10:48:50.0147941Z","type":"sample"}
{"channel":"rr","display":14.851485148514852,"mu":0,"quality":"OUT_OF_RANGE","raw":1825.2,"sigma":1.5,"state":"IDLE","t":"2026-07-16T10:48:50.0546502Z","type":"sample"}
{"channel":"gsr","display":2953.4,"mu":0,"quality":"OK","raw":2953.4,"sigma":10,"state":"IDLE","t":"2026-07-16T10:48:50.070029Z","type":"sample"}
{"channel":"rr","display":14.851485148514852,"mu":0,"quality":"OUT_OF_RANGE","raw":1825.6,"sigma":1.5,"state":"IDLE","t":"2026-07-16T10:48:50.0937991Z","type":"sample"}
{"channel":"rr","display":14.851485148514852,"mu":0,"quality":"OUT_OF_RANGE","raw":1824.9,"sigma":1.5,"state":"IDLE","t":"2026-07-16T10:48:50.134722Z","type":"sample"}
{"channel":"gsr","display":2957.7,"mu":0,"quality":"OK","raw":2957.7,"sigma":10,"state":"IDLE","t":"2026-07-16T10:48:50.1696907Z","type":"sample"}
{"channel":"rr","display":14.851485148514852,"mu":0,"quality":"OUT_OF_RANGE","raw":1825.1,"sigma":1.5,"state":"IDLE","t":"2026-07-16T10:48:50.1748689Z","type":"sample"}
{"address":"/cue/g1/start","args":null,"channel":"system","dir":"out","t":"2026-07-16T10:48:50.1963628Z","type":"osc"}
{"channel":"rr","display":14.851485148514852,"mu":0,"quality":"OUT_OF_RANGE","raw":1826.2,"sigma":1.5,"state":"IDLE","t":"2026-07-16T10:48:50.2147838Z","type":"sample"}
{"channel":"rr","display":14.851485148514852,"mu":0,"quality":"OUT_OF_RANGE","raw":1825.6,"sigma":1.5,"state":"IDLE","t":"2026-07-16T10:48:50.2547814Z","type":"sample"}
{"channel":"gsr","display":2970.9,"mu":0,"quality":"OK","raw":2970.9,"sigma":10,"state":"IDLE","t":"2026-07-16T10:48:50.2689478Z","type":"sample"}
{"channel":"hr","display":0,"mu":0,"quality":"OUT_OF_RANGE","raw":0,"sigma":3,"state":"IDLE","t":"2026-07-16T10:48:50.2756296Z","type":"sample"}
{"channel":"rr","display":14.851485148514852,"mu":0,"quality":"OUT_OF_RANGE","raw":1824.8,"sigma":1.5,"state":"IDLE","t":"2026-07-16T10:48:50.2946398Z","type":"sample"}
{"channel":"rr","display":14.851485148514852,"mu":0,"quality":"OUT_OF_RANGE","raw":1826.3,"sigma":1.5,"state":"IDLE","t":"2026-07-16T10:48:50.3345298Z","type":"sample"}
{"channel":"gsr","display":2984.7,"mu":0,"quality":"OK","raw":2984.7,"sigma":10,"state":"IDLE","t":"2026-07-16T10:48:50.3702645Z","type":"sample"}
{"channel":"rr","display":14.851485148514852,"mu":0,"quality":"OUT_OF_RANGE","raw":1826.7,"sigma":1.5,"state":"IDLE","t":"2026-07-16T10:48:50.374352Z","type":"sample"}
{"channel":"rr","display":14.851485148514852,"mu":0,"quality":"OUT_OF_RANGE","raw":1828,"sigma":1.5,"state":"IDLE","t":"2026-07-16T10:48:50.4095888Z","type":"sample"}
{"channel":"rr","display":14.851485148514852,"mu":0,"quality":"OUT_OF_RANGE","raw":1826.2,"sigma":1.5,"state":"IDLE","t":"2026-07-16T10:48:50.4521728Z","type":"sample"}
{"channel":"gsr","display":2991.3,"mu":0,"quality":"OK","raw":2991.3,"sigma":10,"state":"IDLE","t":"2026-07-16T10:48:50.4700601Z","type":"sample"}
{"channel":"rr","display":14.851485148514852,"mu":0,"quality":"OUT_OF_RANGE","raw":1826.2,"sigma":1.5,"state":"IDLE","t":"2026-07-16T10:48:50.4929733Z","type":"sample"}
{"address":"/cue/p/start","args":null,"channel":"system","dir":"out","t":"2026-07-16T10:48:50.5094553Z","type":"osc"}
{"channel":"rr","display":14.851485148514852,"mu":0,"quality":"OUT_OF_RANGE","raw":1825.1,"sigma":1.5,"state":"IDLE","t":"2026-07-16T10:48:50.5319101Z","type":"sample"}
{"channel":"gsr","display":2997.1,"mu":0,"quality":"OK","raw":2997.1,"sigma":10,"state":"IDLE","t":"2026-07-16T10:48:50.5699376Z","type":"sample"}
{"channel":"rr","display":14.851485148514852,"mu":0,"quality":"OUT_OF_RANGE","raw":1826.9,"sigma":1.5,"state":"IDLE","t":"2026-07-16T10:48:50.57449Z","type":"sample"}
{"channel":"rr","display":14.851485148514852,"mu":0,"quality":"OUT_OF_RANGE","raw":1825.9,"sigma":1.5,"state":"IDLE","t":"2026-07-16T10:48:50.6134313Z","type":"sample"}
{"channel":"rr","display":14.851485148514852,"mu":0,"quality":"OUT_OF_RANGE","raw":1828.4,"sigma":1.5,"state":"IDLE","t":"2026-07-16T10:48:50.654638Z","type":"sample"}
{"channel":"gsr","display":3000.9,"mu":0,"quality":"OK","raw":3000.9,"sigma":10,"state":"IDLE","t":"2026-07-16T10:48:50.6692281Z","type":"sample"}
{"channel":"rr","display":14.851485148514852,"mu":0,"quality":"OUT_OF_RANGE","raw":1825.9,"sigma":1.5,"state":"IDLE","t":"2026-07-16T10:48:50.6946489Z","type":"sample"}
{"channel":"rr","display":14.851485148514852,"mu":0,"quality":"OUT_OF_RANGE","raw":1826.8,"sigma":1.5,"state":"IDLE","t":"2026-07-16T10:48:50.7334116Z","type":"sample"}
{"channel":"gsr","display":3002.1,"mu":0,"quality":"OK","raw":3002.1,"sigma":10,"state":"IDLE","t":"2026-07-16T10:48:50.7699351Z","type":"sample"}
{"channel":"rr","display":14.851485148514852,"mu":0,"quality":"OUT_OF_RANGE","raw":1827.4,"sigma":1.5,"state":"IDLE","t":"2026-07-16T10:48:50.7746717Z","type":"sample"}
{"channel":"hr","display":0,"mu":0,"quality":"OUT_OF_RANGE","raw":0,"sigma":3,"state":"IDLE","t":"2026-07-16T10:48:50.7752074Z","type":"sample"}
{"channel":"rr","display":14.851485148514852,"mu":0,"quality":"OUT_OF_RANGE","raw":1826.7,"sigma":1.5,"state":"IDLE","t":"2026-07-16T10:48:50.8125482Z","type":"sample"}
{"channel":"rr","display":14.851485148514852,"mu":0,"quality":"OUT_OF_RANGE","raw":1825.1,"sigma":1.5,"state":"IDLE","t":"2026-07-16T10:48:50.8542871Z","type":"sample"}
{"channel":"gsr","display":3008.4,"mu":0,"quality":"OK","raw":3008.4,"sigma":10,"state":"IDLE","t":"2026-07-16T10:48:50.869762Z","type":"sample"}
{"channel":"rr","display":14.851485148514852,"mu":0,"quality":"OUT_OF_RANGE","raw":1827.5,"sigma":1.5,"state":"IDLE","t":"2026-07-16T10:48:50.8929003Z","type":"sample"}
{"channel":"rr","display":14.851485148514852,"mu":0,"quality":"OUT_OF_RANGE","raw":1826.1,"sigma":1.5,"state":"IDLE","t":"2026-07-16T10:48:50.9294387Z","type":"sample"}
{"channel":"gsr","display":3014.4,"mu":0,"quality":"OK","raw":3014.4,"sigma":10,"state":"IDLE","t":"2026-07-16T10:48:50.9698386Z","type":"sample"}
{"channel":"rr","display":14.851485148514852,"mu":0,"quality":"OUT_OF_RANGE","raw":1825.1,"sigma":1.5,"state":"IDLE","t":"2026-07-16T10:48:50.9745425Z","type":"sample"}
{"channel":"rr","display":14.851485148514852,"mu":0,"quality":"OUT_OF_RANGE","raw":1825.7,"sigma":1.5,"state":"IDLE","t":"2026-07-16T10:48:51.0094884Z","type":"sample"}
{"channel":"rr","display":14.851485148514852,"mu":0,"quality":"OUT_OF_RANGE","raw":1826.7,"sigma":1.5,"state":"IDLE","t":"2026-07-16T10:48:51.0546959Z","type":"sample"}
{"channel":"gsr","display":3021.5,"mu":0,"quality":"OK","raw":3021.5,"sigma":10,"state":"IDLE","t":"2026-07-16T10:48:51.0692847Z","type":"sample"}
{"channel":"rr","display":14.851485148514852,"mu":0,"quality":"OUT_OF_RANGE","raw":1826.6,"sigma":1.5,"state":"IDLE","t":"2026-07-16T10:48:51.0946056Z","type":"sample"}
{"channel":"rr","display":14.851485148514852,"mu":0,"quality":"OUT_OF_RANGE","raw":1826.3,"sigma":1.5,"state":"IDLE","t":"2026-07-16T10:48:51.1334706Z","type":"sample"}
{"channel":"gsr","display":3031.6,"mu":0,"quality":"OK","raw":3031.6,"sigma":10,"state":"IDLE","t":"2026-07-16T10:48:51.1702069Z","type":"sample"}
{"channel":"rr","display":14.851485148514852,"mu":0,"quality":"OUT_OF_RANGE","raw":1827.2,"sigma":1.5,"state":"IDLE","t":"2026-07-16T10:48:51.1748539Z","type":"sample"}
{"address":"/cue/g1/start","args":null,"channel":"system","dir":"out","t":"2026-07-16T10:48:51.2045224Z","type":"osc"}
{"channel":"rr","display":14.851485148514852,"mu":0,"quality":"OUT_OF_RANGE","raw":1827,"sigma":1.5,"state":"IDLE","t":"2026-07-16T10:48:51.2146838Z","type":"sample"}
{"channel":"rr","display":14.851485148514852,"mu":0,"quality":"OUT_OF_RANGE","raw":1826.9,"sigma":1.5,"state":"IDLE","t":"2026-07-16T10:48:51.2529981Z","type":"sample"}
{"channel":"gsr","display":3037.4,"mu":0,"quality":"OK","raw":3037.4,"sigma":10,"state":"IDLE","t":"2026-07-16T10:48:51.2700039Z","type":"sample"}
{"channel":"hr","display":0,"mu":0,"quality":"OUT_OF_RANGE","raw":0,"sigma":3,"state":"IDLE","t":"2026-07-16T10:48:51.2757353Z","type":"sample"}
{"channel":"rr","display":14.851485148514852,"mu":0,"quality":"OUT_OF_RANGE","raw":1825.9,"sigma":1.5,"state":"IDLE","t":"2026-07-16T10:48:51.2930565Z","type":"sample"}
{"channel":"rr","display":14.851485148514852,"mu":0,"quality":"OUT_OF_RANGE","raw":1825.9,"sigma":1.5,"state":"IDLE","t":"2026-07-16T10:48:51.3330098Z","type":"sample"}
{"channel":"gsr","display":3038.3,"mu":0,"quality":"OK","raw":3038.3,"sigma":10,"state":"IDLE","t":"2026-07-16T10:48:51.3701137Z","type":"sample"}
{"channel":"rr","display":14.851485148514852,"mu":0,"quality":"OUT_OF_RANGE","raw":1825.9,"sigma":1.5,"state":"IDLE","t":"2026-07-16T10:48:51.3747302Z","type":"sample"}
{"channel":"rr","display":14.851485148514852,"mu":0,"quality":"OUT_OF_RANGE","raw":1827.9,"sigma":1.5,"state":"IDLE","t":"2026-07-16T10:48:51.4145776Z","type":"sample"}
{"channel":"rr","display":14.851485148514852,"mu":0,"quality":"OUT_OF_RANGE","raw":1826.4,"sigma":1.5,"state":"IDLE","t":"2026-07-16T10:48:51.4546928Z","type":"sample"}
{"channel":"gsr","display":3041.6,"mu":0,"quality":"OK","raw":3041.6,"sigma":10,"state":"IDLE","t":"2026-07-16T10:48:51.4700713Z","type":"sample"}
{"channel":"rr","display":14.851485148514852,"mu":0,"quality":"OUT_OF_RANGE","raw":1825.8,"sigma":1.5,"state":"IDLE","t":"2026-07-16T10:48:51.4948569Z","type":"sample"}
{"address":"/cue/p/start","args":null,"channel":"system","dir":"out","t":"2026-07-16T10:48:51.5091942Z","type":"osc"}
{"channel":"rr","display":14.851485148514852,"mu":0,"quality":"OUT_OF_RANGE","raw":1825.6,"sigma":1.5,"state":"IDLE","t":"2026-07-16T10:48:51.5347734Z","type":"sample"}
{"channel":"gsr","display":3035.5,"mu":0,"quality":"OK","raw":3035.5,"sigma":10,"state":"IDLE","t":"2026-07-16T10:48:51.5698816Z","type":"sample"}
{"channel":"rr","display":14.851485148514852,"mu":0,"quality":"OUT_OF_RANGE","raw":1826.1,"sigma":1.5,"state":"IDLE","t":"2026-07-16T10:48:51.5745371Z","type":"sample"}
{"channel":"rr","display":14.851485148514852,"mu":0,"quality":"OUT_OF_RANGE","raw":1827.5,"sigma":1.5,"state":"IDLE","t":"2026-07-16T10:48:51.6145722Z","type":"sample"}
{"channel":"rr","display":14.851485148514852,"mu":0,"quality":"OUT_OF_RANGE","raw":1826.6,"sigma":1.5,"state":"IDLE","t":"2026-07-16T10:48:51.6533486Z","type":"sample"}
{"channel":"gsr","display":3043.2,"mu":0,"quality":"OK","raw":3043.2,"sigma":10,"state":"IDLE","t":"2026-07-16T10:48:51.6698835Z","type":"sample"}
{"channel":"rr","display":14.851485148514852,"mu":0,"quality":"OUT_OF_RANGE","raw":1825,"sigma":1.5,"state":"IDLE","t":"2026-07-16T10:48:51.692423Z","type":"sample"}
{"channel":"rr","display":14.851485148514852,"mu":0,"quality":"OUT_OF_RANGE","raw":1825.1,"sigma":1.5,"state":"IDLE","t":"2026-07-16T10:48:51.7347851Z","type":"sample"}
{"channel":"gsr","display":3045,"mu":0,"quality":"OK","raw":3045,"sigma":10,"state":"IDLE","t":"2026-07-16T10:48:51.7698271Z","type":"sample"}
{"channel":"rr","display":14.851485148514852,"mu":0,"quality":"OUT_OF_RANGE","raw":1827.3,"sigma":1.5,"state":"IDLE","t":"2026-07-16T10:48:51.7747309Z","type":"sample"}
{"channel":"hr","display":0,"mu":0,"quality":"OUT_OF_RANGE","raw":0,"sigma":3,"state":"IDLE","t":"2026-07-16T10:48:51.7752538Z","type":"sample"}
{"channel":"rr","display":14.851485148514852,"mu":0,"quality":"OUT_OF_RANGE","raw":1826.1,"sigma":1.5,"state":"IDLE","t":"2026-07-16T10:48:51.8146804Z","type":"sample"}
{"channel":"rr","display":14.851485148514852,"mu":0,"quality":"OUT_OF_RANGE","raw":1825.8,"sigma":1.5,"state":"IDLE","t":"2026-07-16T10:48:51.8546539Z","type":"sample"}
{"channel":"gsr","display":3043.7,"mu":0,"quality":"OK","raw":3043.7,"sigma":10,"state":"IDLE","t":"2026-07-16T10:48:51.8688806Z","type":"sample"}
{"channel":"rr","display":14.851485148514852,"mu":0,"quality":"OUT_OF_RANGE","raw":1825.2,"sigma":1.5,"state":"IDLE","t":"2026-07-16T10:48:51.8924628Z","type":"sample"}
{"channel":"rr","display":14.851485148514852,"mu":0,"quality":"OUT_OF_RANGE","raw":1824.8,"sigma":1.5,"state":"IDLE","t":"2026-07-16T10:48:51.9347996Z","type":"sample"}
{"channel":"gsr","display":3041.1,"mu":0,"quality":"OK","raw":3041.1,"sigma":10,"state":"IDLE","t":"2026-07-16T10:48:51.9696129Z","type":"sample"}
{"channel":"rr","display":14.851485148514852,"mu":0,"quality":"OUT_OF_RANGE","raw":1825.8,"sigma":1.5,"state":"IDLE","t":"2026-07-16T10:48:51.9740057Z","type":"sample"}
{"channel":"rr","display":14.851485148514852,"mu":0,"quality":"OUT_OF_RANGE","raw":1826.2,"sigma":1.5,"state":"IDLE","t":"2026-07-16T10:48:52.0147852Z","type":"sample"}
{"channel":"rr","display":14.851485148514852,"mu":0,"quality":"OUT_OF_RANGE","raw":1825.3,"sigma":1.5,"state":"IDLE","t":"2026-07-16T10:48:52.0534826Z","type":"sample"}
{"channel":"gsr","display":3043.2,"mu":0,"quality":"OK","raw":3043.2,"sigma":10,"state":"IDLE","t":"2026-07-16T10:48:52.0693587Z","type":"sample"}
{"channel":"rr","display":14.851485148514852,"mu":0,"quality":"OUT_OF_RANGE","raw":1825.4,"sigma":1.5,"state":"IDLE","t":"2026-07-16T10:48:52.094805Z","type":"sample"}
{"channel":"rr","display":14.851485148514852,"mu":0,"quality":"OUT_OF_RANGE","raw":1825.5,"sigma":1.5,"state":"IDLE","t":"2026-07-16T10:48:52.134783Z","type":"sample"}
{"addr":":5000","channel":"system","event":"listener_start","t":"2026-07-16T11:06:41.1223292Z","type":"event"}
{"addr":":8765","channel":"system","event":"osc_listening","t":"2026-07-16T11:06:41.1827279Z","type":"event"}
{"channel":"system","event":"connected","remote":"192.168.50.139:54240","t":"2026-07-16T11:06:41.3367297Z","type":"event"}
{"channel":"gsr","event":"quality_change","quality":"OUT_OF_RANGE","t":"2026-07-16T11:06:41.3472118Z","type":"event"}
{"channel":"gsr","display":0,"mu":0,"quality":"OUT_OF_RANGE","raw":4095,"sigma":10,"state":"IDLE","t":"2026-07-16T11:06:41.3472118Z","type":"sample"}
{"channel":"hr","event":"quality_change","quality":"OUT_OF_RANGE","t":"2026-07-16T11:06:41.3472118Z","type":"event"}
{"channel":"hr","display":0,"mu":0,"quality":"OUT_OF_RANGE","raw":0,"sigma":3,"state":"IDLE","t":"2026-07-16T11:06:41.3472118Z","type":"sample"}
{"channel":"rr","event":"quality_change","quality":"STUCK","t":"2026-07-16T11:06:41.3508343Z","type":"event"}
{"channel":"rr","display":0,"mu":0,"quality":"STUCK","raw":280.3,"sigma":1.5,"state":"IDLE","t":"2026-07-16T11:06:41.3516207Z","type":"sample"}
{"channel":"rr","display":0,"mu":0,"quality":"STUCK","raw":280.9,"sigma":1.5,"state":"IDLE","t":"2026-07-16T11:06:41.3882632Z","type":"sample"}
{"channel":"rr","display":0,"mu":0,"quality":"STUCK","raw":280.5,"sigma":1.5,"state":"IDLE","t":"2026-07-16T11:06:41.4305393Z","type":"sample"}
{"channel":"gsr","display":0,"mu":0,"quality":"OUT_OF_RANGE","raw":4095,"sigma":10,"state":"IDLE","t":"2026-07-16T11:06:41.4446641Z","type":"sample"}
{"channel":"rr","display":0,"mu":0,"quality":"STUCK","raw":280.1,"sigma":1.5,"state":"IDLE","t":"2026-07-16T11:06:41.4667689Z","type":"sample"}
{"channel":"rr","display":0,"mu":0,"quality":"STUCK","raw":280.8,"sigma":1.5,"state":"IDLE","t":"2026-07-16T11:06:41.5065115Z","type":"sample"}
{"channel":"gsr","display":0,"mu":0,"quality":"OUT_OF_RANGE","raw":4095,"sigma":10,"state":"IDLE","t":"2026-07-16T11:06:41.5452537Z","type":"sample"}
{"channel":"rr","display":0,"mu":0,"quality":"STUCK","raw":280.2,"sigma":1.5,"state":"IDLE","t":"2026-07-16T11:06:41.5507507Z","type":"sample"}
{"channel":"rr","display":0,"mu":0,"quality":"STUCK","raw":279.9,"sigma":1.5,"state":"IDLE","t":"2026-07-16T11:06:41.5919538Z","type":"sample"}
{"channel":"rr","display":0,"mu":0,"quality":"STUCK","raw":281.1,"sigma":1.5,"state":"IDLE","t":"2026-07-16T11:06:41.626875Z","type":"sample"}
{"channel":"gsr","display":0,"mu":0,"quality":"OUT_OF_RANGE","raw":4095,"sigma":10,"state":"IDLE","t":"2026-07-16T11:06:41.645049Z","type":"sample"}
{"channel":"rr","display":0,"mu":0,"quality":"STUCK","raw":280.2,"sigma":1.5,"state":"IDLE","t":"2026-07-16T11:06:41.6715582Z","type":"sample"}
{"channel":"rr","display":0,"mu":0,"quality":"STUCK","raw":281.4,"sigma":1.5,"state":"IDLE","t":"2026-07-16T11:06:41.7084796Z","type":"sample"}
{"channel":"gsr","display":0,"mu":0,"quality":"OUT_OF_RANGE","raw":4095,"sigma":10,"state":"IDLE","t":"2026-07-16T11:06:41.744966Z","type":"sample"}
{"channel":"rr","display":0,"mu":0,"quality":"STUCK","raw":280.5,"sigma":1.5,"state":"IDLE","t":"2026-07-16T11:06:41.7504861Z","type":"sample"}
{"channel":"rr","display":0,"mu":0,"quality":"STUCK","raw":280.9,"sigma":1.5,"state":"IDLE","t":"2026-07-16T11:06:41.7900852Z","type":"sample"}
{"channel":"rr","display":0,"mu":0,"quality":"STUCK","raw":280.5,"sigma":1.5,"state":"IDLE","t":"2026-07-16T11:06:41.8292244Z","type":"sample"}
{"channel":"gsr","display":0,"mu":0,"quality":"OUT_OF_RANGE","raw":4095,"sigma":10,"state":"IDLE","t":"2026-07-16T11:06:41.8454175Z","type":"sample"}
{"channel":"hr","display":0,"mu":0,"quality":"OUT_OF_RANGE","raw":0,"sigma":3,"state":"IDLE","t":"2026-07-16T11:06:41.8465863Z","type":"sample"}
{"channel":"rr","display":0,"mu":0,"quality":"STUCK","raw":280.8,"sigma":1.5,"state":"IDLE","t":"2026-07-16T11:06:41.8710399Z","type":"sample"}
{"channel":"rr","display":0,"mu":0,"quality":"STUCK","raw":279.4,"sigma":1.5,"state":"IDLE","t":"2026-07-16T11:06:41.9075331Z","type":"sample"}
{"channel":"gsr","display":0,"mu":0,"quality":"OUT_OF_RANGE","raw":4095,"sigma":10,"state":"IDLE","t":"2026-07-16T11:06:41.945055Z","type":"sample"}
{"channel":"rr","display":0,"mu":0,"quality":"STUCK","raw":279.8,"sigma":1.5,"state":"IDLE","t":"2026-07-16T11:06:41.9503072Z","type":"sample"}
{"channel":"rr","display":0,"mu":0,"quality":"STUCK","raw":280.8,"sigma":1.5,"state":"IDLE","t":"2026-07-16T11:06:41.9880971Z","type":"sample"}
{"channel":"rr","display":0,"mu":0,"quality":"STUCK","raw":280.9,"sigma":1.5,"state":"IDLE","t":"2026-07-16T11:06:42.0271642Z","type":"sample"}
{"channel":"gsr","display":0,"mu":0,"quality":"OUT_OF_RANGE","raw":4095,"sigma":10,"state":"IDLE","t":"2026-07-16T11:06:42.0448821Z","type":"sample"}
{"channel":"rr","display":0,"mu":0,"quality":"STUCK","raw":280.6,"sigma":1.5,"state":"IDLE","t":"2026-07-16T11:06:42.0711401Z","type":"sample"}
{"channel":"rr","display":0,"mu":0,"quality":"STUCK","raw":279.4,"sigma":1.5,"state":"IDLE","t":"2026-07-16T11:06:42.1059296Z","type":"sample"}
{"channel":"gsr","display":0,"mu":0,"quality":"OUT_OF_RANGE","raw":4095,"sigma":10,"state":"IDLE","t":"2026-07-16T11:06:42.1447501Z","type":"sample"}
{"channel":"rr","display":0,"mu":0,"quality":"STUCK","raw":280.1,"sigma":1.5,"state":"IDLE","t":"2026-07-16T11:06:42.150634Z","type":"sample"}
{"channel":"rr","display":0,"mu":0,"quality":"STUCK","raw":279.6,"sigma":1.5,"state":"IDLE","t":"2026-07-16T11:06:42.1911663Z","type":"sample"}
{"address":"/cue/p/start","args":null,"channel":"system","dir":"out","t":"2026-07-16T11:06:42.1958511Z","type":"osc"}
{"channel":"rr","display":0,"mu":0,"quality":"STUCK","raw":281.2,"sigma":1.5,"state":"IDLE","t":"2026-07-16T11:06:42.2306749Z","type":"sample"}
{"channel":"gsr","display":0,"mu":0,"quality":"OUT_OF_RANGE","raw":4095,"sigma":10,"state":"IDLE","t":"2026-07-16T11:06:42.2448345Z","type":"sample"}
{"channel":"rr","display":0,"mu":0,"quality":"STUCK","raw":280.4,"sigma":1.5,"state":"IDLE","t":"2026-07-16T11:06:42.2681405Z","type":"sample"}
{"channel":"rr","display":0,"mu":0,"quality":"STUCK","raw":279.9,"sigma":1.5,"state":"IDLE","t":"2026-07-16T11:06:42.305853Z","type":"sample"}
{"channel":"gsr","display":0,"mu":0,"quality":"OUT_OF_RANGE","raw":4095,"sigma":10,"state":"IDLE","t":"2026-07-16T11:06:42.3446411Z","type":"sample"}
{"channel":"hr","display":0,"mu":0,"quality":"OUT_OF_RANGE","raw":0,"sigma":3,"state":"IDLE","t":"2026-07-16T11:06:42.3456536Z","type":"sample"}
{"channel":"rr","display":0,"mu":0,"quality":"STUCK","raw":280.8,"sigma":1.5,"state":"IDLE","t":"2026-07-16T11:06:42.3503979Z","type":"sample"}
{"channel":"rr","display":0,"mu":0,"quality":"STUCK","raw":280.4,"sigma":1.5,"state":"IDLE","t":"2026-07-16T11:06:42.3890356Z","type":"sample"}
{"channel":"rr","display":0,"mu":0,"quality":"STUCK","raw":280.8,"sigma":1.5,"state":"IDLE","t":"2026-07-16T11:06:42.4309796Z","type":"sample"}
{"channel":"gsr","display":0,"mu":0,"quality":"OUT_OF_RANGE","raw":4095,"sigma":10,"state":"IDLE","t":"2026-07-16T11:06:42.4448258Z","type":"sample"}
{"channel":"rr","display":0,"mu":0,"quality":"STUCK","raw":280.6,"sigma":1.5,"state":"IDLE","t":"2026-07-16T11:06:42.4672778Z","type":"sample"}
{"channel":"rr","display":0,"mu":0,"quality":"STUCK","raw":280.9,"sigma":1.5,"state":"IDLE","t":"2026-07-16T11:06:42.5090231Z","type":"sample"}
{"channel":"gsr","display":0,"mu":0,"quality":"OUT_OF_RANGE","raw":4095,"sigma":10,"state":"IDLE","t":"2026-07-16T11:06:42.5447508Z","type":"sample"}
{"channel":"rr","display":0,"mu":0,"quality":"STUCK","raw":280,"sigma":1.5,"state":"IDLE","t":"2026-07-16T11:06:42.5502762Z","type":"sample"}
{"channel":"rr","display":0,"mu":0,"quality":"STUCK","raw":280.1,"sigma":1.5,"state":"IDLE","t":"2026-07-16T11:06:42.5905294Z","type":"sample"}
{"channel":"rr","display":0,"mu":0,"quality":"STUCK","raw":279.8,"sigma":1.5,"state":"IDLE","t":"2026-07-16T11:06:42.6305976Z","type":"sample"}
{"channel":"gsr","display":0,"mu":0,"quality":"OUT_OF_RANGE","raw":4095,"sigma":10,"state":"IDLE","t":"2026-07-16T11:06:42.6445935Z","type":"sample"}
{"channel":"rr","display":0,"mu":0,"quality":"STUCK","raw":280.3,"sigma":1.5,"state":"IDLE","t":"2026-07-16T11:06:42.6665481Z","type":"sample"}
{"channel":"rr","display":0,"mu":0,"quality":"STUCK","raw":281,"sigma":1.5,"state":"IDLE","t":"2026-07-16T11:06:42.7109123Z","type":"sample"}
{"channel":"gsr","display":0,"mu":0,"quality":"OUT_OF_RANGE","raw":4095,"sigma":10,"state":"IDLE","t":"2026-07-16T11:06:42.7449535Z","type":"sample"}
{"channel":"rr","display":0,"mu":0,"quality":"STUCK","raw":280.8,"sigma":1.5,"state":"IDLE","t":"2026-07-16T11:06:42.7504926Z","type":"sample"}
{"channel":"rr","display":0,"mu":0,"quality":"STUCK","raw":279.2,"sigma":1.5,"state":"IDLE","t":"2026-07-16T11:06:42.7890201Z","type":"sample"}
{"channel":"rr","display":0,"mu":0,"quality":"STUCK","raw":280.3,"sigma":1.5,"state":"IDLE","t":"2026-07-16T11:06:42.8300916Z","type":"sample"}
{"channel":"gsr","display":0,"mu":0,"quality":"OUT_OF_RANGE","raw":4095,"sigma":10,"state":"IDLE","t":"2026-07-16T11:06:42.8448564Z","type":"sample"}
{"channel":"hr","display":0,"mu":0,"quality":"OUT_OF_RANGE","raw":0,"sigma":3,"state":"IDLE","t":"2026-07-16T11:06:42.8455679Z","type":"sample"}
{"channel":"rr","display":0,"mu":0,"quality":"STUCK","raw":281.2,"sigma":1.5,"state":"IDLE","t":"2026-07-16T11:06:42.8700223Z","type":"sample"}
{"channel":"rr","display":0,"mu":0,"quality":"STUCK","raw":279.7,"sigma":1.5,"state":"IDLE","t":"2026-07-16T11:06:42.905621Z","type":"sample"}
{"channel":"gsr","display":0,"mu":0,"quality":"OUT_OF_RANGE","raw":4095,"sigma":10,"state":"IDLE","t":"2026-07-16T11:06:42.9449515Z","type":"sample"}
{"channel":"rr","display":0,"mu":0,"quality":"STUCK","raw":280.1,"sigma":1.5,"state":"IDLE","t":"2026-07-16T11:06:42.9508255Z","type":"sample"}
{"channel":"rr","display":0,"mu":0,"quality":"STUCK","raw":279.7,"sigma":1.5,"state":"IDLE","t":"2026-07-16T11:06:42.9893358Z","type":"sample"}
{"channel":"rr","display":0,"mu":0,"quality":"STUCK","raw":280.6,"sigma":1.5,"state":"IDLE","t":"2026-07-16T11:06:43.0279232Z","type":"sample"}
{"channel":"gsr","display":0,"mu":0,"quality":"OUT_OF_RANGE","raw":4095,"sigma":10,"state":"IDLE","t":"2026-07-16T11:06:43.0446071Z","type":"sample"}
{"channel":"rr","display":0,"mu":0,"quality":"STUCK","raw":279.9,"sigma":1.5,"state":"IDLE","t":"2026-07-16T11:06:43.0709183Z","type":"sample"}
{"channel":"rr","display":0,"mu":0,"quality":"STUCK","raw":280.2,"sigma":1.5,"state":"IDLE","t":"2026-07-16T11:06:43.1109635Z","type":"sample"}
{"channel":"gsr","display":0,"mu":0,"quality":"OUT_OF_RANGE","raw":4095,"sigma":10,"state":"IDLE","t":"2026-07-16T11:06:43.1445973Z","type":"sample"}
{"channel":"rr","display":0,"mu":0,"quality":"STUCK","raw":279.7,"sigma":1.5,"state":"IDLE","t":"2026-07-16T11:06:43.150661Z","type":"sample"}
{"address":"/cue/p/start","args":null,"channel":"system","dir":"out","t":"2026-07-16T11:06:43.1839648Z","type":"osc"}
{"channel":"rr","display":0,"mu":0,"quality":"STUCK","raw":280.2,"sigma":1.5,"state":"IDLE","t":"2026-07-16T11:06:43.1900408Z","type":"sample"}
{"channel":"rr","display":0,"mu":0,"quality":"STUCK","raw":280.9,"sigma":1.5,"state":"IDLE","t":"2026-07-16T11:06:43.2290334Z","type":"sample"}
{"channel":"gsr","display":0,"mu":0,"quality":"OUT_OF_RANGE","raw":4095,"sigma":10,"state":"IDLE","t":"2026-07-16T11:06:43.2446219Z","type":"sample"}
{"channel":"rr","display":0,"mu":0,"quality":"STUCK","raw":279.2,"sigma":1.5,"state":"IDLE","t":"2026-07-16T11:06:43.2668164Z","type":"sample"}
{"channel":"rr","display":0,"mu":0,"quality":"STUCK","raw":280.9,"sigma":1.5,"state":"IDLE","t":"2026-07-16T11:06:43.3105187Z","type":"sample"}
{"channel":"gsr","display":0,"mu":0,"quality":"OUT_OF_RANGE","raw":4095,"sigma":10,"state":"IDLE","t":"2026-07-16T11:06:43.3445671Z","type":"sample"}
{"channel":"hr","display":0,"mu":0,"quality":"OUT_OF_RANGE","raw":0,"sigma":3,"state":"IDLE","t":"2026-07-16T11:06:43.3455823Z","type":"sample"}
{"channel":"rr","display":0,"mu":0,"quality":"STUCK","raw":280.8,"sigma":1.5,"state":"IDLE","t":"2026-07-16T11:06:43.350217Z","type":"sample"}
{"channel":"rr","display":0,"mu":0,"quality":"STUCK","raw":280.6,"sigma":1.5,"state":"IDLE","t":"2026-07-16T11:06:43.3900811Z","type":"sample"}
{"channel":"rr","display":0,"mu":0,"quality":"STUCK","raw":280.4,"sigma":1.5,"state":"IDLE","t":"2026-07-16T11:06:43.4265877Z","type":"sample"}
{"channel":"gsr","display":0,"mu":0,"quality":"OUT_OF_RANGE","raw":4095,"sigma":10,"state":"IDLE","t":"2026-07-16T11:06:43.4446307Z","type":"sample"}
{"channel":"rr","display":0,"mu":0,"quality":"STUCK","raw":280.5,"sigma":1.5,"state":"IDLE","t":"2026-07-16T11:06:43.4706943Z","type":"sample"}
{"channel":"rr","display":0,"mu":0,"quality":"STUCK","raw":280.6,"sigma":1.5,"state":"IDLE","t":"2026-07-16T11:06:43.5109031Z","type":"sample"}
{"channel":"gsr","display":0,"mu":0,"quality":"OUT_OF_RANGE","raw":4095,"sigma":10,"state":"IDLE","t":"2026-07-16T11:06:43.5449745Z","type":"sample"}
{"channel":"rr","display":0,"mu":0,"quality":"STUCK","raw":280.4,"sigma":1.5,"state":"IDLE","t":"2026-07-16T11:06:43.5503541Z","type":"sample"}
{"channel":"rr","display":0,"mu":0,"quality":"STUCK","raw":279.5,"sigma":1.5,"state":"IDLE","t":"2026-07-16T11:06:43.590761Z","type":"sample"}
{"channel":"rr","display":0,"mu":0,"quality":"STUCK","raw":279.8,"sigma":1.5,"state":"IDLE","t":"2026-07-16T11:06:43.6296296Z","type":"sample"}
{"channel":"gsr","display":0,"mu":0,"quality":"OUT_OF_RANGE","raw":4095,"sigma":10,"state":"IDLE","t":"2026-07-16T11:06:43.6447195Z","type":"sample"}
{"channel":"rr","display":0,"mu":0,"quality":"STUCK","raw":279.9,"sigma":1.5,"state":"IDLE","t":"2026-07-16T11:06:43.6704414Z","type":"sample"}
{"channel":"rr","event":"quality_change","quality":"OK","t":"2026-07-16T11:06:43.7062822Z","type":"event"}
{"channel":"rr","display":0,"mu":0,"quality":"OK","raw":280.7,"sigma":1.5,"state":"IDLE","t":"2026-07-16T11:06:43.7108699Z","type":"sample"}
{"channel":"gsr","display":0,"mu":0,"quality":"OUT_OF_RANGE","raw":4095,"sigma":10,"state":"IDLE","t":"2026-07-16T11:06:43.7449357Z","type":"sample"}
{"channel":"rr","display":0,"mu":0,"quality":"OK","raw":280.5,"sigma":1.5,"state":"IDLE","t":"2026-07-16T11:06:43.7501526Z","type":"sample"}
{"channel":"rr","display":0,"mu":0,"quality":"OK","raw":280.3,"sigma":1.5,"state":"IDLE","t":"2026-07-16T11:06:43.7872304Z","type":"sample"}
{"address":"/cue/r1/start","args":null,"channel":"system","dir":"out","t":"2026-07-16T11:06:43.793849Z","type":"osc"}
{"channel":"rr","display":0,"mu":0,"quality":"OK","raw":280.1,"sigma":1.5,"state":"IDLE","t":"2026-07-16T11:06:43.8273433Z","type":"sample"}
{"channel":"gsr","display":0,"mu":0,"quality":"OUT_OF_RANGE","raw":4095,"sigma":10,"state":"IDLE","t":"2026-07-16T11:06:43.8445881Z","type":"sample"}
{"channel":"hr","display":0,"mu":0,"quality":"OUT_OF_RANGE","raw":0,"sigma":3,"state":"IDLE","t":"2026-07-16T11:06:43.8456318Z","type":"sample"}
{"channel":"rr","display":0,"mu":0,"quality":"OK","raw":279.6,"sigma":1.5,"state":"IDLE","t":"2026-07-16T11:06:43.8692865Z","type":"sample"}
{"channel":"rr","display":0,"mu":0,"quality":"OK","raw":280.1,"sigma":1.5,"state":"IDLE","t":"2026-07-16T11:06:43.9109029Z","type":"sample"}
{"channel":"gsr","display":0,"mu":0,"quality":"OUT_OF_RANGE","raw":4095,"sigma":10,"state":"IDLE","t":"2026-07-16T11:06:43.9449666Z","type":"sample"}
{"channel":"rr","display":0,"mu":0,"quality":"OK","raw":279.8,"sigma":1.5,"state":"IDLE","t":"2026-07-16T11:06:43.9510653Z","type":"sample"}
{"channel":"rr","display":0,"mu":0,"quality":"OK","raw":281.7,"sigma":1.5,"state":"IDLE","t":"2026-07-16T11:06:43.9859949Z","type":"sample"}
{"channel":"rr","display":0,"mu":0,"quality":"OK","raw":280.5,"sigma":1.5,"state":"IDLE","t":"2026-07-16T11:06:44.030622Z","type":"sample"}
{"channel":"gsr","display":0,"mu":0,"quality":"OUT_OF_RANGE","raw":4095,"sigma":10,"state":"IDLE","t":"2026-07-16T11:06:44.0448926Z","type":"sample"}
{"channel":"rr","display":0,"mu":0,"quality":"OK","raw":280.3,"sigma":1.5,"state":"IDLE","t":"2026-07-16T11:06:44.0665134Z","type":"sample"}
{"channel":"rr","display":0,"mu":0,"quality":"OK","raw":280.6,"sigma":1.5,"state":"IDLE","t":"2026-07-16T11:06:44.1091075Z","type":"sample"}
{"channel":"gsr","display":0,"mu":0,"quality":"OUT_OF_RANGE","raw":4095,"sigma":10,"state":"IDLE","t":"2026-07-16T11:06:44.1448974Z","type":"sample"}
{"channel":"rr","display":0,"mu":0,"quality":"OK","raw":280.7,"sigma":1.5,"state":"IDLE","t":"2026-07-16T11:06:44.1500604Z","type":"sample"}
{"address":"/cue/p/start","args":null,"channel":"system","dir":"out","t":"2026-07-16T11:06:44.1839741Z","type":"osc"}
{"channel":"rr","display":0,"mu":0,"quality":"OK","raw":280,"sigma":1.5,"state":"IDLE","t":"2026-07-16T11:06:44.188725Z","type":"sample"}
{"channel":"rr","display":0,"mu":0,"quality":"OK","raw":280.8,"sigma":1.5,"state":"IDLE","t":"2026-07-16T11:06:44.2309258Z","type":"sample"}
{"channel":"gsr","display":0,"mu":0,"quality":"OUT_OF_RANGE","raw":4095,"sigma":10,"state":"IDLE","t":"2026-07-16T11:06:44.2449187Z","type":"sample"}
{"channel":"rr","display":0,"mu":0,"quality":"OK","raw":280.8,"sigma":1.5,"state":"IDLE","t":"2026-07-16T11:06:44.2706741Z","type":"sample"}
{"channel":"rr","display":0,"mu":0,"quality":"OK","raw":281.6,"sigma":1.5,"state":"IDLE","t":"2026-07-16T11:06:44.3109119Z","type":"sample"}
{"channel":"gsr","display":0,"mu":0,"quality":"OUT_OF_RANGE","raw":4095,"sigma":10,"state":"IDLE","t":"2026-07-16T11:06:44.3446454Z","type":"sample"}
{"channel":"hr","display":0,"mu":0,"quality":"OUT_OF_RANGE","raw":0,"sigma":3,"state":"IDLE","t":"2026-07-16T11:06:44.3455478Z","type":"sample"}
{"channel":"rr","display":0,"mu":0,"quality":"OK","raw":280.4,"sigma":1.5,"state":"IDLE","t":"2026-07-16T11:06:44.3506348Z","type":"sample"}
{"channel":"rr","display":0,"mu":0,"quality":"OK","raw":280.4,"sigma":1.5,"state":"IDLE","t":"2026-07-16T11:06:44.3908586Z","type":"sample"}
{"channel":"rr","display":0,"mu":0,"quality":"OK","raw":280.6,"sigma":1.5,"state":"IDLE","t":"2026-07-16T11:06:44.4278749Z","type":"sample"}
{"channel":"gsr","display":0,"mu":0,"quality":"OUT_OF_RANGE","raw":4095,"sigma":10,"state":"IDLE","t":"2026-07-16T11:06:44.4449635Z","type":"sample"}
{"channel":"rr","display":0,"mu":0,"quality":"OK","raw":280.5,"sigma":1.5,"state":"IDLE","t":"2026-07-16T11:06:44.4670935Z","type":"sample"}
{"channel":"rr","display":0,"mu":0,"quality":"OK","raw":279.5,"sigma":1.5,"state":"IDLE","t":"2026-07-16T11:06:44.510596Z","type":"sample"}
{"channel":"gsr","display":0,"mu":0,"quality":"OUT_OF_RANGE","raw":4095,"sigma":10,"state":"IDLE","t":"2026-07-16T11:06:44.5446642Z","type":"sample"}
{"channel":"rr","display":0,"mu":0,"quality":"OK","raw":280.2,"sigma":1.5,"state":"IDLE","t":"2026-07-16T11:06:44.550238Z","type":"sample"}
{"channel":"rr","display":0,"mu":0,"quality":"OK","raw":280.2,"sigma":1.5,"state":"IDLE","t":"2026-07-16T11:06:44.5909487Z","type":"sample"}
{"channel":"rr","display":0,"mu":0,"quality":"OK","raw":280.6,"sigma":1.5,"state":"IDLE","t":"2026-07-16T11:06:44.629455Z","type":"sample"}
{"channel":"gsr","display":0,"mu":0,"quality":"OUT_OF_RANGE","raw":4095,"sigma":10,"state":"IDLE","t":"2026-07-16T11:06:44.6446304Z","type":"sample"}
{"channel":"rr","display":0,"mu":0,"quality":"OK","raw":281.4,"sigma":1.5,"state":"IDLE","t":"2026-07-16T11:06:44.6709361Z","type":"sample"}
{"channel":"rr","display":0,"mu":0,"quality":"OK","raw":280.2,"sigma":1.5,"state":"IDLE","t":"2026-07-16T11:06:44.7084567Z","type":"sample"}
{"channel":"gsr","display":0,"mu":0,"quality":"OUT_OF_RANGE","raw":4095,"sigma":10,"state":"IDLE","t":"2026-07-16T11:06:44.7447316Z","type":"sample"}
{"channel":"rr","display":57.69230769230769,"mu":0,"quality":"OK","raw":280.5,"sigma":1.5,"state":"IDLE","t":"2026-07-16T11:06:44.7504368Z","type":"sample"}
{"channel":"rr","display":57.69230769230769,"mu":0,"quality":"OK","raw":279.9,"sigma":1.5,"state":"IDLE","t":"2026-07-16T11:06:44.7892876Z","type":"sample"}
{"address":"/cue/r19/start","args":null,"channel":"system","dir":"out","t":"2026-07-16T11:06:44.7977216Z","type":"osc"}
{"channel":"rr","display":57.69230769230769,"mu":0,"quality":"OK","raw":279.6,"sigma":1.5,"state":"IDLE","t":"2026-07-16T11:06:44.8277738Z","type":"sample"}
{"channel":"gsr","display":0,"mu":0,"quality":"OUT_OF_RANGE","raw":4095,"sigma":10,"state":"IDLE","t":"2026-07-16T11:06:44.8445327Z","type":"sample"}
{"channel":"hr","display":0,"mu":0,"quality":"OUT_OF_RANGE","raw":0,"sigma":3,"state":"IDLE","t":"2026-07-16T11:06:44.8455399Z","type":"sample"}
{"channel":"rr","display":57.69230769230769,"mu":0,"quality":"OK","raw":280.5,"sigma":1.5,"state":"IDLE","t":"2026-07-16T11:06:44.8686966Z","type":"sample"}
{"channel":"rr","display":57.69230769230769,"mu":0,"quality":"OK","raw":280.1,"sigma":1.5,"state":"IDLE","t":"2026-07-16T11:06:44.9056391Z","type":"sample"}
{"channel":"gsr","display":0,"mu":0,"quality":"OUT_OF_RANGE","raw":4095,"sigma":10,"state":"IDLE","t":"2026-07-16T11:06:44.9446412Z","type":"sample"}
{"channel":"rr","display":57.69230769230769,"mu":0,"quality":"OK","raw":280,"sigma":1.5,"state":"IDLE","t":"2026-07-16T11:06:44.9511231Z","type":"sample"}
{"channel":"rr","display":57.69230769230769,"mu":0,"quality":"OK","raw":280.1,"sigma":1.5,"state":"IDLE","t":"2026-07-16T11:06:44.9911348Z","type":"sample"}
{"channel":"rr","display":57.69230769230769,"mu":0,"quality":"OK","raw":280.6,"sigma":1.5,"state":"IDLE","t":"2026-07-16T11:06:45.0290312Z","type":"sample"}
{"channel":"gsr","display":0,"mu":0,"quality":"OUT_OF_RANGE","raw":4095,"sigma":10,"state":"IDLE","t":"2026-07-16T11:06:45.0446845Z","type":"sample"}
{"channel":"rr","display":57.69230769230769,"mu":0,"quality":"OK","raw":279.4,"sigma":1.5,"state":"IDLE","t":"2026-07-16T11:06:45.0709037Z","type":"sample"}
{"channel":"rr","display":57.69230769230769,"mu":0,"quality":"OK","raw":280.8,"sigma":1.5,"state":"IDLE","t":"2026-07-16T11:06:45.1105067Z","type":"sample"}
{"channel":"gsr","display":0,"mu":0,"quality":"OUT_OF_RANGE","raw":4095,"sigma":10,"state":"IDLE","t":"2026-07-16T11:06:45.1449697Z","type":"sample"}
{"channel":"rr","display":57.69230769230769,"mu":0,"quality":"OK","raw":279.8,"sigma":1.5,"state":"IDLE","t":"2026-07-16T11:06:45.1504527Z","type":"sample"}
{"address":"/cue/p/start","args":null,"channel":"system","dir":"out","t":"2026-07-16T11:06:45.1846228Z","type":"osc"}
{"channel":"rr","display":57.69230769230769,"mu":0,"quality":"OK","raw":280.3,"sigma":1.5,"state":"IDLE","t":"2026-07-16T11:06:45.1863909Z","type":"sample"}
{"channel":"rr","display":57.69230769230769,"mu":0,"quality":"OK","raw":280.1,"sigma":1.5,"state":"IDLE","t":"2026-07-16T11:06:45.2309548Z","type":"sample"}
{"channel":"gsr","display":0,"mu":0,"quality":"OUT_OF_RANGE","raw":4095,"sigma":10,"state":"IDLE","t":"2026-07-16T11:06:45.2450021Z","type":"sample"}
{"channel":"rr","display":57.69230769230769,"mu":0,"quality":"OK","raw":280.6,"sigma":1.5,"state":"IDLE","t":"2026-07-16T11:06:45.2663887Z","type":"sample"}
{"channel":"rr","display":57.69230769230769,"mu":0,"quality":"OK","raw":280.2,"sigma":1.5,"state":"IDLE","t":"2026-07-16T11:06:45.308645Z","type":"sample"}
{"channel":"gsr","display":0,"mu":0,"quality":"OUT_OF_RANGE","raw":4095,"sigma":10,"state":"IDLE","t":"2026-07-16T11:06:45.3447342Z","type":"sample"}
{"channel":"hr","display":0,"mu":0,"quality":"OUT_OF_RANGE","raw":0,"sigma":3,"state":"IDLE","t":"2026-07-16T11:06:45.3455956Z","type":"sample"}
{"channel":"rr","display":57.69230769230769,"mu":0,"quality":"OK","raw":280.5,"sigma":1.5,"state":"IDLE","t":"2026-07-16T11:06:45.3505688Z","type":"sample"}
{"channel":"rr","display":57.69230769230769,"mu":0,"quality":"OK","raw":280.1,"sigma":1.5,"state":"IDLE","t":"2026-07-16T11:06:45.3884784Z","type":"sample"}
{"channel":"rr","display":57.69230769230769,"mu":0,"quality":"OK","raw":280.9,"sigma":1.5,"state":"IDLE","t":"2026-07-16T11:06:45.4313252Z","type":"sample"}
{"channel":"gsr","display":0,"mu":0,"quality":"OUT_OF_RANGE","raw":4095,"sigma":10,"state":"IDLE","t":"2026-07-16T11:06:45.4446286Z","type":"sample"}
{"channel":"rr","display":57.69230769230769,"mu":0,"quality":"OK","raw":279.9,"sigma":1.5,"state":"IDLE","t":"2026-07-16T11:06:45.4705955Z","type":"sample"}
{"channel":"rr","display":57.69230769230769,"mu":0,"quality":"OK","raw":281.1,"sigma":1.5,"state":"IDLE","t":"2026-07-16T11:06:45.5056138Z","type":"sample"}
{"channel":"gsr","display":0,"mu":0,"quality":"OUT_OF_RANGE","raw":4095,"sigma":10,"state":"IDLE","t":"2026-07-16T11:06:45.5447386Z","type":"sample"}
{"channel":"rr","display":57.69230769230769,"mu":0,"quality":"OK","raw":280.8,"sigma":1.5,"state":"IDLE","t":"2026-07-16T11:06:45.5511997Z","type":"sample"}
{"channel":"rr","display":57.69230769230769,"mu":0,"quality":"OK","raw":280.8,"sigma":1.5,"state":"IDLE","t":"2026-07-16T11:06:45.5863199Z","type":"sample"}
{"channel":"rr","display":57.69230769230769,"mu":0,"quality":"OK","raw":280.1,"sigma":1.5,"state":"IDLE","t":"2026-07-16T11:06:45.6309373Z","type":"sample"}
{"channel":"gsr","display":0,"mu":0,"quality":"OUT_OF_RANGE","raw":4095,"sigma":10,"state":"IDLE","t":"2026-07-16T11:06:45.6446141Z","type":"sample"}
{"channel":"rr","display":57.69230769230769,"mu":0,"quality":"OK","raw":279.2,"sigma":1.5,"state":"IDLE","t":"2026-07-16T11:06:45.6699243Z","type":"sample"}
{"channel":"rr","display":57.69230769230769,"mu":0,"quality":"OK","raw":280.7,"sigma":1.5,"state":"IDLE","t":"2026-07-16T11:06:45.7065561Z","type":"sample"}
{"channel":"gsr","display":0,"mu":0,"quality":"OUT_OF_RANGE","raw":4095,"sigma":10,"state":"IDLE","t":"2026-07-16T11:06:45.7446242Z","type":"sample"}
{"channel":"rr","display":57.69230769230769,"mu":0,"quality":"OK","raw":280.8,"sigma":1.5,"state":"IDLE","t":"2026-07-16T11:06:45.7504417Z","type":"sample"}
{"channel":"rr","display":57.69230769230769,"mu":0,"quality":"OK","raw":280.6,"sigma":1.5,"state":"IDLE","t":"2026-07-16T11:06:45.7882279Z","type":"sample"}
{"address":"/cue/r19/start","args":null,"channel":"system","dir":"out","t":"2026-07-16T11:06:45.8030743Z","type":"osc"}
{"channel":"rr","display":57.69230769230769,"mu":0,"quality":"OK","raw":279.5,"sigma":1.5,"state":"IDLE","t":"2026-07-16T11:06:45.8308292Z","type":"sample"}
{"channel":"gsr","display":0,"mu":0,"quality":"OUT_OF_RANGE","raw":4095,"sigma":10,"state":"IDLE","t":"2026-07-16T11:06:45.8447845Z","type":"sample"}
{"channel":"hr","display":0,"mu":0,"quality":"OUT_OF_RANGE","raw":0,"sigma":3,"state":"IDLE","t":"2026-07-16T11:06:45.8453124Z","type":"sample"}
{"channel":"rr","display":55.55555555555556,"mu":0,"quality":"OK","raw":280.6,"sigma":1.5,"state":"IDLE","t":"2026-07-16T11:06:45.8710169Z","type":"sample"}
{"channel":"rr","display":55.55555555555556,"mu":0,"quality":"OK","raw":280.1,"sigma":1.5,"state":"IDLE","t":"2026-07-16T11:06:45.910675Z","type":"sample"}
{"channel":"gsr","display":0,"mu":0,"quality":"OUT_OF_RANGE","raw":4095,"sigma":10,"state":"IDLE","t":"2026-07-16T11:06:45.9449151Z","type":"sample"}
{"channel":"rr","display":55.55555555555556,"mu":0,"quality":"OK","raw":280.9,"sigma":1.5,"state":"IDLE","t":"2026-07-16T11:06:45.9500698Z","type":"sample"}
{"channel":"rr","display":55.55555555555556,"mu":0,"quality":"OK","raw":280.2,"sigma":1.5,"state":"IDLE","t":"2026-07-16T11:06:45.9858737Z","type":"sample"}
{"channel":"rr","display":55.55555555555556,"mu":0,"quality":"OK","raw":280.6,"sigma":1.5,"state":"IDLE","t":"2026-07-16T11:06:46.0317857Z","type":"sample"}
{"channel":"gsr","display":0,"mu":0,"quality":"OUT_OF_RANGE","raw":4095,"sigma":10,"state":"IDLE","t":"2026-07-16T11:06:46.0446448Z","type":"sample"}
{"channel":"rr","display":55.55555555555556,"mu":0,"quality":"OK","raw":281,"sigma":1.5,"state":"IDLE","t":"2026-07-16T11:06:46.0708791Z","type":"sample"}
{"channel":"rr","display":55.55555555555556,"mu":0,"quality":"OK","raw":280.9,"sigma":1.5,"state":"IDLE","t":"2026-07-16T11:06:46.1088487Z","type":"sample"}
{"channel":"gsr","display":0,"mu":0,"quality":"OUT_OF_RANGE","raw":4095,"sigma":10,"state":"IDLE","t":"2026-07-16T11:06:46.1449477Z","type":"sample"}
{"channel":"rr","display":55.55555555555556,"mu":0,"quality":"OK","raw":280.8,"sigma":1.5,"state":"IDLE","t":"2026-07-16T11:06:46.1504529Z","type":"sample"}
{"address":"/cue/p/start","args":null,"channel":"system","dir":"out","t":"2026-07-16T11:06:46.1856805Z","type":"osc"}
{"channel":"rr","display":55.55555555555556,"mu":0,"quality":"OK","raw":281,"sigma":1.5,"state":"IDLE","t":"2026-07-16T11:06:46.1902713Z","type":"sample"}
{"channel":"rr","display":55.55555555555556,"mu":0,"quality":"OK","raw":280.3,"sigma":1.5,"state":"IDLE","t":"2026-07-16T11:06:46.2295759Z","type":"sample"}
{"channel":"gsr","display":0,"mu":0,"quality":"OUT_OF_RANGE","raw":4095,"sigma":10,"state":"IDLE","t":"2026-07-16T11:06:46.2446393Z","type":"sample"}
{"channel":"rr","display":55.55555555555556,"mu":0,"quality":"OK","raw":279.6,"sigma":1.5,"state":"IDLE","t":"2026-07-16T11:06:46.2663295Z","type":"sample"}
{"channel":"rr","display":55.55555555555556,"mu":0,"quality":"OK","raw":280.2,"sigma":1.5,"state":"IDLE","t":"2026-07-16T11:06:46.3059976Z","type":"sample"}
{"channel":"gsr","display":0,"mu":0,"quality":"OUT_OF_RANGE","raw":4095,"sigma":10,"state":"IDLE","t":"2026-07-16T11:06:46.3448052Z","type":"sample"}
{"channel":"hr","display":0,"mu":0,"quality":"OUT_OF_RANGE","raw":0,"sigma":3,"state":"IDLE","t":"2026-07-16T11:06:46.3448052Z","type":"sample"}
{"channel":"rr","event":"quality_change","quality":"OUT_OF_RANGE","t":"2026-07-16T11:06:46.3507184Z","type":"event"}
{"channel":"rr","display":55.55555555555556,"mu":0,"quality":"OUT_OF_RANGE","raw":280.1,"sigma":1.5,"state":"IDLE","t":"2026-07-16T11:06:46.3507184Z","type":"sample"}
{"channel":"rr","display":55.55555555555556,"mu":0,"quality":"OUT_OF_RANGE","raw":280.6,"sigma":1.5,"state":"IDLE","t":"2026-07-16T11:06:46.385909Z","type":"sample"}
{"channel":"rr","display":55.55555555555556,"mu":0,"quality":"OUT_OF_RANGE","raw":280.6,"sigma":1.5,"state":"IDLE","t":"2026-07-16T11:06:46.4309542Z","type":"sample"}
{"channel":"gsr","display":0,"mu":0,"quality":"OUT_OF_RANGE","raw":4095,"sigma":10,"state":"IDLE","t":"2026-07-16T11:06:46.4440126Z","type":"sample"}
{"channel":"rr","display":55.55555555555556,"mu":0,"quality":"OUT_OF_RANGE","raw":280.4,"sigma":1.5,"state":"IDLE","t":"2026-07-16T11:06:46.4708718Z","type":"sample"}
{"channel":"rr","display":55.55555555555556,"mu":0,"quality":"OUT_OF_RANGE","raw":280.5,"sigma":1.5,"state":"IDLE","t":"2026-07-16T11:06:46.5055363Z","type":"sample"}
{"channel":"gsr","display":0,"mu":0,"quality":"OUT_OF_RANGE","raw":4095,"sigma":10,"state":"IDLE","t":"2026-07-16T11:06:46.5449294Z","type":"sample"}
{"channel":"rr","display":55.55555555555556,"mu":0,"quality":"OUT_OF_RANGE","raw":280.4,"sigma":1.5,"state":"IDLE","t":"2026-07-16T11:06:46.5500247Z","type":"sample"}
{"channel":"rr","display":55.55555555555556,"mu":0,"quality":"OUT_OF_RANGE","raw":280.2,"sigma":1.5,"state":"IDLE","t":"2026-07-16T11:06:46.5859449Z","type":"sample"}
{"channel":"rr","display":55.55555555555556,"mu":0,"quality":"OUT_OF_RANGE","raw":279.9,"sigma":1.5,"state":"IDLE","t":"2026-07-16T11:06:46.6297764Z","type":"sample"}
{"channel":"gsr","display":0,"mu":0,"quality":"OUT_OF_RANGE","raw":4095,"sigma":10,"state":"IDLE","t":"2026-07-16T11:06:46.644381Z","type":"sample"}
{"channel":"rr","display":55.55555555555556,"mu":0,"quality":"OUT_OF_RANGE","raw":280.8,"sigma":1.5,"state":"IDLE","t":"2026-07-16T11:06:46.6703927Z","type":"sample"}
{"channel":"rr","display":55.55555555555556,"mu":0,"quality":"OUT_OF_RANGE","raw":280.4,"sigma":1.5,"state":"IDLE","t":"2026-07-16T11:06:46.7076055Z","type":"sample"}
{"channel":"gsr","display":0,"mu":0,"quality":"OUT_OF_RANGE","raw":4095,"sigma":10,"state":"IDLE","t":"2026-07-16T11:06:46.7450054Z","type":"sample"}
{"channel":"rr","display":55.55555555555556,"mu":0,"quality":"OUT_OF_RANGE","raw":280.2,"sigma":1.5,"state":"IDLE","t":"2026-07-16T11:06:46.7503726Z","type":"sample"}
{"channel":"rr","display":55.55555555555556,"mu":0,"quality":"OUT_OF_RANGE","raw":279.6,"sigma":1.5,"state":"IDLE","t":"2026-07-16T11:06:46.7855705Z","type":"sample"}
{"channel":"rr","display":55.55555555555556,"mu":0,"quality":"OUT_OF_RANGE","raw":280.5,"sigma":1.5,"state":"IDLE","t":"2026-07-16T11:06:46.8298295Z","type":"sample"}
{"channel":"gsr","display":0,"mu":0,"quality":"OUT_OF_RANGE","raw":4095,"sigma":10,"state":"IDLE","t":"2026-07-16T11:06:46.8430234Z","type":"sample"}
{"channel":"hr","display":0,"mu":0,"quality":"OUT_OF_RANGE","raw":0,"sigma":3,"state":"IDLE","t":"2026-07-16T11:06:46.846147Z","type":"sample"}
{"channel":"rr","display":55.55555555555556,"mu":0,"quality":"OUT_OF_RANGE","raw":280.2,"sigma":1.5,"state":"IDLE","t":"2026-07-16T11:06:46.8680713Z","type":"sample"}
{"channel":"rr","display":55.55555555555556,"mu":0,"quality":"OUT_OF_RANGE","raw":280,"sigma":1.5,"state":"IDLE","t":"2026-07-16T11:06:46.9106145Z","type":"sample"}
{"channel":"gsr","display":0,"mu":0,"quality":"OUT_OF_RANGE","raw":4095,"sigma":10,"state":"IDLE","t":"2026-07-16T11:06:46.9445977Z","type":"sample"}
{"channel":"rr","display":55.55555555555556,"mu":0,"quality":"OUT_OF_RANGE","raw":280,"sigma":1.5,"state":"IDLE","t":"2026-07-16T11:06:46.9503352Z","type":"sample"}
{"channel":"rr","display":55.55555555555556,"mu":0,"quality":"OUT_OF_RANGE","raw":279.8,"sigma":1.5,"state":"IDLE","t":"2026-07-16T11:06:46.9901333Z","type":"sample"}
{"channel":"rr","display":55.55555555555556,"mu":0,"quality":"OUT_OF_RANGE","raw":279.9,"sigma":1.5,"state":"IDLE","t":"2026-07-16T11:06:47.0255638Z","type":"sample"}
{"channel":"gsr","display":0,"mu":0,"quality":"OUT_OF_RANGE","raw":4095,"sigma":10,"state":"IDLE","t":"2026-07-16T11:06:47.0448469Z","type":"sample"}
{"channel":"rr","display":55.55555555555556,"mu":0,"quality":"OUT_OF_RANGE","raw":279.9,"sigma":1.5,"state":"IDLE","t":"2026-07-16T11:06:47.0686086Z","type":"sample"}
{"channel":"rr","display":52.94117647058824,"mu":0,"quality":"OUT_OF_RANGE","raw":280.4,"sigma":1.5,"state":"IDLE","t":"2026-07-16T11:06:47.1073819Z","type":"sample"}
{"channel":"gsr","display":0,"mu":0,"quality":"OUT_OF_RANGE","raw":4095,"sigma":10,"state":"IDLE","t":"2026-07-16T11:06:47.1446257Z","type":"sample"}
{"channel":"rr","display":52.94117647058824,"mu":0,"quality":"OUT_OF_RANGE","raw":280.3,"sigma":1.5,"state":"IDLE","t":"2026-07-16T11:06:47.1509657Z","type":"sample"}
{"address":"/cue/p/start","args":null,"channel":"system","dir":"out","t":"2026-07-16T11:06:47.1841601Z","type":"osc"}
{"channel":"rr","display":52.94117647058824,"mu":0,"quality":"OUT_OF_RANGE","raw":279.1,"sigma":1.5,"state":"IDLE","t":"2026-07-16T11:06:47.188209Z","type":"sample"}
{"channel":"rr","display":52.94117647058824,"mu":0,"quality":"OUT_OF_RANGE","raw":280.2,"sigma":1.5,"state":"IDLE","t":"2026-07-16T11:06:47.2304221Z","type":"sample"}
{"channel":"gsr","display":0,"mu":0,"quality":"OUT_OF_RANGE","raw":4095,"sigma":10,"state":"IDLE","t":"2026-07-16T11:06:47.2446196Z","type":"sample"}
