{"addr":":5000","channel":"system","event":"listener_start","t":"2026-07-19T02:51:34.1782753Z","type":"event"}
{"addr":":8765","channel":"system","event":"osc_listening","t":"2026-07-19T02:51:34.2384978Z","type":"event"}
{"address":"/cue/p/start","args":null,"channel":"system","dir":"out","t":"2026-07-19T02:51:35.2503845Z","type":"osc"}
{"channel":"system","event":"connected","remote":"192.168.50.139:50222","t":"2026-07-19T02:51:36.2133958Z","type":"event"}
{"channel":"hr","event":"quality_change","quality":"OUT_OF_RANGE","t":"2026-07-19T02:51:36.2225272Z","type":"event"}
{"channel":"hr","display":0,"mu":0,"quality":"OUT_OF_RANGE","raw":56,"sigma":3,"state":"IDLE","t":"2026-07-19T02:51:36.2225272Z","type":"sample"}
{"channel":"gsr","event":"quality_change","quality":"OK","t":"2026-07-19T02:51:36.2387126Z","type":"event"}
{"channel":"gsr","display":2315,"mu":0,"quality":"OK","raw":2315,"sigma":10,"state":"IDLE","t":"2026-07-19T02:51:36.2387126Z","type":"sample"}
{"address":"/cue/p/start","args":null,"channel":"system","dir":"out","t":"2026-07-19T02:51:36.2412107Z","type":"osc"}
{"address":"/cue/g1/start","args":null,"channel":"system","dir":"out","t":"2026-07-19T02:51:36.2476945Z","type":"osc"}
{"channel":"rr","event":"quality_change","quality":"STUCK","t":"2026-07-19T02:51:36.2499783Z","type":"event"}
{"channel":"rr","display":0,"mu":0,"quality":"STUCK","raw":2036.1,"sigma":1.5,"state":"IDLE","t":"2026-07-19T02:51:36.2499783Z","type":"sample"}
{"channel":"rr","display":0,"mu":0,"quality":"STUCK","raw":2061.6,"sigma":1.5,"state":"IDLE","t":"2026-07-19T02:51:36.2895785Z","type":"sample"}
{"channel":"rr","display":0,"mu":0,"quality":"STUCK","raw":2088.9,"sigma":1.5,"state":"IDLE","t":"2026-07-19T02:51:36.3299182Z","type":"sample"}
{"channel":"gsr","display":2318.9,"mu":0,"quality":"OK","raw":2318.9,"sigma":10,"state":"IDLE","t":"2026-07-19T02:51:36.3328193Z","type":"sample"}
{"channel":"rr","display":0,"mu":0,"quality":"STUCK","raw":2115.2,"sigma":1.5,"state":"IDLE","t":"2026-07-19T02:51:36.3676065Z","type":"sample"}
{"channel":"rr","display":0,"mu":0,"quality":"STUCK","raw":2139.1,"sigma":1.5,"state":"IDLE","t":"2026-07-19T02:51:36.4060397Z","type":"sample"}
{"channel":"gsr","display":2319.2,"mu":0,"quality":"OK","raw":2319.2,"sigma":10,"state":"IDLE","t":"2026-07-19T02:51:36.4387984Z","type":"sample"}
{"channel":"rr","display":0,"mu":0,"quality":"STUCK","raw":2165.4,"sigma":1.5,"state":"IDLE","t":"2026-07-19T02:51:36.44966Z","type":"sample"}
{"channel":"rr","display":0,"mu":0,"quality":"STUCK","raw":2193.6,"sigma":1.5,"state":"IDLE","t":"2026-07-19T02:51:36.4898955Z","type":"sample"}
{"channel":"rr","display":0,"mu":0,"quality":"STUCK","raw":2215,"sigma":1.5,"state":"IDLE","t":"2026-07-19T02:51:36.5295332Z","type":"sample"}
{"channel":"gsr","display":2318.6,"mu":0,"quality":"OK","raw":2318.6,"sigma":10,"state":"IDLE","t":"2026-07-19T02:51:36.538595Z","type":"sample"}
{"channel":"rr","display":0,"mu":0,"quality":"STUCK","raw":2234.8,"sigma":1.5,"state":"IDLE","t":"2026-07-19T02:51:36.5702838Z","type":"sample"}
{"channel":"rr","display":0,"mu":0,"quality":"STUCK","raw":2251,"sigma":1.5,"state":"IDLE","t":"2026-07-19T02:51:36.6053052Z","type":"sample"}
{"channel":"gsr","display":2323.6,"mu":0,"quality":"OK","raw":2323.6,"sigma":10,"state":"IDLE","t":"2026-07-19T02:51:36.6388465Z","type":"sample"}
{"channel":"rr","display":0,"mu":0,"quality":"STUCK","raw":2264.8,"sigma":1.5,"state":"IDLE","t":"2026-07-19T02:51:36.6491871Z","type":"sample"}
{"channel":"rr","display":0,"mu":0,"quality":"STUCK","raw":2272.4,"sigma":1.5,"state":"IDLE","t":"2026-07-19T02:51:36.6886932Z","type":"sample"}
{"channel":"hr","display":0,"mu":0,"quality":"OUT_OF_RANGE","raw":56,"sigma":3,"state":"IDLE","t":"2026-07-19T02:51:36.7155436Z","type":"sample"}
{"channel":"rr","display":0,"mu":0,"quality":"STUCK","raw":2275.1,"sigma":1.5,"state":"IDLE","t":"2026-07-19T02:51:36.7247036Z","type":"sample"}
{"channel":"gsr","display":2326.5,"mu":0,"quality":"OK","raw":2326.5,"sigma":10,"state":"IDLE","t":"2026-07-19T02:51:36.738625Z","type":"sample"}
{"channel":"rr","display":0,"mu":0,"quality":"STUCK","raw":2277.3,"sigma":1.5,"state":"IDLE","t":"2026-07-19T02:51:36.7696785Z","type":"sample"}
{"channel":"rr","display":0,"mu":0,"quality":"STUCK","raw":2276.6,"sigma":1.5,"state":"IDLE","t":"2026-07-19T02:51:36.8097741Z","type":"sample"}
{"channel":"gsr","display":2327.9,"mu":0,"quality":"OK","raw":2327.9,"sigma":10,"state":"IDLE","t":"2026-07-19T02:51:36.8388873Z","type":"sample"}
{"channel":"rr","display":0,"mu":0,"quality":"STUCK","raw":2278.1,"sigma":1.5,"state":"IDLE","t":"2026-07-19T02:51:36.8496585Z","type":"sample"}
{"channel":"rr","display":0,"mu":0,"quality":"STUCK","raw":2278.1,"sigma":1.5,"state":"IDLE","t":"2026-07-19T02:51:36.8889984Z","type":"sample"}
{"channel":"rr","display":0,"mu":0,"quality":"STUCK","raw":2277,"sigma":1.5,"state":"IDLE","t":"2026-07-19T02:51:36.9302692Z","type":"sample"}
{"channel":"gsr","display":2338.2,"mu":0,"quality":"OK","raw":2338.2,"sigma":10,"state":"IDLE","t":"2026-07-19T02:51:36.9387454Z","type":"sample"}
{"channel":"rr","display":0,"mu":0,"quality":"STUCK","raw":2277.5,"sigma":1.5,"state":"IDLE","t":"2026-07-19T02:51:36.9698662Z","type":"sample"}
{"channel":"rr","display":0,"mu":0,"quality":"STUCK","raw":2275.6,"sigma":1.5,"state":"IDLE","t":"2026-07-19T02:51:37.0054157Z","type":"sample"}
{"channel":"gsr","display":2335.9,"mu":0,"quality":"OK","raw":2335.9,"sigma":10,"state":"IDLE","t":"2026-07-19T02:51:37.0347226Z","type":"sample"}
{"channel":"rr","display":0,"mu":0,"quality":"STUCK","raw":2276.1,"sigma":1.5,"state":"IDLE","t":"2026-07-19T02:51:37.0493273Z","type":"sample"}
{"channel":"rr","display":0,"mu":0,"quality":"STUCK","raw":2274.3,"sigma":1.5,"state":"IDLE","t":"2026-07-19T02:51:37.088935Z","type":"sample"}
{"channel":"rr","display":0,"mu":0,"quality":"STUCK","raw":2274.3,"sigma":1.5,"state":"IDLE","t":"2026-07-19T02:51:37.1250537Z","type":"sample"}
{"channel":"gsr","display":2339.8,"mu":0,"quality":"OK","raw":2339.8,"sigma":10,"state":"IDLE","t":"2026-07-19T02:51:37.1340237Z","type":"sample"}
{"channel":"rr","display":0,"mu":0,"quality":"STUCK","raw":2274.7,"sigma":1.5,"state":"IDLE","t":"2026-07-19T02:51:37.1658815Z","type":"sample"}
{"channel":"rr","display":0,"mu":0,"quality":"STUCK","raw":2275.5,"sigma":1.5,"state":"IDLE","t":"2026-07-19T02:51:37.2055768Z","type":"sample"}
{"channel":"hr","display":0,"mu":0,"quality":"OUT_OF_RANGE","raw":56,"sigma":3,"state":"IDLE","t":"2026-07-19T02:51:37.2210441Z","type":"sample"}
{"channel":"gsr","display":2343.6,"mu":0,"quality":"OK","raw":2343.6,"sigma":10,"state":"IDLE","t":"2026-07-19T02:51:37.2372875Z","type":"sample"}
{"address":"/cue/p/start","args":null,"channel":"system","dir":"out","t":"2026-07-19T02:51:37.2400963Z","type":"osc"}
{"channel":"rr","display":0,"mu":0,"quality":"STUCK","raw":2276.2,"sigma":1.5,"state":"IDLE","t":"2026-07-19T02:51:37.2489106Z","type":"sample"}
{"address":"/cue/g1/start","args":null,"channel":"system","dir":"out","t":"2026-07-19T02:51:37.2524852Z","type":"osc"}
{"channel":"rr","display":0,"mu":0,"quality":"STUCK","raw":2275.1,"sigma":1.5,"state":"IDLE","t":"2026-07-19T02:51:37.2872806Z","type":"sample"}
{"channel":"rr","display":0,"mu":0,"quality":"STUCK","raw":2272.5,"sigma":1.5,"state":"IDLE","t":"2026-07-19T02:51:37.3288359Z","type":"sample"}
{"channel":"gsr","display":2343,"mu":0,"quality":"OK","raw":2343,"sigma":10,"state":"IDLE","t":"2026-07-19T02:51:37.3324188Z","type":"sample"}
{"channel":"rr","display":0,"mu":0,"quality":"STUCK","raw":2275.1,"sigma":1.5,"state":"IDLE","t":"2026-07-19T02:51:37.3689017Z","type":"sample"}
{"channel":"rr","display":0,"mu":0,"quality":"STUCK","raw":2273.2,"sigma":1.5,"state":"IDLE","t":"2026-07-19T02:51:37.4091577Z","type":"sample"}
{"channel":"gsr","display":2347.1,"mu":0,"quality":"OK","raw":2347.1,"sigma":10,"state":"IDLE","t":"2026-07-19T02:51:37.4332618Z","type":"sample"}
{"channel":"rr","display":0,"mu":0,"quality":"STUCK","raw":2274.1,"sigma":1.5,"state":"IDLE","t":"2026-07-19T02:51:37.4489984Z","type":"sample"}
{"channel":"rr","display":0,"mu":0,"quality":"STUCK","raw":2268.2,"sigma":1.5,"state":"IDLE","t":"2026-07-19T02:51:37.4893805Z","type":"sample"}
{"channel":"rr","display":0,"mu":0,"quality":"STUCK","raw":2261.3,"sigma":1.5,"state":"IDLE","t":"2026-07-19T02:51:37.5249162Z","type":"sample"}
{"channel":"gsr","display":2352,"mu":0,"quality":"OK","raw":2352,"sigma":10,"state":"IDLE","t":"2026-07-19T02:51:37.532331Z","type":"sample"}
{"channel":"rr","display":0,"mu":0,"quality":"STUCK","raw":2251.6,"sigma":1.5,"state":"IDLE","t":"2026-07-19T02:51:37.5677118Z","type":"sample"}
{"channel":"rr","display":0,"mu":0,"quality":"STUCK","raw":2238.1,"sigma":1.5,"state":"IDLE","t":"2026-07-19T02:51:37.6093127Z","type":"sample"}
{"channel":"gsr","display":2354.3,"mu":0,"quality":"OK","raw":2354.3,"sigma":10,"state":"IDLE","t":"2026-07-19T02:51:37.6382818Z","type":"sample"}
{"channel":"rr","display":0,"mu":0,"quality":"STUCK","raw":2218.4,"sigma":1.5,"state":"IDLE","t":"2026-07-19T02:51:37.6487766Z","type":"sample"}
{"channel":"rr","display":0,"mu":0,"quality":"STUCK","raw":2193.9,"sigma":1.5,"state":"IDLE","t":"2026-07-19T02:51:37.6887162Z","type":"sample"}
{"channel":"hr","display":0,"mu":0,"quality":"OUT_OF_RANGE","raw":56,"sigma":3,"state":"IDLE","t":"2026-07-19T02:51:37.721238Z","type":"sample"}
{"channel":"rr","display":0,"mu":0,"quality":"STUCK","raw":2161.3,"sigma":1.5,"state":"IDLE","t":"2026-07-19T02:51:37.7293369Z","type":"sample"}
{"channel":"gsr","display":2353.3,"mu":0,"quality":"OK","raw":2353.3,"sigma":10,"state":"IDLE","t":"2026-07-19T02:51:37.7364504Z","type":"sample"}
{"channel":"rr","display":0,"mu":0,"quality":"STUCK","raw":2140.8,"sigma":1.5,"state":"IDLE","t":"2026-07-19T02:51:37.769237Z","type":"sample"}
{"channel":"rr","display":0,"mu":0,"quality":"STUCK","raw":2118.5,"sigma":1.5,"state":"IDLE","t":"2026-07-19T02:51:37.8054186Z","type":"sample"}
{"channel":"gsr","display":2356,"mu":0,"quality":"OK","raw":2356,"sigma":10,"state":"IDLE","t":"2026-07-19T02:51:37.8339923Z","type":"sample"}
{"channel":"rr","display":0,"mu":0,"quality":"STUCK","raw":2092.9,"sigma":1.5,"state":"IDLE","t":"2026-07-19T02:51:37.8488075Z","type":"sample"}
{"channel":"rr","display":0,"mu":0,"quality":"STUCK","raw":2056.4,"sigma":1.5,"state":"IDLE","t":"2026-07-19T02:51:37.8891274Z","type":"sample"}
{"channel":"rr","display":0,"mu":0,"quality":"STUCK","raw":2024.6,"sigma":1.5,"state":"IDLE","t":"2026-07-19T02:51:37.9294317Z","type":"sample"}
{"channel":"gsr","display":2360.2,"mu":0,"quality":"OK","raw":2360.2,"sigma":10,"state":"IDLE","t":"2026-07-19T02:51:37.9325154Z","type":"sample"}
{"channel":"rr","display":0,"mu":0,"quality":"STUCK","raw":1994.4,"sigma":1.5,"state":"IDLE","t":"2026-07-19T02:51:37.9662057Z","type":"sample"}
{"channel":"rr","display":0,"mu":0,"quality":"STUCK","raw":1971.2,"sigma":1.5,"state":"IDLE","t":"2026-07-19T02:51:38.0083056Z","type":"sample"}
{"channel":"gsr","display":2362.8,"mu":0,"quality":"OK","raw":2362.8,"sigma":10,"state":"IDLE","t":"2026-07-19T02:51:38.0325574Z","type":"sample"}
{"channel":"rr","display":0,"mu":0,"quality":"STUCK","raw":1948.6,"sigma":1.5,"state":"IDLE","t":"2026-07-19T02:51:38.0493879Z","type":"sample"}
{"channel":"rr","display":0,"mu":0,"quality":"STUCK","raw":1925.8,"sigma":1.5,"state":"IDLE","t":"2026-07-19T02:51:38.0890089Z","type":"sample"}
{"channel":"rr","display":0,"mu":0,"quality":"STUCK","raw":1899.4,"sigma":1.5,"state":"IDLE","t":"2026-07-19T02:51:38.1280826Z","type":"sample"}
{"channel":"gsr","display":2361.2,"mu":0,"quality":"OK","raw":2361.2,"sigma":10,"state":"IDLE","t":"2026-07-19T02:51:38.1329556Z","type":"sample"}
{"channel":"rr","display":0,"mu":0,"quality":"STUCK","raw":1854.1,"sigma":1.5,"state":"IDLE","t":"2026-07-19T02:51:38.1675376Z","type":"sample"}
{"channel":"rr","display":0,"mu":0,"quality":"STUCK","raw":1813.3,"sigma":1.5,"state":"IDLE","t":"2026-07-19T02:51:38.2089796Z","type":"sample"}
{"channel":"hr","event":"quality_change","quality":"OK","t":"2026-07-19T02:51:38.2210632Z","type":"event"}
{"channel":"hr","display":56,"mu":0,"quality":"OK","raw":56,"sigma":3,"state":"IDLE","t":"2026-07-19T02:51:38.2210632Z","type":"sample"}
{"channel":"gsr","display":2363.4,"mu":0,"quality":"OK","raw":2363.4,"sigma":10,"state":"IDLE","t":"2026-07-19T02:51:38.2376729Z","type":"sample"}
{"address":"/cue/p/start","args":null,"channel":"system","dir":"out","t":"2026-07-19T02:51:38.2407693Z","type":"osc"}
{"channel":"rr","display":0,"mu":0,"quality":"STUCK","raw":1808.1,"sigma":1.5,"state":"IDLE","t":"2026-07-19T02:51:38.2493236Z","type":"sample"}
{"address":"/cue/bpm056/start","args":null,"channel":"system","dir":"out","t":"2026-07-19T02:51:38.2571143Z","type":"osc"}
{"address":"/cue/g1/start","args":null,"channel":"system","dir":"out","t":"2026-07-19T02:51:38.2581947Z","type":"osc"}
{"channel":"rr","display":0,"mu":0,"quality":"STUCK","raw":1799.9,"sigma":1.5,"state":"IDLE","t":"2026-07-19T02:51:38.2892839Z","type":"sample"}
{"channel":"rr","display":0,"mu":0,"quality":"STUCK","raw":1786.7,"sigma":1.5,"state":"IDLE","t":"2026-07-19T02:51:38.3294376Z","type":"sample"}
{"channel":"gsr","display":2366.2,"mu":0,"quality":"OK","raw":2366.2,"sigma":10,"state":"IDLE","t":"2026-07-19T02:51:38.3326326Z","type":"sample"}
{"channel":"rr","display":0,"mu":0,"quality":"STUCK","raw":1774.9,"sigma":1.5,"state":"IDLE","t":"2026-07-19T02:51:38.3679723Z","type":"sample"}
{"channel":"rr","display":0,"mu":0,"quality":"STUCK","raw":1744.6,"sigma":1.5,"state":"IDLE","t":"2026-07-19T02:51:38.4060902Z","type":"sample"}
{"channel":"gsr","display":2367,"mu":0,"quality":"OK","raw":2367,"sigma":10,"state":"IDLE","t":"2026-07-19T02:51:38.4382709Z","type":"sample"}
{"channel":"rr","display":0,"mu":0,"quality":"STUCK","raw":1698.9,"sigma":1.5,"state":"IDLE","t":"2026-07-19T02:51:38.4480536Z","type":"sample"}
{"channel":"rr","display":0,"mu":0,"quality":"STUCK","raw":1673.8,"sigma":1.5,"state":"IDLE","t":"2026-07-19T02:51:38.4886852Z","type":"sample"}
{"channel":"rr","display":0,"mu":0,"quality":"STUCK","raw":1646.8,"sigma":1.5,"state":"IDLE","t":"2026-07-19T02:51:38.5300973Z","type":"sample"}
{"channel":"gsr","display":2374.2,"mu":0,"quality":"OK","raw":2374.2,"sigma":10,"state":"IDLE","t":"2026-07-19T02:51:38.5364984Z","type":"sample"}
{"channel":"rr","display":0,"mu":0,"quality":"STUCK","raw":1633.2,"sigma":1.5,"state":"IDLE","t":"2026-07-19T02:51:38.5692544Z","type":"sample"}
{"channel":"rr","display":0,"mu":0,"quality":"STUCK","raw":1627.1,"sigma":1.5,"state":"IDLE","t":"2026-07-19T02:51:38.6054963Z","type":"sample"}
{"channel":"gsr","display":2373.8,"mu":0,"quality":"OK","raw":2373.8,"sigma":10,"state":"IDLE","t":"2026-07-19T02:51:38.6351057Z","type":"sample"}
{"channel":"rr","display":0,"mu":0,"quality":"STUCK","raw":1617.1,"sigma":1.5,"state":"IDLE","t":"2026-07-19T02:51:38.6494669Z","type":"sample"}
{"channel":"rr","display":0,"mu":0,"quality":"STUCK","raw":1603.9,"sigma":1.5,"state":"IDLE","t":"2026-07-19T02:51:38.6888517Z","type":"sample"}
{"channel":"hr","display":56,"mu":0,"quality":"OK","raw":56,"sigma":3,"state":"IDLE","t":"2026-07-19T02:51:38.7161321Z","type":"sample"}
{"channel":"rr","display":0,"mu":0,"quality":"STUCK","raw":1593.2,"sigma":1.5,"state":"IDLE","t":"2026-07-19T02:51:38.7248483Z","type":"sample"}
{"channel":"gsr","display":2371.9,"mu":0,"quality":"OK","raw":2371.9,"sigma":10,"state":"IDLE","t":"2026-07-19T02:51:38.7376619Z","type":"sample"}
{"channel":"rr","display":0,"mu":0,"quality":"STUCK","raw":1578.7,"sigma":1.5,"state":"IDLE","t":"2026-07-19T02:51:38.7672446Z","type":"sample"}
{"channel":"rr","display":0,"mu":0,"quality":"STUCK","raw":1563.8,"sigma":1.5,"state":"IDLE","t":"2026-07-19T02:51:38.806289Z","type":"sample"}
{"channel":"gsr","display":2375.1,"mu":0,"quality":"OK","raw":2375.1,"sigma":10,"state":"IDLE","t":"2026-07-19T02:51:38.8379362Z","type":"sample"}
{"channel":"rr","display":0,"mu":0,"quality":"STUCK","raw":1548.9,"sigma":1.5,"state":"IDLE","t":"2026-07-19T02:51:38.8492113Z","type":"sample"}
{"channel":"rr","display":0,"mu":0,"quality":"STUCK","raw":1535.2,"sigma":1.5,"state":"IDLE","t":"2026-07-19T02:51:38.8893682Z","type":"sample"}
{"channel":"rr","display":0,"mu":0,"quality":"STUCK","raw":1519.2,"sigma":1.5,"state":"IDLE","t":"2026-07-19T02:51:38.9294496Z","type":"sample"}
{"channel":"gsr","display":2373.1,"mu":0,"quality":"OK","raw":2373.1,"sigma":10,"state":"IDLE","t":"2026-07-19T02:51:38.9358918Z","type":"sample"}
{"channel":"rr","display":0,"mu":0,"quality":"STUCK","raw":1501.2,"sigma":1.5,"state":"IDLE","t":"2026-07-19T02:51:38.969335Z","type":"sample"}
{"channel":"rr","display":0,"mu":0,"quality":"STUCK","raw":1482.3,"sigma":1.5,"state":"IDLE","t":"2026-07-19T02:51:39.0054979Z","type":"sample"}
{"channel":"gsr","display":2374.1,"mu":0,"quality":"OK","raw":2374.1,"sigma":10,"state":"IDLE","t":"2026-07-19T02:51:39.0331584Z","type":"sample"}
{"channel":"rr","display":0,"mu":0,"quality":"STUCK","raw":1458.3,"sigma":1.5,"state":"IDLE","t":"2026-07-19T02:51:39.0481747Z","type":"sample"}
{"channel":"rr","display":0,"mu":0,"quality":"STUCK","raw":1447.6,"sigma":1.5,"state":"IDLE","t":"2026-07-19T02:51:39.0890259Z","type":"sample"}
{"channel":"rr","display":0,"mu":0,"quality":"STUCK","raw":1439.7,"sigma":1.5,"state":"IDLE","t":"2026-07-19T02:51:39.1293173Z","type":"sample"}
{"channel":"gsr","display":2373,"mu":0,"quality":"OK","raw":2373,"sigma":10,"state":"IDLE","t":"2026-07-19T02:51:39.1343162Z","type":"sample"}
{"channel":"rr","display":0,"mu":0,"quality":"STUCK","raw":1438.6,"sigma":1.5,"state":"IDLE","t":"2026-07-19T02:51:39.1693196Z","type":"sample"}
{"channel":"rr","display":0,"mu":0,"quality":"STUCK","raw":1439.1,"sigma":1.5,"state":"IDLE","t":"2026-07-19T02:51:39.2054716Z","type":"sample"}
{"channel":"hr","display":56,"mu":0,"quality":"OK","raw":56,"sigma":3,"state":"IDLE","t":"2026-07-19T02:51:39.2210367Z","type":"sample"}
{"channel":"gsr","display":2371.6,"mu":0,"quality":"OK","raw":2371.6,"sigma":10,"state":"IDLE","t":"2026-07-19T02:51:39.2384221Z","type":"sample"}
{"channel":"rr","display":0,"mu":0,"quality":"STUCK","raw":1438.6,"sigma":1.5,"state":"IDLE","t":"2026-07-19T02:51:39.2490566Z","type":"sample"}
{"address":"/cue/bpm056/start","args":null,"channel":"system","dir":"out","t":"2026-07-19T02:51:39.2628192Z","type":"osc"}
{"address":"/cue/g1/start","args":null,"channel":"system","dir":"out","t":"2026-07-19T02:51:39.2638303Z","type":"osc"}
{"channel":"rr","display":0,"mu":0,"quality":"STUCK","raw":1437.8,"sigma":1.5,"state":"IDLE","t":"2026-07-19T02:51:39.2893232Z","type":"sample"}
{"address":"/cue/p/start","args":null,"channel":"system","dir":"out","t":"2026-07-19T02:51:39.3130501Z","type":"osc"}
{"channel":"rr","display":0,"mu":0,"quality":"STUCK","raw":1436.9,"sigma":1.5,"state":"IDLE","t":"2026-07-19T02:51:39.3294274Z","type":"sample"}
{"channel":"gsr","display":2372.8,"mu":0,"quality":"OK","raw":2372.8,"sigma":10,"state":"IDLE","t":"2026-07-19T02:51:39.332701Z","type":"sample"}
{"channel":"rr","display":0,"mu":0,"quality":"STUCK","raw":1437.8,"sigma":1.5,"state":"IDLE","t":"2026-07-19T02:51:39.3687563Z","type":"sample"}
{"channel":"rr","display":0,"mu":0,"quality":"STUCK","raw":1437.1,"sigma":1.5,"state":"IDLE","t":"2026-07-19T02:51:39.4092794Z","type":"sample"}
{"channel":"gsr","display":2371.4,"mu":0,"quality":"OK","raw":2371.4,"sigma":10,"state":"IDLE","t":"2026-07-19T02:51:39.4346282Z","type":"sample"}
{"channel":"rr","display":0,"mu":0,"quality":"STUCK","raw":1437.3,"sigma":1.5,"state":"IDLE","t":"2026-07-19T02:51:39.4492407Z","type":"sample"}
{"channel":"rr","display":0,"mu":0,"quality":"STUCK","raw":1436.2,"sigma":1.5,"state":"IDLE","t":"2026-07-19T02:51:39.4893196Z","type":"sample"}
{"channel":"rr","display":0,"mu":0,"quality":"STUCK","raw":1436.3,"sigma":1.5,"state":"IDLE","t":"2026-07-19T02:51:39.5251869Z","type":"sample"}
{"channel":"gsr","display":2372.9,"mu":0,"quality":"OK","raw":2372.9,"sigma":10,"state":"IDLE","t":"2026-07-19T02:51:39.5320016Z","type":"sample"}
{"channel":"rr","display":0,"mu":0,"quality":"STUCK","raw":1435.1,"sigma":1.5,"state":"IDLE","t":"2026-07-19T02:51:39.5693585Z","type":"sample"}
{"channel":"rr","display":0,"mu":0,"quality":"STUCK","raw":1433.8,"sigma":1.5,"state":"IDLE","t":"2026-07-19T02:51:39.6060555Z","type":"sample"}
{"channel":"gsr","display":2372.5,"mu":0,"quality":"OK","raw":2372.5,"sigma":10,"state":"IDLE","t":"2026-07-19T02:51:39.6383435Z","type":"sample"}
{"channel":"rr","display":0,"mu":0,"quality":"STUCK","raw":1433.2,"sigma":1.5,"state":"IDLE","t":"2026-07-19T02:51:39.6492701Z","type":"sample"}
{"channel":"rr","display":0,"mu":0,"quality":"STUCK","raw":1432.2,"sigma":1.5,"state":"IDLE","t":"2026-07-19T02:51:39.6893211Z","type":"sample"}
{"channel":"hr","display":56,"mu":0,"quality":"OK","raw":56,"sigma":3,"state":"IDLE","t":"2026-07-19T02:51:39.7994966Z","type":"sample"}
{"channel":"rr","display":0,"mu":0,"quality":"STUCK","raw":1398.9,"sigma":1.5,"state":"IDLE","t":"2026-07-19T02:51:39.8042203Z","type":"sample"}
{"channel":"gsr","display":2370.9,"mu":0,"quality":"OK","raw":2370.9,"sigma":10,"state":"IDLE","t":"2026-07-19T02:51:39.81241Z","type":"sample"}
{"channel":"rr","display":0,"mu":0,"quality":"STUCK","raw":1382.9,"sigma":1.5,"state":"IDLE","t":"2026-07-19T02:51:39.8432971Z","type":"sample"}
{"channel":"rr","display":0,"mu":0,"quality":"STUCK","raw":1374.2,"sigma":1.5,"state":"IDLE","t":"2026-07-19T02:51:39.8830752Z","type":"sample"}
{"channel":"gsr","display":2378.6,"mu":0,"quality":"OK","raw":2378.6,"sigma":10,"state":"IDLE","t":"2026-07-19T02:51:39.9055125Z","type":"sample"}
{"channel":"rr","display":0,"mu":0,"quality":"STUCK","raw":1366.8,"sigma":1.5,"state":"IDLE","t":"2026-07-19T02:51:39.9226314Z","type":"sample"}
{"channel":"rr","display":0,"mu":0,"quality":"STUCK","raw":1358.2,"sigma":1.5,"state":"IDLE","t":"2026-07-19T02:51:39.9633672Z","type":"sample"}
{"channel":"rr","display":0,"mu":0,"quality":"STUCK","raw":1347.6,"sigma":1.5,"state":"IDLE","t":"2026-07-19T02:51:40.0031475Z","type":"sample"}
{"channel":"gsr","display":2382.9,"mu":0,"quality":"OK","raw":2382.9,"sigma":10,"state":"IDLE","t":"2026-07-19T02:51:40.006418Z","type":"sample"}
{"channel":"rr","display":0,"mu":0,"quality":"STUCK","raw":1337.9,"sigma":1.5,"state":"IDLE","t":"2026-07-19T02:51:40.0433426Z","type":"sample"}
{"channel":"rr","display":0,"mu":0,"quality":"STUCK","raw":1331.8,"sigma":1.5,"state":"IDLE","t":"2026-07-19T02:51:40.0832981Z","type":"sample"}
{"channel":"gsr","display":2388.1,"mu":0,"quality":"OK","raw":2388.1,"sigma":10,"state":"IDLE","t":"2026-07-19T02:51:40.1120646Z","type":"sample"}
{"channel":"rr","display":0,"mu":0,"quality":"STUCK","raw":1327.6,"sigma":1.5,"state":"IDLE","t":"2026-07-19T02:51:40.1226042Z","type":"sample"}
{"channel":"rr","display":0,"mu":0,"quality":"STUCK","raw":1323.8,"sigma":1.5,"state":"IDLE","t":"2026-07-19T02:51:40.1624901Z","type":"sample"}
{"channel":"rr","display":0,"mu":0,"quality":"STUCK","raw":1322.6,"sigma":1.5,"state":"IDLE","t":"2026-07-19T02:51:40.2004387Z","type":"sample"}
{"channel":"gsr","display":2388.5,"mu":0,"quality":"OK","raw":2388.5,"sigma":10,"state":"IDLE","t":"2026-07-19T02:51:40.2110114Z","type":"sample"}
{"channel":"hr","display":56,"mu":0,"quality":"OK","raw":56,"sigma":3,"state":"IDLE","t":"2026-07-19T02:51:40.2211394Z","type":"sample"}
{"channel":"rr","display":0,"mu":0,"quality":"STUCK","raw":1322,"sigma":1.5,"state":"IDLE","t":"2026-07-19T02:51:40.2432169Z","type":"sample"}
{"address":"/cue/bpm056/start","args":null,"channel":"system","dir":"out","t":"2026-07-19T02:51:40.2730306Z","type":"osc"}
{"address":"/cue/g1/start","args":null,"channel":"system","dir":"out","t":"2026-07-19T02:51:40.2741008Z","type":"osc"}
{"channel":"rr","display":0,"mu":0,"quality":"STUCK","raw":1322.7,"sigma":1.5,"state":"IDLE","t":"2026-07-19T02:51:40.2830671Z","type":"sample"}
{"channel":"gsr","display":2386,"mu":0,"quality":"OK","raw":2386,"sigma":10,"state":"IDLE","t":"2026-07-19T02:51:40.3090487Z","type":"sample"}
{"channel":"rr","display":0,"mu":0,"quality":"STUCK","raw":1321.4,"sigma":1.5,"state":"IDLE","t":"2026-07-19T02:51:40.322659Z","type":"sample"}
{"channel":"rr","display":0,"mu":0,"quality":"STUCK","raw":1321.2,"sigma":1.5,"state":"IDLE","t":"2026-07-19T02:51:40.3577893Z","type":"sample"}
{"address":"/cue/p/start","args":null,"channel":"system","dir":"out","t":"2026-07-19T02:51:40.3857444Z","type":"osc"}
{"channel":"rr","display":0,"mu":0,"quality":"STUCK","raw":1322.4,"sigma":1.5,"state":"IDLE","t":"2026-07-19T02:51:40.4009598Z","type":"sample"}
{"channel":"gsr","display":2392.6,"mu":0,"quality":"OK","raw":2392.6,"sigma":10,"state":"IDLE","t":"2026-07-19T02:51:40.4123986Z","type":"sample"}
{"channel":"rr","display":0,"mu":0,"quality":"STUCK","raw":1321.2,"sigma":1.5,"state":"IDLE","t":"2026-07-19T02:51:40.4407194Z","type":"sample"}
{"channel":"rr","display":0,"mu":0,"quality":"STUCK","raw":1321.6,"sigma":1.5,"state":"IDLE","t":"2026-07-19T02:51:40.4823573Z","type":"sample"}
{"channel":"gsr","display":2389.5,"mu":0,"quality":"OK","raw":2389.5,"sigma":10,"state":"IDLE","t":"2026-07-19T02:51:40.5119056Z","type":"sample"}
{"channel":"rr","display":0,"mu":0,"quality":"STUCK","raw":1320.9,"sigma":1.5,"state":"IDLE","t":"2026-07-19T02:51:40.5225611Z","type":"sample"}
{"channel":"rr","display":0,"mu":0,"quality":"STUCK","raw":1321.4,"sigma":1.5,"state":"IDLE","t":"2026-07-19T02:51:40.563195Z","type":"sample"}
{"channel":"rr","display":0,"mu":0,"quality":"STUCK","raw":1321.1,"sigma":1.5,"state":"IDLE","t":"2026-07-19T02:51:40.6033127Z","type":"sample"}
{"channel":"gsr","display":2390.2,"mu":0,"quality":"OK","raw":2390.2,"sigma":10,"state":"IDLE","t":"2026-07-19T02:51:40.6059592Z","type":"sample"}
{"channel":"rr","display":0,"mu":0,"quality":"STUCK","raw":1321,"sigma":1.5,"state":"IDLE","t":"2026-07-19T02:51:40.6432871Z","type":"sample"}
{"channel":"rr","display":0,"mu":0,"quality":"STUCK","raw":1322.5,"sigma":1.5,"state":"IDLE","t":"2026-07-19T02:51:40.6832432Z","type":"sample"}
{"channel":"gsr","display":2391.6,"mu":0,"quality":"OK","raw":2391.6,"sigma":10,"state":"IDLE","t":"2026-07-19T02:51:40.712118Z","type":"sample"}
{"channel":"rr","display":0,"mu":0,"quality":"STUCK","raw":1321.4,"sigma":1.5,"state":"IDLE","t":"2026-07-19T02:51:40.7227259Z","type":"sample"}
{"channel":"hr","display":56,"mu":0,"quality":"OK","raw":56,"sigma":3,"state":"IDLE","t":"2026-07-19T02:51:40.7237718Z","type":"sample"}
{"channel":"rr","display":0,"mu":0,"quality":"STUCK","raw":1321.5,"sigma":1.5,"state":"IDLE","t":"2026-07-19T02:51:40.7631108Z","type":"sample"}
{"channel":"rr","display":0,"mu":0,"quality":"STUCK","raw":1321.6,"sigma":1.5,"state":"IDLE","t":"2026-07-19T02:51:40.8007875Z","type":"sample"}
{"channel":"gsr","display":2391.2,"mu":0,"quality":"OK","raw":2391.2,"sigma":10,"state":"IDLE","t":"2026-07-19T02:51:40.8058634Z","type":"sample"}
{"channel":"rr","display":0,"mu":0,"quality":"STUCK","raw":1321.4,"sigma":1.5,"state":"IDLE","t":"2026-07-19T02:51:40.8433208Z","type":"sample"}
{"channel":"rr","display":0,"mu":0,"quality":"STUCK","raw":1321.6,"sigma":1.5,"state":"IDLE","t":"2026-07-19T02:51:40.8832874Z","type":"sample"}
{"channel":"gsr","display":2390,"mu":0,"quality":"OK","raw":2390,"sigma":10,"state":"IDLE","t":"2026-07-19T02:51:40.9121419Z","type":"sample"}
{"channel":"rr","display":0,"mu":0,"quality":"STUCK","raw":1323.1,"sigma":1.5,"state":"IDLE","t":"2026-07-19T02:51:40.922632Z","type":"sample"}
{"channel":"rr","display":0,"mu":0,"quality":"STUCK","raw":1321.3,"sigma":1.5,"state":"IDLE","t":"2026-07-19T02:51:40.9630348Z","type":"sample"}
{"channel":"rr","display":0,"mu":0,"quality":"STUCK","raw":1322.9,"sigma":1.5,"state":"IDLE","t":"2026-07-19T02:51:41.0019589Z","type":"sample"}
{"channel":"gsr","display":2398.4,"mu":0,"quality":"OK","raw":2398.4,"sigma":10,"state":"IDLE","t":"2026-07-19T02:51:41.0122043Z","type":"sample"}
{"channel":"rr","display":0,"mu":0,"quality":"STUCK","raw":1322.6,"sigma":1.5,"state":"IDLE","t":"2026-07-19T02:51:41.0389216Z","type":"sample"}
{"channel":"rr","display":0,"mu":0,"quality":"STUCK","raw":1322.1,"sigma":1.5,"state":"IDLE","t":"2026-07-19T02:51:41.0823944Z","type":"sample"}
{"channel":"gsr","display":2401.8,"mu":0,"quality":"OK","raw":2401.8,"sigma":10,"state":"IDLE","t":"2026-07-19T02:51:41.110919Z","type":"sample"}
{"channel":"rr","display":0,"mu":0,"quality":"STUCK","raw":1322.9,"sigma":1.5,"state":"IDLE","t":"2026-07-19T02:51:41.1225803Z","type":"sample"}
{"channel":"rr","display":0,"mu":0,"quality":"STUCK","raw":1321.6,"sigma":1.5,"state":"IDLE","t":"2026-07-19T02:51:41.1633732Z","type":"sample"}
{"channel":"rr","display":0,"mu":0,"quality":"STUCK","raw":1323,"sigma":1.5,"state":"IDLE","t":"2026-07-19T02:51:41.1997524Z","type":"sample"}
{"channel":"gsr","display":2402.8,"mu":0,"quality":"OK","raw":2402.8,"sigma":10,"state":"IDLE","t":"2026-07-19T02:51:41.2085049Z","type":"sample"}
{"channel":"hr","display":56,"mu":0,"quality":"OK","raw":56,"sigma":3,"state":"IDLE","t":"2026-07-19T02:51:41.2228314Z","type":"sample"}
{"channel":"rr","display":0,"mu":0,"quality":"STUCK","raw":1321.4,"sigma":1.5,"state":"IDLE","t":"2026-07-19T02:51:41.2422626Z","type":"sample"}
{"address":"/cue/bpm056/start","args":null,"channel":"system","dir":"out","t":"2026-07-19T02:51:41.2774295Z","type":"osc"}
{"address":"/cue/g1/start","args":null,"channel":"system","dir":"out","t":"2026-07-19T02:51:41.2786485Z","type":"osc"}
{"channel":"rr","display":0,"mu":0,"quality":"STUCK","raw":1322.6,"sigma":1.5,"state":"IDLE","t":"2026-07-19T02:51:41.2828086Z","type":"sample"}
{"channel":"gsr","display":2403.8,"mu":0,"quality":"OK","raw":2403.8,"sigma":10,"state":"IDLE","t":"2026-07-19T02:51:41.3121704Z","type":"sample"}
{"channel":"rr","display":0,"mu":0,"quality":"STUCK","raw":1323.8,"sigma":1.5,"state":"IDLE","t":"2026-07-19T02:51:41.3229164Z","type":"sample"}
{"channel":"rr","display":0,"mu":0,"quality":"STUCK","raw":1324.5,"sigma":1.5,"state":"IDLE","t":"2026-07-19T02:51:41.3571496Z","type":"sample"}
{"channel":"rr","display":0,"mu":0,"quality":"STUCK","raw":1327.4,"sigma":1.5,"state":"IDLE","t":"2026-07-19T02:51:41.4028626Z","type":"sample"}
{"channel":"gsr","display":2401.8,"mu":0,"quality":"OK","raw":2401.8,"sigma":10,"state":"IDLE","t":"2026-07-19T02:51:41.4065555Z","type":"sample"}
{"channel":"rr","display":0,"mu":0,"quality":"STUCK","raw":1334.2,"sigma":1.5,"state":"IDLE","t":"2026-07-19T02:51:41.4433726Z","type":"sample"}
{"address":"/cue/p/start","args":null,"channel":"system","dir":"out","t":"2026-07-19T02:51:41.4552037Z","type":"osc"}
{"channel":"rr","display":0,"mu":0,"quality":"STUCK","raw":1342.7,"sigma":1.5,"state":"IDLE","t":"2026-07-19T02:51:41.4831727Z","type":"sample"}
{"channel":"gsr","display":2410.5,"mu":0,"quality":"OK","raw":2410.5,"sigma":10,"state":"IDLE","t":"2026-07-19T02:51:41.5126695Z","type":"sample"}
{"channel":"rr","display":0,"mu":0,"quality":"STUCK","raw":1354.4,"sigma":1.5,"state":"IDLE","t":"2026-07-19T02:51:41.5226645Z","type":"sample"}
{"channel":"rr","display":0,"mu":0,"quality":"STUCK","raw":1365,"sigma":1.5,"state":"IDLE","t":"2026-07-19T02:51:41.5552941Z","type":"sample"}
{"channel":"rr","display":0,"mu":0,"quality":"STUCK","raw":1380.3,"sigma":1.5,"state":"IDLE","t":"2026-07-19T02:51:41.5999227Z","type":"sample"}
{"channel":"gsr","display":2410.9,"mu":0,"quality":"OK","raw":2410.9,"sigma":10,"state":"IDLE","t":"2026-07-19T02:51:41.6088717Z","type":"sample"}
{"channel":"rr","display":0,"mu":0,"quality":"STUCK","raw":1391.7,"sigma":1.5,"state":"IDLE","t":"2026-07-19T02:51:41.6433053Z","type":"sample"}
{"channel":"rr","display":0,"mu":0,"quality":"STUCK","raw":1407.8,"sigma":1.5,"state":"IDLE","t":"2026-07-19T02:51:41.6833812Z","type":"sample"}
{"channel":"gsr","display":2413.1,"mu":0,"quality":"OK","raw":2413.1,"sigma":10,"state":"IDLE","t":"2026-07-19T02:51:41.7122072Z","type":"sample"}
{"channel":"rr","display":0,"mu":0,"quality":"STUCK","raw":1424,"sigma":1.5,"state":"IDLE","t":"2026-07-19T02:51:41.7226672Z","type":"sample"}
{"channel":"hr","display":56,"mu":0,"quality":"OK","raw":56,"sigma":3,"state":"IDLE","t":"2026-07-19T02:51:41.7236759Z","type":"sample"}
{"channel":"rr","display":0,"mu":0,"quality":"STUCK","raw":1438.3,"sigma":1.5,"state":"IDLE","t":"2026-07-19T02:51:41.7628547Z","type":"sample"}
{"channel":"rr","display":0,"mu":0,"quality":"STUCK","raw":1453.3,"sigma":1.5,"state":"IDLE","t":"2026-07-19T02:51:41.8013904Z","type":"sample"}
{"channel":"gsr","display":2417.5,"mu":0,"quality":"OK","raw":2417.5,"sigma":10,"state":"IDLE","t":"2026-07-19T02:51:41.8120465Z","type":"sample"}
{"channel":"rr","display":0,"mu":0,"quality":"STUCK","raw":1473.4,"sigma":1.5,"state":"IDLE","t":"2026-07-19T02:51:41.8390434Z","type":"sample"}
{"channel":"rr","display":0,"mu":0,"quality":"STUCK","raw":1498.8,"sigma":1.5,"state":"IDLE","t":"2026-07-19T02:51:41.8827158Z","type":"sample"}
{"channel":"gsr","display":2421,"mu":0,"quality":"OK","raw":2421,"sigma":10,"state":"IDLE","t":"2026-07-19T02:51:41.9057535Z","type":"sample"}
{"channel":"rr","display":0,"mu":0,"quality":"STUCK","raw":1518.1,"sigma":1.5,"state":"IDLE","t":"2026-07-19T02:51:41.9230319Z","type":"sample"}
{"channel":"rr","display":0,"mu":0,"quality":"STUCK","raw":1540.9,"sigma":1.5,"state":"IDLE","t":"2026-07-19T02:51:41.9624988Z","type":"sample"}
{"channel":"rr","display":0,"mu":0,"quality":"STUCK","raw":1561.4,"sigma":1.5,"state":"IDLE","t":"2026-07-19T02:51:42.0003789Z","type":"sample"}
{"channel":"gsr","display":2419.7,"mu":0,"quality":"OK","raw":2419.7,"sigma":10,"state":"IDLE","t":"2026-07-19T02:51:42.0117934Z","type":"sample"}
{"channel":"rr","display":0,"mu":0,"quality":"STUCK","raw":1575.8,"sigma":1.5,"state":"IDLE","t":"2026-07-19T02:51:42.0388784Z","type":"sample"}
{"channel":"rr","display":0,"mu":0,"quality":"STUCK","raw":1591.4,"sigma":1.5,"state":"IDLE","t":"2026-07-19T02:51:42.0831137Z","type":"sample"}
{"channel":"gsr","display":2423.9,"mu":0,"quality":"OK","raw":2423.9,"sigma":10,"state":"IDLE","t":"2026-07-19T02:51:42.1122434Z","type":"sample"}
{"channel":"rr","display":0,"mu":0,"quality":"STUCK","raw":1603.3,"sigma":1.5,"state":"IDLE","t":"2026-07-19T02:51:42.1225874Z","type":"sample"}
{"channel":"rr","display":0,"mu":0,"quality":"STUCK","raw":1614.2,"sigma":1.5,"state":"IDLE","t":"2026-07-19T02:51:42.1588658Z","type":"sample"}
{"channel":"rr","display":0,"mu":0,"quality":"STUCK","raw":1626.1,"sigma":1.5,"state":"IDLE","t":"2026-07-19T02:51:42.1993114Z","type":"sample"}
{"channel":"gsr","display":2431.1,"mu":0,"quality":"OK","raw":2431.1,"sigma":10,"state":"IDLE","t":"2026-07-19T02:51:42.207883Z","type":"sample"}
{"channel":"hr","display":56,"mu":0,"quality":"OK","raw":56,"sigma":3,"state":"IDLE","t":"2026-07-19T02:51:42.2227984Z","type":"sample"}
{"channel":"rr","display":0,"mu":0,"quality":"STUCK","raw":1634,"sigma":1.5,"state":"IDLE","t":"2026-07-19T02:51:42.2425263Z","type":"sample"}
{"channel":"rr","display":0,"mu":0,"quality":"STUCK","raw":1638.6,"sigma":1.5,"state":"IDLE","t":"2026-07-19T02:51:42.2836884Z","type":"sample"}
{"address":"/cue/bpm056/start","args":null,"channel":"system","dir":"out","t":"2026-07-19T02:51:42.2862056Z","type":"osc"}
{"address":"/cue/g1/start","args":null,"channel":"system","dir":"out","t":"2026-07-19T02:51:42.2872215Z","type":"osc"}
{"channel":"gsr","display":2432.7,"mu":0,"quality":"OK","raw":2432.7,"sigma":10,"state":"IDLE","t":"2026-07-19T02:51:42.3122623Z","type":"sample"}
{"channel":"rr","display":0,"mu":0,"quality":"STUCK","raw":1641,"sigma":1.5,"state":"IDLE","t":"2026-07-19T02:51:42.3227513Z","type":"sample"}
{"channel":"rr","display":0,"mu":0,"quality":"STUCK","raw":1641.9,"sigma":1.5,"state":"IDLE","t":"2026-07-19T02:51:42.3588443Z","type":"sample"}
{"channel":"rr","display":0,"mu":0,"quality":"STUCK","raw":1642.8,"sigma":1.5,"state":"IDLE","t":"2026-07-19T02:51:42.4002125Z","type":"sample"}
{"channel":"gsr","display":2440,"mu":0,"quality":"OK","raw":2440,"sigma":10,"state":"IDLE","t":"2026-07-19T02:51:42.4074133Z","type":"sample"}
{"channel":"rr","display":0,"mu":0,"quality":"STUCK","raw":1643.2,"sigma":1.5,"state":"IDLE","t":"2026-07-19T02:51:42.4432996Z","type":"sample"}
{"channel":"rr","display":0,"mu":0,"quality":"STUCK","raw":1643.5,"sigma":1.5,"state":"IDLE","t":"2026-07-19T02:51:42.4834788Z","type":"sample"}
{"channel":"gsr","display":2448.2,"mu":0,"quality":"OK","raw":2448.2,"sigma":10,"state":"IDLE","t":"2026-07-19T02:51:42.5122722Z","type":"sample"}
{"channel":"rr","display":0,"mu":0,"quality":"STUCK","raw":1646.9,"sigma":1.5,"state":"IDLE","t":"2026-07-19T02:51:42.5229611Z","type":"sample"}
{"address":"/cue/p/start","args":null,"channel":"system","dir":"out","t":"2026-07-19T02:51:42.5259842Z","type":"osc"}
{"channel":"rr","display":0,"mu":0,"quality":"STUCK","raw":1650.4,"sigma":1.5,"state":"IDLE","t":"2026-07-19T02:51:42.5631065Z","type":"sample"}
{"channel":"rr","display":0,"mu":0,"quality":"STUCK","raw":1653.3,"sigma":1.5,"state":"IDLE","t":"2026-07-19T02:51:42.6032318Z","type":"sample"}
{"channel":"gsr","display":2450.8,"mu":0,"quality":"OK","raw":2450.8,"sigma":10,"state":"IDLE","t":"2026-07-19T02:51:42.6060009Z","type":"sample"}
{"channel":"rr","display":0,"mu":0,"quality":"STUCK","raw":1656,"sigma":1.5,"state":"IDLE","t":"2026-07-19T02:51:42.6433272Z","type":"sample"}
{"channel":"rr","display":0,"mu":0,"quality":"STUCK","raw":1657.8,"sigma":1.5,"state":"IDLE","t":"2026-07-19T02:51:42.682551Z","type":"sample"}
{"channel":"gsr","display":2452.9,"mu":0,"quality":"OK","raw":2452.9,"sigma":10,"state":"IDLE","t":"2026-07-19T02:51:42.712296Z","type":"sample"}
{"channel":"rr","display":0,"mu":0,"quality":"STUCK","raw":1658.8,"sigma":1.5,"state":"IDLE","t":"2026-07-19T02:51:42.7229547Z","type":"sample"}
{"channel":"hr","display":56,"mu":0,"quality":"OK","raw":56,"sigma":3,"state":"IDLE","t":"2026-07-19T02:51:42.7238068Z","type":"sample"}
{"channel":"rr","display":0,"mu":0,"quality":"STUCK","raw":1661.9,"sigma":1.5,"state":"IDLE","t":"2026-07-19T02:51:42.7629895Z","type":"sample"}
{"channel":"rr","display":0,"mu":0,"quality":"STUCK","raw":1666.9,"sigma":1.5,"state":"IDLE","t":"2026-07-19T02:51:42.8014877Z","type":"sample"}
{"channel":"gsr","display":2456.8,"mu":0,"quality":"OK","raw":2456.8,"sigma":10,"state":"IDLE","t":"2026-07-19T02:51:42.8066795Z","type":"sample"}
{"channel":"rr","display":0,"mu":0,"quality":"STUCK","raw":1675.6,"sigma":1.5,"state":"IDLE","t":"2026-07-19T02:51:42.8428917Z","type":"sample"}
{"channel":"rr","display":0,"mu":0,"quality":"STUCK","raw":1683.9,"sigma":1.5,"state":"IDLE","t":"2026-07-19T02:51:42.8829394Z","type":"sample"}
{"channel":"gsr","display":2463.4,"mu":0,"quality":"OK","raw":2463.4,"sigma":10,"state":"IDLE","t":"2026-07-19T02:51:42.9122704Z","type":"sample"}
{"channel":"rr","event":"quality_change","quality":"OK","t":"2026-07-19T02:51:42.9228199Z","type":"event"}
{"channel":"rr","display":0,"mu":0,"quality":"OK","raw":1702.8,"sigma":1.5,"state":"IDLE","t":"2026-07-19T02:51:42.9232549Z","type":"sample"}
{"channel":"rr","display":0,"mu":0,"quality":"OK","raw":1717.4,"sigma":1.5,"state":"IDLE","t":"2026-07-19T02:51:42.9624687Z","type":"sample"}
{"address":"/cue/r1/start","args":null,"channel":"system","dir":"out","t":"2026-07-19T02:51:42.9919481Z","type":"osc"}
{"channel":"rr","display":0,"mu":0,"quality":"OK","raw":1723.7,"sigma":1.5,"state":"IDLE","t":"2026-07-19T02:51:43.00018Z","type":"sample"}
{"channel":"gsr","display":2470.2,"mu":0,"quality":"OK","raw":2470.2,"sigma":10,"state":"IDLE","t":"2026-07-19T02:51:43.0114699Z","type":"sample"}
{"channel":"rr","display":0,"mu":0,"quality":"OK","raw":1735.1,"sigma":1.5,"state":"IDLE","t":"2026-07-19T02:51:43.0433033Z","type":"sample"}
{"channel":"rr","display":0,"mu":0,"quality":"OK","raw":1740.4,"sigma":1.5,"state":"IDLE","t":"2026-07-19T02:51:43.0832109Z","type":"sample"}
{"channel":"gsr","display":2468.1,"mu":0,"quality":"OK","raw":2468.1,"sigma":10,"state":"IDLE","t":"2026-07-19T02:51:43.1122726Z","type":"sample"}
{"channel":"rr","display":0,"mu":0,"quality":"OK","raw":1746.4,"sigma":1.5,"state":"IDLE","t":"2026-07-19T02:51:43.1232983Z","type":"sample"}
{"channel":"rr","display":0,"mu":0,"quality":"OK","raw":1754.6,"sigma":1.5,"state":"IDLE","t":"2026-07-19T02:51:43.163208Z","type":"sample"}
{"channel":"rr","display":0,"mu":0,"quality":"OK","raw":1768.7,"sigma":1.5,"state":"IDLE","t":"2026-07-19T02:51:43.2010037Z","type":"sample"}
{"channel":"gsr","display":2468.5,"mu":0,"quality":"OK","raw":2468.5,"sigma":10,"state":"IDLE","t":"2026-07-19T02:51:43.2096302Z","type":"sample"}
{"channel":"hr","display":56,"mu":0,"quality":"OK","raw":56,"sigma":3,"state":"IDLE","t":"2026-07-19T02:51:43.2229645Z","type":"sample"}
{"channel":"rr","display":0,"mu":0,"quality":"OK","raw":1790.6,"sigma":1.5,"state":"IDLE","t":"2026-07-19T02:51:43.2405357Z","type":"sample"}
{"channel":"rr","display":0,"mu":0,"quality":"OK","raw":1815.6,"sigma":1.5,"state":"IDLE","t":"2026-07-19T02:51:43.2827211Z","type":"sample"}
{"address":"/cue/bpm056/start","args":null,"channel":"system","dir":"out","t":"2026-07-19T02:51:43.2940872Z","type":"osc"}
{"address":"/cue/g1/start","args":null,"channel":"system","dir":"out","t":"2026-07-19T02:51:43.2951305Z","type":"osc"}
{"channel":"gsr","display":2474,"mu":0,"quality":"OK","raw":2474,"sigma":10,"state":"IDLE","t":"2026-07-19T02:51:43.312287Z","type":"sample"}
{"channel":"rr","display":0,"mu":0,"quality":"OK","raw":1826.9,"sigma":1.5,"state":"IDLE","t":"2026-07-19T02:51:43.3228995Z","type":"sample"}
{"channel":"rr","display":0,"mu":0,"quality":"OK","raw":1829.1,"sigma":1.5,"state":"IDLE","t":"2026-07-19T02:51:43.3591351Z","type":"sample"}
{"channel":"rr","display":0,"mu":0,"quality":"OK","raw":1829.9,"sigma":1.5,"state":"IDLE","t":"2026-07-19T02:51:43.4003648Z","type":"sample"}
{"channel":"gsr","display":2478.7,"mu":0,"quality":"OK","raw":2478.7,"sigma":10,"state":"IDLE","t":"2026-07-19T02:51:43.4059139Z","type":"sample"}
{"channel":"rr","display":0,"mu":0,"quality":"OK","raw":1829.6,"sigma":1.5,"state":"IDLE","t":"2026-07-19T02:51:43.4433167Z","type":"sample"}
{"channel":"rr","display":0,"mu":0,"quality":"OK","raw":1827.9,"sigma":1.5,"state":"IDLE","t":"2026-07-19T02:51:43.4827402Z","type":"sample"}
{"channel":"gsr","display":2476.2,"mu":0,"quality":"OK","raw":2476.2,"sigma":10,"state":"IDLE","t":"2026-07-19T02:51:43.5122721Z","type":"sample"}
{"channel":"rr","display":0,"mu":0,"quality":"OK","raw":1829.1,"sigma":1.5,"state":"IDLE","t":"2026-07-19T02:51:43.5230306Z","type":"sample"}
{"channel":"rr","display":0,"mu":0,"quality":"OK","raw":1829.1,"sigma":1.5,"state":"IDLE","t":"2026-07-19T02:51:43.5554566Z","type":"sample"}
{"address":"/cue/p/start","args":null,"channel":"system","dir":"out","t":"2026-07-19T02:51:43.5972042Z","type":"osc"}
{"channel":"rr","display":0,"mu":0,"quality":"OK","raw":1827.4,"sigma":1.5,"state":"IDLE","t":"2026-07-19T02:51:43.6032109Z","type":"sample"}
{"channel":"gsr","display":2479.4,"mu":0,"quality":"OK","raw":2479.4,"sigma":10,"state":"IDLE","t":"2026-07-19T02:51:43.6123974Z","type":"sample"}
{"channel":"rr","display":0,"mu":0,"quality":"OK","raw":1825.6,"sigma":1.5,"state":"IDLE","t":"2026-07-19T02:51:43.6419849Z","type":"sample"}
{"channel":"rr","display":0,"mu":0,"quality":"OK","raw":1827.4,"sigma":1.5,"state":"IDLE","t":"2026-07-19T02:51:43.6831351Z","type":"sample"}
{"channel":"gsr","display":2491.1,"mu":0,"quality":"OK","raw":2491.1,"sigma":10,"state":"IDLE","t":"2026-07-19T02:51:43.7124465Z","type":"sample"}
{"channel":"rr","display":0,"mu":0,"quality":"OK","raw":1826.6,"sigma":1.5,"state":"IDLE","t":"2026-07-19T02:51:43.7225636Z","type":"sample"}
{"channel":"hr","display":56,"mu":0,"quality":"OK","raw":56,"sigma":3,"state":"IDLE","t":"2026-07-19T02:51:43.7237201Z","type":"sample"}
{"channel":"rr","display":0,"mu":0,"quality":"OK","raw":1825.8,"sigma":1.5,"state":"IDLE","t":"2026-07-19T02:51:43.7631864Z","type":"sample"}
{"channel":"rr","display":0,"mu":0,"quality":"OK","raw":1825.4,"sigma":1.5,"state":"IDLE","t":"2026-07-19T02:51:43.8032853Z","type":"sample"}
{"channel":"gsr","display":2488,"mu":0,"quality":"OK","raw":2488,"sigma":10,"state":"IDLE","t":"2026-07-19T02:51:43.8124354Z","type":"sample"}
{"channel":"rr","display":0,"mu":0,"quality":"OK","raw":1822.9,"sigma":1.5,"state":"IDLE","t":"2026-07-19T02:51:43.84331Z","type":"sample"}
{"channel":"rr","display":0,"mu":0,"quality":"OK","raw":1825.2,"sigma":1.5,"state":"IDLE","t":"2026-07-19T02:51:43.8830592Z","type":"sample"}
{"channel":"gsr","display":2490.8,"mu":0,"quality":"OK","raw":2490.8,"sigma":10,"state":"IDLE","t":"2026-07-19T02:51:43.9125163Z","type":"sample"}
{"channel":"rr","display":0,"mu":0,"quality":"OK","raw":1824.2,"sigma":1.5,"state":"IDLE","t":"2026-07-19T02:51:43.922784Z","type":"sample"}
{"channel":"rr","display":0,"mu":0,"quality":"OK","raw":1825.9,"sigma":1.5,"state":"IDLE","t":"2026-07-19T02:51:43.9557484Z","type":"sample"}
{"address":"/cue/r1/start","args":null,"channel":"system","dir":"out","t":"2026-07-19T02:51:43.998429Z","type":"osc"}
{"channel":"rr","display":0,"mu":0,"quality":"OK","raw":1825.4,"sigma":1.5,"state":"IDLE","t":"2026-07-19T02:51:44.0027606Z","type":"sample"}
{"channel":"gsr","display":2485.8,"mu":0,"quality":"OK","raw":2485.8,"sigma":10,"state":"IDLE","t":"2026-07-19T02:51:44.0116246Z","type":"sample"}
{"channel":"rr","display":0,"mu":0,"quality":"OK","raw":1820.1,"sigma":1.5,"state":"IDLE","t":"2026-07-19T02:51:44.0432664Z","type":"sample"}
{"channel":"rr","display":0,"mu":0,"quality":"OK","raw":1813.1,"sigma":1.5,"state":"IDLE","t":"2026-07-19T02:51:44.0836855Z","type":"sample"}
{"channel":"gsr","display":2491.5,"mu":0,"quality":"OK","raw":2491.5,"sigma":10,"state":"IDLE","t":"2026-07-19T02:51:44.1119649Z","type":"sample"}
{"channel":"rr","display":0,"mu":0,"quality":"OK","raw":1810.4,"sigma":1.5,"state":"IDLE","t":"2026-07-19T02:51:44.1226281Z","type":"sample"}
{"channel":"rr","display":0,"mu":0,"quality":"OK","raw":1807.3,"sigma":1.5,"state":"IDLE","t":"2026-07-19T02:51:44.1632102Z","type":"sample"}
{"channel":"rr","display":0,"mu":0,"quality":"OK","raw":1797.8,"sigma":1.5,"state":"IDLE","t":"2026-07-19T02:51:44.2026015Z","type":"sample"}
{"channel":"gsr","display":2488.4,"mu":0,"quality":"OK","raw":2488.4,"sigma":10,"state":"IDLE","t":"2026-07-19T02:51:44.2124056Z","type":"sample"}
{"channel":"hr","display":61,"mu":0,"quality":"OK","raw":61,"sigma":3,"state":"IDLE","t":"2026-07-19T02:51:44.2733557Z","type":"sample"}
{"channel":"rr","display":0,"mu":0,"quality":"OK","raw":1744.8,"sigma":1.5,"state":"IDLE","t":"2026-07-19T02:51:44.278211Z","type":"sample"}
{"address":"/cue/bpm061/start","args":null,"channel":"system","dir":"out","t":"2026-07-19T02:51:44.3010378Z","type":"osc"}
{"address":"/cue/g1/start","args":null,"channel":"system","dir":"out","t":"2026-07-19T02:51:44.3021257Z","type":"osc"}
{"channel":"gsr","display":2480.1,"mu":0,"quality":"OK","raw":2480.1,"sigma":10,"state":"IDLE","t":"2026-07-19T02:51:44.3086176Z","type":"sample"}
{"channel":"rr","display":0,"mu":0,"quality":"OK","raw":1690.6,"sigma":1.5,"state":"IDLE","t":"2026-07-19T02:51:44.3172759Z","type":"sample"}
{"channel":"rr","display":0,"mu":0,"quality":"OK","raw":1647.8,"sigma":1.5,"state":"IDLE","t":"2026-07-19T02:51:44.3571291Z","type":"sample"}
{"channel":"rr","display":0,"mu":0,"quality":"OK","raw":1621.3,"sigma":1.5,"state":"IDLE","t":"2026-07-19T02:51:44.389743Z","type":"sample"}
{"channel":"gsr","display":2485.8,"mu":0,"quality":"OK","raw":2485.8,"sigma":10,"state":"IDLE","t":"2026-07-19T02:51:44.4062082Z","type":"sample"}
{"channel":"rr","display":0,"mu":0,"quality":"OK","raw":1590.4,"sigma":1.5,"state":"IDLE","t":"2026-07-19T02:51:44.4372549Z","type":"sample"}
{"channel":"rr","display":0,"mu":0,"quality":"OK","raw":1558.4,"sigma":1.5,"state":"IDLE","t":"2026-07-19T02:51:44.4772215Z","type":"sample"}
{"channel":"gsr","display":2496.1,"mu":0,"quality":"OK","raw":2496.1,"sigma":10,"state":"IDLE","t":"2026-07-19T02:51:44.5061007Z","type":"sample"}
{"channel":"rr","display":0,"mu":0,"quality":"OK","raw":1527.7,"sigma":1.5,"state":"IDLE","t":"2026-07-19T02:51:44.5159475Z","type":"sample"}
{"channel":"rr","display":0,"mu":0,"quality":"OK","raw":1505.9,"sigma":1.5,"state":"IDLE","t":"2026-07-19T02:51:44.5572475Z","type":"sample"}
{"channel":"rr","display":0,"mu":0,"quality":"OK","raw":1483.6,"sigma":1.5,"state":"IDLE","t":"2026-07-19T02:51:44.5888407Z","type":"sample"}
{"channel":"gsr","display":2499.1,"mu":0,"quality":"OK","raw":2499.1,"sigma":10,"state":"IDLE","t":"2026-07-19T02:51:44.6124072Z","type":"sample"}
{"channel":"rr","display":0,"mu":0,"quality":"OK","raw":1462.8,"sigma":1.5,"state":"IDLE","t":"2026-07-19T02:51:44.6372286Z","type":"sample"}
{"address":"/cue/p/start","args":null,"channel":"system","dir":"out","t":"2026-07-19T02:51:44.6694681Z","type":"osc"}
{"channel":"rr","display":0,"mu":0,"quality":"OK","raw":1454.3,"sigma":1.5,"state":"IDLE","t":"2026-07-19T02:51:44.6771988Z","type":"sample"}
{"channel":"gsr","display":2497.4,"mu":0,"quality":"OK","raw":2497.4,"sigma":10,"state":"IDLE","t":"2026-07-19T02:51:44.7065544Z","type":"sample"}
{"channel":"rr","display":0,"mu":0,"quality":"OK","raw":1441.2,"sigma":1.5,"state":"IDLE","t":"2026-07-19T02:51:44.7170138Z","type":"sample"}
{"channel":"hr","display":61,"mu":0,"quality":"OK","raw":61,"sigma":3,"state":"IDLE","t":"2026-07-19T02:51:44.722606Z","type":"sample"}
{"channel":"rr","display":0,"mu":0,"quality":"OK","raw":1435.1,"sigma":1.5,"state":"IDLE","t":"2026-07-19T02:51:44.7573725Z","type":"sample"}
{"channel":"rr","display":0,"mu":0,"quality":"OK","raw":1430.4,"sigma":1.5,"state":"IDLE","t":"2026-07-19T02:51:44.7956701Z","type":"sample"}
{"channel":"gsr","display":2492.1,"mu":0,"quality":"OK","raw":2492.1,"sigma":10,"state":"IDLE","t":"2026-07-19T02:51:44.8118943Z","type":"sample"}
{"channel":"rr","display":0,"mu":0,"quality":"OK","raw":1427.4,"sigma":1.5,"state":"IDLE","t":"2026-07-19T02:51:44.837239Z","type":"sample"}
{"channel":"rr","display":0,"mu":0,"quality":"OK","raw":1423.7,"sigma":1.5,"state":"IDLE","t":"2026-07-19T02:51:44.8767852Z","type":"sample"}
{"channel":"gsr","display":2485,"mu":0,"quality":"OK","raw":2485,"sigma":10,"state":"IDLE","t":"2026-07-19T02:51:44.9105228Z","type":"sample"}
{"channel":"rr","display":0,"mu":0,"quality":"OK","raw":1421.2,"sigma":1.5,"state":"IDLE","t":"2026-07-19T02:51:44.9163516Z","type":"sample"}
{"channel":"rr","display":0,"mu":0,"quality":"OK","raw":1417.6,"sigma":1.5,"state":"IDLE","t":"2026-07-19T02:51:44.957297Z","type":"sample"}
{"channel":"rr","display":0,"mu":0,"quality":"OK","raw":1415.2,"sigma":1.5,"state":"IDLE","t":"2026-07-19T02:51:44.9917377Z","type":"sample"}
{"address":"/cue/r1/start","args":null,"channel":"system","dir":"out","t":"2026-07-19T02:51:45.0056623Z","type":"osc"}
{"channel":"gsr","display":2479.8,"mu":0,"quality":"OK","raw":2479.8,"sigma":10,"state":"IDLE","t":"2026-07-19T02:51:45.0095644Z","type":"sample"}
{"channel":"rr","display":0,"mu":0,"quality":"OK","raw":1411.1,"sigma":1.5,"state":"IDLE","t":"2026-07-19T02:51:45.0371091Z","type":"sample"}
{"channel":"rr","display":0,"mu":0,"quality":"OK","raw":1410.5,"sigma":1.5,"state":"IDLE","t":"2026-07-19T02:51:45.0729919Z","type":"sample"}
{"channel":"gsr","display":2471.9,"mu":0,"quality":"OK","raw":2471.9,"sigma":10,"state":"IDLE","t":"2026-07-19T02:51:45.109567Z","type":"sample"}
{"channel":"rr","display":0,"mu":0,"quality":"OK","raw":1409.1,"sigma":1.5,"state":"IDLE","t":"2026-07-19T02:51:45.1170348Z","type":"sample"}
{"channel":"rr","display":0,"mu":0,"quality":"OK","raw":1407.6,"sigma":1.5,"state":"IDLE","t":"2026-07-19T02:51:45.1553846Z","type":"sample"}
{"channel":"rr","display":0,"mu":0,"quality":"OK","raw":1406.1,"sigma":1.5,"state":"IDLE","t":"2026-07-19T02:51:45.1887207Z","type":"sample"}
{"channel":"gsr","display":2471.9,"mu":0,"quality":"OK","raw":2471.9,"sigma":10,"state":"IDLE","t":"2026-07-19T02:51:45.206679Z","type":"sample"}
{"channel":"hr","display":61,"mu":0,"quality":"OK","raw":61,"sigma":3,"state":"IDLE","t":"2026-07-19T02:51:45.2227304Z","type":"sample"}
{"channel":"rr","display":0,"mu":0,"quality":"OK","raw":1405.2,"sigma":1.5,"state":"IDLE","t":"2026-07-19T02:51:45.2370972Z","type":"sample"}
{"channel":"rr","display":0,"mu":0,"quality":"OK","raw":1403.7,"sigma":1.5,"state":"IDLE","t":"2026-07-19T02:51:45.2755407Z","type":"sample"}
{"address":"/cue/bpm061/start","args":null,"channel":"system","dir":"out","t":"2026-07-19T02:51:45.3117002Z","type":"osc"}
{"channel":"gsr","display":2465.2,"mu":0,"quality":"OK","raw":2465.2,"sigma":10,"state":"IDLE","t":"2026-07-19T02:51:45.3122094Z","type":"sample"}
{"address":"/cue/g1/start","args":null,"channel":"system","dir":"out","t":"2026-07-19T02:51:45.3127204Z","type":"osc"}
{"channel":"rr","display":0,"mu":0,"quality":"OK","raw":1402.4,"sigma":1.5,"state":"IDLE","t":"2026-07-19T02:51:45.3172098Z","type":"sample"}
{"channel":"rr","display":0,"mu":0,"quality":"OK","raw":1401.1,"sigma":1.5,"state":"IDLE","t":"2026-07-19T02:51:45.3570893Z","type":"sample"}
{"channel":"rr","display":0,"mu":0,"quality":"OK","raw":1402.2,"sigma":1.5,"state":"IDLE","t":"2026-07-19T02:51:45.3972575Z","type":"sample"}
{"channel":"gsr","display":2466,"mu":0,"quality":"OK","raw":2466,"sigma":10,"state":"IDLE","t":"2026-07-19T02:51:45.4064182Z","type":"sample"}
{"channel":"rr","display":0,"mu":0,"quality":"OK","raw":1400.8,"sigma":1.5,"state":"IDLE","t":"2026-07-19T02:51:45.434808Z","type":"sample"}
{"channel":"rr","display":0,"mu":0,"quality":"OK","raw":1400.8,"sigma":1.5,"state":"IDLE","t":"2026-07-19T02:51:45.4758381Z","type":"sample"}
{"channel":"gsr","display":2460.2,"mu":0,"quality":"OK","raw":2460.2,"sigma":10,"state":"IDLE","t":"2026-07-19T02:51:45.5122293Z","type":"sample"}
{"channel":"rr","display":0,"mu":0,"quality":"OK","raw":1401.9,"sigma":1.5,"state":"IDLE","t":"2026-07-19T02:51:45.5165482Z","type":"sample"}
{"channel":"rr","display":0,"mu":0,"quality":"OK","raw":1400.2,"sigma":1.5,"state":"IDLE","t":"2026-07-19T02:51:45.557255Z","type":"sample"}
{"channel":"rr","display":0,"mu":0,"quality":"OK","raw":1401.3,"sigma":1.5,"state":"IDLE","t":"2026-07-19T02:51:45.5973537Z","type":"sample"}
{"channel":"gsr","display":2456.7,"mu":0,"quality":"OK","raw":2456.7,"sigma":10,"state":"IDLE","t":"2026-07-19T02:51:45.6115825Z","type":"sample"}
{"channel":"rr","display":0,"mu":0,"quality":"OK","raw":1399.4,"sigma":1.5,"state":"IDLE","t":"2026-07-19T02:51:45.6365435Z","type":"sample"}
{"address":"/cue/p/start","args":null,"channel":"system","dir":"out","t":"2026-07-19T02:51:45.6540444Z","type":"osc"}
{"channel":"rr","display":0,"mu":0,"quality":"OK","raw":1401.1,"sigma":1.5,"state":"IDLE","t":"2026-07-19T02:51:45.6768661Z","type":"sample"}
{"channel":"gsr","display":2450.4,"mu":0,"quality":"OK","raw":2450.4,"sigma":10,"state":"IDLE","t":"2026-07-19T02:51:45.7117917Z","type":"sample"}
{"channel":"rr","display":0,"mu":0,"quality":"OK","raw":1400.2,"sigma":1.5,"state":"IDLE","t":"2026-07-19T02:51:45.7170682Z","type":"sample"}
{"channel":"hr","display":64,"mu":0,"quality":"OK","raw":64,"sigma":3,"state":"IDLE","t":"2026-07-19T02:51:45.7224294Z","type":"sample"}
{"channel":"rr","display":0,"mu":0,"quality":"OK","raw":1399.6,"sigma":1.5,"state":"IDLE","t":"2026-07-19T02:51:45.7572525Z","type":"sample"}
{"channel":"rr","display":0,"mu":0,"quality":"OK","raw":1399.8,"sigma":1.5,"state":"IDLE","t":"2026-07-19T02:51:45.7908051Z","type":"sample"}
{"channel":"gsr","display":2444.3,"mu":0,"quality":"OK","raw":2444.3,"sigma":10,"state":"IDLE","t":"2026-07-19T02:51:45.8099831Z","type":"sample"}
{"channel":"rr","display":0,"mu":0,"quality":"OK","raw":1399.8,"sigma":1.5,"state":"IDLE","t":"2026-07-19T02:51:45.837181Z","type":"sample"}
{"channel":"rr","display":0,"mu":0,"quality":"OK","raw":1398.9,"sigma":1.5,"state":"IDLE","t":"2026-07-19T02:51:45.8771454Z","type":"sample"}
{"channel":"gsr","display":2444.7,"mu":0,"quality":"OK","raw":2444.7,"sigma":10,"state":"IDLE","t":"2026-07-19T02:51:45.906878Z","type":"sample"}
{"channel":"rr","display":0,"mu":0,"quality":"OK","raw":1398,"sigma":1.5,"state":"IDLE","t":"2026-07-19T02:51:45.9171688Z","type":"sample"}
{"channel":"rr","display":0,"mu":0,"quality":"OK","raw":1396.8,"sigma":1.5,"state":"IDLE","t":"2026-07-19T02:51:45.95612Z","type":"sample"}
{"channel":"rr","display":0,"mu":0,"quality":"OK","raw":1397.9,"sigma":1.5,"state":"IDLE","t":"2026-07-19T02:51:45.9973472Z","type":"sample"}
{"channel":"gsr","display":2442.2,"mu":0,"quality":"OK","raw":2442.2,"sigma":10,"state":"IDLE","t":"2026-07-19T02:51:46.0124253Z","type":"sample"}
{"address":"/cue/r1/start","args":null,"channel":"system","dir":"out","t":"2026-07-19T02:51:46.0209908Z","type":"osc"}
{"channel":"rr","display":0,"mu":0,"quality":"OK","raw":1397.9,"sigma":1.5,"state":"IDLE","t":"2026-07-19T02:51:46.0370444Z","type":"sample"}
{"channel":"rr","display":0,"mu":0,"quality":"OK","raw":1394.5,"sigma":1.5,"state":"IDLE","t":"2026-07-19T02:51:46.0766147Z","type":"sample"}
{"channel":"gsr","display":2438.4,"mu":0,"quality":"OK","raw":2438.4,"sigma":10,"state":"IDLE","t":"2026-07-19T02:51:46.1057362Z","type":"sample"}
{"channel":"rr","display":0,"mu":0,"quality":"OK","raw":1394.3,"sigma":1.5,"state":"IDLE","t":"2026-07-19T02:51:46.1171642Z","type":"sample"}
{"channel":"rr","display":0,"mu":0,"quality":"OK","raw":1387.1,"sigma":1.5,"state":"IDLE","t":"2026-07-19T02:51:46.1554842Z","type":"sample"}
{"channel":"rr","display":0,"mu":0,"quality":"OK","raw":1378,"sigma":1.5,"state":"IDLE","t":"2026-07-19T02:51:46.1972317Z","type":"sample"}
{"channel":"gsr","display":2439.4,"mu":0,"quality":"OK","raw":2439.4,"sigma":10,"state":"IDLE","t":"2026-07-19T02:51:46.2058163Z","type":"sample"}
{"channel":"hr","display":64,"mu":0,"quality":"OK","raw":64,"sigma":3,"state":"IDLE","t":"2026-07-19T02:51:46.2230208Z","type":"sample"}
{"channel":"rr","display":0,"mu":0,"quality":"OK","raw":1364.8,"sigma":1.5,"state":"IDLE","t":"2026-07-19T02:51:46.2371114Z","type":"sample"}
{"channel":"rr","display":0,"mu":0,"quality":"OK","raw":1354.9,"sigma":1.5,"state":"IDLE","t":"2026-07-19T02:51:46.2728987Z","type":"sample"}
{"channel":"gsr","display":2438.5,"mu":0,"quality":"OK","raw":2438.5,"sigma":10,"state":"IDLE","t":"2026-07-19T02:51:46.3122534Z","type":"sample"}
{"channel":"rr","display":0,"mu":0,"quality":"OK","raw":1345.7,"sigma":1.5,"state":"IDLE","t":"2026-07-19T02:51:46.3167888Z","type":"sample"}
{"address":"/cue/bpm064/start","args":null,"channel":"system","dir":"out","t":"2026-07-19T02:51:46.322901Z","type":"osc"}
{"address":"/cue/g1/start","args":null,"channel":"system","dir":"out","t":"2026-07-19T02:51:46.3239421Z","type":"osc"}
{"channel":"rr","display":0,"mu":0,"quality":"OK","raw":1339.6,"sigma":1.5,"state":"IDLE","t":"2026-07-19T02:51:46.3566325Z","type":"sample"}
{"channel":"rr","display":0,"mu":0,"quality":"OK","raw":1334.1,"sigma":1.5,"state":"IDLE","t":"2026-07-19T02:51:46.3968643Z","type":"sample"}
{"channel":"gsr","display":2442.2,"mu":0,"quality":"OK","raw":2442.2,"sigma":10,"state":"IDLE","t":"2026-07-19T02:51:46.4059359Z","type":"sample"}
{"channel":"rr","display":0,"mu":0,"quality":"OK","raw":1324.4,"sigma":1.5,"state":"IDLE","t":"2026-07-19T02:51:46.4370737Z","type":"sample"}
{"channel":"rr","display":0,"mu":0,"quality":"OK","raw":1312.4,"sigma":1.5,"state":"IDLE","t":"2026-07-19T02:51:46.4771186Z","type":"sample"}
{"channel":"gsr","display":2438.2,"mu":0,"quality":"OK","raw":2438.2,"sigma":10,"state":"IDLE","t":"2026-07-19T02:51:46.5110136Z","type":"sample"}
{"channel":"rr","display":0,"mu":0,"quality":"OK","raw":1306.5,"sigma":1.5,"state":"IDLE","t":"2026-07-19T02:51:46.5166664Z","type":"sample"}
{"channel":"rr","display":0,"mu":0,"quality":"OK","raw":1302.3,"sigma":1.5,"state":"IDLE","t":"2026-07-19T02:51:46.5572446Z","type":"sample"}
{"channel":"rr","display":0,"mu":0,"quality":"OK","raw":1297.1,"sigma":1.5,"state":"IDLE","t":"2026-07-19T02:51:46.5975916Z","type":"sample"}
{"channel":"gsr","display":2435.5,"mu":0,"quality":"OK","raw":2435.5,"sigma":10,"state":"IDLE","t":"2026-07-19T02:51:46.6123991Z","type":"sample"}
{"channel":"rr","display":0,"mu":0,"quality":"OK","raw":1295.6,"sigma":1.5,"state":"IDLE","t":"2026-07-19T02:51:46.6368915Z","type":"sample"}
{"address":"/cue/p/start","args":null,"channel":"system","dir":"out","t":"2026-07-19T02:51:46.6374013Z","type":"osc"}
{"channel":"rr","display":0,"mu":0,"quality":"OK","raw":1296.1,"sigma":1.5,"state":"IDLE","t":"2026-07-19T02:51:46.675957Z","type":"sample"}
{"channel":"gsr","display":2435.7,"mu":0,"quality":"OK","raw":2435.7,"sigma":10,"state":"IDLE","t":"2026-07-19T02:51:46.7122783Z","type":"sample"}
{"channel":"rr","display":0,"mu":0,"quality":"OK","raw":1292.9,"sigma":1.5,"state":"IDLE","t":"2026-07-19T02:51:46.716498Z","type":"sample"}
{"channel":"hr","display":66,"mu":0,"quality":"OK","raw":66,"sigma":3,"state":"IDLE","t":"2026-07-19T02:51:46.7228048Z","type":"sample"}
{"channel":"rr","display":0,"mu":0,"quality":"OK","raw":1293.8,"sigma":1.5,"state":"IDLE","t":"2026-07-19T02:51:46.7568705Z","type":"sample"}
{"channel":"rr","display":0,"mu":0,"quality":"OK","raw":1293.4,"sigma":1.5,"state":"IDLE","t":"2026-07-19T02:51:46.7971791Z","type":"sample"}
{"channel":"gsr","display":2434.2,"mu":0,"quality":"OK","raw":2434.2,"sigma":10,"state":"IDLE","t":"2026-07-19T02:51:46.8123428Z","type":"sample"}
{"channel":"rr","display":0,"mu":0,"quality":"OK","raw":1293.8,"sigma":1.5,"state":"IDLE","t":"2026-07-19T02:51:46.8367196Z","type":"sample"}
{"channel":"rr","display":0,"mu":0,"quality":"OK","raw":1293.2,"sigma":1.5,"state":"IDLE","t":"2026-07-19T02:51:46.8773342Z","type":"sample"}
{"channel":"gsr","display":2433.5,"mu":0,"quality":"OK","raw":2433.5,"sigma":10,"state":"IDLE","t":"2026-07-19T02:51:46.9097347Z","type":"sample"}
{"channel":"rr","display":0,"mu":0,"quality":"OK","raw":1294.7,"sigma":1.5,"state":"IDLE","t":"2026-07-19T02:51:46.9161514Z","type":"sample"}
{"channel":"rr","display":0,"mu":0,"quality":"OK","raw":1292.6,"sigma":1.5,"state":"IDLE","t":"2026-07-19T02:51:46.9572209Z","type":"sample"}
{"channel":"rr","display":0,"mu":0,"quality":"OK","raw":1292.4,"sigma":1.5,"state":"IDLE","t":"2026-07-19T02:51:46.9895207Z","type":"sample"}
{"channel":"gsr","display":2437.1,"mu":0,"quality":"OK","raw":2437.1,"sigma":10,"state":"IDLE","t":"2026-07-19T02:51:47.0093451Z","type":"sample"}
{"address":"/cue/r1/start","args":null,"channel":"system","dir":"out","t":"2026-07-19T02:51:47.0295827Z","type":"osc"}
{"channel":"rr","display":0,"mu":0,"quality":"OK","raw":1294.9,"sigma":1.5,"state":"IDLE","t":"2026-07-19T02:51:47.036346Z","type":"sample"}
{"channel":"rr","display":0,"mu":0,"quality":"OK","raw":1293.3,"sigma":1.5,"state":"IDLE","t":"2026-07-19T02:51:47.0719173Z","type":"sample"}
{"channel":"gsr","display":2436.2,"mu":0,"quality":"OK","raw":2436.2,"sigma":10,"state":"IDLE","t":"2026-07-19T02:51:47.1122615Z","type":"sample"}
{"channel":"rr","display":0,"mu":0,"quality":"OK","raw":1293.9,"sigma":1.5,"state":"IDLE","t":"2026-07-19T02:51:47.1168715Z","type":"sample"}
{"channel":"rr","display":0,"mu":0,"quality":"OK","raw":1293.8,"sigma":1.5,"state":"IDLE","t":"2026-07-19T02:51:47.1561219Z","type":"sample"}
{"channel":"rr","display":0,"mu":0,"quality":"OK","raw":1293.6,"sigma":1.5,"state":"IDLE","t":"2026-07-19T02:51:47.1888265Z","type":"sample"}
{"channel":"gsr","display":2443.5,"mu":0,"quality":"OK","raw":2443.5,"sigma":10,"state":"IDLE","t":"2026-07-19T02:51:47.2060716Z","type":"sample"}
{"channel":"hr","display":66,"mu":0,"quality":"OK","raw":66,"sigma":3,"state":"IDLE","t":"2026-07-19T02:51:47.223044Z","type":"sample"}
{"channel":"rr","display":0,"mu":0,"quality":"OK","raw":1295.4,"sigma":1.5,"state":"IDLE","t":"2026-07-19T02:51:47.2373305Z","type":"sample"}
{"channel":"rr","display":0,"mu":0,"quality":"OK","raw":1293.5,"sigma":1.5,"state":"IDLE","t":"2026-07-19T02:51:47.2758856Z","type":"sample"}
{"channel":"gsr","display":2446.3,"mu":0,"quality":"OK","raw":2446.3,"sigma":10,"state":"IDLE","t":"2026-07-19T02:51:47.30533Z","type":"sample"}
{"channel":"rr","display":0,"mu":0,"quality":"OK","raw":1293.5,"sigma":1.5,"state":"IDLE","t":"2026-07-19T02:51:47.3172349Z","type":"sample"}
{"address":"/cue/bpm066/start","args":null,"channel":"system","dir":"out","t":"2026-07-19T02:51:47.3318321Z","type":"osc"}
{"address":"/cue/g1/start","args":null,"channel":"system","dir":"out","t":"2026-07-19T02:51:47.3330328Z","type":"osc"}
{"channel":"rr","display":0,"mu":0,"quality":"OK","raw":1293.9,"sigma":1.5,"state":"IDLE","t":"2026-07-19T02:51:47.357073Z","type":"sample"}
{"channel":"rr","display":0,"mu":0,"quality":"OK","raw":1294.2,"sigma":1.5,"state":"IDLE","t":"2026-07-19T02:51:47.3972941Z","type":"sample"}
{"channel":"gsr","display":2446.9,"mu":0,"quality":"OK","raw":2446.9,"sigma":10,"state":"IDLE","t":"2026-07-19T02:51:47.412234Z","type":"sample"}
{"channel":"rr","display":0,"mu":0,"quality":"OK","raw":1294.2,"sigma":1.5,"state":"IDLE","t":"2026-07-19T02:51:47.4367193Z","type":"sample"}
{"channel":"rr","display":0,"mu":0,"quality":"OK","raw":1294.2,"sigma":1.5,"state":"IDLE","t":"2026-07-19T02:51:47.4771332Z","type":"sample"}
{"channel":"gsr","display":2450.8,"mu":0,"quality":"OK","raw":2450.8,"sigma":10,"state":"IDLE","t":"2026-07-19T02:51:47.5125188Z","type":"sample"}
{"channel":"rr","display":0,"mu":0,"quality":"OK","raw":1294.4,"sigma":1.5,"state":"IDLE","t":"2026-07-19T02:51:47.5165823Z","type":"sample"}
{"channel":"rr","display":0,"mu":0,"quality":"OK","raw":1295.1,"sigma":1.5,"state":"IDLE","t":"2026-07-19T02:51:47.5552247Z","type":"sample"}
{"address":"/cue/p/start","args":null,"channel":"system","dir":"out","t":"2026-07-19T02:51:47.5759083Z","type":"osc"}
{"channel":"rr","display":0,"mu":0,"quality":"OK","raw":1296,"sigma":1.5,"state":"IDLE","t":"2026-07-19T02:51:47.5920348Z","type":"sample"}
{"channel":"gsr","display":2450.1,"mu":0,"quality":"OK","raw":2450.1,"sigma":10,"state":"IDLE","t":"2026-07-19T02:51:47.6083711Z","type":"sample"}
{"channel":"rr","display":0,"mu":0,"quality":"OK","raw":1294.2,"sigma":1.5,"state":"IDLE","t":"2026-07-19T02:51:47.6371451Z","type":"sample"}
{"channel":"rr","display":0,"mu":0,"quality":"OK","raw":1295.1,"sigma":1.5,"state":"IDLE","t":"2026-07-19T02:51:47.6743456Z","type":"sample"}
{"channel":"gsr","display":2444.2,"mu":0,"quality":"OK","raw":2444.2,"sigma":10,"state":"IDLE","t":"2026-07-19T02:51:47.7090352Z","type":"sample"}
{"channel":"rr","display":0,"mu":0,"quality":"OK","raw":1295.2,"sigma":1.5,"state":"IDLE","t":"2026-07-19T02:51:47.7164811Z","type":"sample"}
{"channel":"hr","display":68,"mu":0,"quality":"OK","raw":68,"sigma":3,"state":"IDLE","t":"2026-07-19T02:51:47.7225713Z","type":"sample"}
{"channel":"rr","display":0,"mu":0,"quality":"OK","raw":1294.4,"sigma":1.5,"state":"IDLE","t":"2026-07-19T02:51:47.7556078Z","type":"sample"}
{"channel":"rr","display":0,"mu":0,"quality":"OK","raw":1295.4,"sigma":1.5,"state":"IDLE","t":"2026-07-19T02:51:47.7908099Z","type":"sample"}
{"channel":"gsr","display":2451.9,"mu":0,"quality":"OK","raw":2451.9,"sigma":10,"state":"IDLE","t":"2026-07-19T02:51:47.8122492Z","type":"sample"}
{"channel":"rr","display":0,"mu":0,"quality":"OK","raw":1295.9,"sigma":1.5,"state":"IDLE","t":"2026-07-19T02:51:47.8370863Z","type":"sample"}
{"channel":"rr","display":0,"mu":0,"quality":"OK","raw":1295.2,"sigma":1.5,"state":"IDLE","t":"2026-07-19T02:51:47.8773171Z","type":"sample"}
{"channel":"gsr","display":2454.2,"mu":0,"quality":"OK","raw":2454.2,"sigma":10,"state":"IDLE","t":"2026-07-19T02:51:47.9121833Z","type":"sample"}
{"channel":"rr","display":0,"mu":0,"quality":"OK","raw":1297,"sigma":1.5,"state":"IDLE","t":"2026-07-19T02:51:47.916849Z","type":"sample"}
{"channel":"rr","display":0,"mu":0,"quality":"OK","raw":1297.9,"sigma":1.5,"state":"IDLE","t":"2026-07-19T02:51:47.9553739Z","type":"sample"}
{"channel":"rr","display":0,"mu":0,"quality":"OK","raw":1305.5,"sigma":1.5,"state":"IDLE","t":"2026-07-19T02:51:47.9889777Z","type":"sample"}
{"channel":"gsr","display":2458,"mu":0,"quality":"OK","raw":2458,"sigma":10,"state":"IDLE","t":"2026-07-19T02:51:48.0058862Z","type":"sample"}
{"address":"/cue/r1/start","args":null,"channel":"system","dir":"out","t":"2026-07-19T02:51:48.0368123Z","type":"osc"}
{"channel":"rr","display":0,"mu":0,"quality":"OK","raw":1308.1,"sigma":1.5,"state":"IDLE","t":"2026-07-19T02:51:48.0368123Z","type":"sample"}
{"channel":"rr","display":0,"mu":0,"quality":"OK","raw":1311.1,"sigma":1.5,"state":"IDLE","t":"2026-07-19T02:51:48.0760745Z","type":"sample"}
{"channel":"gsr","display":2457.2,"mu":0,"quality":"OK","raw":2457.2,"sigma":10,"state":"IDLE","t":"2026-07-19T02:51:48.1122541Z","type":"sample"}
{"channel":"rr","display":0,"mu":0,"quality":"OK","raw":1317.4,"sigma":1.5,"state":"IDLE","t":"2026-07-19T02:51:48.1168847Z","type":"sample"}
{"channel":"rr","display":0,"mu":0,"quality":"OK","raw":1322.2,"sigma":1.5,"state":"IDLE","t":"2026-07-19T02:51:48.156216Z","type":"sample"}
{"channel":"rr","display":0,"mu":0,"quality":"OK","raw":1326.6,"sigma":1.5,"state":"IDLE","t":"2026-07-19T02:51:48.1914001Z","type":"sample"}
{"channel":"gsr","display":2462.1,"mu":0,"quality":"OK","raw":2462.1,"sigma":10,"state":"IDLE","t":"2026-07-19T02:51:48.2067826Z","type":"sample"}
{"channel":"hr","display":68,"mu":0,"quality":"OK","raw":68,"sigma":3,"state":"IDLE","t":"2026-07-19T02:51:48.222858Z","type":"sample"}
{"channel":"rr","display":0,"mu":0,"quality":"OK","raw":1333.3,"sigma":1.5,"state":"IDLE","t":"2026-07-19T02:51:48.2369626Z","type":"sample"}
{"channel":"rr","display":0,"mu":0,"quality":"OK","raw":1339.6,"sigma":1.5,"state":"IDLE","t":"2026-07-19T02:51:48.2762424Z","type":"sample"}
{"channel":"gsr","display":2460.7,"mu":0,"quality":"OK","raw":2460.7,"sigma":10,"state":"IDLE","t":"2026-07-19T02:51:48.3119224Z","type":"sample"}
{"channel":"rr","display":0,"mu":0,"quality":"OK","raw":1352.8,"sigma":1.5,"state":"IDLE","t":"2026-07-19T02:51:48.3168585Z","type":"sample"}
{"address":"/cue/bpm068/start","args":null,"channel":"system","dir":"out","t":"2026-07-19T02:51:48.3381985Z","type":"osc"}
{"address":"/cue/g1/start","args":null,"channel":"system","dir":"out","t":"2026-07-19T02:51:48.3392566Z","type":"osc"}
{"channel":"rr","display":0,"mu":0,"quality":"OK","raw":1363.4,"sigma":1.5,"state":"IDLE","t":"2026-07-19T02:51:48.3570213Z","type":"sample"}
{"channel":"rr","display":0,"mu":0,"quality":"OK","raw":1371,"sigma":1.5,"state":"IDLE","t":"2026-07-19T02:51:48.397339Z","type":"sample"}
{"channel":"gsr","display":2464.5,"mu":0,"quality":"OK","raw":2464.5,"sigma":10,"state":"IDLE","t":"2026-07-19T02:51:48.4121472Z","type":"sample"}
{"channel":"rr","display":0,"mu":0,"quality":"OK","raw":1379.8,"sigma":1.5,"state":"IDLE","t":"2026-07-19T02:51:48.4371919Z","type":"sample"}
{"channel":"rr","display":0,"mu":0,"quality":"OK","raw":1387.4,"sigma":1.5,"state":"IDLE","t":"2026-07-19T02:51:48.4772454Z","type":"sample"}
{"address":"/cue/p/start","args":null,"channel":"system","dir":"out","t":"2026-07-19T02:51:48.48613Z","type":"osc"}
{"channel":"gsr","display":2469.4,"mu":0,"quality":"OK","raw":2469.4,"sigma":10,"state":"IDLE","t":"2026-07-19T02:51:48.5083081Z","type":"sample"}
{"channel":"rr","display":0,"mu":0,"quality":"OK","raw":1399.8,"sigma":1.5,"state":"IDLE","t":"2026-07-19T02:51:48.5163767Z","type":"sample"}
{"channel":"rr","display":0,"mu":0,"quality":"OK","raw":1410.6,"sigma":1.5,"state":"IDLE","t":"2026-07-19T02:51:48.5576059Z","type":"sample"}
{"channel":"rr","display":0,"mu":0,"quality":"OK","raw":1420.6,"sigma":1.5,"state":"IDLE","t":"2026-07-19T02:51:48.5973068Z","type":"sample"}
{"channel":"gsr","display":2467.5,"mu":0,"quality":"OK","raw":2467.5,"sigma":10,"state":"IDLE","t":"2026-07-19T02:51:48.6123432Z","type":"sample"}
{"channel":"rr","display":0,"mu":0,"quality":"OK","raw":1432,"sigma":1.5,"state":"IDLE","t":"2026-07-19T02:51:48.6368418Z","type":"sample"}
{"channel":"rr","display":0,"mu":0,"quality":"OK","raw":1438.6,"sigma":1.5,"state":"IDLE","t":"2026-07-19T02:51:48.6719565Z","type":"sample"}
{"channel":"gsr","display":2470.3,"mu":0,"quality":"OK","raw":2470.3,"sigma":10,"state":"IDLE","t":"2026-07-19T02:51:48.7055203Z","type":"sample"}
{"channel":"rr","display":0,"mu":0,"quality":"OK","raw":1442.6,"sigma":1.5,"state":"IDLE","t":"2026-07-19T02:51:48.7171704Z","type":"sample"}
{"channel":"hr","display":69,"mu":0,"quality":"OK","raw":69,"sigma":3,"state":"IDLE","t":"2026-07-19T02:51:48.7433514Z","type":"sample"}
{"channel":"rr","display":0,"mu":0,"quality":"OK","raw":1451,"sigma":1.5,"state":"IDLE","t":"2026-07-19T02:51:48.7561146Z","type":"sample"}
{"channel":"rr","display":0,"mu":0,"quality":"OK","raw":1458.4,"sigma":1.5,"state":"IDLE","t":"2026-07-19T02:51:48.7973231Z","type":"sample"}
{"channel":"gsr","display":2469.6,"mu":0,"quality":"OK","raw":2469.6,"sigma":10,"state":"IDLE","t":"2026-07-19T02:51:48.8061691Z","type":"sample"}
{"channel":"rr","display":0,"mu":0,"quality":"OK","raw":1467.3,"sigma":1.5,"state":"IDLE","t":"2026-07-19T02:51:48.8372521Z","type":"sample"}
{"channel":"rr","display":0,"mu":0,"quality":"OK","raw":1481.6,"sigma":1.5,"state":"IDLE","t":"2026-07-19T02:51:48.8745304Z","type":"sample"}
{"channel":"gsr","display":2476,"mu":0,"quality":"OK","raw":2476,"sigma":10,"state":"IDLE","t":"2026-07-19T02:51:48.9055247Z","type":"sample"}
{"channel":"rr","display":0,"mu":0,"quality":"OK","raw":1491.6,"sigma":1.5,"state":"IDLE","t":"2026-07-19T02:51:48.916526Z","type":"sample"}
{"channel":"rr","display":0,"mu":0,"quality":"OK","raw":1501.9,"sigma":1.5,"state":"IDLE","t":"2026-07-19T02:51:48.9569295Z","type":"sample"}
{"channel":"rr","display":0,"mu":0,"quality":"OK","raw":1511.9,"sigma":1.5,"state":"IDLE","t":"2026-07-19T02:51:48.9889201Z","type":"sample"}
{"channel":"gsr","display":2481.8,"mu":0,"quality":"OK","raw":2481.8,"sigma":10,"state":"IDLE","t":"2026-07-19T02:51:49.0059432Z","type":"sample"}
{"channel":"rr","display":0,"mu":0,"quality":"OK","raw":1522.9,"sigma":1.5,"state":"IDLE","t":"2026-07-19T02:51:49.0338319Z","type":"sample"}
{"address":"/cue/r1/start","args":null,"channel":"system","dir":"out","t":"2026-07-19T02:51:49.045165Z","type":"osc"}
{"channel":"rr","display":0,"mu":0,"quality":"OK","raw":1536,"sigma":1.5,"state":"IDLE","t":"2026-07-19T02:51:49.0770629Z","type":"sample"}
{"channel":"gsr","display":2479.4,"mu":0,"quality":"OK","raw":2479.4,"sigma":10,"state":"IDLE","t":"2026-07-19T02:51:49.1121946Z","type":"sample"}
{"channel":"rr","display":0,"mu":0,"quality":"OK","raw":1555.2,"sigma":1.5,"state":"IDLE","t":"2026-07-19T02:51:49.1169887Z","type":"sample"}
{"channel":"rr","display":0,"mu":0,"quality":"OK","raw":1565.2,"sigma":1.5,"state":"IDLE","t":"2026-07-19T02:51:49.155994Z","type":"sample"}
{"channel":"rr","display":0,"mu":0,"quality":"OK","raw":1576.4,"sigma":1.5,"state":"IDLE","t":"2026-07-19T02:51:49.1974021Z","type":"sample"}
{"channel":"gsr","display":2489.7,"mu":0,"quality":"OK","raw":2489.7,"sigma":10,"state":"IDLE","t":"2026-07-19T02:51:49.2123662Z","type":"sample"}
{"channel":"hr","display":69,"mu":0,"quality":"OK","raw":69,"sigma":3,"state":"IDLE","t":"2026-07-19T02:51:49.2228006Z","type":"sample"}
{"channel":"rr","display":9.502692429521698,"mu":0,"quality":"OK","raw":1591,"sigma":1.5,"state":"IDLE","t":"2026-07-19T02:51:49.2369299Z","type":"sample"}
{"channel":"rr","display":9.502692429521698,"mu":0,"quality":"OK","raw":1603.8,"sigma":1.5,"state":"IDLE","t":"2026-07-19T02:51:49.2772095Z","type":"sample"}
{"channel":"gsr","display":2487.5,"mu":0,"quality":"OK","raw":2487.5,"sigma":10,"state":"IDLE","t":"2026-07-19T02:51:49.3081547Z","type":"sample"}
{"channel":"rr","display":9.502692429521698,"mu":0,"quality":"OK","raw":1616.4,"sigma":1.5,"state":"IDLE","t":"2026-07-19T02:51:49.3170184Z","type":"sample"}
{"address":"/cue/bpm069/start","args":null,"channel":"system","dir":"out","t":"2026-07-19T02:51:49.3472449Z","type":"osc"}
{"address":"/cue/g1/start","args":null,"channel":"system","dir":"out","t":"2026-07-19T02:51:49.3483166Z","type":"osc"}
{"channel":"rr","display":9.502692429521698,"mu":0,"quality":"OK","raw":1630.1,"sigma":1.5,"state":"IDLE","t":"2026-07-19T02:51:49.3571466Z","type":"sample"}
{"address":"/cue/p/start","args":null,"channel":"system","dir":"out","t":"2026-07-19T02:51:49.3696989Z","type":"osc"}
{"channel":"rr","display":9.502692429521698,"mu":0,"quality":"OK","raw":1642.4,"sigma":1.5,"state":"IDLE","t":"2026-07-19T02:51:49.3971926Z","type":"sample"}
{"channel":"gsr","display":2488.9,"mu":0,"quality":"OK","raw":2488.9,"sigma":10,"state":"IDLE","t":"2026-07-19T02:51:49.4122347Z","type":"sample"}
{"channel":"rr","display":9.502692429521698,"mu":0,"quality":"OK","raw":1661.1,"sigma":1.5,"state":"IDLE","t":"2026-07-19T02:51:49.4352078Z","type":"sample"}
{"channel":"rr","display":9.502692429521698,"mu":0,"quality":"OK","raw":1677,"sigma":1.5,"state":"IDLE","t":"2026-07-19T02:51:49.4758997Z","type":"sample"}
{"channel":"gsr","display":2495.4,"mu":0,"quality":"OK","raw":2495.4,"sigma":10,"state":"IDLE","t":"2026-07-19T02:51:49.5059749Z","type":"sample"}
{"channel":"rr","display":9.502692429521698,"mu":0,"quality":"OK","raw":1686.2,"sigma":1.5,"state":"IDLE","t":"2026-07-19T02:51:49.5165391Z","type":"sample"}
{"channel":"rr","display":9.502692429521698,"mu":0,"quality":"OK","raw":1690.9,"sigma":1.5,"state":"IDLE","t":"2026-07-19T02:51:49.5571457Z","type":"sample"}
{"channel":"rr","display":9.502692429521698,"mu":0,"quality":"OK","raw":1694.2,"sigma":1.5,"state":"IDLE","t":"2026-07-19T02:51:49.5897418Z","type":"sample"}
{"channel":"gsr","display":2495.2,"mu":0,"quality":"OK","raw":2495.2,"sigma":10,"state":"IDLE","t":"2026-07-19T02:51:49.6062004Z","type":"sample"}
{"channel":"rr","display":9.502692429521698,"mu":0,"quality":"OK","raw":1693.5,"sigma":1.5,"state":"IDLE","t":"2026-07-19T02:51:49.6372113Z","type":"sample"}
{"channel":"rr","display":9.502692429521698,"mu":0,"quality":"OK","raw":1695.4,"sigma":1.5,"state":"IDLE","t":"2026-07-19T02:51:49.6719494Z","type":"sample"}
{"channel":"gsr","display":2494.4,"mu":0,"quality":"OK","raw":2494.4,"sigma":10,"state":"IDLE","t":"2026-07-19T02:51:49.7055188Z","type":"sample"}
{"channel":"rr","display":9.502692429521698,"mu":0,"quality":"OK","raw":1694.9,"sigma":1.5,"state":"IDLE","t":"2026-07-19T02:51:49.7169725Z","type":"sample"}
{"channel":"hr","display":69,"mu":0,"quality":"OK","raw":69,"sigma":3,"state":"IDLE","t":"2026-07-19T02:51:49.7228653Z","type":"sample"}
{"channel":"rr","display":9.502692429521698,"mu":0,"quality":"OK","raw":1694.6,"sigma":1.5,"state":"IDLE","t":"2026-07-19T02:51:49.7561219Z","type":"sample"}
{"channel":"rr","display":9.502692429521698,"mu":0,"quality":"OK","raw":1694.1,"sigma":1.5,"state":"IDLE","t":"2026-07-19T02:51:49.7975195Z","type":"sample"}
{"channel":"gsr","display":2495.8,"mu":0,"quality":"OK","raw":2495.8,"sigma":10,"state":"IDLE","t":"2026-07-19T02:51:49.8124138Z","type":"sample"}
{"channel":"rr","display":9.502692429521698,"mu":0,"quality":"OK","raw":1694.1,"sigma":1.5,"state":"IDLE","t":"2026-07-19T02:51:49.8372044Z","type":"sample"}
{"channel":"rr","display":9.502692429521698,"mu":0,"quality":"OK","raw":1693.8,"sigma":1.5,"state":"IDLE","t":"2026-07-19T02:51:49.8768657Z","type":"sample"}
{"channel":"gsr","display":2498,"mu":0,"quality":"OK","raw":2498,"sigma":10,"state":"IDLE","t":"2026-07-19T02:51:49.9086942Z","type":"sample"}
{"channel":"rr","display":9.502692429521698,"mu":0,"quality":"OK","raw":1695.1,"sigma":1.5,"state":"IDLE","t":"2026-07-19T02:51:49.9167024Z","type":"sample"}
{"channel":"rr","display":9.502692429521698,"mu":0,"quality":"OK","raw":1693.5,"sigma":1.5,"state":"IDLE","t":"2026-07-19T02:51:49.9572072Z","type":"sample"}
{"channel":"rr","display":9.502692429521698,"mu":0,"quality":"OK","raw":1692.5,"sigma":1.5,"state":"IDLE","t":"2026-07-19T02:51:49.9957113Z","type":"sample"}
{"channel":"gsr","display":2501.1,"mu":0,"quality":"OK","raw":2501.1,"sigma":10,"state":"IDLE","t":"2026-07-19T02:51:50.0120899Z","type":"sample"}
{"channel":"rr","display":9.502692429521698,"mu":0,"quality":"OK","raw":1693.4,"sigma":1.5,"state":"IDLE","t":"2026-07-19T02:51:50.0370067Z","type":"sample"}
{"address":"/cue/r19/start","args":null,"channel":"system","dir":"out","t":"2026-07-19T02:51:50.0516376Z","type":"osc"}
{"channel":"rr","display":9.502692429521698,"mu":0,"quality":"OK","raw":1694.2,"sigma":1.5,"state":"IDLE","t":"2026-07-19T02:51:50.0767281Z","type":"sample"}
{"channel":"gsr","display":2503.2,"mu":0,"quality":"OK","raw":2503.2,"sigma":10,"state":"IDLE","t":"2026-07-19T02:51:50.1122294Z","type":"sample"}
{"channel":"rr","display":9.502692429521698,"mu":0,"quality":"OK","raw":1694.1,"sigma":1.5,"state":"IDLE","t":"2026-07-19T02:51:50.1159907Z","type":"sample"}
{"channel":"rr","display":9.502692429521698,"mu":0,"quality":"OK","raw":1693.9,"sigma":1.5,"state":"IDLE","t":"2026-07-19T02:51:50.1568692Z","type":"sample"}
{"channel":"rr","display":9.502692429521698,"mu":0,"quality":"OK","raw":1692.4,"sigma":1.5,"state":"IDLE","t":"2026-07-19T02:51:50.191536Z","type":"sample"}
{"channel":"gsr","display":2505.4,"mu":0,"quality":"OK","raw":2505.4,"sigma":10,"state":"IDLE","t":"2026-07-19T02:51:50.2123982Z","type":"sample"}
{"channel":"hr","display":69,"mu":0,"quality":"OK","raw":69,"sigma":3,"state":"IDLE","t":"2026-07-19T02:51:50.2227987Z","type":"sample"}
{"channel":"rr","display":9.502692429521698,"mu":0,"quality":"OK","raw":1693.1,"sigma":1.5,"state":"IDLE","t":"2026-07-19T02:51:50.2355657Z","type":"sample"}
{"address":"/cue/p/start","args":null,"channel":"system","dir":"out","t":"2026-07-19T02:51:50.2403055Z","type":"osc"}
{"channel":"rr","display":9.502692429521698,"mu":0,"quality":"OK","raw":1691.8,"sigma":1.5,"state":"IDLE","t":"2026-07-19T02:51:50.2736614Z","type":"sample"}
{"channel":"gsr","display":2505.4,"mu":0,"quality":"OK","raw":2505.4,"sigma":10,"state":"IDLE","t":"2026-07-19T02:51:50.3061428Z","type":"sample"}
{"channel":"rr","display":9.502692429521698,"mu":0,"quality":"OK","raw":1692.2,"sigma":1.5,"state":"IDLE","t":"2026-07-19T02:51:50.3165735Z","type":"sample"}
{"address":"/cue/bpm069/start","args":null,"channel":"system","dir":"out","t":"2026-07-19T02:51:50.3567702Z","type":"osc"}
{"channel":"rr","display":9.502692429521698,"mu":0,"quality":"OK","raw":1690.8,"sigma":1.5,"state":"IDLE","t":"2026-07-19T02:51:50.3567702Z","type":"sample"}
{"address":"/cue/g1/start","args":null,"channel":"system","dir":"out","t":"2026-07-19T02:51:50.357479Z","type":"osc"}
{"channel":"rr","display":9.502692429521698,"mu":0,"quality":"OK","raw":1692.1,"sigma":1.5,"state":"IDLE","t":"2026-07-19T02:51:50.3886024Z","type":"sample"}
{"channel":"gsr","display":2503,"mu":0,"quality":"OK","raw":2503,"sigma":10,"state":"IDLE","t":"2026-07-19T02:51:50.4109877Z","type":"sample"}
{"channel":"rr","display":9.502692429521698,"mu":0,"quality":"OK","raw":1691.1,"sigma":1.5,"state":"IDLE","t":"2026-07-19T02:51:50.4372032Z","type":"sample"}
{"channel":"rr","display":9.502692429521698,"mu":0,"quality":"OK","raw":1689.6,"sigma":1.5,"state":"IDLE","t":"2026-07-19T02:51:50.4726932Z","type":"sample"}
{"channel":"gsr","display":2508,"mu":0,"quality":"OK","raw":2508,"sigma":10,"state":"IDLE","t":"2026-07-19T02:51:50.505329Z","type":"sample"}
{"channel":"rr","display":9.502692429521698,"mu":0,"quality":"OK","raw":1684.8,"sigma":1.5,"state":"IDLE","t":"2026-07-19T02:51:50.5164834Z","type":"sample"}
{"channel":"rr","display":9.502692429521698,"mu":0,"quality":"OK","raw":1678.3,"sigma":1.5,"state":"IDLE","t":"2026-07-19T02:51:50.5555205Z","type":"sample"}
{"channel":"rr","display":9.502692429521698,"mu":0,"quality":"OK","raw":1672.9,"sigma":1.5,"state":"IDLE","t":"2026-07-19T02:51:50.5972586Z","type":"sample"}
{"channel":"gsr","display":2505.2,"mu":0,"quality":"OK","raw":2505.2,"sigma":10,"state":"IDLE","t":"2026-07-19T02:51:50.6058589Z","type":"sample"}
{"channel":"rr","display":9.502692429521698,"mu":0,"quality":"OK","raw":1670.6,"sigma":1.5,"state":"IDLE","t":"2026-07-19T02:51:50.6372045Z","type":"sample"}
{"channel":"rr","display":9.502692429521698,"mu":0,"quality":"OK","raw":1662.3,"sigma":1.5,"state":"IDLE","t":"2026-07-19T02:51:50.6771796Z","type":"sample"}
{"channel":"gsr","display":2504.5,"mu":0,"quality":"OK","raw":2504.5,"sigma":10,"state":"IDLE","t":"2026-07-19T02:51:50.7076652Z","type":"sample"}
{"channel":"rr","display":9.502692429521698,"mu":0,"quality":"OK","raw":1654,"sigma":1.5,"state":"IDLE","t":"2026-07-19T02:51:50.7168076Z","type":"sample"}
{"channel":"hr","display":69,"mu":0,"quality":"OK","raw":69,"sigma":3,"state":"IDLE","t":"2026-07-19T02:51:50.7228933Z","type":"sample"}
{"channel":"rr","display":9.502692429521698,"mu":0,"quality":"OK","raw":1643.1,"sigma":1.5,"state":"IDLE","t":"2026-07-19T02:51:50.7573451Z","type":"sample"}
{"channel":"rr","display":9.502692429521698,"mu":0,"quality":"OK","raw":1633.8,"sigma":1.5,"state":"IDLE","t":"2026-07-19T02:51:50.7963173Z","type":"sample"}
{"channel":"gsr","display":2499.9,"mu":0,"quality":"OK","raw":2499.9,"sigma":10,"state":"IDLE","t":"2026-07-19T02:51:50.8118267Z","type":"sample"}
{"channel":"rr","display":9.502692429521698,"mu":0,"quality":"OK","raw":1625.7,"sigma":1.5,"state":"IDLE","t":"2026-07-19T02:51:50.8333025Z","type":"sample"}
{"channel":"rr","display":9.502692429521698,"mu":0,"quality":"OK","raw":1615.4,"sigma":1.5,"state":"IDLE","t":"2026-07-19T02:51:50.875627Z","type":"sample"}
{"channel":"gsr","display":2501.3,"mu":0,"quality":"OK","raw":2501.3,"sigma":10,"state":"IDLE","t":"2026-07-19T02:51:50.9106678Z","type":"sample"}
{"channel":"rr","display":9.502692429521698,"mu":0,"quality":"OK","raw":1608.2,"sigma":1.5,"state":"IDLE","t":"2026-07-19T02:51:50.9174073Z","type":"sample"}
{"channel":"rr","display":9.502692429521698,"mu":0,"quality":"OK","raw":1598,"sigma":1.5,"state":"IDLE","t":"2026-07-19T02:51:50.95727Z","type":"sample"}
{"channel":"rr","display":9.502692429521698,"mu":0,"quality":"OK","raw":1590.3,"sigma":1.5,"state":"IDLE","t":"2026-07-19T02:51:50.9972042Z","type":"sample"}
{"channel":"gsr","display":2499.3,"mu":0,"quality":"OK","raw":2499.3,"sigma":10,"state":"IDLE","t":"2026-07-19T02:51:51.008917Z","type":"sample"}
{"channel":"rr","display":9.502692429521698,"mu":0,"quality":"OK","raw":1581.7,"sigma":1.5,"state":"IDLE","t":"2026-07-19T02:51:51.0372602Z","type":"sample"}
{"address":"/cue/r19/start","args":null,"channel":"system","dir":"out","t":"2026-07-19T02:51:51.0629064Z","type":"osc"}
{"channel":"rr","display":9.502692429521698,"mu":0,"quality":"OK","raw":1571.1,"sigma":1.5,"state":"IDLE","t":"2026-07-19T02:51:51.0771868Z","type":"sample"}
{"address":"/cue/p/start","args":null,"channel":"system","dir":"out","t":"2026-07-19T02:51:51.1093024Z","type":"osc"}
{"channel":"gsr","display":2497.5,"mu":0,"quality":"OK","raw":2497.5,"sigma":10,"state":"IDLE","t":"2026-07-19T02:51:51.1119917Z","type":"sample"}
{"channel":"rr","display":9.502692429521698,"mu":0,"quality":"OK","raw":1561.8,"sigma":1.5,"state":"IDLE","t":"2026-07-19T02:51:51.117268Z","type":"sample"}
{"channel":"rr","display":9.502692429521698,"mu":0,"quality":"OK","raw":1556.8,"sigma":1.5,"state":"IDLE","t":"2026-07-19T02:51:51.1572805Z","type":"sample"}
{"channel":"rr","display":9.502692429521698,"mu":0,"quality":"OK","raw":1549.4,"sigma":1.5,"state":"IDLE","t":"2026-07-19T02:51:51.1973019Z","type":"sample"}
{"channel":"gsr","display":2494,"mu":0,"quality":"OK","raw":2494,"sigma":10,"state":"IDLE","t":"2026-07-19T02:51:51.212371Z","type":"sample"}
{"channel":"hr","display":70,"mu":0,"quality":"OK","raw":70,"sigma":3,"state":"IDLE","t":"2026-07-19T02:51:51.2226886Z","type":"sample"}
{"channel":"rr","display":9.502692429521698,"mu":0,"quality":"OK","raw":1540.9,"sigma":1.5,"state":"IDLE","t":"2026-07-19T02:51:51.2370285Z","type":"sample"}
{"channel":"rr","display":9.502692429521698,"mu":0,"quality":"OK","raw":1531.8,"sigma":1.5,"state":"IDLE","t":"2026-07-19T02:51:51.2726786Z","type":"sample"}
{"channel":"gsr","display":2490.9,"mu":0,"quality":"OK","raw":2490.9,"sigma":10,"state":"IDLE","t":"2026-07-19T02:51:51.3056926Z","type":"sample"}
{"channel":"rr","display":9.502692429521698,"mu":0,"quality":"OK","raw":1525.6,"sigma":1.5,"state":"IDLE","t":"2026-07-19T02:51:51.3171118Z","type":"sample"}
{"channel":"rr","display":9.502692429521698,"mu":0,"quality":"OK","raw":1517.8,"sigma":1.5,"state":"IDLE","t":"2026-07-19T02:51:51.357086Z","type":"sample"}
{"address":"/cue/bpm070/start","args":null,"channel":"system","dir":"out","t":"2026-07-19T02:51:51.3652385Z","type":"osc"}
{"address":"/cue/g1/start","args":null,"channel":"system","dir":"out","t":"2026-07-19T02:51:51.3660749Z","type":"osc"}
{"channel":"rr","display":9.502692429521698,"mu":0,"quality":"OK","raw":1509.3,"sigma":1.5,"state":"IDLE","t":"2026-07-19T02:51:51.3973196Z","type":"sample"}
{"channel":"gsr","display":2491.1,"mu":0,"quality":"OK","raw":2491.1,"sigma":10,"state":"IDLE","t":"2026-07-19T02:51:51.4094277Z","type":"sample"}
{"channel":"rr","display":9.502692429521698,"mu":0,"quality":"OK","raw":1498.9,"sigma":1.5,"state":"IDLE","t":"2026-07-19T02:51:51.4371837Z","type":"sample"}
{"channel":"rr","display":9.502692429521698,"mu":0,"quality":"OK","raw":1484.6,"sigma":1.5,"state":"IDLE","t":"2026-07-19T02:51:51.4764247Z","type":"sample"}
{"channel":"gsr","display":2486.4,"mu":0,"quality":"OK","raw":2486.4,"sigma":10,"state":"IDLE","t":"2026-07-19T02:51:51.5124956Z","type":"sample"}
{"channel":"rr","display":9.502692429521698,"mu":0,"quality":"OK","raw":1466.9,"sigma":1.5,"state":"IDLE","t":"2026-07-19T02:51:51.5168269Z","type":"sample"}
{"channel":"rr","display":9.502692429521698,"mu":0,"quality":"OK","raw":1453.6,"sigma":1.5,"state":"IDLE","t":"2026-07-19T02:51:51.5571752Z","type":"sample"}
{"channel":"rr","display":9.502692429521698,"mu":0,"quality":"OK","raw":1441.6,"sigma":1.5,"state":"IDLE","t":"2026-07-19T02:51:51.5947769Z","type":"sample"}
{"channel":"gsr","display":2487.1,"mu":0,"quality":"OK","raw":2487.1,"sigma":10,"state":"IDLE","t":"2026-07-19T02:51:51.6108565Z","type":"sample"}
{"channel":"rr","display":9.502692429521698,"mu":0,"quality":"OK","raw":1432.6,"sigma":1.5,"state":"IDLE","t":"2026-07-19T02:51:51.6371787Z","type":"sample"}
{"channel":"rr","display":9.502692429521698,"mu":0,"quality":"OK","raw":1423.1,"sigma":1.5,"state":"IDLE","t":"2026-07-19T02:51:51.6765237Z","type":"sample"}
{"channel":"gsr","display":2484.5,"mu":0,"quality":"OK","raw":2484.5,"sigma":10,"state":"IDLE","t":"2026-07-19T02:51:51.7092635Z","type":"sample"}
{"channel":"rr","display":9.502692429521698,"mu":0,"quality":"OK","raw":1418.6,"sigma":1.5,"state":"IDLE","t":"2026-07-19T02:51:51.7168683Z","type":"sample"}
{"channel":"hr","display":70,"mu":0,"quality":"OK","raw":70,"sigma":3,"state":"IDLE","t":"2026-07-19T02:51:51.722944Z","type":"sample"}
{"channel":"rr","display":9.502692429521698,"mu":0,"quality":"OK","raw":1410.8,"sigma":1.5,"state":"IDLE","t":"2026-07-19T02:51:51.7553341Z","type":"sample"}
{"channel":"rr","display":9.502692429521698,"mu":0,"quality":"OK","raw":1405.5,"sigma":1.5,"state":"IDLE","t":"2026-07-19T02:51:51.7973761Z","type":"sample"}
{"channel":"gsr","display":2477.2,"mu":0,"quality":"OK","raw":2477.2,"sigma":10,"state":"IDLE","t":"2026-07-19T02:51:51.8123468Z","type":"sample"}
{"channel":"rr","display":9.502692429521698,"mu":0,"quality":"OK","raw":1400,"sigma":1.5,"state":"IDLE","t":"2026-07-19T02:51:51.8371569Z","type":"sample"}
{"channel":"rr","display":9.502692429521698,"mu":0,"quality":"OK","raw":1387.8,"sigma":1.5,"state":"IDLE","t":"2026-07-19T02:51:51.8772599Z","type":"sample"}
{"channel":"gsr","display":2475.5,"mu":0,"quality":"OK","raw":2475.5,"sigma":10,"state":"IDLE","t":"2026-07-19T02:51:51.9123991Z","type":"sample"}
{"channel":"rr","display":9.502692429521698,"mu":0,"quality":"OK","raw":1377.9,"sigma":1.5,"state":"IDLE","t":"2026-07-19T02:51:51.9170368Z","type":"sample"}
{"channel":"rr","display":9.502692429521698,"mu":0,"quality":"OK","raw":1366.8,"sigma":1.5,"state":"IDLE","t":"2026-07-19T02:51:51.9572518Z","type":"sample"}
{"address":"/cue/p/start","args":null,"channel":"system","dir":"out","t":"2026-07-19T02:51:51.9783273Z","type":"osc"}
{"channel":"rr","display":9.502692429521698,"mu":0,"quality":"OK","raw":1352.7,"sigma":1.5,"state":"IDLE","t":"2026-07-19T02:51:51.9892044Z","type":"sample"}
{"channel":"gsr","display":2471.8,"mu":0,"quality":"OK","raw":2471.8,"sigma":10,"state":"IDLE","t":"2026-07-19T02:51:52.0118019Z","type":"sample"}
{"channel":"rr","display":9.502692429521698,"mu":0,"quality":"OK","raw":1335.8,"sigma":1.5,"state":"IDLE","t":"2026-07-19T02:51:52.037239Z","type":"sample"}
{"address":"/cue/r19/start","args":null,"channel":"system","dir":"out","t":"2026-07-19T02:51:52.0698201Z","type":"osc"}
{"channel":"rr","display":9.502692429521698,"mu":0,"quality":"OK","raw":1318.9,"sigma":1.5,"state":"IDLE","t":"2026-07-19T02:51:52.0766126Z","type":"sample"}
{"channel":"gsr","display":2470.6,"mu":0,"quality":"OK","raw":2470.6,"sigma":10,"state":"IDLE","t":"2026-07-19T02:51:52.1056365Z","type":"sample"}
{"channel":"rr","display":9.502692429521698,"mu":0,"quality":"OK","raw":1308.6,"sigma":1.5,"state":"IDLE","t":"2026-07-19T02:51:52.1168067Z","type":"sample"}
{"channel":"rr","display":9.502692429521698,"mu":0,"quality":"OK","raw":1304.4,"sigma":1.5,"state":"IDLE","t":"2026-07-19T02:51:52.1552616Z","type":"sample"}
{"channel":"rr","display":9.502692429521698,"mu":0,"quality":"OK","raw":1299.2,"sigma":1.5,"state":"IDLE","t":"2026-07-19T02:51:52.1977656Z","type":"sample"}
{"channel":"gsr","display":2473.6,"mu":0,"quality":"OK","raw":2473.6,"sigma":10,"state":"IDLE","t":"2026-07-19T02:51:52.20627Z","type":"sample"}
{"channel":"hr","display":71,"mu":0,"quality":"OK","raw":71,"sigma":3,"state":"IDLE","t":"2026-07-19T02:51:52.222605Z","type":"sample"}
{"channel":"rr","display":9.502692429521698,"mu":0,"quality":"OK","raw":1292.7,"sigma":1.5,"state":"IDLE","t":"2026-07-19T02:51:52.2372933Z","type":"sample"}
{"channel":"rr","display":9.502692429521698,"mu":0,"quality":"OK","raw":1288.3,"sigma":1.5,"state":"IDLE","t":"2026-07-19T02:51:52.2765049Z","type":"sample"}
{"channel":"gsr","display":2471,"mu":0,"quality":"OK","raw":2471,"sigma":10,"state":"IDLE","t":"2026-07-19T02:51:52.3054433Z","type":"sample"}
{"channel":"rr","display":9.502692429521698,"mu":0,"quality":"OK","raw":1281.1,"sigma":1.5,"state":"IDLE","t":"2026-07-19T02:51:52.3168608Z","type":"sample"}
{"channel":"rr","display":9.502692429521698,"mu":0,"quality":"OK","raw":1271.9,"sigma":1.5,"state":"IDLE","t":"2026-07-19T02:51:52.3571761Z","type":"sample"}
{"address":"/cue/bpm071/start","args":null,"channel":"system","dir":"out","t":"2026-07-19T02:51:52.372768Z","type":"osc"}
{"address":"/cue/g1/start","args":null,"channel":"system","dir":"out","t":"2026-07-19T02:51:52.3738434Z","type":"osc"}
{"channel":"rr","display":9.502692429521698,"mu":0,"quality":"OK","raw":1265.6,"sigma":1.5,"state":"IDLE","t":"2026-07-19T02:51:52.3950774Z","type":"sample"}
{"channel":"gsr","display":2471.4,"mu":0,"quality":"OK","raw":2471.4,"sigma":10,"state":"IDLE","t":"2026-07-19T02:51:52.4113018Z","type":"sample"}
{"channel":"rr","display":9.502692429521698,"mu":0,"quality":"OK","raw":1259.2,"sigma":1.5,"state":"IDLE","t":"2026-07-19T02:51:52.4372629Z","type":"sample"}
{"channel":"rr","display":9.502692429521698,"mu":0,"quality":"OK","raw":1254.6,"sigma":1.5,"state":"IDLE","t":"2026-07-19T02:51:52.4764409Z","type":"sample"}
{"channel":"gsr","display":2473.8,"mu":0,"quality":"OK","raw":2473.8,"sigma":10,"state":"IDLE","t":"2026-07-19T02:51:52.5095101Z","type":"sample"}
{"channel":"rr","display":9.502692429521698,"mu":0,"quality":"OK","raw":1250.1,"sigma":1.5,"state":"IDLE","t":"2026-07-19T02:51:52.516844Z","type":"sample"}
{"channel":"rr","display":9.502692429521698,"mu":0,"quality":"OK","raw":1243.8,"sigma":1.5,"state":"IDLE","t":"2026-07-19T02:51:52.5554927Z","type":"sample"}
{"channel":"rr","display":9.502692429521698,"mu":0,"quality":"OK","raw":1237.8,"sigma":1.5,"state":"IDLE","t":"2026-07-19T02:51:52.5971923Z","type":"sample"}
{"channel":"gsr","display":2469.7,"mu":0,"quality":"OK","raw":2469.7,"sigma":10,"state":"IDLE","t":"2026-07-19T02:51:52.609292Z","type":"sample"}
{"channel":"rr","display":9.502692429521698,"mu":0,"quality":"OK","raw":1229.8,"sigma":1.5,"state":"IDLE","t":"2026-07-19T02:51:52.6370476Z","type":"sample"}
{"channel":"rr","display":9.502692429521698,"mu":0,"quality":"OK","raw":1220.5,"sigma":1.5,"state":"IDLE","t":"2026-07-19T02:51:52.6756543Z","type":"sample"}
{"channel":"gsr","display":2470,"mu":0,"quality":"OK","raw":2470,"sigma":10,"state":"IDLE","t":"2026-07-19T02:51:52.7124108Z","type":"sample"}
{"channel":"rr","display":9.502692429521698,"mu":0,"quality":"OK","raw":1210.8,"sigma":1.5,"state":"IDLE","t":"2026-07-19T02:51:52.7172066Z","type":"sample"}
{"channel":"hr","display":71,"mu":0,"quality":"OK","raw":71,"sigma":3,"state":"IDLE","t":"2026-07-19T02:51:52.7227926Z","type":"sample"}
{"channel":"rr","display":9.502692429521698,"mu":0,"quality":"OK","raw":1203.1,"sigma":1.5,"state":"IDLE","t":"2026-07-19T02:51:52.7573031Z","type":"sample"}
{"channel":"rr","display":9.502692429521698,"mu":0,"quality":"OK","raw":1197.6,"sigma":1.5,"state":"IDLE","t":"2026-07-19T02:51:52.797153Z","type":"sample"}
{"channel":"gsr","display":2468.8,"mu":0,"quality":"OK","raw":2468.8,"sigma":10,"state":"IDLE","t":"2026-07-19T02:51:52.80618Z","type":"sample"}
{"address":"/cue/p/start","args":null,"channel":"system","dir":"out","t":"2026-07-19T02:51:52.8368846Z","type":"osc"}
{"channel":"rr","display":9.502692429521698,"mu":0,"quality":"OK","raw":1192.7,"sigma":1.5,"state":"IDLE","t":"2026-07-19T02:51:52.8368846Z","type":"sample"}
{"channel":"rr","display":9.502692429521698,"mu":0,"quality":"OK","raw":1185.9,"sigma":1.5,"state":"IDLE","t":"2026-07-19T02:51:52.8768638Z","type":"sample"}
{"channel":"gsr","display":2468.6,"mu":0,"quality":"OK","raw":2468.6,"sigma":10,"state":"IDLE","t":"2026-07-19T02:51:52.9119283Z","type":"sample"}
{"channel":"rr","display":9.502692429521698,"mu":0,"quality":"OK","raw":1180.2,"sigma":1.5,"state":"IDLE","t":"2026-07-19T02:51:52.9168839Z","type":"sample"}
{"channel":"rr","display":9.502692429521698,"mu":0,"quality":"OK","raw":1175.2,"sigma":1.5,"state":"IDLE","t":"2026-07-19T02:51:52.9571775Z","type":"sample"}
{"channel":"rr","display":9.502692429521698,"mu":0,"quality":"OK","raw":1171.4,"sigma":1.5,"state":"IDLE","t":"2026-07-19T02:51:52.9894942Z","type":"sample"}
{"channel":"gsr","display":2472.8,"mu":0,"quality":"OK","raw":2472.8,"sigma":10,"state":"IDLE","t":"2026-07-19T02:51:53.0061926Z","type":"sample"}
{"channel":"rr","display":9.502692429521698,"mu":0,"quality":"OK","raw":1168.6,"sigma":1.5,"state":"IDLE","t":"2026-07-19T02:51:53.0372016Z","type":"sample"}
{"channel":"rr","display":9.502692429521698,"mu":0,"quality":"OK","raw":1166.8,"sigma":1.5,"state":"IDLE","t":"2026-07-19T02:51:53.0767673Z","type":"sample"}
{"address":"/cue/r19/start","args":null,"channel":"system","dir":"out","t":"2026-07-19T02:51:53.0777813Z","type":"osc"}
{"channel":"gsr","display":2472.1,"mu":0,"quality":"OK","raw":2472.1,"sigma":10,"state":"IDLE","t":"2026-07-19T02:51:53.1122616Z","type":"sample"}
{"channel":"rr","display":9.502692429521698,"mu":0,"quality":"OK","raw":1166.2,"sigma":1.5,"state":"IDLE","t":"2026-07-19T02:51:53.117196Z","type":"sample"}
{"channel":"rr","display":9.502692429521698,"mu":0,"quality":"OK","raw":1167.6,"sigma":1.5,"state":"IDLE","t":"2026-07-19T02:51:53.1555326Z","type":"sample"}
{"channel":"rr","display":9.502692429521698,"mu":0,"quality":"OK","raw":1166.5,"sigma":1.5,"state":"IDLE","t":"2026-07-19T02:51:53.1971783Z","type":"sample"}
{"channel":"gsr","display":2475.6,"mu":0,"quality":"OK","raw":2475.6,"sigma":10,"state":"IDLE","t":"2026-07-19T02:51:53.2122386Z","type":"sample"}
{"channel":"hr","display":71,"mu":0,"quality":"OK","raw":71,"sigma":3,"state":"IDLE","t":"2026-07-19T02:51:53.2229056Z","type":"sample"}
{"channel":"rr","display":9.502692429521698,"mu":0,"quality":"OK","raw":1165.6,"sigma":1.5,"state":"IDLE","t":"2026-07-19T02:51:53.2373485Z","type":"sample"}
{"channel":"rr","display":9.502692429521698,"mu":0,"quality":"OK","raw":1165.8,"sigma":1.5,"state":"IDLE","t":"2026-07-19T02:51:53.2767881Z","type":"sample"}
{"channel":"gsr","display":2476.4,"mu":0,"quality":"OK","raw":2476.4,"sigma":10,"state":"IDLE","t":"2026-07-19T02:51:53.311486Z","type":"sample"}
{"channel":"rr","display":9.502692429521698,"mu":0,"quality":"OK","raw":1164.4,"sigma":1.5,"state":"IDLE","t":"2026-07-19T02:51:53.3161949Z","type":"sample"}
{"channel":"rr","display":9.502692429521698,"mu":0,"quality":"OK","raw":1163.1,"sigma":1.5,"state":"IDLE","t":"2026-07-19T02:51:53.3571528Z","type":"sample"}
{"address":"/cue/bpm071/start","args":null,"channel":"system","dir":"out","t":"2026-07-19T02:51:53.3815365Z","type":"osc"}
{"address":"/cue/g1/start","args":null,"channel":"system","dir":"out","t":"2026-07-19T02:51:53.3827016Z","type":"osc"}
{"channel":"rr","display":9.502692429521698,"mu":0,"quality":"OK","raw":1164.1,"sigma":1.5,"state":"IDLE","t":"2026-07-19T02:51:53.3971702Z","type":"sample"}
{"channel":"gsr","display":2478.8,"mu":0,"quality":"OK","raw":2478.8,"sigma":10,"state":"IDLE","t":"2026-07-19T02:51:53.4123662Z","type":"sample"}
{"channel":"rr","display":9.502692429521698,"mu":0,"quality":"OK","raw":1164.2,"sigma":1.5,"state":"IDLE","t":"2026-07-19T02:51:53.4371321Z","type":"sample"}
{"channel":"rr","display":9.502692429521698,"mu":0,"quality":"OK","raw":1163.8,"sigma":1.5,"state":"IDLE","t":"2026-07-19T02:51:53.4749498Z","type":"sample"}
{"channel":"gsr","display":2481.7,"mu":0,"quality":"OK","raw":2481.7,"sigma":10,"state":"IDLE","t":"2026-07-19T02:51:53.5123377Z","type":"sample"}
{"channel":"rr","display":9.502692429521698,"mu":0,"quality":"OK","raw":1165.1,"sigma":1.5,"state":"IDLE","t":"2026-07-19T02:51:53.5171056Z","type":"sample"}
{"channel":"rr","display":9.502692429521698,"mu":0,"quality":"OK","raw":1164.8,"sigma":1.5,"state":"IDLE","t":"2026-07-19T02:51:53.5571972Z","type":"sample"}
{"channel":"rr","display":9.502692429521698,"mu":0,"quality":"OK","raw":1164.8,"sigma":1.5,"state":"IDLE","t":"2026-07-19T02:51:53.5972031Z","type":"sample"}
{"channel":"gsr","display":2480.8,"mu":0,"quality":"OK","raw":2480.8,"sigma":10,"state":"IDLE","t":"2026-07-19T02:51:53.6060055Z","type":"sample"}
{"channel":"rr","display":9.502692429521698,"mu":0,"quality":"OK","raw":1163.8,"sigma":1.5,"state":"IDLE","t":"2026-07-19T02:51:53.6368881Z","type":"sample"}
{"channel":"rr","display":9.502692429521698,"mu":0,"quality":"OK","raw":1164,"sigma":1.5,"state":"IDLE","t":"2026-07-19T02:51:53.6771299Z","type":"sample"}
{"address":"/cue/p/start","args":null,"channel":"system","dir":"out","t":"2026-07-19T02:51:53.6835916Z","type":"osc"}
{"channel":"gsr","display":2485.6,"mu":0,"quality":"OK","raw":2485.6,"sigma":10,"state":"IDLE","t":"2026-07-19T02:51:53.7055665Z","type":"sample"}
{"channel":"rr","display":9.502692429521698,"mu":0,"quality":"OK","raw":1164.6,"sigma":1.5,"state":"IDLE","t":"2026-07-19T02:51:53.717153Z","type":"sample"}
{"channel":"hr","display":71,"mu":0,"quality":"OK","raw":71,"sigma":3,"state":"IDLE","t":"2026-07-19T02:51:53.722559Z","type":"sample"}
{"channel":"rr","display":9.502692429521698,"mu":0,"quality":"OK","raw":1164.1,"sigma":1.5,"state":"IDLE","t":"2026-07-19T02:51:53.7572941Z","type":"sample"}
{"channel":"rr","display":9.502692429521698,"mu":0,"quality":"OK","raw":1163.9,"sigma":1.5,"state":"IDLE","t":"2026-07-19T02:51:53.7893697Z","type":"sample"}
{"channel":"gsr","display":2491.2,"mu":0,"quality":"OK","raw":2491.2,"sigma":10,"state":"IDLE","t":"2026-07-19T02:51:53.8063299Z","type":"sample"}
{"channel":"rr","display":9.502692429521698,"mu":0,"quality":"OK","raw":1163,"sigma":1.5,"state":"IDLE","t":"2026-07-19T02:51:53.8359246Z","type":"sample"}
{"channel":"rr","display":9.502692429521698,"mu":0,"quality":"OK","raw":1163.8,"sigma":1.5,"state":"IDLE","t":"2026-07-19T02:51:53.877183Z","type":"sample"}
{"channel":"gsr","display":2491.9,"mu":0,"quality":"OK","raw":2491.9,"sigma":10,"state":"IDLE","t":"2026-07-19T02:51:53.9052721Z","type":"sample"}
{"channel":"rr","display":9.502692429521698,"mu":0,"quality":"OK","raw":1163.8,"sigma":1.5,"state":"IDLE","t":"2026-07-19T02:51:53.9165507Z","type":"sample"}
{"channel":"rr","display":9.502692429521698,"mu":0,"quality":"OK","raw":1163.6,"sigma":1.5,"state":"IDLE","t":"2026-07-19T02:51:53.9555128Z","type":"sample"}
{"channel":"rr","display":9.502692429521698,"mu":0,"quality":"OK","raw":1165.4,"sigma":1.5,"state":"IDLE","t":"2026-07-19T02:51:53.9971382Z","type":"sample"}
{"channel":"gsr","display":2498.7,"mu":0,"quality":"OK","raw":2498.7,"sigma":10,"state":"IDLE","t":"2026-07-19T02:51:54.0093882Z","type":"sample"}
{"channel":"rr","display":9.502692429521698,"mu":0,"quality":"OK","raw":1165.4,"sigma":1.5,"state":"IDLE","t":"2026-07-19T02:51:54.0358049Z","type":"sample"}
{"channel":"rr","display":9.502692429521698,"mu":0,"quality":"OK","raw":1163.3,"sigma":1.5,"state":"IDLE","t":"2026-07-19T02:51:54.0768993Z","type":"sample"}
{"address":"/cue/r19/start","args":null,"channel":"system","dir":"out","t":"2026-07-19T02:51:54.0864941Z","type":"osc"}
{"channel":"gsr","display":2498.9,"mu":0,"quality":"OK","raw":2498.9,"sigma":10,"state":"IDLE","t":"2026-07-19T02:51:54.1061243Z","type":"sample"}
{"channel":"rr","display":9.502692429521698,"mu":0,"quality":"OK","raw":1164.9,"sigma":1.5,"state":"IDLE","t":"2026-07-19T02:51:54.1173434Z","type":"sample"}
{"channel":"rr","display":9.502692429521698,"mu":0,"quality":"OK","raw":1163.5,"sigma":1.5,"state":"IDLE","t":"2026-07-19T02:51:54.1571865Z","type":"sample"}
{"channel":"rr","display":9.502692429521698,"mu":0,"quality":"OK","raw":1165.5,"sigma":1.5,"state":"IDLE","t":"2026-07-19T02:51:54.1965512Z","type":"sample"}
{"channel":"gsr","display":2502.6,"mu":0,"quality":"OK","raw":2502.6,"sigma":10,"state":"IDLE","t":"2026-07-19T02:51:54.2121652Z","type":"sample"}
{"channel":"hr","display":71,"mu":0,"quality":"OK","raw":71,"sigma":3,"state":"IDLE","t":"2026-07-19T02:51:54.2225425Z","type":"sample"}
{"channel":"rr","display":9.502692429521698,"mu":0,"quality":"OK","raw":1163.6,"sigma":1.5,"state":"IDLE","t":"2026-07-19T02:51:54.2371058Z","type":"sample"}
{"channel":"rr","display":9.502692429521698,"mu":0,"quality":"OK","raw":1165.1,"sigma":1.5,"state":"IDLE","t":"2026-07-19T02:51:54.2721716Z","type":"sample"}
{"channel":"gsr","display":2505.6,"mu":0,"quality":"OK","raw":2505.6,"sigma":10,"state":"IDLE","t":"2026-07-19T02:51:54.3123793Z","type":"sample"}
{"channel":"rr","display":9.502692429521698,"mu":0,"quality":"OK","raw":1165.3,"sigma":1.5,"state":"IDLE","t":"2026-07-19T02:51:54.3171159Z","type":"sample"}
{"channel":"rr","display":9.502692429521698,"mu":0,"quality":"OK","raw":1164.1,"sigma":1.5,"state":"IDLE","t":"2026-07-19T02:51:54.3568255Z","type":"sample"}
{"address":"/cue/bpm071/start","args":null,"channel":"system","dir":"out","t":"2026-07-19T02:51:54.3886477Z","type":"osc"}
{"address":"/cue/g1/start","args":null,"channel":"system","dir":"out","t":"2026-07-19T02:51:54.3897121Z","type":"osc"}
{"channel":"rr","display":9.502692429521698,"mu":0,"quality":"OK","raw":1164.4,"sigma":1.5,"state":"IDLE","t":"2026-07-19T02:51:54.3967485Z","type":"sample"}
{"channel":"gsr","display":2509.8,"mu":0,"quality":"OK","raw":2509.8,"sigma":10,"state":"IDLE","t":"2026-07-19T02:51:54.4114838Z","type":"sample"}
{"channel":"rr","display":9.502692429521698,"mu":0,"quality":"OK","raw":1165.2,"sigma":1.5,"state":"IDLE","t":"2026-07-19T02:51:54.4347251Z","type":"sample"}
{"channel":"rr","display":9.502692429521698,"mu":0,"quality":"OK","raw":1165.3,"sigma":1.5,"state":"IDLE","t":"2026-07-19T02:51:54.4728269Z","type":"sample"}
{"channel":"gsr","display":2514.2,"mu":0,"quality":"OK","raw":2514.2,"sigma":10,"state":"IDLE","t":"2026-07-19T02:51:54.5057976Z","type":"sample"}
{"channel":"rr","display":9.502692429521698,"mu":0,"quality":"OK","raw":1166,"sigma":1.5,"state":"IDLE","t":"2026-07-19T02:51:54.5171806Z","type":"sample"}
{"address":"/cue/p/start","args":null,"channel":"system","dir":"out","t":"2026-07-19T02:51:54.5284333Z","type":"osc"}
{"channel":"rr","display":9.502692429521698,"mu":0,"quality":"OK","raw":1166.3,"sigma":1.5,"state":"IDLE","t":"2026-07-19T02:51:54.5552572Z","type":"sample"}
{"channel":"rr","display":9.502692429521698,"mu":0,"quality":"OK","raw":1172.4,"sigma":1.5,"state":"IDLE","t":"2026-07-19T02:51:54.5901117Z","type":"sample"}
{"channel":"gsr","display":2514.7,"mu":0,"quality":"OK","raw":2514.7,"sigma":10,"state":"IDLE","t":"2026-07-19T02:51:54.612349Z","type":"sample"}
{"channel":"rr","display":9.502692429521698,"mu":0,"quality":"OK","raw":1177.1,"sigma":1.5,"state":"IDLE","t":"2026-07-19T02:51:54.6371516Z","type":"sample"}
{"channel":"rr","display":9.502692429521698,"mu":0,"quality":"OK","raw":1182.4,"sigma":1.5,"state":"IDLE","t":"2026-07-19T02:51:54.6771735Z","type":"sample"}
{"channel":"gsr","display":2516.6,"mu":0,"quality":"OK","raw":2516.6,"sigma":10,"state":"IDLE","t":"2026-07-19T02:51:54.7123499Z","type":"sample"}
{"channel":"rr","display":9.502692429521698,"mu":0,"quality":"OK","raw":1191.7,"sigma":1.5,"state":"IDLE","t":"2026-07-19T02:51:54.7164143Z","type":"sample"}
{"channel":"hr","display":72,"mu":0,"quality":"OK","raw":72,"sigma":3,"state":"IDLE","t":"2026-07-19T02:51:54.7228551Z","type":"sample"}
{"channel":"rr","display":9.502692429521698,"mu":0,"quality":"OK","raw":1201.2,"sigma":1.5,"state":"IDLE","t":"2026-07-19T02:51:54.7572866Z","type":"sample"}
{"channel":"rr","display":9.502692429521698,"mu":0,"quality":"OK","raw":1216.5,"sigma":1.5,"state":"IDLE","t":"2026-07-19T02:51:54.7906918Z","type":"sample"}
{"channel":"gsr","display":2521,"mu":0,"quality":"OK","raw":2521,"sigma":10,"state":"IDLE","t":"2026-07-19T02:51:54.8061323Z","type":"sample"}
{"channel":"rr","display":9.502692429521698,"mu":0,"quality":"OK","raw":1239.1,"sigma":1.5,"state":"IDLE","t":"2026-07-19T02:51:54.8371746Z","type":"sample"}
{"channel":"rr","display":9.502692429521698,"mu":0,"quality":"OK","raw":1251.3,"sigma":1.5,"state":"IDLE","t":"2026-07-19T02:51:54.8772109Z","type":"sample"}
{"channel":"gsr","display":2521.8,"mu":0,"quality":"OK","raw":2521.8,"sigma":10,"state":"IDLE","t":"2026-07-19T02:51:54.9076672Z","type":"sample"}
{"channel":"rr","display":9.502692429521698,"mu":0,"quality":"OK","raw":1262.5,"sigma":1.5,"state":"IDLE","t":"2026-07-19T02:51:54.917243Z","type":"sample"}
{"channel":"rr","display":9.502692429521698,"mu":0,"quality":"OK","raw":1276.8,"sigma":1.5,"state":"IDLE","t":"2026-07-19T02:51:54.9573875Z","type":"sample"}
{"channel":"rr","display":9.502692429521698,"mu":0,"quality":"OK","raw":1292.7,"sigma":1.5,"state":"IDLE","t":"2026-07-19T02:51:54.9972462Z","type":"sample"}
{"channel":"gsr","display":2522.5,"mu":0,"quality":"OK","raw":2522.5,"sigma":10,"state":"IDLE","t":"2026-07-19T02:51:55.0120148Z","type":"sample"}
{"channel":"rr","display":9.502692429521698,"mu":0,"quality":"OK","raw":1308.9,"sigma":1.5,"state":"IDLE","t":"2026-07-19T02:51:55.0372044Z","type":"sample"}
{"channel":"rr","display":9.502692429521698,"mu":0,"quality":"OK","raw":1321.4,"sigma":1.5,"state":"IDLE","t":"2026-07-19T02:51:55.0771162Z","type":"sample"}
{"address":"/cue/r19/start","args":null,"channel":"system","dir":"out","t":"2026-07-19T02:51:55.0926074Z","type":"osc"}
{"channel":"gsr","display":2528.1,"mu":0,"quality":"OK","raw":2528.1,"sigma":10,"state":"IDLE","t":"2026-07-19T02:51:55.1099327Z","type":"sample"}
{"channel":"rr","display":9.502692429521698,"mu":0,"quality":"OK","raw":1336,"sigma":1.5,"state":"IDLE","t":"2026-07-19T02:51:55.1168913Z","type":"sample"}
{"channel":"rr","display":9.502692429521698,"mu":0,"quality":"OK","raw":1356.1,"sigma":1.5,"state":"IDLE","t":"2026-07-19T02:51:55.1553353Z","type":"sample"}
{"channel":"rr","display":9.502692429521698,"mu":0,"quality":"OK","raw":1376.4,"sigma":1.5,"state":"IDLE","t":"2026-07-19T02:51:55.1971489Z","type":"sample"}
{"channel":"gsr","display":2530.8,"mu":0,"quality":"OK","raw":2530.8,"sigma":10,"state":"IDLE","t":"2026-07-19T02:51:55.2109806Z","type":"sample"}
{"channel":"hr","display":72,"mu":0,"quality":"OK","raw":72,"sigma":3,"state":"IDLE","t":"2026-07-19T02:51:55.2225577Z","type":"sample"}
{"channel":"rr","display":9.502692429521698,"mu":0,"quality":"OK","raw":1390.2,"sigma":1.5,"state":"IDLE","t":"2026-07-19T02:51:55.2373708Z","type":"sample"}
{"channel":"rr","display":9.502692429521698,"mu":0,"quality":"OK","raw":1415.3,"sigma":1.5,"state":"IDLE","t":"2026-07-19T02:51:55.2725764Z","type":"sample"}
{"channel":"gsr","display":2532.6,"mu":0,"quality":"OK","raw":2532.6,"sigma":10,"state":"IDLE","t":"2026-07-19T02:51:55.3124487Z","type":"sample"}
{"channel":"rr","display":9.682104243989027,"mu":0,"quality":"OK","raw":1438.6,"sigma":1.5,"state":"IDLE","t":"2026-07-19T02:51:55.3170359Z","type":"sample"}
{"channel":"rr","display":9.682104243989027,"mu":0,"quality":"OK","raw":1457.4,"sigma":1.5,"state":"IDLE","t":"2026-07-19T02:51:55.3562121Z","type":"sample"}
{"address":"/cue/p/start","args":null,"channel":"system","dir":"out","t":"2026-07-19T02:51:55.3763249Z","type":"osc"}
{"address":"/cue/bpm072/start","args":null,"channel":"system","dir":"out","t":"2026-07-19T02:51:55.3944322Z","type":"osc"}
{"address":"/cue/g1/start","args":null,"channel":"system","dir":"out","t":"2026-07-19T02:51:55.3954979Z","type":"osc"}
{"channel":"rr","display":9.682104243989027,"mu":0,"quality":"OK","raw":1482,"sigma":1.5,"state":"IDLE","t":"2026-07-19T02:51:55.3971003Z","type":"sample"}
{"channel":"gsr","display":2535.7,"mu":0,"quality":"OK","raw":2535.7,"sigma":10,"state":"IDLE","t":"2026-07-19T02:51:55.4099273Z","type":"sample"}
{"channel":"rr","display":9.682104243989027,"mu":0,"quality":"OK","raw":1499.2,"sigma":1.5,"state":"IDLE","t":"2026-07-19T02:51:55.4367195Z","type":"sample"}
{"channel":"rr","display":9.682104243989027,"mu":0,"quality":"OK","raw":1513.6,"sigma":1.5,"state":"IDLE","t":"2026-07-19T02:51:55.4771919Z","type":"sample"}
{"channel":"gsr","display":2538.1,"mu":0,"quality":"OK","raw":2538.1,"sigma":10,"state":"IDLE","t":"2026-07-19T02:51:55.5123319Z","type":"sample"}
{"channel":"rr","display":9.682104243989027,"mu":0,"quality":"OK","raw":1528.1,"sigma":1.5,"state":"IDLE","t":"2026-07-19T02:51:55.517189Z","type":"sample"}
{"channel":"rr","display":9.682104243989027,"mu":0,"quality":"OK","raw":1553.1,"sigma":1.5,"state":"IDLE","t":"2026-07-19T02:51:55.5571458Z","type":"sample"}
{"channel":"rr","display":9.682104243989027,"mu":0,"quality":"OK","raw":1566.2,"sigma":1.5,"state":"IDLE","t":"2026-07-19T02:51:55.5972256Z","type":"sample"}
{"channel":"gsr","display":2542.3,"mu":0,"quality":"OK","raw":2542.3,"sigma":10,"state":"IDLE","t":"2026-07-19T02:51:55.6058836Z","type":"sample"}
{"channel":"rr","display":9.682104243989027,"mu":0,"quality":"OK","raw":1579.6,"sigma":1.5,"state":"IDLE","t":"2026-07-19T02:51:55.6371483Z","type":"sample"}
{"channel":"rr","display":9.682104243989027,"mu":0,"quality":"OK","raw":1593.9,"sigma":1.5,"state":"IDLE","t":"2026-07-19T02:51:55.676188Z","type":"sample"}
{"channel":"gsr","display":2538.7,"mu":0,"quality":"OK","raw":2538.7,"sigma":10,"state":"IDLE","t":"2026-07-19T02:51:55.7123369Z","type":"sample"}
{"channel":"rr","display":9.682104243989027,"mu":0,"quality":"OK","raw":1604.4,"sigma":1.5,"state":"IDLE","t":"2026-07-19T02:51:55.7170217Z","type":"sample"}
{"channel":"hr","display":71,"mu":0,"quality":"OK","raw":71,"sigma":3,"state":"IDLE","t":"2026-07-19T02:51:55.7225717Z","type":"sample"}
{"channel":"rr","display":9.682104243989027,"mu":0,"quality":"OK","raw":1608.6,"sigma":1.5,"state":"IDLE","t":"2026-07-19T02:51:55.7572436Z","type":"sample"}
{"channel":"rr","display":9.682104243989027,"mu":0,"quality":"OK","raw":1609.8,"sigma":1.5,"state":"IDLE","t":"2026-07-19T02:51:55.7970814Z","type":"sample"}
{"channel":"gsr","display":2546.6,"mu":0,"quality":"OK","raw":2546.6,"sigma":10,"state":"IDLE","t":"2026-07-19T02:51:55.8089178Z","type":"sample"}
{"channel":"rr","display":9.682104243989027,"mu":0,"quality":"OK","raw":1610.2,"sigma":1.5,"state":"IDLE","t":"2026-07-19T02:51:55.8372386Z","type":"sample"}
{"channel":"rr","display":9.682104243989027,"mu":0,"quality":"OK","raw":1609.6,"sigma":1.5,"state":"IDLE","t":"2026-07-19T02:51:55.8763085Z","type":"sample"}
{"channel":"gsr","display":2545.8,"mu":0,"quality":"OK","raw":2545.8,"sigma":10,"state":"IDLE","t":"2026-07-19T02:51:55.9103708Z","type":"sample"}
{"channel":"rr","display":9.682104243989027,"mu":0,"quality":"OK","raw":1610.5,"sigma":1.5,"state":"IDLE","t":"2026-07-19T02:51:55.9174342Z","type":"sample"}
{"channel":"rr","display":9.682104243989027,"mu":0,"quality":"OK","raw":1610.2,"sigma":1.5,"state":"IDLE","t":"2026-07-19T02:51:55.9571508Z","type":"sample"}
{"channel":"rr","display":9.682104243989027,"mu":0,"quality":"OK","raw":1610.3,"sigma":1.5,"state":"IDLE","t":"2026-07-19T02:51:55.9892187Z","type":"sample"}
{"channel":"gsr","display":2551.8,"mu":0,"quality":"OK","raw":2551.8,"sigma":10,"state":"IDLE","t":"2026-07-19T02:51:56.0122916Z","type":"sample"}
{"channel":"rr","display":9.682104243989027,"mu":0,"quality":"OK","raw":1610.8,"sigma":1.5,"state":"IDLE","t":"2026-07-19T02:51:56.0370361Z","type":"sample"}
{"channel":"rr","display":9.682104243989027,"mu":0,"quality":"OK","raw":1610.4,"sigma":1.5,"state":"IDLE","t":"2026-07-19T02:51:56.0723946Z","type":"sample"}
{"address":"/cue/r19/start","args":null,"channel":"system","dir":"out","t":"2026-07-19T02:51:56.1036145Z","type":"osc"}
{"channel":"gsr","display":2551.8,"mu":0,"quality":"OK","raw":2551.8,"sigma":10,"state":"IDLE","t":"2026-07-19T02:51:56.1109039Z","type":"sample"}
{"channel":"rr","display":9.682104243989027,"mu":0,"quality":"OK","raw":1609.8,"sigma":1.5,"state":"IDLE","t":"2026-07-19T02:51:56.1165233Z","type":"sample"}
{"channel":"rr","display":9.682104243989027,"mu":0,"quality":"OK","raw":1611.4,"sigma":1.5,"state":"IDLE","t":"2026-07-19T02:51:56.1555642Z","type":"sample"}
{"channel":"rr","display":9.682104243989027,"mu":0,"quality":"OK","raw":1609.2,"sigma":1.5,"state":"IDLE","t":"2026-07-19T02:51:56.1887242Z","type":"sample"}
{"address":"/cue/p/start","args":null,"channel":"system","dir":"out","t":"2026-07-19T02:51:56.2105573Z","type":"osc"}
{"channel":"gsr","display":2554.5,"mu":0,"quality":"OK","raw":2554.5,"sigma":10,"state":"IDLE","t":"2026-07-19T02:51:56.2122623Z","type":"sample"}
{"channel":"hr","display":71,"mu":0,"quality":"OK","raw":71,"sigma":3,"state":"IDLE","t":"2026-07-19T02:51:56.2224604Z","type":"sample"}
{"channel":"rr","display":9.682104243989027,"mu":0,"quality":"OK","raw":1609.7,"sigma":1.5,"state":"IDLE","t":"2026-07-19T02:51:56.2370424Z","type":"sample"}
{"channel":"rr","display":9.682104243989027,"mu":0,"quality":"OK","raw":1609.5,"sigma":1.5,"state":"IDLE","t":"2026-07-19T02:51:56.2719047Z","type":"sample"}
{"channel":"gsr","display":2556.3,"mu":0,"quality":"OK","raw":2556.3,"sigma":10,"state":"IDLE","t":"2026-07-19T02:51:56.3061848Z","type":"sample"}
{"channel":"rr","display":9.682104243989027,"mu":0,"quality":"OK","raw":1609.2,"sigma":1.5,"state":"IDLE","t":"2026-07-19T02:51:56.3165666Z","type":"sample"}
{"channel":"rr","display":9.682104243989027,"mu":0,"quality":"OK","raw":1608.7,"sigma":1.5,"state":"IDLE","t":"2026-07-19T02:51:56.3564449Z","type":"sample"}
{"channel":"rr","display":9.682104243989027,"mu":0,"quality":"OK","raw":1608.3,"sigma":1.5,"state":"IDLE","t":"2026-07-19T02:51:56.3972137Z","type":"sample"}
{"address":"/cue/bpm071/start","args":null,"channel":"system","dir":"out","t":"2026-07-19T02:51:56.4063189Z","type":"osc"}
{"address":"/cue/g1/start","args":null,"channel":"system","dir":"out","t":"2026-07-19T02:51:56.4075438Z","type":"osc"}
{"channel":"gsr","display":2559.2,"mu":0,"quality":"OK","raw":2559.2,"sigma":10,"state":"IDLE","t":"2026-07-19T02:51:56.4122364Z","type":"sample"}
{"channel":"rr","display":9.682104243989027,"mu":0,"quality":"OK","raw":1610.6,"sigma":1.5,"state":"IDLE","t":"2026-07-19T02:51:56.437159Z","type":"sample"}
{"channel":"rr","display":9.682104243989027,"mu":0,"quality":"OK","raw":1609.4,"sigma":1.5,"state":"IDLE","t":"2026-07-19T02:51:56.4767486Z","type":"sample"}
{"channel":"gsr","display":2564.3,"mu":0,"quality":"OK","raw":2564.3,"sigma":10,"state":"IDLE","t":"2026-07-19T02:51:56.5118149Z","type":"sample"}
{"channel":"rr","display":9.682104243989027,"mu":0,"quality":"OK","raw":1608.3,"sigma":1.5,"state":"IDLE","t":"2026-07-19T02:51:56.5170047Z","type":"sample"}
{"channel":"rr","display":9.682104243989027,"mu":0,"quality":"OK","raw":1608.4,"sigma":1.5,"state":"IDLE","t":"2026-07-19T02:51:56.5571045Z","type":"sample"}
{"channel":"rr","display":9.682104243989027,"mu":0,"quality":"OK","raw":1607.6,"sigma":1.5,"state":"IDLE","t":"2026-07-19T02:51:56.5973671Z","type":"sample"}
{"channel":"gsr","display":2563.8,"mu":0,"quality":"OK","raw":2563.8,"sigma":10,"state":"IDLE","t":"2026-07-19T02:51:56.6097585Z","type":"sample"}
{"channel":"rr","display":9.682104243989027,"mu":0,"quality":"OK","raw":1607.8,"sigma":1.5,"state":"IDLE","t":"2026-07-19T02:51:56.6372984Z","type":"sample"}
{"channel":"rr","display":9.682104243989027,"mu":0,"quality":"OK","raw":1602.9,"sigma":1.5,"state":"IDLE","t":"2026-07-19T02:51:56.6769588Z","type":"sample"}
{"channel":"gsr","display":2566,"mu":0,"quality":"OK","raw":2566,"sigma":10,"state":"IDLE","t":"2026-07-19T02:51:56.7101403Z","type":"sample"}
{"channel":"rr","display":9.682104243989027,"mu":0,"quality":"OK","raw":1600.4,"sigma":1.5,"state":"IDLE","t":"2026-07-19T02:51:56.7170996Z","type":"sample"}
{"channel":"hr","display":71,"mu":0,"quality":"OK","raw":71,"sigma":3,"state":"IDLE","t":"2026-07-19T02:51:56.7228505Z","type":"sample"}
{"channel":"rr","display":9.682104243989027,"mu":0,"quality":"OK","raw":1593.8,"sigma":1.5,"state":"IDLE","t":"2026-07-19T02:51:56.757059Z","type":"sample"}
{"channel":"rr","display":9.682104243989027,"mu":0,"quality":"OK","raw":1590.4,"sigma":1.5,"state":"IDLE","t":"2026-07-19T02:51:56.7893378Z","type":"sample"}
{"channel":"gsr","display":2570.1,"mu":0,"quality":"OK","raw":2570.1,"sigma":10,"state":"IDLE","t":"2026-07-19T02:51:56.8083987Z","type":"sample"}
{"channel":"rr","display":9.682104243989027,"mu":0,"quality":"OK","raw":1587.9,"sigma":1.5,"state":"IDLE","t":"2026-07-19T02:51:56.8370235Z","type":"sample"}
{"channel":"rr","display":9.682104243989027,"mu":0,"quality":"OK","raw":1583.4,"sigma":1.5,"state":"IDLE","t":"2026-07-19T02:51:56.8759891Z","type":"sample"}
{"channel":"gsr","display":2572.7,"mu":0,"quality":"OK","raw":2572.7,"sigma":10,"state":"IDLE","t":"2026-07-19T02:51:56.9086495Z","type":"sample"}
{"channel":"rr","display":9.682104243989027,"mu":0,"quality":"OK","raw":1577.2,"sigma":1.5,"state":"IDLE","t":"2026-07-19T02:51:56.9171672Z","type":"sample"}
{"channel":"rr","display":9.682104243989027,"mu":0,"quality":"OK","raw":1569.7,"sigma":1.5,"state":"IDLE","t":"2026-07-19T02:51:56.955459Z","type":"sample"}
{"channel":"rr","display":9.682104243989027,"mu":0,"quality":"OK","raw":1565.4,"sigma":1.5,"state":"IDLE","t":"2026-07-19T02:51:56.9887156Z","type":"sample"}
{"channel":"gsr","display":2572.6,"mu":0,"quality":"OK","raw":2572.6,"sigma":10,"state":"IDLE","t":"2026-07-19T02:51:57.0089042Z","type":"sample"}
{"channel":"rr","display":9.682104243989027,"mu":0,"quality":"OK","raw":1558.2,"sigma":1.5,"state":"IDLE","t":"2026-07-19T02:51:57.0366274Z","type":"sample"}
{"address":"/cue/p/start","args":null,"channel":"system","dir":"out","t":"2026-07-19T02:51:57.0575975Z","type":"osc"}
{"channel":"rr","display":9.682104243989027,"mu":0,"quality":"OK","raw":1548.6,"sigma":1.5,"state":"IDLE","t":"2026-07-19T02:51:57.0769335Z","type":"sample"}
{"address":"/cue/r19/start","args":null,"channel":"system","dir":"out","t":"2026-07-19T02:51:57.110645Z","type":"osc"}
{"channel":"gsr","display":2568,"mu":0,"quality":"OK","raw":2568,"sigma":10,"state":"IDLE","t":"2026-07-19T02:51:57.1123088Z","type":"sample"}
{"channel":"rr","display":9.682104243989027,"mu":0,"quality":"OK","raw":1528.3,"sigma":1.5,"state":"IDLE","t":"2026-07-19T02:51:57.116731Z","type":"sample"}
{"channel":"rr","display":9.682104243989027,"mu":0,"quality":"OK","raw":1517,"sigma":1.5,"state":"IDLE","t":"2026-07-19T02:51:57.1556236Z","type":"sample"}
{"channel":"rr","display":9.682104243989027,"mu":0,"quality":"OK","raw":1504.4,"sigma":1.5,"state":"IDLE","t":"2026-07-19T02:51:57.1887167Z","type":"sample"}
{"channel":"gsr","display":2570.5,"mu":0,"quality":"OK","raw":2570.5,"sigma":10,"state":"IDLE","t":"2026-07-19T02:51:57.2111341Z","type":"sample"}
{"channel":"hr","display":71,"mu":0,"quality":"OK","raw":71,"sigma":3,"state":"IDLE","t":"2026-07-19T02:51:57.2226642Z","type":"sample"}
{"channel":"rr","display":9.682104243989027,"mu":0,"quality":"OK","raw":1492.5,"sigma":1.5,"state":"IDLE","t":"2026-07-19T02:51:57.23724Z","type":"sample"}
{"channel":"rr","display":9.682104243989027,"mu":0,"quality":"OK","raw":1482.6,"sigma":1.5,"state":"IDLE","t":"2026-07-19T02:51:57.2767872Z","type":"sample"}
{"channel":"gsr","display":2571.1,"mu":0,"quality":"OK","raw":2571.1,"sigma":10,"state":"IDLE","t":"2026-07-19T02:51:57.3122108Z","type":"sample"}
{"channel":"rr","display":9.682104243989027,"mu":0,"quality":"OK","raw":1476,"sigma":1.5,"state":"IDLE","t":"2026-07-19T02:51:57.3172563Z","type":"sample"}
{"channel":"rr","display":9.682104243989027,"mu":0,"quality":"OK","raw":1464.5,"sigma":1.5,"state":"IDLE","t":"2026-07-19T02:51:57.3569835Z","type":"sample"}
{"channel":"rr","display":9.682104243989027,"mu":0,"quality":"OK","raw":1459.5,"sigma":1.5,"state":"IDLE","t":"2026-07-19T02:51:57.3972827Z","type":"sample"}
{"channel":"gsr","display":2571.2,"mu":0,"quality":"OK","raw":2571.2,"sigma":10,"state":"IDLE","t":"2026-07-19T02:51:57.412133Z","type":"sample"}
{"address":"/cue/bpm071/start","args":null,"channel":"system","dir":"out","t":"2026-07-19T02:51:57.4132691Z","type":"osc"}
{"address":"/cue/g1/start","args":null,"channel":"system","dir":"out","t":"2026-07-19T02:51:57.4141798Z","type":"osc"}
{"channel":"rr","display":9.682104243989027,"mu":0,"quality":"OK","raw":1456,"sigma":1.5,"state":"IDLE","t":"2026-07-19T02:51:57.4366589Z","type":"sample"}
{"channel":"rr","display":9.682104243989027,"mu":0,"quality":"OK","raw":1450.4,"sigma":1.5,"state":"IDLE","t":"2026-07-19T02:51:57.4760202Z","type":"sample"}
{"channel":"gsr","display":2563.6,"mu":0,"quality":"OK","raw":2563.6,"sigma":10,"state":"IDLE","t":"2026-07-19T02:51:57.5124259Z","type":"sample"}
{"channel":"rr","display":9.682104243989027,"mu":0,"quality":"OK","raw":1444.9,"sigma":1.5,"state":"IDLE","t":"2026-07-19T02:51:57.516599Z","type":"sample"}
{"channel":"rr","display":9.682104243989027,"mu":0,"quality":"OK","raw":1439.9,"sigma":1.5,"state":"IDLE","t":"2026-07-19T02:51:57.5556828Z","type":"sample"}
{"channel":"rr","display":9.682104243989027,"mu":0,"quality":"OK","raw":1436.1,"sigma":1.5,"state":"IDLE","t":"2026-07-19T02:51:57.5900117Z","type":"sample"}
{"channel":"gsr","display":2564.4,"mu":0,"quality":"OK","raw":2564.4,"sigma":10,"state":"IDLE","t":"2026-07-19T02:51:57.6123029Z","type":"sample"}
{"channel":"rr","display":9.682104243989027,"mu":0,"quality":"OK","raw":1430.4,"sigma":1.5,"state":"IDLE","t":"2026-07-19T02:51:57.6368619Z","type":"sample"}
{"channel":"rr","display":9.682104243989027,"mu":0,"quality":"OK","raw":1421,"sigma":1.5,"state":"IDLE","t":"2026-07-19T02:51:57.6771176Z","type":"sample"}
{"channel":"gsr","display":2564.5,"mu":0,"quality":"OK","raw":2564.5,"sigma":10,"state":"IDLE","t":"2026-07-19T02:51:57.7123501Z","type":"sample"}
{"channel":"rr","display":9.682104243989027,"mu":0,"quality":"OK","raw":1414.1,"sigma":1.5,"state":"IDLE","t":"2026-07-19T02:51:57.7167787Z","type":"sample"}
{"channel":"hr","display":70,"mu":0,"quality":"OK","raw":70,"sigma":3,"state":"IDLE","t":"2026-07-19T02:51:57.7227023Z","type":"sample"}
{"channel":"rr","display":9.682104243989027,"mu":0,"quality":"OK","raw":1405.6,"sigma":1.5,"state":"IDLE","t":"2026-07-19T02:51:57.7572415Z","type":"sample"}
{"channel":"rr","display":9.682104243989027,"mu":0,"quality":"OK","raw":1396.2,"sigma":1.5,"state":"IDLE","t":"2026-07-19T02:51:57.7891908Z","type":"sample"}
{"channel":"gsr","display":2559.5,"mu":0,"quality":"OK","raw":2559.5,"sigma":10,"state":"IDLE","t":"2026-07-19T02:51:57.8123035Z","type":"sample"}
{"channel":"rr","display":9.682104243989027,"mu":0,"quality":"OK","raw":1385,"sigma":1.5,"state":"IDLE","t":"2026-07-19T02:51:57.837101Z","type":"sample"}
{"channel":"rr","display":9.682104243989027,"mu":0,"quality":"OK","raw":1378,"sigma":1.5,"state":"IDLE","t":"2026-07-19T02:51:57.8768649Z","type":"sample"}
{"address":"/cue/p/start","args":null,"channel":"system","dir":"out","t":"2026-07-19T02:51:57.9023296Z","type":"osc"}
{"channel":"gsr","display":2560.2,"mu":0,"quality":"OK","raw":2560.2,"sigma":10,"state":"IDLE","t":"2026-07-19T02:51:57.9075421Z","type":"sample"}
{"channel":"rr","display":9.682104243989027,"mu":0,"quality":"OK","raw":1366.2,"sigma":1.5,"state":"IDLE","t":"2026-07-19T02:51:57.9164883Z","type":"sample"}
{"channel":"rr","display":9.682104243989027,"mu":0,"quality":"OK","raw":1352,"sigma":1.5,"state":"IDLE","t":"2026-07-19T02:51:57.9568188Z","type":"sample"}
{"channel":"rr","display":9.682104243989027,"mu":0,"quality":"OK","raw":1336.7,"sigma":1.5,"state":"IDLE","t":"2026-07-19T02:51:57.9967658Z","type":"sample"}
{"channel":"gsr","display":2556.8,"mu":0,"quality":"OK","raw":2556.8,"sigma":10,"state":"IDLE","t":"2026-07-19T02:51:58.0122004Z","type":"sample"}
{"channel":"rr","display":9.682104243989027,"mu":0,"quality":"OK","raw":1325.5,"sigma":1.5,"state":"IDLE","t":"2026-07-19T02:51:58.036691Z","type":"sample"}
{"channel":"rr","display":9.682104243989027,"mu":0,"quality":"OK","raw":1311.1,"sigma":1.5,"state":"IDLE","t":"2026-07-19T02:51:58.0722317Z","type":"sample"}
{"channel":"gsr","display":2554.6,"mu":0,"quality":"OK","raw":2554.6,"sigma":10,"state":"IDLE","t":"2026-07-19T02:51:58.1116142Z","type":"sample"}
{"channel":"rr","display":9.682104243989027,"mu":0,"quality":"OK","raw":1304.6,"sigma":1.5,"state":"IDLE","t":"2026-07-19T02:51:58.1168213Z","type":"sample"}
{"address":"/cue/r19/start","args":null,"channel":"system","dir":"out","t":"2026-07-19T02:51:58.1238904Z","type":"osc"}
{"channel":"rr","display":9.682104243989027,"mu":0,"quality":"OK","raw":1289.9,"sigma":1.5,"state":"IDLE","t":"2026-07-19T02:51:58.1571634Z","type":"sample"}
{"channel":"rr","display":9.682104243989027,"mu":0,"quality":"OK","raw":1272.1,"sigma":1.5,"state":"IDLE","t":"2026-07-19T02:51:58.1934918Z","type":"sample"}
{"channel":"gsr","display":2557,"mu":0,"quality":"OK","raw":2557,"sigma":10,"state":"IDLE","t":"2026-07-19T02:51:58.2123212Z","type":"sample"}
{"channel":"hr","display":70,"mu":0,"quality":"OK","raw":70,"sigma":3,"state":"IDLE","t":"2026-07-19T02:51:58.2224771Z","type":"sample"}
{"channel":"rr","display":9.682104243989027,"mu":0,"quality":"OK","raw":1259,"sigma":1.5,"state":"IDLE","t":"2026-07-19T02:51:58.2369709Z","type":"sample"}
{"channel":"rr","display":9.682104243989027,"mu":0,"quality":"OK","raw":1247,"sigma":1.5,"state":"IDLE","t":"2026-07-19T02:51:58.2771547Z","type":"sample"}
{"channel":"gsr","display":2556.7,"mu":0,"quality":"OK","raw":2556.7,"sigma":10,"state":"IDLE","t":"2026-07-19T02:51:58.312317Z","type":"sample"}
{"channel":"rr","display":9.682104243989027,"mu":0,"quality":"OK","raw":1235.1,"sigma":1.5,"state":"IDLE","t":"2026-07-19T02:51:58.3172785Z","type":"sample"}
{"channel":"rr","display":9.682104243989027,"mu":0,"quality":"OK","raw":1224.5,"sigma":1.5,"state":"IDLE","t":"2026-07-19T02:51:58.3569681Z","type":"sample"}
{"channel":"rr","display":9.682104243989027,"mu":0,"quality":"OK","raw":1213.8,"sigma":1.5,"state":"IDLE","t":"2026-07-19T02:51:58.3892532Z","type":"sample"}
{"channel":"gsr","display":2561.9,"mu":0,"quality":"OK","raw":2561.9,"sigma":10,"state":"IDLE","t":"2026-07-19T02:51:58.4062277Z","type":"sample"}
{"address":"/cue/bpm070/start","args":null,"channel":"system","dir":"out","t":"2026-07-19T02:51:58.4274268Z","type":"osc"}
{"address":"/cue/g1/start","args":null,"channel":"system","dir":"out","t":"2026-07-19T02:51:58.4284888Z","type":"osc"}
{"channel":"rr","display":9.682104243989027,"mu":0,"quality":"OK","raw":1207.9,"sigma":1.5,"state":"IDLE","t":"2026-07-19T02:51:58.4362821Z","type":"sample"}
{"channel":"rr","display":9.682104243989027,"mu":0,"quality":"OK","raw":1205.2,"sigma":1.5,"state":"IDLE","t":"2026-07-19T02:51:58.4770806Z","type":"sample"}
{"channel":"gsr","display":2553,"mu":0,"quality":"OK","raw":2553,"sigma":10,"state":"IDLE","t":"2026-07-19T02:51:58.5055886Z","type":"sample"}
{"channel":"rr","display":9.682104243989027,"mu":0,"quality":"OK","raw":1201.9,"sigma":1.5,"state":"IDLE","t":"2026-07-19T02:51:58.5168644Z","type":"sample"}
{"channel":"rr","display":9.682104243989027,"mu":0,"quality":"OK","raw":1197.4,"sigma":1.5,"state":"IDLE","t":"2026-07-19T02:51:58.5561643Z","type":"sample"}
{"channel":"rr","display":9.682104243989027,"mu":0,"quality":"OK","raw":1197,"sigma":1.5,"state":"IDLE","t":"2026-07-19T02:51:58.5971494Z","type":"sample"}
{"channel":"gsr","display":2560,"mu":0,"quality":"OK","raw":2560,"sigma":10,"state":"IDLE","t":"2026-07-19T02:51:58.608032Z","type":"sample"}
{"channel":"rr","display":9.682104243989027,"mu":0,"quality":"OK","raw":1196.6,"sigma":1.5,"state":"IDLE","t":"2026-07-19T02:51:58.636959Z","type":"sample"}
{"channel":"rr","display":9.682104243989027,"mu":0,"quality":"OK","raw":1195.6,"sigma":1.5,"state":"IDLE","t":"2026-07-19T02:51:58.6771309Z","type":"sample"}
{"channel":"gsr","display":2562.5,"mu":0,"quality":"OK","raw":2562.5,"sigma":10,"state":"IDLE","t":"2026-07-19T02:51:58.7122769Z","type":"sample"}
{"channel":"rr","display":9.682104243989027,"mu":0,"quality":"OK","raw":1194.2,"sigma":1.5,"state":"IDLE","t":"2026-07-19T02:51:58.7169287Z","type":"sample"}
{"address":"/cue/p/start","args":null,"channel":"system","dir":"out","t":"2026-07-19T02:51:58.76058Z","type":"osc"}
{"channel":"hr","display":70,"mu":0,"quality":"OK","raw":70,"sigma":3,"state":"IDLE","t":"2026-07-19T02:51:58.8134603Z","type":"sample"}
{"channel":"rr","display":9.682104243989027,"mu":0,"quality":"OK","raw":1191.8,"sigma":1.5,"state":"IDLE","t":"2026-07-19T02:51:58.8178445Z","type":"sample"}
{"channel":"gsr","display":2517.5,"mu":0,"quality":"OK","raw":2517.5,"sigma":10,"state":"IDLE","t":"2026-07-19T02:51:58.8271152Z","type":"sample"}
{"channel":"rr","display":9.682104243989027,"mu":0,"quality":"OK","raw":1191.4,"sigma":1.5,"state":"IDLE","t":"2026-07-19T02:51:58.8581414Z","type":"sample"}
{"channel":"rr","display":9.682104243989027,"mu":0,"quality":"OK","raw":1190,"sigma":1.5,"state":"IDLE","t":"2026-07-19T02:51:58.8977483Z","type":"sample"}
{"channel":"gsr","display":2527.6,"mu":0,"quality":"OK","raw":2527.6,"sigma":10,"state":"IDLE","t":"2026-07-19T02:51:58.9261595Z","type":"sample"}
{"channel":"rr","display":9.682104243989027,"mu":0,"quality":"OK","raw":1187.3,"sigma":1.5,"state":"IDLE","t":"2026-07-19T02:51:58.9376474Z","type":"sample"}
{"channel":"rr","display":9.682104243989027,"mu":0,"quality":"OK","raw":1187.1,"sigma":1.5,"state":"IDLE","t":"2026-07-19T02:51:58.9772618Z","type":"sample"}
{"channel":"rr","display":9.682104243989027,"mu":0,"quality":"OK","raw":1184.2,"sigma":1.5,"state":"IDLE","t":"2026-07-19T02:51:59.0180758Z","type":"sample"}
{"channel":"gsr","display":2535.3,"mu":0,"quality":"OK","raw":2535.3,"sigma":10,"state":"IDLE","t":"2026-07-19T02:51:59.0269164Z","type":"sample"}
{"channel":"rr","display":9.682104243989027,"mu":0,"quality":"OK","raw":1179.4,"sigma":1.5,"state":"IDLE","t":"2026-07-19T02:51:59.0576557Z","type":"sample"}
{"channel":"rr","display":9.682104243989027,"mu":0,"quality":"OK","raw":1176.6,"sigma":1.5,"state":"IDLE","t":"2026-07-19T02:51:59.0980701Z","type":"sample"}
{"channel":"gsr","display":2534.1,"mu":0,"quality":"OK","raw":2534.1,"sigma":10,"state":"IDLE","t":"2026-07-19T02:51:59.1258969Z","type":"sample"}
{"address":"/cue/r19/start","args":null,"channel":"system","dir":"out","t":"2026-07-19T02:51:59.1317324Z","type":"osc"}
{"channel":"rr","display":9.682104243989027,"mu":0,"quality":"OK","raw":1170.8,"sigma":1.5,"state":"IDLE","t":"2026-07-19T02:51:59.1375496Z","type":"sample"}
{"channel":"rr","display":9.682104243989027,"mu":0,"quality":"OK","raw":1166,"sigma":1.5,"state":"IDLE","t":"2026-07-19T02:51:59.1764193Z","type":"sample"}
{"channel":"rr","display":9.682104243989027,"mu":0,"quality":"OK","raw":1164.4,"sigma":1.5,"state":"IDLE","t":"2026-07-19T02:51:59.2181247Z","type":"sample"}
{"channel":"gsr","display":2539.6,"mu":0,"quality":"OK","raw":2539.6,"sigma":10,"state":"IDLE","t":"2026-07-19T02:51:59.2261274Z","type":"sample"}
{"channel":"hr","display":70,"mu":0,"quality":"OK","raw":70,"sigma":3,"state":"IDLE","t":"2026-07-19T02:51:59.2275494Z","type":"sample"}
{"channel":"rr","display":9.682104243989027,"mu":0,"quality":"OK","raw":1161.4,"sigma":1.5,"state":"IDLE","t":"2026-07-19T02:51:59.2581617Z","type":"sample"}
{"channel":"rr","display":9.682104243989027,"mu":0,"quality":"OK","raw":1158.8,"sigma":1.5,"state":"IDLE","t":"2026-07-19T02:51:59.2982556Z","type":"sample"}
{"channel":"gsr","display":2531.8,"mu":0,"quality":"OK","raw":2531.8,"sigma":10,"state":"IDLE","t":"2026-07-19T02:51:59.3262928Z","type":"sample"}
{"channel":"rr","display":9.682104243989027,"mu":0,"quality":"OK","raw":1155.4,"sigma":1.5,"state":"IDLE","t":"2026-07-19T02:51:59.3376927Z","type":"sample"}
{"channel":"rr","display":9.682104243989027,"mu":0,"quality":"OK","raw":1156.5,"sigma":1.5,"state":"IDLE","t":"2026-07-19T02:51:59.372477Z","type":"sample"}
{"channel":"rr","display":9.682104243989027,"mu":0,"quality":"OK","raw":1154.4,"sigma":1.5,"state":"IDLE","t":"2026-07-19T02:51:59.4181117Z","type":"sample"}
{"channel":"gsr","display":2537.8,"mu":0,"quality":"OK","raw":2537.8,"sigma":10,"state":"IDLE","t":"2026-07-19T02:51:59.4233512Z","type":"sample"}
{"address":"/cue/bpm070/start","args":null,"channel":"system","dir":"out","t":"2026-07-19T02:51:59.4364697Z","type":"osc"}
{"address":"/cue/g1/start","args":null,"channel":"system","dir":"out","t":"2026-07-19T02:51:59.4373998Z","type":"osc"}
{"channel":"rr","display":9.682104243989027,"mu":0,"quality":"OK","raw":1153.4,"sigma":1.5,"state":"IDLE","t":"2026-07-19T02:51:59.4579018Z","type":"sample"}
{"channel":"rr","display":9.682104243989027,"mu":0,"quality":"OK","raw":1151.6,"sigma":1.5,"state":"IDLE","t":"2026-07-19T02:51:59.498288Z","type":"sample"}
{"channel":"gsr","display":2539,"mu":0,"quality":"OK","raw":2539,"sigma":10,"state":"IDLE","t":"2026-07-19T02:51:59.5257433Z","type":"sample"}
{"channel":"rr","display":9.682104243989027,"mu":0,"quality":"OK","raw":1152.9,"sigma":1.5,"state":"IDLE","t":"2026-07-19T02:51:59.5378657Z","type":"sample"}
{"channel":"rr","display":9.682104243989027,"mu":0,"quality":"OK","raw":1151.6,"sigma":1.5,"state":"IDLE","t":"2026-07-19T02:51:59.5772132Z","type":"sample"}
{"channel":"rr","display":9.682104243989027,"mu":0,"quality":"OK","raw":1155.8,"sigma":1.5,"state":"IDLE","t":"2026-07-19T02:51:59.6181517Z","type":"sample"}
{"address":"/cue/p/start","args":null,"channel":"system","dir":"out","t":"2026-07-19T02:51:59.6181517Z","type":"osc"}
{"channel":"gsr","display":2546.6,"mu":0,"quality":"OK","raw":2546.6,"sigma":10,"state":"IDLE","t":"2026-07-19T02:51:59.626115Z","type":"sample"}
{"channel":"rr","display":9.682104243989027,"mu":0,"quality":"OK","raw":1151.6,"sigma":1.5,"state":"IDLE","t":"2026-07-19T02:51:59.6570329Z","type":"sample"}
{"channel":"rr","display":9.682104243989027,"mu":0,"quality":"OK","raw":1150.2,"sigma":1.5,"state":"IDLE","t":"2026-07-19T02:51:59.6889579Z","type":"sample"}
{"channel":"gsr","display":2541.7,"mu":0,"quality":"OK","raw":2541.7,"sigma":10,"state":"IDLE","t":"2026-07-19T02:51:59.7261695Z","type":"sample"}
{"channel":"hr","display":70,"mu":0,"quality":"OK","raw":70,"sigma":3,"state":"IDLE","t":"2026-07-19T02:51:59.7269072Z","type":"sample"}
{"channel":"rr","display":9.682104243989027,"mu":0,"quality":"OK","raw":1153.8,"sigma":1.5,"state":"IDLE","t":"2026-07-19T02:51:59.7381471Z","type":"sample"}
{"channel":"rr","display":9.682104243989027,"mu":0,"quality":"OK","raw":1153,"sigma":1.5,"state":"IDLE","t":"2026-07-19T02:51:59.7773538Z","type":"sample"}
{"channel":"rr","display":9.682104243989027,"mu":0,"quality":"OK","raw":1151.7,"sigma":1.5,"state":"IDLE","t":"2026-07-19T02:51:59.817977Z","type":"sample"}
{"channel":"gsr","display":2552.6,"mu":0,"quality":"OK","raw":2552.6,"sigma":10,"state":"IDLE","t":"2026-07-19T02:51:59.8265935Z","type":"sample"}
{"channel":"rr","display":9.682104243989027,"mu":0,"quality":"OK","raw":1153.9,"sigma":1.5,"state":"IDLE","t":"2026-07-19T02:51:59.8563391Z","type":"sample"}
{"channel":"rr","display":9.682104243989027,"mu":0,"quality":"OK","raw":1154.8,"sigma":1.5,"state":"IDLE","t":"2026-07-19T02:51:59.8983106Z","type":"sample"}
{"channel":"gsr","display":2546.7,"mu":0,"quality":"OK","raw":2546.7,"sigma":10,"state":"IDLE","t":"2026-07-19T02:51:59.9260054Z","type":"sample"}
{"channel":"rr","display":9.682104243989027,"mu":0,"quality":"OK","raw":1153.1,"sigma":1.5,"state":"IDLE","t":"2026-07-19T02:51:59.9371611Z","type":"sample"}
{"channel":"rr","display":9.682104243989027,"mu":0,"quality":"OK","raw":1153.1,"sigma":1.5,"state":"IDLE","t":"2026-07-19T02:51:59.9773949Z","type":"sample"}
{"channel":"rr","display":9.682104243989027,"mu":0,"quality":"OK","raw":1154.1,"sigma":1.5,"state":"IDLE","t":"2026-07-19T02:52:00.0181983Z","type":"sample"}
{"channel":"gsr","display":2553.8,"mu":0,"quality":"OK","raw":2553.8,"sigma":10,"state":"IDLE","t":"2026-07-19T02:52:00.0260027Z","type":"sample"}
{"channel":"rr","display":9.682104243989027,"mu":0,"quality":"OK","raw":1154.5,"sigma":1.5,"state":"IDLE","t":"2026-07-19T02:52:00.0581511Z","type":"sample"}
{"channel":"rr","display":9.682104243989027,"mu":0,"quality":"OK","raw":1154.8,"sigma":1.5,"state":"IDLE","t":"2026-07-19T02:52:00.0981274Z","type":"sample"}
{"channel":"gsr","display":2554.1,"mu":0,"quality":"OK","raw":2554.1,"sigma":10,"state":"IDLE","t":"2026-07-19T02:52:00.1254008Z","type":"sample"}
{"channel":"rr","display":9.682104243989027,"mu":0,"quality":"OK","raw":1154.2,"sigma":1.5,"state":"IDLE","t":"2026-07-19T02:52:00.1372916Z","type":"sample"}
{"address":"/cue/r19/start","args":null,"channel":"system","dir":"out","t":"2026-07-19T02:52:00.1436322Z","type":"osc"}
{"channel":"rr","display":9.682104243989027,"mu":0,"quality":"OK","raw":1155.9,"sigma":1.5,"state":"IDLE","t":"2026-07-19T02:52:00.1771154Z","type":"sample"}
{"channel":"rr","display":9.682104243989027,"mu":0,"quality":"OK","raw":1154.5,"sigma":1.5,"state":"IDLE","t":"2026-07-19T02:52:00.2177391Z","type":"sample"}
{"channel":"gsr","display":2558.5,"mu":0,"quality":"OK","raw":2558.5,"sigma":10,"state":"IDLE","t":"2026-07-19T02:52:00.2230893Z","type":"sample"}
{"channel":"hr","display":70,"mu":0,"quality":"OK","raw":70,"sigma":3,"state":"IDLE","t":"2026-07-19T02:52:00.2276069Z","type":"sample"}
{"channel":"rr","display":9.682104243989027,"mu":0,"quality":"OK","raw":1153.6,"sigma":1.5,"state":"IDLE","t":"2026-07-19T02:52:00.2567183Z","type":"sample"}
{"channel":"rr","display":9.682104243989027,"mu":0,"quality":"OK","raw":1154.5,"sigma":1.5,"state":"IDLE","t":"2026-07-19T02:52:00.2982211Z","type":"sample"}
{"channel":"gsr","display":2555.8,"mu":0,"quality":"OK","raw":2555.8,"sigma":10,"state":"IDLE","t":"2026-07-19T02:52:00.3262264Z","type":"sample"}
{"channel":"rr","display":9.682104243989027,"mu":0,"quality":"OK","raw":1155.2,"sigma":1.5,"state":"IDLE","t":"2026-07-19T02:52:00.3371045Z","type":"sample"}
{"channel":"rr","display":9.682104243989027,"mu":0,"quality":"OK","raw":1152.9,"sigma":1.5,"state":"IDLE","t":"2026-07-19T02:52:00.3773357Z","type":"sample"}
{"channel":"rr","display":9.682104243989027,"mu":0,"quality":"OK","raw":1155.7,"sigma":1.5,"state":"IDLE","t":"2026-07-19T02:52:00.4176819Z","type":"sample"}
{"channel":"gsr","display":2561.5,"mu":0,"quality":"OK","raw":2561.5,"sigma":10,"state":"IDLE","t":"2026-07-19T02:52:00.4231217Z","type":"sample"}
{"address":"/cue/bpm070/start","args":null,"channel":"system","dir":"out","t":"2026-07-19T02:52:00.4483399Z","type":"osc"}
{"address":"/cue/g1/start","args":null,"channel":"system","dir":"out","t":"2026-07-19T02:52:00.4488766Z","type":"osc"}
{"channel":"rr","display":9.682104243989027,"mu":0,"quality":"OK","raw":1156,"sigma":1.5,"state":"IDLE","t":"2026-07-19T02:52:00.4577624Z","type":"sample"}
{"address":"/cue/p/start","args":null,"channel":"system","dir":"out","t":"2026-07-19T02:52:00.4746768Z","type":"osc"}
{"channel":"rr","display":9.682104243989027,"mu":0,"quality":"OK","raw":1154.1,"sigma":1.5,"state":"IDLE","t":"2026-07-19T02:52:00.4895789Z","type":"sample"}
{"channel":"gsr","display":2559.8,"mu":0,"quality":"OK","raw":2559.8,"sigma":10,"state":"IDLE","t":"2026-07-19T02:52:00.5257274Z","type":"sample"}
{"channel":"rr","display":9.682104243989027,"mu":0,"quality":"OK","raw":1154.6,"sigma":1.5,"state":"IDLE","t":"2026-07-19T02:52:00.5374201Z","type":"sample"}
{"channel":"rr","display":9.682104243989027,"mu":0,"quality":"OK","raw":1156.2,"sigma":1.5,"state":"IDLE","t":"2026-07-19T02:52:00.5775619Z","type":"sample"}
{"channel":"rr","display":9.682104243989027,"mu":0,"quality":"OK","raw":1159.6,"sigma":1.5,"state":"IDLE","t":"2026-07-19T02:52:00.6170175Z","type":"sample"}
{"channel":"gsr","display":2569.4,"mu":0,"quality":"OK","raw":2569.4,"sigma":10,"state":"IDLE","t":"2026-07-19T02:52:00.6228922Z","type":"sample"}
{"channel":"rr","display":9.682104243989027,"mu":0,"quality":"OK","raw":1163.4,"sigma":1.5,"state":"IDLE","t":"2026-07-19T02:52:00.6561758Z","type":"sample"}
{"channel":"rr","display":9.682104243989027,"mu":0,"quality":"OK","raw":1165.8,"sigma":1.5,"state":"IDLE","t":"2026-07-19T02:52:00.6960986Z","type":"sample"}
{"channel":"gsr","display":2568.5,"mu":0,"quality":"OK","raw":2568.5,"sigma":10,"state":"IDLE","t":"2026-07-19T02:52:00.7261442Z","type":"sample"}
{"channel":"hr","display":70,"mu":0,"quality":"OK","raw":70,"sigma":3,"state":"IDLE","t":"2026-07-19T02:52:00.7268023Z","type":"sample"}
{"channel":"rr","display":9.682104243989027,"mu":0,"quality":"OK","raw":1172.1,"sigma":1.5,"state":"IDLE","t":"2026-07-19T02:52:00.7372433Z","type":"sample"}
{"channel":"rr","display":9.682104243989027,"mu":0,"quality":"OK","raw":1181.9,"sigma":1.5,"state":"IDLE","t":"2026-07-19T02:52:00.7781335Z","type":"sample"}
{"channel":"rr","display":9.682104243989027,"mu":0,"quality":"OK","raw":1194.6,"sigma":1.5,"state":"IDLE","t":"2026-07-19T02:52:00.8182442Z","type":"sample"}
{"channel":"gsr","display":2574.4,"mu":0,"quality":"OK","raw":2574.4,"sigma":10,"state":"IDLE","t":"2026-07-19T02:52:00.8260394Z","type":"sample"}
{"channel":"rr","display":9.682104243989027,"mu":0,"quality":"OK","raw":1207.3,"sigma":1.5,"state":"IDLE","t":"2026-07-19T02:52:00.8575962Z","type":"sample"}
{"channel":"rr","display":9.682104243989027,"mu":0,"quality":"OK","raw":1223.8,"sigma":1.5,"state":"IDLE","t":"2026-07-19T02:52:00.8906684Z","type":"sample"}
{"channel":"gsr","display":2570.7,"mu":0,"quality":"OK","raw":2570.7,"sigma":10,"state":"IDLE","t":"2026-07-19T02:52:00.9261658Z","type":"sample"}
{"channel":"rr","display":9.682104243989027,"mu":0,"quality":"OK","raw":1240.7,"sigma":1.5,"state":"IDLE","t":"2026-07-19T02:52:00.9379579Z","type":"sample"}
{"channel":"rr","display":9.682104243989027,"mu":0,"quality":"OK","raw":1249.9,"sigma":1.5,"state":"IDLE","t":"2026-07-19T02:52:00.978154Z","type":"sample"}
{"channel":"rr","display":9.682104243989027,"mu":0,"quality":"OK","raw":1258.4,"sigma":1.5,"state":"IDLE","t":"2026-07-19T02:52:01.0177224Z","type":"sample"}
{"channel":"gsr","display":2578.5,"mu":0,"quality":"OK","raw":2578.5,"sigma":10,"state":"IDLE","t":"2026-07-19T02:52:01.0228654Z","type":"sample"}
{"channel":"rr","display":9.682104243989027,"mu":0,"quality":"OK","raw":1269.6,"sigma":1.5,"state":"IDLE","t":"2026-07-19T02:52:01.0564129Z","type":"sample"}
{"channel":"rr","display":9.682104243989027,"mu":0,"quality":"OK","raw":1281.3,"sigma":1.5,"state":"IDLE","t":"2026-07-19T02:52:01.0889003Z","type":"sample"}
{"channel":"gsr","display":2576.9,"mu":0,"quality":"OK","raw":2576.9,"sigma":10,"state":"IDLE","t":"2026-07-19T02:52:01.1261352Z","type":"sample"}
{"channel":"rr","display":9.682104243989027,"mu":0,"quality":"OK","raw":1293.7,"sigma":1.5,"state":"IDLE","t":"2026-07-19T02:52:01.1372346Z","type":"sample"}
{"address":"/cue/r19/start","args":null,"channel":"system","dir":"out","t":"2026-07-19T02:52:01.151418Z","type":"osc"}
{"channel":"rr","display":9.682104243989027,"mu":0,"quality":"OK","raw":1303.2,"sigma":1.5,"state":"IDLE","t":"2026-07-19T02:52:01.1766601Z","type":"sample"}
{"channel":"rr","display":9.682104243989027,"mu":0,"quality":"OK","raw":1309.8,"sigma":1.5,"state":"IDLE","t":"2026-07-19T02:52:01.2178242Z","type":"sample"}
{"channel":"gsr","display":2585,"mu":0,"quality":"OK","raw":2585,"sigma":10,"state":"IDLE","t":"2026-07-19T02:52:01.2225289Z","type":"sample"}
{"channel":"hr","display":70,"mu":0,"quality":"OK","raw":70,"sigma":3,"state":"IDLE","t":"2026-07-19T02:52:01.2225289Z","type":"sample"}
{"channel":"rr","display":9.682104243989027,"mu":0,"quality":"OK","raw":1322.6,"sigma":1.5,"state":"IDLE","t":"2026-07-19T02:52:01.2565305Z","type":"sample"}
{"channel":"rr","display":9.682104243989027,"mu":0,"quality":"OK","raw":1333.1,"sigma":1.5,"state":"IDLE","t":"2026-07-19T02:52:01.2981288Z","type":"sample"}
{"channel":"gsr","display":2581.1,"mu":0,"quality":"OK","raw":2581.1,"sigma":10,"state":"IDLE","t":"2026-07-19T02:52:01.3261216Z","type":"sample"}
{"address":"/cue/p/start","args":null,"channel":"system","dir":"out","t":"2026-07-19T02:52:01.3316824Z","type":"osc"}
{"channel":"rr","display":9.682104243989027,"mu":0,"quality":"OK","raw":1349.1,"sigma":1.5,"state":"IDLE","t":"2026-07-19T02:52:01.3382997Z","type":"sample"}
{"channel":"rr","display":9.682104243989027,"mu":0,"quality":"OK","raw":1363.1,"sigma":1.5,"state":"IDLE","t":"2026-07-19T02:52:01.3772097Z","type":"sample"}
{"channel":"rr","display":9.732360097323602,"mu":0,"quality":"OK","raw":1379.3,"sigma":1.5,"state":"IDLE","t":"2026-07-19T02:52:01.4180704Z","type":"sample"}
{"channel":"gsr","display":2586.3,"mu":0,"quality":"OK","raw":2586.3,"sigma":10,"state":"IDLE","t":"2026-07-19T02:52:01.4254054Z","type":"sample"}
{"address":"/cue/bpm070/start","args":null,"channel":"system","dir":"out","t":"2026-07-19T02:52:01.4538413Z","type":"osc"}
{"address":"/cue/g1/start","args":null,"channel":"system","dir":"out","t":"2026-07-19T02:52:01.4548803Z","type":"osc"}
{"channel":"rr","display":9.732360097323602,"mu":0,"quality":"OK","raw":1393.9,"sigma":1.5,"state":"IDLE","t":"2026-07-19T02:52:01.4575745Z","type":"sample"}
{"channel":"rr","display":9.732360097323602,"mu":0,"quality":"OK","raw":1415.9,"sigma":1.5,"state":"IDLE","t":"2026-07-19T02:52:01.494513Z","type":"sample"}
{"channel":"gsr","display":2585.7,"mu":0,"quality":"OK","raw":2585.7,"sigma":10,"state":"IDLE","t":"2026-07-19T02:52:01.5262432Z","type":"sample"}
{"channel":"rr","display":9.732360097323602,"mu":0,"quality":"OK","raw":1433.3,"sigma":1.5,"state":"IDLE","t":"2026-07-19T02:52:01.5378781Z","type":"sample"}
{"channel":"rr","display":9.732360097323602,"mu":0,"quality":"OK","raw":1443.8,"sigma":1.5,"state":"IDLE","t":"2026-07-19T02:52:01.5781484Z","type":"sample"}
{"channel":"rr","display":9.732360097323602,"mu":0,"quality":"OK","raw":1458.9,"sigma":1.5,"state":"IDLE","t":"2026-07-19T02:52:01.6181049Z","type":"sample"}
{"channel":"gsr","display":2592.5,"mu":0,"quality":"OK","raw":2592.5,"sigma":10,"state":"IDLE","t":"2026-07-19T02:52:01.6256795Z","type":"sample"}
{"channel":"rr","display":9.732360097323602,"mu":0,"quality":"OK","raw":1481.8,"sigma":1.5,"state":"IDLE","t":"2026-07-19T02:52:01.6577082Z","type":"sample"}
{"channel":"rr","display":9.732360097323602,"mu":0,"quality":"OK","raw":1496.4,"sigma":1.5,"state":"IDLE","t":"2026-07-19T02:52:01.6982353Z","type":"sample"}
{"channel":"gsr","display":2587.6,"mu":0,"quality":"OK","raw":2587.6,"sigma":10,"state":"IDLE","t":"2026-07-19T02:52:01.7261231Z","type":"sample"}
{"channel":"hr","display":70,"mu":0,"quality":"OK","raw":70,"sigma":3,"state":"IDLE","t":"2026-07-19T02:52:01.7261231Z","type":"sample"}
{"channel":"rr","display":9.732360097323602,"mu":0,"quality":"OK","raw":1512.2,"sigma":1.5,"state":"IDLE","t":"2026-07-19T02:52:01.7379985Z","type":"sample"}
{"channel":"rr","display":9.732360097323602,"mu":0,"quality":"OK","raw":1524.6,"sigma":1.5,"state":"IDLE","t":"2026-07-19T02:52:01.7781385Z","type":"sample"}
{"channel":"rr","display":9.732360097323602,"mu":0,"quality":"OK","raw":1537.6,"sigma":1.5,"state":"IDLE","t":"2026-07-19T02:52:01.8179588Z","type":"sample"}
{"channel":"gsr","display":2599.1,"mu":0,"quality":"OK","raw":2599.1,"sigma":10,"state":"IDLE","t":"2026-07-19T02:52:01.8268077Z","type":"sample"}
{"channel":"rr","display":9.732360097323602,"mu":0,"quality":"OK","raw":1550.2,"sigma":1.5,"state":"IDLE","t":"2026-07-19T02:52:01.8576423Z","type":"sample"}
{"channel":"rr","display":9.732360097323602,"mu":0,"quality":"OK","raw":1554.9,"sigma":1.5,"state":"IDLE","t":"2026-07-19T02:52:01.8978232Z","type":"sample"}
{"channel":"gsr","display":2592.8,"mu":0,"quality":"OK","raw":2592.8,"sigma":10,"state":"IDLE","t":"2026-07-19T02:52:01.9261847Z","type":"sample"}
{"channel":"rr","display":9.732360097323602,"mu":0,"quality":"OK","raw":1556.1,"sigma":1.5,"state":"IDLE","t":"2026-07-19T02:52:01.9374627Z","type":"sample"}
{"channel":"rr","display":9.732360097323602,"mu":0,"quality":"OK","raw":1555.6,"sigma":1.5,"state":"IDLE","t":"2026-07-19T02:52:01.977985Z","type":"sample"}
{"channel":"rr","display":9.732360097323602,"mu":0,"quality":"OK","raw":1555.6,"sigma":1.5,"state":"IDLE","t":"2026-07-19T02:52:02.0173518Z","type":"sample"}
{"channel":"gsr","display":2598,"mu":0,"quality":"OK","raw":2598,"sigma":10,"state":"IDLE","t":"2026-07-19T02:52:02.0253413Z","type":"sample"}
{"channel":"rr","display":9.732360097323602,"mu":0,"quality":"OK","raw":1555.2,"sigma":1.5,"state":"IDLE","t":"2026-07-19T02:52:02.0582909Z","type":"sample"}
{"channel":"rr","display":9.732360097323602,"mu":0,"quality":"OK","raw":1555.6,"sigma":1.5,"state":"IDLE","t":"2026-07-19T02:52:02.0889778Z","type":"sample"}
{"channel":"gsr","display":2598.2,"mu":0,"quality":"OK","raw":2598.2,"sigma":10,"state":"IDLE","t":"2026-07-19T02:52:02.1260977Z","type":"sample"}
{"channel":"rr","display":9.732360097323602,"mu":0,"quality":"OK","raw":1556.2,"sigma":1.5,"state":"IDLE","t":"2026-07-19T02:52:02.1372354Z","type":"sample"}
{"address":"/cue/r19/start","args":null,"channel":"system","dir":"out","t":"2026-07-19T02:52:02.1586037Z","type":"osc"}
{"channel":"rr","display":9.732360097323602,"mu":0,"quality":"OK","raw":1555.8,"sigma":1.5,"state":"IDLE","t":"2026-07-19T02:52:02.1769795Z","type":"sample"}
{"address":"/cue/p/start","args":null,"channel":"system","dir":"out","t":"2026-07-19T02:52:02.1888061Z","type":"osc"}
{"channel":"rr","display":9.732360097323602,"mu":0,"quality":"OK","raw":1555.8,"sigma":1.5,"state":"IDLE","t":"2026-07-19T02:52:02.2171131Z","type":"sample"}
{"channel":"gsr","display":2604.9,"mu":0,"quality":"OK","raw":2604.9,"sigma":10,"state":"IDLE","t":"2026-07-19T02:52:02.2236657Z","type":"sample"}
{"channel":"hr","display":69,"mu":0,"quality":"OK","raw":69,"sigma":3,"state":"IDLE","t":"2026-07-19T02:52:02.2236657Z","type":"sample"}
{"channel":"rr","display":9.732360097323602,"mu":0,"quality":"OK","raw":1555.4,"sigma":1.5,"state":"IDLE","t":"2026-07-19T02:52:02.2553561Z","type":"sample"}
{"channel":"rr","display":9.732360097323602,"mu":0,"quality":"OK","raw":1553.9,"sigma":1.5,"state":"IDLE","t":"2026-07-19T02:52:02.2890186Z","type":"sample"}
{"channel":"gsr","display":2596.7,"mu":0,"quality":"OK","raw":2596.7,"sigma":10,"state":"IDLE","t":"2026-07-19T02:52:02.3261214Z","type":"sample"}
{"channel":"rr","display":9.732360097323602,"mu":0,"quality":"OK","raw":1555.6,"sigma":1.5,"state":"IDLE","t":"2026-07-19T02:52:02.3373231Z","type":"sample"}
{"channel":"rr","display":9.732360097323602,"mu":0,"quality":"OK","raw":1553.7,"sigma":1.5,"state":"IDLE","t":"2026-07-19T02:52:02.3735917Z","type":"sample"}
{"channel":"rr","display":9.732360097323602,"mu":0,"quality":"OK","raw":1556.1,"sigma":1.5,"state":"IDLE","t":"2026-07-19T02:52:02.417789Z","type":"sample"}
{"channel":"gsr","display":2606.1,"mu":0,"quality":"OK","raw":2606.1,"sigma":10,"state":"IDLE","t":"2026-07-19T02:52:02.4268577Z","type":"sample"}
{"channel":"rr","display":9.732360097323602,"mu":0,"quality":"OK","raw":1554.9,"sigma":1.5,"state":"IDLE","t":"2026-07-19T02:52:02.4580848Z","type":"sample"}
{"address":"/cue/bpm069/start","args":null,"channel":"system","dir":"out","t":"2026-07-19T02:52:02.4638762Z","type":"osc"}
{"address":"/cue/g1/start","args":null,"channel":"system","dir":"out","t":"2026-07-19T02:52:02.4649303Z","type":"osc"}
{"channel":"rr","display":9.732360097323602,"mu":0,"quality":"OK","raw":1554.4,"sigma":1.5,"state":"IDLE","t":"2026-07-19T02:52:02.497797Z","type":"sample"}
{"channel":"gsr","display":2601,"mu":0,"quality":"OK","raw":2601,"sigma":10,"state":"IDLE","t":"2026-07-19T02:52:02.5258019Z","type":"sample"}
{"channel":"rr","display":9.732360097323602,"mu":0,"quality":"OK","raw":1554.4,"sigma":1.5,"state":"IDLE","t":"2026-07-19T02:52:02.537426Z","type":"sample"}
{"channel":"rr","display":9.732360097323602,"mu":0,"quality":"OK","raw":1554.7,"sigma":1.5,"state":"IDLE","t":"2026-07-19T02:52:02.5775319Z","type":"sample"}
{"channel":"rr","display":9.732360097323602,"mu":0,"quality":"OK","raw":1553.1,"sigma":1.5,"state":"IDLE","t":"2026-07-19T02:52:02.6172322Z","type":"sample"}
{"channel":"gsr","display":2608.3,"mu":0,"quality":"OK","raw":2608.3,"sigma":10,"state":"IDLE","t":"2026-07-19T02:52:02.6247448Z","type":"sample"}
{"channel":"rr","display":9.732360097323602,"mu":0,"quality":"OK","raw":1553.7,"sigma":1.5,"state":"IDLE","t":"2026-07-19T02:52:02.6581062Z","type":"sample"}
{"channel":"rr","display":9.732360097323602,"mu":0,"quality":"OK","raw":1552.8,"sigma":1.5,"state":"IDLE","t":"2026-07-19T02:52:02.694092Z","type":"sample"}
{"channel":"gsr","display":2605.4,"mu":0,"quality":"OK","raw":2605.4,"sigma":10,"state":"IDLE","t":"2026-07-19T02:52:02.7249627Z","type":"sample"}
{"channel":"hr","display":69,"mu":0,"quality":"OK","raw":69,"sigma":3,"state":"IDLE","t":"2026-07-19T02:52:02.7264657Z","type":"sample"}
{"channel":"rr","display":9.732360097323602,"mu":0,"quality":"OK","raw":1548,"sigma":1.5,"state":"IDLE","t":"2026-07-19T02:52:02.7376952Z","type":"sample"}
{"channel":"rr","display":9.732360097323602,"mu":0,"quality":"OK","raw":1531.7,"sigma":1.5,"state":"IDLE","t":"2026-07-19T02:52:02.7777876Z","type":"sample"}
{"channel":"rr","display":9.732360097323602,"mu":0,"quality":"OK","raw":1526.9,"sigma":1.5,"state":"IDLE","t":"2026-07-19T02:52:02.8183369Z","type":"sample"}
{"channel":"gsr","display":2610.5,"mu":0,"quality":"OK","raw":2610.5,"sigma":10,"state":"IDLE","t":"2026-07-19T02:52:02.8259251Z","type":"sample"}
{"channel":"rr","display":9.732360097323602,"mu":0,"quality":"OK","raw":1519.1,"sigma":1.5,"state":"IDLE","t":"2026-07-19T02:52:02.8579463Z","type":"sample"}
{"channel":"rr","display":9.732360097323602,"mu":0,"quality":"OK","raw":1511.2,"sigma":1.5,"state":"IDLE","t":"2026-07-19T02:52:02.8908342Z","type":"sample"}
{"channel":"gsr","display":2606.4,"mu":0,"quality":"OK","raw":2606.4,"sigma":10,"state":"IDLE","t":"2026-07-19T02:52:02.9261154Z","type":"sample"}
{"channel":"rr","display":9.732360097323602,"mu":0,"quality":"OK","raw":1502.2,"sigma":1.5,"state":"IDLE","t":"2026-07-19T02:52:02.9379372Z","type":"sample"}
{"channel":"rr","display":9.732360097323602,"mu":0,"quality":"OK","raw":1494.4,"sigma":1.5,"state":"IDLE","t":"2026-07-19T02:52:02.9774876Z","type":"sample"}
{"channel":"rr","display":9.732360097323602,"mu":0,"quality":"OK","raw":1486.6,"sigma":1.5,"state":"IDLE","t":"2026-07-19T02:52:03.0179917Z","type":"sample"}
{"channel":"gsr","display":2613.4,"mu":0,"quality":"OK","raw":2613.4,"sigma":10,"state":"IDLE","t":"2026-07-19T02:52:03.0265727Z","type":"sample"}
{"address":"/cue/p/start","args":null,"channel":"system","dir":"out","t":"2026-07-19T02:52:03.045947Z","type":"osc"}
{"channel":"rr","display":9.732360097323602,"mu":0,"quality":"OK","raw":1483.6,"sigma":1.5,"state":"IDLE","t":"2026-07-19T02:52:03.0562581Z","type":"sample"}
{"channel":"rr","display":9.732360097323602,"mu":0,"quality":"OK","raw":1481.5,"sigma":1.5,"state":"IDLE","t":"2026-07-19T02:52:03.0889006Z","type":"sample"}
{"channel":"gsr","display":2605.5,"mu":0,"quality":"OK","raw":2605.5,"sigma":10,"state":"IDLE","t":"2026-07-19T02:52:03.1260384Z","type":"sample"}
{"channel":"rr","display":9.732360097323602,"mu":0,"quality":"OK","raw":1473.8,"sigma":1.5,"state":"IDLE","t":"2026-07-19T02:52:03.1376716Z","type":"sample"}
{"address":"/cue/r19/start","args":null,"channel":"system","dir":"out","t":"2026-07-19T02:52:03.1706493Z","type":"osc"}
{"channel":"rr","display":9.732360097323602,"mu":0,"quality":"OK","raw":1466.2,"sigma":1.5,"state":"IDLE","t":"2026-07-19T02:52:03.1776273Z","type":"sample"}
{"channel":"rr","display":9.732360097323602,"mu":0,"quality":"OK","raw":1462.2,"sigma":1.5,"state":"IDLE","t":"2026-07-19T02:52:03.2179482Z","type":"sample"}
{"channel":"gsr","display":2610.9,"mu":0,"quality":"OK","raw":2610.9,"sigma":10,"state":"IDLE","t":"2026-07-19T02:52:03.224202Z","type":"sample"}
{"channel":"hr","display":68,"mu":0,"quality":"OK","raw":68,"sigma":3,"state":"IDLE","t":"2026-07-19T02:52:03.2470512Z","type":"sample"}
{"channel":"rr","display":9.732360097323602,"mu":0,"quality":"OK","raw":1458.4,"sigma":1.5,"state":"IDLE","t":"2026-07-19T02:52:03.2582149Z","type":"sample"}
{"channel":"rr","display":9.732360097323602,"mu":0,"quality":"OK","raw":1454.9,"sigma":1.5,"state":"IDLE","t":"2026-07-19T02:52:03.2889235Z","type":"sample"}
{"channel":"gsr","display":2605.8,"mu":0,"quality":"OK","raw":2605.8,"sigma":10,"state":"IDLE","t":"2026-07-19T02:52:03.3261848Z","type":"sample"}
{"channel":"rr","display":9.732360097323602,"mu":0,"quality":"OK","raw":1450.4,"sigma":1.5,"state":"IDLE","t":"2026-07-19T02:52:03.3372253Z","type":"sample"}
{"channel":"rr","display":9.732360097323602,"mu":0,"quality":"OK","raw":1444.7,"sigma":1.5,"state":"IDLE","t":"2026-07-19T02:52:03.3776955Z","type":"sample"}
{"channel":"rr","display":9.732360097323602,"mu":0,"quality":"OK","raw":1439.4,"sigma":1.5,"state":"IDLE","t":"2026-07-19T02:52:03.4183829Z","type":"sample"}
{"channel":"gsr","display":2608.8,"mu":0,"quality":"OK","raw":2608.8,"sigma":10,"state":"IDLE","t":"2026-07-19T02:52:03.4259155Z","type":"sample"}
{"channel":"rr","display":9.732360097323602,"mu":0,"quality":"OK","raw":1437.1,"sigma":1.5,"state":"IDLE","t":"2026-07-19T02:52:03.4555407Z","type":"sample"}
{"address":"/cue/bpm068/start","args":null,"channel":"system","dir":"out","t":"2026-07-19T02:52:03.4721617Z","type":"osc"}
{"address":"/cue/g1/start","args":null,"channel":"system","dir":"out","t":"2026-07-19T02:52:03.473266Z","type":"osc"}
{"channel":"rr","display":9.732360097323602,"mu":0,"quality":"OK","raw":1432.4,"sigma":1.5,"state":"IDLE","t":"2026-07-19T02:52:03.4980817Z","type":"sample"}
{"channel":"gsr","display":2607.4,"mu":0,"quality":"OK","raw":2607.4,"sigma":10,"state":"IDLE","t":"2026-07-19T02:52:03.5219743Z","type":"sample"}
{"channel":"rr","display":9.732360097323602,"mu":0,"quality":"OK","raw":1426.1,"sigma":1.5,"state":"IDLE","t":"2026-07-19T02:52:03.5372069Z","type":"sample"}
{"channel":"rr","display":9.732360097323602,"mu":0,"quality":"OK","raw":1418.3,"sigma":1.5,"state":"IDLE","t":"2026-07-19T02:52:03.5768348Z","type":"sample"}
{"channel":"rr","display":9.732360097323602,"mu":0,"quality":"OK","raw":1412.9,"sigma":1.5,"state":"IDLE","t":"2026-07-19T02:52:03.618114Z","type":"sample"}
{"channel":"gsr","display":2616,"mu":0,"quality":"OK","raw":2616,"sigma":10,"state":"IDLE","t":"2026-07-19T02:52:03.6257205Z","type":"sample"}
{"channel":"rr","display":9.732360097323602,"mu":0,"quality":"OK","raw":1408.5,"sigma":1.5,"state":"IDLE","t":"2026-07-19T02:52:03.6565308Z","type":"sample"}
{"channel":"rr","display":9.732360097323602,"mu":0,"quality":"OK","raw":1405.1,"sigma":1.5,"state":"IDLE","t":"2026-07-19T02:52:03.6909069Z","type":"sample"}
{"channel":"gsr","display":2607.7,"mu":0,"quality":"OK","raw":2607.7,"sigma":10,"state":"IDLE","t":"2026-07-19T02:52:03.7262483Z","type":"sample"}
{"channel":"hr","display":68,"mu":0,"quality":"OK","raw":68,"sigma":3,"state":"IDLE","t":"2026-07-19T02:52:03.7267569Z","type":"sample"}
{"channel":"rr","display":9.732360097323602,"mu":0,"quality":"OK","raw":1400.4,"sigma":1.5,"state":"IDLE","t":"2026-07-19T02:52:03.7376961Z","type":"sample"}
{"channel":"rr","display":9.732360097323602,"mu":0,"quality":"OK","raw":1397.4,"sigma":1.5,"state":"IDLE","t":"2026-07-19T02:52:03.7778769Z","type":"sample"}
{"channel":"rr","display":9.732360097323602,"mu":0,"quality":"OK","raw":1392.4,"sigma":1.5,"state":"IDLE","t":"2026-07-19T02:52:03.8182076Z","type":"sample"}
{"channel":"gsr","display":2612.2,"mu":0,"quality":"OK","raw":2612.2,"sigma":10,"state":"IDLE","t":"2026-07-19T02:52:03.8241775Z","type":"sample"}
{"channel":"rr","display":9.732360097323602,"mu":0,"quality":"OK","raw":1387.9,"sigma":1.5,"state":"IDLE","t":"2026-07-19T02:52:03.8581418Z","type":"sample"}
{"channel":"rr","display":9.732360097323602,"mu":0,"quality":"OK","raw":1385.4,"sigma":1.5,"state":"IDLE","t":"2026-07-19T02:52:03.8980651Z","type":"sample"}
{"address":"/cue/p/start","args":null,"channel":"system","dir":"out","t":"2026-07-19T02:52:03.9164648Z","type":"osc"}
{"channel":"gsr","display":2606.6,"mu":0,"quality":"OK","raw":2606.6,"sigma":10,"state":"IDLE","t":"2026-07-19T02:52:03.9242367Z","type":"sample"}
{"channel":"rr","display":9.732360097323602,"mu":0,"quality":"OK","raw":1382.1,"sigma":1.5,"state":"IDLE","t":"2026-07-19T02:52:03.935395Z","type":"sample"}
{"channel":"rr","display":9.732360097323602,"mu":0,"quality":"OK","raw":1378.6,"sigma":1.5,"state":"IDLE","t":"2026-07-19T02:52:03.9749995Z","type":"sample"}
{"channel":"rr","display":9.732360097323602,"mu":0,"quality":"OK","raw":1373.1,"sigma":1.5,"state":"IDLE","t":"2026-07-19T02:52:04.0181791Z","type":"sample"}
{"channel":"gsr","display":2610.3,"mu":0,"quality":"OK","raw":2610.3,"sigma":10,"state":"IDLE","t":"2026-07-19T02:52:04.0244555Z","type":"sample"}
{"channel":"rr","display":9.732360097323602,"mu":0,"quality":"OK","raw":1363.3,"sigma":1.5,"state":"IDLE","t":"2026-07-19T02:52:04.0559363Z","type":"sample"}
{"channel":"rr","display":9.732360097323602,"mu":0,"quality":"OK","raw":1350.4,"sigma":1.5,"state":"IDLE","t":"2026-07-19T02:52:04.0901848Z","type":"sample"}
{"channel":"gsr","display":2605.5,"mu":0,"quality":"OK","raw":2605.5,"sigma":10,"state":"IDLE","t":"2026-07-19T02:52:04.1259595Z","type":"sample"}
{"channel":"rr","display":9.732360097323602,"mu":0,"quality":"OK","raw":1339.8,"sigma":1.5,"state":"IDLE","t":"2026-07-19T02:52:04.1380284Z","type":"sample"}
{"address":"/cue/r19/start","args":null,"channel":"system","dir":"out","t":"2026-07-19T02:52:04.1767029Z","type":"osc"}
{"channel":"rr","display":9.732360097323602,"mu":0,"quality":"OK","raw":1330.9,"sigma":1.5,"state":"IDLE","t":"2026-07-19T02:52:04.1782675Z","type":"sample"}
{"channel":"rr","display":9.732360097323602,"mu":0,"quality":"OK","raw":1320.4,"sigma":1.5,"state":"IDLE","t":"2026-07-19T02:52:04.2173742Z","type":"sample"}
{"channel":"gsr","display":2609.1,"mu":0,"quality":"OK","raw":2609.1,"sigma":10,"state":"IDLE","t":"2026-07-19T02:52:04.2236108Z","type":"sample"}
{"channel":"hr","display":68,"mu":0,"quality":"OK","raw":68,"sigma":3,"state":"IDLE","t":"2026-07-19T02:52:04.2236108Z","type":"sample"}
{"channel":"rr","display":9.732360097323602,"mu":0,"quality":"OK","raw":1308.5,"sigma":1.5,"state":"IDLE","t":"2026-07-19T02:52:04.2582151Z","type":"sample"}
{"channel":"rr","display":9.732360097323602,"mu":0,"quality":"OK","raw":1301.1,"sigma":1.5,"state":"IDLE","t":"2026-07-19T02:52:04.2981658Z","type":"sample"}
{"channel":"gsr","display":2606.4,"mu":0,"quality":"OK","raw":2606.4,"sigma":10,"state":"IDLE","t":"2026-07-19T02:52:04.3259643Z","type":"sample"}
{"channel":"rr","display":9.732360097323602,"mu":0,"quality":"OK","raw":1291.6,"sigma":1.5,"state":"IDLE","t":"2026-07-19T02:52:04.3379258Z","type":"sample"}
{"channel":"rr","display":9.732360097323602,"mu":0,"quality":"OK","raw":1285.4,"sigma":1.5,"state":"IDLE","t":"2026-07-19T02:52:04.3775065Z","type":"sample"}
{"channel":"rr","display":9.732360097323602,"mu":0,"quality":"OK","raw":1274.8,"sigma":1.5,"state":"IDLE","t":"2026-07-19T02:52:04.4182763Z","type":"sample"}
{"channel":"gsr","display":2613.6,"mu":0,"quality":"OK","raw":2613.6,"sigma":10,"state":"IDLE","t":"2026-07-19T02:52:04.4241351Z","type":"sample"}
{"channel":"rr","display":9.732360097323602,"mu":0,"quality":"OK","raw":1271.1,"sigma":1.5,"state":"IDLE","t":"2026-07-19T02:52:04.4573225Z","type":"sample"}
{"address":"/cue/bpm068/start","args":null,"channel":"system","dir":"out","t":"2026-07-19T02:52:04.4789289Z","type":"osc"}
{"address":"/cue/g1/start","args":null,"channel":"system","dir":"out","t":"2026-07-19T02:52:04.4799422Z","type":"osc"}
{"channel":"rr","display":9.732360097323602,"mu":0,"quality":"OK","raw":1266.4,"sigma":1.5,"state":"IDLE","t":"2026-07-19T02:52:04.4980744Z","type":"sample"}
{"channel":"gsr","display":2609.2,"mu":0,"quality":"OK","raw":2609.2,"sigma":10,"state":"IDLE","t":"2026-07-19T02:52:04.5262722Z","type":"sample"}
{"channel":"rr","display":9.732360097323602,"mu":0,"quality":"OK","raw":1261.8,"sigma":1.5,"state":"IDLE","t":"2026-07-19T02:52:04.5380277Z","type":"sample"}
{"channel":"rr","display":9.732360097323602,"mu":0,"quality":"OK","raw":1257.5,"sigma":1.5,"state":"IDLE","t":"2026-07-19T02:52:04.576805Z","type":"sample"}
{"channel":"rr","display":9.732360097323602,"mu":0,"quality":"OK","raw":1254.7,"sigma":1.5,"state":"IDLE","t":"2026-07-19T02:52:04.6179654Z","type":"sample"}
{"channel":"gsr","display":2613.8,"mu":0,"quality":"OK","raw":2613.8,"sigma":10,"state":"IDLE","t":"2026-07-19T02:52:04.6231205Z","type":"sample"}
{"channel":"rr","display":9.732360097323602,"mu":0,"quality":"OK","raw":1251.9,"sigma":1.5,"state":"IDLE","t":"2026-07-19T02:52:04.6581369Z","type":"sample"}
{"channel":"rr","display":9.732360097323602,"mu":0,"quality":"OK","raw":1249.6,"sigma":1.5,"state":"IDLE","t":"2026-07-19T02:52:04.6981198Z","type":"sample"}
{"channel":"gsr","display":2612.6,"mu":0,"quality":"OK","raw":2612.6,"sigma":10,"state":"IDLE","t":"2026-07-19T02:52:04.7262469Z","type":"sample"}
{"channel":"hr","display":67,"mu":0,"quality":"OK","raw":67,"sigma":3,"state":"IDLE","t":"2026-07-19T02:52:04.7267993Z","type":"sample"}
{"channel":"rr","display":9.732360097323602,"mu":0,"quality":"OK","raw":1245.4,"sigma":1.5,"state":"IDLE","t":"2026-07-19T02:52:04.7373511Z","type":"sample"}
{"channel":"rr","display":9.732360097323602,"mu":0,"quality":"OK","raw":1242.8,"sigma":1.5,"state":"IDLE","t":"2026-07-19T02:52:04.7720953Z","type":"sample"}
{"address":"/cue/p/start","args":null,"channel":"system","dir":"out","t":"2026-07-19T02:52:04.8000214Z","type":"osc"}
{"channel":"rr","display":9.732360097323602,"mu":0,"quality":"OK","raw":1240,"sigma":1.5,"state":"IDLE","t":"2026-07-19T02:52:04.8180992Z","type":"sample"}
{"channel":"gsr","display":2613.6,"mu":0,"quality":"OK","raw":2613.6,"sigma":10,"state":"IDLE","t":"2026-07-19T02:52:04.8270195Z","type":"sample"}
{"channel":"rr","display":9.732360097323602,"mu":0,"quality":"OK","raw":1234,"sigma":1.5,"state":"IDLE","t":"2026-07-19T02:52:04.8581091Z","type":"sample"}
{"channel":"rr","display":9.732360097323602,"mu":0,"quality":"OK","raw":1226.1,"sigma":1.5,"state":"IDLE","t":"2026-07-19T02:52:04.8958535Z","type":"sample"}
{"channel":"gsr","display":2606.6,"mu":0,"quality":"OK","raw":2606.6,"sigma":10,"state":"IDLE","t":"2026-07-19T02:52:04.926288Z","type":"sample"}
{"channel":"rr","display":9.732360097323602,"mu":0,"quality":"OK","raw":1219.1,"sigma":1.5,"state":"IDLE","t":"2026-07-19T02:52:04.9372701Z","type":"sample"}
{"channel":"rr","display":9.732360097323602,"mu":0,"quality":"OK","raw":1217.2,"sigma":1.5,"state":"IDLE","t":"2026-07-19T02:52:04.9781624Z","type":"sample"}
{"channel":"rr","display":9.732360097323602,"mu":0,"quality":"OK","raw":1215,"sigma":1.5,"state":"IDLE","t":"2026-07-19T02:52:05.0175993Z","type":"sample"}
{"channel":"gsr","display":2622,"mu":0,"quality":"OK","raw":2622,"sigma":10,"state":"IDLE","t":"2026-07-19T02:52:05.0260046Z","type":"sample"}
{"channel":"rr","display":9.732360097323602,"mu":0,"quality":"OK","raw":1212.9,"sigma":1.5,"state":"IDLE","t":"2026-07-19T02:52:05.0556259Z","type":"sample"}
{"channel":"rr","display":9.732360097323602,"mu":0,"quality":"OK","raw":1210.9,"sigma":1.5,"state":"IDLE","t":"2026-07-19T02:52:05.0950338Z","type":"sample"}
{"channel":"gsr","display":2611.2,"mu":0,"quality":"OK","raw":2611.2,"sigma":10,"state":"IDLE","t":"2026-07-19T02:52:05.1260705Z","type":"sample"}
{"channel":"rr","display":9.732360097323602,"mu":0,"quality":"OK","raw":1210.6,"sigma":1.5,"state":"IDLE","t":"2026-07-19T02:52:05.1379274Z","type":"sample"}
{"channel":"rr","display":9.732360097323602,"mu":0,"quality":"OK","raw":1210.9,"sigma":1.5,"state":"IDLE","t":"2026-07-19T02:52:05.1777356Z","type":"sample"}
{"address":"/cue/r19/start","args":null,"channel":"system","dir":"out","t":"2026-07-19T02:52:05.1858513Z","type":"osc"}
{"channel":"rr","display":9.732360097323602,"mu":0,"quality":"OK","raw":1209.9,"sigma":1.5,"state":"IDLE","t":"2026-07-19T02:52:05.2174728Z","type":"sample"}
{"channel":"gsr","display":2620.4,"mu":0,"quality":"OK","raw":2620.4,"sigma":10,"state":"IDLE","t":"2026-07-19T02:52:05.2243725Z","type":"sample"}
{"channel":"hr","display":67,"mu":0,"quality":"OK","raw":67,"sigma":3,"state":"IDLE","t":"2026-07-19T02:52:05.2275226Z","type":"sample"}
{"channel":"rr","display":9.732360097323602,"mu":0,"quality":"OK","raw":1210.1,"sigma":1.5,"state":"IDLE","t":"2026-07-19T02:52:05.2582016Z","type":"sample"}
{"channel":"rr","display":9.732360097323602,"mu":0,"quality":"OK","raw":1209.9,"sigma":1.5,"state":"IDLE","t":"2026-07-19T02:52:05.2892301Z","type":"sample"}
{"channel":"gsr","display":2616.8,"mu":0,"quality":"OK","raw":2616.8,"sigma":10,"state":"IDLE","t":"2026-07-19T02:52:05.3261413Z","type":"sample"}
{"channel":"rr","display":9.732360097323602,"mu":0,"quality":"OK","raw":1212.3,"sigma":1.5,"state":"IDLE","t":"2026-07-19T02:52:05.3372475Z","type":"sample"}
{"channel":"rr","display":9.732360097323602,"mu":0,"quality":"OK","raw":1210.4,"sigma":1.5,"state":"IDLE","t":"2026-07-19T02:52:05.3721482Z","type":"sample"}
{"channel":"rr","display":9.732360097323602,"mu":0,"quality":"OK","raw":1211.2,"sigma":1.5,"state":"IDLE","t":"2026-07-19T02:52:05.4177746Z","type":"sample"}
{"channel":"gsr","display":2625.3,"mu":0,"quality":"OK","raw":2625.3,"sigma":10,"state":"IDLE","t":"2026-07-19T02:52:05.4240095Z","type":"sample"}
{"channel":"rr","display":9.732360097323602,"mu":0,"quality":"OK","raw":1210.5,"sigma":1.5,"state":"IDLE","t":"2026-07-19T02:52:05.4580662Z","type":"sample"}
{"address":"/cue/bpm067/start","args":null,"channel":"system","dir":"out","t":"2026-07-19T02:52:05.4921315Z","type":"osc"}
{"address":"/cue/g1/start","args":null,"channel":"system","dir":"out","t":"2026-07-19T02:52:05.4926717Z","type":"osc"}
{"channel":"rr","display":9.732360097323602,"mu":0,"quality":"OK","raw":1209.1,"sigma":1.5,"state":"IDLE","t":"2026-07-19T02:52:05.4980299Z","type":"sample"}
{"channel":"gsr","display":2617.5,"mu":0,"quality":"OK","raw":2617.5,"sigma":10,"state":"IDLE","t":"2026-07-19T02:52:05.5256878Z","type":"sample"}
{"channel":"rr","display":9.732360097323602,"mu":0,"quality":"OK","raw":1209.5,"sigma":1.5,"state":"IDLE","t":"2026-07-19T02:52:05.5376235Z","type":"sample"}
{"channel":"rr","display":9.732360097323602,"mu":0,"quality":"OK","raw":1210.4,"sigma":1.5,"state":"IDLE","t":"2026-07-19T02:52:05.5780975Z","type":"sample"}
{"channel":"rr","display":9.732360097323602,"mu":0,"quality":"OK","raw":1210.6,"sigma":1.5,"state":"IDLE","t":"2026-07-19T02:52:05.617542Z","type":"sample"}
{"channel":"gsr","display":2624.7,"mu":0,"quality":"OK","raw":2624.7,"sigma":10,"state":"IDLE","t":"2026-07-19T02:52:05.6228882Z","type":"sample"}
{"channel":"rr","display":9.732360097323602,"mu":0,"quality":"OK","raw":1210.1,"sigma":1.5,"state":"IDLE","t":"2026-07-19T02:52:05.6580765Z","type":"sample"}
{"address":"/cue/p/start","args":null,"channel":"system","dir":"out","t":"2026-07-19T02:52:05.696245Z","type":"osc"}
{"channel":"rr","display":9.732360097323602,"mu":0,"quality":"OK","raw":1209.9,"sigma":1.5,"state":"IDLE","t":"2026-07-19T02:52:05.6979103Z","type":"sample"}
{"channel":"gsr","display":2619.5,"mu":0,"quality":"OK","raw":2619.5,"sigma":10,"state":"IDLE","t":"2026-07-19T02:52:05.7254141Z","type":"sample"}
{"channel":"hr","display":67,"mu":0,"quality":"OK","raw":67,"sigma":3,"state":"IDLE","t":"2026-07-19T02:52:05.7267484Z","type":"sample"}
{"channel":"rr","display":9.732360097323602,"mu":0,"quality":"OK","raw":1209.9,"sigma":1.5,"state":"IDLE","t":"2026-07-19T02:52:05.7378044Z","type":"sample"}
{"channel":"rr","display":9.732360097323602,"mu":0,"quality":"OK","raw":1210.5,"sigma":1.5,"state":"IDLE","t":"2026-07-19T02:52:05.7780545Z","type":"sample"}
{"channel":"rr","display":9.732360097323602,"mu":0,"quality":"OK","raw":1209.4,"sigma":1.5,"state":"IDLE","t":"2026-07-19T02:52:05.8175725Z","type":"sample"}
{"channel":"gsr","display":2631.6,"mu":0,"quality":"OK","raw":2631.6,"sigma":10,"state":"IDLE","t":"2026-07-19T02:52:05.8263183Z","type":"sample"}
{"channel":"rr","display":9.732360097323602,"mu":0,"quality":"OK","raw":1210.3,"sigma":1.5,"state":"IDLE","t":"2026-07-19T02:52:05.8578024Z","type":"sample"}
{"channel":"rr","display":9.732360097323602,"mu":0,"quality":"OK","raw":1209.2,"sigma":1.5,"state":"IDLE","t":"2026-07-19T02:52:05.8959049Z","type":"sample"}
{"channel":"gsr","display":2628.8,"mu":0,"quality":"OK","raw":2628.8,"sigma":10,"state":"IDLE","t":"2026-07-19T02:52:05.9261408Z","type":"sample"}
{"channel":"rr","display":9.732360097323602,"mu":0,"quality":"OK","raw":1210.9,"sigma":1.5,"state":"IDLE","t":"2026-07-19T02:52:05.9378135Z","type":"sample"}
{"channel":"rr","display":9.732360097323602,"mu":0,"quality":"OK","raw":1209.5,"sigma":1.5,"state":"IDLE","t":"2026-07-19T02:52:05.9779148Z","type":"sample"}
{"channel":"rr","display":9.732360097323602,"mu":0,"quality":"OK","raw":1209.8,"sigma":1.5,"state":"IDLE","t":"2026-07-19T02:52:06.0180593Z","type":"sample"}
{"channel":"gsr","display":2636.1,"mu":0,"quality":"OK","raw":2636.1,"sigma":10,"state":"IDLE","t":"2026-07-19T02:52:06.0266192Z","type":"sample"}
{"channel":"rr","display":9.732360097323602,"mu":0,"quality":"OK","raw":1210.1,"sigma":1.5,"state":"IDLE","t":"2026-07-19T02:52:06.0557154Z","type":"sample"}
{"channel":"rr","display":9.732360097323602,"mu":0,"quality":"OK","raw":1210.1,"sigma":1.5,"state":"IDLE","t":"2026-07-19T02:52:06.0950615Z","type":"sample"}
{"channel":"gsr","display":2631.9,"mu":0,"quality":"OK","raw":2631.9,"sigma":10,"state":"IDLE","t":"2026-07-19T02:52:06.1248119Z","type":"sample"}
{"channel":"rr","display":9.732360097323602,"mu":0,"quality":"OK","raw":1211.1,"sigma":1.5,"state":"IDLE","t":"2026-07-19T02:52:06.137536Z","type":"sample"}
{"channel":"rr","display":9.732360097323602,"mu":0,"quality":"OK","raw":1210.4,"sigma":1.5,"state":"IDLE","t":"2026-07-19T02:52:06.176455Z","type":"sample"}
{"address":"/cue/r19/start","args":null,"channel":"system","dir":"out","t":"2026-07-19T02:52:06.19632Z","type":"osc"}
{"channel":"rr","display":9.732360097323602,"mu":0,"quality":"OK","raw":1210.5,"sigma":1.5,"state":"IDLE","t":"2026-07-19T02:52:06.2180919Z","type":"sample"}
{"channel":"gsr","display":2635.8,"mu":0,"quality":"OK","raw":2635.8,"sigma":10,"state":"IDLE","t":"2026-07-19T02:52:06.2269922Z","type":"sample"}
{"channel":"hr","display":67,"mu":0,"quality":"OK","raw":67,"sigma":3,"state":"IDLE","t":"2026-07-19T02:52:06.2274952Z","type":"sample"}
{"channel":"rr","display":9.732360097323602,"mu":0,"quality":"OK","raw":1210.4,"sigma":1.5,"state":"IDLE","t":"2026-07-19T02:52:06.2574252Z","type":"sample"}
{"channel":"rr","display":9.732360097323602,"mu":0,"quality":"OK","raw":1210.7,"sigma":1.5,"state":"IDLE","t":"2026-07-19T02:52:06.296574Z","type":"sample"}
{"channel":"gsr","display":2629.4,"mu":0,"quality":"OK","raw":2629.4,"sigma":10,"state":"IDLE","t":"2026-07-19T02:52:06.3260915Z","type":"sample"}
{"channel":"rr","display":9.732360097323602,"mu":0,"quality":"OK","raw":1210.1,"sigma":1.5,"state":"IDLE","t":"2026-07-19T02:52:06.3375437Z","type":"sample"}
{"channel":"rr","display":9.732360097323602,"mu":0,"quality":"OK","raw":1210.6,"sigma":1.5,"state":"IDLE","t":"2026-07-19T02:52:06.3721121Z","type":"sample"}
{"channel":"rr","display":9.732360097323602,"mu":0,"quality":"OK","raw":1211.4,"sigma":1.5,"state":"IDLE","t":"2026-07-19T02:52:06.4176231Z","type":"sample"}
{"channel":"gsr","display":2640.3,"mu":0,"quality":"OK","raw":2640.3,"sigma":10,"state":"IDLE","t":"2026-07-19T02:52:06.4237015Z","type":"sample"}
{"channel":"rr","display":9.732360097323602,"mu":0,"quality":"OK","raw":1210.4,"sigma":1.5,"state":"IDLE","t":"2026-07-19T02:52:06.4580466Z","type":"sample"}
{"channel":"rr","display":9.732360097323602,"mu":0,"quality":"OK","raw":1210.8,"sigma":1.5,"state":"IDLE","t":"2026-07-19T02:52:06.4980769Z","type":"sample"}
{"address":"/cue/bpm067/start","args":null,"channel":"system","dir":"out","t":"2026-07-19T02:52:06.4988175Z","type":"osc"}
{"address":"/cue/g1/start","args":null,"channel":"system","dir":"out","t":"2026-07-19T02:52:06.4999334Z","type":"osc"}
{"channel":"gsr","display":2636.5,"mu":0,"quality":"OK","raw":2636.5,"sigma":10,"state":"IDLE","t":"2026-07-19T02:52:06.5259346Z","type":"sample"}
{"channel":"rr","display":9.732360097323602,"mu":0,"quality":"OK","raw":1211.4,"sigma":1.5,"state":"IDLE","t":"2026-07-19T02:52:06.5379656Z","type":"sample"}
{"channel":"rr","display":9.732360097323602,"mu":0,"quality":"OK","raw":1209.9,"sigma":1.5,"state":"IDLE","t":"2026-07-19T02:52:06.5777717Z","type":"sample"}
{"address":"/cue/p/start","args":null,"channel":"system","dir":"out","t":"2026-07-19T02:52:06.5912001Z","type":"osc"}
{"channel":"rr","display":9.732360097323602,"mu":0,"quality":"OK","raw":1212.3,"sigma":1.5,"state":"IDLE","t":"2026-07-19T02:52:06.6180499Z","type":"sample"}
{"channel":"gsr","display":2642.9,"mu":0,"quality":"OK","raw":2642.9,"sigma":10,"state":"IDLE","t":"2026-07-19T02:52:06.6231964Z","type":"sample"}
{"channel":"rr","display":9.732360097323602,"mu":0,"quality":"OK","raw":1210.4,"sigma":1.5,"state":"IDLE","t":"2026-07-19T02:52:06.6580773Z","type":"sample"}
{"channel":"rr","display":9.732360097323602,"mu":0,"quality":"OK","raw":1211.4,"sigma":1.5,"state":"IDLE","t":"2026-07-19T02:52:06.6955606Z","type":"sample"}
{"channel":"gsr","display":2641.3,"mu":0,"quality":"OK","raw":2641.3,"sigma":10,"state":"IDLE","t":"2026-07-19T02:52:06.7261004Z","type":"sample"}
{"channel":"hr","display":67,"mu":0,"quality":"OK","raw":67,"sigma":3,"state":"IDLE","t":"2026-07-19T02:52:06.7267375Z","type":"sample"}
{"channel":"rr","display":9.732360097323602,"mu":0,"quality":"OK","raw":1212.6,"sigma":1.5,"state":"IDLE","t":"2026-07-19T02:52:06.7380149Z","type":"sample"}
{"channel":"rr","display":9.732360097323602,"mu":0,"quality":"OK","raw":1214.1,"sigma":1.5,"state":"IDLE","t":"2026-07-19T02:52:06.7779975Z","type":"sample"}
{"channel":"rr","display":9.732360097323602,"mu":0,"quality":"OK","raw":1217.8,"sigma":1.5,"state":"IDLE","t":"2026-07-19T02:52:06.8175587Z","type":"sample"}
{"channel":"gsr","display":2648.7,"mu":0,"quality":"OK","raw":2648.7,"sigma":10,"state":"IDLE","t":"2026-07-19T02:52:06.8264074Z","type":"sample"}
{"channel":"rr","display":9.732360097323602,"mu":0,"quality":"OK","raw":1225.6,"sigma":1.5,"state":"IDLE","t":"2026-07-19T02:52:06.855675Z","type":"sample"}
{"channel":"rr","display":9.732360097323602,"mu":0,"quality":"OK","raw":1234.4,"sigma":1.5,"state":"IDLE","t":"2026-07-19T02:52:06.8920017Z","type":"sample"}
{"channel":"gsr","display":2642,"mu":0,"quality":"OK","raw":2642,"sigma":10,"state":"IDLE","t":"2026-07-19T02:52:06.9248347Z","type":"sample"}
{"channel":"rr","display":9.732360097323602,"mu":0,"quality":"OK","raw":1239.4,"sigma":1.5,"state":"IDLE","t":"2026-07-19T02:52:06.937728Z","type":"sample"}
{"channel":"rr","display":9.732360097323602,"mu":0,"quality":"OK","raw":1244.9,"sigma":1.5,"state":"IDLE","t":"2026-07-19T02:52:06.9781476Z","type":"sample"}
{"channel":"rr","display":9.732360097323602,"mu":0,"quality":"OK","raw":1253.2,"sigma":1.5,"state":"IDLE","t":"2026-07-19T02:52:07.0181384Z","type":"sample"}
{"channel":"gsr","display":2648.6,"mu":0,"quality":"OK","raw":2648.6,"sigma":10,"state":"IDLE","t":"2026-07-19T02:52:07.0255238Z","type":"sample"}
{"channel":"rr","display":9.732360097323602,"mu":0,"quality":"OK","raw":1262.3,"sigma":1.5,"state":"IDLE","t":"2026-07-19T02:52:07.0554321Z","type":"sample"}
{"channel":"rr","display":9.732360097323602,"mu":0,"quality":"OK","raw":1271.9,"sigma":1.5,"state":"IDLE","t":"2026-07-19T02:52:07.0979828Z","type":"sample"}
{"channel":"gsr","display":2644.1,"mu":0,"quality":"OK","raw":2644.1,"sigma":10,"state":"IDLE","t":"2026-07-19T02:52:07.1254207Z","type":"sample"}
{"channel":"rr","display":9.732360097323602,"mu":0,"quality":"OK","raw":1289.6,"sigma":1.5,"state":"IDLE","t":"2026-07-19T02:52:07.137246Z","type":"sample"}
{"channel":"rr","display":9.732360097323602,"mu":0,"quality":"OK","raw":1303.4,"sigma":1.5,"state":"IDLE","t":"2026-07-19T02:52:07.1777993Z","type":"sample"}
{"address":"/cue/r19/start","args":null,"channel":"system","dir":"out","t":"2026-07-19T02:52:07.2053982Z","type":"osc"}
{"channel":"rr","display":9.732360097323602,"mu":0,"quality":"OK","raw":1314.2,"sigma":1.5,"state":"IDLE","t":"2026-07-19T02:52:07.2175953Z","type":"sample"}
{"channel":"gsr","display":2651.3,"mu":0,"quality":"OK","raw":2651.3,"sigma":10,"state":"IDLE","t":"2026-07-19T02:52:07.226758Z","type":"sample"}
{"channel":"hr","display":67,"mu":0,"quality":"OK","raw":67,"sigma":3,"state":"IDLE","t":"2026-07-19T02:52:07.2272647Z","type":"sample"}
{"channel":"rr","display":9.862338196013972,"mu":0,"quality":"OK","raw":1328.6,"sigma":1.5,"state":"IDLE","t":"2026-07-19T02:52:07.2581573Z","type":"sample"}
{"channel":"rr","display":9.862338196013972,"mu":0,"quality":"OK","raw":1341.6,"sigma":1.5,"state":"IDLE","t":"2026-07-19T02:52:07.2887038Z","type":"sample"}
{"channel":"gsr","display":2647.8,"mu":0,"quality":"OK","raw":2647.8,"sigma":10,"state":"IDLE","t":"2026-07-19T02:52:07.3234862Z","type":"sample"}
{"channel":"rr","display":9.862338196013972,"mu":0,"quality":"OK","raw":1361.6,"sigma":1.5,"state":"IDLE","t":"2026-07-19T02:52:07.3376612Z","type":"sample"}
{"channel":"rr","display":9.862338196013972,"mu":0,"quality":"OK","raw":1378.1,"sigma":1.5,"state":"IDLE","t":"2026-07-19T02:52:07.3719754Z","type":"sample"}
{"channel":"rr","display":9.862338196013972,"mu":0,"quality":"OK","raw":1393.5,"sigma":1.5,"state":"IDLE","t":"2026-07-19T02:52:07.4177771Z","type":"sample"}
{"channel":"gsr","display":2650.9,"mu":0,"quality":"OK","raw":2650.9,"sigma":10,"state":"IDLE","t":"2026-07-19T02:52:07.4254877Z","type":"sample"}
{"channel":"rr","display":9.862338196013972,"mu":0,"quality":"OK","raw":1409,"sigma":1.5,"state":"IDLE","t":"2026-07-19T02:52:07.4576895Z","type":"sample"}
{"address":"/cue/p/start","args":null,"channel":"system","dir":"out","t":"2026-07-19T02:52:07.4880715Z","type":"osc"}
{"channel":"rr","display":9.862338196013972,"mu":0,"quality":"OK","raw":1418.6,"sigma":1.5,"state":"IDLE","t":"2026-07-19T02:52:07.4961497Z","type":"sample"}
{"address":"/cue/bpm067/start","args":null,"channel":"system","dir":"out","t":"2026-07-19T02:52:07.5074146Z","type":"osc"}
{"address":"/cue/g1/start","args":null,"channel":"system","dir":"out","t":"2026-07-19T02:52:07.5084635Z","type":"osc"}
{"channel":"gsr","display":2648.2,"mu":0,"quality":"OK","raw":2648.2,"sigma":10,"state":"IDLE","t":"2026-07-19T02:52:07.522982Z","type":"sample"}
{"channel":"rr","display":9.862338196013972,"mu":0,"quality":"OK","raw":1425.6,"sigma":1.5,"state":"IDLE","t":"2026-07-19T02:52:07.5378783Z","type":"sample"}
{"channel":"rr","display":9.862338196013972,"mu":0,"quality":"OK","raw":1425.1,"sigma":1.5,"state":"IDLE","t":"2026-07-19T02:52:07.5776715Z","type":"sample"}
{"channel":"rr","display":9.862338196013972,"mu":0,"quality":"OK","raw":1426.5,"sigma":1.5,"state":"IDLE","t":"2026-07-19T02:52:07.6178076Z","type":"sample"}
{"channel":"gsr","display":2657.8,"mu":0,"quality":"OK","raw":2657.8,"sigma":10,"state":"IDLE","t":"2026-07-19T02:52:07.6266932Z","type":"sample"}
{"channel":"rr","display":9.862338196013972,"mu":0,"quality":"OK","raw":1428.1,"sigma":1.5,"state":"IDLE","t":"2026-07-19T02:52:07.6553127Z","type":"sample"}
{"channel":"rr","display":9.862338196013972,"mu":0,"quality":"OK","raw":1427.4,"sigma":1.5,"state":"IDLE","t":"2026-07-19T02:52:07.6925181Z","type":"sample"}
{"channel":"gsr","display":2651,"mu":0,"quality":"OK","raw":2651,"sigma":10,"state":"IDLE","t":"2026-07-19T02:52:07.7254151Z","type":"sample"}
{"channel":"hr","display":67,"mu":0,"quality":"OK","raw":67,"sigma":3,"state":"IDLE","t":"2026-07-19T02:52:07.7262921Z","type":"sample"}
{"channel":"rr","display":9.862338196013972,"mu":0,"quality":"OK","raw":1427.2,"sigma":1.5,"state":"IDLE","t":"2026-07-19T02:52:07.7381738Z","type":"sample"}
{"channel":"rr","display":9.862338196013972,"mu":0,"quality":"OK","raw":1427,"sigma":1.5,"state":"IDLE","t":"2026-07-19T02:52:07.7740641Z","type":"sample"}
{"channel":"rr","display":9.862338196013972,"mu":0,"quality":"OK","raw":1428.2,"sigma":1.5,"state":"IDLE","t":"2026-07-19T02:52:07.8179104Z","type":"sample"}
{"channel":"gsr","display":2660,"mu":0,"quality":"OK","raw":2660,"sigma":10,"state":"IDLE","t":"2026-07-19T02:52:07.8270678Z","type":"sample"}
{"channel":"rr","display":9.862338196013972,"mu":0,"quality":"OK","raw":1428.1,"sigma":1.5,"state":"IDLE","t":"2026-07-19T02:52:07.8563656Z","type":"sample"}
{"channel":"rr","display":9.862338196013972,"mu":0,"quality":"OK","raw":1425.2,"sigma":1.5,"state":"IDLE","t":"2026-07-19T02:52:07.8892446Z","type":"sample"}
{"channel":"gsr","display":2655.5,"mu":0,"quality":"OK","raw":2655.5,"sigma":10,"state":"IDLE","t":"2026-07-19T02:52:07.9260768Z","type":"sample"}
{"channel":"rr","display":9.862338196013972,"mu":0,"quality":"OK","raw":1427,"sigma":1.5,"state":"IDLE","t":"2026-07-19T02:52:07.9381342Z","type":"sample"}
{"channel":"rr","display":9.862338196013972,"mu":0,"quality":"OK","raw":1426.7,"sigma":1.5,"state":"IDLE","t":"2026-07-19T02:52:07.9779684Z","type":"sample"}
{"channel":"rr","display":9.862338196013972,"mu":0,"quality":"OK","raw":1424.8,"sigma":1.5,"state":"IDLE","t":"2026-07-19T02:52:08.0181345Z","type":"sample"}
{"channel":"gsr","display":2657,"mu":0,"quality":"OK","raw":2657,"sigma":10,"state":"IDLE","t":"2026-07-19T02:52:08.026941Z","type":"sample"}
{"channel":"rr","display":9.862338196013972,"mu":0,"quality":"OK","raw":1427.8,"sigma":1.5,"state":"IDLE","t":"2026-07-19T02:52:08.0580362Z","type":"sample"}
{"channel":"rr","display":9.862338196013972,"mu":0,"quality":"OK","raw":1426.4,"sigma":1.5,"state":"IDLE","t":"2026-07-19T02:52:08.0889445Z","type":"sample"}
{"channel":"gsr","display":2659.4,"mu":0,"quality":"OK","raw":2659.4,"sigma":10,"state":"IDLE","t":"2026-07-19T02:52:08.1260476Z","type":"sample"}
{"channel":"rr","display":9.862338196013972,"mu":0,"quality":"OK","raw":1425.4,"sigma":1.5,"state":"IDLE","t":"2026-07-19T02:52:08.1370927Z","type":"sample"}
{"channel":"rr","display":9.862338196013972,"mu":0,"quality":"OK","raw":1426.9,"sigma":1.5,"state":"IDLE","t":"2026-07-19T02:52:08.1777691Z","type":"sample"}
{"address":"/cue/r19/start","args":null,"channel":"system","dir":"out","t":"2026-07-19T02:52:08.2129403Z","type":"osc"}
{"channel":"rr","display":9.862338196013972,"mu":0,"quality":"OK","raw":1425.4,"sigma":1.5,"state":"IDLE","t":"2026-07-19T02:52:08.2178318Z","type":"sample"}
{"channel":"gsr","display":2662.9,"mu":0,"quality":"OK","raw":2662.9,"sigma":10,"state":"IDLE","t":"2026-07-19T02:52:08.2253151Z","type":"sample"}
{"channel":"hr","display":67,"mu":0,"quality":"OK","raw":67,"sigma":3,"state":"IDLE","t":"2026-07-19T02:52:08.2273296Z","type":"sample"}
{"channel":"rr","display":9.862338196013972,"mu":0,"quality":"OK","raw":1425.2,"sigma":1.5,"state":"IDLE","t":"2026-07-19T02:52:08.255536Z","type":"sample"}
{"channel":"rr","display":9.862338196013972,"mu":0,"quality":"OK","raw":1425,"sigma":1.5,"state":"IDLE","t":"2026-07-19T02:52:08.298499Z","type":"sample"}
{"channel":"gsr","display":2663.8,"mu":0,"quality":"OK","raw":2663.8,"sigma":10,"state":"IDLE","t":"2026-07-19T02:52:08.3261517Z","type":"sample"}
{"channel":"rr","display":9.862338196013972,"mu":0,"quality":"OK","raw":1423.1,"sigma":1.5,"state":"IDLE","t":"2026-07-19T02:52:08.3373416Z","type":"sample"}
{"channel":"rr","display":9.862338196013972,"mu":0,"quality":"OK","raw":1424.1,"sigma":1.5,"state":"IDLE","t":"2026-07-19T02:52:08.3727513Z","type":"sample"}
{"address":"/cue/p/start","args":null,"channel":"system","dir":"out","t":"2026-07-19T02:52:08.3850763Z","type":"osc"}
{"channel":"rr","display":9.862338196013972,"mu":0,"quality":"OK","raw":1422.8,"sigma":1.5,"state":"IDLE","t":"2026-07-19T02:52:08.417788Z","type":"sample"}
{"channel":"gsr","display":2665.9,"mu":0,"quality":"OK","raw":2665.9,"sigma":10,"state":"IDLE","t":"2026-07-19T02:52:08.4250833Z","type":"sample"}
{"channel":"rr","display":9.862338196013972,"mu":0,"quality":"OK","raw":1424.2,"sigma":1.5,"state":"IDLE","t":"2026-07-19T02:52:08.4581064Z","type":"sample"}
{"channel":"rr","display":9.862338196013972,"mu":0,"quality":"OK","raw":1423.2,"sigma":1.5,"state":"IDLE","t":"2026-07-19T02:52:08.4983317Z","type":"sample"}
{"address":"/cue/bpm067/start","args":null,"channel":"system","dir":"out","t":"2026-07-19T02:52:08.5151576Z","type":"osc"}
{"address":"/cue/g1/start","args":null,"channel":"system","dir":"out","t":"2026-07-19T02:52:08.5168332Z","type":"osc"}
{"channel":"gsr","display":2660.1,"mu":0,"quality":"OK","raw":2660.1,"sigma":10,"state":"IDLE","t":"2026-07-19T02:52:08.5260794Z","type":"sample"}
{"channel":"rr","display":9.862338196013972,"mu":0,"quality":"OK","raw":1422.8,"sigma":1.5,"state":"IDLE","t":"2026-07-19T02:52:08.5379989Z","type":"sample"}
{"channel":"rr","display":9.862338196013972,"mu":0,"quality":"OK","raw":1421.6,"sigma":1.5,"state":"IDLE","t":"2026-07-19T02:52:08.5759965Z","type":"sample"}
{"channel":"rr","display":9.862338196013972,"mu":0,"quality":"OK","raw":1419.4,"sigma":1.5,"state":"IDLE","t":"2026-07-19T02:52:08.6178591Z","type":"sample"}
{"channel":"gsr","display":2668,"mu":0,"quality":"OK","raw":2668,"sigma":10,"state":"IDLE","t":"2026-07-19T02:52:08.6252142Z","type":"sample"}
{"channel":"rr","display":9.862338196013972,"mu":0,"quality":"OK","raw":1418.4,"sigma":1.5,"state":"IDLE","t":"2026-07-19T02:52:08.6580609Z","type":"sample"}
{"channel":"rr","display":9.862338196013972,"mu":0,"quality":"OK","raw":1416.1,"sigma":1.5,"state":"IDLE","t":"2026-07-19T02:52:08.6981187Z","type":"sample"}
{"channel":"gsr","display":2660.6,"mu":0,"quality":"OK","raw":2660.6,"sigma":10,"state":"IDLE","t":"2026-07-19T02:52:08.7261827Z","type":"sample"}
{"channel":"hr","display":67,"mu":0,"quality":"OK","raw":67,"sigma":3,"state":"IDLE","t":"2026-07-19T02:52:08.7267131Z","type":"sample"}
{"channel":"rr","display":9.862338196013972,"mu":0,"quality":"OK","raw":1412,"sigma":1.5,"state":"IDLE","t":"2026-07-19T02:52:08.737571Z","type":"sample"}
{"channel":"rr","display":9.862338196013972,"mu":0,"quality":"OK","raw":1408.4,"sigma":1.5,"state":"IDLE","t":"2026-07-19T02:52:08.7780741Z","type":"sample"}
{"channel":"rr","display":9.862338196013972,"mu":0,"quality":"OK","raw":1406,"sigma":1.5,"state":"IDLE","t":"2026-07-19T02:52:08.8178751Z","type":"sample"}
{"channel":"gsr","display":2664.8,"mu":0,"quality":"OK","raw":2664.8,"sigma":10,"state":"IDLE","t":"2026-07-19T02:52:08.823567Z","type":"sample"}
{"channel":"rr","display":9.862338196013972,"mu":0,"quality":"OK","raw":1404.6,"sigma":1.5,"state":"IDLE","t":"2026-07-19T02:52:08.8580617Z","type":"sample"}
{"channel":"rr","display":9.862338196013972,"mu":0,"quality":"OK","raw":1402.8,"sigma":1.5,"state":"IDLE","t":"2026-07-19T02:52:08.8891093Z","type":"sample"}
{"channel":"gsr","display":2662.2,"mu":0,"quality":"OK","raw":2662.2,"sigma":10,"state":"IDLE","t":"2026-07-19T02:52:08.9258795Z","type":"sample"}
{"channel":"rr","display":9.862338196013972,"mu":0,"quality":"OK","raw":1399.5,"sigma":1.5,"state":"IDLE","t":"2026-07-19T02:52:08.9370488Z","type":"sample"}
{"channel":"rr","display":9.862338196013972,"mu":0,"quality":"OK","raw":1394.3,"sigma":1.5,"state":"IDLE","t":"2026-07-19T02:52:08.9720747Z","type":"sample"}
{"channel":"rr","display":9.862338196013972,"mu":0,"quality":"OK","raw":1385.1,"sigma":1.5,"state":"IDLE","t":"2026-07-19T02:52:09.0179511Z","type":"sample"}
{"channel":"gsr","display":2660.4,"mu":0,"quality":"OK","raw":2660.4,"sigma":10,"state":"IDLE","t":"2026-07-19T02:52:09.0263062Z","type":"sample"}
{"channel":"rr","display":9.862338196013972,"mu":0,"quality":"OK","raw":1381.3,"sigma":1.5,"state":"IDLE","t":"2026-07-19T02:52:09.0580144Z","type":"sample"}
{"channel":"rr","display":9.862338196013972,"mu":0,"quality":"OK","raw":1379.2,"sigma":1.5,"state":"IDLE","t":"2026-07-19T02:52:09.0967642Z","type":"sample"}
{"channel":"gsr","display":2661.3,"mu":0,"quality":"OK","raw":2661.3,"sigma":10,"state":"IDLE","t":"2026-07-19T02:52:09.1258108Z","type":"sample"}
{"channel":"rr","display":9.862338196013972,"mu":0,"quality":"OK","raw":1378.2,"sigma":1.5,"state":"IDLE","t":"2026-07-19T02:52:09.1371921Z","type":"sample"}
{"channel":"rr","display":9.862338196013972,"mu":0,"quality":"OK","raw":1373.8,"sigma":1.5,"state":"IDLE","t":"2026-07-19T02:52:09.1772676Z","type":"sample"}
{"channel":"rr","display":9.862338196013972,"mu":0,"quality":"OK","raw":1371,"sigma":1.5,"state":"IDLE","t":"2026-07-19T02:52:09.2179609Z","type":"sample"}
{"address":"/cue/r19/start","args":null,"channel":"system","dir":"out","t":"2026-07-19T02:52:09.2251554Z","type":"osc"}
{"channel":"gsr","display":2663.4,"mu":0,"quality":"OK","raw":2663.4,"sigma":10,"state":"IDLE","t":"2026-07-19T02:52:09.2267416Z","type":"sample"}
{"channel":"hr","display":67,"mu":0,"quality":"OK","raw":67,"sigma":3,"state":"IDLE","t":"2026-07-19T02:52:09.2272881Z","type":"sample"}
{"channel":"rr","display":9.862338196013972,"mu":0,"quality":"OK","raw":1368.1,"sigma":1.5,"state":"IDLE","t":"2026-07-19T02:52:09.2581011Z","type":"sample"}
{"address":"/cue/p/start","args":null,"channel":"system","dir":"out","t":"2026-07-19T02:52:09.2764322Z","type":"osc"}
{"channel":"rr","display":9.862338196013972,"mu":0,"quality":"OK","raw":1367.4,"sigma":1.5,"state":"IDLE","t":"2026-07-19T02:52:09.2911475Z","type":"sample"}
{"channel":"gsr","display":2658,"mu":0,"quality":"OK","raw":2658,"sigma":10,"state":"IDLE","t":"2026-07-19T02:52:09.3259889Z","type":"sample"}
{"channel":"rr","display":9.862338196013972,"mu":0,"quality":"OK","raw":1365.9,"sigma":1.5,"state":"IDLE","t":"2026-07-19T02:52:09.3371005Z","type":"sample"}
{"channel":"rr","display":9.862338196013972,"mu":0,"quality":"OK","raw":1363.9,"sigma":1.5,"state":"IDLE","t":"2026-07-19T02:52:09.3727468Z","type":"sample"}
{"channel":"rr","display":9.862338196013972,"mu":0,"quality":"OK","raw":1362.2,"sigma":1.5,"state":"IDLE","t":"2026-07-19T02:52:09.4179656Z","type":"sample"}
{"channel":"gsr","display":2661.2,"mu":0,"quality":"OK","raw":2661.2,"sigma":10,"state":"IDLE","t":"2026-07-19T02:52:09.4254989Z","type":"sample"}
{"channel":"rr","display":9.862338196013972,"mu":0,"quality":"OK","raw":1362.7,"sigma":1.5,"state":"IDLE","t":"2026-07-19T02:52:09.4581013Z","type":"sample"}
{"channel":"rr","display":9.862338196013972,"mu":0,"quality":"OK","raw":1363.4,"sigma":1.5,"state":"IDLE","t":"2026-07-19T02:52:09.4886867Z","type":"sample"}
{"channel":"gsr","display":2656.5,"mu":0,"quality":"OK","raw":2656.5,"sigma":10,"state":"IDLE","t":"2026-07-19T02:52:09.5256758Z","type":"sample"}
{"address":"/cue/bpm067/start","args":null,"channel":"system","dir":"out","t":"2026-07-19T02:52:09.5267451Z","type":"osc"}
{"address":"/cue/g1/start","args":null,"channel":"system","dir":"out","t":"2026-07-19T02:52:09.5277808Z","type":"osc"}
{"channel":"rr","display":9.862338196013972,"mu":0,"quality":"OK","raw":1363.5,"sigma":1.5,"state":"IDLE","t":"2026-07-19T02:52:09.5383677Z","type":"sample"}
{"channel":"rr","display":9.862338196013972,"mu":0,"quality":"OK","raw":1361.4,"sigma":1.5,"state":"IDLE","t":"2026-07-19T02:52:09.57803Z","type":"sample"}
{"channel":"rr","display":9.862338196013972,"mu":0,"quality":"OK","raw":1359.1,"sigma":1.5,"state":"IDLE","t":"2026-07-19T02:52:09.6177975Z","type":"sample"}
{"channel":"gsr","display":2663,"mu":0,"quality":"OK","raw":2663,"sigma":10,"state":"IDLE","t":"2026-07-19T02:52:09.6253471Z","type":"sample"}
{"channel":"rr","display":9.862338196013972,"mu":0,"quality":"OK","raw":1358.7,"sigma":1.5,"state":"IDLE","t":"2026-07-19T02:52:09.6580496Z","type":"sample"}
{"channel":"rr","display":9.862338196013972,"mu":0,"quality":"OK","raw":1358.9,"sigma":1.5,"state":"IDLE","t":"2026-07-19T02:52:09.6980773Z","type":"sample"}
{"channel":"gsr","display":2656.7,"mu":0,"quality":"OK","raw":2656.7,"sigma":10,"state":"IDLE","t":"2026-07-19T02:52:09.7261902Z","type":"sample"}
{"channel":"hr","display":67,"mu":0,"quality":"OK","raw":67,"sigma":3,"state":"IDLE","t":"2026-07-19T02:52:09.7266997Z","type":"sample"}
{"channel":"rr","display":9.862338196013972,"mu":0,"quality":"OK","raw":1356.8,"sigma":1.5,"state":"IDLE","t":"2026-07-19T02:52:09.7377753Z","type":"sample"}
{"channel":"rr","display":9.862338196013972,"mu":0,"quality":"OK","raw":1354.2,"sigma":1.5,"state":"IDLE","t":"2026-07-19T02:52:09.778055Z","type":"sample"}
{"channel":"rr","display":9.862338196013972,"mu":0,"quality":"OK","raw":1352.1,"sigma":1.5,"state":"IDLE","t":"2026-07-19T02:52:09.8181831Z","type":"sample"}
{"channel":"gsr","display":2660.5,"mu":0,"quality":"OK","raw":2660.5,"sigma":10,"state":"IDLE","t":"2026-07-19T02:52:09.8266296Z","type":"sample"}
{"channel":"rr","display":9.862338196013972,"mu":0,"quality":"OK","raw":1348.9,"sigma":1.5,"state":"IDLE","t":"2026-07-19T02:52:09.8555786Z","type":"sample"}
{"channel":"rr","display":9.862338196013972,"mu":0,"quality":"OK","raw":1344.9,"sigma":1.5,"state":"IDLE","t":"2026-07-19T02:52:09.8981547Z","type":"sample"}
{"channel":"gsr","display":2658.4,"mu":0,"quality":"OK","raw":2658.4,"sigma":10,"state":"IDLE","t":"2026-07-19T02:52:09.9260514Z","type":"sample"}
{"channel":"rr","display":9.862338196013972,"mu":0,"quality":"OK","raw":1343.4,"sigma":1.5,"state":"IDLE","t":"2026-07-19T02:52:09.9375142Z","type":"sample"}
{"channel":"rr","display":9.862338196013972,"mu":0,"quality":"OK","raw":1341.9,"sigma":1.5,"state":"IDLE","t":"2026-07-19T02:52:09.9780153Z","type":"sample"}
{"channel":"rr","display":9.862338196013972,"mu":0,"quality":"OK","raw":1337.9,"sigma":1.5,"state":"IDLE","t":"2026-07-19T02:52:10.01702Z","type":"sample"}
{"channel":"gsr","display":2660,"mu":0,"quality":"OK","raw":2660,"sigma":10,"state":"IDLE","t":"2026-07-19T02:52:10.0265014Z","type":"sample"}
{"channel":"rr","display":9.862338196013972,"mu":0,"quality":"OK","raw":1336.8,"sigma":1.5,"state":"IDLE","t":"2026-07-19T02:52:10.0557088Z","type":"sample"}
{"channel":"rr","display":9.862338196013972,"mu":0,"quality":"OK","raw":1330.9,"sigma":1.5,"state":"IDLE","t":"2026-07-19T02:52:10.0980934Z","type":"sample"}
{"channel":"gsr","display":2656.5,"mu":0,"quality":"OK","raw":2656.5,"sigma":10,"state":"IDLE","t":"2026-07-19T02:52:10.1247393Z","type":"sample"}
{"channel":"rr","display":9.862338196013972,"mu":0,"quality":"OK","raw":1326.6,"sigma":1.5,"state":"IDLE","t":"2026-07-19T02:52:10.1372099Z","type":"sample"}
{"address":"/cue/p/start","args":null,"channel":"system","dir":"out","t":"2026-07-19T02:52:10.1712963Z","type":"osc"}
{"channel":"rr","display":9.862338196013972,"mu":0,"quality":"OK","raw":1321.4,"sigma":1.5,"state":"IDLE","t":"2026-07-19T02:52:10.1771732Z","type":"sample"}
{"channel":"rr","display":9.862338196013972,"mu":0,"quality":"OK","raw":1316.1,"sigma":1.5,"state":"IDLE","t":"2026-07-19T02:52:10.2136362Z","type":"sample"}
{"channel":"gsr","display":2658.2,"mu":0,"quality":"OK","raw":2658.2,"sigma":10,"state":"IDLE","t":"2026-07-19T02:52:10.2249327Z","type":"sample"}
{"channel":"hr","display":67,"mu":0,"quality":"OK","raw":67,"sigma":3,"state":"IDLE","t":"2026-07-19T02:52:10.2274673Z","type":"sample"}
{"address":"/cue/r19/start","args":null,"channel":"system","dir":"out","t":"2026-07-19T02:52:10.241795Z","type":"osc"}
{"channel":"rr","display":9.862338196013972,"mu":0,"quality":"OK","raw":1311.5,"sigma":1.5,"state":"IDLE","t":"2026-07-19T02:52:10.2581034Z","type":"sample"}
{"channel":"rr","display":9.862338196013972,"mu":0,"quality":"OK","raw":1309,"sigma":1.5,"state":"IDLE","t":"2026-07-19T02:52:10.2898108Z","type":"sample"}
{"channel":"gsr","display":2655.4,"mu":0,"quality":"OK","raw":2655.4,"sigma":10,"state":"IDLE","t":"2026-07-19T02:52:10.3225718Z","type":"sample"}
{"channel":"rr","display":9.862338196013972,"mu":0,"quality":"OK","raw":1307.5,"sigma":1.5,"state":"IDLE","t":"2026-07-19T02:52:10.3374058Z","type":"sample"}
{"channel":"rr","display":9.862338196013972,"mu":0,"quality":"OK","raw":1306.4,"sigma":1.5,"state":"IDLE","t":"2026-07-19T02:52:10.372137Z","type":"sample"}
{"channel":"rr","display":9.862338196013972,"mu":0,"quality":"OK","raw":1305.7,"sigma":1.5,"state":"IDLE","t":"2026-07-19T02:52:10.4180537Z","type":"sample"}
{"channel":"gsr","display":2661.8,"mu":0,"quality":"OK","raw":2661.8,"sigma":10,"state":"IDLE","t":"2026-07-19T02:52:10.4269415Z","type":"sample"}
{"channel":"rr","display":9.862338196013972,"mu":0,"quality":"OK","raw":1303.6,"sigma":1.5,"state":"IDLE","t":"2026-07-19T02:52:10.4580555Z","type":"sample"}
{"channel":"rr","display":9.862338196013972,"mu":0,"quality":"OK","raw":1302.3,"sigma":1.5,"state":"IDLE","t":"2026-07-19T02:52:10.4887733Z","type":"sample"}
{"channel":"gsr","display":2654.7,"mu":0,"quality":"OK","raw":2654.7,"sigma":10,"state":"IDLE","t":"2026-07-19T02:52:10.5259898Z","type":"sample"}
{"channel":"rr","display":9.862338196013972,"mu":0,"quality":"OK","raw":1302,"sigma":1.5,"state":"IDLE","t":"2026-07-19T02:52:10.5380234Z","type":"sample"}
{"address":"/cue/bpm067/start","args":null,"channel":"system","dir":"out","t":"2026-07-19T02:52:10.5498065Z","type":"osc"}
{"address":"/cue/g1/start","args":null,"channel":"system","dir":"out","t":"2026-07-19T02:52:10.5508627Z","type":"osc"}
{"channel":"rr","display":9.862338196013972,"mu":0,"quality":"OK","raw":1301.1,"sigma":1.5,"state":"IDLE","t":"2026-07-19T02:52:10.5728766Z","type":"sample"}
{"channel":"rr","display":9.862338196013972,"mu":0,"quality":"OK","raw":1301.3,"sigma":1.5,"state":"IDLE","t":"2026-07-19T02:52:10.6180533Z","type":"sample"}
{"channel":"gsr","display":2654.4,"mu":0,"quality":"OK","raw":2654.4,"sigma":10,"state":"IDLE","t":"2026-07-19T02:52:10.623953Z","type":"sample"}
{"channel":"rr","display":9.862338196013972,"mu":0,"quality":"OK","raw":1298.4,"sigma":1.5,"state":"IDLE","t":"2026-07-19T02:52:10.6560544Z","type":"sample"}
{"channel":"rr","display":9.862338196013972,"mu":0,"quality":"OK","raw":1297.6,"sigma":1.5,"state":"IDLE","t":"2026-07-19T02:52:10.6980393Z","type":"sample"}
{"channel":"gsr","display":2657.3,"mu":0,"quality":"OK","raw":2657.3,"sigma":10,"state":"IDLE","t":"2026-07-19T02:52:10.7254051Z","type":"sample"}
{"channel":"hr","display":67,"mu":0,"quality":"OK","raw":67,"sigma":3,"state":"IDLE","t":"2026-07-19T02:52:10.7266952Z","type":"sample"}
{"channel":"rr","display":9.862338196013972,"mu":0,"quality":"OK","raw":1295.7,"sigma":1.5,"state":"IDLE","t":"2026-07-19T02:52:10.7378197Z","type":"sample"}
{"channel":"rr","display":9.862338196013972,"mu":0,"quality":"OK","raw":1295.3,"sigma":1.5,"state":"IDLE","t":"2026-07-19T02:52:10.7721804Z","type":"sample"}
{"channel":"rr","display":9.862338196013972,"mu":0,"quality":"OK","raw":1294.9,"sigma":1.5,"state":"IDLE","t":"2026-07-19T02:52:10.8182388Z","type":"sample"}
{"channel":"gsr","display":2656.4,"mu":0,"quality":"OK","raw":2656.4,"sigma":10,"state":"IDLE","t":"2026-07-19T02:52:10.8268896Z","type":"sample"}
{"channel":"rr","display":9.862338196013972,"mu":0,"quality":"OK","raw":1293.5,"sigma":1.5,"state":"IDLE","t":"2026-07-19T02:52:10.8563593Z","type":"sample"}
{"channel":"rr","display":9.862338196013972,"mu":0,"quality":"OK","raw":1293.8,"sigma":1.5,"state":"IDLE","t":"2026-07-19T02:52:10.893029Z","type":"sample"}
{"channel":"gsr","display":2656.5,"mu":0,"quality":"OK","raw":2656.5,"sigma":10,"state":"IDLE","t":"2026-07-19T02:52:10.9260298Z","type":"sample"}
{"channel":"rr","display":9.862338196013972,"mu":0,"quality":"OK","raw":1293.9,"sigma":1.5,"state":"IDLE","t":"2026-07-19T02:52:10.937707Z","type":"sample"}
{"channel":"rr","display":9.862338196013972,"mu":0,"quality":"OK","raw":1293.2,"sigma":1.5,"state":"IDLE","t":"2026-07-19T02:52:10.9743733Z","type":"sample"}
{"channel":"rr","display":9.862338196013972,"mu":0,"quality":"OK","raw":1292.1,"sigma":1.5,"state":"IDLE","t":"2026-07-19T02:52:11.0181255Z","type":"sample"}
{"channel":"gsr","display":2663.3,"mu":0,"quality":"OK","raw":2663.3,"sigma":10,"state":"IDLE","t":"2026-07-19T02:52:11.0236208Z","type":"sample"}
{"channel":"rr","display":9.862338196013972,"mu":0,"quality":"OK","raw":1293.9,"sigma":1.5,"state":"IDLE","t":"2026-07-19T02:52:11.0562085Z","type":"sample"}
{"address":"/cue/p/start","args":null,"channel":"system","dir":"out","t":"2026-07-19T02:52:11.0662791Z","type":"osc"}
{"channel":"rr","display":9.862338196013972,"mu":0,"quality":"OK","raw":1293.7,"sigma":1.5,"state":"IDLE","t":"2026-07-19T02:52:11.0895027Z","type":"sample"}
{"channel":"gsr","display":2656.1,"mu":0,"quality":"OK","raw":2656.1,"sigma":10,"state":"IDLE","t":"2026-07-19T02:52:11.1260307Z","type":"sample"}
{"channel":"rr","display":9.862338196013972,"mu":0,"quality":"OK","raw":1293.4,"sigma":1.5,"state":"IDLE","t":"2026-07-19T02:52:11.1375399Z","type":"sample"}
{"channel":"rr","display":9.862338196013972,"mu":0,"quality":"OK","raw":1293.7,"sigma":1.5,"state":"IDLE","t":"2026-07-19T02:52:11.1779996Z","type":"sample"}
{"channel":"rr","display":9.862338196013972,"mu":0,"quality":"OK","raw":1293.2,"sigma":1.5,"state":"IDLE","t":"2026-07-19T02:52:11.213882Z","type":"sample"}
{"channel":"gsr","display":2662.1,"mu":0,"quality":"OK","raw":2662.1,"sigma":10,"state":"IDLE","t":"2026-07-19T02:52:11.2255843Z","type":"sample"}
{"channel":"hr","display":67,"mu":0,"quality":"OK","raw":67,"sigma":3,"state":"IDLE","t":"2026-07-19T02:52:11.2274445Z","type":"sample"}
{"address":"/cue/r19/start","args":null,"channel":"system","dir":"out","t":"2026-07-19T02:52:11.2546669Z","type":"osc"}
{"channel":"rr","display":9.862338196013972,"mu":0,"quality":"OK","raw":1292.9,"sigma":1.5,"state":"IDLE","t":"2026-07-19T02:52:11.2576135Z","type":"sample"}
{"channel":"rr","display":9.862338196013972,"mu":0,"quality":"OK","raw":1292.9,"sigma":1.5,"state":"IDLE","t":"2026-07-19T02:52:11.2888878Z","type":"sample"}
{"channel":"gsr","display":2655.4,"mu":0,"quality":"OK","raw":2655.4,"sigma":10,"state":"IDLE","t":"2026-07-19T02:52:11.3221087Z","type":"sample"}
{"channel":"rr","display":9.862338196013972,"mu":0,"quality":"OK","raw":1295.2,"sigma":1.5,"state":"IDLE","t":"2026-07-19T02:52:11.3378508Z","type":"sample"}
{"channel":"rr","display":9.862338196013972,"mu":0,"quality":"OK","raw":1292.4,"sigma":1.5,"state":"IDLE","t":"2026-07-19T02:52:11.3765473Z","type":"sample"}
{"channel":"rr","display":9.862338196013972,"mu":0,"quality":"OK","raw":1295.1,"sigma":1.5,"state":"IDLE","t":"2026-07-19T02:52:11.4174896Z","type":"sample"}
{"channel":"gsr","display":2665.6,"mu":0,"quality":"OK","raw":2665.6,"sigma":10,"state":"IDLE","t":"2026-07-19T02:52:11.4250167Z","type":"sample"}
{"channel":"rr","display":9.862338196013972,"mu":0,"quality":"OK","raw":1294.2,"sigma":1.5,"state":"IDLE","t":"2026-07-19T02:52:11.4555079Z","type":"sample"}
{"channel":"rr","display":9.862338196013972,"mu":0,"quality":"OK","raw":1294.2,"sigma":1.5,"state":"IDLE","t":"2026-07-19T02:52:11.4980958Z","type":"sample"}
{"channel":"gsr","display":2661.1,"mu":0,"quality":"OK","raw":2661.1,"sigma":10,"state":"IDLE","t":"2026-07-19T02:52:11.5261974Z","type":"sample"}
{"channel":"rr","display":9.862338196013972,"mu":0,"quality":"OK","raw":1294.4,"sigma":1.5,"state":"IDLE","t":"2026-07-19T02:52:11.5371376Z","type":"sample"}
{"address":"/cue/bpm067/start","args":null,"channel":"system","dir":"out","t":"2026-07-19T02:52:11.5570425Z","type":"osc"}
{"address":"/cue/g1/start","args":null,"channel":"system","dir":"out","t":"2026-07-19T02:52:11.5587346Z","type":"osc"}
{"channel":"rr","display":9.862338196013972,"mu":0,"quality":"OK","raw":1295.8,"sigma":1.5,"state":"IDLE","t":"2026-07-19T02:52:11.5778282Z","type":"sample"}
{"channel":"rr","display":9.862338196013972,"mu":0,"quality":"OK","raw":1294.5,"sigma":1.5,"state":"IDLE","t":"2026-07-19T02:52:11.6133834Z","type":"sample"}
{"channel":"gsr","display":2662.6,"mu":0,"quality":"OK","raw":2662.6,"sigma":10,"state":"IDLE","t":"2026-07-19T02:52:11.6261701Z","type":"sample"}
{"channel":"rr","display":9.862338196013972,"mu":0,"quality":"OK","raw":1293.8,"sigma":1.5,"state":"IDLE","t":"2026-07-19T02:52:11.655235Z","type":"sample"}
{"channel":"rr","display":9.862338196013972,"mu":0,"quality":"OK","raw":1294.9,"sigma":1.5,"state":"IDLE","t":"2026-07-19T02:52:11.691823Z","type":"sample"}
{"channel":"gsr","display":2665.7,"mu":0,"quality":"OK","raw":2665.7,"sigma":10,"state":"IDLE","t":"2026-07-19T02:52:11.7260509Z","type":"sample"}
{"channel":"hr","display":67,"mu":0,"quality":"OK","raw":67,"sigma":3,"state":"IDLE","t":"2026-07-19T02:52:11.7263868Z","type":"sample"}
{"channel":"rr","display":9.862338196013972,"mu":0,"quality":"OK","raw":1295.8,"sigma":1.5,"state":"IDLE","t":"2026-07-19T02:52:11.7377519Z","type":"sample"}
{"channel":"rr","display":9.862338196013972,"mu":0,"quality":"OK","raw":1294.8,"sigma":1.5,"state":"IDLE","t":"2026-07-19T02:52:11.7767159Z","type":"sample"}
{"channel":"rr","display":9.862338196013972,"mu":0,"quality":"OK","raw":1295.4,"sigma":1.5,"state":"IDLE","t":"2026-07-19T02:52:11.8180434Z","type":"sample"}
{"channel":"gsr","display":2667.2,"mu":0,"quality":"OK","raw":2667.2,"sigma":10,"state":"IDLE","t":"2026-07-19T02:52:11.8269881Z","type":"sample"}
{"channel":"rr","display":9.862338196013972,"mu":0,"quality":"OK","raw":1294.6,"sigma":1.5,"state":"IDLE","t":"2026-07-19T02:52:11.8580032Z","type":"sample"}
{"channel":"rr","display":9.862338196013972,"mu":0,"quality":"OK","raw":1293.8,"sigma":1.5,"state":"IDLE","t":"2026-07-19T02:52:11.8980275Z","type":"sample"}
{"channel":"gsr","display":2662.3,"mu":0,"quality":"OK","raw":2662.3,"sigma":10,"state":"IDLE","t":"2026-07-19T02:52:11.9257123Z","type":"sample"}
{"channel":"rr","display":9.862338196013972,"mu":0,"quality":"OK","raw":1296.9,"sigma":1.5,"state":"IDLE","t":"2026-07-19T02:52:11.9371982Z","type":"sample"}
{"address":"/cue/p/start","args":null,"channel":"system","dir":"out","t":"2026-07-19T02:52:11.9616765Z","type":"osc"}
{"channel":"rr","display":9.862338196013972,"mu":0,"quality":"OK","raw":1294.2,"sigma":1.5,"state":"IDLE","t":"2026-07-19T02:52:11.9771269Z","type":"sample"}
{"channel":"rr","display":9.862338196013972,"mu":0,"quality":"OK","raw":1294.9,"sigma":1.5,"state":"IDLE","t":"2026-07-19T02:52:12.0175559Z","type":"sample"}
{"channel":"gsr","display":2671,"mu":0,"quality":"OK","raw":2671,"sigma":10,"state":"IDLE","t":"2026-07-19T02:52:12.0269113Z","type":"sample"}
{"channel":"rr","display":9.862338196013972,"mu":0,"quality":"OK","raw":1296.4,"sigma":1.5,"state":"IDLE","t":"2026-07-19T02:52:12.056725Z","type":"sample"}
{"channel":"rr","display":9.862338196013972,"mu":0,"quality":"OK","raw":1292.6,"sigma":1.5,"state":"IDLE","t":"2026-07-19T02:52:12.0966165Z","type":"sample"}
{"channel":"gsr","display":2670,"mu":0,"quality":"OK","raw":2670,"sigma":10,"state":"IDLE","t":"2026-07-19T02:52:12.1256019Z","type":"sample"}
{"channel":"rr","display":9.862338196013972,"mu":0,"quality":"OK","raw":1295.1,"sigma":1.5,"state":"IDLE","t":"2026-07-19T02:52:12.1370075Z","type":"sample"}
{"channel":"rr","display":9.862338196013972,"mu":0,"quality":"OK","raw":1295.8,"sigma":1.5,"state":"IDLE","t":"2026-07-19T02:52:12.1777964Z","type":"sample"}
{"channel":"rr","display":9.862338196013972,"mu":0,"quality":"OK","raw":1293.6,"sigma":1.5,"state":"IDLE","t":"2026-07-19T02:52:12.2178927Z","type":"sample"}
{"channel":"gsr","display":2669.5,"mu":0,"quality":"OK","raw":2669.5,"sigma":10,"state":"IDLE","t":"2026-07-19T02:52:12.2267831Z","type":"sample"}
{"channel":"hr","display":67,"mu":0,"quality":"OK","raw":67,"sigma":3,"state":"IDLE","t":"2026-07-19T02:52:12.2273903Z","type":"sample"}
{"channel":"rr","display":9.862338196013972,"mu":0,"quality":"OK","raw":1295.4,"sigma":1.5,"state":"IDLE","t":"2026-07-19T02:52:12.2561702Z","type":"sample"}
{"address":"/cue/r19/start","args":null,"channel":"system","dir":"out","t":"2026-07-19T02:52:12.2707484Z","type":"osc"}
{"channel":"rr","display":9.862338196013972,"mu":0,"quality":"OK","raw":1296.2,"sigma":1.5,"state":"IDLE","t":"2026-07-19T02:52:12.298144Z","type":"sample"}
{"channel":"gsr","display":2667.1,"mu":0,"quality":"OK","raw":2667.1,"sigma":10,"state":"IDLE","t":"2026-07-19T02:52:12.3260634Z","type":"sample"}
{"channel":"rr","display":9.862338196013972,"mu":0,"quality":"OK","raw":1300.8,"sigma":1.5,"state":"IDLE","t":"2026-07-19T02:52:12.3380062Z","type":"sample"}
{"channel":"rr","display":9.862338196013972,"mu":0,"quality":"OK","raw":1304.2,"sigma":1.5,"state":"IDLE","t":"2026-07-19T02:52:12.3756482Z","type":"sample"}
{"channel":"rr","display":9.862338196013972,"mu":0,"quality":"OK","raw":1306.4,"sigma":1.5,"state":"IDLE","t":"2026-07-19T02:52:12.4180708Z","type":"sample"}
{"channel":"gsr","display":2674.9,"mu":0,"quality":"OK","raw":2674.9,"sigma":10,"state":"IDLE","t":"2026-07-19T02:52:12.4241214Z","type":"sample"}
{"channel":"rr","display":9.862338196013972,"mu":0,"quality":"OK","raw":1309.2,"sigma":1.5,"state":"IDLE","t":"2026-07-19T02:52:12.4580226Z","type":"sample"}
{"channel":"rr","display":9.862338196013972,"mu":0,"quality":"OK","raw":1310.9,"sigma":1.5,"state":"IDLE","t":"2026-07-19T02:52:12.4896338Z","type":"sample"}
{"channel":"gsr","display":2672.5,"mu":0,"quality":"OK","raw":2672.5,"sigma":10,"state":"IDLE","t":"2026-07-19T02:52:12.5256613Z","type":"sample"}
{"channel":"rr","display":9.862338196013972,"mu":0,"quality":"OK","raw":1315.6,"sigma":1.5,"state":"IDLE","t":"2026-07-19T02:52:12.5369212Z","type":"sample"}
{"address":"/cue/bpm067/start","args":null,"channel":"system","dir":"out","t":"2026-07-19T02:52:12.5729549Z","type":"osc"}
{"address":"/cue/g1/start","args":null,"channel":"system","dir":"out","t":"2026-07-19T02:52:12.5740118Z","type":"osc"}
{"channel":"rr","display":10.116337885685383,"mu":0,"quality":"OK","raw":1319.6,"sigma":1.5,"state":"IDLE","t":"2026-07-19T02:52:12.5777683Z","type":"sample"}
{"channel":"rr","display":10.116337885685383,"mu":0,"quality":"OK","raw":1325.2,"sigma":1.5,"state":"IDLE","t":"2026-07-19T02:52:12.6139839Z","type":"sample"}
{"channel":"gsr","display":2682.5,"mu":0,"quality":"OK","raw":2682.5,"sigma":10,"state":"IDLE","t":"2026-07-19T02:52:12.6270035Z","type":"sample"}
{"channel":"rr","display":10.116337885685383,"mu":0,"quality":"OK","raw":1336.3,"sigma":1.5,"state":"IDLE","t":"2026-07-19T02:52:12.6579892Z","type":"sample"}
{"channel":"rr","display":10.116337885685383,"mu":0,"quality":"OK","raw":1351.2,"sigma":1.5,"state":"IDLE","t":"2026-07-19T02:52:12.6970103Z","type":"sample"}
{"channel":"gsr","display":2678.5,"mu":0,"quality":"OK","raw":2678.5,"sigma":10,"state":"IDLE","t":"2026-07-19T02:52:12.7260397Z","type":"sample"}
{"channel":"hr","display":67,"mu":0,"quality":"OK","raw":67,"sigma":3,"state":"IDLE","t":"2026-07-19T02:52:12.7272019Z","type":"sample"}
{"channel":"rr","display":10.116337885685383,"mu":0,"quality":"OK","raw":1364.5,"sigma":1.5,"state":"IDLE","t":"2026-07-19T02:52:12.7374182Z","type":"sample"}
{"channel":"rr","display":10.116337885685383,"mu":0,"quality":"OK","raw":1374.2,"sigma":1.5,"state":"IDLE","t":"2026-07-19T02:52:12.777405Z","type":"sample"}
{"channel":"rr","display":10.116337885685383,"mu":0,"quality":"OK","raw":1382.4,"sigma":1.5,"state":"IDLE","t":"2026-07-19T02:52:12.8180638Z","type":"sample"}
{"channel":"gsr","display":2679.9,"mu":0,"quality":"OK","raw":2679.9,"sigma":10,"state":"IDLE","t":"2026-07-19T02:52:12.825267Z","type":"sample"}
{"address":"/cue/p/start","args":null,"channel":"system","dir":"out","t":"2026-07-19T02:52:12.8565323Z","type":"osc"}
{"channel":"rr","display":10.116337885685383,"mu":0,"quality":"OK","raw":1396.1,"sigma":1.5,"state":"IDLE","t":"2026-07-19T02:52:12.8581169Z","type":"sample"}
{"channel":"rr","display":10.116337885685383,"mu":0,"quality":"OK","raw":1411.8,"sigma":1.5,"state":"IDLE","t":"2026-07-19T02:52:12.8972347Z","type":"sample"}
{"channel":"gsr","display":2673.3,"mu":0,"quality":"OK","raw":2673.3,"sigma":10,"state":"IDLE","t":"2026-07-19T02:52:12.9262515Z","type":"sample"}
{"channel":"rr","display":10.116337885685383,"mu":0,"quality":"OK","raw":1426.6,"sigma":1.5,"state":"IDLE","t":"2026-07-19T02:52:12.9378023Z","type":"sample"}
{"channel":"rr","display":10.116337885685383,"mu":0,"quality":"OK","raw":1437.8,"sigma":1.5,"state":"IDLE","t":"2026-07-19T02:52:12.9768625Z","type":"sample"}
{"channel":"rr","display":10.116337885685383,"mu":0,"quality":"OK","raw":1450.9,"sigma":1.5,"state":"IDLE","t":"2026-07-19T02:52:13.01323Z","type":"sample"}
{"channel":"gsr","display":2681.4,"mu":0,"quality":"OK","raw":2681.4,"sigma":10,"state":"IDLE","t":"2026-07-19T02:52:13.0254352Z","type":"sample"}
{"channel":"rr","display":10.116337885685383,"mu":0,"quality":"OK","raw":1464.2,"sigma":1.5,"state":"IDLE","t":"2026-07-19T02:52:13.0580403Z","type":"sample"}
{"channel":"rr","display":10.116337885685383,"mu":0,"quality":"OK","raw":1481.5,"sigma":1.5,"state":"IDLE","t":"2026-07-19T02:52:13.0936151Z","type":"sample"}
{"channel":"gsr","display":2674.4,"mu":0,"quality":"OK","raw":2674.4,"sigma":10,"state":"IDLE","t":"2026-07-19T02:52:13.1260175Z","type":"sample"}
{"channel":"rr","display":10.116337885685383,"mu":0,"quality":"OK","raw":1497.8,"sigma":1.5,"state":"IDLE","t":"2026-07-19T02:52:13.1378814Z","type":"sample"}
{"channel":"rr","display":10.116337885685383,"mu":0,"quality":"OK","raw":1512.6,"sigma":1.5,"state":"IDLE","t":"2026-07-19T02:52:13.1764148Z","type":"sample"}
{"channel":"rr","display":10.116337885685383,"mu":0,"quality":"OK","raw":1524.9,"sigma":1.5,"state":"IDLE","t":"2026-07-19T02:52:13.2135398Z","type":"sample"}
{"channel":"gsr","display":2676,"mu":0,"quality":"OK","raw":2676,"sigma":10,"state":"IDLE","t":"2026-07-19T02:52:13.2264425Z","type":"sample"}
{"address":"/cue/r19/start","args":null,"channel":"system","dir":"out","t":"2026-07-19T02:52:13.2760124Z","type":"osc"}
{"channel":"hr","display":67,"mu":0,"quality":"OK","raw":67,"sigma":3,"state":"IDLE","t":"2026-07-19T02:52:13.3121178Z","type":"sample"}
{"channel":"rr","display":10.116337885685383,"mu":0,"quality":"OK","raw":1563.2,"sigma":1.5,"state":"IDLE","t":"2026-07-19T02:52:13.317735Z","type":"sample"}
{"channel":"gsr","display":2658.5,"mu":0,"quality":"OK","raw":2658.5,"sigma":10,"state":"IDLE","t":"2026-07-19T02:52:13.3263577Z","type":"sample"}
{"channel":"rr","display":10.116337885685383,"mu":0,"quality":"OK","raw":1580.9,"sigma":1.5,"state":"IDLE","t":"2026-07-19T02:52:13.3567832Z","type":"sample"}
{"channel":"rr","display":10.116337885685383,"mu":0,"quality":"OK","raw":1600.9,"sigma":1.5,"state":"IDLE","t":"2026-07-19T02:52:13.3970347Z","type":"sample"}
{"channel":"gsr","display":2672.4,"mu":0,"quality":"OK","raw":2672.4,"sigma":10,"state":"IDLE","t":"2026-07-19T02:52:13.4262227Z","type":"sample"}
{"channel":"rr","display":10.116337885685383,"mu":0,"quality":"OK","raw":1622.9,"sigma":1.5,"state":"IDLE","t":"2026-07-19T02:52:13.4361267Z","type":"sample"}
{"channel":"rr","display":10.116337885685383,"mu":0,"quality":"OK","raw":1637.6,"sigma":1.5,"state":"IDLE","t":"2026-07-19T02:52:13.4771159Z","type":"sample"}
{"channel":"rr","display":10.116337885685383,"mu":0,"quality":"OK","raw":1655.6,"sigma":1.5,"state":"IDLE","t":"2026-07-19T02:52:13.5158535Z","type":"sample"}
{"channel":"gsr","display":2672.7,"mu":0,"quality":"OK","raw":2672.7,"sigma":10,"state":"IDLE","t":"2026-07-19T02:52:13.5258826Z","type":"sample"}
{"channel":"rr","display":10.116337885685383,"mu":0,"quality":"OK","raw":1675.9,"sigma":1.5,"state":"IDLE","t":"2026-07-19T02:52:13.5570044Z","type":"sample"}
{"address":"/cue/bpm067/start","args":null,"channel":"system","dir":"out","t":"2026-07-19T02:52:13.5781423Z","type":"osc"}
{"address":"/cue/g1/start","args":null,"channel":"system","dir":"out","t":"2026-07-19T02:52:13.5792203Z","type":"osc"}
{"channel":"rr","display":10.116337885685383,"mu":0,"quality":"OK","raw":1681.2,"sigma":1.5,"state":"IDLE","t":"2026-07-19T02:52:13.593135Z","type":"sample"}
{"channel":"gsr","display":2673,"mu":0,"quality":"OK","raw":2673,"sigma":10,"state":"IDLE","t":"2026-07-19T02:52:13.6260151Z","type":"sample"}
{"channel":"rr","display":10.116337885685383,"mu":0,"quality":"OK","raw":1687.3,"sigma":1.5,"state":"IDLE","t":"2026-07-19T02:52:13.6360833Z","type":"sample"}
{"channel":"rr","display":10.116337885685383,"mu":0,"quality":"OK","raw":1688.5,"sigma":1.5,"state":"IDLE","t":"2026-07-19T02:52:13.677014Z","type":"sample"}
{"channel":"gsr","event":"state_change","from":"IDLE","t":"2026-07-19T02:52:13.711883Z","to":"CALIBRATING","type":"event"}
{"channel":"gsr","event":"start_calibrate","t":"2026-07-19T02:52:13.711883Z","type":"event"}
{"channel":"hr","event":"state_change","from":"IDLE","t":"2026-07-19T02:52:13.711883Z","to":"CALIBRATING","type":"event"}
{"channel":"hr","event":"start_calibrate","t":"2026-07-19T02:52:13.711883Z","type":"event"}
{"channel":"rr","event":"state_change","from":"IDLE","t":"2026-07-19T02:52:13.711883Z","to":"CALIBRATING","type":"event"}
{"channel":"rr","event":"start_calibrate","t":"2026-07-19T02:52:13.711883Z","type":"event"}
{"channel":"rr","display":10.116337885685383,"mu":0,"quality":"OK","raw":1688.2,"sigma":1.5,"state":"CALIBRATING","t":"2026-07-19T02:52:13.7166693Z","type":"sample"}
{"channel":"gsr","display":2671.3,"mu":0,"quality":"OK","raw":2671.3,"sigma":10,"state":"CALIBRATING","t":"2026-07-19T02:52:13.7266766Z","type":"sample"}
{"channel":"hr","display":67,"mu":0,"quality":"OK","raw":67,"sigma":3,"state":"CALIBRATING","t":"2026-07-19T02:52:13.7266766Z","type":"sample"}
{"address":"/cue/p/start","args":null,"channel":"system","dir":"out","t":"2026-07-19T02:52:13.7511223Z","type":"osc"}
{"channel":"rr","display":10.116337885685383,"mu":0,"quality":"OK","raw":1688.3,"sigma":1.5,"state":"CALIBRATING","t":"2026-07-19T02:52:13.7565542Z","type":"sample"}
{"channel":"rr","display":10.116337885685383,"mu":0,"quality":"OK","raw":1688.2,"sigma":1.5,"state":"CALIBRATING","t":"2026-07-19T02:52:13.7943815Z","type":"sample"}
{"channel":"gsr","display":2672.5,"mu":0,"quality":"OK","raw":2672.5,"sigma":10,"state":"CALIBRATING","t":"2026-07-19T02:52:13.8239409Z","type":"sample"}
{"channel":"rr","display":10.116337885685383,"mu":0,"quality":"OK","raw":1688.2,"sigma":1.5,"state":"CALIBRATING","t":"2026-07-19T02:52:13.8371581Z","type":"sample"}
{"channel":"rr","display":10.116337885685383,"mu":0,"quality":"OK","raw":1687.9,"sigma":1.5,"state":"CALIBRATING","t":"2026-07-19T02:52:13.8754169Z","type":"sample"}
{"channel":"rr","display":10.116337885685383,"mu":0,"quality":"OK","raw":1688.2,"sigma":1.5,"state":"CALIBRATING","t":"2026-07-19T02:52:13.9138114Z","type":"sample"}
{"channel":"gsr","display":2670.9,"mu":0,"quality":"OK","raw":2670.9,"sigma":10,"state":"CALIBRATING","t":"2026-07-19T02:52:13.9247806Z","type":"sample"}
{"channel":"rr","display":10.116337885685383,"mu":0,"quality":"OK","raw":1687.4,"sigma":1.5,"state":"CALIBRATING","t":"2026-07-19T02:52:13.9570483Z","type":"sample"}
{"channel":"rr","display":10.116337885685383,"mu":0,"quality":"OK","raw":1688,"sigma":1.5,"state":"CALIBRATING","t":"2026-07-19T02:52:13.9907284Z","type":"sample"}
{"channel":"gsr","display":2673.2,"mu":0,"quality":"OK","raw":2673.2,"sigma":10,"state":"CALIBRATING","t":"2026-07-19T02:52:14.0259861Z","type":"sample"}
{"channel":"rr","display":10.116337885685383,"mu":0,"quality":"OK","raw":1688,"sigma":1.5,"state":"CALIBRATING","t":"2026-07-19T02:52:14.0367334Z","type":"sample"}
{"channel":"rr","display":10.116337885685383,"mu":0,"quality":"OK","raw":1686.3,"sigma":1.5,"state":"CALIBRATING","t":"2026-07-19T02:52:14.072474Z","type":"sample"}
{"channel":"rr","display":10.116337885685383,"mu":0,"quality":"OK","raw":1687.8,"sigma":1.5,"state":"CALIBRATING","t":"2026-07-19T02:52:14.113705Z","type":"sample"}
{"channel":"gsr","display":2668.2,"mu":0,"quality":"OK","raw":2668.2,"sigma":10,"state":"CALIBRATING","t":"2026-07-19T02:52:14.1262044Z","type":"sample"}
{"channel":"rr","display":10.116337885685383,"mu":0,"quality":"OK","raw":1687.7,"sigma":1.5,"state":"CALIBRATING","t":"2026-07-19T02:52:14.1569982Z","type":"sample"}
{"channel":"rr","display":10.116337885685383,"mu":0,"quality":"OK","raw":1687.2,"sigma":1.5,"state":"CALIBRATING","t":"2026-07-19T02:52:14.1966209Z","type":"sample"}
{"channel":"gsr","display":2671.4,"mu":0,"quality":"OK","raw":2671.4,"sigma":10,"state":"CALIBRATING","t":"2026-07-19T02:52:14.2253748Z","type":"sample"}
{"channel":"hr","display":67,"mu":0,"quality":"OK","raw":67,"sigma":3,"state":"CALIBRATING","t":"2026-07-19T02:52:14.2267662Z","type":"sample"}
{"channel":"rr","display":10.116337885685383,"mu":0,"quality":"OK","raw":1686.9,"sigma":1.5,"state":"CALIBRATING","t":"2026-07-19T02:52:14.236618Z","type":"sample"}
{"channel":"rr","display":10.116337885685383,"mu":0,"quality":"OK","raw":1686.8,"sigma":1.5,"state":"CALIBRATING","t":"2026-07-19T02:52:14.2723884Z","type":"sample"}
{"address":"/cue/r19/start","args":null,"channel":"system","dir":"out","t":"2026-07-19T02:52:14.2870164Z","type":"osc"}
{"channel":"rr","display":10.116337885685383,"mu":0,"quality":"OK","raw":1687.6,"sigma":1.5,"state":"CALIBRATING","t":"2026-07-19T02:52:14.3168173Z","type":"sample"}
{"channel":"gsr","display":2667.8,"mu":0,"quality":"OK","raw":2667.8,"sigma":10,"state":"CALIBRATING","t":"2026-07-19T02:52:14.3229726Z","type":"sample"}
{"channel":"rr","display":10.116337885685383,"mu":0,"quality":"OK","raw":1686.6,"sigma":1.5,"state":"CALIBRATING","t":"2026-07-19T02:52:14.3570653Z","type":"sample"}
{"channel":"rr","display":10.116337885685383,"mu":0,"quality":"OK","raw":1686.6,"sigma":1.5,"state":"CALIBRATING","t":"2026-07-19T02:52:14.389297Z","type":"sample"}
{"channel":"gsr","display":2669.2,"mu":0,"quality":"OK","raw":2669.2,"sigma":10,"state":"CALIBRATING","t":"2026-07-19T02:52:14.4227806Z","type":"sample"}
{"channel":"rr","display":10.116337885685383,"mu":0,"quality":"OK","raw":1687.4,"sigma":1.5,"state":"CALIBRATING","t":"2026-07-19T02:52:14.4371212Z","type":"sample"}
{"channel":"rr","display":10.116337885685383,"mu":0,"quality":"OK","raw":1686.5,"sigma":1.5,"state":"CALIBRATING","t":"2026-07-19T02:52:14.4770029Z","type":"sample"}
{"channel":"rr","display":10.116337885685383,"mu":0,"quality":"OK","raw":1686,"sigma":1.5,"state":"CALIBRATING","t":"2026-07-19T02:52:14.5136758Z","type":"sample"}
{"channel":"gsr","display":2670.5,"mu":0,"quality":"OK","raw":2670.5,"sigma":10,"state":"CALIBRATING","t":"2026-07-19T02:52:14.5260177Z","type":"sample"}
{"channel":"rr","display":10.116337885685383,"mu":0,"quality":"OK","raw":1686.8,"sigma":1.5,"state":"CALIBRATING","t":"2026-07-19T02:52:14.5562336Z","type":"sample"}
{"address":"/cue/bpm067/start","args":null,"channel":"system","dir":"out","t":"2026-07-19T02:52:14.5890256Z","type":"osc"}
{"address":"/cue/g1/start","args":null,"channel":"system","dir":"out","t":"2026-07-19T02:52:14.590092Z","type":"osc"}
{"channel":"rr","display":10.116337885685383,"mu":0,"quality":"OK","raw":1686.3,"sigma":1.5,"state":"CALIBRATING","t":"2026-07-19T02:52:14.5966065Z","type":"sample"}
{"channel":"gsr","display":2667.1,"mu":0,"quality":"OK","raw":2667.1,"sigma":10,"state":"CALIBRATING","t":"2026-07-19T02:52:14.6259836Z","type":"sample"}
{"channel":"rr","display":10.116337885685383,"mu":0,"quality":"OK","raw":1685.7,"sigma":1.5,"state":"CALIBRATING","t":"2026-07-19T02:52:14.6370585Z","type":"sample"}
{"address":"/cue/p/start","args":null,"channel":"system","dir":"out","t":"2026-07-19T02:52:14.6465103Z","type":"osc"}
{"channel":"rr","display":10.116337885685383,"mu":0,"quality":"OK","raw":1687.2,"sigma":1.5,"state":"CALIBRATING","t":"2026-07-19T02:52:14.6767101Z","type":"sample"}
{"channel":"rr","display":10.116337885685383,"mu":0,"quality":"OK","raw":1685,"sigma":1.5,"state":"CALIBRATING","t":"2026-07-19T02:52:14.7169278Z","type":"sample"}
{"channel":"gsr","display":2666.9,"mu":0,"quality":"OK","raw":2666.9,"sigma":10,"state":"CALIBRATING","t":"2026-07-19T02:52:14.725582Z","type":"sample"}
{"channel":"hr","display":67,"mu":0,"quality":"OK","raw":67,"sigma":3,"state":"CALIBRATING","t":"2026-07-19T02:52:14.7266444Z","type":"sample"}
{"channel":"rr","display":10.116337885685383,"mu":0,"quality":"OK","raw":1686.8,"sigma":1.5,"state":"CALIBRATING","t":"2026-07-19T02:52:14.7556278Z","type":"sample"}
{"channel":"rr","display":10.116337885685383,"mu":0,"quality":"OK","raw":1684.3,"sigma":1.5,"state":"CALIBRATING","t":"2026-07-19T02:52:14.7968608Z","type":"sample"}
{"channel":"gsr","display":2668.8,"mu":0,"quality":"OK","raw":2668.8,"sigma":10,"state":"CALIBRATING","t":"2026-07-19T02:52:14.8262153Z","type":"sample"}
{"channel":"rr","display":10.116337885685383,"mu":0,"quality":"OK","raw":1681.3,"sigma":1.5,"state":"CALIBRATING","t":"2026-07-19T02:52:14.8361381Z","type":"sample"}
{"channel":"rr","display":10.116337885685383,"mu":0,"quality":"OK","raw":1674.2,"sigma":1.5,"state":"CALIBRATING","t":"2026-07-19T02:52:14.8770885Z","type":"sample"}
{"channel":"rr","display":10.116337885685383,"mu":0,"quality":"OK","raw":1659.8,"sigma":1.5,"state":"CALIBRATING","t":"2026-07-19T02:52:14.9170721Z","type":"sample"}
{"channel":"gsr","display":2662.6,"mu":0,"quality":"OK","raw":2662.6,"sigma":10,"state":"CALIBRATING","t":"2026-07-19T02:52:14.9246221Z","type":"sample"}
{"channel":"rr","display":10.116337885685383,"mu":0,"quality":"OK","raw":1649.4,"sigma":1.5,"state":"CALIBRATING","t":"2026-07-19T02:52:14.9569664Z","type":"sample"}
{"channel":"rr","display":10.116337885685383,"mu":0,"quality":"OK","raw":1642.4,"sigma":1.5,"state":"CALIBRATING","t":"2026-07-19T02:52:14.9955625Z","type":"sample"}
{"channel":"gsr","display":2662.8,"mu":0,"quality":"OK","raw":2662.8,"sigma":10,"state":"CALIBRATING","t":"2026-07-19T02:52:15.0259607Z","type":"sample"}
{"channel":"rr","display":10.116337885685383,"mu":0,"quality":"OK","raw":1632.6,"sigma":1.5,"state":"CALIBRATING","t":"2026-07-19T02:52:15.0370702Z","type":"sample"}
{"channel":"rr","display":10.116337885685383,"mu":0,"quality":"OK","raw":1617.5,"sigma":1.5,"state":"CALIBRATING","t":"2026-07-19T02:52:15.0769933Z","type":"sample"}
{"channel":"rr","display":10.116337885685383,"mu":0,"quality":"OK","raw":1594.1,"sigma":1.5,"state":"CALIBRATING","t":"2026-07-19T02:52:15.1134895Z","type":"sample"}
{"channel":"gsr","display":2660.5,"mu":0,"quality":"OK","raw":2660.5,"sigma":10,"state":"CALIBRATING","t":"2026-07-19T02:52:15.1256565Z","type":"sample"}
{"channel":"rr","display":10.116337885685383,"mu":0,"quality":"OK","raw":1570.8,"sigma":1.5,"state":"CALIBRATING","t":"2026-07-19T02:52:15.1570126Z","type":"sample"}
{"channel":"rr","display":10.116337885685383,"mu":0,"quality":"OK","raw":1554.6,"sigma":1.5,"state":"CALIBRATING","t":"2026-07-19T02:52:15.1970015Z","type":"sample"}
{"channel":"gsr","display":2654.9,"mu":0,"quality":"OK","raw":2654.9,"sigma":10,"state":"CALIBRATING","t":"2026-07-19T02:52:15.2255355Z","type":"sample"}
{"channel":"hr","display":67,"mu":0,"quality":"OK","raw":67,"sigma":3,"state":"CALIBRATING","t":"2026-07-19T02:52:15.2267005Z","type":"sample"}
{"channel":"rr","display":10.116337885685383,"mu":0,"quality":"OK","raw":1528.4,"sigma":1.5,"state":"CALIBRATING","t":"2026-07-19T02:52:15.2367403Z","type":"sample"}
{"channel":"rr","display":10.116337885685383,"mu":0,"quality":"OK","raw":1506.8,"sigma":1.5,"state":"CALIBRATING","t":"2026-07-19T02:52:15.2770584Z","type":"sample"}
{"address":"/cue/r19/start","args":null,"channel":"system","dir":"out","t":"2026-07-19T02:52:15.2935341Z","type":"osc"}
{"channel":"rr","display":10.116337885685383,"mu":0,"quality":"OK","raw":1481.1,"sigma":1.5,"state":"CALIBRATING","t":"2026-07-19T02:52:15.3134309Z","type":"sample"}
{"channel":"gsr","display":2652.6,"mu":0,"quality":"OK","raw":2652.6,"sigma":10,"state":"CALIBRATING","t":"2026-07-19T02:52:15.3258654Z","type":"sample"}
{"channel":"rr","display":10.116337885685383,"mu":0,"quality":"OK","raw":1453.6,"sigma":1.5,"state":"CALIBRATING","t":"2026-07-19T02:52:15.3567157Z","type":"sample"}
{"channel":"rr","display":10.116337885685383,"mu":0,"quality":"OK","raw":1434.1,"sigma":1.5,"state":"CALIBRATING","t":"2026-07-19T02:52:15.3969869Z","type":"sample"}
{"channel":"gsr","display":2645.9,"mu":0,"quality":"OK","raw":2645.9,"sigma":10,"state":"CALIBRATING","t":"2026-07-19T02:52:15.426004Z","type":"sample"}
{"channel":"rr","display":10.116337885685383,"mu":0,"quality":"OK","raw":1419.3,"sigma":1.5,"state":"CALIBRATING","t":"2026-07-19T02:52:15.4367829Z","type":"sample"}
{"channel":"rr","display":10.116337885685383,"mu":0,"quality":"OK","raw":1408.6,"sigma":1.5,"state":"CALIBRATING","t":"2026-07-19T02:52:15.4769144Z","type":"sample"}
{"channel":"rr","display":10.116337885685383,"mu":0,"quality":"OK","raw":1397.3,"sigma":1.5,"state":"CALIBRATING","t":"2026-07-19T02:52:15.5169556Z","type":"sample"}
{"channel":"gsr","display":2642.2,"mu":0,"quality":"OK","raw":2642.2,"sigma":10,"state":"CALIBRATING","t":"2026-07-19T02:52:15.5256022Z","type":"sample"}
{"address":"/cue/p/start","args":null,"channel":"system","dir":"out","t":"2026-07-19T02:52:15.5409471Z","type":"osc"}
{"channel":"rr","display":10.116337885685383,"mu":0,"quality":"OK","raw":1384.3,"sigma":1.5,"state":"CALIBRATING","t":"2026-07-19T02:52:15.5560998Z","type":"sample"}
{"channel":"rr","display":10.116337885685383,"mu":0,"quality":"OK","raw":1375.2,"sigma":1.5,"state":"CALIBRATING","t":"2026-07-19T02:52:15.5968453Z","type":"sample"}
{"address":"/cue/bpm067/start","args":null,"channel":"system","dir":"out","t":"2026-07-19T02:52:15.5989962Z","type":"osc"}
{"address":"/cue/g1/start","args":null,"channel":"system","dir":"out","t":"2026-07-19T02:52:15.6000722Z","type":"osc"}
{"channel":"gsr","display":2633.4,"mu":0,"quality":"OK","raw":2633.4,"sigma":10,"state":"CALIBRATING","t":"2026-07-19T02:52:15.6262185Z","type":"sample"}
{"channel":"rr","display":10.116337885685383,"mu":0,"quality":"OK","raw":1368,"sigma":1.5,"state":"CALIBRATING","t":"2026-07-19T02:52:15.6369526Z","type":"sample"}
{"channel":"rr","display":10.116337885685383,"mu":0,"quality":"OK","raw":1362.4,"sigma":1.5,"state":"CALIBRATING","t":"2026-07-19T02:52:15.6769717Z","type":"sample"}
{"channel":"rr","display":10.116337885685383,"mu":0,"quality":"OK","raw":1355.1,"sigma":1.5,"state":"CALIBRATING","t":"2026-07-19T02:52:15.7136757Z","type":"sample"}
{"channel":"gsr","display":2628.4,"mu":0,"quality":"OK","raw":2628.4,"sigma":10,"state":"CALIBRATING","t":"2026-07-19T02:52:15.7229858Z","type":"sample"}
{"channel":"hr","display":68,"mu":0,"quality":"OK","raw":68,"sigma":3,"state":"CALIBRATING","t":"2026-07-19T02:52:15.7265625Z","type":"sample"}
{"channel":"rr","display":10.116337885685383,"mu":0,"quality":"OK","raw":1350.2,"sigma":1.5,"state":"CALIBRATING","t":"2026-07-19T02:52:15.7571835Z","type":"sample"}
{"channel":"rr","display":10.116337885685383,"mu":0,"quality":"OK","raw":1344.8,"sigma":1.5,"state":"CALIBRATING","t":"2026-07-19T02:52:15.7888719Z","type":"sample"}
{"channel":"gsr","display":2630.4,"mu":0,"quality":"OK","raw":2630.4,"sigma":10,"state":"CALIBRATING","t":"2026-07-19T02:52:15.8263795Z","type":"sample"}
{"channel":"rr","display":10.116337885685383,"mu":0,"quality":"OK","raw":1341.9,"sigma":1.5,"state":"CALIBRATING","t":"2026-07-19T02:52:15.8367058Z","type":"sample"}
{"channel":"rr","display":10.116337885685383,"mu":0,"quality":"OK","raw":1340.2,"sigma":1.5,"state":"CALIBRATING","t":"2026-07-19T02:52:15.877084Z","type":"sample"}
{"channel":"rr","display":10.116337885685383,"mu":0,"quality":"OK","raw":1338.1,"sigma":1.5,"state":"CALIBRATING","t":"2026-07-19T02:52:15.91629Z","type":"sample"}
{"channel":"gsr","display":2621,"mu":0,"quality":"OK","raw":2621,"sigma":10,"state":"CALIBRATING","t":"2026-07-19T02:52:15.9250219Z","type":"sample"}
{"channel":"rr","display":10.116337885685383,"mu":0,"quality":"OK","raw":1337.4,"sigma":1.5,"state":"CALIBRATING","t":"2026-07-19T02:52:15.9569649Z","type":"sample"}
{"channel":"rr","display":10.116337885685383,"mu":0,"quality":"OK","raw":1335.4,"sigma":1.5,"state":"CALIBRATING","t":"2026-07-19T02:52:15.9889288Z","type":"sample"}
{"channel":"gsr","display":2617.5,"mu":0,"quality":"OK","raw":2617.5,"sigma":10,"state":"CALIBRATING","t":"2026-07-19T02:52:16.0256099Z","type":"sample"}
{"channel":"rr","display":10.116337885685383,"mu":0,"quality":"OK","raw":1331.6,"sigma":1.5,"state":"CALIBRATING","t":"2026-07-19T02:52:16.0368411Z","type":"sample"}
{"channel":"rr","display":10.116337885685383,"mu":0,"quality":"OK","raw":1329.5,"sigma":1.5,"state":"CALIBRATING","t":"2026-07-19T02:52:16.0769487Z","type":"sample"}
{"channel":"rr","display":10.116337885685383,"mu":0,"quality":"OK","raw":1326.7,"sigma":1.5,"state":"CALIBRATING","t":"2026-07-19T02:52:16.1140029Z","type":"sample"}
{"channel":"gsr","display":2615.3,"mu":0,"quality":"OK","raw":2615.3,"sigma":10,"state":"CALIBRATING","t":"2026-07-19T02:52:16.123437Z","type":"sample"}
{"channel":"rr","display":10.116337885685383,"mu":0,"quality":"OK","raw":1324.2,"sigma":1.5,"state":"CALIBRATING","t":"2026-07-19T02:52:16.156259Z","type":"sample"}
{"channel":"rr","display":10.116337885685383,"mu":0,"quality":"OK","raw":1319.6,"sigma":1.5,"state":"CALIBRATING","t":"2026-07-19T02:52:16.1962863Z","type":"sample"}
{"channel":"gsr","display":2606.8,"mu":0,"quality":"OK","raw":2606.8,"sigma":10,"state":"CALIBRATING","t":"2026-07-19T02:52:16.2262017Z","type":"sample"}
{"channel":"hr","display":68,"mu":0,"quality":"OK","raw":68,"sigma":3,"state":"CALIBRATING","t":"2026-07-19T02:52:16.2267055Z","type":"sample"}
{"channel":"rr","display":10.116337885685383,"mu":0,"quality":"OK","raw":1315.9,"sigma":1.5,"state":"CALIBRATING","t":"2026-07-19T02:52:16.2366392Z","type":"sample"}
{"channel":"rr","display":10.116337885685383,"mu":0,"quality":"OK","raw":1309.2,"sigma":1.5,"state":"CALIBRATING","t":"2026-07-19T02:52:16.2722698Z","type":"sample"}
{"address":"/cue/r19/start","args":null,"channel":"system","dir":"out","t":"2026-07-19T02:52:16.3087082Z","type":"osc"}
{"channel":"rr","display":10.116337885685383,"mu":0,"quality":"OK","raw":1303.7,"sigma":1.5,"state":"CALIBRATING","t":"2026-07-19T02:52:16.317087Z","type":"sample"}
{"channel":"gsr","display":2606.5,"mu":0,"quality":"OK","raw":2606.5,"sigma":10,"state":"CALIBRATING","t":"2026-07-19T02:52:16.3260856Z","type":"sample"}
{"channel":"rr","display":10.116337885685383,"mu":0,"quality":"OK","raw":1298.5,"sigma":1.5,"state":"CALIBRATING","t":"2026-07-19T02:52:16.3568253Z","type":"sample"}
{"channel":"rr","display":10.116337885685383,"mu":0,"quality":"OK","raw":1294.8,"sigma":1.5,"state":"CALIBRATING","t":"2026-07-19T02:52:16.3925588Z","type":"sample"}
{"channel":"gsr","display":2601.5,"mu":0,"quality":"OK","raw":2601.5,"sigma":10,"state":"CALIBRATING","t":"2026-07-19T02:52:16.4259805Z","type":"sample"}
{"address":"/cue/p/start","args":null,"channel":"system","dir":"out","t":"2026-07-19T02:52:16.4362836Z","type":"osc"}
{"channel":"rr","display":10.116337885685383,"mu":0,"quality":"OK","raw":1293.3,"sigma":1.5,"state":"CALIBRATING","t":"2026-07-19T02:52:16.4368291Z","type":"sample"}
{"channel":"rr","display":10.116337885685383,"mu":0,"quality":"OK","raw":1291.7,"sigma":1.5,"state":"CALIBRATING","t":"2026-07-19T02:52:16.4769679Z","type":"sample"}
{"channel":"rr","display":10.116337885685383,"mu":0,"quality":"OK","raw":1285.6,"sigma":1.5,"state":"CALIBRATING","t":"2026-07-19T02:52:16.5134612Z","type":"sample"}
{"channel":"gsr","display":2597.7,"mu":0,"quality":"OK","raw":2597.7,"sigma":10,"state":"CALIBRATING","t":"2026-07-19T02:52:16.5261068Z","type":"sample"}
{"channel":"rr","display":10.116337885685383,"mu":0,"quality":"OK","raw":1279.2,"sigma":1.5,"state":"CALIBRATING","t":"2026-07-19T02:52:16.5569588Z","type":"sample"}
{"channel":"rr","display":10.116337885685383,"mu":0,"quality":"OK","raw":1272.9,"sigma":1.5,"state":"CALIBRATING","t":"2026-07-19T02:52:16.5969722Z","type":"sample"}
{"address":"/cue/bpm068/start","args":null,"channel":"system","dir":"out","t":"2026-07-19T02:52:16.6100634Z","type":"osc"}
{"address":"/cue/g1/start","args":null,"channel":"system","dir":"out","t":"2026-07-19T02:52:16.6110915Z","type":"osc"}
{"channel":"gsr","display":2595.7,"mu":0,"quality":"OK","raw":2595.7,"sigma":10,"state":"CALIBRATING","t":"2026-07-19T02:52:16.6259297Z","type":"sample"}
{"channel":"rr","display":10.116337885685383,"mu":0,"quality":"OK","raw":1266.2,"sigma":1.5,"state":"CALIBRATING","t":"2026-07-19T02:52:16.63687Z","type":"sample"}
{"channel":"rr","display":10.116337885685383,"mu":0,"quality":"OK","raw":1260.2,"sigma":1.5,"state":"CALIBRATING","t":"2026-07-19T02:52:16.672217Z","type":"sample"}
{"channel":"rr","display":10.116337885685383,"mu":0,"quality":"OK","raw":1251.8,"sigma":1.5,"state":"CALIBRATING","t":"2026-07-19T02:52:16.713588Z","type":"sample"}
{"channel":"gsr","display":2594,"mu":0,"quality":"OK","raw":2594,"sigma":10,"state":"CALIBRATING","t":"2026-07-19T02:52:16.7258117Z","type":"sample"}
{"channel":"hr","display":68,"mu":0,"quality":"OK","raw":68,"sigma":3,"state":"CALIBRATING","t":"2026-07-19T02:52:16.726315Z","type":"sample"}
{"channel":"rr","display":10.116337885685383,"mu":0,"quality":"OK","raw":1239.4,"sigma":1.5,"state":"CALIBRATING","t":"2026-07-19T02:52:16.7570525Z","type":"sample"}
{"channel":"rr","display":10.116337885685383,"mu":0,"quality":"OK","raw":1221.8,"sigma":1.5,"state":"CALIBRATING","t":"2026-07-19T02:52:16.7969567Z","type":"sample"}
{"channel":"gsr","display":2593.7,"mu":0,"quality":"OK","raw":2593.7,"sigma":10,"state":"CALIBRATING","t":"2026-07-19T02:52:16.8251179Z","type":"sample"}
{"channel":"rr","display":10.116337885685383,"mu":0,"quality":"OK","raw":1209.1,"sigma":1.5,"state":"CALIBRATING","t":"2026-07-19T02:52:16.8366554Z","type":"sample"}
{"channel":"rr","display":10.116337885685383,"mu":0,"quality":"OK","raw":1200.3,"sigma":1.5,"state":"CALIBRATING","t":"2026-07-19T02:52:16.872345Z","type":"sample"}
{"channel":"rr","display":10.116337885685383,"mu":0,"quality":"OK","raw":1195.7,"sigma":1.5,"state":"CALIBRATING","t":"2026-07-19T02:52:16.9167999Z","type":"sample"}
{"channel":"gsr","display":2589,"mu":0,"quality":"OK","raw":2589,"sigma":10,"state":"CALIBRATING","t":"2026-07-19T02:52:16.9251373Z","type":"sample"}
{"channel":"rr","display":10.116337885685383,"mu":0,"quality":"OK","raw":1192.8,"sigma":1.5,"state":"CALIBRATING","t":"2026-07-19T02:52:16.9570612Z","type":"sample"}
{"channel":"rr","display":10.116337885685383,"mu":0,"quality":"OK","raw":1188.9,"sigma":1.5,"state":"CALIBRATING","t":"2026-07-19T02:52:16.9971676Z","type":"sample"}
{"channel":"gsr","display":2586.1,"mu":0,"quality":"OK","raw":2586.1,"sigma":10,"state":"CALIBRATING","t":"2026-07-19T02:52:17.0255377Z","type":"sample"}
{"channel":"rr","display":10.116337885685383,"mu":0,"quality":"OK","raw":1187.6,"sigma":1.5,"state":"CALIBRATING","t":"2026-07-19T02:52:17.0364446Z","type":"sample"}
{"channel":"rr","display":10.116337885685383,"mu":0,"quality":"OK","raw":1185.7,"sigma":1.5,"state":"CALIBRATING","t":"2026-07-19T02:52:17.0770183Z","type":"sample"}
{"channel":"rr","display":10.116337885685383,"mu":0,"quality":"OK","raw":1187,"sigma":1.5,"state":"CALIBRATING","t":"2026-07-19T02:52:17.1144486Z","type":"sample"}
{"channel":"gsr","display":2588.3,"mu":0,"quality":"OK","raw":2588.3,"sigma":10,"state":"CALIBRATING","t":"2026-07-19T02:52:17.1260306Z","type":"sample"}
{"channel":"rr","display":10.116337885685383,"mu":0,"quality":"OK","raw":1186.8,"sigma":1.5,"state":"CALIBRATING","t":"2026-07-19T02:52:17.1569621Z","type":"sample"}
{"channel":"rr","display":10.116337885685383,"mu":0,"quality":"OK","raw":1187.1,"sigma":1.5,"state":"CALIBRATING","t":"2026-07-19T02:52:17.1969799Z","type":"sample"}
{"channel":"gsr","display":2583,"mu":0,"quality":"OK","raw":2583,"sigma":10,"state":"CALIBRATING","t":"2026-07-19T02:52:17.2255413Z","type":"sample"}
{"channel":"hr","display":68,"mu":0,"quality":"OK","raw":68,"sigma":3,"state":"CALIBRATING","t":"2026-07-19T02:52:17.2262585Z","type":"sample"}
{"channel":"rr","display":10.116337885685383,"mu":0,"quality":"OK","raw":1187.1,"sigma":1.5,"state":"CALIBRATING","t":"2026-07-19T02:52:17.2366564Z","type":"sample"}
{"channel":"rr","display":10.116337885685383,"mu":0,"quality":"OK","raw":1187.9,"sigma":1.5,"state":"CALIBRATING","t":"2026-07-19T02:52:17.2755598Z","type":"sample"}
{"address":"/cue/r19/start","args":null,"channel":"system","dir":"out","t":"2026-07-19T02:52:17.3140677Z","type":"osc"}
{"channel":"rr","display":10.116337885685383,"mu":0,"quality":"OK","raw":1185.6,"sigma":1.5,"state":"CALIBRATING","t":"2026-07-19T02:52:17.3169559Z","type":"sample"}
{"address":"/cue/p/start","args":null,"channel":"system","dir":"out","t":"2026-07-19T02:52:17.3198499Z","type":"osc"}
{"channel":"gsr","display":2583,"mu":0,"quality":"OK","raw":2583,"sigma":10,"state":"CALIBRATING","t":"2026-07-19T02:52:17.3258808Z","type":"sample"}
{"channel":"rr","display":10.116337885685383,"mu":0,"quality":"OK","raw":1187.6,"sigma":1.5,"state":"CALIBRATING","t":"2026-07-19T02:52:17.3566036Z","type":"sample"}
{"channel":"rr","display":10.116337885685383,"mu":0,"quality":"OK","raw":1185.6,"sigma":1.5,"state":"CALIBRATING","t":"2026-07-19T02:52:17.3969612Z","type":"sample"}
{"channel":"gsr","display":2583.9,"mu":0,"quality":"OK","raw":2583.9,"sigma":10,"state":"CALIBRATING","t":"2026-07-19T02:52:17.4259732Z","type":"sample"}
{"channel":"rr","display":10.116337885685383,"mu":0,"quality":"OK","raw":1188.2,"sigma":1.5,"state":"CALIBRATING","t":"2026-07-19T02:52:17.4370827Z","type":"sample"}
{"channel":"rr","display":10.116337885685383,"mu":0,"quality":"OK","raw":1185.9,"sigma":1.5,"state":"CALIBRATING","t":"2026-07-19T02:52:17.4770408Z","type":"sample"}
{"channel":"rr","display":10.116337885685383,"mu":0,"quality":"OK","raw":1187.9,"sigma":1.5,"state":"CALIBRATING","t":"2026-07-19T02:52:17.5169928Z","type":"sample"}
{"channel":"gsr","display":2578.6,"mu":0,"quality":"OK","raw":2578.6,"sigma":10,"state":"CALIBRATING","t":"2026-07-19T02:52:17.5242415Z","type":"sample"}
{"channel":"rr","display":10.116337885685383,"mu":0,"quality":"OK","raw":1188.6,"sigma":1.5,"state":"CALIBRATING","t":"2026-07-19T02:52:17.5565079Z","type":"sample"}
{"channel":"rr","display":10.116337885685383,"mu":0,"quality":"OK","raw":1185.8,"sigma":1.5,"state":"CALIBRATING","t":"2026-07-19T02:52:17.5970578Z","type":"sample"}
{"address":"/cue/bpm068/start","args":null,"channel":"system","dir":"out","t":"2026-07-19T02:52:17.6162343Z","type":"osc"}
{"address":"/cue/g1/start","args":null,"channel":"system","dir":"out","t":"2026-07-19T02:52:17.6172448Z","type":"osc"}
{"channel":"gsr","display":2576,"mu":0,"quality":"OK","raw":2576,"sigma":10,"state":"CALIBRATING","t":"2026-07-19T02:52:17.6257072Z","type":"sample"}
{"channel":"rr","display":10.116337885685383,"mu":0,"quality":"OK","raw":1187.4,"sigma":1.5,"state":"CALIBRATING","t":"2026-07-19T02:52:17.6369072Z","type":"sample"}
{"channel":"rr","display":10.116337885685383,"mu":0,"quality":"OK","raw":1188.5,"sigma":1.5,"state":"CALIBRATING","t":"2026-07-19T02:52:17.6721775Z","type":"sample"}
{"channel":"rr","display":10.116337885685383,"mu":0,"quality":"OK","raw":1187.4,"sigma":1.5,"state":"CALIBRATING","t":"2026-07-19T02:52:17.7168514Z","type":"sample"}
{"channel":"gsr","display":2576.6,"mu":0,"quality":"OK","raw":2576.6,"sigma":10,"state":"CALIBRATING","t":"2026-07-19T02:52:17.7260825Z","type":"sample"}
{"channel":"hr","display":69,"mu":0,"quality":"OK","raw":69,"sigma":3,"state":"CALIBRATING","t":"2026-07-19T02:52:17.7858523Z","type":"sample"}
{"channel":"rr","display":10.116337885685383,"mu":0,"quality":"OK","raw":1185.6,"sigma":1.5,"state":"CALIBRATING","t":"2026-07-19T02:52:17.7913516Z","type":"sample"}
{"channel":"gsr","display":2563,"mu":0,"quality":"OK","raw":2563,"sigma":10,"state":"CALIBRATING","t":"2026-07-19T02:52:17.8225929Z","type":"sample"}
{"channel":"rr","display":10.116337885685383,"mu":0,"quality":"OK","raw":1187.9,"sigma":1.5,"state":"CALIBRATING","t":"2026-07-19T02:52:17.8309173Z","type":"sample"}
{"channel":"rr","display":10.116337885685383,"mu":0,"quality":"OK","raw":1188.7,"sigma":1.5,"state":"CALIBRATING","t":"2026-07-19T02:52:17.870922Z","type":"sample"}
{"channel":"rr","display":10.116337885685383,"mu":0,"quality":"OK","raw":1187.2,"sigma":1.5,"state":"CALIBRATING","t":"2026-07-19T02:52:17.9055201Z","type":"sample"}
{"channel":"gsr","display":2567.1,"mu":0,"quality":"OK","raw":2567.1,"sigma":10,"state":"CALIBRATING","t":"2026-07-19T02:52:17.9258553Z","type":"sample"}
{"channel":"rr","display":10.116337885685383,"mu":0,"quality":"OK","raw":1187.2,"sigma":1.5,"state":"CALIBRATING","t":"2026-07-19T02:52:17.9456803Z","type":"sample"}
{"channel":"rr","display":10.116337885685383,"mu":0,"quality":"OK","raw":1191.4,"sigma":1.5,"state":"CALIBRATING","t":"2026-07-19T02:52:17.9887121Z","type":"sample"}
{"channel":"gsr","display":2567.8,"mu":0,"quality":"OK","raw":2567.8,"sigma":10,"state":"CALIBRATING","t":"2026-07-19T02:52:18.0251118Z","type":"sample"}
{"channel":"rr","display":10.116337885685383,"mu":0,"quality":"OK","raw":1195.8,"sigma":1.5,"state":"CALIBRATING","t":"2026-07-19T02:52:18.0309225Z","type":"sample"}
{"channel":"rr","display":10.116337885685383,"mu":0,"quality":"OK","raw":1199.3,"sigma":1.5,"state":"CALIBRATING","t":"2026-07-19T02:52:18.0710273Z","type":"sample"}
{"channel":"rr","display":10.116337885685383,"mu":0,"quality":"OK","raw":1205.6,"sigma":1.5,"state":"CALIBRATING","t":"2026-07-19T02:52:18.1095359Z","type":"sample"}
{"channel":"gsr","display":2568.9,"mu":0,"quality":"OK","raw":2568.9,"sigma":10,"state":"CALIBRATING","t":"2026-07-19T02:52:18.1257405Z","type":"sample"}
{"channel":"rr","display":10.116337885685383,"mu":0,"quality":"OK","raw":1221.9,"sigma":1.5,"state":"CALIBRATING","t":"2026-07-19T02:52:18.1509504Z","type":"sample"}
{"channel":"rr","display":10.116337885685383,"mu":0,"quality":"OK","raw":1238.4,"sigma":1.5,"state":"CALIBRATING","t":"2026-07-19T02:52:18.1905513Z","type":"sample"}
{"address":"/cue/p/start","args":null,"channel":"system","dir":"out","t":"2026-07-19T02:52:18.2023348Z","type":"osc"}
{"channel":"gsr","display":2567.5,"mu":0,"quality":"OK","raw":2567.5,"sigma":10,"state":"CALIBRATING","t":"2026-07-19T02:52:18.2259546Z","type":"sample"}
{"channel":"hr","display":69,"mu":0,"quality":"OK","raw":69,"sigma":3,"state":"CALIBRATING","t":"2026-07-19T02:52:18.2266941Z","type":"sample"}
{"channel":"rr","display":10.116337885685383,"mu":0,"quality":"OK","raw":1250.2,"sigma":1.5,"state":"CALIBRATING","t":"2026-07-19T02:52:18.231193Z","type":"sample"}
{"channel":"rr","display":10.116337885685383,"mu":0,"quality":"OK","raw":1267.1,"sigma":1.5,"state":"CALIBRATING","t":"2026-07-19T02:52:18.2705266Z","type":"sample"}
{"channel":"rr","display":10.116337885685383,"mu":0,"quality":"OK","raw":1285.6,"sigma":1.5,"state":"CALIBRATING","t":"2026-07-19T02:52:18.3109881Z","type":"sample"}
{"address":"/cue/r19/start","args":null,"channel":"system","dir":"out","t":"2026-07-19T02:52:18.3254012Z","type":"osc"}
{"channel":"gsr","display":2568.7,"mu":0,"quality":"OK","raw":2568.7,"sigma":10,"state":"CALIBRATING","t":"2026-07-19T02:52:18.3259248Z","type":"sample"}
{"channel":"rr","display":10.116337885685383,"mu":0,"quality":"OK","raw":1304.8,"sigma":1.5,"state":"CALIBRATING","t":"2026-07-19T02:52:18.3413881Z","type":"sample"}
{"channel":"rr","display":10.116337885685383,"mu":0,"quality":"OK","raw":1317.6,"sigma":1.5,"state":"CALIBRATING","t":"2026-07-19T02:52:18.3909263Z","type":"sample"}
{"channel":"gsr","display":2562.1,"mu":0,"quality":"OK","raw":2562.1,"sigma":10,"state":"CALIBRATING","t":"2026-07-19T02:52:18.4257159Z","type":"sample"}
{"channel":"rr","display":10.116337885685383,"mu":0,"quality":"OK","raw":1335.2,"sigma":1.5,"state":"CALIBRATING","t":"2026-07-19T02:52:18.4309101Z","type":"sample"}
{"channel":"rr","display":10.262023671067935,"mu":0,"quality":"OK","raw":1356.3,"sigma":1.5,"state":"CALIBRATING","t":"2026-07-19T02:52:18.4705837Z","type":"sample"}
{"channel":"rr","display":10.262023671067935,"mu":0,"quality":"OK","raw":1380.6,"sigma":1.5,"state":"CALIBRATING","t":"2026-07-19T02:52:18.5109906Z","type":"sample"}
{"channel":"gsr","display":2556.8,"mu":0,"quality":"OK","raw":2556.8,"sigma":10,"state":"CALIBRATING","t":"2026-07-19T02:52:18.5252419Z","type":"sample"}
{"channel":"rr","display":10.262023671067935,"mu":0,"quality":"OK","raw":1408.9,"sigma":1.5,"state":"CALIBRATING","t":"2026-07-19T02:52:18.5509295Z","type":"sample"}
{"channel":"rr","display":10.262023671067935,"mu":0,"quality":"OK","raw":1434.9,"sigma":1.5,"state":"CALIBRATING","t":"2026-07-19T02:52:18.5888823Z","type":"sample"}
{"channel":"gsr","display":2557.8,"mu":0,"quality":"OK","raw":2557.8,"sigma":10,"state":"CALIBRATING","t":"2026-07-19T02:52:18.622905Z","type":"sample"}
{"channel":"rr","display":10.262023671067935,"mu":0,"quality":"OK","raw":1450.4,"sigma":1.5,"state":"CALIBRATING","t":"2026-07-19T02:52:18.6308195Z","type":"sample"}
{"address":"/cue/bpm069/start","args":null,"channel":"system","dir":"out","t":"2026-07-19T02:52:18.6384679Z","type":"osc"}
{"address":"/cue/g1/start","args":null,"channel":"system","dir":"out","t":"2026-07-19T02:52:18.6395258Z","type":"osc"}
{"channel":"rr","display":10.262023671067935,"mu":0,"quality":"OK","raw":1474.4,"sigma":1.5,"state":"CALIBRATING","t":"2026-07-19T02:52:18.6709927Z","type":"sample"}
{"channel":"rr","display":10.262023671067935,"mu":0,"quality":"OK","raw":1495.2,"sigma":1.5,"state":"CALIBRATING","t":"2026-07-19T02:52:18.7106954Z","type":"sample"}
{"channel":"gsr","display":2554.4,"mu":0,"quality":"OK","raw":2554.4,"sigma":10,"state":"CALIBRATING","t":"2026-07-19T02:52:18.7257705Z","type":"sample"}
{"channel":"hr","display":69,"mu":0,"quality":"OK","raw":69,"sigma":3,"state":"CALIBRATING","t":"2026-07-19T02:52:18.7263027Z","type":"sample"}
{"channel":"rr","display":10.262023671067935,"mu":0,"quality":"OK","raw":1515.1,"sigma":1.5,"state":"CALIBRATING","t":"2026-07-19T02:52:18.7509022Z","type":"sample"}
{"channel":"rr","display":10.262023671067935,"mu":0,"quality":"OK","raw":1533.2,"sigma":1.5,"state":"CALIBRATING","t":"2026-07-19T02:52:18.7909613Z","type":"sample"}
{"channel":"gsr","display":2553.4,"mu":0,"quality":"OK","raw":2553.4,"sigma":10,"state":"CALIBRATING","t":"2026-07-19T02:52:18.8220109Z","type":"sample"}
{"channel":"rr","display":10.262023671067935,"mu":0,"quality":"OK","raw":1559,"sigma":1.5,"state":"CALIBRATING","t":"2026-07-19T02:52:18.8308666Z","type":"sample"}
{"channel":"rr","display":10.262023671067935,"mu":0,"quality":"OK","raw":1573.8,"sigma":1.5,"state":"CALIBRATING","t":"2026-07-19T02:52:18.870965Z","type":"sample"}
{"channel":"rr","display":10.262023671067935,"mu":0,"quality":"OK","raw":1593.9,"sigma":1.5,"state":"CALIBRATING","t":"2026-07-19T02:52:18.911001Z","type":"sample"}
{"channel":"gsr","display":2553.1,"mu":0,"quality":"OK","raw":2553.1,"sigma":10,"state":"CALIBRATING","t":"2026-07-19T02:52:18.9258944Z","type":"sample"}
{"channel":"rr","display":10.262023671067935,"mu":0,"quality":"OK","raw":1611.7,"sigma":1.5,"state":"CALIBRATING","t":"2026-07-19T02:52:18.9435133Z","type":"sample"}
{"channel":"rr","display":10.262023671067935,"mu":0,"quality":"OK","raw":1621.6,"sigma":1.5,"state":"CALIBRATING","t":"2026-07-19T02:52:18.9909259Z","type":"sample"}
{"channel":"gsr","display":2551.5,"mu":0,"quality":"OK","raw":2551.5,"sigma":10,"state":"CALIBRATING","t":"2026-07-19T02:52:19.0228681Z","type":"sample"}
{"channel":"rr","display":10.262023671067935,"mu":0,"quality":"OK","raw":1629.9,"sigma":1.5,"state":"CALIBRATING","t":"2026-07-19T02:52:19.0309081Z","type":"sample"}
{"channel":"rr","display":10.262023671067935,"mu":0,"quality":"OK","raw":1637.2,"sigma":1.5,"state":"CALIBRATING","t":"2026-07-19T02:52:19.0711276Z","type":"sample"}
{"address":"/cue/p/start","args":null,"channel":"system","dir":"out","t":"2026-07-19T02:52:19.0742709Z","type":"osc"}
{"channel":"rr","display":10.262023671067935,"mu":0,"quality":"OK","raw":1645.3,"sigma":1.5,"state":"CALIBRATING","t":"2026-07-19T02:52:19.1109918Z","type":"sample"}
{"channel":"gsr","display":2552.6,"mu":0,"quality":"OK","raw":2552.6,"sigma":10,"state":"CALIBRATING","t":"2026-07-19T02:52:19.1251004Z","type":"sample"}
{"channel":"rr","display":10.262023671067935,"mu":0,"quality":"OK","raw":1652.5,"sigma":1.5,"state":"CALIBRATING","t":"2026-07-19T02:52:19.146208Z","type":"sample"}
{"channel":"rr","display":10.262023671067935,"mu":0,"quality":"OK","raw":1660.4,"sigma":1.5,"state":"CALIBRATING","t":"2026-07-19T02:52:19.1909232Z","type":"sample"}
{"channel":"gsr","display":2545.2,"mu":0,"quality":"OK","raw":2545.2,"sigma":10,"state":"CALIBRATING","t":"2026-07-19T02:52:19.2221998Z","type":"sample"}
{"channel":"hr","display":69,"mu":0,"quality":"OK","raw":69,"sigma":3,"state":"CALIBRATING","t":"2026-07-19T02:52:19.226566Z","type":"sample"}
{"channel":"rr","display":10.262023671067935,"mu":0,"quality":"OK","raw":1663.9,"sigma":1.5,"state":"CALIBRATING","t":"2026-07-19T02:52:19.2314837Z","type":"sample"}
{"channel":"rr","display":10.262023671067935,"mu":0,"quality":"OK","raw":1667.4,"sigma":1.5,"state":"CALIBRATING","t":"2026-07-19T02:52:19.2709055Z","type":"sample"}
{"channel":"rr","display":10.262023671067935,"mu":0,"quality":"OK","raw":1665.2,"sigma":1.5,"state":"CALIBRATING","t":"2026-07-19T02:52:19.3109927Z","type":"sample"}
{"channel":"gsr","display":2547,"mu":0,"quality":"OK","raw":2547,"sigma":10,"state":"CALIBRATING","t":"2026-07-19T02:52:19.3261333Z","type":"sample"}
{"address":"/cue/r19/start","args":null,"channel":"system","dir":"out","t":"2026-07-19T02:52:19.3479132Z","type":"osc"}
{"channel":"rr","display":10.262023671067935,"mu":0,"quality":"OK","raw":1666.7,"sigma":1.5,"state":"CALIBRATING","t":"2026-07-19T02:52:19.3505123Z","type":"sample"}
{"channel":"rr","display":10.262023671067935,"mu":0,"quality":"OK","raw":1665.5,"sigma":1.5,"state":"CALIBRATING","t":"2026-07-19T02:52:19.388902Z","type":"sample"}
{"channel":"gsr","display":2549.2,"mu":0,"quality":"OK","raw":2549.2,"sigma":10,"state":"CALIBRATING","t":"2026-07-19T02:52:19.4221618Z","type":"sample"}
{"channel":"rr","display":10.262023671067935,"mu":0,"quality":"OK","raw":1665.2,"sigma":1.5,"state":"CALIBRATING","t":"2026-07-19T02:52:19.4308561Z","type":"sample"}
{"channel":"rr","display":10.262023671067935,"mu":0,"quality":"OK","raw":1664,"sigma":1.5,"state":"CALIBRATING","t":"2026-07-19T02:52:19.4709662Z","type":"sample"}
{"channel":"rr","display":10.262023671067935,"mu":0,"quality":"OK","raw":1665.8,"sigma":1.5,"state":"CALIBRATING","t":"2026-07-19T02:52:19.5057232Z","type":"sample"}
{"channel":"gsr","display":2550.8,"mu":0,"quality":"OK","raw":2550.8,"sigma":10,"state":"CALIBRATING","t":"2026-07-19T02:52:19.5236413Z","type":"sample"}
{"channel":"rr","display":10.262023671067935,"mu":0,"quality":"OK","raw":1664.8,"sigma":1.5,"state":"CALIBRATING","t":"2026-07-19T02:52:19.5509474Z","type":"sample"}
{"channel":"rr","display":10.262023671067935,"mu":0,"quality":"OK","raw":1665.3,"sigma":1.5,"state":"CALIBRATING","t":"2026-07-19T02:52:19.5887457Z","type":"sample"}
{"channel":"gsr","display":2548.6,"mu":0,"quality":"OK","raw":2548.6,"sigma":10,"state":"CALIBRATING","t":"2026-07-19T02:52:19.6221375Z","type":"sample"}
{"channel":"rr","display":10.262023671067935,"mu":0,"quality":"OK","raw":1663.6,"sigma":1.5,"state":"CALIBRATING","t":"2026-07-19T02:52:19.6310151Z","type":"sample"}
{"address":"/cue/bpm069/start","args":null,"channel":"system","dir":"out","t":"2026-07-19T02:52:19.6498793Z","type":"osc"}
{"address":"/cue/g1/start","args":null,"channel":"system","dir":"out","t":"2026-07-19T02:52:19.6509545Z","type":"osc"}
{"channel":"rr","display":10.262023671067935,"mu":0,"quality":"OK","raw":1661,"sigma":1.5,"state":"CALIBRATING","t":"2026-07-19T02:52:19.670957Z","type":"sample"}
{"channel":"rr","display":10.262023671067935,"mu":0,"quality":"OK","raw":1661.2,"sigma":1.5,"state":"CALIBRATING","t":"2026-07-19T02:52:19.7055542Z","type":"sample"}
{"channel":"gsr","display":2550.6,"mu":0,"quality":"OK","raw":2550.6,"sigma":10,"state":"CALIBRATING","t":"2026-07-19T02:52:19.7257125Z","type":"sample"}
{"channel":"hr","display":69,"mu":0,"quality":"OK","raw":69,"sigma":3,"state":"CALIBRATING","t":"2026-07-19T02:52:19.7267621Z","type":"sample"}
{"channel":"rr","display":10.262023671067935,"mu":0,"quality":"OK","raw":1660.3,"sigma":1.5,"state":"CALIBRATING","t":"2026-07-19T02:52:19.744716Z","type":"sample"}
{"channel":"rr","display":10.262023671067935,"mu":0,"quality":"OK","raw":1660.8,"sigma":1.5,"state":"CALIBRATING","t":"2026-07-19T02:52:19.7886974Z","type":"sample"}
{"channel":"gsr","display":2549.7,"mu":0,"quality":"OK","raw":2549.7,"sigma":10,"state":"CALIBRATING","t":"2026-07-19T02:52:19.8261084Z","type":"sample"}
{"channel":"rr","display":10.262023671067935,"mu":0,"quality":"OK","raw":1659.2,"sigma":1.5,"state":"CALIBRATING","t":"2026-07-19T02:52:19.8308288Z","type":"sample"}
{"channel":"rr","display":10.262023671067935,"mu":0,"quality":"OK","raw":1660.2,"sigma":1.5,"state":"CALIBRATING","t":"2026-07-19T02:52:19.8710663Z","type":"sample"}
{"channel":"rr","display":10.262023671067935,"mu":0,"quality":"OK","raw":1657.5,"sigma":1.5,"state":"CALIBRATING","t":"2026-07-19T02:52:19.9109177Z","type":"sample"}
{"channel":"gsr","display":2550.4,"mu":0,"quality":"OK","raw":2550.4,"sigma":10,"state":"CALIBRATING","t":"2026-07-19T02:52:19.9253661Z","type":"sample"}
{"address":"/cue/p/start","args":null,"channel":"system","dir":"out","t":"2026-07-19T02:52:19.9426242Z","type":"osc"}
{"channel":"rr","display":10.262023671067935,"mu":0,"quality":"OK","raw":1655,"sigma":1.5,"state":"CALIBRATING","t":"2026-07-19T02:52:19.948396Z","type":"sample"}
{"channel":"rr","display":10.262023671067935,"mu":0,"quality":"OK","raw":1648.2,"sigma":1.5,"state":"CALIBRATING","t":"2026-07-19T02:52:19.9907664Z","type":"sample"}
{"channel":"gsr","display":2551.2,"mu":0,"quality":"OK","raw":2551.2,"sigma":10,"state":"CALIBRATING","t":"2026-07-19T02:52:20.0261904Z","type":"sample"}
{"channel":"rr","display":10.262023671067935,"mu":0,"quality":"OK","raw":1640.9,"sigma":1.5,"state":"CALIBRATING","t":"2026-07-19T02:52:20.0309017Z","type":"sample"}
{"channel":"rr","display":10.262023671067935,"mu":0,"quality":"OK","raw":1635.3,"sigma":1.5,"state":"CALIBRATING","t":"2026-07-19T02:52:20.0706802Z","type":"sample"}
{"channel":"rr","display":10.262023671067935,"mu":0,"quality":"OK","raw":1628.8,"sigma":1.5,"state":"CALIBRATING","t":"2026-07-19T02:52:20.1109958Z","type":"sample"}
{"channel":"gsr","display":2549.7,"mu":0,"quality":"OK","raw":2549.7,"sigma":10,"state":"CALIBRATING","t":"2026-07-19T02:52:20.1260933Z","type":"sample"}
{"channel":"rr","display":10.262023671067935,"mu":0,"quality":"OK","raw":1613.1,"sigma":1.5,"state":"CALIBRATING","t":"2026-07-19T02:52:20.1441324Z","type":"sample"}
{"channel":"rr","display":10.262023671067935,"mu":0,"quality":"OK","raw":1591.3,"sigma":1.5,"state":"CALIBRATING","t":"2026-07-19T02:52:20.1908989Z","type":"sample"}
{"channel":"gsr","display":2554,"mu":0,"quality":"OK","raw":2554,"sigma":10,"state":"CALIBRATING","t":"2026-07-19T02:52:20.2261665Z","type":"sample"}
{"channel":"hr","display":69,"mu":0,"quality":"OK","raw":69,"sigma":3,"state":"CALIBRATING","t":"2026-07-19T02:52:20.2266701Z","type":"sample"}
{"channel":"rr","display":10.262023671067935,"mu":0,"quality":"OK","raw":1567.6,"sigma":1.5,"state":"CALIBRATING","t":"2026-07-19T02:52:20.2313501Z","type":"sample"}
{"channel":"rr","display":10.262023671067935,"mu":0,"quality":"OK","raw":1548.2,"sigma":1.5,"state":"CALIBRATING","t":"2026-07-19T02:52:20.2700849Z","type":"sample"}
{"channel":"rr","display":10.262023671067935,"mu":0,"quality":"OK","raw":1518.2,"sigma":1.5,"state":"CALIBRATING","t":"2026-07-19T02:52:20.3108559Z","type":"sample"}
{"channel":"gsr","display":2557.4,"mu":0,"quality":"OK","raw":2557.4,"sigma":10,"state":"CALIBRATING","t":"2026-07-19T02:52:20.3251778Z","type":"sample"}
{"channel":"rr","display":10.262023671067935,"mu":0,"quality":"OK","raw":1494.4,"sigma":1.5,"state":"CALIBRATING","t":"2026-07-19T02:52:20.3509726Z","type":"sample"}
{"address":"/cue/r19/start","args":null,"channel":"system","dir":"out","t":"2026-07-19T02:52:20.3615575Z","type":"osc"}
{"channel":"rr","display":10.262023671067935,"mu":0,"quality":"OK","raw":1470.2,"sigma":1.5,"state":"CALIBRATING","t":"2026-07-19T02:52:20.3909148Z","type":"sample"}
{"channel":"gsr","display":2556.8,"mu":0,"quality":"OK","raw":2556.8,"sigma":10,"state":"CALIBRATING","t":"2026-07-19T02:52:20.4226937Z","type":"sample"}
{"channel":"rr","display":10.262023671067935,"mu":0,"quality":"OK","raw":1452.9,"sigma":1.5,"state":"CALIBRATING","t":"2026-07-19T02:52:20.43098Z","type":"sample"}
{"channel":"rr","display":10.262023671067935,"mu":0,"quality":"OK","raw":1438.9,"sigma":1.5,"state":"CALIBRATING","t":"2026-07-19T02:52:20.4697318Z","type":"sample"}
{"channel":"rr","display":10.262023671067935,"mu":0,"quality":"OK","raw":1428.4,"sigma":1.5,"state":"CALIBRATING","t":"2026-07-19T02:52:20.5107827Z","type":"sample"}
{"channel":"gsr","display":2557.6,"mu":0,"quality":"OK","raw":2557.6,"sigma":10,"state":"CALIBRATING","t":"2026-07-19T02:52:20.525953Z","type":"sample"}
{"channel":"rr","display":10.262023671067935,"mu":0,"quality":"OK","raw":1415.9,"sigma":1.5,"state":"CALIBRATING","t":"2026-07-19T02:52:20.5455492Z","type":"sample"}
{"channel":"rr","display":10.262023671067935,"mu":0,"quality":"OK","raw":1405.2,"sigma":1.5,"state":"CALIBRATING","t":"2026-07-19T02:52:20.59099Z","type":"sample"}
{"channel":"gsr","display":2549.8,"mu":0,"quality":"OK","raw":2549.8,"sigma":10,"state":"CALIBRATING","t":"2026-07-19T02:52:20.6222321Z","type":"sample"}
{"channel":"rr","display":10.262023671067935,"mu":0,"quality":"OK","raw":1401.6,"sigma":1.5,"state":"CALIBRATING","t":"2026-07-19T02:52:20.6303513Z","type":"sample"}
{"address":"/cue/bpm069/start","args":null,"channel":"system","dir":"out","t":"2026-07-19T02:52:20.6669951Z","type":"osc"}
{"address":"/cue/g1/start","args":null,"channel":"system","dir":"out","t":"2026-07-19T02:52:20.6690859Z","type":"osc"}
{"channel":"rr","display":10.262023671067935,"mu":0,"quality":"OK","raw":1395.9,"sigma":1.5,"state":"CALIBRATING","t":"2026-07-19T02:52:20.6708196Z","type":"sample"}
{"channel":"rr","display":10.262023671067935,"mu":0,"quality":"OK","raw":1392.1,"sigma":1.5,"state":"CALIBRATING","t":"2026-07-19T02:52:20.7109527Z","type":"sample"}
{"channel":"gsr","display":2545.8,"mu":0,"quality":"OK","raw":2545.8,"sigma":10,"state":"CALIBRATING","t":"2026-07-19T02:52:20.7259536Z","type":"sample"}
{"channel":"hr","display":69,"mu":0,"quality":"OK","raw":69,"sigma":3,"state":"CALIBRATING","t":"2026-07-19T02:52:20.726615Z","type":"sample"}
{"channel":"rr","display":10.262023671067935,"mu":0,"quality":"OK","raw":1387.2,"sigma":1.5,"state":"CALIBRATING","t":"2026-07-19T02:52:20.7509758Z","type":"sample"}
{"channel":"rr","display":10.262023671067935,"mu":0,"quality":"OK","raw":1386.1,"sigma":1.5,"state":"CALIBRATING","t":"2026-07-19T02:52:20.7909144Z","type":"sample"}
{"address":"/cue/p/start","args":null,"channel":"system","dir":"out","t":"2026-07-19T02:52:20.8130268Z","type":"osc"}
{"channel":"gsr","display":2541.1,"mu":0,"quality":"OK","raw":2541.1,"sigma":10,"state":"CALIBRATING","t":"2026-07-19T02:52:20.822741Z","type":"sample"}
{"channel":"rr","display":10.262023671067935,"mu":0,"quality":"OK","raw":1383.9,"sigma":1.5,"state":"CALIBRATING","t":"2026-07-19T02:52:20.8306967Z","type":"sample"}
{"channel":"rr","display":10.262023671067935,"mu":0,"quality":"OK","raw":1383.4,"sigma":1.5,"state":"CALIBRATING","t":"2026-07-19T02:52:20.8708967Z","type":"sample"}
{"channel":"rr","display":10.262023671067935,"mu":0,"quality":"OK","raw":1381.6,"sigma":1.5,"state":"CALIBRATING","t":"2026-07-19T02:52:20.9103604Z","type":"sample"}
{"channel":"gsr","display":2542.7,"mu":0,"quality":"OK","raw":2542.7,"sigma":10,"state":"CALIBRATING","t":"2026-07-19T02:52:20.9259491Z","type":"sample"}
{"channel":"rr","display":10.262023671067935,"mu":0,"quality":"OK","raw":1378,"sigma":1.5,"state":"CALIBRATING","t":"2026-07-19T02:52:20.9509498Z","type":"sample"}
{"channel":"rr","display":10.262023671067935,"mu":0,"quality":"OK","raw":1376.5,"sigma":1.5,"state":"CALIBRATING","t":"2026-07-19T02:52:20.9909854Z","type":"sample"}
{"channel":"gsr","display":2535.8,"mu":0,"quality":"OK","raw":2535.8,"sigma":10,"state":"CALIBRATING","t":"2026-07-19T02:52:21.0224107Z","type":"sample"}
{"channel":"rr","display":10.262023671067935,"mu":0,"quality":"OK","raw":1370.9,"sigma":1.5,"state":"CALIBRATING","t":"2026-07-19T02:52:21.03028Z","type":"sample"}
{"channel":"rr","display":10.262023671067935,"mu":0,"quality":"OK","raw":1364.9,"sigma":1.5,"state":"CALIBRATING","t":"2026-07-19T02:52:21.0706911Z","type":"sample"}
{"channel":"rr","display":10.262023671067935,"mu":0,"quality":"OK","raw":1354.3,"sigma":1.5,"state":"CALIBRATING","t":"2026-07-19T02:52:21.1056968Z","type":"sample"}
{"channel":"gsr","display":2531.7,"mu":0,"quality":"OK","raw":2531.7,"sigma":10,"state":"CALIBRATING","t":"2026-07-19T02:52:21.1259261Z","type":"sample"}
{"channel":"rr","display":10.262023671067935,"mu":0,"quality":"OK","raw":1345.9,"sigma":1.5,"state":"CALIBRATING","t":"2026-07-19T02:52:21.1502737Z","type":"sample"}
{"channel":"rr","display":10.262023671067935,"mu":0,"quality":"OK","raw":1338.7,"sigma":1.5,"state":"CALIBRATING","t":"2026-07-19T02:52:21.1909007Z","type":"sample"}
{"channel":"gsr","display":2529.7,"mu":0,"quality":"OK","raw":2529.7,"sigma":10,"state":"CALIBRATING","t":"2026-07-19T02:52:21.2237589Z","type":"sample"}
{"channel":"hr","display":69,"mu":0,"quality":"OK","raw":69,"sigma":3,"state":"CALIBRATING","t":"2026-07-19T02:52:21.226205Z","type":"sample"}
{"channel":"rr","display":10.262023671067935,"mu":0,"quality":"OK","raw":1329.3,"sigma":1.5,"state":"CALIBRATING","t":"2026-07-19T02:52:21.2311944Z","type":"sample"}
{"channel":"rr","display":10.262023671067935,"mu":0,"quality":"OK","raw":1319.6,"sigma":1.5,"state":"CALIBRATING","t":"2026-07-19T02:52:21.2706491Z","type":"sample"}
{"channel":"rr","display":10.262023671067935,"mu":0,"quality":"OK","raw":1307.8,"sigma":1.5,"state":"CALIBRATING","t":"2026-07-19T02:52:21.305616Z","type":"sample"}
{"channel":"gsr","display":2524,"mu":0,"quality":"OK","raw":2524,"sigma":10,"state":"CALIBRATING","t":"2026-07-19T02:52:21.3254769Z","type":"sample"}
{"channel":"rr","display":10.262023671067935,"mu":0,"quality":"OK","raw":1296.2,"sigma":1.5,"state":"CALIBRATING","t":"2026-07-19T02:52:21.3509773Z","type":"sample"}
{"address":"/cue/r19/start","args":null,"channel":"system","dir":"out","t":"2026-07-19T02:52:21.3779141Z","type":"osc"}
{"channel":"rr","display":10.262023671067935,"mu":0,"quality":"OK","raw":1287.2,"sigma":1.5,"state":"CALIBRATING","t":"2026-07-19T02:52:21.3910145Z","type":"sample"}
{"channel":"gsr","display":2524.8,"mu":0,"quality":"OK","raw":2524.8,"sigma":10,"state":"CALIBRATING","t":"2026-07-19T02:52:21.4222494Z","type":"sample"}
{"channel":"rr","display":10.262023671067935,"mu":0,"quality":"OK","raw":1274.2,"sigma":1.5,"state":"CALIBRATING","t":"2026-07-19T02:52:21.4310084Z","type":"sample"}
{"channel":"rr","display":10.262023671067935,"mu":0,"quality":"OK","raw":1269.1,"sigma":1.5,"state":"CALIBRATING","t":"2026-07-19T02:52:21.4709276Z","type":"sample"}
{"channel":"rr","display":10.262023671067935,"mu":0,"quality":"OK","raw":1262.6,"sigma":1.5,"state":"CALIBRATING","t":"2026-07-19T02:52:21.5102644Z","type":"sample"}
{"channel":"gsr","display":2519,"mu":0,"quality":"OK","raw":2519,"sigma":10,"state":"CALIBRATING","t":"2026-07-19T02:52:21.5260391Z","type":"sample"}
{"channel":"rr","display":10.262023671067935,"mu":0,"quality":"OK","raw":1256.8,"sigma":1.5,"state":"CALIBRATING","t":"2026-07-19T02:52:21.5509298Z","type":"sample"}
{"channel":"rr","display":10.262023671067935,"mu":0,"quality":"OK","raw":1253.4,"sigma":1.5,"state":"CALIBRATING","t":"2026-07-19T02:52:21.5895364Z","type":"sample"}
{"channel":"gsr","display":2520,"mu":0,"quality":"OK","raw":2520,"sigma":10,"state":"CALIBRATING","t":"2026-07-19T02:52:21.6261278Z","type":"sample"}
{"channel":"rr","display":10.262023671067935,"mu":0,"quality":"OK","raw":1247.1,"sigma":1.5,"state":"CALIBRATING","t":"2026-07-19T02:52:21.6308755Z","type":"sample"}
{"channel":"rr","display":10.262023671067935,"mu":0,"quality":"OK","raw":1241.4,"sigma":1.5,"state":"CALIBRATING","t":"2026-07-19T02:52:21.6709172Z","type":"sample"}
{"address":"/cue/bpm069/start","args":null,"channel":"system","dir":"out","t":"2026-07-19T02:52:21.6807238Z","type":"osc"}
{"address":"/cue/p/start","args":null,"channel":"system","dir":"out","t":"2026-07-19T02:52:21.6807238Z","type":"osc"}
{"address":"/cue/g1/start","args":null,"channel":"system","dir":"out","t":"2026-07-19T02:52:21.6812671Z","type":"osc"}
{"channel":"rr","display":10.262023671067935,"mu":0,"quality":"OK","raw":1236.2,"sigma":1.5,"state":"CALIBRATING","t":"2026-07-19T02:52:21.7109993Z","type":"sample"}
{"channel":"gsr","display":2515.9,"mu":0,"quality":"OK","raw":2515.9,"sigma":10,"state":"CALIBRATING","t":"2026-07-19T02:52:21.7260089Z","type":"sample"}
{"channel":"hr","display":69,"mu":0,"quality":"OK","raw":69,"sigma":3,"state":"CALIBRATING","t":"2026-07-19T02:52:21.7266678Z","type":"sample"}
{"channel":"rr","display":10.262023671067935,"mu":0,"quality":"OK","raw":1232.2,"sigma":1.5,"state":"CALIBRATING","t":"2026-07-19T02:52:21.748863Z","type":"sample"}
{"channel":"rr","display":10.262023671067935,"mu":0,"quality":"OK","raw":1231.6,"sigma":1.5,"state":"CALIBRATING","t":"2026-07-19T02:52:21.7908446Z","type":"sample"}
{"channel":"gsr","display":2516.2,"mu":0,"quality":"OK","raw":2516.2,"sigma":10,"state":"CALIBRATING","t":"2026-07-19T02:52:21.8260831Z","type":"sample"}
{"channel":"rr","display":10.262023671067935,"mu":0,"quality":"OK","raw":1230.1,"sigma":1.5,"state":"CALIBRATING","t":"2026-07-19T02:52:21.8308106Z","type":"sample"}
{"channel":"rr","display":10.262023671067935,"mu":0,"quality":"OK","raw":1228.4,"sigma":1.5,"state":"CALIBRATING","t":"2026-07-19T02:52:21.8709243Z","type":"sample"}
{"channel":"rr","display":10.262023671067935,"mu":0,"quality":"OK","raw":1227.4,"sigma":1.5,"state":"CALIBRATING","t":"2026-07-19T02:52:21.9107453Z","type":"sample"}
{"channel":"gsr","display":2517.6,"mu":0,"quality":"OK","raw":2517.6,"sigma":10,"state":"CALIBRATING","t":"2026-07-19T02:52:21.92595Z","type":"sample"}
{"channel":"rr","display":10.262023671067935,"mu":0,"quality":"OK","raw":1223.9,"sigma":1.5,"state":"CALIBRATING","t":"2026-07-19T02:52:21.950263Z","type":"sample"}
{"channel":"rr","display":10.262023671067935,"mu":0,"quality":"OK","raw":1223.1,"sigma":1.5,"state":"CALIBRATING","t":"2026-07-19T02:52:21.9893847Z","type":"sample"}
{"channel":"gsr","display":2512,"mu":0,"quality":"OK","raw":2512,"sigma":10,"state":"CALIBRATING","t":"2026-07-19T02:52:22.0261317Z","type":"sample"}
{"channel":"rr","display":10.262023671067935,"mu":0,"quality":"OK","raw":1220.7,"sigma":1.5,"state":"CALIBRATING","t":"2026-07-19T02:52:22.0307804Z","type":"sample"}
{"channel":"rr","display":10.262023671067935,"mu":0,"quality":"OK","raw":1217.2,"sigma":1.5,"state":"CALIBRATING","t":"2026-07-19T02:52:22.0710092Z","type":"sample"}
{"channel":"rr","display":10.262023671067935,"mu":0,"quality":"OK","raw":1215.4,"sigma":1.5,"state":"CALIBRATING","t":"2026-07-19T02:52:22.110955Z","type":"sample"}
{"channel":"gsr","display":2515.3,"mu":0,"quality":"OK","raw":2515.3,"sigma":10,"state":"CALIBRATING","t":"2026-07-19T02:52:22.1259158Z","type":"sample"}
{"channel":"rr","display":10.262023671067935,"mu":0,"quality":"OK","raw":1212,"sigma":1.5,"state":"CALIBRATING","t":"2026-07-19T02:52:22.1456811Z","type":"sample"}
{"channel":"rr","display":10.262023671067935,"mu":0,"quality":"OK","raw":1211.9,"sigma":1.5,"state":"CALIBRATING","t":"2026-07-19T02:52:22.1896665Z","type":"sample"}
{"channel":"gsr","display":2513.9,"mu":0,"quality":"OK","raw":2513.9,"sigma":10,"state":"CALIBRATING","t":"2026-07-19T02:52:22.223937Z","type":"sample"}
{"channel":"hr","display":68,"mu":0,"quality":"OK","raw":68,"sigma":3,"state":"CALIBRATING","t":"2026-07-19T02:52:22.2610094Z","type":"sample"}
{"channel":"rr","display":10.262023671067935,"mu":0,"quality":"OK","raw":1209.5,"sigma":1.5,"state":"CALIBRATING","t":"2026-07-19T02:52:22.265774Z","type":"sample"}
{"channel":"rr","display":10.262023671067935,"mu":0,"quality":"OK","raw":1210.8,"sigma":1.5,"state":"CALIBRATING","t":"2026-07-19T02:52:22.3042233Z","type":"sample"}
{"channel":"gsr","display":2508.6,"mu":0,"quality":"OK","raw":2508.6,"sigma":10,"state":"CALIBRATING","t":"2026-07-19T02:52:22.3259117Z","type":"sample"}
{"channel":"rr","display":10.262023671067935,"mu":0,"quality":"OK","raw":1209.1,"sigma":1.5,"state":"CALIBRATING","t":"2026-07-19T02:52:22.3423746Z","type":"sample"}
{"channel":"rr","display":10.262023671067935,"mu":0,"quality":"OK","raw":1208,"sigma":1.5,"state":"CALIBRATING","t":"2026-07-19T02:52:22.3846938Z","type":"sample"}
{"address":"/cue/r19/start","args":null,"channel":"system","dir":"out","t":"2026-07-19T02:52:22.3846938Z","type":"osc"}
{"channel":"gsr","display":2517.8,"mu":0,"quality":"OK","raw":2517.8,"sigma":10,"state":"CALIBRATING","t":"2026-07-19T02:52:22.4229039Z","type":"sample"}
{"channel":"rr","display":10.262023671067935,"mu":0,"quality":"OK","raw":1207.8,"sigma":1.5,"state":"CALIBRATING","t":"2026-07-19T02:52:22.4307414Z","type":"sample"}
{"channel":"rr","display":10.262023671067935,"mu":0,"quality":"OK","raw":1207.4,"sigma":1.5,"state":"CALIBRATING","t":"2026-07-19T02:52:22.4704949Z","type":"sample"}
{"channel":"rr","display":10.262023671067935,"mu":0,"quality":"OK","raw":1207.9,"sigma":1.5,"state":"CALIBRATING","t":"2026-07-19T02:52:22.5052003Z","type":"sample"}
{"channel":"gsr","display":2518.5,"mu":0,"quality":"OK","raw":2518.5,"sigma":10,"state":"CALIBRATING","t":"2026-07-19T02:52:22.5261296Z","type":"sample"}
{"address":"/cue/p/start","args":null,"channel":"system","dir":"out","t":"2026-07-19T02:52:22.5496365Z","type":"osc"}
{"channel":"rr","display":10.262023671067935,"mu":0,"quality":"OK","raw":1208.8,"sigma":1.5,"state":"CALIBRATING","t":"2026-07-19T02:52:22.5510539Z","type":"sample"}
{"channel":"rr","display":10.262023671067935,"mu":0,"quality":"OK","raw":1207.9,"sigma":1.5,"state":"CALIBRATING","t":"2026-07-19T02:52:22.5891113Z","type":"sample"}
{"channel":"gsr","display":2517.2,"mu":0,"quality":"OK","raw":2517.2,"sigma":10,"state":"CALIBRATING","t":"2026-07-19T02:52:22.6223543Z","type":"sample"}
{"channel":"rr","display":10.262023671067935,"mu":0,"quality":"OK","raw":1207.8,"sigma":1.5,"state":"CALIBRATING","t":"2026-07-19T02:52:22.6307647Z","type":"sample"}
{"channel":"rr","display":10.262023671067935,"mu":0,"quality":"OK","raw":1207.7,"sigma":1.5,"state":"CALIBRATING","t":"2026-07-19T02:52:22.6709308Z","type":"sample"}
{"address":"/cue/bpm068/start","args":null,"channel":"system","dir":"out","t":"2026-07-19T02:52:22.6870224Z","type":"osc"}
{"address":"/cue/g1/start","args":null,"channel":"system","dir":"out","t":"2026-07-19T02:52:22.689255Z","type":"osc"}
{"channel":"rr","display":10.262023671067935,"mu":0,"quality":"OK","raw":1207.1,"sigma":1.5,"state":"CALIBRATING","t":"2026-07-19T02:52:22.710883Z","type":"sample"}
{"channel":"gsr","display":2518,"mu":0,"quality":"OK","raw":2518,"sigma":10,"state":"CALIBRATING","t":"2026-07-19T02:52:22.7259552Z","type":"sample"}
{"channel":"hr","display":68,"mu":0,"quality":"OK","raw":68,"sigma":3,"state":"CALIBRATING","t":"2026-07-19T02:52:22.7265904Z","type":"sample"}
{"channel":"rr","display":10.262023671067935,"mu":0,"quality":"OK","raw":1206.9,"sigma":1.5,"state":"CALIBRATING","t":"2026-07-19T02:52:22.7475499Z","type":"sample"}
{"channel":"rr","display":10.262023671067935,"mu":0,"quality":"OK","raw":1207.4,"sigma":1.5,"state":"CALIBRATING","t":"2026-07-19T02:52:22.7907895Z","type":"sample"}
{"channel":"gsr","display":2520.7,"mu":0,"quality":"OK","raw":2520.7,"sigma":10,"state":"CALIBRATING","t":"2026-07-19T02:52:22.822064Z","type":"sample"}
{"channel":"rr","display":10.262023671067935,"mu":0,"quality":"OK","raw":1207.2,"sigma":1.5,"state":"CALIBRATING","t":"2026-07-19T02:52:22.8305869Z","type":"sample"}
{"channel":"rr","display":10.262023671067935,"mu":0,"quality":"OK","raw":1208,"sigma":1.5,"state":"CALIBRATING","t":"2026-07-19T02:52:22.8709599Z","type":"sample"}
{"channel":"rr","display":10.262023671067935,"mu":0,"quality":"OK","raw":1208.7,"sigma":1.5,"state":"CALIBRATING","t":"2026-07-19T02:52:22.9107718Z","type":"sample"}
{"channel":"gsr","display":2521.8,"mu":0,"quality":"OK","raw":2521.8,"sigma":10,"state":"CALIBRATING","t":"2026-07-19T02:52:22.9256899Z","type":"sample"}
{"channel":"rr","display":10.262023671067935,"mu":0,"quality":"OK","raw":1206.4,"sigma":1.5,"state":"CALIBRATING","t":"2026-07-19T02:52:22.9431705Z","type":"sample"}
{"channel":"rr","display":10.262023671067935,"mu":0,"quality":"OK","raw":1208.3,"sigma":1.5,"state":"CALIBRATING","t":"2026-07-19T02:52:22.9904454Z","type":"sample"}
{"channel":"gsr","display":2521.6,"mu":0,"quality":"OK","raw":2521.6,"sigma":10,"state":"CALIBRATING","t":"2026-07-19T02:52:23.0234926Z","type":"sample"}
{"channel":"rr","display":10.262023671067935,"mu":0,"quality":"OK","raw":1207.4,"sigma":1.5,"state":"CALIBRATING","t":"2026-07-19T02:52:23.0307834Z","type":"sample"}
{"channel":"rr","display":10.262023671067935,"mu":0,"quality":"OK","raw":1207.8,"sigma":1.5,"state":"CALIBRATING","t":"2026-07-19T02:52:23.0702536Z","type":"sample"}
{"channel":"rr","display":10.262023671067935,"mu":0,"quality":"OK","raw":1206.6,"sigma":1.5,"state":"CALIBRATING","t":"2026-07-19T02:52:23.1109976Z","type":"sample"}
{"channel":"gsr","display":2526.5,"mu":0,"quality":"OK","raw":2526.5,"sigma":10,"state":"CALIBRATING","t":"2026-07-19T02:52:23.1259054Z","type":"sample"}
{"channel":"rr","display":10.262023671067935,"mu":0,"quality":"OK","raw":1207.2,"sigma":1.5,"state":"CALIBRATING","t":"2026-07-19T02:52:23.1510284Z","type":"sample"}
{"channel":"rr","display":10.262023671067935,"mu":0,"quality":"OK","raw":1208,"sigma":1.5,"state":"CALIBRATING","t":"2026-07-19T02:52:23.1899232Z","type":"sample"}
{"channel":"gsr","display":2525.4,"mu":0,"quality":"OK","raw":2525.4,"sigma":10,"state":"CALIBRATING","t":"2026-07-19T02:52:23.2261302Z","type":"sample"}
{"channel":"rr","display":10.262023671067935,"mu":0,"quality":"OK","raw":1207.3,"sigma":1.5,"state":"CALIBRATING","t":"2026-07-19T02:52:23.2303615Z","type":"sample"}
{"channel":"hr","display":68,"mu":0,"quality":"OK","raw":68,"sigma":3,"state":"CALIBRATING","t":"2026-07-19T02:52:23.2314126Z","type":"sample"}
{"channel":"rr","display":10.262023671067935,"mu":0,"quality":"OK","raw":1208.6,"sigma":1.5,"state":"CALIBRATING","t":"2026-07-19T02:52:23.271014Z","type":"sample"}
{"channel":"rr","display":10.262023671067935,"mu":0,"quality":"OK","raw":1208.3,"sigma":1.5,"state":"CALIBRATING","t":"2026-07-19T02:52:23.3097005Z","type":"sample"}
{"channel":"gsr","display":2529.5,"mu":0,"quality":"OK","raw":2529.5,"sigma":10,"state":"CALIBRATING","t":"2026-07-19T02:52:23.3260608Z","type":"sample"}
{"channel":"rr","display":10.262023671067935,"mu":0,"quality":"OK","raw":1208.5,"sigma":1.5,"state":"CALIBRATING","t":"2026-07-19T02:52:23.3498696Z","type":"sample"}
{"channel":"rr","display":10.262023671067935,"mu":0,"quality":"OK","raw":1209.3,"sigma":1.5,"state":"CALIBRATING","t":"2026-07-19T02:52:23.3890357Z","type":"sample"}
{"address":"/cue/r19/start","args":null,"channel":"system","dir":"out","t":"2026-07-19T02:52:23.4002197Z","type":"osc"}
{"channel":"gsr","display":2531.5,"mu":0,"quality":"OK","raw":2531.5,"sigma":10,"state":"CALIBRATING","t":"2026-07-19T02:52:23.4232066Z","type":"sample"}
{"channel":"rr","display":10.262023671067935,"mu":0,"quality":"OK","raw":1208.9,"sigma":1.5,"state":"CALIBRATING","t":"2026-07-19T02:52:23.4307659Z","type":"sample"}
{"address":"/cue/p/start","args":null,"channel":"system","dir":"out","t":"2026-07-19T02:52:23.4328788Z","type":"osc"}
{"channel":"rr","display":10.262023671067935,"mu":0,"quality":"OK","raw":1208.1,"sigma":1.5,"state":"CALIBRATING","t":"2026-07-19T02:52:23.4707595Z","type":"sample"}
{"channel":"rr","display":10.262023671067935,"mu":0,"quality":"OK","raw":1208.1,"sigma":1.5,"state":"CALIBRATING","t":"2026-07-19T02:52:23.5062664Z","type":"sample"}
{"channel":"gsr","display":2535.6,"mu":0,"quality":"OK","raw":2535.6,"sigma":10,"state":"CALIBRATING","t":"2026-07-19T02:52:23.5261352Z","type":"sample"}
{"channel":"rr","display":10.262023671067935,"mu":0,"quality":"OK","raw":1207.4,"sigma":1.5,"state":"CALIBRATING","t":"2026-07-19T02:52:23.5454568Z","type":"sample"}
{"channel":"rr","display":10.262023671067935,"mu":0,"quality":"OK","raw":1208,"sigma":1.5,"state":"CALIBRATING","t":"2026-07-19T02:52:23.5909226Z","type":"sample"}
{"channel":"gsr","display":2536.4,"mu":0,"quality":"OK","raw":2536.4,"sigma":10,"state":"CALIBRATING","t":"2026-07-19T02:52:23.6219712Z","type":"sample"}
{"channel":"rr","display":10.262023671067935,"mu":0,"quality":"OK","raw":1208.8,"sigma":1.5,"state":"CALIBRATING","t":"2026-07-19T02:52:23.6308059Z","type":"sample"}
{"channel":"rr","display":10.262023671067935,"mu":0,"quality":"OK","raw":1208.2,"sigma":1.5,"state":"CALIBRATING","t":"2026-07-19T02:52:23.6706684Z","type":"sample"}
{"address":"/cue/bpm068/start","args":null,"channel":"system","dir":"out","t":"2026-07-19T02:52:23.7047385Z","type":"osc"}
{"address":"/cue/g1/start","args":null,"channel":"system","dir":"out","t":"2026-07-19T02:52:23.7053237Z","type":"osc"}
{"channel":"rr","display":10.262023671067935,"mu":0,"quality":"OK","raw":1208.6,"sigma":1.5,"state":"CALIBRATING","t":"2026-07-19T02:52:23.7103881Z","type":"sample"}
{"channel":"gsr","display":2537.5,"mu":0,"quality":"OK","raw":2537.5,"sigma":10,"state":"CALIBRATING","t":"2026-07-19T02:52:23.7258569Z","type":"sample"}
{"channel":"hr","display":68,"mu":0,"quality":"OK","raw":68,"sigma":3,"state":"CALIBRATING","t":"2026-07-19T02:52:23.7307326Z","type":"sample"}
{"channel":"rr","display":10.262023671067935,"mu":0,"quality":"OK","raw":1209.8,"sigma":1.5,"state":"CALIBRATING","t":"2026-07-19T02:52:23.7414028Z","type":"sample"}
{"channel":"rr","display":10.262023671067935,"mu":0,"quality":"OK","raw":1212.7,"sigma":1.5,"state":"CALIBRATING","t":"2026-07-19T02:52:23.7904963Z","type":"sample"}
{"channel":"gsr","display":2540.6,"mu":0,"quality":"OK","raw":2540.6,"sigma":10,"state":"CALIBRATING","t":"2026-07-19T02:52:23.8234681Z","type":"sample"}
{"channel":"rr","display":10.262023671067935,"mu":0,"quality":"OK","raw":1223.1,"sigma":1.5,"state":"CALIBRATING","t":"2026-07-19T02:52:23.8307619Z","type":"sample"}
{"channel":"rr","display":10.262023671067935,"mu":0,"quality":"OK","raw":1230.1,"sigma":1.5,"state":"CALIBRATING","t":"2026-07-19T02:52:23.870782Z","type":"sample"}
{"channel":"rr","display":10.262023671067935,"mu":0,"quality":"OK","raw":1238.6,"sigma":1.5,"state":"CALIBRATING","t":"2026-07-19T02:52:23.9103616Z","type":"sample"}
{"channel":"gsr","display":2541.5,"mu":0,"quality":"OK","raw":2541.5,"sigma":10,"state":"CALIBRATING","t":"2026-07-19T02:52:23.9261776Z","type":"sample"}
{"channel":"rr","display":10.262023671067935,"mu":0,"quality":"OK","raw":1245.9,"sigma":1.5,"state":"CALIBRATING","t":"2026-07-19T02:52:23.9426599Z","type":"sample"}
{"channel":"rr","display":10.262023671067935,"mu":0,"quality":"OK","raw":1255.7,"sigma":1.5,"state":"CALIBRATING","t":"2026-07-19T02:52:23.9889358Z","type":"sample"}
{"channel":"gsr","display":2543.1,"mu":0,"quality":"OK","raw":2543.1,"sigma":10,"state":"CALIBRATING","t":"2026-07-19T02:52:24.0255173Z","type":"sample"}
{"channel":"rr","display":10.262023671067935,"mu":0,"quality":"OK","raw":1264.7,"sigma":1.5,"state":"CALIBRATING","t":"2026-07-19T02:52:24.0309014Z","type":"sample"}
{"channel":"rr","display":10.262023671067935,"mu":0,"quality":"OK","raw":1278,"sigma":1.5,"state":"CALIBRATING","t":"2026-07-19T02:52:24.0705857Z","type":"sample"}
{"channel":"rr","display":10.262023671067935,"mu":0,"quality":"OK","raw":1294.9,"sigma":1.5,"state":"CALIBRATING","t":"2026-07-19T02:52:24.1057428Z","type":"sample"}
{"channel":"gsr","display":2551.8,"mu":0,"quality":"OK","raw":2551.8,"sigma":10,"state":"CALIBRATING","t":"2026-07-19T02:52:24.1256749Z","type":"sample"}
{"channel":"rr","display":10.262023671067935,"mu":0,"quality":"OK","raw":1312.2,"sigma":1.5,"state":"CALIBRATING","t":"2026-07-19T02:52:24.1510174Z","type":"sample"}
{"channel":"rr","display":10.262023671067935,"mu":0,"quality":"OK","raw":1332.9,"sigma":1.5,"state":"CALIBRATING","t":"2026-07-19T02:52:24.189069Z","type":"sample"}
{"channel":"gsr","display":2550.3,"mu":0,"quality":"OK","raw":2550.3,"sigma":10,"state":"CALIBRATING","t":"2026-07-19T02:52:24.222817Z","type":"sample"}
{"channel":"rr","display":10.262023671067935,"mu":0,"quality":"OK","raw":1358.1,"sigma":1.5,"state":"CALIBRATING","t":"2026-07-19T02:52:24.2308876Z","type":"sample"}
{"channel":"hr","display":68,"mu":0,"quality":"OK","raw":68,"sigma":3,"state":"CALIBRATING","t":"2026-07-19T02:52:24.2326767Z","type":"sample"}
{"channel":"rr","display":10.262023671067935,"mu":0,"quality":"OK","raw":1379.2,"sigma":1.5,"state":"CALIBRATING","t":"2026-07-19T02:52:24.2709852Z","type":"sample"}
{"channel":"rr","display":10.346968338276884,"mu":0,"quality":"OK","raw":1399.3,"sigma":1.5,"state":"CALIBRATING","t":"2026-07-19T02:52:24.3109064Z","type":"sample"}
{"address":"/cue/p/start","args":null,"channel":"system","dir":"out","t":"2026-07-19T02:52:24.3147373Z","type":"osc"}
{"channel":"gsr","display":2549.3,"mu":0,"quality":"OK","raw":2549.3,"sigma":10,"state":"CALIBRATING","t":"2026-07-19T02:52:24.3257117Z","type":"sample"}
{"channel":"rr","display":10.346968338276884,"mu":0,"quality":"OK","raw":1416.5,"sigma":1.5,"state":"CALIBRATING","t":"2026-07-19T02:52:24.3453949Z","type":"sample"}
{"channel":"rr","display":10.346968338276884,"mu":0,"quality":"OK","raw":1432.7,"sigma":1.5,"state":"CALIBRATING","t":"2026-07-19T02:52:24.3908696Z","type":"sample"}
{"address":"/cue/r19/start","args":null,"channel":"system","dir":"out","t":"2026-07-19T02:52:24.407965Z","type":"osc"}
{"channel":"gsr","display":2558.7,"mu":0,"quality":"OK","raw":2558.7,"sigma":10,"state":"CALIBRATING","t":"2026-07-19T02:52:24.4228835Z","type":"sample"}
{"channel":"rr","display":10.346968338276884,"mu":0,"quality":"OK","raw":1448.2,"sigma":1.5,"state":"CALIBRATING","t":"2026-07-19T02:52:24.4307793Z","type":"sample"}
{"channel":"rr","display":10.346968338276884,"mu":0,"quality":"OK","raw":1468.2,"sigma":1.5,"state":"CALIBRATING","t":"2026-07-19T02:52:24.4708578Z","type":"sample"}
{"channel":"rr","display":10.346968338276884,"mu":0,"quality":"OK","raw":1497,"sigma":1.5,"state":"CALIBRATING","t":"2026-07-19T02:52:24.5108822Z","type":"sample"}
{"channel":"gsr","display":2559.6,"mu":0,"quality":"OK","raw":2559.6,"sigma":10,"state":"CALIBRATING","t":"2026-07-19T02:52:24.5259682Z","type":"sample"}
{"channel":"rr","display":10.346968338276884,"mu":0,"quality":"OK","raw":1516.6,"sigma":1.5,"state":"CALIBRATING","t":"2026-07-19T02:52:24.5484041Z","type":"sample"}
{"channel":"rr","display":10.346968338276884,"mu":0,"quality":"OK","raw":1531.9,"sigma":1.5,"state":"CALIBRATING","t":"2026-07-19T02:52:24.5909163Z","type":"sample"}
{"channel":"gsr","display":2563.2,"mu":0,"quality":"OK","raw":2563.2,"sigma":10,"state":"CALIBRATING","t":"2026-07-19T02:52:24.6228572Z","type":"sample"}
{"channel":"rr","display":10.346968338276884,"mu":0,"quality":"OK","raw":1557.1,"sigma":1.5,"state":"CALIBRATING","t":"2026-07-19T02:52:24.6306998Z","type":"sample"}
{"channel":"rr","display":10.346968338276884,"mu":0,"quality":"OK","raw":1572.6,"sigma":1.5,"state":"CALIBRATING","t":"2026-07-19T02:52:24.6706599Z","type":"sample"}
{"address":"/cue/bpm068/start","args":null,"channel":"system","dir":"out","t":"2026-07-19T02:52:24.7104082Z","type":"osc"}
{"channel":"rr","display":10.346968338276884,"mu":0,"quality":"OK","raw":1589.4,"sigma":1.5,"state":"CALIBRATING","t":"2026-07-19T02:52:24.7104082Z","type":"sample"}
{"address":"/cue/g1/start","args":null,"channel":"system","dir":"out","t":"2026-07-19T02:52:24.7114594Z","type":"osc"}
{"channel":"gsr","display":2565.6,"mu":0,"quality":"OK","raw":2565.6,"sigma":10,"state":"CALIBRATING","t":"2026-07-19T02:52:24.7258812Z","type":"sample"}
{"channel":"hr","display":67,"mu":0,"quality":"OK","raw":67,"sigma":3,"state":"CALIBRATING","t":"2026-07-19T02:52:24.7306764Z","type":"sample"}
{"channel":"rr","display":10.346968338276884,"mu":0,"quality":"OK","raw":1604.7,"sigma":1.5,"state":"CALIBRATING","t":"2026-07-19T02:52:24.7509373Z","type":"sample"}
{"channel":"rr","display":10.346968338276884,"mu":0,"quality":"OK","raw":1618.1,"sigma":1.5,"state":"CALIBRATING","t":"2026-07-19T02:52:24.7888676Z","type":"sample"}
{"channel":"gsr","display":2561.9,"mu":0,"quality":"OK","raw":2561.9,"sigma":10,"state":"CALIBRATING","t":"2026-07-19T02:52:24.8234397Z","type":"sample"}
{"channel":"rr","display":10.346968338276884,"mu":0,"quality":"OK","raw":1627.7,"sigma":1.5,"state":"CALIBRATING","t":"2026-07-19T02:52:24.8308103Z","type":"sample"}
{"channel":"rr","display":10.346968338276884,"mu":0,"quality":"OK","raw":1633.5,"sigma":1.5,"state":"CALIBRATING","t":"2026-07-19T02:52:24.8709296Z","type":"sample"}
{"channel":"rr","display":10.346968338276884,"mu":0,"quality":"OK","raw":1633.8,"sigma":1.5,"state":"CALIBRATING","t":"2026-07-19T02:52:24.9108277Z","type":"sample"}
{"channel":"gsr","display":2571.4,"mu":0,"quality":"OK","raw":2571.4,"sigma":10,"state":"CALIBRATING","t":"2026-07-19T02:52:24.9259165Z","type":"sample"}
{"channel":"rr","display":10.346968338276884,"mu":0,"quality":"OK","raw":1636.6,"sigma":1.5,"state":"CALIBRATING","t":"2026-07-19T02:52:24.9504573Z","type":"sample"}
{"channel":"rr","display":10.346968338276884,"mu":0,"quality":"OK","raw":1633.7,"sigma":1.5,"state":"CALIBRATING","t":"2026-07-19T02:52:24.9908414Z","type":"sample"}
{"channel":"gsr","display":2573.6,"mu":0,"quality":"OK","raw":2573.6,"sigma":10,"state":"CALIBRATING","t":"2026-07-19T02:52:25.0230795Z","type":"sample"}
{"channel":"rr","display":10.346968338276884,"mu":0,"quality":"OK","raw":1637.4,"sigma":1.5,"state":"CALIBRATING","t":"2026-07-19T02:52:25.0303639Z","type":"sample"}
{"channel":"rr","display":10.346968338276884,"mu":0,"quality":"OK","raw":1635.3,"sigma":1.5,"state":"CALIBRATING","t":"2026-07-19T02:52:25.0708995Z","type":"sample"}
{"channel":"rr","display":10.346968338276884,"mu":0,"quality":"OK","raw":1635.9,"sigma":1.5,"state":"CALIBRATING","t":"2026-07-19T02:52:25.1108624Z","type":"sample"}
{"channel":"gsr","display":2572.2,"mu":0,"quality":"OK","raw":2572.2,"sigma":10,"state":"CALIBRATING","t":"2026-07-19T02:52:25.1259132Z","type":"sample"}
{"channel":"rr","display":10.346968338276884,"mu":0,"quality":"OK","raw":1634.1,"sigma":1.5,"state":"CALIBRATING","t":"2026-07-19T02:52:25.1509001Z","type":"sample"}
{"channel":"rr","display":10.346968338276884,"mu":0,"quality":"OK","raw":1634.6,"sigma":1.5,"state":"CALIBRATING","t":"2026-07-19T02:52:25.1907343Z","type":"sample"}
{"address":"/cue/p/start","args":null,"channel":"system","dir":"out","t":"2026-07-19T02:52:25.1968611Z","type":"osc"}
{"channel":"gsr","display":2570.8,"mu":0,"quality":"OK","raw":2570.8,"sigma":10,"state":"CALIBRATING","t":"2026-07-19T02:52:25.2233468Z","type":"sample"}
{"channel":"rr","display":10.346968338276884,"mu":0,"quality":"OK","raw":1636.1,"sigma":1.5,"state":"CALIBRATING","t":"2026-07-19T02:52:25.2306698Z","type":"sample"}
{"channel":"hr","display":67,"mu":0,"quality":"OK","raw":67,"sigma":3,"state":"CALIBRATING","t":"2026-07-19T02:52:25.2311912Z","type":"sample"}
{"channel":"rr","display":10.346968338276884,"mu":0,"quality":"OK","raw":1635.6,"sigma":1.5,"state":"CALIBRATING","t":"2026-07-19T02:52:25.2701664Z","type":"sample"}
{"channel":"rr","display":10.346968338276884,"mu":0,"quality":"OK","raw":1635.6,"sigma":1.5,"state":"CALIBRATING","t":"2026-07-19T02:52:25.3106714Z","type":"sample"}
{"channel":"gsr","display":2579.1,"mu":0,"quality":"OK","raw":2579.1,"sigma":10,"state":"CALIBRATING","t":"2026-07-19T02:52:25.3260521Z","type":"sample"}
{"channel":"rr","display":10.346968338276884,"mu":0,"quality":"OK","raw":1633.7,"sigma":1.5,"state":"CALIBRATING","t":"2026-07-19T02:52:25.3508772Z","type":"sample"}
{"channel":"rr","display":10.346968338276884,"mu":0,"quality":"OK","raw":1634,"sigma":1.5,"state":"CALIBRATING","t":"2026-07-19T02:52:25.3908602Z","type":"sample"}
{"address":"/cue/r19/start","args":null,"channel":"system","dir":"out","t":"2026-07-19T02:52:25.4225107Z","type":"osc"}
{"channel":"gsr","display":2577.4,"mu":0,"quality":"OK","raw":2577.4,"sigma":10,"state":"CALIBRATING","t":"2026-07-19T02:52:25.4256782Z","type":"sample"}
{"channel":"rr","display":10.346968338276884,"mu":0,"quality":"OK","raw":1635.3,"sigma":1.5,"state":"CALIBRATING","t":"2026-07-19T02:52:25.4308679Z","type":"sample"}
{"channel":"rr","display":10.346968338276884,"mu":0,"quality":"OK","raw":1633.4,"sigma":1.5,"state":"CALIBRATING","t":"2026-07-19T02:52:25.470678Z","type":"sample"}
{"channel":"rr","display":10.346968338276884,"mu":0,"quality":"OK","raw":1635.5,"sigma":1.5,"state":"CALIBRATING","t":"2026-07-19T02:52:25.5108953Z","type":"sample"}
{"channel":"gsr","display":2579.2,"mu":0,"quality":"OK","raw":2579.2,"sigma":10,"state":"CALIBRATING","t":"2026-07-19T02:52:25.5251543Z","type":"sample"}
{"channel":"rr","display":10.346968338276884,"mu":0,"quality":"OK","raw":1634.4,"sigma":1.5,"state":"CALIBRATING","t":"2026-07-19T02:52:25.550967Z","type":"sample"}
{"channel":"rr","display":10.346968338276884,"mu":0,"quality":"OK","raw":1633.3,"sigma":1.5,"state":"CALIBRATING","t":"2026-07-19T02:52:25.5907131Z","type":"sample"}
{"channel":"gsr","display":2581.9,"mu":0,"quality":"OK","raw":2581.9,"sigma":10,"state":"CALIBRATING","t":"2026-07-19T02:52:25.6229334Z","type":"sample"}
{"channel":"rr","display":10.346968338276884,"mu":0,"quality":"OK","raw":1634.8,"sigma":1.5,"state":"CALIBRATING","t":"2026-07-19T02:52:25.630807Z","type":"sample"}
{"channel":"rr","display":10.346968338276884,"mu":0,"quality":"OK","raw":1633.1,"sigma":1.5,"state":"CALIBRATING","t":"2026-07-19T02:52:25.6708716Z","type":"sample"}
{"channel":"rr","display":10.346968338276884,"mu":0,"quality":"OK","raw":1631.4,"sigma":1.5,"state":"CALIBRATING","t":"2026-07-19T02:52:25.7108687Z","type":"sample"}
{"channel":"gsr","display":2585.7,"mu":0,"quality":"OK","raw":2585.7,"sigma":10,"state":"CALIBRATING","t":"2026-07-19T02:52:25.7258426Z","type":"sample"}
{"address":"/cue/bpm067/start","args":null,"channel":"system","dir":"out","t":"2026-07-19T02:52:25.7294812Z","type":"osc"}
{"channel":"hr","display":67,"mu":0,"quality":"OK","raw":67,"sigma":3,"state":"CALIBRATING","t":"2026-07-19T02:52:25.7305221Z","type":"sample"}
{"address":"/cue/g1/start","args":null,"channel":"system","dir":"out","t":"2026-07-19T02:52:25.7305221Z","type":"osc"}
{"channel":"rr","display":10.346968338276884,"mu":0,"quality":"OK","raw":1631.6,"sigma":1.5,"state":"CALIBRATING","t":"2026-07-19T02:52:25.7508484Z","type":"sample"}
{"channel":"rr","display":10.346968338276884,"mu":0,"quality":"OK","raw":1627.7,"sigma":1.5,"state":"CALIBRATING","t":"2026-07-19T02:52:25.7887535Z","type":"sample"}
{"channel":"gsr","display":2582.7,"mu":0,"quality":"OK","raw":2582.7,"sigma":10,"state":"CALIBRATING","t":"2026-07-19T02:52:25.8219571Z","type":"sample"}
{"channel":"rr","display":10.346968338276884,"mu":0,"quality":"OK","raw":1621,"sigma":1.5,"state":"CALIBRATING","t":"2026-07-19T02:52:25.8304365Z","type":"sample"}
{"channel":"rr","display":10.346968338276884,"mu":0,"quality":"OK","raw":1615,"sigma":1.5,"state":"CALIBRATING","t":"2026-07-19T02:52:25.8709038Z","type":"sample"}
{"channel":"rr","display":10.346968338276884,"mu":0,"quality":"OK","raw":1609.6,"sigma":1.5,"state":"CALIBRATING","t":"2026-07-19T02:52:25.9108011Z","type":"sample"}
{"channel":"gsr","display":2579.8,"mu":0,"quality":"OK","raw":2579.8,"sigma":10,"state":"CALIBRATING","t":"2026-07-19T02:52:25.9252983Z","type":"sample"}
{"channel":"rr","display":10.346968338276884,"mu":0,"quality":"OK","raw":1605,"sigma":1.5,"state":"CALIBRATING","t":"2026-07-19T02:52:25.9508603Z","type":"sample"}
{"channel":"rr","display":10.346968338276884,"mu":0,"quality":"OK","raw":1596.1,"sigma":1.5,"state":"CALIBRATING","t":"2026-07-19T02:52:25.9908934Z","type":"sample"}
{"channel":"gsr","display":2579.2,"mu":0,"quality":"OK","raw":2579.2,"sigma":10,"state":"CALIBRATING","t":"2026-07-19T02:52:26.0221407Z","type":"sample"}
{"channel":"rr","display":10.346968338276884,"mu":0,"quality":"OK","raw":1590.8,"sigma":1.5,"state":"CALIBRATING","t":"2026-07-19T02:52:26.0308118Z","type":"sample"}
{"channel":"rr","display":10.346968338276884,"mu":0,"quality":"OK","raw":1576.8,"sigma":1.5,"state":"CALIBRATING","t":"2026-07-19T02:52:26.070977Z","type":"sample"}
{"address":"/cue/p/start","args":null,"channel":"system","dir":"out","t":"2026-07-19T02:52:26.0932578Z","type":"osc"}
{"channel":"rr","display":10.346968338276884,"mu":0,"quality":"OK","raw":1563.5,"sigma":1.5,"state":"CALIBRATING","t":"2026-07-19T02:52:26.1109249Z","type":"sample"}
{"channel":"gsr","display":2579.6,"mu":0,"quality":"OK","raw":2579.6,"sigma":10,"state":"CALIBRATING","t":"2026-07-19T02:52:26.12594Z","type":"sample"}
{"channel":"rr","display":10.346968338276884,"mu":0,"quality":"OK","raw":1555.1,"sigma":1.5,"state":"CALIBRATING","t":"2026-07-19T02:52:26.1511016Z","type":"sample"}
{"channel":"rr","display":10.346968338276884,"mu":0,"quality":"OK","raw":1542,"sigma":1.5,"state":"CALIBRATING","t":"2026-07-19T02:52:26.1908725Z","type":"sample"}
{"channel":"gsr","display":2579.6,"mu":0,"quality":"OK","raw":2579.6,"sigma":10,"state":"CALIBRATING","t":"2026-07-19T02:52:26.2224949Z","type":"sample"}
{"channel":"rr","display":10.346968338276884,"mu":0,"quality":"OK","raw":1526.1,"sigma":1.5,"state":"CALIBRATING","t":"2026-07-19T02:52:26.2303491Z","type":"sample"}
{"channel":"hr","display":67,"mu":0,"quality":"OK","raw":67,"sigma":3,"state":"CALIBRATING","t":"2026-07-19T02:52:26.2313912Z","type":"sample"}
{"channel":"rr","display":10.346968338276884,"mu":0,"quality":"OK","raw":1515.6,"sigma":1.5,"state":"CALIBRATING","t":"2026-07-19T02:52:26.2707471Z","type":"sample"}
{"channel":"rr","display":10.346968338276884,"mu":0,"quality":"OK","raw":1505.4,"sigma":1.5,"state":"CALIBRATING","t":"2026-07-19T02:52:26.3057836Z","type":"sample"}
{"channel":"gsr","display":2576.6,"mu":0,"quality":"OK","raw":2576.6,"sigma":10,"state":"CALIBRATING","t":"2026-07-19T02:52:26.3259224Z","type":"sample"}
{"channel":"rr","display":10.346968338276884,"mu":0,"quality":"OK","raw":1489.4,"sigma":1.5,"state":"CALIBRATING","t":"2026-07-19T02:52:26.3453192Z","type":"sample"}
{"channel":"rr","display":10.346968338276884,"mu":0,"quality":"OK","raw":1475.2,"sigma":1.5,"state":"CALIBRATING","t":"2026-07-19T02:52:26.3891501Z","type":"sample"}
{"channel":"gsr","display":2568.9,"mu":0,"quality":"OK","raw":2568.9,"sigma":10,"state":"CALIBRATING","t":"2026-07-19T02:52:26.4222052Z","type":"sample"}
{"channel":"rr","display":10.346968338276884,"mu":0,"quality":"OK","raw":1462.6,"sigma":1.5,"state":"CALIBRATING","t":"2026-07-19T02:52:26.4304217Z","type":"sample"}
{"address":"/cue/r19/start","args":null,"channel":"system","dir":"out","t":"2026-07-19T02:52:26.4421094Z","type":"osc"}
{"channel":"rr","display":10.346968338276884,"mu":0,"quality":"OK","raw":1457.4,"sigma":1.5,"state":"CALIBRATING","t":"2026-07-19T02:52:26.4707502Z","type":"sample"}
{"channel":"rr","display":10.346968338276884,"mu":0,"quality":"OK","raw":1449.9,"sigma":1.5,"state":"CALIBRATING","t":"2026-07-19T02:52:26.5056342Z","type":"sample"}
{"channel":"gsr","display":2566.3,"mu":0,"quality":"OK","raw":2566.3,"sigma":10,"state":"CALIBRATING","t":"2026-07-19T02:52:26.5251876Z","type":"sample"}
{"channel":"rr","display":10.346968338276884,"mu":0,"quality":"OK","raw":1444.5,"sigma":1.5,"state":"CALIBRATING","t":"2026-07-19T02:52:26.5472213Z","type":"sample"}
{"channel":"rr","display":10.346968338276884,"mu":0,"quality":"OK","raw":1438.2,"sigma":1.5,"state":"CALIBRATING","t":"2026-07-19T02:52:26.5909305Z","type":"sample"}
{"channel":"gsr","display":2561.2,"mu":0,"quality":"OK","raw":2561.2,"sigma":10,"state":"CALIBRATING","t":"2026-07-19T02:52:26.6227912Z","type":"sample"}
{"channel":"rr","display":10.346968338276884,"mu":0,"quality":"OK","raw":1432.8,"sigma":1.5,"state":"CALIBRATING","t":"2026-07-19T02:52:26.6307033Z","type":"sample"}
{"channel":"rr","display":10.346968338276884,"mu":0,"quality":"OK","raw":1429.7,"sigma":1.5,"state":"CALIBRATING","t":"2026-07-19T02:52:26.6709522Z","type":"sample"}
{"channel":"rr","display":10.346968338276884,"mu":0,"quality":"OK","raw":1421.7,"sigma":1.5,"state":"CALIBRATING","t":"2026-07-19T02:52:26.7108535Z","type":"sample"}
{"channel":"gsr","display":2556,"mu":0,"quality":"OK","raw":2556,"sigma":10,"state":"CALIBRATING","t":"2026-07-19T02:52:26.7251217Z","type":"sample"}
{"channel":"hr","display":67,"mu":0,"quality":"OK","raw":67,"sigma":3,"state":"CALIBRATING","t":"2026-07-19T02:52:26.735518Z","type":"sample"}
{"address":"/cue/bpm067/start","args":null,"channel":"system","dir":"out","t":"2026-07-19T02:52:26.7470748Z","type":"osc"}
{"address":"/cue/g1/start","args":null,"channel":"system","dir":"out","t":"2026-07-19T02:52:26.7481516Z","type":"osc"}
{"channel":"rr","display":10.346968338276884,"mu":0,"quality":"OK","raw":1419.4,"sigma":1.5,"state":"CALIBRATING","t":"2026-07-19T02:52:26.7508283Z","type":"sample"}
{"channel":"rr","display":10.346968338276884,"mu":0,"quality":"OK","raw":1414.2,"sigma":1.5,"state":"CALIBRATING","t":"2026-07-19T02:52:26.7909168Z","type":"sample"}
{"channel":"gsr","display":2546.7,"mu":0,"quality":"OK","raw":2546.7,"sigma":10,"state":"CALIBRATING","t":"2026-07-19T02:52:26.8261196Z","type":"sample"}
{"channel":"rr","display":10.346968338276884,"mu":0,"quality":"OK","raw":1412.6,"sigma":1.5,"state":"CALIBRATING","t":"2026-07-19T02:52:26.8305513Z","type":"sample"}
{"channel":"rr","display":10.346968338276884,"mu":0,"quality":"OK","raw":1410.8,"sigma":1.5,"state":"CALIBRATING","t":"2026-07-19T02:52:26.8708705Z","type":"sample"}
{"channel":"rr","display":10.346968338276884,"mu":0,"quality":"OK","raw":1407.5,"sigma":1.5,"state":"CALIBRATING","t":"2026-07-19T02:52:26.9084589Z","type":"sample"}
{"channel":"gsr","display":2542.8,"mu":0,"quality":"OK","raw":2542.8,"sigma":10,"state":"CALIBRATING","t":"2026-07-19T02:52:26.9254777Z","type":"sample"}
{"channel":"rr","display":10.346968338276884,"mu":0,"quality":"OK","raw":1403.4,"sigma":1.5,"state":"CALIBRATING","t":"2026-07-19T02:52:26.9488346Z","type":"sample"}
{"address":"/cue/p/start","args":null,"channel":"system","dir":"out","t":"2026-07-19T02:52:26.9884955Z","type":"osc"}
{"channel":"rr","display":10.346968338276884,"mu":0,"quality":"OK","raw":1400.4,"sigma":1.5,"state":"CALIBRATING","t":"2026-07-19T02:52:26.9904527Z","type":"sample"}
{"channel":"gsr","display":2537.4,"mu":0,"quality":"OK","raw":2537.4,"sigma":10,"state":"CALIBRATING","t":"2026-07-19T02:52:27.0260855Z","type":"sample"}
{"channel":"rr","display":10.346968338276884,"mu":0,"quality":"OK","raw":1393.6,"sigma":1.5,"state":"CALIBRATING","t":"2026-07-19T02:52:27.0308367Z","type":"sample"}
{"channel":"rr","display":10.346968338276884,"mu":0,"quality":"OK","raw":1385.6,"sigma":1.5,"state":"CALIBRATING","t":"2026-07-19T02:52:27.0700155Z","type":"sample"}
{"channel":"rr","display":10.346968338276884,"mu":0,"quality":"OK","raw":1379.9,"sigma":1.5,"state":"CALIBRATING","t":"2026-07-19T02:52:27.1109195Z","type":"sample"}
{"channel":"gsr","display":2534.8,"mu":0,"quality":"OK","raw":2534.8,"sigma":10,"state":"CALIBRATING","t":"2026-07-19T02:52:27.1254855Z","type":"sample"}
{"channel":"rr","display":10.346968338276884,"mu":0,"quality":"OK","raw":1377.1,"sigma":1.5,"state":"CALIBRATING","t":"2026-07-19T02:52:27.1497599Z","type":"sample"}
{"channel":"rr","display":10.346968338276884,"mu":0,"quality":"OK","raw":1368.9,"sigma":1.5,"state":"CALIBRATING","t":"2026-07-19T02:52:27.1908473Z","type":"sample"}
{"channel":"gsr","display":2527.3,"mu":0,"quality":"OK","raw":2527.3,"sigma":10,"state":"CALIBRATING","t":"2026-07-19T02:52:27.2260719Z","type":"sample"}
{"channel":"rr","display":10.346968338276884,"mu":0,"quality":"OK","raw":1360.3,"sigma":1.5,"state":"CALIBRATING","t":"2026-07-19T02:52:27.2307031Z","type":"sample"}
{"channel":"hr","display":67,"mu":0,"quality":"OK","raw":67,"sigma":3,"state":"CALIBRATING","t":"2026-07-19T02:52:27.2312219Z","type":"sample"}
{"channel":"rr","display":10.346968338276884,"mu":0,"quality":"OK","raw":1353.3,"sigma":1.5,"state":"CALIBRATING","t":"2026-07-19T02:52:27.2707067Z","type":"sample"}
{"channel":"rr","display":10.346968338276884,"mu":0,"quality":"OK","raw":1340.8,"sigma":1.5,"state":"CALIBRATING","t":"2026-07-19T02:52:27.3060558Z","type":"sample"}
{"channel":"gsr","display":2526.2,"mu":0,"quality":"OK","raw":2526.2,"sigma":10,"state":"CALIBRATING","t":"2026-07-19T02:52:27.3260854Z","type":"sample"}
{"channel":"rr","display":10.346968338276884,"mu":0,"quality":"OK","raw":1333.9,"sigma":1.5,"state":"CALIBRATING","t":"2026-07-19T02:52:27.3510716Z","type":"sample"}
{"channel":"rr","display":10.346968338276884,"mu":0,"quality":"OK","raw":1323.5,"sigma":1.5,"state":"CALIBRATING","t":"2026-07-19T02:52:27.389755Z","type":"sample"}
{"channel":"gsr","display":2520.8,"mu":0,"quality":"OK","raw":2520.8,"sigma":10,"state":"CALIBRATING","t":"2026-07-19T02:52:27.4260648Z","type":"sample"}
{"channel":"rr","display":10.346968338276884,"mu":0,"quality":"OK","raw":1315.8,"sigma":1.5,"state":"CALIBRATING","t":"2026-07-19T02:52:27.430829Z","type":"sample"}
{"address":"/cue/r19/start","args":null,"channel":"system","dir":"out","t":"2026-07-19T02:52:27.4515425Z","type":"osc"}
{"channel":"rr","display":10.346968338276884,"mu":0,"quality":"OK","raw":1303.9,"sigma":1.5,"state":"CALIBRATING","t":"2026-07-19T02:52:27.4709449Z","type":"sample"}
{"channel":"rr","display":10.346968338276884,"mu":0,"quality":"OK","raw":1282.5,"sigma":1.5,"state":"CALIBRATING","t":"2026-07-19T02:52:27.5108556Z","type":"sample"}
{"channel":"gsr","display":2517.9,"mu":0,"quality":"OK","raw":2517.9,"sigma":10,"state":"CALIBRATING","t":"2026-07-19T02:52:27.525646Z","type":"sample"}
{"channel":"rr","display":10.346968338276884,"mu":0,"quality":"OK","raw":1259.9,"sigma":1.5,"state":"CALIBRATING","t":"2026-07-19T02:52:27.5509842Z","type":"sample"}
{"channel":"rr","display":10.346968338276884,"mu":0,"quality":"OK","raw":1244.3,"sigma":1.5,"state":"CALIBRATING","t":"2026-07-19T02:52:27.5908952Z","type":"sample"}
{"channel":"gsr","display":2516.4,"mu":0,"quality":"OK","raw":2516.4,"sigma":10,"state":"CALIBRATING","t":"2026-07-19T02:52:27.6255583Z","type":"sample"}
{"channel":"rr","display":10.346968338276884,"mu":0,"quality":"OK","raw":1238.9,"sigma":1.5,"state":"CALIBRATING","t":"2026-07-19T02:52:27.6306427Z","type":"sample"}
{"channel":"rr","display":10.346968338276884,"mu":0,"quality":"OK","raw":1235.1,"sigma":1.5,"state":"CALIBRATING","t":"2026-07-19T02:52:27.6703337Z","type":"sample"}
{"channel":"rr","display":10.346968338276884,"mu":0,"quality":"OK","raw":1229.6,"sigma":1.5,"state":"CALIBRATING","t":"2026-07-19T02:52:27.7107149Z","type":"sample"}
{"channel":"gsr","display":2511.8,"mu":0,"quality":"OK","raw":2511.8,"sigma":10,"state":"CALIBRATING","t":"2026-07-19T02:52:27.7257949Z","type":"sample"}
{"channel":"hr","display":67,"mu":0,"quality":"OK","raw":67,"sigma":3,"state":"CALIBRATING","t":"2026-07-19T02:52:27.7305361Z","type":"sample"}
{"channel":"rr","display":10.346968338276884,"mu":0,"quality":"OK","raw":1227.6,"sigma":1.5,"state":"CALIBRATING","t":"2026-07-19T02:52:27.7498213Z","type":"sample"}
{"address":"/cue/bpm067/start","args":null,"channel":"system","dir":"out","t":"2026-07-19T02:52:27.7597122Z","type":"osc"}
{"address":"/cue/g1/start","args":null,"channel":"system","dir":"out","t":"2026-07-19T02:52:27.7607358Z","type":"osc"}
{"channel":"rr","display":10.346968338276884,"mu":0,"quality":"OK","raw":1223.1,"sigma":1.5,"state":"CALIBRATING","t":"2026-07-19T02:52:27.7908535Z","type":"sample"}
{"channel":"gsr","display":2511.4,"mu":0,"quality":"OK","raw":2511.4,"sigma":10,"state":"CALIBRATING","t":"2026-07-19T02:52:27.8259981Z","type":"sample"}
{"channel":"rr","display":10.346968338276884,"mu":0,"quality":"OK","raw":1219.1,"sigma":1.5,"state":"CALIBRATING","t":"2026-07-19T02:52:27.8305046Z","type":"sample"}
{"channel":"rr","display":10.346968338276884,"mu":0,"quality":"OK","raw":1209.4,"sigma":1.5,"state":"CALIBRATING","t":"2026-07-19T02:52:27.869796Z","type":"sample"}
{"address":"/cue/p/start","args":null,"channel":"system","dir":"out","t":"2026-07-19T02:52:27.8834757Z","type":"osc"}
{"channel":"rr","display":10.346968338276884,"mu":0,"quality":"OK","raw":1203.7,"sigma":1.5,"state":"CALIBRATING","t":"2026-07-19T02:52:27.9107945Z","type":"sample"}
{"channel":"gsr","display":2506.6,"mu":0,"quality":"OK","raw":2506.6,"sigma":10,"state":"CALIBRATING","t":"2026-07-19T02:52:27.9256193Z","type":"sample"}
{"channel":"rr","display":10.346968338276884,"mu":0,"quality":"OK","raw":1199.5,"sigma":1.5,"state":"CALIBRATING","t":"2026-07-19T02:52:27.950659Z","type":"sample"}
{"channel":"rr","display":10.346968338276884,"mu":0,"quality":"OK","raw":1197.3,"sigma":1.5,"state":"CALIBRATING","t":"2026-07-19T02:52:27.9889969Z","type":"sample"}
{"channel":"gsr","display":2510.7,"mu":0,"quality":"OK","raw":2510.7,"sigma":10,"state":"CALIBRATING","t":"2026-07-19T02:52:28.0257377Z","type":"sample"}
{"channel":"rr","display":10.346968338276884,"mu":0,"quality":"OK","raw":1198.1,"sigma":1.5,"state":"CALIBRATING","t":"2026-07-19T02:52:28.0306198Z","type":"sample"}
{"channel":"rr","display":10.346968338276884,"mu":0,"quality":"OK","raw":1195.9,"sigma":1.5,"state":"CALIBRATING","t":"2026-07-19T02:52:28.0698507Z","type":"sample"}
{"channel":"rr","display":10.346968338276884,"mu":0,"quality":"OK","raw":1194.7,"sigma":1.5,"state":"CALIBRATING","t":"2026-07-19T02:52:28.1108989Z","type":"sample"}
{"channel":"gsr","display":2510.4,"mu":0,"quality":"OK","raw":2510.4,"sigma":10,"state":"CALIBRATING","t":"2026-07-19T02:52:28.1258676Z","type":"sample"}
{"channel":"rr","display":10.346968338276884,"mu":0,"quality":"OK","raw":1193.2,"sigma":1.5,"state":"CALIBRATING","t":"2026-07-19T02:52:28.1509034Z","type":"sample"}
{"channel":"rr","display":10.346968338276884,"mu":0,"quality":"OK","raw":1192.6,"sigma":1.5,"state":"CALIBRATING","t":"2026-07-19T02:52:28.1891218Z","type":"sample"}
{"channel":"gsr","display":2509.2,"mu":0,"quality":"OK","raw":2509.2,"sigma":10,"state":"CALIBRATING","t":"2026-07-19T02:52:28.2223692Z","type":"sample"}
{"channel":"rr","display":10.346968338276884,"mu":0,"quality":"OK","raw":1192.5,"sigma":1.5,"state":"CALIBRATING","t":"2026-07-19T02:52:28.2303258Z","type":"sample"}
{"channel":"hr","display":67,"mu":0,"quality":"OK","raw":67,"sigma":3,"state":"CALIBRATING","t":"2026-07-19T02:52:28.2314185Z","type":"sample"}
{"channel":"rr","display":10.346968338276884,"mu":0,"quality":"OK","raw":1190.1,"sigma":1.5,"state":"CALIBRATING","t":"2026-07-19T02:52:28.270882Z","type":"sample"}
{"channel":"rr","display":10.346968338276884,"mu":0,"quality":"OK","raw":1188.6,"sigma":1.5,"state":"CALIBRATING","t":"2026-07-19T02:52:28.305464Z","type":"sample"}
{"channel":"gsr","display":2507.4,"mu":0,"quality":"OK","raw":2507.4,"sigma":10,"state":"CALIBRATING","t":"2026-07-19T02:52:28.3258664Z","type":"sample"}
{"channel":"rr","display":10.346968338276884,"mu":0,"quality":"OK","raw":1188.9,"sigma":1.5,"state":"CALIBRATING","t":"2026-07-19T02:52:28.3509071Z","type":"sample"}
{"channel":"rr","display":10.346968338276884,"mu":0,"quality":"OK","raw":1187.7,"sigma":1.5,"state":"CALIBRATING","t":"2026-07-19T02:52:28.3903373Z","type":"sample"}
{"channel":"gsr","display":2509.2,"mu":0,"quality":"OK","raw":2509.2,"sigma":10,"state":"CALIBRATING","t":"2026-07-19T02:52:28.4255933Z","type":"sample"}
{"channel":"rr","display":10.346968338276884,"mu":0,"quality":"OK","raw":1188.2,"sigma":1.5,"state":"CALIBRATING","t":"2026-07-19T02:52:28.4302891Z","type":"sample"}
{"address":"/cue/r19/start","args":null,"channel":"system","dir":"out","t":"2026-07-19T02:52:28.4641276Z","type":"osc"}
{"channel":"rr","display":10.346968338276884,"mu":0,"quality":"OK","raw":1188.1,"sigma":1.5,"state":"CALIBRATING","t":"2026-07-19T02:52:28.4704557Z","type":"sample"}
{"channel":"rr","display":10.346968338276884,"mu":0,"quality":"OK","raw":1187.2,"sigma":1.5,"state":"CALIBRATING","t":"2026-07-19T02:52:28.5073698Z","type":"sample"}
{"channel":"gsr","display":2510.2,"mu":0,"quality":"OK","raw":2510.2,"sigma":10,"state":"CALIBRATING","t":"2026-07-19T02:52:28.5258788Z","type":"sample"}
{"channel":"rr","display":10.346968338276884,"mu":0,"quality":"OK","raw":1186.6,"sigma":1.5,"state":"CALIBRATING","t":"2026-07-19T02:52:28.5508727Z","type":"sample"}
{"channel":"rr","display":10.346968338276884,"mu":0,"quality":"OK","raw":1187.6,"sigma":1.5,"state":"CALIBRATING","t":"2026-07-19T02:52:28.5908591Z","type":"sample"}
{"channel":"gsr","display":2512.3,"mu":0,"quality":"OK","raw":2512.3,"sigma":10,"state":"CALIBRATING","t":"2026-07-19T02:52:28.62203Z","type":"sample"}
{"channel":"rr","display":10.346968338276884,"mu":0,"quality":"OK","raw":1188.6,"sigma":1.5,"state":"CALIBRATING","t":"2026-07-19T02:52:28.6306712Z","type":"sample"}
{"channel":"rr","display":10.346968338276884,"mu":0,"quality":"OK","raw":1187.8,"sigma":1.5,"state":"CALIBRATING","t":"2026-07-19T02:52:28.6707494Z","type":"sample"}
{"channel":"rr","display":10.346968338276884,"mu":0,"quality":"OK","raw":1188.1,"sigma":1.5,"state":"CALIBRATING","t":"2026-07-19T02:52:28.7108935Z","type":"sample"}
{"channel":"gsr","display":2513.3,"mu":0,"quality":"OK","raw":2513.3,"sigma":10,"state":"CALIBRATING","t":"2026-07-19T02:52:28.725863Z","type":"sample"}
{"channel":"hr","display":67,"mu":0,"quality":"OK","raw":67,"sigma":3,"state":"CALIBRATING","t":"2026-07-19T02:52:28.7302591Z","type":"sample"}
{"channel":"rr","display":10.346968338276884,"mu":0,"quality":"OK","raw":1187.9,"sigma":1.5,"state":"CALIBRATING","t":"2026-07-19T02:52:28.747719Z","type":"sample"}
{"address":"/cue/bpm067/start","args":null,"channel":"system","dir":"out","t":"2026-07-19T02:52:28.7678119Z","type":"osc"}
{"address":"/cue/g1/start","args":null,"channel":"system","dir":"out","t":"2026-07-19T02:52:28.7689812Z","type":"osc"}
{"address":"/cue/p/start","args":null,"channel":"system","dir":"out","t":"2026-07-19T02:52:28.7779379Z","type":"osc"}
{"channel":"rr","display":10.346968338276884,"mu":0,"quality":"OK","raw":1188.6,"sigma":1.5,"state":"CALIBRATING","t":"2026-07-19T02:52:28.790498Z","type":"sample"}
{"channel":"gsr","display":2515.7,"mu":0,"quality":"OK","raw":2515.7,"sigma":10,"state":"CALIBRATING","t":"2026-07-19T02:52:28.8221443Z","type":"sample"}
{"channel":"rr","display":10.346968338276884,"mu":0,"quality":"OK","raw":1187.2,"sigma":1.5,"state":"CALIBRATING","t":"2026-07-19T02:52:28.8304297Z","type":"sample"}
{"channel":"rr","display":10.346968338276884,"mu":0,"quality":"OK","raw":1188.1,"sigma":1.5,"state":"CALIBRATING","t":"2026-07-19T02:52:28.8706402Z","type":"sample"}
{"channel":"rr","display":10.346968338276884,"mu":0,"quality":"OK","raw":1188.1,"sigma":1.5,"state":"CALIBRATING","t":"2026-07-19T02:52:28.9103784Z","type":"sample"}
{"channel":"gsr","display":2519.1,"mu":0,"quality":"OK","raw":2519.1,"sigma":10,"state":"CALIBRATING","t":"2026-07-19T02:52:28.9254216Z","type":"sample"}
{"channel":"rr","display":10.346968338276884,"mu":0,"quality":"OK","raw":1189.9,"sigma":1.5,"state":"CALIBRATING","t":"2026-07-19T02:52:28.9480314Z","type":"sample"}
{"channel":"rr","display":10.346968338276884,"mu":0,"quality":"OK","raw":1188.1,"sigma":1.5,"state":"CALIBRATING","t":"2026-07-19T02:52:28.989071Z","type":"sample"}
{"channel":"gsr","display":2515.9,"mu":0,"quality":"OK","raw":2515.9,"sigma":10,"state":"CALIBRATING","t":"2026-07-19T02:52:29.0229776Z","type":"sample"}
{"channel":"rr","display":10.346968338276884,"mu":0,"quality":"OK","raw":1189.6,"sigma":1.5,"state":"CALIBRATING","t":"2026-07-19T02:52:29.0304224Z","type":"sample"}
{"channel":"rr","display":10.346968338276884,"mu":0,"quality":"OK","raw":1187.1,"sigma":1.5,"state":"CALIBRATING","t":"2026-07-19T02:52:29.0705993Z","type":"sample"}
{"channel":"rr","display":10.346968338276884,"mu":0,"quality":"OK","raw":1188.9,"sigma":1.5,"state":"CALIBRATING","t":"2026-07-19T02:52:29.1103111Z","type":"sample"}
{"channel":"gsr","display":2520.7,"mu":0,"quality":"OK","raw":2520.7,"sigma":10,"state":"CALIBRATING","t":"2026-07-19T02:52:29.1258571Z","type":"sample"}
{"channel":"rr","display":10.346968338276884,"mu":0,"quality":"OK","raw":1189.4,"sigma":1.5,"state":"CALIBRATING","t":"2026-07-19T02:52:29.1470101Z","type":"sample"}
{"channel":"rr","display":10.346968338276884,"mu":0,"quality":"OK","raw":1189.4,"sigma":1.5,"state":"CALIBRATING","t":"2026-07-19T02:52:29.1887114Z","type":"sample"}
{"channel":"gsr","display":2521.5,"mu":0,"quality":"OK","raw":2521.5,"sigma":10,"state":"CALIBRATING","t":"2026-07-19T02:52:29.2220937Z","type":"sample"}
{"channel":"rr","display":10.346968338276884,"mu":0,"quality":"OK","raw":1190.2,"sigma":1.5,"state":"CALIBRATING","t":"2026-07-19T02:52:29.2304982Z","type":"sample"}
{"channel":"hr","display":67,"mu":0,"quality":"OK","raw":67,"sigma":3,"state":"CALIBRATING","t":"2026-07-19T02:52:29.2310715Z","type":"sample"}
{"channel":"rr","display":10.346968338276884,"mu":0,"quality":"OK","raw":1189.5,"sigma":1.5,"state":"CALIBRATING","t":"2026-07-19T02:52:29.2705341Z","type":"sample"}
{"channel":"rr","display":10.346968338276884,"mu":0,"quality":"OK","raw":1188.1,"sigma":1.5,"state":"CALIBRATING","t":"2026-07-19T02:52:29.3108504Z","type":"sample"}
{"channel":"gsr","display":2521.7,"mu":0,"quality":"OK","raw":2521.7,"sigma":10,"state":"CALIBRATING","t":"2026-07-19T02:52:29.3252377Z","type":"sample"}
{"channel":"rr","display":10.346968338276884,"mu":0,"quality":"OK","raw":1188.6,"sigma":1.5,"state":"CALIBRATING","t":"2026-07-19T02:52:29.3475529Z","type":"sample"}
{"channel":"rr","display":10.346968338276884,"mu":0,"quality":"OK","raw":1191.7,"sigma":1.5,"state":"CALIBRATING","t":"2026-07-19T02:52:29.390251Z","type":"sample"}
{"channel":"gsr","display":2522.1,"mu":0,"quality":"OK","raw":2522.1,"sigma":10,"state":"CALIBRATING","t":"2026-07-19T02:52:29.4232767Z","type":"sample"}
{"channel":"rr","display":10.346968338276884,"mu":0,"quality":"OK","raw":1196.6,"sigma":1.5,"state":"CALIBRATING","t":"2026-07-19T02:52:29.4308905Z","type":"sample"}
{"channel":"rr","display":10.346968338276884,"mu":0,"quality":"OK","raw":1201.2,"sigma":1.5,"state":"CALIBRATING","t":"2026-07-19T02:52:29.4707752Z","type":"sample"}
{"address":"/cue/r19/start","args":null,"channel":"system","dir":"out","t":"2026-07-19T02:52:29.4714224Z","type":"osc"}
{"channel":"rr","display":10.346968338276884,"mu":0,"quality":"OK","raw":1208,"sigma":1.5,"state":"CALIBRATING","t":"2026-07-19T02:52:29.5056423Z","type":"sample"}
{"channel":"gsr","display":2525.7,"mu":0,"quality":"OK","raw":2525.7,"sigma":10,"state":"CALIBRATING","t":"2026-07-19T02:52:29.5258843Z","type":"sample"}
{"channel":"rr","display":10.346968338276884,"mu":0,"quality":"OK","raw":1221.3,"sigma":1.5,"state":"CALIBRATING","t":"2026-07-19T02:52:29.5422797Z","type":"sample"}
{"channel":"rr","display":10.346968338276884,"mu":0,"quality":"OK","raw":1237.7,"sigma":1.5,"state":"CALIBRATING","t":"2026-07-19T02:52:29.5909059Z","type":"sample"}
{"channel":"gsr","display":2518.9,"mu":0,"quality":"OK","raw":2518.9,"sigma":10,"state":"CALIBRATING","t":"2026-07-19T02:52:29.6259967Z","type":"sample"}
{"channel":"rr","display":10.346968338276884,"mu":0,"quality":"OK","raw":1250.3,"sigma":1.5,"state":"CALIBRATING","t":"2026-07-19T02:52:29.6307423Z","type":"sample"}
{"channel":"rr","display":10.346968338276884,"mu":0,"quality":"OK","raw":1263.2,"sigma":1.5,"state":"CALIBRATING","t":"2026-07-19T02:52:29.6707093Z","type":"sample"}
{"address":"/cue/p/start","args":null,"channel":"system","dir":"out","t":"2026-07-19T02:52:29.6738405Z","type":"osc"}
{"channel":"rr","display":10.346968338276884,"mu":0,"quality":"OK","raw":1275.5,"sigma":1.5,"state":"CALIBRATING","t":"2026-07-19T02:52:29.7108774Z","type":"sample"}
{"channel":"gsr","display":2514.3,"mu":0,"quality":"OK","raw":2514.3,"sigma":10,"state":"CALIBRATING","t":"2026-07-19T02:52:29.724889Z","type":"sample"}
{"channel":"hr","display":67,"mu":0,"quality":"OK","raw":67,"sigma":3,"state":"CALIBRATING","t":"2026-07-19T02:52:29.7307237Z","type":"sample"}
{"channel":"rr","display":10.346968338276884,"mu":0,"quality":"OK","raw":1290.1,"sigma":1.5,"state":"CALIBRATING","t":"2026-07-19T02:52:29.747033Z","type":"sample"}
{"address":"/cue/bpm067/start","args":null,"channel":"system","dir":"out","t":"2026-07-19T02:52:29.779112Z","type":"osc"}
{"address":"/cue/g1/start","args":null,"channel":"system","dir":"out","t":"2026-07-19T02:52:29.7801621Z","type":"osc"}
{"channel":"rr","display":10.346968338276884,"mu":0,"quality":"OK","raw":1304.9,"sigma":1.5,"state":"CALIBRATING","t":"2026-07-19T02:52:29.7907228Z","type":"sample"}
{"channel":"gsr","display":2517.7,"mu":0,"quality":"OK","raw":2517.7,"sigma":10,"state":"CALIBRATING","t":"2026-07-19T02:52:29.8219909Z","type":"sample"}
{"channel":"rr","display":10.346968338276884,"mu":0,"quality":"OK","raw":1316.1,"sigma":1.5,"state":"CALIBRATING","t":"2026-07-19T02:52:29.8342306Z","type":"sample"}
{"channel":"rr","display":10.346968338276884,"mu":0,"quality":"OK","raw":1328.8,"sigma":1.5,"state":"CALIBRATING","t":"2026-07-19T02:52:29.8700456Z","type":"sample"}
{"channel":"rr","display":10.346968338276884,"mu":0,"quality":"OK","raw":1339.4,"sigma":1.5,"state":"CALIBRATING","t":"2026-07-19T02:52:29.9109123Z","type":"sample"}
{"channel":"gsr","display":2521,"mu":0,"quality":"OK","raw":2521,"sigma":10,"state":"CALIBRATING","t":"2026-07-19T02:52:29.9251835Z","type":"sample"}
{"channel":"rr","display":10.346968338276884,"mu":0,"quality":"OK","raw":1359.1,"sigma":1.5,"state":"CALIBRATING","t":"2026-07-19T02:52:29.9509764Z","type":"sample"}
{"channel":"rr","display":10.499422531760752,"mu":0,"quality":"OK","raw":1373.9,"sigma":1.5,"state":"CALIBRATING","t":"2026-07-19T02:52:29.9893619Z","type":"sample"}
{"channel":"gsr","display":2515.7,"mu":0,"quality":"OK","raw":2515.7,"sigma":10,"state":"CALIBRATING","t":"2026-07-19T02:52:30.0231392Z","type":"sample"}
{"channel":"rr","display":10.499422531760752,"mu":0,"quality":"OK","raw":1386,"sigma":1.5,"state":"CALIBRATING","t":"2026-07-19T02:52:30.0307464Z","type":"sample"}
{"channel":"rr","display":10.499422531760752,"mu":0,"quality":"OK","raw":1405.2,"sigma":1.5,"state":"CALIBRATING","t":"2026-07-19T02:52:30.0703738Z","type":"sample"}
{"channel":"rr","display":10.499422531760752,"mu":0,"quality":"OK","raw":1429.2,"sigma":1.5,"state":"CALIBRATING","t":"2026-07-19T02:52:30.1056021Z","type":"sample"}
{"channel":"gsr","display":2517,"mu":0,"quality":"OK","raw":2517,"sigma":10,"state":"CALIBRATING","t":"2026-07-19T02:52:30.1253322Z","type":"sample"}
{"channel":"rr","display":10.499422531760752,"mu":0,"quality":"OK","raw":1443.6,"sigma":1.5,"state":"CALIBRATING","t":"2026-07-19T02:52:30.1508461Z","type":"sample"}
{"channel":"rr","display":10.499422531760752,"mu":0,"quality":"OK","raw":1458.6,"sigma":1.5,"state":"CALIBRATING","t":"2026-07-19T02:52:30.1907762Z","type":"sample"}
{"channel":"gsr","display":2512.6,"mu":0,"quality":"OK","raw":2512.6,"sigma":10,"state":"CALIBRATING","t":"2026-07-19T02:52:30.2227093Z","type":"sample"}
{"channel":"rr","display":10.499422531760752,"mu":0,"quality":"OK","raw":1475.7,"sigma":1.5,"state":"CALIBRATING","t":"2026-07-19T02:52:30.2303672Z","type":"sample"}
{"channel":"hr","display":68,"mu":0,"quality":"OK","raw":68,"sigma":3,"state":"CALIBRATING","t":"2026-07-19T02:52:30.2314087Z","type":"sample"}
{"channel":"rr","display":10.499422531760752,"mu":0,"quality":"OK","raw":1485.9,"sigma":1.5,"state":"CALIBRATING","t":"2026-07-19T02:52:30.2711672Z","type":"sample"}
{"channel":"rr","display":10.499422531760752,"mu":0,"quality":"OK","raw":1496.2,"sigma":1.5,"state":"CALIBRATING","t":"2026-07-19T02:52:30.3108124Z","type":"sample"}
{"channel":"gsr","display":2517,"mu":0,"quality":"OK","raw":2517,"sigma":10,"state":"CALIBRATING","t":"2026-07-19T02:52:30.3257686Z","type":"sample"}
{"channel":"rr","display":10.499422531760752,"mu":0,"quality":"OK","raw":1502.6,"sigma":1.5,"state":"CALIBRATING","t":"2026-07-19T02:52:30.3509032Z","type":"sample"}
{"channel":"rr","display":10.499422531760752,"mu":0,"quality":"OK","raw":1503.3,"sigma":1.5,"state":"CALIBRATING","t":"2026-07-19T02:52:30.3908522Z","type":"sample"}
{"channel":"gsr","display":2514.5,"mu":0,"quality":"OK","raw":2514.5,"sigma":10,"state":"CALIBRATING","t":"2026-07-19T02:52:30.424247Z","type":"sample"}
{"channel":"rr","display":10.499422531760752,"mu":0,"quality":"OK","raw":1505.5,"sigma":1.5,"state":"CALIBRATING","t":"2026-07-19T02:52:30.43078Z","type":"sample"}
{"channel":"rr","display":10.499422531760752,"mu":0,"quality":"OK","raw":1506.9,"sigma":1.5,"state":"CALIBRATING","t":"2026-07-19T02:52:30.4707844Z","type":"sample"}
{"address":"/cue/r19/start","args":null,"channel":"system","dir":"out","t":"2026-07-19T02:52:30.4829961Z","type":"osc"}
{"channel":"rr","display":10.499422531760752,"mu":0,"quality":"OK","raw":1507.9,"sigma":1.5,"state":"CALIBRATING","t":"2026-07-19T02:52:30.5061635Z","type":"sample"}
{"channel":"gsr","display":2516.7,"mu":0,"quality":"OK","raw":2516.7,"sigma":10,"state":"CALIBRATING","t":"2026-07-19T02:52:30.5258741Z","type":"sample"}
{"channel":"rr","display":10.499422531760752,"mu":0,"quality":"OK","raw":1506.3,"sigma":1.5,"state":"CALIBRATING","t":"2026-07-19T02:52:30.5509367Z","type":"sample"}
{"address":"/cue/p/start","args":null,"channel":"system","dir":"out","t":"2026-07-19T02:52:30.5683713Z","type":"osc"}
{"channel":"rr","display":10.499422531760752,"mu":0,"quality":"OK","raw":1508.2,"sigma":1.5,"state":"CALIBRATING","t":"2026-07-19T02:52:30.5908673Z","type":"sample"}
{"channel":"gsr","display":2514,"mu":0,"quality":"OK","raw":2514,"sigma":10,"state":"CALIBRATING","t":"2026-07-19T02:52:30.6221561Z","type":"sample"}
{"channel":"rr","display":10.499422531760752,"mu":0,"quality":"OK","raw":1506.5,"sigma":1.5,"state":"CALIBRATING","t":"2026-07-19T02:52:30.6306078Z","type":"sample"}
{"channel":"rr","display":10.499422531760752,"mu":0,"quality":"OK","raw":1504.5,"sigma":1.5,"state":"CALIBRATING","t":"2026-07-19T02:52:30.6708031Z","type":"sample"}
{"channel":"rr","display":10.499422531760752,"mu":0,"quality":"OK","raw":1506.1,"sigma":1.5,"state":"CALIBRATING","t":"2026-07-19T02:52:30.7060939Z","type":"sample"}
{"channel":"gsr","display":2514.2,"mu":0,"quality":"OK","raw":2514.2,"sigma":10,"state":"CALIBRATING","t":"2026-07-19T02:52:30.7248062Z","type":"sample"}
{"channel":"hr","display":68,"mu":0,"quality":"OK","raw":68,"sigma":3,"state":"CALIBRATING","t":"2026-07-19T02:52:30.7306789Z","type":"sample"}
{"channel":"rr","display":10.499422531760752,"mu":0,"quality":"OK","raw":1505.1,"sigma":1.5,"state":"CALIBRATING","t":"2026-07-19T02:52:30.7472233Z","type":"sample"}
{"address":"/cue/bpm068/start","args":null,"channel":"system","dir":"out","t":"2026-07-19T02:52:30.788081Z","type":"osc"}
{"address":"/cue/g1/start","args":null,"channel":"system","dir":"out","t":"2026-07-19T02:52:30.7890892Z","type":"osc"}
{"channel":"rr","display":10.499422531760752,"mu":0,"quality":"OK","raw":1505.3,"sigma":1.5,"state":"CALIBRATING","t":"2026-07-19T02:52:30.790625Z","type":"sample"}
{"channel":"gsr","display":2519.9,"mu":0,"quality":"OK","raw":2519.9,"sigma":10,"state":"CALIBRATING","t":"2026-07-19T02:52:30.8225125Z","type":"sample"}
{"channel":"rr","display":10.499422531760752,"mu":0,"quality":"OK","raw":1504.2,"sigma":1.5,"state":"CALIBRATING","t":"2026-07-19T02:52:30.8304192Z","type":"sample"}
{"channel":"rr","display":10.499422531760752,"mu":0,"quality":"OK","raw":1505.6,"sigma":1.5,"state":"CALIBRATING","t":"2026-07-19T02:52:30.8701361Z","type":"sample"}
{"channel":"rr","display":10.499422531760752,"mu":0,"quality":"OK","raw":1505,"sigma":1.5,"state":"CALIBRATING","t":"2026-07-19T02:52:30.9107819Z","type":"sample"}
{"channel":"gsr","display":2520.5,"mu":0,"quality":"OK","raw":2520.5,"sigma":10,"state":"CALIBRATING","t":"2026-07-19T02:52:30.9259843Z","type":"sample"}
{"channel":"rr","display":10.499422531760752,"mu":0,"quality":"OK","raw":1505.2,"sigma":1.5,"state":"CALIBRATING","t":"2026-07-19T02:52:30.9508875Z","type":"sample"}
{"channel":"rr","display":10.499422531760752,"mu":0,"quality":"OK","raw":1505.6,"sigma":1.5,"state":"CALIBRATING","t":"2026-07-19T02:52:30.9908393Z","type":"sample"}
{"channel":"gsr","display":2520.7,"mu":0,"quality":"OK","raw":2520.7,"sigma":10,"state":"CALIBRATING","t":"2026-07-19T02:52:31.0248172Z","type":"sample"}
{"channel":"rr","display":10.499422531760752,"mu":0,"quality":"OK","raw":1505.6,"sigma":1.5,"state":"CALIBRATING","t":"2026-07-19T02:52:31.0307212Z","type":"sample"}
{"channel":"rr","display":10.499422531760752,"mu":0,"quality":"OK","raw":1504.7,"sigma":1.5,"state":"CALIBRATING","t":"2026-07-19T02:52:31.0708059Z","type":"sample"}
{"channel":"rr","display":10.499422531760752,"mu":0,"quality":"OK","raw":1504.4,"sigma":1.5,"state":"CALIBRATING","t":"2026-07-19T02:52:31.1094629Z","type":"sample"}
{"channel":"gsr","display":2522.5,"mu":0,"quality":"OK","raw":2522.5,"sigma":10,"state":"CALIBRATING","t":"2026-07-19T02:52:31.1258766Z","type":"sample"}
{"channel":"rr","display":10.499422531760752,"mu":0,"quality":"OK","raw":1505.8,"sigma":1.5,"state":"CALIBRATING","t":"2026-07-19T02:52:31.1459117Z","type":"sample"}
{"channel":"rr","display":10.499422531760752,"mu":0,"quality":"OK","raw":1504.8,"sigma":1.5,"state":"CALIBRATING","t":"2026-07-19T02:52:31.1904373Z","type":"sample"}
{"channel":"gsr","display":2522.8,"mu":0,"quality":"OK","raw":2522.8,"sigma":10,"state":"CALIBRATING","t":"2026-07-19T02:52:31.2225185Z","type":"sample"}
{"channel":"rr","display":10.499422531760752,"mu":0,"quality":"OK","raw":1504.4,"sigma":1.5,"state":"CALIBRATING","t":"2026-07-19T02:52:31.2304044Z","type":"sample"}
{"channel":"hr","display":68,"mu":0,"quality":"OK","raw":68,"sigma":3,"state":"CALIBRATING","t":"2026-07-19T02:52:31.2314559Z","type":"sample"}
{"channel":"rr","display":10.499422531760752,"mu":0,"quality":"OK","raw":1503.8,"sigma":1.5,"state":"CALIBRATING","t":"2026-07-19T02:52:31.2709842Z","type":"sample"}
{"channel":"rr","display":10.499422531760752,"mu":0,"quality":"OK","raw":1503.9,"sigma":1.5,"state":"CALIBRATING","t":"2026-07-19T02:52:31.3108647Z","type":"sample"}
{"channel":"gsr","display":2528.9,"mu":0,"quality":"OK","raw":2528.9,"sigma":10,"state":"CALIBRATING","t":"2026-07-19T02:52:31.3259867Z","type":"sample"}
{"channel":"rr","display":10.499422531760752,"mu":0,"quality":"OK","raw":1503.5,"sigma":1.5,"state":"CALIBRATING","t":"2026-07-19T02:52:31.348162Z","type":"sample"}
{"channel":"rr","display":10.499422531760752,"mu":0,"quality":"OK","raw":1502.3,"sigma":1.5,"state":"CALIBRATING","t":"2026-07-19T02:52:31.3900151Z","type":"sample"}
{"channel":"gsr","display":2532.1,"mu":0,"quality":"OK","raw":2532.1,"sigma":10,"state":"CALIBRATING","t":"2026-07-19T02:52:31.4260049Z","type":"sample"}
{"channel":"rr","display":10.499422531760752,"mu":0,"quality":"OK","raw":1498.6,"sigma":1.5,"state":"CALIBRATING","t":"2026-07-19T02:52:31.4307925Z","type":"sample"}
{"address":"/cue/p/start","args":null,"channel":"system","dir":"out","t":"2026-07-19T02:52:31.4520683Z","type":"osc"}
{"channel":"rr","display":10.499422531760752,"mu":0,"quality":"OK","raw":1497.5,"sigma":1.5,"state":"CALIBRATING","t":"2026-07-19T02:52:31.4703913Z","type":"sample"}
{"address":"/cue/r19/start","args":null,"channel":"system","dir":"out","t":"2026-07-19T02:52:31.4990633Z","type":"osc"}
{"channel":"rr","display":10.499422531760752,"mu":0,"quality":"OK","raw":1494.2,"sigma":1.5,"state":"CALIBRATING","t":"2026-07-19T02:52:31.5086795Z","type":"sample"}
{"channel":"gsr","display":2529.8,"mu":0,"quality":"OK","raw":2529.8,"sigma":10,"state":"CALIBRATING","t":"2026-07-19T02:52:31.5259171Z","type":"sample"}
{"channel":"rr","display":10.499422531760752,"mu":0,"quality":"OK","raw":1488.6,"sigma":1.5,"state":"CALIBRATING","t":"2026-07-19T02:52:31.5428959Z","type":"sample"}
{"channel":"rr","display":10.499422531760752,"mu":0,"quality":"OK","raw":1485.8,"sigma":1.5,"state":"CALIBRATING","t":"2026-07-19T02:52:31.589156Z","type":"sample"}
{"channel":"gsr","display":2528.6,"mu":0,"quality":"OK","raw":2528.6,"sigma":10,"state":"CALIBRATING","t":"2026-07-19T02:52:31.6239753Z","type":"sample"}
{"channel":"rr","display":10.499422531760752,"mu":0,"quality":"OK","raw":1483.4,"sigma":1.5,"state":"CALIBRATING","t":"2026-07-19T02:52:31.6306629Z","type":"sample"}
{"channel":"rr","display":10.499422531760752,"mu":0,"quality":"OK","raw":1480.3,"sigma":1.5,"state":"CALIBRATING","t":"2026-07-19T02:52:31.6702752Z","type":"sample"}
{"channel":"rr","display":10.499422531760752,"mu":0,"quality":"OK","raw":1477.6,"sigma":1.5,"state":"CALIBRATING","t":"2026-07-19T02:52:31.7062469Z","type":"sample"}
{"channel":"gsr","display":2531.7,"mu":0,"quality":"OK","raw":2531.7,"sigma":10,"state":"CALIBRATING","t":"2026-07-19T02:52:31.7225694Z","type":"sample"}
{"channel":"hr","display":68,"mu":0,"quality":"OK","raw":68,"sigma":3,"state":"CALIBRATING","t":"2026-07-19T02:52:31.7301697Z","type":"sample"}
{"channel":"rr","display":10.499422531760752,"mu":0,"quality":"OK","raw":1473.1,"sigma":1.5,"state":"CALIBRATING","t":"2026-07-19T02:52:31.7509642Z","type":"sample"}
{"channel":"rr","display":10.499422531760752,"mu":0,"quality":"OK","raw":1467.3,"sigma":1.5,"state":"CALIBRATING","t":"2026-07-19T02:52:31.7908243Z","type":"sample"}
{"address":"/cue/bpm068/start","args":null,"channel":"system","dir":"out","t":"2026-07-19T02:52:31.8021195Z","type":"osc"}
{"address":"/cue/g1/start","args":null,"channel":"system","dir":"out","t":"2026-07-19T02:52:31.8031537Z","type":"osc"}
{"channel":"gsr","display":2531.4,"mu":0,"quality":"OK","raw":2531.4,"sigma":10,"state":"CALIBRATING","t":"2026-07-19T02:52:31.82506Z","type":"sample"}
{"channel":"rr","display":10.499422531760752,"mu":0,"quality":"OK","raw":1462.4,"sigma":1.5,"state":"CALIBRATING","t":"2026-07-19T02:52:31.8303173Z","type":"sample"}
{"channel":"rr","display":10.499422531760752,"mu":0,"quality":"OK","raw":1457.9,"sigma":1.5,"state":"CALIBRATING","t":"2026-07-19T02:52:31.8706809Z","type":"sample"}
{"channel":"rr","display":10.499422531760752,"mu":0,"quality":"OK","raw":1453.8,"sigma":1.5,"state":"CALIBRATING","t":"2026-07-19T02:52:31.9107648Z","type":"sample"}
{"channel":"gsr","display":2536.1,"mu":0,"quality":"OK","raw":2536.1,"sigma":10,"state":"CALIBRATING","t":"2026-07-19T02:52:31.9246487Z","type":"sample"}
{"channel":"rr","display":10.499422531760752,"mu":0,"quality":"OK","raw":1454.2,"sigma":1.5,"state":"CALIBRATING","t":"2026-07-19T02:52:31.9509154Z","type":"sample"}
{"channel":"rr","display":10.499422531760752,"mu":0,"quality":"OK","raw":1447.6,"sigma":1.5,"state":"CALIBRATING","t":"2026-07-19T02:52:31.9908938Z","type":"sample"}
{"channel":"gsr","display":2530.2,"mu":0,"quality":"OK","raw":2530.2,"sigma":10,"state":"CALIBRATING","t":"2026-07-19T02:52:32.0259951Z","type":"sample"}
{"channel":"rr","display":10.499422531760752,"mu":0,"quality":"OK","raw":1442.2,"sigma":1.5,"state":"CALIBRATING","t":"2026-07-19T02:52:32.0307001Z","type":"sample"}
{"channel":"rr","display":10.499422531760752,"mu":0,"quality":"OK","raw":1438.9,"sigma":1.5,"state":"CALIBRATING","t":"2026-07-19T02:52:32.0709509Z","type":"sample"}
{"channel":"rr","display":10.499422531760752,"mu":0,"quality":"OK","raw":1436.8,"sigma":1.5,"state":"CALIBRATING","t":"2026-07-19T02:52:32.1081175Z","type":"sample"}
{"channel":"gsr","display":2531.8,"mu":0,"quality":"OK","raw":2531.8,"sigma":10,"state":"CALIBRATING","t":"2026-07-19T02:52:32.1259463Z","type":"sample"}
{"channel":"rr","display":10.499422531760752,"mu":0,"quality":"OK","raw":1434.2,"sigma":1.5,"state":"CALIBRATING","t":"2026-07-19T02:52:32.1509054Z","type":"sample"}
{"channel":"rr","display":10.499422531760752,"mu":0,"quality":"OK","raw":1431.3,"sigma":1.5,"state":"CALIBRATING","t":"2026-07-19T02:52:32.1886693Z","type":"sample"}
{"channel":"gsr","display":2532.2,"mu":0,"quality":"OK","raw":2532.2,"sigma":10,"state":"CALIBRATING","t":"2026-07-19T02:52:32.2237771Z","type":"sample"}
{"channel":"rr","display":10.499422531760752,"mu":0,"quality":"OK","raw":1430.3,"sigma":1.5,"state":"CALIBRATING","t":"2026-07-19T02:52:32.2304874Z","type":"sample"}
{"channel":"hr","display":68,"mu":0,"quality":"OK","raw":68,"sigma":3,"state":"CALIBRATING","t":"2026-07-19T02:52:32.3279806Z","type":"sample"}
{"channel":"rr","display":10.499422531760752,"mu":0,"quality":"OK","raw":1418.1,"sigma":1.5,"state":"CALIBRATING","t":"2026-07-19T02:52:32.3333132Z","type":"sample"}
{"address":"/cue/p/start","args":null,"channel":"system","dir":"out","t":"2026-07-19T02:52:32.3355962Z","type":"osc"}
{"channel":"gsr","display":2524.5,"mu":0,"quality":"OK","raw":2524.5,"sigma":10,"state":"CALIBRATING","t":"2026-07-19T02:52:32.3415841Z","type":"sample"}
{"channel":"rr","display":10.499422531760752,"mu":0,"quality":"OK","raw":1410.4,"sigma":1.5,"state":"CALIBRATING","t":"2026-07-19T02:52:32.3723652Z","type":"sample"}
{"channel":"rr","display":10.499422531760752,"mu":0,"quality":"OK","raw":1408.2,"sigma":1.5,"state":"CALIBRATING","t":"2026-07-19T02:52:32.4126322Z","type":"sample"}
{"channel":"gsr","display":2530.5,"mu":0,"quality":"OK","raw":2530.5,"sigma":10,"state":"CALIBRATING","t":"2026-07-19T02:52:32.4405817Z","type":"sample"}
{"channel":"rr","display":10.499422531760752,"mu":0,"quality":"OK","raw":1404.8,"sigma":1.5,"state":"CALIBRATING","t":"2026-07-19T02:52:32.4527444Z","type":"sample"}
{"channel":"rr","display":10.499422531760752,"mu":0,"quality":"OK","raw":1402.6,"sigma":1.5,"state":"CALIBRATING","t":"2026-07-19T02:52:32.4918452Z","type":"sample"}
{"address":"/cue/r19/start","args":null,"channel":"system","dir":"out","t":"2026-07-19T02:52:32.5067169Z","type":"osc"}
{"channel":"rr","display":10.499422531760752,"mu":0,"quality":"OK","raw":1400.6,"sigma":1.5,"state":"CALIBRATING","t":"2026-07-19T02:52:32.5309265Z","type":"sample"}
{"channel":"gsr","display":2538,"mu":0,"quality":"OK","raw":2538,"sigma":10,"state":"CALIBRATING","t":"2026-07-19T02:52:32.5416773Z","type":"sample"}
{"channel":"rr","display":10.499422531760752,"mu":0,"quality":"OK","raw":1399.1,"sigma":1.5,"state":"CALIBRATING","t":"2026-07-19T02:52:32.5727957Z","type":"sample"}
{"channel":"rr","display":10.499422531760752,"mu":0,"quality":"OK","raw":1395.1,"sigma":1.5,"state":"CALIBRATING","t":"2026-07-19T02:52:32.6105014Z","type":"sample"}
{"channel":"gsr","display":2531.1,"mu":0,"quality":"OK","raw":2531.1,"sigma":10,"state":"CALIBRATING","t":"2026-07-19T02:52:32.6393692Z","type":"sample"}
{"channel":"rr","display":10.499422531760752,"mu":0,"quality":"OK","raw":1387.6,"sigma":1.5,"state":"CALIBRATING","t":"2026-07-19T02:52:32.6491323Z","type":"sample"}
{"channel":"rr","display":10.499422531760752,"mu":0,"quality":"OK","raw":1383.1,"sigma":1.5,"state":"CALIBRATING","t":"2026-07-19T02:52:32.6897289Z","type":"sample"}
{"channel":"rr","display":10.499422531760752,"mu":0,"quality":"OK","raw":1380.7,"sigma":1.5,"state":"CALIBRATING","t":"2026-07-19T02:52:32.7315324Z","type":"sample"}
{"channel":"gsr","display":2524.7,"mu":0,"quality":"OK","raw":2524.7,"sigma":10,"state":"CALIBRATING","t":"2026-07-19T02:52:32.7412743Z","type":"sample"}
{"channel":"hr","display":68,"mu":0,"quality":"OK","raw":68,"sigma":3,"state":"CALIBRATING","t":"2026-07-19T02:52:32.7423487Z","type":"sample"}
{"channel":"rr","display":10.499422531760752,"mu":0,"quality":"OK","raw":1376.9,"sigma":1.5,"state":"CALIBRATING","t":"2026-07-19T02:52:32.7723929Z","type":"sample"}
{"address":"/cue/bpm068/start","args":null,"channel":"system","dir":"out","t":"2026-07-19T02:52:32.808704Z","type":"osc"}
{"address":"/cue/g1/start","args":null,"channel":"system","dir":"out","t":"2026-07-19T02:52:32.8097819Z","type":"osc"}
{"channel":"rr","display":10.499422531760752,"mu":0,"quality":"OK","raw":1368.9,"sigma":1.5,"state":"CALIBRATING","t":"2026-07-19T02:52:32.8124757Z","type":"sample"}
{"channel":"gsr","display":2524.4,"mu":0,"quality":"OK","raw":2524.4,"sigma":10,"state":"CALIBRATING","t":"2026-07-19T02:52:32.839223Z","type":"sample"}
{"channel":"rr","display":10.499422531760752,"mu":0,"quality":"OK","raw":1361.6,"sigma":1.5,"state":"CALIBRATING","t":"2026-07-19T02:52:32.8526336Z","type":"sample"}
{"channel":"rr","display":10.499422531760752,"mu":0,"quality":"OK","raw":1349.8,"sigma":1.5,"state":"CALIBRATING","t":"2026-07-19T02:52:32.8897065Z","type":"sample"}
{"channel":"rr","display":10.499422531760752,"mu":0,"quality":"OK","raw":1340.8,"sigma":1.5,"state":"CALIBRATING","t":"2026-07-19T02:52:32.9306599Z","type":"sample"}
{"channel":"gsr","display":2519.2,"mu":0,"quality":"OK","raw":2519.2,"sigma":10,"state":"CALIBRATING","t":"2026-07-19T02:52:32.9401252Z","type":"sample"}
{"channel":"rr","display":10.499422531760752,"mu":0,"quality":"OK","raw":1336.3,"sigma":1.5,"state":"CALIBRATING","t":"2026-07-19T02:52:32.9728699Z","type":"sample"}
{"channel":"rr","display":10.499422531760752,"mu":0,"quality":"OK","raw":1330.3,"sigma":1.5,"state":"CALIBRATING","t":"2026-07-19T02:52:33.0126143Z","type":"sample"}
{"channel":"gsr","display":2520.3,"mu":0,"quality":"OK","raw":2520.3,"sigma":10,"state":"CALIBRATING","t":"2026-07-19T02:52:33.0409309Z","type":"sample"}
{"channel":"rr","display":10.499422531760752,"mu":0,"quality":"OK","raw":1323.2,"sigma":1.5,"state":"CALIBRATING","t":"2026-07-19T02:52:33.0498182Z","type":"sample"}
{"channel":"rr","display":10.499422531760752,"mu":0,"quality":"OK","raw":1314.8,"sigma":1.5,"state":"CALIBRATING","t":"2026-07-19T02:52:33.0928091Z","type":"sample"}
{"channel":"rr","display":10.499422531760752,"mu":0,"quality":"OK","raw":1306.9,"sigma":1.5,"state":"CALIBRATING","t":"2026-07-19T02:52:33.1328424Z","type":"sample"}
{"channel":"gsr","display":2515.7,"mu":0,"quality":"OK","raw":2515.7,"sigma":10,"state":"CALIBRATING","t":"2026-07-19T02:52:33.1416633Z","type":"sample"}
{"channel":"rr","display":10.499422531760752,"mu":0,"quality":"OK","raw":1301.9,"sigma":1.5,"state":"CALIBRATING","t":"2026-07-19T02:52:33.1724633Z","type":"sample"}
{"channel":"rr","display":10.499422531760752,"mu":0,"quality":"OK","raw":1292.6,"sigma":1.5,"state":"CALIBRATING","t":"2026-07-19T02:52:33.2109642Z","type":"sample"}
{"address":"/cue/p/start","args":null,"channel":"system","dir":"out","t":"2026-07-19T02:52:33.2191485Z","type":"osc"}
{"channel":"gsr","display":2514.1,"mu":0,"quality":"OK","raw":2514.1,"sigma":10,"state":"CALIBRATING","t":"2026-07-19T02:52:33.2385466Z","type":"sample"}
{"channel":"hr","display":68,"mu":0,"quality":"OK","raw":68,"sigma":3,"state":"CALIBRATING","t":"2026-07-19T02:52:33.2414298Z","type":"sample"}
{"channel":"rr","display":10.499422531760752,"mu":0,"quality":"OK","raw":1286,"sigma":1.5,"state":"CALIBRATING","t":"2026-07-19T02:52:33.2528039Z","type":"sample"}
{"channel":"rr","display":10.499422531760752,"mu":0,"quality":"OK","raw":1273.8,"sigma":1.5,"state":"CALIBRATING","t":"2026-07-19T02:52:33.2928002Z","type":"sample"}
{"channel":"rr","display":10.499422531760752,"mu":0,"quality":"OK","raw":1266.2,"sigma":1.5,"state":"CALIBRATING","t":"2026-07-19T02:52:33.3297982Z","type":"sample"}
{"channel":"gsr","display":2504.9,"mu":0,"quality":"OK","raw":2504.9,"sigma":10,"state":"CALIBRATING","t":"2026-07-19T02:52:33.3410249Z","type":"sample"}
{"channel":"rr","display":10.499422531760752,"mu":0,"quality":"OK","raw":1257.4,"sigma":1.5,"state":"CALIBRATING","t":"2026-07-19T02:52:33.3727865Z","type":"sample"}
{"channel":"rr","display":10.499422531760752,"mu":0,"quality":"OK","raw":1248,"sigma":1.5,"state":"CALIBRATING","t":"2026-07-19T02:52:33.412997Z","type":"sample"}
{"channel":"gsr","display":2513.7,"mu":0,"quality":"OK","raw":2513.7,"sigma":10,"state":"CALIBRATING","t":"2026-07-19T02:52:33.4395067Z","type":"sample"}
{"channel":"rr","display":10.499422531760752,"mu":0,"quality":"OK","raw":1241.7,"sigma":1.5,"state":"CALIBRATING","t":"2026-07-19T02:52:33.4505941Z","type":"sample"}
{"channel":"rr","display":10.499422531760752,"mu":0,"quality":"OK","raw":1235.8,"sigma":1.5,"state":"CALIBRATING","t":"2026-07-19T02:52:33.4902589Z","type":"sample"}
{"address":"/cue/r19/start","args":null,"channel":"system","dir":"out","t":"2026-07-19T02:52:33.5138781Z","type":"osc"}
{"channel":"rr","display":10.499422531760752,"mu":0,"quality":"OK","raw":1228.5,"sigma":1.5,"state":"CALIBRATING","t":"2026-07-19T02:52:33.5318784Z","type":"sample"}
{"channel":"gsr","display":2509.7,"mu":0,"quality":"OK","raw":2509.7,"sigma":10,"state":"CALIBRATING","t":"2026-07-19T02:52:33.5415559Z","type":"sample"}
{"channel":"rr","display":10.499422531760752,"mu":0,"quality":"OK","raw":1221.4,"sigma":1.5,"state":"CALIBRATING","t":"2026-07-19T02:52:33.5719496Z","type":"sample"}
{"channel":"rr","display":10.499422531760752,"mu":0,"quality":"OK","raw":1213.4,"sigma":1.5,"state":"CALIBRATING","t":"2026-07-19T02:52:33.6071424Z","type":"sample"}
{"channel":"gsr","display":2511,"mu":0,"quality":"OK","raw":2511,"sigma":10,"state":"CALIBRATING","t":"2026-07-19T02:52:33.6392164Z","type":"sample"}
{"channel":"rr","display":10.499422531760752,"mu":0,"quality":"OK","raw":1207.9,"sigma":1.5,"state":"CALIBRATING","t":"2026-07-19T02:52:33.648388Z","type":"sample"}
{"channel":"rr","display":10.499422531760752,"mu":0,"quality":"OK","raw":1203,"sigma":1.5,"state":"CALIBRATING","t":"2026-07-19T02:52:33.6887799Z","type":"sample"}
{"channel":"rr","display":10.499422531760752,"mu":0,"quality":"OK","raw":1197.1,"sigma":1.5,"state":"CALIBRATING","t":"2026-07-19T02:52:33.7328357Z","type":"sample"}
{"channel":"gsr","display":2508.5,"mu":0,"quality":"OK","raw":2508.5,"sigma":10,"state":"CALIBRATING","t":"2026-07-19T02:52:33.7400347Z","type":"sample"}
{"channel":"hr","display":68,"mu":0,"quality":"OK","raw":68,"sigma":3,"state":"CALIBRATING","t":"2026-07-19T02:52:33.7422527Z","type":"sample"}
{"channel":"rr","display":10.499422531760752,"mu":0,"quality":"OK","raw":1193.8,"sigma":1.5,"state":"CALIBRATING","t":"2026-07-19T02:52:33.7725649Z","type":"sample"}
{"channel":"rr","display":10.499422531760752,"mu":0,"quality":"OK","raw":1193.1,"sigma":1.5,"state":"CALIBRATING","t":"2026-07-19T02:52:33.8122117Z","type":"sample"}
{"address":"/cue/bpm068/start","args":null,"channel":"system","dir":"out","t":"2026-07-19T02:52:33.821601Z","type":"osc"}
{"address":"/cue/g1/start","args":null,"channel":"system","dir":"out","t":"2026-07-19T02:52:33.8224503Z","type":"osc"}
{"channel":"gsr","display":2510.4,"mu":0,"quality":"OK","raw":2510.4,"sigma":10,"state":"CALIBRATING","t":"2026-07-19T02:52:33.8399488Z","type":"sample"}
{"channel":"rr","display":10.499422531760752,"mu":0,"quality":"OK","raw":1187.9,"sigma":1.5,"state":"CALIBRATING","t":"2026-07-19T02:52:33.8487479Z","type":"sample"}
{"channel":"rr","display":10.499422531760752,"mu":0,"quality":"OK","raw":1182.9,"sigma":1.5,"state":"CALIBRATING","t":"2026-07-19T02:52:33.8927963Z","type":"sample"}
{"channel":"rr","display":10.499422531760752,"mu":0,"quality":"OK","raw":1181.1,"sigma":1.5,"state":"CALIBRATING","t":"2026-07-19T02:52:33.9295123Z","type":"sample"}
{"channel":"gsr","display":2509.4,"mu":0,"quality":"OK","raw":2509.4,"sigma":10,"state":"CALIBRATING","t":"2026-07-19T02:52:33.9420546Z","type":"sample"}
{"channel":"rr","display":10.499422531760752,"mu":0,"quality":"OK","raw":1177.3,"sigma":1.5,"state":"CALIBRATING","t":"2026-07-19T02:52:33.9719393Z","type":"sample"}
{"channel":"rr","display":10.499422531760752,"mu":0,"quality":"OK","raw":1175,"sigma":1.5,"state":"CALIBRATING","t":"2026-07-19T02:52:34.0091556Z","type":"sample"}
{"channel":"gsr","display":2515.1,"mu":0,"quality":"OK","raw":2515.1,"sigma":10,"state":"CALIBRATING","t":"2026-07-19T02:52:34.0395375Z","type":"sample"}
{"channel":"rr","display":10.499422531760752,"mu":0,"quality":"OK","raw":1170.9,"sigma":1.5,"state":"CALIBRATING","t":"2026-07-19T02:52:34.0476995Z","type":"sample"}
{"channel":"rr","display":10.499422531760752,"mu":0,"quality":"OK","raw":1166.6,"sigma":1.5,"state":"CALIBRATING","t":"2026-07-19T02:52:34.0927912Z","type":"sample"}
{"address":"/cue/p/start","args":null,"channel":"system","dir":"out","t":"2026-07-19T02:52:34.0979368Z","type":"osc"}
{"channel":"rr","display":10.499422531760752,"mu":0,"quality":"OK","raw":1165.7,"sigma":1.5,"state":"CALIBRATING","t":"2026-07-19T02:52:34.1308022Z","type":"sample"}
{"channel":"gsr","display":2512.1,"mu":0,"quality":"OK","raw":2512.1,"sigma":10,"state":"CALIBRATING","t":"2026-07-19T02:52:34.1417138Z","type":"sample"}
{"channel":"rr","display":10.499422531760752,"mu":0,"quality":"OK","raw":1162.1,"sigma":1.5,"state":"CALIBRATING","t":"2026-07-19T02:52:34.1728398Z","type":"sample"}
{"channel":"rr","display":10.499422531760752,"mu":0,"quality":"OK","raw":1158.8,"sigma":1.5,"state":"CALIBRATING","t":"2026-07-19T02:52:34.2071597Z","type":"sample"}
{"channel":"gsr","display":2510.2,"mu":0,"quality":"OK","raw":2510.2,"sigma":10,"state":"CALIBRATING","t":"2026-07-19T02:52:34.2404084Z","type":"sample"}
{"channel":"hr","display":68,"mu":0,"quality":"OK","raw":68,"sigma":3,"state":"CALIBRATING","t":"2026-07-19T02:52:34.2416391Z","type":"sample"}
{"channel":"rr","display":10.499422531760752,"mu":0,"quality":"OK","raw":1157.4,"sigma":1.5,"state":"CALIBRATING","t":"2026-07-19T02:52:34.2526196Z","type":"sample"}
{"channel":"rr","display":10.499422531760752,"mu":0,"quality":"OK","raw":1157.6,"sigma":1.5,"state":"CALIBRATING","t":"2026-07-19T02:52:34.2928008Z","type":"sample"}
{"channel":"rr","display":10.499422531760752,"mu":0,"quality":"OK","raw":1158.4,"sigma":1.5,"state":"CALIBRATING","t":"2026-07-19T02:52:34.3296252Z","type":"sample"}
{"channel":"gsr","display":2512.4,"mu":0,"quality":"OK","raw":2512.4,"sigma":10,"state":"CALIBRATING","t":"2026-07-19T02:52:34.3417061Z","type":"sample"}
{"channel":"rr","display":10.499422531760752,"mu":0,"quality":"OK","raw":1156.6,"sigma":1.5,"state":"CALIBRATING","t":"2026-07-19T02:52:34.3724958Z","type":"sample"}
{"channel":"rr","display":10.499422531760752,"mu":0,"quality":"OK","raw":1151.8,"sigma":1.5,"state":"CALIBRATING","t":"2026-07-19T02:52:34.4122853Z","type":"sample"}
{"channel":"gsr","display":2512.2,"mu":0,"quality":"OK","raw":2512.2,"sigma":10,"state":"CALIBRATING","t":"2026-07-19T02:52:34.4394386Z","type":"sample"}
{"channel":"rr","display":10.499422531760752,"mu":0,"quality":"OK","raw":1154.8,"sigma":1.5,"state":"CALIBRATING","t":"2026-07-19T02:52:34.4505073Z","type":"sample"}
{"channel":"rr","display":10.499422531760752,"mu":0,"quality":"OK","raw":1152.8,"sigma":1.5,"state":"CALIBRATING","t":"2026-07-19T02:52:34.4928222Z","type":"sample"}
{"address":"/cue/r19/start","args":null,"channel":"system","dir":"out","t":"2026-07-19T02:52:34.5260019Z","type":"osc"}
{"channel":"rr","display":10.499422531760752,"mu":0,"quality":"OK","raw":1154.3,"sigma":1.5,"state":"CALIBRATING","t":"2026-07-19T02:52:34.5327787Z","type":"sample"}
{"channel":"gsr","display":2514.7,"mu":0,"quality":"OK","raw":2514.7,"sigma":10,"state":"CALIBRATING","t":"2026-07-19T02:52:34.5412484Z","type":"sample"}
{"channel":"rr","display":10.499422531760752,"mu":0,"quality":"OK","raw":1153.4,"sigma":1.5,"state":"CALIBRATING","t":"2026-07-19T02:52:34.5726605Z","type":"sample"}
{"channel":"rr","display":10.499422531760752,"mu":0,"quality":"OK","raw":1153.7,"sigma":1.5,"state":"CALIBRATING","t":"2026-07-19T02:52:34.6055374Z","type":"sample"}
{"channel":"gsr","display":2522.4,"mu":0,"quality":"OK","raw":2522.4,"sigma":10,"state":"CALIBRATING","t":"2026-07-19T02:52:34.6396513Z","type":"sample"}
{"channel":"rr","display":10.499422531760752,"mu":0,"quality":"OK","raw":1153.2,"sigma":1.5,"state":"CALIBRATING","t":"2026-07-19T02:52:34.6528254Z","type":"sample"}
{"channel":"rr","display":10.499422531760752,"mu":0,"quality":"OK","raw":1151.6,"sigma":1.5,"state":"CALIBRATING","t":"2026-07-19T02:52:34.6926989Z","type":"sample"}
{"channel":"rr","display":10.499422531760752,"mu":0,"quality":"OK","raw":1153.4,"sigma":1.5,"state":"CALIBRATING","t":"2026-07-19T02:52:34.7328477Z","type":"sample"}
{"channel":"gsr","display":2517.4,"mu":0,"quality":"OK","raw":2517.4,"sigma":10,"state":"CALIBRATING","t":"2026-07-19T02:52:34.7409991Z","type":"sample"}
{"channel":"hr","display":68,"mu":0,"quality":"OK","raw":68,"sigma":3,"state":"CALIBRATING","t":"2026-07-19T02:52:34.7422856Z","type":"sample"}
{"channel":"rr","display":10.499422531760752,"mu":0,"quality":"OK","raw":1153.4,"sigma":1.5,"state":"CALIBRATING","t":"2026-07-19T02:52:34.7729615Z","type":"sample"}
{"channel":"rr","display":10.499422531760752,"mu":0,"quality":"OK","raw":1156.8,"sigma":1.5,"state":"CALIBRATING","t":"2026-07-19T02:52:34.8128044Z","type":"sample"}
{"address":"/cue/bpm068/start","args":null,"channel":"system","dir":"out","t":"2026-07-19T02:52:34.8276966Z","type":"osc"}
{"address":"/cue/g1/start","args":null,"channel":"system","dir":"out","t":"2026-07-19T02:52:34.8287404Z","type":"osc"}
{"channel":"gsr","display":2523.5,"mu":0,"quality":"OK","raw":2523.5,"sigma":10,"state":"CALIBRATING","t":"2026-07-19T02:52:34.8405446Z","type":"sample"}
{"channel":"rr","display":10.499422531760752,"mu":0,"quality":"OK","raw":1154.2,"sigma":1.5,"state":"CALIBRATING","t":"2026-07-19T02:52:34.8518602Z","type":"sample"}
{"channel":"rr","display":10.499422531760752,"mu":0,"quality":"OK","raw":1155.3,"sigma":1.5,"state":"CALIBRATING","t":"2026-07-19T02:52:34.8927949Z","type":"sample"}
{"channel":"rr","display":10.499422531760752,"mu":0,"quality":"OK","raw":1152.1,"sigma":1.5,"state":"CALIBRATING","t":"2026-07-19T02:52:34.9329627Z","type":"sample"}
{"channel":"gsr","display":2526.1,"mu":0,"quality":"OK","raw":2526.1,"sigma":10,"state":"CALIBRATING","t":"2026-07-19T02:52:34.9413372Z","type":"sample"}
{"channel":"rr","display":10.499422531760752,"mu":0,"quality":"OK","raw":1154.1,"sigma":1.5,"state":"CALIBRATING","t":"2026-07-19T02:52:34.9719357Z","type":"sample"}
{"address":"/cue/p/start","args":null,"channel":"system","dir":"out","t":"2026-07-19T02:52:34.9798508Z","type":"osc"}
{"channel":"rr","display":10.499422531760752,"mu":0,"quality":"OK","raw":1154.9,"sigma":1.5,"state":"CALIBRATING","t":"2026-07-19T02:52:35.0059977Z","type":"sample"}
{"channel":"gsr","display":2527.1,"mu":0,"quality":"OK","raw":2527.1,"sigma":10,"state":"CALIBRATING","t":"2026-07-19T02:52:35.0393365Z","type":"sample"}
{"channel":"rr","display":10.499422531760752,"mu":0,"quality":"OK","raw":1152.3,"sigma":1.5,"state":"CALIBRATING","t":"2026-07-19T02:52:35.0503755Z","type":"sample"}
{"channel":"rr","display":10.499422531760752,"mu":0,"quality":"OK","raw":1154.6,"sigma":1.5,"state":"CALIBRATING","t":"2026-07-19T02:52:35.0927725Z","type":"sample"}
{"channel":"rr","display":10.499422531760752,"mu":0,"quality":"OK","raw":1154.9,"sigma":1.5,"state":"CALIBRATING","t":"2026-07-19T02:52:35.1315641Z","type":"sample"}
{"channel":"gsr","display":2525.9,"mu":0,"quality":"OK","raw":2525.9,"sigma":10,"state":"CALIBRATING","t":"2026-07-19T02:52:35.1394428Z","type":"sample"}
{"channel":"rr","display":10.499422531760752,"mu":0,"quality":"OK","raw":1154.4,"sigma":1.5,"state":"CALIBRATING","t":"2026-07-19T02:52:35.1729495Z","type":"sample"}
{"channel":"rr","display":10.499422531760752,"mu":0,"quality":"OK","raw":1155.4,"sigma":1.5,"state":"CALIBRATING","t":"2026-07-19T02:52:35.212808Z","type":"sample"}
{"channel":"gsr","display":2530.2,"mu":0,"quality":"OK","raw":2530.2,"sigma":10,"state":"CALIBRATING","t":"2026-07-19T02:52:35.2393Z","type":"sample"}
{"channel":"hr","display":68,"mu":0,"quality":"OK","raw":68,"sigma":3,"state":"CALIBRATING","t":"2026-07-19T02:52:35.2414658Z","type":"sample"}
{"channel":"rr","display":10.499422531760752,"mu":0,"quality":"OK","raw":1153.6,"sigma":1.5,"state":"CALIBRATING","t":"2026-07-19T02:52:35.2527586Z","type":"sample"}
{"channel":"rr","display":10.499422531760752,"mu":0,"quality":"OK","raw":1154.4,"sigma":1.5,"state":"CALIBRATING","t":"2026-07-19T02:52:35.2927864Z","type":"sample"}
{"channel":"rr","display":10.499422531760752,"mu":0,"quality":"OK","raw":1156.2,"sigma":1.5,"state":"CALIBRATING","t":"2026-07-19T02:52:35.332732Z","type":"sample"}
{"channel":"gsr","display":2532.9,"mu":0,"quality":"OK","raw":2532.9,"sigma":10,"state":"CALIBRATING","t":"2026-07-19T02:52:35.3406218Z","type":"sample"}
{"channel":"rr","display":10.499422531760752,"mu":0,"quality":"OK","raw":1156.2,"sigma":1.5,"state":"CALIBRATING","t":"2026-07-19T02:52:35.3728908Z","type":"sample"}
{"channel":"rr","display":10.499422531760752,"mu":0,"quality":"OK","raw":1156.4,"sigma":1.5,"state":"CALIBRATING","t":"2026-07-19T02:52:35.4058237Z","type":"sample"}
{"channel":"gsr","display":2534.9,"mu":0,"quality":"OK","raw":2534.9,"sigma":10,"state":"CALIBRATING","t":"2026-07-19T02:52:35.4395169Z","type":"sample"}
{"channel":"rr","display":10.499422531760752,"mu":0,"quality":"OK","raw":1158.3,"sigma":1.5,"state":"CALIBRATING","t":"2026-07-19T02:52:35.4478566Z","type":"sample"}
{"channel":"rr","display":10.499422531760752,"mu":0,"quality":"OK","raw":1164,"sigma":1.5,"state":"CALIBRATING","t":"2026-07-19T02:52:35.4890579Z","type":"sample"}
{"address":"/cue/r19/start","args":null,"channel":"system","dir":"out","t":"2026-07-19T02:52:35.5321037Z","type":"osc"}
{"channel":"rr","display":10.499422531760752,"mu":0,"quality":"OK","raw":1168.9,"sigma":1.5,"state":"CALIBRATING","t":"2026-07-19T02:52:35.532647Z","type":"sample"}
{"channel":"gsr","display":2536.8,"mu":0,"quality":"OK","raw":2536.8,"sigma":10,"state":"CALIBRATING","t":"2026-07-19T02:52:35.541413Z","type":"sample"}
{"channel":"rr","display":10.499422531760752,"mu":0,"quality":"OK","raw":1175.9,"sigma":1.5,"state":"CALIBRATING","t":"2026-07-19T02:52:35.5722317Z","type":"sample"}
{"channel":"rr","display":10.499422531760752,"mu":0,"quality":"OK","raw":1187.5,"sigma":1.5,"state":"CALIBRATING","t":"2026-07-19T02:52:35.6128412Z","type":"sample"}
{"channel":"gsr","display":2547.3,"mu":0,"quality":"OK","raw":2547.3,"sigma":10,"state":"CALIBRATING","t":"2026-07-19T02:52:35.6391957Z","type":"sample"}
{"channel":"rr","display":10.499422531760752,"mu":0,"quality":"OK","raw":1200.2,"sigma":1.5,"state":"CALIBRATING","t":"2026-07-19T02:52:35.6527409Z","type":"sample"}
{"channel":"rr","display":10.499422531760752,"mu":0,"quality":"OK","raw":1210.9,"sigma":1.5,"state":"CALIBRATING","t":"2026-07-19T02:52:35.6927569Z","type":"sample"}
{"channel":"rr","display":10.499422531760752,"mu":0,"quality":"OK","raw":1230.6,"sigma":1.5,"state":"CALIBRATING","t":"2026-07-19T02:52:35.7328742Z","type":"sample"}
{"channel":"gsr","display":2549.7,"mu":0,"quality":"OK","raw":2549.7,"sigma":10,"state":"CALIBRATING","t":"2026-07-19T02:52:35.7412195Z","type":"sample"}
{"channel":"hr","display":68,"mu":0,"quality":"OK","raw":68,"sigma":3,"state":"CALIBRATING","t":"2026-07-19T02:52:35.7422375Z","type":"sample"}
{"channel":"rr","display":10.499422531760752,"mu":0,"quality":"OK","raw":1244.4,"sigma":1.5,"state":"CALIBRATING","t":"2026-07-19T02:52:35.7724073Z","type":"sample"}
{"channel":"rr","display":10.499422531760752,"mu":0,"quality":"OK","raw":1258.6,"sigma":1.5,"state":"CALIBRATING","t":"2026-07-19T02:52:35.8061422Z","type":"sample"}
{"address":"/cue/bpm068/start","args":null,"channel":"system","dir":"out","t":"2026-07-19T02:52:35.8368953Z","type":"osc"}
{"address":"/cue/g1/start","args":null,"channel":"system","dir":"out","t":"2026-07-19T02:52:35.8403339Z","type":"osc"}
{"channel":"gsr","display":2558.1,"mu":0,"quality":"OK","raw":2558.1,"sigma":10,"state":"CALIBRATING","t":"2026-07-19T02:52:35.8408434Z","type":"sample"}
{"channel":"rr","display":10.499422531760752,"mu":0,"quality":"OK","raw":1270.4,"sigma":1.5,"state":"CALIBRATING","t":"2026-07-19T02:52:35.8527495Z","type":"sample"}
{"address":"/cue/p/start","args":null,"channel":"system","dir":"out","t":"2026-07-19T02:52:35.8621397Z","type":"osc"}
{"channel":"rr","display":10.499422531760752,"mu":0,"quality":"OK","raw":1284.5,"sigma":1.5,"state":"CALIBRATING","t":"2026-07-19T02:52:35.8928372Z","type":"sample"}
{"channel":"rr","display":10.499422531760752,"mu":0,"quality":"OK","raw":1296.1,"sigma":1.5,"state":"CALIBRATING","t":"2026-07-19T02:52:35.9304541Z","type":"sample"}
{"channel":"gsr","display":2550.6,"mu":0,"quality":"OK","raw":2550.6,"sigma":10,"state":"CALIBRATING","t":"2026-07-19T02:52:35.9415787Z","type":"sample"}
{"channel":"rr","display":10.499422531760752,"mu":0,"quality":"OK","raw":1309.8,"sigma":1.5,"state":"CALIBRATING","t":"2026-07-19T02:52:35.972161Z","type":"sample"}
{"channel":"rr","display":10.499422531760752,"mu":0,"quality":"OK","raw":1323.4,"sigma":1.5,"state":"CALIBRATING","t":"2026-07-19T02:52:36.012572Z","type":"sample"}
{"channel":"gsr","display":2554.8,"mu":0,"quality":"OK","raw":2554.8,"sigma":10,"state":"CALIBRATING","t":"2026-07-19T02:52:36.0405308Z","type":"sample"}
{"channel":"rr","display":10.418475429762111,"mu":0,"quality":"OK","raw":1337.2,"sigma":1.5,"state":"CALIBRATING","t":"2026-07-19T02:52:36.0512979Z","type":"sample"}
{"channel":"rr","display":10.418475429762111,"mu":0,"quality":"OK","raw":1354.1,"sigma":1.5,"state":"CALIBRATING","t":"2026-07-19T02:52:36.0889778Z","type":"sample"}
{"channel":"rr","display":10.418475429762111,"mu":0,"quality":"OK","raw":1370.6,"sigma":1.5,"state":"CALIBRATING","t":"2026-07-19T02:52:36.1323253Z","type":"sample"}
{"channel":"gsr","display":2555.7,"mu":0,"quality":"OK","raw":2555.7,"sigma":10,"state":"CALIBRATING","t":"2026-07-19T02:52:36.141372Z","type":"sample"}
{"channel":"rr","display":10.418475429762111,"mu":0,"quality":"OK","raw":1381.8,"sigma":1.5,"state":"CALIBRATING","t":"2026-07-19T02:52:36.1728483Z","type":"sample"}
{"channel":"rr","display":10.418475429762111,"mu":0,"quality":"OK","raw":1396.1,"sigma":1.5,"state":"CALIBRATING","t":"2026-07-19T02:52:36.2056795Z","type":"sample"}
{"channel":"gsr","display":2560.5,"mu":0,"quality":"OK","raw":2560.5,"sigma":10,"state":"CALIBRATING","t":"2026-07-19T02:52:36.2388198Z","type":"sample"}
{"channel":"hr","display":68,"mu":0,"quality":"OK","raw":68,"sigma":3,"state":"CALIBRATING","t":"2026-07-19T02:52:36.2388198Z","type":"sample"}
{"channel":"rr","display":10.418475429762111,"mu":0,"quality":"OK","raw":1409.6,"sigma":1.5,"state":"CALIBRATING","t":"2026-07-19T02:52:36.2524895Z","type":"sample"}
{"channel":"rr","display":10.418475429762111,"mu":0,"quality":"OK","raw":1419.1,"sigma":1.5,"state":"CALIBRATING","t":"2026-07-19T02:52:36.2926421Z","type":"sample"}
{"channel":"rr","display":10.418475429762111,"mu":0,"quality":"OK","raw":1425.5,"sigma":1.5,"state":"CALIBRATING","t":"2026-07-19T02:52:36.3295004Z","type":"sample"}
{"channel":"gsr","display":2566.2,"mu":0,"quality":"OK","raw":2566.2,"sigma":10,"state":"CALIBRATING","t":"2026-07-19T02:52:36.341215Z","type":"sample"}
{"channel":"rr","display":10.418475429762111,"mu":0,"quality":"OK","raw":1427.4,"sigma":1.5,"state":"CALIBRATING","t":"2026-07-19T02:52:36.3728167Z","type":"sample"}
{"channel":"rr","display":10.418475429762111,"mu":0,"quality":"OK","raw":1426.2,"sigma":1.5,"state":"CALIBRATING","t":"2026-07-19T02:52:36.409961Z","type":"sample"}
{"channel":"gsr","display":2566.5,"mu":0,"quality":"OK","raw":2566.5,"sigma":10,"state":"CALIBRATING","t":"2026-07-19T02:52:36.4409532Z","type":"sample"}
{"channel":"rr","display":10.418475429762111,"mu":0,"quality":"OK","raw":1427.6,"sigma":1.5,"state":"CALIBRATING","t":"2026-07-19T02:52:36.452772Z","type":"sample"}
{"channel":"rr","display":10.418475429762111,"mu":0,"quality":"OK","raw":1425.7,"sigma":1.5,"state":"CALIBRATING","t":"2026-07-19T02:52:36.4927626Z","type":"sample"}
{"channel":"rr","display":10.418475429762111,"mu":0,"quality":"OK","raw":1427.1,"sigma":1.5,"state":"CALIBRATING","t":"2026-07-19T02:52:36.5312779Z","type":"sample"}
{"channel":"gsr","display":2565.4,"mu":0,"quality":"OK","raw":2565.4,"sigma":10,"state":"CALIBRATING","t":"2026-07-19T02:52:36.5416397Z","type":"sample"}
{"address":"/cue/r19/start","args":null,"channel":"system","dir":"out","t":"2026-07-19T02:52:36.5526524Z","type":"osc"}
{"channel":"rr","display":10.418475429762111,"mu":0,"quality":"OK","raw":1426.3,"sigma":1.5,"state":"CALIBRATING","t":"2026-07-19T02:52:36.5727111Z","type":"sample"}
{"channel":"rr","display":10.418475429762111,"mu":0,"quality":"OK","raw":1426.3,"sigma":1.5,"state":"CALIBRATING","t":"2026-07-19T02:52:36.6127832Z","type":"sample"}
{"channel":"gsr","display":2570.2,"mu":0,"quality":"OK","raw":2570.2,"sigma":10,"state":"CALIBRATING","t":"2026-07-19T02:52:36.6410154Z","type":"sample"}
{"channel":"rr","display":10.418475429762111,"mu":0,"quality":"OK","raw":1425.2,"sigma":1.5,"state":"CALIBRATING","t":"2026-07-19T02:52:36.6518177Z","type":"sample"}
{"channel":"rr","display":10.418475429762111,"mu":0,"quality":"OK","raw":1426.6,"sigma":1.5,"state":"CALIBRATING","t":"2026-07-19T02:52:36.6927557Z","type":"sample"}
{"channel":"rr","display":10.418475429762111,"mu":0,"quality":"OK","raw":1425.2,"sigma":1.5,"state":"CALIBRATING","t":"2026-07-19T02:52:36.7308219Z","type":"sample"}
{"channel":"gsr","display":2569.2,"mu":0,"quality":"OK","raw":2569.2,"sigma":10,"state":"CALIBRATING","t":"2026-07-19T02:52:36.7393829Z","type":"sample"}
{"address":"/cue/p/start","args":null,"channel":"system","dir":"out","t":"2026-07-19T02:52:36.7437636Z","type":"osc"}
{"channel":"hr","display":68,"mu":0,"quality":"OK","raw":68,"sigma":3,"state":"CALIBRATING","t":"2026-07-19T02:52:36.7890729Z","type":"sample"}
{"channel":"rr","display":10.418475429762111,"mu":0,"quality":"OK","raw":1425.9,"sigma":1.5,"state":"CALIBRATING","t":"2026-07-19T02:52:36.8067687Z","type":"sample"}
{"channel":"gsr","display":2562.8,"mu":0,"quality":"OK","raw":2562.8,"sigma":10,"state":"CALIBRATING","t":"2026-07-19T02:52:36.8394474Z","type":"sample"}
{"channel":"rr","display":10.418475429762111,"mu":0,"quality":"OK","raw":1425.3,"sigma":1.5,"state":"CALIBRATING","t":"2026-07-19T02:52:36.8464182Z","type":"sample"}
{"address":"/cue/bpm068/start","args":null,"channel":"system","dir":"out","t":"2026-07-19T02:52:36.8592968Z","type":"osc"}
{"address":"/cue/g1/start","args":null,"channel":"system","dir":"out","t":"2026-07-19T02:52:36.8603788Z","type":"osc"}
{"channel":"rr","display":10.418475429762111,"mu":0,"quality":"OK","raw":1422.9,"sigma":1.5,"state":"CALIBRATING","t":"2026-07-19T02:52:36.8861068Z","type":"sample"}
{"channel":"rr","display":10.418475429762111,"mu":0,"quality":"OK","raw":1424.5,"sigma":1.5,"state":"CALIBRATING","t":"2026-07-19T02:52:36.922592Z","type":"sample"}
{"channel":"gsr","display":2574.5,"mu":0,"quality":"OK","raw":2574.5,"sigma":10,"state":"CALIBRATING","t":"2026-07-19T02:52:36.9406184Z","type":"sample"}
{"channel":"rr","display":10.418475429762111,"mu":0,"quality":"OK","raw":1425.2,"sigma":1.5,"state":"CALIBRATING","t":"2026-07-19T02:52:36.9654512Z","type":"sample"}
{"channel":"rr","display":10.418475429762111,"mu":0,"quality":"OK","raw":1425.8,"sigma":1.5,"state":"CALIBRATING","t":"2026-07-19T02:52:37.0052191Z","type":"sample"}
{"channel":"gsr","display":2574.3,"mu":0,"quality":"OK","raw":2574.3,"sigma":10,"state":"CALIBRATING","t":"2026-07-19T02:52:37.0409288Z","type":"sample"}
{"channel":"rr","display":10.418475429762111,"mu":0,"quality":"OK","raw":1424.8,"sigma":1.5,"state":"CALIBRATING","t":"2026-07-19T02:52:37.0465954Z","type":"sample"}
{"channel":"rr","display":10.418475429762111,"mu":0,"quality":"OK","raw":1424.9,"sigma":1.5,"state":"CALIBRATING","t":"2026-07-19T02:52:37.0865109Z","type":"sample"}
{"channel":"rr","display":10.418475429762111,"mu":0,"quality":"OK","raw":1424.5,"sigma":1.5,"state":"CALIBRATING","t":"2026-07-19T02:52:37.1247786Z","type":"sample"}
{"channel":"gsr","display":2579.7,"mu":0,"quality":"OK","raw":2579.7,"sigma":10,"state":"CALIBRATING","t":"2026-07-19T02:52:37.140948Z","type":"sample"}
{"channel":"rr","display":10.418475429762111,"mu":0,"quality":"OK","raw":1424.1,"sigma":1.5,"state":"CALIBRATING","t":"2026-07-19T02:52:37.1668237Z","type":"sample"}
{"channel":"rr","display":10.418475429762111,"mu":0,"quality":"OK","raw":1424.3,"sigma":1.5,"state":"CALIBRATING","t":"2026-07-19T02:52:37.205398Z","type":"sample"}
{"channel":"gsr","display":2582.4,"mu":0,"quality":"OK","raw":2582.4,"sigma":10,"state":"CALIBRATING","t":"2026-07-19T02:52:37.2392607Z","type":"sample"}
{"channel":"hr","display":68,"mu":0,"quality":"OK","raw":68,"sigma":3,"state":"CALIBRATING","t":"2026-07-19T02:52:37.2414523Z","type":"sample"}
{"channel":"rr","display":10.418475429762111,"mu":0,"quality":"OK","raw":1424.4,"sigma":1.5,"state":"CALIBRATING","t":"2026-07-19T02:52:37.2467073Z","type":"sample"}
{"channel":"rr","display":10.418475429762111,"mu":0,"quality":"OK","raw":1424,"sigma":1.5,"state":"CALIBRATING","t":"2026-07-19T02:52:37.2867915Z","type":"sample"}
{"channel":"rr","display":10.418475429762111,"mu":0,"quality":"OK","raw":1422.9,"sigma":1.5,"state":"CALIBRATING","t":"2026-07-19T02:52:37.3268009Z","type":"sample"}
{"channel":"gsr","display":2584.8,"mu":0,"quality":"OK","raw":2584.8,"sigma":10,"state":"CALIBRATING","t":"2026-07-19T02:52:37.3395101Z","type":"sample"}
{"channel":"rr","display":10.418475429762111,"mu":0,"quality":"OK","raw":1420.1,"sigma":1.5,"state":"CALIBRATING","t":"2026-07-19T02:52:37.3644752Z","type":"sample"}
{"channel":"rr","display":10.418475429762111,"mu":0,"quality":"OK","raw":1418.2,"sigma":1.5,"state":"CALIBRATING","t":"2026-07-19T02:52:37.4052612Z","type":"sample"}
{"channel":"gsr","display":2587.2,"mu":0,"quality":"OK","raw":2587.2,"sigma":10,"state":"CALIBRATING","t":"2026-07-19T02:52:37.4408912Z","type":"sample"}
{"channel":"rr","display":10.418475429762111,"mu":0,"quality":"OK","raw":1412.7,"sigma":1.5,"state":"CALIBRATING","t":"2026-07-19T02:52:37.4464028Z","type":"sample"}
{"channel":"rr","display":10.418475429762111,"mu":0,"quality":"OK","raw":1405.7,"sigma":1.5,"state":"CALIBRATING","t":"2026-07-19T02:52:37.4838678Z","type":"sample"}
{"channel":"rr","display":10.418475429762111,"mu":0,"quality":"OK","raw":1405.4,"sigma":1.5,"state":"CALIBRATING","t":"2026-07-19T02:52:37.522806Z","type":"sample"}
{"channel":"gsr","display":2585.3,"mu":0,"quality":"OK","raw":2585.3,"sigma":10,"state":"CALIBRATING","t":"2026-07-19T02:52:37.5407352Z","type":"sample"}
{"address":"/cue/r19/start","args":null,"channel":"system","dir":"out","t":"2026-07-19T02:52:37.5641375Z","type":"osc"}
{"channel":"rr","display":10.418475429762111,"mu":0,"quality":"OK","raw":1401.2,"sigma":1.5,"state":"CALIBRATING","t":"2026-07-19T02:52:37.5663427Z","type":"sample"}
{"channel":"rr","display":10.418475429762111,"mu":0,"quality":"OK","raw":1400.2,"sigma":1.5,"state":"CALIBRATING","t":"2026-07-19T02:52:37.6065484Z","type":"sample"}
{"address":"/cue/p/start","args":null,"channel":"system","dir":"out","t":"2026-07-19T02:52:37.6256228Z","type":"osc"}
{"channel":"gsr","display":2584.5,"mu":0,"quality":"OK","raw":2584.5,"sigma":10,"state":"CALIBRATING","t":"2026-07-19T02:52:37.6393565Z","type":"sample"}
{"channel":"rr","display":10.418475429762111,"mu":0,"quality":"OK","raw":1398.4,"sigma":1.5,"state":"CALIBRATING","t":"2026-07-19T02:52:37.6463371Z","type":"sample"}
{"channel":"rr","display":10.418475429762111,"mu":0,"quality":"OK","raw":1395.7,"sigma":1.5,"state":"CALIBRATING","t":"2026-07-19T02:52:37.6786342Z","type":"sample"}
{"channel":"rr","display":10.418475429762111,"mu":0,"quality":"OK","raw":1389.7,"sigma":1.5,"state":"CALIBRATING","t":"2026-07-19T02:52:37.7267645Z","type":"sample"}
{"channel":"gsr","display":2589.6,"mu":0,"quality":"OK","raw":2589.6,"sigma":10,"state":"CALIBRATING","t":"2026-07-19T02:52:37.7407364Z","type":"sample"}
{"channel":"hr","display":68,"mu":0,"quality":"OK","raw":68,"sigma":3,"state":"CALIBRATING","t":"2026-07-19T02:52:37.7414244Z","type":"sample"}
{"channel":"rr","display":10.418475429762111,"mu":0,"quality":"OK","raw":1383.9,"sigma":1.5,"state":"CALIBRATING","t":"2026-07-19T02:52:37.7670024Z","type":"sample"}
{"channel":"rr","display":10.418475429762111,"mu":0,"quality":"OK","raw":1381.4,"sigma":1.5,"state":"CALIBRATING","t":"2026-07-19T02:52:37.8054849Z","type":"sample"}
{"channel":"gsr","display":2590.7,"mu":0,"quality":"OK","raw":2590.7,"sigma":10,"state":"CALIBRATING","t":"2026-07-19T02:52:37.8409906Z","type":"sample"}
{"channel":"rr","display":10.418475429762111,"mu":0,"quality":"OK","raw":1376.4,"sigma":1.5,"state":"CALIBRATING","t":"2026-07-19T02:52:37.8466437Z","type":"sample"}
{"address":"/cue/bpm068/start","args":null,"channel":"system","dir":"out","t":"2026-07-19T02:52:37.8659743Z","type":"osc"}
{"address":"/cue/g1/start","args":null,"channel":"system","dir":"out","t":"2026-07-19T02:52:37.8670023Z","type":"osc"}
{"channel":"rr","display":10.418475429762111,"mu":0,"quality":"OK","raw":1370.8,"sigma":1.5,"state":"CALIBRATING","t":"2026-07-19T02:52:37.8868167Z","type":"sample"}
{"channel":"rr","display":10.418475429762111,"mu":0,"quality":"OK","raw":1364.4,"sigma":1.5,"state":"CALIBRATING","t":"2026-07-19T02:52:37.9268236Z","type":"sample"}
{"channel":"gsr","display":2589.1,"mu":0,"quality":"OK","raw":2589.1,"sigma":10,"state":"CALIBRATING","t":"2026-07-19T02:52:37.9407906Z","type":"sample"}
{"channel":"rr","display":10.418475429762111,"mu":0,"quality":"OK","raw":1358.5,"sigma":1.5,"state":"CALIBRATING","t":"2026-07-19T02:52:37.9647312Z","type":"sample"}
{"channel":"rr","display":10.418475429762111,"mu":0,"quality":"OK","raw":1351.4,"sigma":1.5,"state":"CALIBRATING","t":"2026-07-19T02:52:38.0066081Z","type":"sample"}
{"channel":"gsr","display":2588.4,"mu":0,"quality":"OK","raw":2588.4,"sigma":10,"state":"CALIBRATING","t":"2026-07-19T02:52:38.040314Z","type":"sample"}
{"channel":"rr","display":10.418475429762111,"mu":0,"quality":"OK","raw":1341.4,"sigma":1.5,"state":"CALIBRATING","t":"2026-07-19T02:52:38.0462427Z","type":"sample"}
{"channel":"rr","display":10.418475429762111,"mu":0,"quality":"OK","raw":1337.2,"sigma":1.5,"state":"CALIBRATING","t":"2026-07-19T02:52:38.0788821Z","type":"sample"}
{"channel":"rr","display":10.418475429762111,"mu":0,"quality":"OK","raw":1332.8,"sigma":1.5,"state":"CALIBRATING","t":"2026-07-19T02:52:38.1222871Z","type":"sample"}
{"channel":"gsr","display":2585.1,"mu":0,"quality":"OK","raw":2585.1,"sigma":10,"state":"CALIBRATING","t":"2026-07-19T02:52:38.1399042Z","type":"sample"}
{"channel":"rr","display":10.418475429762111,"mu":0,"quality":"OK","raw":1330.5,"sigma":1.5,"state":"CALIBRATING","t":"2026-07-19T02:52:38.1654837Z","type":"sample"}
{"channel":"rr","display":10.418475429762111,"mu":0,"quality":"OK","raw":1325.2,"sigma":1.5,"state":"CALIBRATING","t":"2026-07-19T02:52:38.2063176Z","type":"sample"}
{"channel":"gsr","display":2587.2,"mu":0,"quality":"OK","raw":2587.2,"sigma":10,"state":"CALIBRATING","t":"2026-07-19T02:52:38.240288Z","type":"sample"}
{"channel":"hr","display":67,"mu":0,"quality":"OK","raw":67,"sigma":3,"state":"CALIBRATING","t":"2026-07-19T02:52:38.2414615Z","type":"sample"}
{"channel":"rr","display":10.418475429762111,"mu":0,"quality":"OK","raw":1321.7,"sigma":1.5,"state":"CALIBRATING","t":"2026-07-19T02:52:38.2467699Z","type":"sample"}
{"channel":"rr","display":10.418475429762111,"mu":0,"quality":"OK","raw":1317.3,"sigma":1.5,"state":"CALIBRATING","t":"2026-07-19T02:52:38.2814759Z","type":"sample"}
{"channel":"rr","display":10.418475429762111,"mu":0,"quality":"OK","raw":1311.4,"sigma":1.5,"state":"CALIBRATING","t":"2026-07-19T02:52:38.3221332Z","type":"sample"}
{"channel":"gsr","display":2582.8,"mu":0,"quality":"OK","raw":2582.8,"sigma":10,"state":"CALIBRATING","t":"2026-07-19T02:52:38.3408138Z","type":"sample"}
{"channel":"rr","display":10.418475429762111,"mu":0,"quality":"OK","raw":1307.8,"sigma":1.5,"state":"CALIBRATING","t":"2026-07-19T02:52:38.3668916Z","type":"sample"}
{"channel":"rr","display":10.418475429762111,"mu":0,"quality":"OK","raw":1304.3,"sigma":1.5,"state":"CALIBRATING","t":"2026-07-19T02:52:38.4052761Z","type":"sample"}
{"channel":"gsr","display":2585,"mu":0,"quality":"OK","raw":2585,"sigma":10,"state":"CALIBRATING","t":"2026-07-19T02:52:38.440734Z","type":"sample"}
{"channel":"rr","display":10.418475429762111,"mu":0,"quality":"OK","raw":1299.8,"sigma":1.5,"state":"CALIBRATING","t":"2026-07-19T02:52:38.4464957Z","type":"sample"}
{"channel":"rr","display":10.418475429762111,"mu":0,"quality":"OK","raw":1294.2,"sigma":1.5,"state":"CALIBRATING","t":"2026-07-19T02:52:38.4824137Z","type":"sample"}
{"address":"/cue/p/start","args":null,"channel":"system","dir":"out","t":"2026-07-19T02:52:38.50776Z","type":"osc"}
{"channel":"rr","display":10.418475429762111,"mu":0,"quality":"OK","raw":1291.9,"sigma":1.5,"state":"CALIBRATING","t":"2026-07-19T02:52:38.5268083Z","type":"sample"}
{"channel":"gsr","display":2582.3,"mu":0,"quality":"OK","raw":2582.3,"sigma":10,"state":"CALIBRATING","t":"2026-07-19T02:52:38.5406587Z","type":"sample"}
{"channel":"rr","display":10.418475429762111,"mu":0,"quality":"OK","raw":1288.7,"sigma":1.5,"state":"CALIBRATING","t":"2026-07-19T02:52:38.5667791Z","type":"sample"}
{"address":"/cue/r19/start","args":null,"channel":"system","dir":"out","t":"2026-07-19T02:52:38.5784329Z","type":"osc"}
{"channel":"rr","display":10.418475429762111,"mu":0,"quality":"OK","raw":1285.8,"sigma":1.5,"state":"CALIBRATING","t":"2026-07-19T02:52:38.6066418Z","type":"sample"}
{"channel":"gsr","display":2581.8,"mu":0,"quality":"OK","raw":2581.8,"sigma":10,"state":"CALIBRATING","t":"2026-07-19T02:52:38.6399821Z","type":"sample"}
{"channel":"rr","display":10.418475429762111,"mu":0,"quality":"OK","raw":1279.3,"sigma":1.5,"state":"CALIBRATING","t":"2026-07-19T02:52:38.6463734Z","type":"sample"}
{"channel":"rr","display":10.418475429762111,"mu":0,"quality":"OK","raw":1273.4,"sigma":1.5,"state":"CALIBRATING","t":"2026-07-19T02:52:38.6843068Z","type":"sample"}
{"channel":"rr","display":10.418475429762111,"mu":0,"quality":"OK","raw":1270.8,"sigma":1.5,"state":"CALIBRATING","t":"2026-07-19T02:52:38.7270929Z","type":"sample"}
{"channel":"gsr","display":2583.5,"mu":0,"quality":"OK","raw":2583.5,"sigma":10,"state":"CALIBRATING","t":"2026-07-19T02:52:38.7409159Z","type":"sample"}
{"channel":"hr","display":67,"mu":0,"quality":"OK","raw":67,"sigma":3,"state":"CALIBRATING","t":"2026-07-19T02:52:38.7414197Z","type":"sample"}
{"channel":"rr","display":10.418475429762111,"mu":0,"quality":"OK","raw":1263.5,"sigma":1.5,"state":"CALIBRATING","t":"2026-07-19T02:52:38.7668877Z","type":"sample"}
{"channel":"rr","display":10.418475429762111,"mu":0,"quality":"OK","raw":1258.1,"sigma":1.5,"state":"CALIBRATING","t":"2026-07-19T02:52:38.8054714Z","type":"sample"}
{"channel":"gsr","display":2577.4,"mu":0,"quality":"OK","raw":2577.4,"sigma":10,"state":"CALIBRATING","t":"2026-07-19T02:52:38.8388188Z","type":"sample"}
{"channel":"rr","display":10.418475429762111,"mu":0,"quality":"OK","raw":1252.6,"sigma":1.5,"state":"CALIBRATING","t":"2026-07-19T02:52:38.8466942Z","type":"sample"}
{"address":"/cue/bpm067/start","args":null,"channel":"system","dir":"out","t":"2026-07-19T02:52:38.8807425Z","type":"osc"}
{"address":"/cue/g1/start","args":null,"channel":"system","dir":"out","t":"2026-07-19T02:52:38.8818097Z","type":"osc"}
{"channel":"rr","display":10.418475429762111,"mu":0,"quality":"OK","raw":1244.2,"sigma":1.5,"state":"CALIBRATING","t":"2026-07-19T02:52:38.8868445Z","type":"sample"}
{"channel":"rr","display":10.418475429762111,"mu":0,"quality":"OK","raw":1237.6,"sigma":1.5,"state":"CALIBRATING","t":"2026-07-19T02:52:38.9228196Z","type":"sample"}
{"channel":"gsr","display":2578.8,"mu":0,"quality":"OK","raw":2578.8,"sigma":10,"state":"CALIBRATING","t":"2026-07-19T02:52:38.9401367Z","type":"sample"}
{"channel":"rr","display":10.418475429762111,"mu":0,"quality":"OK","raw":1229.1,"sigma":1.5,"state":"CALIBRATING","t":"2026-07-19T02:52:38.965967Z","type":"sample"}
{"channel":"rr","display":10.418475429762111,"mu":0,"quality":"OK","raw":1219.9,"sigma":1.5,"state":"CALIBRATING","t":"2026-07-19T02:52:39.0068654Z","type":"sample"}
{"channel":"gsr","display":2575.5,"mu":0,"quality":"OK","raw":2575.5,"sigma":10,"state":"CALIBRATING","t":"2026-07-19T02:52:39.0390093Z","type":"sample"}
{"channel":"rr","display":10.418475429762111,"mu":0,"quality":"OK","raw":1219.1,"sigma":1.5,"state":"CALIBRATING","t":"2026-07-19T02:52:39.0467018Z","type":"sample"}
{"channel":"rr","display":10.418475429762111,"mu":0,"quality":"OK","raw":1217.3,"sigma":1.5,"state":"CALIBRATING","t":"2026-07-19T02:52:39.0867498Z","type":"sample"}
{"channel":"rr","display":10.418475429762111,"mu":0,"quality":"OK","raw":1212.2,"sigma":1.5,"state":"CALIBRATING","t":"2026-07-19T02:52:39.1267322Z","type":"sample"}
{"channel":"gsr","display":2575.5,"mu":0,"quality":"OK","raw":2575.5,"sigma":10,"state":"CALIBRATING","t":"2026-07-19T02:52:39.1407489Z","type":"sample"}
{"channel":"rr","display":10.418475429762111,"mu":0,"quality":"OK","raw":1209.7,"sigma":1.5,"state":"CALIBRATING","t":"2026-07-19T02:52:39.1637974Z","type":"sample"}
{"channel":"gsr","event":"state_change","from":"CALIBRATING","t":"2026-07-19T02:52:39.1766103Z","to":"IDLE","type":"event"}
{"channel":"gsr","event":"calibrated","mu":2555.6929411764713,"n":255,"sigma":42.002139408355056,"t":"2026-07-19T02:52:39.1766103Z","type":"event"}
{"channel":"hr","event":"state_change","from":"CALIBRATING","t":"2026-07-19T02:52:39.1766103Z","to":"IDLE","type":"event"}
{"channel":"hr","event":"calibrated","mu":67.84313725490196,"n":51,"sigma":3,"t":"2026-07-19T02:52:39.1766103Z","type":"event"}
{"channel":"rr","event":"state_change","from":"CALIBRATING","t":"2026-07-19T02:52:39.1766103Z","to":"IDLE","type":"event"}
{"channel":"rr","event":"calibrated","mu":10.38172249271692,"n":4,"sigma":1.5,"t":"2026-07-19T02:52:39.1766103Z","type":"event"}
{"channel":"rr","display":10.418475429762111,"mu":10.38172249271692,"quality":"OK","raw":1209,"sigma":1.5,"state":"IDLE","t":"2026-07-19T02:52:39.2058545Z","type":"sample"}
{"channel":"gsr","display":2575,"mu":2555.789476470589,"quality":"OK","raw":2575,"sigma":41.91912820948885,"state":"IDLE","t":"2026-07-19T02:52:39.239551Z","type":"sample"}
{"channel":"hr","display":67,"mu":67.83892156862746,"quality":"OK","raw":67,"sigma":3,"state":"IDLE","t":"2026-07-19T02:52:39.2415213Z","type":"sample"}
{"channel":"rr","display":10.418475429762111,"mu":10.38172249271692,"quality":"OK","raw":1210.4,"sigma":1.5,"state":"IDLE","t":"2026-07-19T02:52:39.2467966Z","type":"sample"}
{"channel":"rr","display":10.418475429762111,"mu":10.38172249271692,"quality":"OK","raw":1208.9,"sigma":1.5,"state":"IDLE","t":"2026-07-19T02:52:39.2867704Z","type":"sample"}
{"channel":"rr","display":10.418475429762111,"mu":10.38172249271692,"quality":"OK","raw":1208.2,"sigma":1.5,"state":"IDLE","t":"2026-07-19T02:52:39.3254251Z","type":"sample"}
{"channel":"gsr","display":2573.2,"mu":2555.876529088236,"quality":"OK","raw":2573.2,"sigma":41.8322279682059,"state":"IDLE","t":"2026-07-19T02:52:39.3400316Z","type":"sample"}
{"channel":"rr","display":10.418475429762111,"mu":10.38172249271692,"quality":"OK","raw":1208.1,"sigma":1.5,"state":"IDLE","t":"2026-07-19T02:52:39.3669372Z","type":"sample"}
{"address":"/cue/p/start","args":null,"channel":"system","dir":"out","t":"2026-07-19T02:52:39.4056999Z","type":"osc"}
{"channel":"rr","display":10.418475429762111,"mu":10.38172249271692,"quality":"OK","raw":1208,"sigma":1.5,"state":"IDLE","t":"2026-07-19T02:52:39.4062654Z","type":"sample"}
{"channel":"gsr","display":2577.7,"mu":2555.985646442795,"quality":"OK","raw":2577.7,"sigma":41.75589818356379,"state":"IDLE","t":"2026-07-19T02:52:39.4400226Z","type":"sample"}
{"channel":"rr","display":10.418475429762111,"mu":10.38172249271692,"quality":"OK","raw":1207.3,"sigma":1.5,"state":"IDLE","t":"2026-07-19T02:52:39.4462555Z","type":"sample"}
{"channel":"rr","display":10.418475429762111,"mu":10.38172249271692,"quality":"OK","raw":1208,"sigma":1.5,"state":"IDLE","t":"2026-07-19T02:52:39.4815906Z","type":"sample"}
{"channel":"rr","display":10.418475429762111,"mu":10.38172249271692,"quality":"OK","raw":1207.8,"sigma":1.5,"state":"IDLE","t":"2026-07-19T02:52:39.5220468Z","type":"sample"}
{"channel":"gsr","display":2573.2,"mu":2556.071718210581,"quality":"OK","raw":2573.2,"sigma":41.66907149725461,"state":"IDLE","t":"2026-07-19T02:52:39.5408804Z","type":"sample"}
{"channel":"rr","display":10.418475429762111,"mu":10.38172249271692,"quality":"OK","raw":1208.2,"sigma":1.5,"state":"IDLE","t":"2026-07-19T02:52:39.5669237Z","type":"sample"}
{"address":"/cue/r1/start","args":null,"channel":"system","dir":"out","t":"2026-07-19T02:52:39.5976782Z","type":"osc"}
{"channel":"rr","display":10.418475429762111,"mu":10.38172249271692,"quality":"OK","raw":1206.9,"sigma":1.5,"state":"IDLE","t":"2026-07-19T02:52:39.6064458Z","type":"sample"}
{"channel":"gsr","display":2575.2,"mu":2556.167359619528,"quality":"OK","raw":2575.2,"sigma":41.586659764737924,"state":"IDLE","t":"2026-07-19T02:52:39.6409192Z","type":"sample"}
{"channel":"rr","display":10.418475429762111,"mu":10.38172249271692,"quality":"OK","raw":1207.2,"sigma":1.5,"state":"IDLE","t":"2026-07-19T02:52:39.6466889Z","type":"sample"}
{"channel":"rr","display":10.418475429762111,"mu":10.38172249271692,"quality":"OK","raw":1208.5,"sigma":1.5,"state":"IDLE","t":"2026-07-19T02:52:39.6844079Z","type":"sample"}
{"channel":"rr","display":10.418475429762111,"mu":10.38172249271692,"quality":"OK","raw":1207.9,"sigma":1.5,"state":"IDLE","t":"2026-07-19T02:52:39.7267516Z","type":"sample"}
{"channel":"gsr","display":2577,"mu":2556.27152282143,"quality":"OK","raw":2577,"sigma":41.5085793973922,"state":"IDLE","t":"2026-07-19T02:52:39.7404821Z","type":"sample"}
{"channel":"hr","display":67,"mu":67.83472696078432,"quality":"OK","raw":67,"sigma":3,"state":"IDLE","t":"2026-07-19T02:52:39.7414116Z","type":"sample"}
{"channel":"rr","display":10.418475429762111,"mu":10.38172249271692,"quality":"OK","raw":1208.4,"sigma":1.5,"state":"IDLE","t":"2026-07-19T02:52:39.7669151Z","type":"sample"}
{"channel":"rr","display":10.418475429762111,"mu":10.38172249271692,"quality":"OK","raw":1207.4,"sigma":1.5,"state":"IDLE","t":"2026-07-19T02:52:39.8060104Z","type":"sample"}
{"channel":"gsr","display":2578.5,"mu":2556.382665207323,"quality":"OK","raw":2578.5,"sigma":41.43435200567414,"state":"IDLE","t":"2026-07-19T02:52:39.83989Z","type":"sample"}
{"channel":"rr","display":10.418475429762111,"mu":10.38172249271692,"quality":"OK","raw":1208.4,"sigma":1.5,"state":"IDLE","t":"2026-07-19T02:52:39.8465907Z","type":"sample"}
{"channel":"rr","display":10.418475429762111,"mu":10.38172249271692,"quality":"OK","raw":1207.1,"sigma":1.5,"state":"IDLE","t":"2026-07-19T02:52:39.8868187Z","type":"sample"}
{"address":"/cue/bpm067/start","args":null,"channel":"system","dir":"out","t":"2026-07-19T02:52:39.8998117Z","type":"osc"}
{"address":"/cue/g1/start","args":null,"channel":"system","dir":"out","t":"2026-07-19T02:52:39.9008422Z","type":"osc"}
{"channel":"rr","display":10.418475429762111,"mu":10.38172249271692,"quality":"OK","raw":1208.6,"sigma":1.5,"state":"IDLE","t":"2026-07-19T02:52:39.9267587Z","type":"sample"}
{"channel":"gsr","display":2585.2,"mu":2556.5267518812866,"quality":"OK","raw":2585.2,"sigma":41.38058640779048,"state":"IDLE","t":"2026-07-19T02:52:39.9405595Z","type":"sample"}
{"channel":"rr","display":10.418475429762111,"mu":10.38172249271692,"quality":"OK","raw":1206.8,"sigma":1.5,"state":"IDLE","t":"2026-07-19T02:52:39.9667849Z","type":"sample"}
{"channel":"rr","display":10.418475429762111,"mu":10.38172249271692,"quality":"OK","raw":1207.8,"sigma":1.5,"state":"IDLE","t":"2026-07-19T02:52:40.0068261Z","type":"sample"}
{"channel":"gsr","display":2587.8,"mu":2556.68311812188,"quality":"OK","raw":2587.8,"sigma":41.335902029998415,"state":"IDLE","t":"2026-07-19T02:52:40.0403546Z","type":"sample"}
{"channel":"rr","display":10.418475429762111,"mu":10.38172249271692,"quality":"OK","raw":1207.3,"sigma":1.5,"state":"IDLE","t":"2026-07-19T02:52:40.046699Z","type":"sample"}
{"channel":"rr","display":10.418475429762111,"mu":10.38172249271692,"quality":"OK","raw":1207.2,"sigma":1.5,"state":"IDLE","t":"2026-07-19T02:52:40.0867767Z","type":"sample"}
{"channel":"rr","display":10.418475429762111,"mu":10.38172249271692,"quality":"OK","raw":1207.7,"sigma":1.5,"state":"IDLE","t":"2026-07-19T02:52:40.1268394Z","type":"sample"}
{"channel":"gsr","display":2593,"mu":2556.8647025312707,"quality":"OK","raw":2593,"sigma":41.31192466225063,"state":"IDLE","t":"2026-07-19T02:52:40.1407069Z","type":"sample"}
{"channel":"rr","display":10.418475429762111,"mu":10.38172249271692,"quality":"OK","raw":1208,"sigma":1.5,"state":"IDLE","t":"2026-07-19T02:52:40.1667694Z","type":"sample"}
{"channel":"rr","display":10.418475429762111,"mu":10.38172249271692,"quality":"OK","raw":1207.6,"sigma":1.5,"state":"IDLE","t":"2026-07-19T02:52:40.2063114Z","type":"sample"}
{"channel":"gsr","display":2595.8,"mu":2557.0593790186144,"quality":"OK","raw":2595.8,"sigma":41.29992290202419,"state":"IDLE","t":"2026-07-19T02:52:40.2398691Z","type":"sample"}
{"channel":"hr","display":67,"mu":67.8305533259804,"quality":"OK","raw":67,"sigma":3,"state":"IDLE","t":"2026-07-19T02:52:40.241425Z","type":"sample"}
{"channel":"rr","display":10.418475429762111,"mu":10.38172249271692,"quality":"OK","raw":1207.7,"sigma":1.5,"state":"IDLE","t":"2026-07-19T02:52:40.2466405Z","type":"sample"}
{"channel":"rr","display":10.418475429762111,"mu":10.38172249271692,"quality":"OK","raw":1208.7,"sigma":1.5,"state":"IDLE","t":"2026-07-19T02:52:40.2814952Z","type":"sample"}
{"address":"/cue/p/start","args":null,"channel":"system","dir":"out","t":"2026-07-19T02:52:40.2993036Z","type":"osc"}
{"channel":"rr","display":10.418475429762111,"mu":10.38172249271692,"quality":"OK","raw":1207.9,"sigma":1.5,"state":"IDLE","t":"2026-07-19T02:52:40.3267494Z","type":"sample"}
{"channel":"gsr","display":2593.3,"mu":2557.2405821235216,"quality":"OK","raw":2593.3,"sigma":41.275771247003135,"state":"IDLE","t":"2026-07-19T02:52:40.3408331Z","type":"sample"}
{"channel":"rr","display":10.418475429762111,"mu":10.38172249271692,"quality":"OK","raw":1210,"sigma":1.5,"state":"IDLE","t":"2026-07-19T02:52:40.3668012Z","type":"sample"}
{"channel":"rr","display":10.418475429762111,"mu":10.38172249271692,"quality":"OK","raw":1208.3,"sigma":1.5,"state":"IDLE","t":"2026-07-19T02:52:40.4067572Z","type":"sample"}
{"channel":"gsr","display":2590,"mu":2557.404379212904,"quality":"OK","raw":2590,"sigma":41.23723940064726,"state":"IDLE","t":"2026-07-19T02:52:40.441007Z","type":"sample"}
{"channel":"rr","display":10.418475429762111,"mu":10.38172249271692,"quality":"OK","raw":1208.4,"sigma":1.5,"state":"IDLE","t":"2026-07-19T02:52:40.4463714Z","type":"sample"}
{"channel":"rr","display":10.418475429762111,"mu":10.38172249271692,"quality":"OK","raw":1208.2,"sigma":1.5,"state":"IDLE","t":"2026-07-19T02:52:40.4868158Z","type":"sample"}
{"channel":"rr","display":10.418475429762111,"mu":10.38172249271692,"quality":"OK","raw":1207.9,"sigma":1.5,"state":"IDLE","t":"2026-07-19T02:52:40.5267585Z","type":"sample"}
{"channel":"gsr","display":2584.3,"mu":2557.5388573168398,"quality":"OK","raw":2584.3,"sigma":41.177738543374886,"state":"IDLE","t":"2026-07-19T02:52:40.5408185Z","type":"sample"}
{"channel":"rr","display":10.418475429762111,"mu":10.38172249271692,"quality":"OK","raw":1208.5,"sigma":1.5,"state":"IDLE","t":"2026-07-19T02:52:40.5667839Z","type":"sample"}
{"channel":"rr","display":10.418475429762111,"mu":10.38172249271692,"quality":"OK","raw":1208.6,"sigma":1.5,"state":"IDLE","t":"2026-07-19T02:52:40.606648Z","type":"sample"}
{"address":"/cue/r1/start","args":null,"channel":"system","dir":"out","t":"2026-07-19T02:52:40.6153196Z","type":"osc"}
{"channel":"gsr","display":2591.3,"mu":2557.7076630302554,"quality":"OK","raw":2591.3,"sigma":41.14363497791962,"state":"IDLE","t":"2026-07-19T02:52:40.6404858Z","type":"sample"}
{"channel":"rr","display":10.418475429762111,"mu":10.38172249271692,"quality":"OK","raw":1210.3,"sigma":1.5,"state":"IDLE","t":"2026-07-19T02:52:40.6467006Z","type":"sample"}
{"channel":"rr","display":10.418475429762111,"mu":10.38172249271692,"quality":"OK","raw":1214.9,"sigma":1.5,"state":"IDLE","t":"2026-07-19T02:52:40.6841929Z","type":"sample"}
{"channel":"rr","display":10.418475429762111,"mu":10.38172249271692,"quality":"OK","raw":1220.9,"sigma":1.5,"state":"IDLE","t":"2026-07-19T02:52:40.7233277Z","type":"sample"}
{"channel":"gsr","display":2586.9,"mu":2557.853624715104,"quality":"OK","raw":2586.9,"sigma":41.09226646919881,"state":"IDLE","t":"2026-07-19T02:52:40.7405375Z","type":"sample"}
{"channel":"hr","display":67,"mu":67.8264005593505,"quality":"OK","raw":67,"sigma":3,"state":"IDLE","t":"2026-07-19T02:52:40.741419Z","type":"sample"}
{"channel":"rr","display":10.418475429762111,"mu":10.38172249271692,"quality":"OK","raw":1232,"sigma":1.5,"state":"IDLE","t":"2026-07-19T02:52:40.7669287Z","type":"sample"}
{"channel":"rr","display":10.418475429762111,"mu":10.38172249271692,"quality":"OK","raw":1240.2,"sigma":1.5,"state":"IDLE","t":"2026-07-19T02:52:40.8065154Z","type":"sample"}
{"channel":"gsr","display":2587.8,"mu":2558.0033565915287,"quality":"OK","raw":2587.8,"sigma":41.043793673178705,"state":"IDLE","t":"2026-07-19T02:52:40.8404872Z","type":"sample"}
{"channel":"rr","display":10.418475429762111,"mu":10.38172249271692,"quality":"OK","raw":1247.5,"sigma":1.5,"state":"IDLE","t":"2026-07-19T02:52:40.84672Z","type":"sample"}
{"channel":"rr","display":10.418475429762111,"mu":10.38172249271692,"quality":"OK","raw":1254.3,"sigma":1.5,"state":"IDLE","t":"2026-07-19T02:52:40.8810438Z","type":"sample"}
{"address":"/cue/bpm067/start","args":null,"channel":"system","dir":"out","t":"2026-07-19T02:52:40.9218572Z","type":"osc"}
{"address":"/cue/g1/start","args":null,"channel":"system","dir":"out","t":"2026-07-19T02:52:40.9230035Z","type":"osc"}
{"channel":"rr","display":10.418475429762111,"mu":10.38172249271692,"quality":"OK","raw":1262.1,"sigma":1.5,"state":"IDLE","t":"2026-07-19T02:52:40.9267019Z","type":"sample"}
{"channel":"gsr","display":2586.8,"mu":2558.147339808571,"quality":"OK","raw":2586.8,"sigma":40.991408078793974,"state":"IDLE","t":"2026-07-19T02:52:40.94074Z","type":"sample"}
{"channel":"rr","display":10.418475429762111,"mu":10.38172249271692,"quality":"OK","raw":1270.7,"sigma":1.5,"state":"IDLE","t":"2026-07-19T02:52:40.9633543Z","type":"sample"}
{"channel":"rr","display":10.418475429762111,"mu":10.38172249271692,"quality":"OK","raw":1282.2,"sigma":1.5,"state":"IDLE","t":"2026-07-19T02:52:41.0070215Z","type":"sample"}
{"channel":"gsr","display":2594.7,"mu":2558.330103109528,"quality":"OK","raw":2594.7,"sigma":40.97000294132255,"state":"IDLE","t":"2026-07-19T02:52:41.0404078Z","type":"sample"}
{"channel":"rr","display":10.418475429762111,"mu":10.38172249271692,"quality":"OK","raw":1294.2,"sigma":1.5,"state":"IDLE","t":"2026-07-19T02:52:41.0463383Z","type":"sample"}
{"channel":"rr","display":10.418475429762111,"mu":10.38172249271692,"quality":"OK","raw":1307,"sigma":1.5,"state":"IDLE","t":"2026-07-19T02:52:41.0810056Z","type":"sample"}
{"channel":"rr","display":10.508248975445724,"mu":10.382987757544207,"quality":"OK","raw":1320.2,"sigma":1.5,"state":"IDLE","t":"2026-07-19T02:52:41.1266937Z","type":"sample"}
{"channel":"gsr","display":2594.2,"mu":2558.5094525939803,"quality":"OK","raw":2594.2,"sigma":40.94568984134973,"state":"IDLE","t":"2026-07-19T02:52:41.1405857Z","type":"sample"}
{"channel":"rr","display":10.508248975445724,"mu":10.382987757544207,"quality":"OK","raw":1332.8,"sigma":1.5,"state":"IDLE","t":"2026-07-19T02:52:41.1668748Z","type":"sample"}
{"address":"/cue/p/start","args":null,"channel":"system","dir":"out","t":"2026-07-19T02:52:41.1942778Z","type":"osc"}
{"channel":"rr","display":10.508248975445724,"mu":10.382987757544207,"quality":"OK","raw":1344.2,"sigma":1.5,"state":"IDLE","t":"2026-07-19T02:52:41.2064783Z","type":"sample"}
{"channel":"gsr","display":2595.8,"mu":2558.6959053310106,"quality":"OK","raw":2595.8,"sigma":40.92780141917164,"state":"IDLE","t":"2026-07-19T02:52:41.2409486Z","type":"sample"}
{"channel":"hr","display":67,"mu":67.82226855655375,"quality":"OK","raw":67,"sigma":3,"state":"IDLE","t":"2026-07-19T02:52:41.2743345Z","type":"sample"}
{"channel":"rr","display":10.508248975445724,"mu":10.382987757544207,"quality":"OK","raw":1366.6,"sigma":1.5,"state":"IDLE","t":"2026-07-19T02:52:41.281107Z","type":"sample"}
{"channel":"rr","display":10.508248975445724,"mu":10.382987757544207,"quality":"OK","raw":1376.9,"sigma":1.5,"state":"IDLE","t":"2026-07-19T02:52:41.320755Z","type":"sample"}
{"channel":"gsr","display":2589,"mu":2558.8474258043557,"quality":"OK","raw":2589,"sigma":40.881269998335476,"state":"IDLE","t":"2026-07-19T02:52:41.3409838Z","type":"sample"}
{"channel":"rr","display":10.508248975445724,"mu":10.382987757544207,"quality":"OK","raw":1383.8,"sigma":1.5,"state":"IDLE","t":"2026-07-19T02:52:41.3601277Z","type":"sample"}
{"channel":"rr","display":10.508248975445724,"mu":10.382987757544207,"quality":"OK","raw":1386.8,"sigma":1.5,"state":"IDLE","t":"2026-07-19T02:52:41.4006303Z","type":"sample"}
{"channel":"gsr","display":2594,"mu":2559.023188675334,"quality":"OK","raw":2594,"sigma":40.85424666138769,"state":"IDLE","t":"2026-07-19T02:52:41.4398996Z","type":"sample"}
{"channel":"rr","display":10.508248975445724,"mu":10.382987757544207,"quality":"OK","raw":1385.8,"sigma":1.5,"state":"IDLE","t":"2026-07-19T02:52:41.4458036Z","type":"sample"}
{"channel":"rr","display":10.508248975445724,"mu":10.382987757544207,"quality":"OK","raw":1388.2,"sigma":1.5,"state":"IDLE","t":"2026-07-19T02:52:41.4848659Z","type":"sample"}
{"channel":"rr","display":10.508248975445724,"mu":10.382987757544207,"quality":"OK","raw":1388.8,"sigma":1.5,"state":"IDLE","t":"2026-07-19T02:52:41.5247412Z","type":"sample"}
{"channel":"gsr","display":2597.8,"mu":2559.217072731957,"quality":"OK","raw":2597.8,"sigma":40.84366214449056,"state":"IDLE","t":"2026-07-19T02:52:41.5412194Z","type":"sample"}
{"channel":"rr","display":10.508248975445724,"mu":10.382987757544207,"quality":"OK","raw":1387.9,"sigma":1.5,"state":"IDLE","t":"2026-07-19T02:52:41.5633114Z","type":"sample"}
{"channel":"rr","display":10.508248975445724,"mu":10.382987757544207,"quality":"OK","raw":1388.2,"sigma":1.5,"state":"IDLE","t":"2026-07-19T02:52:41.6045958Z","type":"sample"}
{"address":"/cue/r1/start","args":null,"channel":"system","dir":"out","t":"2026-07-19T02:52:41.6324241Z","type":"osc"}
{"channel":"gsr","display":2600,"mu":2559.4209873682976,"quality":"OK","raw":2600,"sigma":40.84284965927651,"state":"IDLE","t":"2026-07-19T02:52:41.6406415Z","type":"sample"}
{"channel":"rr","display":10.508248975445724,"mu":10.382987757544207,"quality":"OK","raw":1387.9,"sigma":1.5,"state":"IDLE","t":"2026-07-19T02:52:41.6453676Z","type":"sample"}
{"channel":"rr","display":10.508248975445724,"mu":10.382987757544207,"quality":"OK","raw":1387.4,"sigma":1.5,"state":"IDLE","t":"2026-07-19T02:52:41.684843Z","type":"sample"}
{"channel":"rr","display":10.508248975445724,"mu":10.382987757544207,"quality":"OK","raw":1389.2,"sigma":1.5,"state":"IDLE","t":"2026-07-19T02:52:41.7222197Z","type":"sample"}
{"channel":"gsr","display":2600.2,"mu":2559.624882431456,"quality":"OK","raw":2600.2,"sigma":40.842021774247584,"state":"IDLE","t":"2026-07-19T02:52:41.7404779Z","type":"sample"}
{"channel":"hr","display":67,"mu":67.81815721377099,"quality":"OK","raw":67,"sigma":3,"state":"IDLE","t":"2026-07-19T02:52:41.7414327Z","type":"sample"}
{"channel":"rr","display":10.508248975445724,"mu":10.382987757544207,"quality":"OK","raw":1387.9,"sigma":1.5,"state":"IDLE","t":"2026-07-19T02:52:41.7648712Z","type":"sample"}
{"channel":"rr","display":10.508248975445724,"mu":10.382987757544207,"quality":"OK","raw":1386.9,"sigma":1.5,"state":"IDLE","t":"2026-07-19T02:52:41.8046789Z","type":"sample"}
{"channel":"gsr","display":2603.9,"mu":2559.846258019299,"quality":"OK","raw":2603.9,"sigma":40.85930508369817,"state":"IDLE","t":"2026-07-19T02:52:41.8405541Z","type":"sample"}
{"channel":"rr","display":10.508248975445724,"mu":10.382987757544207,"quality":"OK","raw":1386.7,"sigma":1.5,"state":"IDLE","t":"2026-07-19T02:52:41.8454585Z","type":"sample"}
{"channel":"rr","display":10.508248975445724,"mu":10.382987757544207,"quality":"OK","raw":1387.8,"sigma":1.5,"state":"IDLE","t":"2026-07-19T02:52:41.881625Z","type":"sample"}
{"channel":"rr","display":10.508248975445724,"mu":10.382987757544207,"quality":"OK","raw":1387.8,"sigma":1.5,"state":"IDLE","t":"2026-07-19T02:52:41.9247828Z","type":"sample"}
{"address":"/cue/bpm067/start","args":null,"channel":"system","dir":"out","t":"2026-07-19T02:52:41.9357312Z","type":"osc"}
{"address":"/cue/g1/start","args":null,"channel":"system","dir":"out","t":"2026-07-19T02:52:41.9367607Z","type":"osc"}
{"channel":"gsr","display":2605.1,"mu":2560.0725267292028,"quality":"OK","raw":2605.1,"sigma":40.88182611075864,"state":"IDLE","t":"2026-07-19T02:52:41.9407672Z","type":"sample"}
{"channel":"rr","display":10.508248975445724,"mu":10.382987757544207,"quality":"OK","raw":1388,"sigma":1.5,"state":"IDLE","t":"2026-07-19T02:52:41.9633157Z","type":"sample"}
{"channel":"rr","display":10.508248975445724,"mu":10.382987757544207,"quality":"OK","raw":1386.8,"sigma":1.5,"state":"IDLE","t":"2026-07-19T02:52:42.0045813Z","type":"sample"}
{"channel":"gsr","display":2604.5,"mu":2560.2946640955565,"quality":"OK","raw":2604.5,"sigma":40.899715702143475,"state":"IDLE","t":"2026-07-19T02:52:42.0409793Z","type":"sample"}
{"channel":"rr","display":10.508248975445724,"mu":10.382987757544207,"quality":"OK","raw":1388.1,"sigma":1.5,"state":"IDLE","t":"2026-07-19T02:52:42.045165Z","type":"sample"}
{"channel":"rr","display":10.508248975445724,"mu":10.382987757544207,"quality":"OK","raw":1388.4,"sigma":1.5,"state":"IDLE","t":"2026-07-19T02:52:42.0850274Z","type":"sample"}
{"address":"/cue/p/start","args":null,"channel":"system","dir":"out","t":"2026-07-19T02:52:42.0917469Z","type":"osc"}
{"channel":"rr","display":10.508248975445724,"mu":10.382987757544207,"quality":"OK","raw":1387.2,"sigma":1.5,"state":"IDLE","t":"2026-07-19T02:52:42.1247823Z","type":"sample"}
{"channel":"gsr","display":2609.8,"mu":2560.542190775079,"quality":"OK","raw":2609.8,"sigma":40.94649475537026,"state":"IDLE","t":"2026-07-19T02:52:42.1403155Z","type":"sample"}
{"channel":"rr","display":10.508248975445724,"mu":10.382987757544207,"quality":"OK","raw":1387.4,"sigma":1.5,"state":"IDLE","t":"2026-07-19T02:52:42.1647743Z","type":"sample"}
{"channel":"rr","display":10.508248975445724,"mu":10.382987757544207,"quality":"OK","raw":1388.1,"sigma":1.5,"state":"IDLE","t":"2026-07-19T02:52:42.2046404Z","type":"sample"}
{"channel":"gsr","display":2604.1,"mu":2560.759979821203,"quality":"OK","raw":2604.1,"sigma":40.959386436341646,"state":"IDLE","t":"2026-07-19T02:52:42.2407729Z","type":"sample"}
{"channel":"rr","display":10.508248975445724,"mu":10.382987757544207,"quality":"OK","raw":1385.8,"sigma":1.5,"state":"IDLE","t":"2026-07-19T02:52:42.245515Z","type":"sample"}
{"channel":"hr","display":67,"mu":67.81406642770213,"quality":"OK","raw":67,"sigma":3,"state":"IDLE","t":"2026-07-19T02:52:42.2460375Z","type":"sample"}
{"channel":"rr","display":10.508248975445724,"mu":10.382987757544207,"quality":"OK","raw":1386.9,"sigma":1.5,"state":"IDLE","t":"2026-07-19T02:52:42.2781112Z","type":"sample"}
{"channel":"rr","display":10.508248975445724,"mu":10.382987757544207,"quality":"OK","raw":1388.5,"sigma":1.5,"state":"IDLE","t":"2026-07-19T02:52:42.3243097Z","type":"sample"}
{"channel":"gsr","display":2607.2,"mu":2560.992179922097,"quality":"OK","raw":2607.2,"sigma":40.987954828699856,"state":"IDLE","t":"2026-07-19T02:52:42.339668Z","type":"sample"}
{"channel":"rr","display":10.508248975445724,"mu":10.382987757544207,"quality":"OK","raw":1384.4,"sigma":1.5,"state":"IDLE","t":"2026-07-19T02:52:42.364781Z","type":"sample"}
{"channel":"rr","display":10.508248975445724,"mu":10.382987757544207,"quality":"OK","raw":1383.9,"sigma":1.5,"state":"IDLE","t":"2026-07-19T02:52:42.4048326Z","type":"sample"}
{"channel":"gsr","display":2610.3,"mu":2561.2387190224863,"quality":"OK","raw":2610.3,"sigma":41.03300991775397,"state":"IDLE","t":"2026-07-19T02:52:42.441009Z","type":"sample"}
{"channel":"rr","display":10.508248975445724,"mu":10.382987757544207,"quality":"OK","raw":1382.6,"sigma":1.5,"state":"IDLE","t":"2026-07-19T02:52:42.4452527Z","type":"sample"}
{"channel":"rr","display":10.508248975445724,"mu":10.382987757544207,"quality":"OK","raw":1378.5,"sigma":1.5,"state":"IDLE","t":"2026-07-19T02:52:42.4847754Z","type":"sample"}
{"channel":"rr","display":10.508248975445724,"mu":10.382987757544207,"quality":"OK","raw":1378.1,"sigma":1.5,"state":"IDLE","t":"2026-07-19T02:52:42.5247036Z","type":"sample"}
{"channel":"gsr","display":2610.3,"mu":2561.484025427374,"quality":"OK","raw":2610.3,"sigma":41.076322067821955,"state":"IDLE","t":"2026-07-19T02:52:42.5408704Z","type":"sample"}
{"channel":"rr","display":10.508248975445724,"mu":10.382987757544207,"quality":"OK","raw":1375.2,"sigma":1.5,"state":"IDLE","t":"2026-07-19T02:52:42.5639765Z","type":"sample"}
{"channel":"rr","display":10.508248975445724,"mu":10.382987757544207,"quality":"OK","raw":1372.8,"sigma":1.5,"state":"IDLE","t":"2026-07-19T02:52:42.6047749Z","type":"sample"}
{"address":"/cue/r1/start","args":null,"channel":"system","dir":"out","t":"2026-07-19T02:52:42.6402962Z","type":"osc"}
{"channel":"gsr","display":2608.9,"mu":2561.721105300237,"quality":"OK","raw":2608.9,"sigma":41.109768666383694,"state":"IDLE","t":"2026-07-19T02:52:42.6408084Z","type":"sample"}
{"channel":"rr","display":10.508248975445724,"mu":10.382987757544207,"quality":"OK","raw":1370.4,"sigma":1.5,"state":"IDLE","t":"2026-07-19T02:52:42.6457069Z","type":"sample"}
{"channel":"rr","display":10.508248975445724,"mu":10.382987757544207,"quality":"OK","raw":1368.6,"sigma":1.5,"state":"IDLE","t":"2026-07-19T02:52:42.6796597Z","type":"sample"}
{"channel":"rr","display":10.508248975445724,"mu":10.382987757544207,"quality":"OK","raw":1365.1,"sigma":1.5,"state":"IDLE","t":"2026-07-19T02:52:42.7242456Z","type":"sample"}
{"channel":"gsr","display":2609.6,"mu":2561.960499773736,"quality":"OK","raw":2609.6,"sigma":41.145688078813045,"state":"IDLE","t":"2026-07-19T02:52:42.7405721Z","type":"sample"}
{"channel":"hr","display":66,"mu":67.80499609556362,"quality":"OK","raw":66,"sigma":3,"state":"IDLE","t":"2026-07-19T02:52:42.7454643Z","type":"sample"}
{"channel":"rr","display":10.508248975445724,"mu":10.382987757544207,"quality":"OK","raw":1362.8,"sigma":1.5,"state":"IDLE","t":"2026-07-19T02:52:42.7637369Z","type":"sample"}
{"channel":"rr","display":10.508248975445724,"mu":10.382987757544207,"quality":"OK","raw":1359.5,"sigma":1.5,"state":"IDLE","t":"2026-07-19T02:52:42.8049083Z","type":"sample"}
{"channel":"gsr","display":2613.6,"mu":2562.2186972748673,"quality":"OK","raw":2613.6,"sigma":41.203996568416564,"state":"IDLE","t":"2026-07-19T02:52:42.8407305Z","type":"sample"}
{"channel":"rr","display":10.508248975445724,"mu":10.382987757544207,"quality":"OK","raw":1354.3,"sigma":1.5,"state":"IDLE","t":"2026-07-19T02:52:42.8454707Z","type":"sample"}
{"channel":"rr","display":10.508248975445724,"mu":10.382987757544207,"quality":"OK","raw":1349.9,"sigma":1.5,"state":"IDLE","t":"2026-07-19T02:52:42.8822412Z","type":"sample"}
{"channel":"rr","display":10.508248975445724,"mu":10.382987757544207,"quality":"OK","raw":1340.9,"sigma":1.5,"state":"IDLE","t":"2026-07-19T02:52:42.9246979Z","type":"sample"}
{"channel":"gsr","display":2612.9,"mu":2562.472103788493,"quality":"OK","raw":2612.9,"sigma":41.256020698953364,"state":"IDLE","t":"2026-07-19T02:52:42.9397432Z","type":"sample"}
{"address":"/cue/bpm066/start","args":null,"channel":"system","dir":"out","t":"2026-07-19T02:52:42.9493045Z","type":"osc"}
{"address":"/cue/g1/start","args":null,"channel":"system","dir":"out","t":"2026-07-19T02:52:42.9503485Z","type":"osc"}
{"channel":"rr","display":10.508248975445724,"mu":10.382987757544207,"quality":"OK","raw":1338.6,"sigma":1.5,"state":"IDLE","t":"2026-07-19T02:52:42.9643717Z","type":"sample"}
{"address":"/cue/p/start","args":null,"channel":"system","dir":"out","t":"2026-07-19T02:52:42.9840629Z","type":"osc"}
{"channel":"rr","display":10.508248975445724,"mu":10.382987757544207,"quality":"OK","raw":1333.6,"sigma":1.5,"state":"IDLE","t":"2026-07-19T02:52:43.0047657Z","type":"sample"}
{"channel":"gsr","display":2614.8,"mu":2562.7337432695504,"quality":"OK","raw":2614.8,"sigma":41.31793237910713,"state":"IDLE","t":"2026-07-19T02:52:43.0409739Z","type":"sample"}
{"channel":"rr","display":10.508248975445724,"mu":10.382987757544207,"quality":"OK","raw":1328.2,"sigma":1.5,"state":"IDLE","t":"2026-07-19T02:52:43.045173Z","type":"sample"}
{"channel":"rr","display":10.508248975445724,"mu":10.382987757544207,"quality":"OK","raw":1323,"sigma":1.5,"state":"IDLE","t":"2026-07-19T02:52:43.078136Z","type":"sample"}
{"channel":"rr","display":10.508248975445724,"mu":10.382987757544207,"quality":"OK","raw":1317.4,"sigma":1.5,"state":"IDLE","t":"2026-07-19T02:52:43.1225236Z","type":"sample"}
{"channel":"gsr","display":2610.9,"mu":2562.9745745532027,"quality":"OK","raw":2610.9,"sigma":41.35429385364934,"state":"IDLE","t":"2026-07-19T02:52:43.1404622Z","type":"sample"}
{"channel":"rr","display":10.508248975445724,"mu":10.382987757544207,"quality":"OK","raw":1311.7,"sigma":1.5,"state":"IDLE","t":"2026-07-19T02:52:43.1657867Z","type":"sample"}
{"channel":"rr","display":10.508248975445724,"mu":10.382987757544207,"quality":"OK","raw":1309.2,"sigma":1.5,"state":"IDLE","t":"2026-07-19T02:52:43.2055855Z","type":"sample"}
{"channel":"gsr","display":2612.1,"mu":2563.2202016804367,"quality":"OK","raw":2612.1,"sigma":41.39604976896129,"state":"IDLE","t":"2026-07-19T02:52:43.2394874Z","type":"sample"}
{"channel":"rr","display":10.508248975445724,"mu":10.382987757544207,"quality":"OK","raw":1308.4,"sigma":1.5,"state":"IDLE","t":"2026-07-19T02:52:43.2456951Z","type":"sample"}
{"channel":"hr","display":66,"mu":67.7959711150858,"quality":"OK","raw":66,"sigma":3,"state":"IDLE","t":"2026-07-19T02:52:43.2477839Z","type":"sample"}
{"channel":"rr","display":10.508248975445724,"mu":10.382987757544207,"quality":"OK","raw":1308.1,"sigma":1.5,"state":"IDLE","t":"2026-07-19T02:52:43.2798414Z","type":"sample"}
{"channel":"rr","display":10.508248975445724,"mu":10.382987757544207,"quality":"OK","raw":1306.4,"sigma":1.5,"state":"IDLE","t":"2026-07-19T02:52:43.3255437Z","type":"sample"}
{"channel":"gsr","display":2614.6,"mu":2563.4771006720343,"quality":"OK","raw":2614.6,"sigma":41.45115430331054,"state":"IDLE","t":"2026-07-19T02:52:43.3408882Z","type":"sample"}
{"channel":"rr","display":10.508248975445724,"mu":10.382987757544207,"quality":"OK","raw":1305.9,"sigma":1.5,"state":"IDLE","t":"2026-07-19T02:52:43.365524Z","type":"sample"}
{"channel":"rr","display":10.508248975445724,"mu":10.382987757544207,"quality":"OK","raw":1304.7,"sigma":1.5,"state":"IDLE","t":"2026-07-19T02:52:43.405647Z","type":"sample"}
{"channel":"gsr","display":2612.8,"mu":2563.723715168674,"quality":"OK","raw":2612.8,"sigma":41.493494976828664,"state":"IDLE","t":"2026-07-19T02:52:43.4406672Z","type":"sample"}
{"channel":"rr","display":10.508248975445724,"mu":10.382987757544207,"quality":"OK","raw":1303.2,"sigma":1.5,"state":"IDLE","t":"2026-07-19T02:52:43.4457206Z","type":"sample"}
{"channel":"rr","display":10.508248975445724,"mu":10.382987757544207,"quality":"OK","raw":1300.6,"sigma":1.5,"state":"IDLE","t":"2026-07-19T02:52:43.4802943Z","type":"sample"}
{"channel":"rr","display":10.508248975445724,"mu":10.382987757544207,"quality":"OK","raw":1296.6,"sigma":1.5,"state":"IDLE","t":"2026-07-19T02:52:43.5257028Z","type":"sample"}
{"channel":"gsr","display":2614.2,"mu":2563.976096592831,"quality":"OK","raw":2614.2,"sigma":41.542474108239524,"state":"IDLE","t":"2026-07-19T02:52:43.540794Z","type":"sample"}
{"channel":"rr","display":10.508248975445724,"mu":10.382987757544207,"quality":"OK","raw":1293.4,"sigma":1.5,"state":"IDLE","t":"2026-07-19T02:52:43.565206Z","type":"sample"}
{"channel":"rr","display":10.508248975445724,"mu":10.382987757544207,"quality":"OK","raw":1288.4,"sigma":1.5,"state":"IDLE","t":"2026-07-19T02:52:43.6047964Z","type":"sample"}
{"channel":"gsr","display":2608.9,"mu":2564.200716109867,"quality":"OK","raw":2608.9,"sigma":41.55945862036502,"state":"IDLE","t":"2026-07-19T02:52:43.6408225Z","type":"sample"}
{"channel":"rr","display":10.508248975445724,"mu":10.382987757544207,"quality":"OK","raw":1284.7,"sigma":1.5,"state":"IDLE","t":"2026-07-19T02:52:43.6455725Z","type":"sample"}
{"address":"/cue/r1/start","args":null,"channel":"system","dir":"out","t":"2026-07-19T02:52:43.6598087Z","type":"osc"}
{"channel":"rr","display":10.508248975445724,"mu":10.382987757544207,"quality":"OK","raw":1273.8,"sigma":1.5,"state":"IDLE","t":"2026-07-19T02:52:43.6857196Z","type":"sample"}
{"channel":"rr","display":10.508248975445724,"mu":10.382987757544207,"quality":"OK","raw":1269.9,"sigma":1.5,"state":"IDLE","t":"2026-07-19T02:52:43.7224559Z","type":"sample"}
{"channel":"gsr","display":2613,"mu":2564.4447125293173,"quality":"OK","raw":2613,"sigma":41.59807656733647,"state":"IDLE","t":"2026-07-19T02:52:43.7409432Z","type":"sample"}
{"channel":"hr","display":65,"mu":67.78199125951038,"quality":"OK","raw":65,"sigma":3,"state":"IDLE","t":"2026-07-19T02:52:43.7451775Z","type":"sample"}
{"channel":"rr","display":10.508248975445724,"mu":10.382987757544207,"quality":"OK","raw":1263.2,"sigma":1.5,"state":"IDLE","t":"2026-07-19T02:52:43.7654528Z","type":"sample"}
{"channel":"rr","display":10.508248975445724,"mu":10.382987757544207,"quality":"OK","raw":1255.5,"sigma":1.5,"state":"IDLE","t":"2026-07-19T02:52:43.8053599Z","type":"sample"}
{"channel":"gsr","display":2614.8,"mu":2564.6964889666706,"quality":"OK","raw":2614.8,"sigma":41.645682342090964,"state":"IDLE","t":"2026-07-19T02:52:43.8392821Z","type":"sample"}
{"channel":"rr","display":10.508248975445724,"mu":10.382987757544207,"quality":"OK","raw":1246.8,"sigma":1.5,"state":"IDLE","t":"2026-07-19T02:52:43.8455396Z","type":"sample"}
{"channel":"rr","display":10.508248975445724,"mu":10.382987757544207,"quality":"OK","raw":1239.7,"sigma":1.5,"state":"IDLE","t":"2026-07-19T02:52:43.8828696Z","type":"sample"}
{"address":"/cue/p/start","args":null,"channel":"system","dir":"out","t":"2026-07-19T02:52:43.8946105Z","type":"osc"}
{"channel":"rr","display":10.508248975445724,"mu":10.382987757544207,"quality":"OK","raw":1228.7,"sigma":1.5,"state":"IDLE","t":"2026-07-19T02:52:43.9256904Z","type":"sample"}
{"channel":"gsr","display":2610.3,"mu":2564.9245065218374,"quality":"OK","raw":2610.3,"sigma":41.66578275440203,"state":"IDLE","t":"2026-07-19T02:52:43.9397713Z","type":"sample"}
{"address":"/cue/bpm065/start","args":null,"channel":"system","dir":"out","t":"2026-07-19T02:52:43.9619925Z","type":"osc"}
{"address":"/cue/g1/start","args":null,"channel":"system","dir":"out","t":"2026-07-19T02:52:43.9630567Z","type":"osc"}
{"channel":"rr","display":10.508248975445724,"mu":10.382987757544207,"quality":"OK","raw":1219.6,"sigma":1.5,"state":"IDLE","t":"2026-07-19T02:52:43.9651819Z","type":"sample"}
{"channel":"rr","display":10.508248975445724,"mu":10.382987757544207,"quality":"OK","raw":1208.9,"sigma":1.5,"state":"IDLE","t":"2026-07-19T02:52:44.0054616Z","type":"sample"}
{"channel":"gsr","display":2608,"mu":2565.139883989228,"quality":"OK","raw":2608,"sigma":41.672393361946675,"state":"IDLE","t":"2026-07-19T02:52:44.0391328Z","type":"sample"}
{"channel":"rr","display":10.508248975445724,"mu":10.382987757544207,"quality":"OK","raw":1206.2,"sigma":1.5,"state":"IDLE","t":"2026-07-19T02:52:44.0455674Z","type":"sample"}
{"channel":"rr","display":10.508248975445724,"mu":10.382987757544207,"quality":"OK","raw":1200,"sigma":1.5,"state":"IDLE","t":"2026-07-19T02:52:44.0819846Z","type":"sample"}
{"channel":"rr","display":10.508248975445724,"mu":10.382987757544207,"quality":"OK","raw":1199.8,"sigma":1.5,"state":"IDLE","t":"2026-07-19T02:52:44.1252549Z","type":"sample"}
{"channel":"gsr","display":2606.7,"mu":2565.347684569282,"quality":"OK","raw":2606.7,"sigma":41.671314615732086,"state":"IDLE","t":"2026-07-19T02:52:44.1401131Z","type":"sample"}
{"channel":"rr","display":10.508248975445724,"mu":10.382987757544207,"quality":"OK","raw":1197.9,"sigma":1.5,"state":"IDLE","t":"2026-07-19T02:52:44.1637009Z","type":"sample"}
{"channel":"rr","display":10.508248975445724,"mu":10.382987757544207,"quality":"OK","raw":1195.1,"sigma":1.5,"state":"IDLE","t":"2026-07-19T02:52:44.2059025Z","type":"sample"}
{"channel":"gsr","display":2607.1,"mu":2565.5564461464355,"quality":"OK","raw":2607.1,"sigma":41.67119709484412,"state":"IDLE","t":"2026-07-19T02:52:44.240485Z","type":"sample"}
{"channel":"rr","display":10.508248975445724,"mu":10.382987757544207,"quality":"OK","raw":1193.1,"sigma":1.5,"state":"IDLE","t":"2026-07-19T02:52:44.2452089Z","type":"sample"}
{"channel":"hr","display":65,"mu":67.76808130321282,"quality":"OK","raw":65,"sigma":3,"state":"IDLE","t":"2026-07-19T02:52:44.2462588Z","type":"sample"}
{"channel":"rr","display":10.508248975445724,"mu":10.382987757544207,"quality":"OK","raw":1191.7,"sigma":1.5,"state":"IDLE","t":"2026-07-19T02:52:44.2739422Z","type":"sample"}
{"channel":"rr","display":10.508248975445724,"mu":10.382987757544207,"quality":"OK","raw":1187.4,"sigma":1.5,"state":"IDLE","t":"2026-07-19T02:52:44.3256866Z","type":"sample"}
{"channel":"gsr","display":2605.1,"mu":2565.7541639157034,"quality":"OK","raw":2605.1,"sigma":41.66035999509993,"state":"IDLE","t":"2026-07-19T02:52:44.3409795Z","type":"sample"}
{"channel":"rr","display":10.508248975445724,"mu":10.382987757544207,"quality":"OK","raw":1187.5,"sigma":1.5,"state":"IDLE","t":"2026-07-19T02:52:44.3652459Z","type":"sample"}
{"channel":"rr","display":10.508248975445724,"mu":10.382987757544207,"quality":"OK","raw":1186.7,"sigma":1.5,"state":"IDLE","t":"2026-07-19T02:52:44.4057577Z","type":"sample"}
{"channel":"gsr","display":2603.7,"mu":2565.943893096125,"quality":"OK","raw":2603.7,"sigma":41.642179363783235,"state":"IDLE","t":"2026-07-19T02:52:44.4408824Z","type":"sample"}
{"channel":"rr","display":10.508248975445724,"mu":10.382987757544207,"quality":"OK","raw":1186.5,"sigma":1.5,"state":"IDLE","t":"2026-07-19T02:52:44.4456733Z","type":"sample"}
{"channel":"rr","display":10.508248975445724,"mu":10.382987757544207,"quality":"OK","raw":1185.8,"sigma":1.5,"state":"IDLE","t":"2026-07-19T02:52:44.4861857Z","type":"sample"}
{"channel":"rr","display":10.508248975445724,"mu":10.382987757544207,"quality":"OK","raw":1185.1,"sigma":1.5,"state":"IDLE","t":"2026-07-19T02:52:44.5231199Z","type":"sample"}
{"channel":"gsr","display":2603.7,"mu":2566.1326736306446,"quality":"OK","raw":2603.7,"sigma":41.62322340481498,"state":"IDLE","t":"2026-07-19T02:52:44.5399299Z","type":"sample"}
{"channel":"rr","display":10.508248975445724,"mu":10.382987757544207,"quality":"OK","raw":1185.7,"sigma":1.5,"state":"IDLE","t":"2026-07-19T02:52:44.5651085Z","type":"sample"}
{"channel":"rr","display":10.508248975445724,"mu":10.382987757544207,"quality":"OK","raw":1184.2,"sigma":1.5,"state":"IDLE","t":"2026-07-19T02:52:44.6054628Z","type":"sample"}
{"channel":"gsr","display":2604.3,"mu":2566.3235102624913,"quality":"OK","raw":2604.3,"sigma":41.606220308566506,"state":"IDLE","t":"2026-07-19T02:52:44.640747Z","type":"sample"}
{"channel":"rr","display":10.508248975445724,"mu":10.382987757544207,"quality":"OK","raw":1184.8,"sigma":1.5,"state":"IDLE","t":"2026-07-19T02:52:44.6452526Z","type":"sample"}
{"address":"/cue/r1/start","args":null,"channel":"system","dir":"out","t":"2026-07-19T02:52:44.6666749Z","type":"osc"}
{"channel":"rr","display":10.508248975445724,"mu":10.382987757544207,"quality":"OK","raw":1184.1,"sigma":1.5,"state":"IDLE","t":"2026-07-19T02:52:44.6820989Z","type":"sample"}
{"channel":"rr","display":10.508248975445724,"mu":10.382987757544207,"quality":"OK","raw":1185.2,"sigma":1.5,"state":"IDLE","t":"2026-07-19T02:52:44.7222126Z","type":"sample"}
{"channel":"gsr","display":2601.1,"mu":2566.4973927111787,"quality":"OK","raw":2601.1,"sigma":41.57449899408892,"state":"IDLE","t":"2026-07-19T02:52:44.7408204Z","type":"sample"}
{"channel":"hr","display":65,"mu":67.75424089669676,"quality":"OK","raw":65,"sigma":3,"state":"IDLE","t":"2026-07-19T02:52:44.7450599Z","type":"sample"}
{"channel":"rr","display":10.508248975445724,"mu":10.382987757544207,"quality":"OK","raw":1184.6,"sigma":1.5,"state":"IDLE","t":"2026-07-19T02:52:44.7658015Z","type":"sample"}
{"channel":"rr","display":10.508248975445724,"mu":10.382987757544207,"quality":"OK","raw":1182.9,"sigma":1.5,"state":"IDLE","t":"2026-07-19T02:52:44.8051754Z","type":"sample"}
{"address":"/cue/p/start","args":null,"channel":"system","dir":"out","t":"2026-07-19T02:52:44.8194516Z","type":"osc"}
{"channel":"gsr","display":2601.8,"mu":2566.673905747623,"quality":"OK","raw":2601.8,"sigma":41.54511987383551,"state":"IDLE","t":"2026-07-19T02:52:44.8409738Z","type":"sample"}
{"channel":"rr","display":10.508248975445724,"mu":10.382987757544207,"quality":"OK","raw":1184,"sigma":1.5,"state":"IDLE","t":"2026-07-19T02:52:44.8453749Z","type":"sample"}
{"channel":"rr","display":10.508248975445724,"mu":10.382987757544207,"quality":"OK","raw":1184.9,"sigma":1.5,"state":"IDLE","t":"2026-07-19T02:52:44.8817629Z","type":"sample"}
{"channel":"rr","display":10.508248975445724,"mu":10.382987757544207,"quality":"OK","raw":1185,"sigma":1.5,"state":"IDLE","t":"2026-07-19T02:52:44.9239212Z","type":"sample"}
{"channel":"gsr","display":2603.8,"mu":2566.859536218885,"quality":"OK","raw":2603.8,"sigma":41.52377964618619,"state":"IDLE","t":"2026-07-19T02:52:44.9408891Z","type":"sample"}
{"channel":"rr","display":10.508248975445724,"mu":10.382987757544207,"quality":"OK","raw":1183.7,"sigma":1.5,"state":"IDLE","t":"2026-07-19T02:52:44.9658235Z","type":"sample"}
{"address":"/cue/bpm065/start","args":null,"channel":"system","dir":"out","t":"2026-07-19T02:52:44.9757014Z","type":"osc"}
{"address":"/cue/g1/start","args":null,"channel":"system","dir":"out","t":"2026-07-19T02:52:44.9762196Z","type":"osc"}
{"channel":"rr","display":10.508248975445724,"mu":10.382987757544207,"quality":"OK","raw":1184.8,"sigma":1.5,"state":"IDLE","t":"2026-07-19T02:52:45.0054682Z","type":"sample"}
{"channel":"gsr","display":2602.1,"mu":2567.0357385377906,"quality":"OK","raw":2602.1,"sigma":41.49435574755745,"state":"IDLE","t":"2026-07-19T02:52:45.041003Z","type":"sample"}
{"channel":"rr","display":10.508248975445724,"mu":10.382987757544207,"quality":"OK","raw":1185.1,"sigma":1.5,"state":"IDLE","t":"2026-07-19T02:52:45.0451967Z","type":"sample"}
{"channel":"rr","display":10.508248975445724,"mu":10.382987757544207,"quality":"OK","raw":1185.3,"sigma":1.5,"state":"IDLE","t":"2026-07-19T02:52:45.0817806Z","type":"sample"}
{"channel":"rr","display":10.508248975445724,"mu":10.382987757544207,"quality":"OK","raw":1186.1,"sigma":1.5,"state":"IDLE","t":"2026-07-19T02:52:45.1226345Z","type":"sample"}
{"channel":"gsr","display":2599.2,"mu":2567.1965598451015,"quality":"OK","raw":2599.2,"sigma":41.4526173624114,"state":"IDLE","t":"2026-07-19T02:52:45.1406323Z","type":"sample"}
{"channel":"rr","display":10.508248975445724,"mu":10.382987757544207,"quality":"OK","raw":1185.6,"sigma":1.5,"state":"IDLE","t":"2026-07-19T02:52:45.1638197Z","type":"sample"}
{"channel":"rr","display":10.508248975445724,"mu":10.382987757544207,"quality":"OK","raw":1186.2,"sigma":1.5,"state":"IDLE","t":"2026-07-19T02:52:45.2055571Z","type":"sample"}
{"channel":"gsr","display":2602.3,"mu":2567.372077045876,"quality":"OK","raw":2602.3,"sigma":41.42292046716762,"state":"IDLE","t":"2026-07-19T02:52:45.2397428Z","type":"sample"}
{"channel":"rr","display":10.508248975445724,"mu":10.382987757544207,"quality":"OK","raw":1185.4,"sigma":1.5,"state":"IDLE","t":"2026-07-19T02:52:45.2454983Z","type":"sample"}
{"channel":"hr","display":65,"mu":67.74046969221327,"quality":"OK","raw":65,"sigma":3,"state":"IDLE","t":"2026-07-19T02:52:45.2460173Z","type":"sample"}
{"channel":"rr","display":10.508248975445724,"mu":10.382987757544207,"quality":"OK","raw":1184.1,"sigma":1.5,"state":"IDLE","t":"2026-07-19T02:52:45.28542Z","type":"sample"}
{"channel":"rr","display":10.508248975445724,"mu":10.382987757544207,"quality":"OK","raw":1185.5,"sigma":1.5,"state":"IDLE","t":"2026-07-19T02:52:45.324247Z","type":"sample"}
{"channel":"gsr","display":2604.7,"mu":2567.5587166606465,"quality":"OK","raw":2604.7,"sigma":41.403032294068645,"state":"IDLE","t":"2026-07-19T02:52:45.3398762Z","type":"sample"}
{"channel":"rr","display":10.508248975445724,"mu":10.382987757544207,"quality":"OK","raw":1183.6,"sigma":1.5,"state":"IDLE","t":"2026-07-19T02:52:45.3656926Z","type":"sample"}
{"channel":"rr","display":10.508248975445724,"mu":10.382987757544207,"quality":"OK","raw":1185,"sigma":1.5,"state":"IDLE","t":"2026-07-19T02:52:45.4055415Z","type":"sample"}
{"channel":"gsr","display":2599.7,"mu":2567.7194230773434,"quality":"OK","raw":2599.7,"sigma":41.36157046884352,"state":"IDLE","t":"2026-07-19T02:52:45.4395566Z","type":"sample"}
{"channel":"rr","display":10.508248975445724,"mu":10.382987757544207,"quality":"OK","raw":1185.9,"sigma":1.5,"state":"IDLE","t":"2026-07-19T02:52:45.4452505Z","type":"sample"}
{"channel":"rr","display":10.508248975445724,"mu":10.382987757544207,"quality":"OK","raw":1184.8,"sigma":1.5,"state":"IDLE","t":"2026-07-19T02:52:45.4831466Z","type":"sample"}
{"channel":"rr","display":10.508248975445724,"mu":10.382987757544207,"quality":"OK","raw":1186.1,"sigma":1.5,"state":"IDLE","t":"2026-07-19T02:52:45.52539Z","type":"sample"}
{"channel":"gsr","display":2601.8,"mu":2567.889825961957,"quality":"OK","raw":2601.8,"sigma":41.32800510023056,"state":"IDLE","t":"2026-07-19T02:52:45.5401487Z","type":"sample"}
{"channel":"rr","display":10.508248975445724,"mu":10.382987757544207,"quality":"OK","raw":1185.1,"sigma":1.5,"state":"IDLE","t":"2026-07-19T02:52:45.5645318Z","type":"sample"}
{"channel":"rr","display":10.508248975445724,"mu":10.382987757544207,"quality":"OK","raw":1184.9,"sigma":1.5,"state":"IDLE","t":"2026-07-19T02:52:45.6055968Z","type":"sample"}
{"channel":"gsr","display":2605.7,"mu":2568.078876832147,"quality":"OK","raw":2605.7,"sigma":41.310728529151795,"state":"IDLE","t":"2026-07-19T02:52:45.6399087Z","type":"sample"}
{"channel":"rr","display":10.508248975445724,"mu":10.382987757544207,"quality":"OK","raw":1186.4,"sigma":1.5,"state":"IDLE","t":"2026-07-19T02:52:45.6451931Z","type":"sample"}
{"address":"/cue/r1/start","args":null,"channel":"system","dir":"out","t":"2026-07-19T02:52:45.6797768Z","type":"osc"}
{"channel":"rr","display":10.508248975445724,"mu":10.382987757544207,"quality":"OK","raw":1186.9,"sigma":1.5,"state":"IDLE","t":"2026-07-19T02:52:45.6857927Z","type":"sample"}
{"channel":"rr","display":10.508248975445724,"mu":10.382987757544207,"quality":"OK","raw":1186.8,"sigma":1.5,"state":"IDLE","t":"2026-07-19T02:52:45.7229321Z","type":"sample"}
{"channel":"gsr","display":2607,"mu":2568.2734824479867,"quality":"OK","raw":2607,"sigma":41.29866593424961,"state":"IDLE","t":"2026-07-19T02:52:45.7404505Z","type":"sample"}
{"address":"/cue/p/start","args":null,"channel":"system","dir":"out","t":"2026-07-19T02:52:45.7431481Z","type":"osc"}
{"channel":"hr","display":65,"mu":67.7267673437522,"quality":"OK","raw":65,"sigma":3,"state":"IDLE","t":"2026-07-19T02:52:45.7498272Z","type":"sample"}
{"channel":"rr","display":10.508248975445724,"mu":10.382987757544207,"quality":"OK","raw":1189.5,"sigma":1.5,"state":"IDLE","t":"2026-07-19T02:52:45.7654799Z","type":"sample"}
{"channel":"rr","display":10.508248975445724,"mu":10.382987757544207,"quality":"OK","raw":1195.1,"sigma":1.5,"state":"IDLE","t":"2026-07-19T02:52:45.805565Z","type":"sample"}
{"channel":"gsr","display":2607.5,"mu":2568.4696150357468,"quality":"OK","raw":2607.5,"sigma":41.28809803458275,"state":"IDLE","t":"2026-07-19T02:52:45.839777Z","type":"sample"}
{"channel":"rr","display":10.508248975445724,"mu":10.382987757544207,"quality":"OK","raw":1200.4,"sigma":1.5,"state":"IDLE","t":"2026-07-19T02:52:45.8452126Z","type":"sample"}
{"channel":"rr","display":10.508248975445724,"mu":10.382987757544207,"quality":"OK","raw":1206.9,"sigma":1.5,"state":"IDLE","t":"2026-07-19T02:52:45.8822046Z","type":"sample"}
{"channel":"rr","display":10.508248975445724,"mu":10.382987757544207,"quality":"OK","raw":1219.8,"sigma":1.5,"state":"IDLE","t":"2026-07-19T02:52:45.9256643Z","type":"sample"}
{"channel":"gsr","display":2609.6,"mu":2568.675266960568,"quality":"OK","raw":2609.6,"sigma":41.28679878894833,"state":"IDLE","t":"2026-07-19T02:52:45.9407267Z","type":"sample"}
{"channel":"rr","display":10.508248975445724,"mu":10.382987757544207,"quality":"OK","raw":1237.9,"sigma":1.5,"state":"IDLE","t":"2026-07-19T02:52:45.9632184Z","type":"sample"}
{"address":"/cue/bpm065/start","args":null,"channel":"system","dir":"out","t":"2026-07-19T02:52:45.9843086Z","type":"osc"}
{"address":"/cue/g1/start","args":null,"channel":"system","dir":"out","t":"2026-07-19T02:52:45.9848369Z","type":"osc"}
{"channel":"rr","display":10.508248975445724,"mu":10.382987757544207,"quality":"OK","raw":1253.3,"sigma":1.5,"state":"IDLE","t":"2026-07-19T02:52:46.0055615Z","type":"sample"}
{"channel":"gsr","display":2607.2,"mu":2568.867890625765,"quality":"OK","raw":2607.2,"sigma":41.27299876275424,"state":"IDLE","t":"2026-07-19T02:52:46.0394943Z","type":"sample"}
{"channel":"rr","display":10.508248975445724,"mu":10.382987757544207,"quality":"OK","raw":1266.6,"sigma":1.5,"state":"IDLE","t":"2026-07-19T02:52:46.0453452Z","type":"sample"}
{"channel":"rr","display":10.508248975445724,"mu":10.382987757544207,"quality":"OK","raw":1276.4,"sigma":1.5,"state":"IDLE","t":"2026-07-19T02:52:46.0855147Z","type":"sample"}
{"channel":"rr","display":10.508248975445724,"mu":10.382987757544207,"quality":"OK","raw":1291.2,"sigma":1.5,"state":"IDLE","t":"2026-07-19T02:52:46.123111Z","type":"sample"}
{"channel":"gsr","display":2607.7,"mu":2569.062051172636,"quality":"OK","raw":2607.7,"sigma":41.26069667383554,"state":"IDLE","t":"2026-07-19T02:52:46.140636Z","type":"sample"}
{"channel":"rr","display":10.832280194981044,"mu":10.387480681918575,"quality":"OK","raw":1306.5,"sigma":1.5,"state":"IDLE","t":"2026-07-19T02:52:46.1635132Z","type":"sample"}
{"channel":"rr","display":10.832280194981044,"mu":10.387480681918575,"quality":"OK","raw":1321.1,"sigma":1.5,"state":"IDLE","t":"2026-07-19T02:52:46.2056678Z","type":"sample"}
{"channel":"gsr","display":2607.9,"mu":2569.256240916773,"quality":"OK","raw":2607.9,"sigma":41.24847980531002,"state":"IDLE","t":"2026-07-19T02:52:46.2409367Z","type":"sample"}
{"channel":"rr","display":10.832280194981044,"mu":10.387480681918575,"quality":"OK","raw":1334.4,"sigma":1.5,"state":"IDLE","t":"2026-07-19T02:52:46.2456907Z","type":"sample"}
{"channel":"hr","display":65,"mu":67.71313350703343,"quality":"OK","raw":65,"sigma":3,"state":"IDLE","t":"2026-07-19T02:52:46.2462346Z","type":"sample"}
{"channel":"rr","display":10.832280194981044,"mu":10.387480681918575,"quality":"OK","raw":1346.9,"sigma":1.5,"state":"IDLE","t":"2026-07-19T02:52:46.2843736Z","type":"sample"}
{"channel":"rr","display":10.832280194981044,"mu":10.387480681918575,"quality":"OK","raw":1363.9,"sigma":1.5,"state":"IDLE","t":"2026-07-19T02:52:46.3232831Z","type":"sample"}
{"channel":"gsr","display":2607.4,"mu":2569.4469597121893,"quality":"OK","raw":2607.4,"sigma":41.23309664509682,"state":"IDLE","t":"2026-07-19T02:52:46.3405404Z","type":"sample"}
{"channel":"rr","display":10.832280194981044,"mu":10.387480681918575,"quality":"OK","raw":1377.1,"sigma":1.5,"state":"IDLE","t":"2026-07-19T02:52:46.365416Z","type":"sample"}
{"channel":"rr","display":10.832280194981044,"mu":10.387480681918575,"quality":"OK","raw":1397,"sigma":1.5,"state":"IDLE","t":"2026-07-19T02:52:46.4056321Z","type":"sample"}
{"channel":"gsr","display":2613.9,"mu":2569.669224913628,"quality":"OK","raw":2613.9,"sigma":41.24922277793308,"state":"IDLE","t":"2026-07-19T02:52:46.4406403Z","type":"sample"}
{"channel":"rr","display":10.832280194981044,"mu":10.387480681918575,"quality":"OK","raw":1416.3,"sigma":1.5,"state":"IDLE","t":"2026-07-19T02:52:46.4452205Z","type":"sample"}
{"channel":"rr","display":10.832280194981044,"mu":10.387480681918575,"quality":"OK","raw":1436.5,"sigma":1.5,"state":"IDLE","t":"2026-07-19T02:52:46.4820952Z","type":"sample"}
{"channel":"rr","display":10.832280194981044,"mu":10.387480681918575,"quality":"OK","raw":1446.4,"sigma":1.5,"state":"IDLE","t":"2026-07-19T02:52:46.5256957Z","type":"sample"}
{"channel":"gsr","display":2610.1,"mu":2569.87137878906,"quality":"OK","raw":2610.1,"sigma":41.24467552988757,"state":"IDLE","t":"2026-07-19T02:52:46.5410727Z","type":"sample"}
{"channel":"rr","display":10.832280194981044,"mu":10.387480681918575,"quality":"OK","raw":1456.5,"sigma":1.5,"state":"IDLE","t":"2026-07-19T02:52:46.5657174Z","type":"sample"}
{"channel":"rr","display":10.832280194981044,"mu":10.387480681918575,"quality":"OK","raw":1467.6,"sigma":1.5,"state":"IDLE","t":"2026-07-19T02:52:46.6056993Z","type":"sample"}
{"channel":"gsr","display":2607.2,"mu":2570.058021895115,"quality":"OK","raw":2607.2,"sigma":41.22559808452013,"state":"IDLE","t":"2026-07-19T02:52:46.63961Z","type":"sample"}
{"channel":"rr","display":10.832280194981044,"mu":10.387480681918575,"quality":"OK","raw":1480.8,"sigma":1.5,"state":"IDLE","t":"2026-07-19T02:52:46.6457614Z","type":"sample"}
{"address":"/cue/p/start","args":null,"channel":"system","dir":"out","t":"2026-07-19T02:52:46.6650192Z","type":"osc"}
{"channel":"rr","display":10.832280194981044,"mu":10.387480681918575,"quality":"OK","raw":1483.9,"sigma":1.5,"state":"IDLE","t":"2026-07-19T02:52:46.6801163Z","type":"sample"}
{"address":"/cue/r3/start","args":null,"channel":"system","dir":"out","t":"2026-07-19T02:52:46.6946681Z","type":"osc"}
{"channel":"rr","display":10.832280194981044,"mu":10.387480681918575,"quality":"OK","raw":1487.1,"sigma":1.5,"state":"IDLE","t":"2026-07-19T02:52:46.7250459Z","type":"sample"}
{"channel":"gsr","display":2608.4,"mu":2570.2497317856396,"quality":"OK","raw":2608.4,"sigma":41.2112359858584,"state":"IDLE","t":"2026-07-19T02:52:46.7403218Z","type":"sample"}
{"channel":"hr","display":65,"mu":67.69956783949827,"quality":"OK","raw":65,"sigma":3,"state":"IDLE","t":"2026-07-19T02:52:46.7454352Z","type":"sample"}
{"channel":"rr","display":10.832280194981044,"mu":10.387480681918575,"quality":"OK","raw":1486.4,"sigma":1.5,"state":"IDLE","t":"2026-07-19T02:52:46.7642929Z","type":"sample"}
{"channel":"rr","display":10.832280194981044,"mu":10.387480681918575,"quality":"OK","raw":1486.7,"sigma":1.5,"state":"IDLE","t":"2026-07-19T02:52:46.8056572Z","type":"sample"}
{"channel":"gsr","display":2606.9,"mu":2570.4329831267114,"quality":"OK","raw":2606.9,"sigma":41.18927981127636,"state":"IDLE","t":"2026-07-19T02:52:46.8408588Z","type":"sample"}
{"channel":"rr","display":10.832280194981044,"mu":10.387480681918575,"quality":"OK","raw":1485.7,"sigma":1.5,"state":"IDLE","t":"2026-07-19T02:52:46.8451682Z","type":"sample"}
{"channel":"rr","display":10.832280194981044,"mu":10.387480681918575,"quality":"OK","raw":1486.2,"sigma":1.5,"state":"IDLE","t":"2026-07-19T02:52:46.8821648Z","type":"sample"}
{"channel":"rr","display":10.832280194981044,"mu":10.387480681918575,"quality":"OK","raw":1486.5,"sigma":1.5,"state":"IDLE","t":"2026-07-19T02:52:46.9240058Z","type":"sample"}
{"channel":"gsr","display":2610,"mu":2570.630818211078,"quality":"OK","raw":2610,"sigma":41.1808522606734,"state":"IDLE","t":"2026-07-19T02:52:46.9397944Z","type":"sample"}
{"channel":"rr","display":10.832280194981044,"mu":10.387480681918575,"quality":"OK","raw":1487.8,"sigma":1.5,"state":"IDLE","t":"2026-07-19T02:52:46.9648029Z","type":"sample"}
{"address":"/cue/bpm065/start","args":null,"channel":"system","dir":"out","t":"2026-07-19T02:52:46.9961302Z","type":"osc"}
{"address":"/cue/g1/start","args":null,"channel":"system","dir":"out","t":"2026-07-19T02:52:46.9971577Z","type":"osc"}
{"channel":"rr","display":10.832280194981044,"mu":10.387480681918575,"quality":"OK","raw":1488,"sigma":1.5,"state":"IDLE","t":"2026-07-19T02:52:47.0056915Z","type":"sample"}
{"channel":"gsr","display":2611.3,"mu":2570.8341641200227,"quality":"OK","raw":2611.3,"sigma":41.17780764111963,"state":"IDLE","t":"2026-07-19T02:52:47.0397568Z","type":"sample"}
{"channel":"rr","display":10.832280194981044,"mu":10.387480681918575,"quality":"OK","raw":1486.8,"sigma":1.5,"state":"IDLE","t":"2026-07-19T02:52:47.0451725Z","type":"sample"}
{"channel":"rr","display":10.832280194981044,"mu":10.387480681918575,"quality":"OK","raw":1487.1,"sigma":1.5,"state":"IDLE","t":"2026-07-19T02:52:47.0764374Z","type":"sample"}
{"channel":"rr","display":10.832280194981044,"mu":10.387480681918575,"quality":"OK","raw":1487.3,"sigma":1.5,"state":"IDLE","t":"2026-07-19T02:52:47.1247798Z","type":"sample"}
{"channel":"gsr","display":2613.4,"mu":2571.0469932994224,"quality":"OK","raw":2613.4,"sigma":41.18431422980849,"state":"IDLE","t":"2026-07-19T02:52:47.1399981Z","type":"sample"}
{"channel":"rr","display":10.832280194981044,"mu":10.387480681918575,"quality":"OK","raw":1486,"sigma":1.5,"state":"IDLE","t":"2026-07-19T02:52:47.1638653Z","type":"sample"}
{"channel":"rr","display":10.832280194981044,"mu":10.387480681918575,"quality":"OK","raw":1485.7,"sigma":1.5,"state":"IDLE","t":"2026-07-19T02:52:47.2059421Z","type":"sample"}
{"channel":"gsr","display":2613,"mu":2571.256758332925,"quality":"OK","raw":2613,"sigma":41.18765922425698,"state":"IDLE","t":"2026-07-19T02:52:47.2409283Z","type":"sample"}
{"channel":"rr","display":10.832280194981044,"mu":10.387480681918575,"quality":"OK","raw":1485.4,"sigma":1.5,"state":"IDLE","t":"2026-07-19T02:52:47.2452407Z","type":"sample"}
{"channel":"hr","display":65,"mu":67.68607000030077,"quality":"OK","raw":65,"sigma":3,"state":"IDLE","t":"2026-07-19T02:52:47.2463269Z","type":"sample"}
{"channel":"rr","display":10.832280194981044,"mu":10.387480681918575,"quality":"OK","raw":1485.7,"sigma":1.5,"state":"IDLE","t":"2026-07-19T02:52:47.2808075Z","type":"sample"}
{"channel":"rr","display":10.832280194981044,"mu":10.387480681918575,"quality":"OK","raw":1487.1,"sigma":1.5,"state":"IDLE","t":"2026-07-19T02:52:47.3234033Z","type":"sample"}
{"channel":"gsr","display":2612.9,"mu":2571.4649745412603,"quality":"OK","raw":2612.9,"sigma":41.189423398549195,"state":"IDLE","t":"2026-07-19T02:52:47.339851Z","type":"sample"}
{"channel":"rr","display":10.832280194981044,"mu":10.387480681918575,"quality":"OK","raw":1484.4,"sigma":1.5,"state":"IDLE","t":"2026-07-19T02:52:47.3640999Z","type":"sample"}
{"channel":"rr","display":10.832280194981044,"mu":10.387480681918575,"quality":"OK","raw":1485.1,"sigma":1.5,"state":"IDLE","t":"2026-07-19T02:52:47.4051339Z","type":"sample"}
{"channel":"gsr","display":2614.3,"mu":2571.679149668554,"quality":"OK","raw":2614.3,"sigma":41.197258197002995,"state":"IDLE","t":"2026-07-19T02:52:47.4395625Z","type":"sample"}
{"channel":"rr","display":10.832280194981044,"mu":10.387480681918575,"quality":"OK","raw":1486.9,"sigma":1.5,"state":"IDLE","t":"2026-07-19T02:52:47.4454978Z","type":"sample"}
{"channel":"rr","display":10.832280194981044,"mu":10.387480681918575,"quality":"OK","raw":1484.2,"sigma":1.5,"state":"IDLE","t":"2026-07-19T02:52:47.485765Z","type":"sample"}
{"channel":"rr","display":10.832280194981044,"mu":10.387480681918575,"quality":"OK","raw":1484.9,"sigma":1.5,"state":"IDLE","t":"2026-07-19T02:52:47.5257323Z","type":"sample"}
{"channel":"gsr","display":2610.9,"mu":2571.8752539202114,"quality":"OK","raw":2610.9,"sigma":41.187145217432445,"state":"IDLE","t":"2026-07-19T02:52:47.5408165Z","type":"sample"}
{"channel":"rr","display":10.832280194981044,"mu":10.387480681918575,"quality":"OK","raw":1484.2,"sigma":1.5,"state":"IDLE","t":"2026-07-19T02:52:47.5656701Z","type":"sample"}
{"address":"/cue/p/start","args":null,"channel":"system","dir":"out","t":"2026-07-19T02:52:47.5885099Z","type":"osc"}
{"channel":"rr","display":10.832280194981044,"mu":10.387480681918575,"quality":"OK","raw":1484,"sigma":1.5,"state":"IDLE","t":"2026-07-19T02:52:47.6051959Z","type":"sample"}
{"channel":"gsr","display":2614.2,"mu":2572.0868776506104,"quality":"OK","raw":2614.2,"sigma":41.192367770697324,"state":"IDLE","t":"2026-07-19T02:52:47.6397015Z","type":"sample"}
{"channel":"rr","display":10.832280194981044,"mu":10.387480681918575,"quality":"OK","raw":1483.1,"sigma":1.5,"state":"IDLE","t":"2026-07-19T02:52:47.6451418Z","type":"sample"}
{"channel":"rr","display":10.832280194981044,"mu":10.387480681918575,"quality":"OK","raw":1482.3,"sigma":1.5,"state":"IDLE","t":"2026-07-19T02:52:47.6856856Z","type":"sample"}
{"address":"/cue/r3/start","args":null,"channel":"system","dir":"out","t":"2026-07-19T02:52:47.7011812Z","type":"osc"}
{"channel":"rr","display":10.832280194981044,"mu":10.387480681918575,"quality":"OK","raw":1481.1,"sigma":1.5,"state":"IDLE","t":"2026-07-19T02:52:47.7257063Z","type":"sample"}
{"channel":"gsr","display":2609.1,"mu":2572.271943262357,"quality":"OK","raw":2609.1,"sigma":41.172110871234246,"state":"IDLE","t":"2026-07-19T02:52:47.7398965Z","type":"sample"}
{"channel":"hr","display":65,"mu":67.67263965029927,"quality":"OK","raw":65,"sigma":3,"state":"IDLE","t":"2026-07-19T02:52:47.7453345Z","type":"sample"}
{"channel":"rr","display":10.832280194981044,"mu":10.387480681918575,"quality":"OK","raw":1472.9,"sigma":1.5,"state":"IDLE","t":"2026-07-19T02:52:47.765816Z","type":"sample"}
{"channel":"rr","display":10.832280194981044,"mu":10.387480681918575,"quality":"OK","raw":1464.2,"sigma":1.5,"state":"IDLE","t":"2026-07-19T02:52:47.8053174Z","type":"sample"}
{"channel":"gsr","display":2610.5,"mu":2572.4630835460453,"quality":"OK","raw":2610.5,"sigma":41.15747061016837,"state":"IDLE","t":"2026-07-19T02:52:47.8409227Z","type":"sample"}
{"channel":"rr","display":10.832280194981044,"mu":10.387480681918575,"quality":"OK","raw":1462.1,"sigma":1.5,"state":"IDLE","t":"2026-07-19T02:52:47.8457739Z","type":"sample"}
{"channel":"rr","display":10.832280194981044,"mu":10.387480681918575,"quality":"OK","raw":1460.2,"sigma":1.5,"state":"IDLE","t":"2026-07-19T02:52:47.8857646Z","type":"sample"}
{"channel":"rr","display":10.832280194981044,"mu":10.387480681918575,"quality":"OK","raw":1457.6,"sigma":1.5,"state":"IDLE","t":"2026-07-19T02:52:47.9247832Z","type":"sample"}
{"channel":"gsr","display":2608.9,"mu":2572.645268128315,"quality":"OK","raw":2608.9,"sigma":41.13481193919676,"state":"IDLE","t":"2026-07-19T02:52:47.9404639Z","type":"sample"}
{"channel":"rr","display":10.832280194981044,"mu":10.387480681918575,"quality":"OK","raw":1456.5,"sigma":1.5,"state":"IDLE","t":"2026-07-19T02:52:47.9637029Z","type":"sample"}
{"address":"/cue/bpm065/start","args":null,"channel":"system","dir":"out","t":"2026-07-19T02:52:48.0033662Z","type":"osc"}
{"address":"/cue/g1/start","args":null,"channel":"system","dir":"out","t":"2026-07-19T02:52:48.0051614Z","type":"osc"}
{"channel":"rr","display":10.832280194981044,"mu":10.387480681918575,"quality":"OK","raw":1454.4,"sigma":1.5,"state":"IDLE","t":"2026-07-19T02:52:48.0051614Z","type":"sample"}
{"channel":"gsr","display":2603.5,"mu":2572.799541787673,"quality":"OK","raw":2603.5,"sigma":41.089520093803905,"state":"IDLE","t":"2026-07-19T02:52:48.0398343Z","type":"sample"}
{"channel":"rr","display":10.832280194981044,"mu":10.387480681918575,"quality":"OK","raw":1449.6,"sigma":1.5,"state":"IDLE","t":"2026-07-19T02:52:48.0455205Z","type":"sample"}
{"channel":"rr","display":10.832280194981044,"mu":10.387480681918575,"quality":"OK","raw":1447,"sigma":1.5,"state":"IDLE","t":"2026-07-19T02:52:48.0853247Z","type":"sample"}
{"channel":"rr","display":10.832280194981044,"mu":10.387480681918575,"quality":"OK","raw":1440.9,"sigma":1.5,"state":"IDLE","t":"2026-07-19T02:52:48.1256811Z","type":"sample"}
{"channel":"gsr","display":2604.3,"mu":2572.9570440787347,"quality":"OK","raw":2604.3,"sigma":41.04684525755496,"state":"IDLE","t":"2026-07-19T02:52:48.1407817Z","type":"sample"}
{"channel":"rr","display":10.832280194981044,"mu":10.387480681918575,"quality":"OK","raw":1434.6,"sigma":1.5,"state":"IDLE","t":"2026-07-19T02:52:48.1656972Z","type":"sample"}
{"channel":"rr","display":10.832280194981044,"mu":10.387480681918575,"quality":"OK","raw":1427.6,"sigma":1.5,"state":"IDLE","t":"2026-07-19T02:52:48.2052436Z","type":"sample"}
{"channel":"gsr","display":2604.5,"mu":2573.1147588583412,"quality":"OK","raw":2604.5,"sigma":41.00450224620733,"state":"IDLE","t":"2026-07-19T02:52:48.2408426Z","type":"sample"}
{"channel":"rr","display":10.832280194981044,"mu":10.387480681918575,"quality":"OK","raw":1416.4,"sigma":1.5,"state":"IDLE","t":"2026-07-19T02:52:48.2452296Z","type":"sample"}
{"channel":"hr","display":64,"mu":67.65427645204778,"quality":"OK","raw":64,"sigma":3,"state":"IDLE","t":"2026-07-19T02:52:48.2457556Z","type":"sample"}
{"channel":"rr","display":10.832280194981044,"mu":10.387480681918575,"quality":"OK","raw":1406.9,"sigma":1.5,"state":"IDLE","t":"2026-07-19T02:52:48.28228Z","type":"sample"}
{"channel":"rr","display":10.832280194981044,"mu":10.387480681918575,"quality":"OK","raw":1399.6,"sigma":1.5,"state":"IDLE","t":"2026-07-19T02:52:48.3234522Z","type":"sample"}
{"channel":"gsr","display":2601,"mu":2573.2541850640496,"quality":"OK","raw":2601,"sigma":40.94912516938219,"state":"IDLE","t":"2026-07-19T02:52:48.3408491Z","type":"sample"}
{"channel":"rr","display":10.832280194981044,"mu":10.387480681918575,"quality":"OK","raw":1387.5,"sigma":1.5,"state":"IDLE","t":"2026-07-19T02:52:48.3657303Z","type":"sample"}
{"channel":"rr","display":10.832280194981044,"mu":10.387480681918575,"quality":"OK","raw":1382.4,"sigma":1.5,"state":"IDLE","t":"2026-07-19T02:52:48.4052716Z","type":"sample"}
{"channel":"gsr","display":2594.9,"mu":2573.3624141387295,"quality":"OK","raw":2594.9,"sigma":40.875147594420284,"state":"IDLE","t":"2026-07-19T02:52:48.4411159Z","type":"sample"}
{"channel":"rr","display":10.832280194981044,"mu":10.387480681918575,"quality":"OK","raw":1377.3,"sigma":1.5,"state":"IDLE","t":"2026-07-19T02:52:48.4456235Z","type":"sample"}
{"channel":"rr","display":10.832280194981044,"mu":10.387480681918575,"quality":"OK","raw":1370.2,"sigma":1.5,"state":"IDLE","t":"2026-07-19T02:52:48.4864827Z","type":"sample"}
{"address":"/cue/p/start","args":null,"channel":"system","dir":"out","t":"2026-07-19T02:52:48.5107705Z","type":"osc"}
{"channel":"rr","display":10.832280194981044,"mu":10.387480681918575,"quality":"OK","raw":1363.8,"sigma":1.5,"state":"IDLE","t":"2026-07-19T02:52:48.5242197Z","type":"sample"}
{"channel":"gsr","display":2592.8,"mu":2573.459602068036,"quality":"OK","raw":2592.8,"sigma":40.79587547336474,"state":"IDLE","t":"2026-07-19T02:52:48.5407653Z","type":"sample"}
{"channel":"rr","display":10.832280194981044,"mu":10.387480681918575,"quality":"OK","raw":1359.1,"sigma":1.5,"state":"IDLE","t":"2026-07-19T02:52:48.5637329Z","type":"sample"}
{"channel":"rr","display":10.832280194981044,"mu":10.387480681918575,"quality":"OK","raw":1350.4,"sigma":1.5,"state":"IDLE","t":"2026-07-19T02:52:48.605287Z","type":"sample"}
{"channel":"gsr","display":2588.2,"mu":2573.5333040576957,"quality":"OK","raw":2588.2,"sigma":40.70703751236111,"state":"IDLE","t":"2026-07-19T02:52:48.6404168Z","type":"sample"}
{"channel":"rr","display":10.832280194981044,"mu":10.387480681918575,"quality":"OK","raw":1346.4,"sigma":1.5,"state":"IDLE","t":"2026-07-19T02:52:48.6450036Z","type":"sample"}
{"channel":"rr","display":10.832280194981044,"mu":10.387480681918575,"quality":"OK","raw":1340.3,"sigma":1.5,"state":"IDLE","t":"2026-07-19T02:52:48.6827946Z","type":"sample"}
{"address":"/cue/r3/start","args":null,"channel":"system","dir":"out","t":"2026-07-19T02:52:48.7211794Z","type":"osc"}
{"channel":"rr","display":10.832280194981044,"mu":10.387480681918575,"quality":"OK","raw":1338.5,"sigma":1.5,"state":"IDLE","t":"2026-07-19T02:52:48.7255236Z","type":"sample"}
{"channel":"gsr","display":2584,"mu":2573.5856375374074,"quality":"OK","raw":2584,"sigma":40.611853052332584,"state":"IDLE","t":"2026-07-19T02:52:48.7407389Z","type":"sample"}
{"channel":"hr","display":64,"mu":67.63600506978754,"quality":"OK","raw":64,"sigma":3,"state":"IDLE","t":"2026-07-19T02:52:48.7450604Z","type":"sample"}
{"channel":"rr","display":10.832280194981044,"mu":10.387480681918575,"quality":"OK","raw":1335.9,"sigma":1.5,"state":"IDLE","t":"2026-07-19T02:52:48.7658218Z","type":"sample"}
{"channel":"rr","display":10.832280194981044,"mu":10.387480681918575,"quality":"OK","raw":1331.4,"sigma":1.5,"state":"IDLE","t":"2026-07-19T02:52:48.8053767Z","type":"sample"}
{"channel":"gsr","display":2586.4,"mu":2573.6497093497205,"quality":"OK","raw":2586.4,"sigma":40.520278004130404,"state":"IDLE","t":"2026-07-19T02:52:48.8405803Z","type":"sample"}
{"channel":"rr","display":10.832280194981044,"mu":10.387480681918575,"quality":"OK","raw":1330.2,"sigma":1.5,"state":"IDLE","t":"2026-07-19T02:52:48.84564Z","type":"sample"}
{"channel":"rr","display":10.832280194981044,"mu":10.387480681918575,"quality":"OK","raw":1331.1,"sigma":1.5,"state":"IDLE","t":"2026-07-19T02:52:48.8857183Z","type":"sample"}
{"channel":"rr","display":10.832280194981044,"mu":10.387480681918575,"quality":"OK","raw":1329,"sigma":1.5,"state":"IDLE","t":"2026-07-19T02:52:48.924967Z","type":"sample"}
{"channel":"gsr","display":2581.8,"mu":2573.6904608029718,"quality":"OK","raw":2581.8,"sigma":40.42293829488193,"state":"IDLE","t":"2026-07-19T02:52:48.9400442Z","type":"sample"}
{"channel":"rr","display":10.832280194981044,"mu":10.387480681918575,"quality":"OK","raw":1326.5,"sigma":1.5,"state":"IDLE","t":"2026-07-19T02:52:48.9644691Z","type":"sample"}
{"channel":"rr","display":10.832280194981044,"mu":10.387480681918575,"quality":"OK","raw":1324.2,"sigma":1.5,"state":"IDLE","t":"2026-07-19T02:52:49.0054447Z","type":"sample"}
{"address":"/cue/bpm064/start","args":null,"channel":"system","dir":"out","t":"2026-07-19T02:52:49.0237864Z","type":"osc"}
{"address":"/cue/g1/start","args":null,"channel":"system","dir":"out","t":"2026-07-19T02:52:49.0249006Z","type":"osc"}
{"channel":"gsr","display":2576.6,"mu":2573.705008498957,"quality":"OK","raw":2576.6,"sigma":40.32227654964573,"state":"IDLE","t":"2026-07-19T02:52:49.0403911Z","type":"sample"}
{"channel":"rr","display":10.832280194981044,"mu":10.387480681918575,"quality":"OK","raw":1321.1,"sigma":1.5,"state":"IDLE","t":"2026-07-19T02:52:49.0455972Z","type":"sample"}
{"channel":"rr","display":10.832280194981044,"mu":10.387480681918575,"quality":"OK","raw":1321.6,"sigma":1.5,"state":"IDLE","t":"2026-07-19T02:52:49.0818821Z","type":"sample"}
{"channel":"rr","display":10.832280194981044,"mu":10.387480681918575,"quality":"OK","raw":1317.6,"sigma":1.5,"state":"IDLE","t":"2026-07-19T02:52:49.125284Z","type":"sample"}
{"channel":"gsr","display":2576.2,"mu":2573.717483456462,"quality":"OK","raw":2576.2,"sigma":40.221729519051834,"state":"IDLE","t":"2026-07-19T02:52:49.1405154Z","type":"sample"}
{"channel":"rr","display":10.832280194981044,"mu":10.387480681918575,"quality":"OK","raw":1315.9,"sigma":1.5,"state":"IDLE","t":"2026-07-19T02:52:49.1657325Z","type":"sample"}
{"channel":"rr","display":10.832280194981044,"mu":10.387480681918575,"quality":"OK","raw":1312.8,"sigma":1.5,"state":"IDLE","t":"2026-07-19T02:52:49.2053401Z","type":"sample"}
{"channel":"gsr","display":2573.2,"mu":2573.7148960391796,"quality":"OK","raw":2573.2,"sigma":40.121065790020545,"state":"IDLE","t":"2026-07-19T02:52:49.239777Z","type":"sample"}
{"channel":"rr","display":10.832280194981044,"mu":10.387480681918575,"quality":"OK","raw":1308.4,"sigma":1.5,"state":"IDLE","t":"2026-07-19T02:52:49.2454525Z","type":"sample"}
{"channel":"hr","display":64,"mu":67.6178250444386,"quality":"OK","raw":64,"sigma":3,"state":"IDLE","t":"2026-07-19T02:52:49.2462315Z","type":"sample"}
{"channel":"rr","display":10.832280194981044,"mu":10.387480681918575,"quality":"OK","raw":1310.1,"sigma":1.5,"state":"IDLE","t":"2026-07-19T02:52:49.2804389Z","type":"sample"}
{"channel":"rr","display":10.832280194981044,"mu":10.387480681918575,"quality":"OK","raw":1309.1,"sigma":1.5,"state":"IDLE","t":"2026-07-19T02:52:49.3232921Z","type":"sample"}
{"channel":"gsr","display":2567.9,"mu":2573.6858215589837,"quality":"OK","raw":2567.9,"sigma":40.02273904021131,"state":"IDLE","t":"2026-07-19T02:52:49.3403517Z","type":"sample"}
{"channel":"rr","display":10.832280194981044,"mu":10.387480681918575,"quality":"OK","raw":1308.8,"sigma":1.5,"state":"IDLE","t":"2026-07-19T02:52:49.3657057Z","type":"sample"}
{"channel":"rr","display":10.832280194981044,"mu":10.387480681918575,"quality":"OK","raw":1308.6,"sigma":1.5,"state":"IDLE","t":"2026-07-19T02:52:49.4053935Z","type":"sample"}
{"channel":"gsr","display":2569.2,"mu":2573.663392451189,"quality":"OK","raw":2569.2,"sigma":39.92381058954505,"state":"IDLE","t":"2026-07-19T02:52:49.4405349Z","type":"sample"}
{"channel":"rr","display":10.832280194981044,"mu":10.387480681918575,"quality":"OK","raw":1309.4,"sigma":1.5,"state":"IDLE","t":"2026-07-19T02:52:49.4456227Z","type":"sample"}
{"address":"/cue/p/start","args":null,"channel":"system","dir":"out","t":"2026-07-19T02:52:49.4490425Z","type":"osc"}
{"channel":"rr","display":10.832280194981044,"mu":10.387480681918575,"quality":"OK","raw":1308.3,"sigma":1.5,"state":"IDLE","t":"2026-07-19T02:52:49.482495Z","type":"sample"}
{"channel":"rr","display":10.832280194981044,"mu":10.387480681918575,"quality":"OK","raw":1310.3,"sigma":1.5,"state":"IDLE","t":"2026-07-19T02:52:49.5237222Z","type":"sample"}
{"channel":"gsr","display":2567.9,"mu":2573.634575488933,"quality":"OK","raw":2567.9,"sigma":39.825950732849286,"state":"IDLE","t":"2026-07-19T02:52:49.540353Z","type":"sample"}
{"channel":"rr","display":10.832280194981044,"mu":10.387480681918575,"quality":"OK","raw":1309.4,"sigma":1.5,"state":"IDLE","t":"2026-07-19T02:52:49.5655948Z","type":"sample"}
{"channel":"rr","display":10.832280194981044,"mu":10.387480681918575,"quality":"OK","raw":1309.4,"sigma":1.5,"state":"IDLE","t":"2026-07-19T02:52:49.6053028Z","type":"sample"}
{"channel":"gsr","display":2565.1,"mu":2573.5919026114884,"quality":"OK","raw":2565.1,"sigma":39.73082171231642,"state":"IDLE","t":"2026-07-19T02:52:49.6408605Z","type":"sample"}
{"channel":"rr","display":11.841326228537596,"mu":10.402019137384766,"quality":"OK","raw":1310.1,"sigma":1.5,"state":"IDLE","t":"2026-07-19T02:52:49.6456321Z","type":"sample"}
{"channel":"rr","display":11.841326228537596,"mu":10.402019137384766,"quality":"OK","raw":1310.2,"sigma":1.5,"state":"IDLE","t":"2026-07-19T02:52:49.6859781Z","type":"sample"}
{"channel":"rr","display":11.841326228537596,"mu":10.402019137384766,"quality":"OK","raw":1309.3,"sigma":1.5,"state":"IDLE","t":"2026-07-19T02:52:49.7237231Z","type":"sample"}
{"address":"/cue/r9/start","args":null,"channel":"system","dir":"out","t":"2026-07-19T02:52:49.7362115Z","type":"osc"}
{"channel":"gsr","display":2567.5,"mu":2573.561443098431,"quality":"OK","raw":2567.5,"sigma":39.633699443420596,"state":"IDLE","t":"2026-07-19T02:52:49.7404837Z","type":"sample"}
{"channel":"hr","display":64,"mu":67.59973591921641,"quality":"OK","raw":64,"sigma":3,"state":"IDLE","t":"2026-07-19T02:52:49.7450568Z","type":"sample"}
{"channel":"rr","display":11.841326228537596,"mu":10.402019137384766,"quality":"OK","raw":1309.2,"sigma":1.5,"state":"IDLE","t":"2026-07-19T02:52:49.7657809Z","type":"sample"}
{"channel":"rr","display":11.841326228537596,"mu":10.402019137384766,"quality":"OK","raw":1308.9,"sigma":1.5,"state":"IDLE","t":"2026-07-19T02:52:49.8053912Z","type":"sample"}
{"channel":"gsr","display":2564.3,"mu":2573.515135882939,"quality":"OK","raw":2564.3,"sigma":39.539887559231396,"state":"IDLE","t":"2026-07-19T02:52:49.8408331Z","type":"sample"}
{"channel":"rr","display":11.841326228537596,"mu":10.402019137384766,"quality":"OK","raw":1309.6,"sigma":1.5,"state":"IDLE","t":"2026-07-19T02:52:49.8454597Z","type":"sample"}
{"channel":"rr","display":11.841326228537596,"mu":10.402019137384766,"quality":"OK","raw":1309.2,"sigma":1.5,"state":"IDLE","t":"2026-07-19T02:52:49.8858977Z","type":"sample"}
{"channel":"rr","display":11.841326228537596,"mu":10.402019137384766,"quality":"OK","raw":1309.7,"sigma":1.5,"state":"IDLE","t":"2026-07-19T02:52:49.9249788Z","type":"sample"}
{"channel":"gsr","display":2569.4,"mu":2573.494560203524,"quality":"OK","raw":2569.4,"sigma":39.441981986378046,"state":"IDLE","t":"2026-07-19T02:52:49.9406997Z","type":"sample"}
{"channel":"rr","display":11.841326228537596,"mu":10.402019137384766,"quality":"OK","raw":1309.3,"sigma":1.5,"state":"IDLE","t":"2026-07-19T02:52:49.9657132Z","type":"sample"}
{"channel":"rr","display":11.841326228537596,"mu":10.402019137384766,"quality":"OK","raw":1309,"sigma":1.5,"state":"IDLE","t":"2026-07-19T02:52:50.006081Z","type":"sample"}
{"address":"/cue/bpm064/start","args":null,"channel":"system","dir":"out","t":"2026-07-19T02:52:50.0382596Z","type":"osc"}
{"address":"/cue/g2/start","args":null,"channel":"system","dir":"out","t":"2026-07-19T02:52:50.0393744Z","type":"osc"}
{"channel":"gsr","display":2568.6,"mu":2573.4700874025066,"quality":"OK","raw":2568.6,"sigma":39.34476811443475,"state":"IDLE","t":"2026-07-19T02:52:50.0408964Z","type":"sample"}
{"channel":"rr","display":11.841326228537596,"mu":10.402019137384766,"quality":"OK","raw":1309.5,"sigma":1.5,"state":"IDLE","t":"2026-07-19T02:52:50.0455148Z","type":"sample"}
{"channel":"rr","display":11.841326228537596,"mu":10.402019137384766,"quality":"OK","raw":1309.6,"sigma":1.5,"state":"IDLE","t":"2026-07-19T02:52:50.0810261Z","type":"sample"}
{"channel":"rr","display":11.841326228537596,"mu":10.402019137384766,"quality":"OK","raw":1308.6,"sigma":1.5,"state":"IDLE","t":"2026-07-19T02:52:50.1256714Z","type":"sample"}
{"channel":"gsr","display":2571.1,"mu":2573.458236965494,"quality":"OK","raw":2571.1,"sigma":39.246638967271686,"state":"IDLE","t":"2026-07-19T02:52:50.1410087Z","type":"sample"}
{"channel":"rr","display":11.841326228537596,"mu":10.402019137384766,"quality":"OK","raw":1309,"sigma":1.5,"state":"IDLE","t":"2026-07-19T02:52:50.165687Z","type":"sample"}
{"channel":"rr","display":11.841326228537596,"mu":10.402019137384766,"quality":"OK","raw":1308.9,"sigma":1.5,"state":"IDLE","t":"2026-07-19T02:52:50.2056294Z","type":"sample"}
{"channel":"gsr","display":2567.6,"mu":2573.4289457806667,"quality":"OK","raw":2567.6,"sigma":39.15057999065203,"state":"IDLE","t":"2026-07-19T02:52:50.2405004Z","type":"sample"}
{"channel":"rr","display":11.841326228537596,"mu":10.402019137384766,"quality":"OK","raw":1309.6,"sigma":1.5,"state":"IDLE","t":"2026-07-19T02:52:50.2453182Z","type":"sample"}
{"channel":"hr","display":64,"mu":67.58173723962034,"quality":"OK","raw":64,"sigma":3,"state":"IDLE","t":"2026-07-19T02:52:50.2460497Z","type":"sample"}
{"channel":"rr","display":11.841326228537596,"mu":10.402019137384766,"quality":"OK","raw":1309.9,"sigma":1.5,"state":"IDLE","t":"2026-07-19T02:52:50.2848067Z","type":"sample"}
{"channel":"rr","display":11.841326228537596,"mu":10.402019137384766,"quality":"OK","raw":1310.4,"sigma":1.5,"state":"IDLE","t":"2026-07-19T02:52:50.3256428Z","type":"sample"}
{"channel":"gsr","display":2571.3,"mu":2573.4183010517636,"quality":"OK","raw":2571.3,"sigma":39.05286958440893,"state":"IDLE","t":"2026-07-19T02:52:50.3394368Z","type":"sample"}
{"channel":"rr","display":11.841326228537596,"mu":10.402019137384766,"quality":"OK","raw":1310.3,"sigma":1.5,"state":"IDLE","t":"2026-07-19T02:52:50.3656755Z","type":"sample"}
{"address":"/cue/p/start","args":null,"channel":"system","dir":"out","t":"2026-07-19T02:52:50.3859907Z","type":"osc"}
{"channel":"rr","display":11.841326228537596,"mu":10.402019137384766,"quality":"OK","raw":1309.1,"sigma":1.5,"state":"IDLE","t":"2026-07-19T02:52:50.4054721Z","type":"sample"}
{"channel":"gsr","display":2574.5,"mu":2573.4237095465046,"quality":"OK","raw":2574.5,"sigma":38.95518977972287,"state":"IDLE","t":"2026-07-19T02:52:50.4408304Z","type":"sample"}
{"channel":"rr","display":11.841326228537596,"mu":10.402019137384766,"quality":"OK","raw":1309,"sigma":1.5,"state":"IDLE","t":"2026-07-19T02:52:50.4455871Z","type":"sample"}
{"channel":"rr","display":11.841326228537596,"mu":10.402019137384766,"quality":"OK","raw":1309.6,"sigma":1.5,"state":"IDLE","t":"2026-07-19T02:52:50.4856857Z","type":"sample"}
{"channel":"rr","display":11.841326228537596,"mu":10.402019137384766,"quality":"OK","raw":1309.2,"sigma":1.5,"state":"IDLE","t":"2026-07-19T02:52:50.5243676Z","type":"sample"}
{"channel":"gsr","display":2574.4,"mu":2573.428590998772,"quality":"OK","raw":2574.4,"sigma":38.85774078104678,"state":"IDLE","t":"2026-07-19T02:52:50.5408876Z","type":"sample"}
{"channel":"rr","display":11.841326228537596,"mu":10.402019137384766,"quality":"OK","raw":1309.4,"sigma":1.5,"state":"IDLE","t":"2026-07-19T02:52:50.5657054Z","type":"sample"}
{"channel":"rr","display":11.841326228537596,"mu":10.402019137384766,"quality":"OK","raw":1310.2,"sigma":1.5,"state":"IDLE","t":"2026-07-19T02:52:50.6055313Z","type":"sample"}
{"channel":"gsr","display":2570,"mu":2573.4114480437784,"quality":"OK","raw":2570,"sigma":38.76122909318369,"state":"IDLE","t":"2026-07-19T02:52:50.6401598Z","type":"sample"}
{"channel":"rr","display":11.841326228537596,"mu":10.402019137384766,"quality":"OK","raw":1309.6,"sigma":1.5,"state":"IDLE","t":"2026-07-19T02:52:50.6454897Z","type":"sample"}
{"channel":"rr","display":11.841326228537596,"mu":10.402019137384766,"quality":"OK","raw":1309.7,"sigma":1.5,"state":"IDLE","t":"2026-07-19T02:52:50.6823925Z","type":"sample"}
{"channel":"rr","display":11.841326228537596,"mu":10.402019137384766,"quality":"OK","raw":1308.5,"sigma":1.5,"state":"IDLE","t":"2026-07-19T02:52:50.725676Z","type":"sample"}
{"channel":"gsr","display":2574.4,"mu":2573.4163908035594,"quality":"OK","raw":2574.4,"sigma":38.66426745916925,"state":"IDLE","t":"2026-07-19T02:52:50.7407995Z","type":"sample"}
{"channel":"hr","display":64,"mu":67.56382855342224,"quality":"OK","raw":64,"sigma":3,"state":"IDLE","t":"2026-07-19T02:52:50.7450934Z","type":"sample"}
{"address":"/cue/r9/start","args":null,"channel":"system","dir":"out","t":"2026-07-19T02:52:50.75618Z","type":"osc"}
{"channel":"rr","display":11.841326228537596,"mu":10.402019137384766,"quality":"OK","raw":1308.5,"sigma":1.5,"state":"IDLE","t":"2026-07-19T02:52:50.7658225Z","type":"sample"}
{"channel":"rr","display":11.841326228537596,"mu":10.402019137384766,"quality":"OK","raw":1309.2,"sigma":1.5,"state":"IDLE","t":"2026-07-19T02:52:50.8054903Z","type":"sample"}
{"channel":"gsr","display":2580.6,"mu":2573.4523088495416,"quality":"OK","raw":2580.6,"sigma":38.57081385403752,"state":"IDLE","t":"2026-07-19T02:52:50.8408698Z","type":"sample"}
{"channel":"rr","display":11.841326228537596,"mu":10.402019137384766,"quality":"OK","raw":1309.3,"sigma":1.5,"state":"IDLE","t":"2026-07-19T02:52:50.8455477Z","type":"sample"}
{"channel":"rr","display":11.841326228537596,"mu":10.402019137384766,"quality":"OK","raw":1307.9,"sigma":1.5,"state":"IDLE","t":"2026-07-19T02:52:50.8810801Z","type":"sample"}
{"channel":"rr","display":11.841326228537596,"mu":10.402019137384766,"quality":"OK","raw":1308.4,"sigma":1.5,"state":"IDLE","t":"2026-07-19T02:52:50.9256702Z","type":"sample"}
{"channel":"gsr","display":2580.6,"mu":2573.488047305294,"quality":"OK","raw":2580.6,"sigma":38.47756896118426,"state":"IDLE","t":"2026-07-19T02:52:50.9400026Z","type":"sample"}
{"channel":"rr","display":11.841326228537596,"mu":10.402019137384766,"quality":"OK","raw":1309.9,"sigma":1.5,"state":"IDLE","t":"2026-07-19T02:52:50.963662Z","type":"sample"}
{"channel":"rr","display":11.841326228537596,"mu":10.402019137384766,"quality":"OK","raw":1308.4,"sigma":1.5,"state":"IDLE","t":"2026-07-19T02:52:51.005593Z","type":"sample"}
{"channel":"gsr","display":2581.8,"mu":2573.5296070687677,"quality":"OK","raw":2581.8,"sigma":38.38573188270522,"state":"IDLE","t":"2026-07-19T02:52:51.0398075Z","type":"sample"}
{"channel":"rr","display":11.841326228537596,"mu":10.402019137384766,"quality":"OK","raw":1309,"sigma":1.5,"state":"IDLE","t":"2026-07-19T02:52:51.0455887Z","type":"sample"}
{"address":"/cue/bpm064/start","args":null,"channel":"system","dir":"out","t":"2026-07-19T02:52:51.0610313Z","type":"osc"}
{"address":"/cue/g1/start","args":null,"channel":"system","dir":"out","t":"2026-07-19T02:52:51.0615572Z","type":"osc"}
{"channel":"rr","display":11.841326228537596,"mu":10.402019137384766,"quality":"OK","raw":1306.8,"sigma":1.5,"state":"IDLE","t":"2026-07-19T02:52:51.0830849Z","type":"sample"}
{"channel":"rr","display":11.841326228537596,"mu":10.402019137384766,"quality":"OK","raw":1309.8,"sigma":1.5,"state":"IDLE","t":"2026-07-19T02:52:51.12352Z","type":"sample"}
{"channel":"gsr","display":2583.1,"mu":2573.577459033424,"quality":"OK","raw":2583.1,"sigma":38.29559716734872,"state":"IDLE","t":"2026-07-19T02:52:51.140457Z","type":"sample"}
{"channel":"rr","display":11.841326228537596,"mu":10.402019137384766,"quality":"OK","raw":1308.8,"sigma":1.5,"state":"IDLE","t":"2026-07-19T02:52:51.1644982Z","type":"sample"}
{"channel":"rr","display":11.841326228537596,"mu":10.402019137384766,"quality":"OK","raw":1308.5,"sigma":1.5,"state":"IDLE","t":"2026-07-19T02:52:51.2056621Z","type":"sample"}
{"channel":"gsr","display":2590.5,"mu":2573.662071738257,"quality":"OK","raw":2590.5,"sigma":38.21838171934856,"state":"IDLE","t":"2026-07-19T02:52:51.2407335Z","type":"sample"}
{"channel":"rr","display":11.841326228537596,"mu":10.402019137384766,"quality":"OK","raw":1308.1,"sigma":1.5,"state":"IDLE","t":"2026-07-19T02:52:51.245154Z","type":"sample"}
{"address":"/cue/p/start","args":null,"channel":"system","dir":"out","t":"2026-07-19T02:52:51.3248445Z","type":"osc"}
{"channel":"hr","display":64,"mu":67.54600941065513,"quality":"OK","raw":64,"sigma":3,"state":"IDLE","t":"2026-07-19T02:52:51.34277Z","type":"sample"}
{"channel":"rr","display":11.841326228537596,"mu":10.402019137384766,"quality":"OK","raw":1308.3,"sigma":1.5,"state":"IDLE","t":"2026-07-19T02:52:51.3476197Z","type":"sample"}
{"channel":"gsr","display":2592.2,"mu":2573.754761379566,"quality":"OK","raw":2592.2,"sigma":38.145132851927364,"state":"IDLE","t":"2026-07-19T02:52:51.3567902Z","type":"sample"}
{"channel":"rr","display":11.841326228537596,"mu":10.402019137384766,"quality":"OK","raw":1303.8,"sigma":1.5,"state":"IDLE","t":"2026-07-19T02:52:51.3867157Z","type":"sample"}
{"channel":"rr","display":11.841326228537596,"mu":10.402019137384766,"quality":"OK","raw":1293.9,"sigma":1.5,"state":"IDLE","t":"2026-07-19T02:52:51.4267347Z","type":"sample"}
{"channel":"gsr","display":2606.3,"mu":2573.917487572668,"quality":"OK","raw":2606.3,"sigma":38.118832451428986,"state":"IDLE","t":"2026-07-19T02:52:51.4568413Z","type":"sample"}
{"channel":"rr","display":11.841326228537596,"mu":10.402019137384766,"quality":"OK","raw":1289.8,"sigma":1.5,"state":"IDLE","t":"2026-07-19T02:52:51.4658122Z","type":"sample"}
{"channel":"rr","display":11.841326228537596,"mu":10.402019137384766,"quality":"OK","raw":1282.7,"sigma":1.5,"state":"IDLE","t":"2026-07-19T02:52:51.5065828Z","type":"sample"}
{"channel":"rr","display":11.841326228537596,"mu":10.402019137384766,"quality":"OK","raw":1277.1,"sigma":1.5,"state":"IDLE","t":"2026-07-19T02:52:51.5404182Z","type":"sample"}
{"channel":"gsr","display":2603.3,"mu":2574.0644001348046,"quality":"OK","raw":2603.3,"sigma":38.079853432026404,"state":"IDLE","t":"2026-07-19T02:52:51.5568065Z","type":"sample"}
{"channel":"rr","display":11.841326228537596,"mu":10.402019137384766,"quality":"OK","raw":1273.5,"sigma":1.5,"state":"IDLE","t":"2026-07-19T02:52:51.5809737Z","type":"sample"}
{"channel":"rr","display":11.841326228537596,"mu":10.402019137384766,"quality":"OK","raw":1272.4,"sigma":1.5,"state":"IDLE","t":"2026-07-19T02:52:51.6266269Z","type":"sample"}
{"channel":"gsr","display":2604.9,"mu":2574.2185781341304,"quality":"OK","raw":2604.9,"sigma":38.04675099738933,"state":"IDLE","t":"2026-07-19T02:52:51.6566724Z","type":"sample"}
{"channel":"rr","display":11.841326228537596,"mu":10.402019137384766,"quality":"OK","raw":1271.2,"sigma":1.5,"state":"IDLE","t":"2026-07-19T02:52:51.666675Z","type":"sample"}
{"channel":"rr","display":11.841326228537596,"mu":10.402019137384766,"quality":"OK","raw":1271.6,"sigma":1.5,"state":"IDLE","t":"2026-07-19T02:52:51.7065914Z","type":"sample"}
{"channel":"rr","display":11.841326228537596,"mu":10.402019137384766,"quality":"OK","raw":1270.9,"sigma":1.5,"state":"IDLE","t":"2026-07-19T02:52:51.7401248Z","type":"sample"}
{"channel":"hr","display":64,"mu":67.52827936360185,"quality":"OK","raw":64,"sigma":3,"state":"IDLE","t":"2026-07-19T02:52:51.7471911Z","type":"sample"}
{"channel":"gsr","display":2601.2,"mu":2574.35348524346,"quality":"OK","raw":2601.2,"sigma":37.99920092385406,"state":"IDLE","t":"2026-07-19T02:52:51.7567031Z","type":"sample"}
{"address":"/cue/r9/start","args":null,"channel":"system","dir":"out","t":"2026-07-19T02:52:51.7701805Z","type":"osc"}
{"channel":"rr","display":11.841326228537596,"mu":10.402019137384766,"quality":"OK","raw":1271.6,"sigma":1.5,"state":"IDLE","t":"2026-07-19T02:52:51.7866541Z","type":"sample"}
{"channel":"rr","display":11.841326228537596,"mu":10.402019137384766,"quality":"OK","raw":1271.3,"sigma":1.5,"state":"IDLE","t":"2026-07-19T02:52:51.8245634Z","type":"sample"}
{"channel":"gsr","display":2600.4,"mu":2574.483717817243,"quality":"OK","raw":2600.4,"sigma":37.948579929013334,"state":"IDLE","t":"2026-07-19T02:52:51.8566566Z","type":"sample"}
{"channel":"rr","display":11.841326228537596,"mu":10.402019137384766,"quality":"OK","raw":1271,"sigma":1.5,"state":"IDLE","t":"2026-07-19T02:52:51.8662328Z","type":"sample"}
{"channel":"rr","display":11.841326228537596,"mu":10.402019137384766,"quality":"OK","raw":1269.8,"sigma":1.5,"state":"IDLE","t":"2026-07-19T02:52:51.9062559Z","type":"sample"}
{"channel":"rr","display":11.841326228537596,"mu":10.402019137384766,"quality":"OK","raw":1270.8,"sigma":1.5,"state":"IDLE","t":"2026-07-19T02:52:51.941274Z","type":"sample"}
{"channel":"gsr","display":2597.4,"mu":2574.5982992281565,"quality":"OK","raw":2597.4,"sigma":37.88808382699291,"state":"IDLE","t":"2026-07-19T02:52:51.9559893Z","type":"sample"}
{"channel":"rr","display":11.841326228537596,"mu":10.402019137384766,"quality":"OK","raw":1270.7,"sigma":1.5,"state":"IDLE","t":"2026-07-19T02:52:51.9869622Z","type":"sample"}
{"channel":"rr","display":11.841326228537596,"mu":10.402019137384766,"quality":"OK","raw":1270.8,"sigma":1.5,"state":"IDLE","t":"2026-07-19T02:52:52.0266224Z","type":"sample"}
{"channel":"gsr","display":2590.7,"mu":2574.6788077320157,"quality":"OK","raw":2590.7,"sigma":37.81030552402839,"state":"IDLE","t":"2026-07-19T02:52:52.0566556Z","type":"sample"}
{"channel":"rr","display":11.841326228537596,"mu":10.402019137384766,"quality":"OK","raw":1270.8,"sigma":1.5,"state":"IDLE","t":"2026-07-19T02:52:52.0644964Z","type":"sample"}
{"address":"/cue/bpm064/start","args":null,"channel":"system","dir":"out","t":"2026-07-19T02:52:52.0765647Z","type":"osc"}
{"address":"/cue/g1/start","args":null,"channel":"system","dir":"out","t":"2026-07-19T02:52:52.0771855Z","type":"osc"}
{"channel":"rr","display":11.841326228537596,"mu":10.402019137384766,"quality":"OK","raw":1271.5,"sigma":1.5,"state":"IDLE","t":"2026-07-19T02:52:52.1066845Z","type":"sample"}
{"channel":"rr","display":11.841326228537596,"mu":10.402019137384766,"quality":"OK","raw":1270.5,"sigma":1.5,"state":"IDLE","t":"2026-07-19T02:52:52.1429562Z","type":"sample"}
{"channel":"gsr","display":2586,"mu":2574.7354136933554,"quality":"OK","raw":2586,"sigma":37.72411364814624,"state":"IDLE","t":"2026-07-19T02:52:52.1566722Z","type":"sample"}
{"channel":"rr","display":11.841326228537596,"mu":10.402019137384766,"quality":"OK","raw":1272.1,"sigma":1.5,"state":"IDLE","t":"2026-07-19T02:52:52.182967Z","type":"sample"}
{"channel":"rr","display":11.841326228537596,"mu":10.402019137384766,"quality":"OK","raw":1271.1,"sigma":1.5,"state":"IDLE","t":"2026-07-19T02:52:52.2237378Z","type":"sample"}
{"channel":"hr","display":64,"mu":67.51063796678385,"quality":"OK","raw":64,"sigma":3,"state":"IDLE","t":"2026-07-19T02:52:52.2446774Z","type":"sample"}
{"channel":"gsr","display":2575.2,"mu":2574.737736624889,"quality":"OK","raw":2575.2,"sigma":37.629699448596895,"state":"IDLE","t":"2026-07-19T02:52:52.2568887Z","type":"sample"}
{"address":"/cue/p/start","args":null,"channel":"system","dir":"out","t":"2026-07-19T02:52:52.2598844Z","type":"osc"}
{"channel":"rr","display":11.841326228537596,"mu":10.402019137384766,"quality":"OK","raw":1271.7,"sigma":1.5,"state":"IDLE","t":"2026-07-19T02:52:52.2656274Z","type":"sample"}
{"channel":"rr","display":11.841326228537596,"mu":10.402019137384766,"quality":"OK","raw":1271.6,"sigma":1.5,"state":"IDLE","t":"2026-07-19T02:52:52.3062793Z","type":"sample"}
{"channel":"rr","display":11.841326228537596,"mu":10.402019137384766,"quality":"OK","raw":1271.7,"sigma":1.5,"state":"IDLE","t":"2026-07-19T02:52:52.3464613Z","type":"sample"}
{"channel":"gsr","display":2573.1,"mu":2574.7295479417644,"quality":"OK","raw":2573.1,"sigma":37.535685061558496,"state":"IDLE","t":"2026-07-19T02:52:52.3562653Z","type":"sample"}
{"channel":"rr","display":11.841326228537596,"mu":10.402019137384766,"quality":"OK","raw":1272.1,"sigma":1.5,"state":"IDLE","t":"2026-07-19T02:52:52.3866324Z","type":"sample"}
{"channel":"rr","display":11.841326228537596,"mu":10.402019137384766,"quality":"OK","raw":1271.2,"sigma":1.5,"state":"IDLE","t":"2026-07-19T02:52:52.4239795Z","type":"sample"}
{"channel":"gsr","display":2565.8,"mu":2574.6849002020554,"quality":"OK","raw":2565.8,"sigma":37.44702532227178,"state":"IDLE","t":"2026-07-19T02:52:52.456685Z","type":"sample"}
{"channel":"rr","display":11.841326228537596,"mu":10.402019137384766,"quality":"OK","raw":1272.9,"sigma":1.5,"state":"IDLE","t":"2026-07-19T02:52:52.4641236Z","type":"sample"}
{"channel":"rr","display":11.841326228537596,"mu":10.402019137384766,"quality":"OK","raw":1272.6,"sigma":1.5,"state":"IDLE","t":"2026-07-19T02:52:52.5063616Z","type":"sample"}
{"channel":"rr","display":11.841326228537596,"mu":10.402019137384766,"quality":"OK","raw":1272.4,"sigma":1.5,"state":"IDLE","t":"2026-07-19T02:52:52.5417091Z","type":"sample"}
{"channel":"gsr","display":2556.1,"mu":2574.591975701045,"quality":"OK","raw":2556.1,"sigma":37.37628478827374,"state":"IDLE","t":"2026-07-19T02:52:52.556317Z","type":"sample"}
{"channel":"rr","display":11.841326228537596,"mu":10.402019137384766,"quality":"OK","raw":1272.1,"sigma":1.5,"state":"IDLE","t":"2026-07-19T02:52:52.5863205Z","type":"sample"}
{"channel":"rr","display":11.841326228537596,"mu":10.402019137384766,"quality":"OK","raw":1272.9,"sigma":1.5,"state":"IDLE","t":"2026-07-19T02:52:52.6248165Z","type":"sample"}
{"channel":"gsr","display":2550.3,"mu":2574.4705158225397,"quality":"OK","raw":2550.3,"sigma":37.322077637324625,"state":"IDLE","t":"2026-07-19T02:52:52.656726Z","type":"sample"}
{"channel":"rr","display":11.841326228537596,"mu":10.402019137384766,"quality":"OK","raw":1274.1,"sigma":1.5,"state":"IDLE","t":"2026-07-19T02:52:52.6654444Z","type":"sample"}
{"channel":"rr","display":11.841326228537596,"mu":10.402019137384766,"quality":"OK","raw":1274.8,"sigma":1.5,"state":"IDLE","t":"2026-07-19T02:52:52.7066548Z","type":"sample"}
{"channel":"rr","display":11.841326228537596,"mu":10.402019137384766,"quality":"OK","raw":1275.2,"sigma":1.5,"state":"IDLE","t":"2026-07-19T02:52:52.7402124Z","type":"sample"}
{"channel":"hr","display":65,"mu":67.49808477694992,"quality":"OK","raw":65,"sigma":3,"state":"IDLE","t":"2026-07-19T02:52:52.7471607Z","type":"sample"}
{"channel":"gsr","display":2541,"mu":2574.303163243427,"quality":"OK","raw":2541,"sigma":37.30343364935798,"state":"IDLE","t":"2026-07-19T02:52:52.7568483Z","type":"sample"}
{"channel":"rr","display":11.841326228537596,"mu":10.402019137384766,"quality":"OK","raw":1275.7,"sigma":1.5,"state":"IDLE","t":"2026-07-19T02:52:52.786399Z","type":"sample"}
{"address":"/cue/r9/start","args":null,"channel":"system","dir":"out","t":"2026-07-19T02:52:52.7879531Z","type":"osc"}
{"channel":"rr","display":11.841326228537596,"mu":10.402019137384766,"quality":"OK","raw":1277.1,"sigma":1.5,"state":"IDLE","t":"2026-07-19T02:52:52.8244493Z","type":"sample"}
{"channel":"gsr","display":2535.9,"mu":2574.11114742721,"quality":"OK","raw":2535.9,"sigma":37.30851881117397,"state":"IDLE","t":"2026-07-19T02:52:52.8568604Z","type":"sample"}
{"channel":"rr","display":11.841326228537596,"mu":10.402019137384766,"quality":"OK","raw":1275.8,"sigma":1.5,"state":"IDLE","t":"2026-07-19T02:52:52.8660318Z","type":"sample"}
{"channel":"rr","display":11.841326228537596,"mu":10.402019137384766,"quality":"OK","raw":1276.6,"sigma":1.5,"state":"IDLE","t":"2026-07-19T02:52:52.9064355Z","type":"sample"}
{"channel":"rr","display":11.841326228537596,"mu":10.402019137384766,"quality":"OK","raw":1276.4,"sigma":1.5,"state":"IDLE","t":"2026-07-19T02:52:52.946696Z","type":"sample"}
{"channel":"gsr","display":2529.7,"mu":2573.889091690074,"quality":"OK","raw":2529.7,"sigma":37.3467319766123,"state":"IDLE","t":"2026-07-19T02:52:52.9568107Z","type":"sample"}
{"channel":"rr","display":11.841326228537596,"mu":10.402019137384766,"quality":"OK","raw":1276.4,"sigma":1.5,"state":"IDLE","t":"2026-07-19T02:52:52.9867619Z","type":"sample"}
{"channel":"rr","display":11.841326228537596,"mu":10.402019137384766,"quality":"OK","raw":1276.1,"sigma":1.5,"state":"IDLE","t":"2026-07-19T02:52:53.0238121Z","type":"sample"}
{"channel":"gsr","display":2526.5,"mu":2573.6521462316236,"quality":"OK","raw":2526.5,"sigma":37.40290074702792,"state":"IDLE","t":"2026-07-19T02:52:53.0568253Z","type":"sample"}
{"channel":"rr","display":11.841326228537596,"mu":10.402019137384766,"quality":"OK","raw":1277.1,"sigma":1.5,"state":"IDLE","t":"2026-07-19T02:52:53.0666495Z","type":"sample"}
{"address":"/cue/bpm065/start","args":null,"channel":"system","dir":"out","t":"2026-07-19T02:52:53.0955465Z","type":"osc"}
{"address":"/cue/g7/start","args":null,"channel":"system","dir":"out","t":"2026-07-19T02:52:53.0966224Z","type":"osc"}
{"channel":"rr","display":11.841326228537596,"mu":10.402019137384766,"quality":"OK","raw":1277.9,"sigma":1.5,"state":"IDLE","t":"2026-07-19T02:52:53.1063256Z","type":"sample"}
{"channel":"rr","display":11.841326228537596,"mu":10.402019137384766,"quality":"OK","raw":1274.7,"sigma":1.5,"state":"IDLE","t":"2026-07-19T02:52:53.1464815Z","type":"sample"}
{"channel":"gsr","display":2518.8,"mu":2573.3778855004657,"quality":"OK","raw":2518.8,"sigma":37.509341105289806,"state":"IDLE","t":"2026-07-19T02:52:53.1563472Z","type":"sample"}
{"channel":"rr","display":11.841326228537596,"mu":10.402019137384766,"quality":"OK","raw":1277.2,"sigma":1.5,"state":"IDLE","t":"2026-07-19T02:52:53.1867187Z","type":"sample"}
{"address":"/cue/p/start","args":null,"channel":"system","dir":"out","t":"2026-07-19T02:52:53.1970992Z","type":"osc"}
{"channel":"rr","display":11.841326228537596,"mu":10.402019137384766,"quality":"OK","raw":1275.3,"sigma":1.5,"state":"IDLE","t":"2026-07-19T02:52:53.2266184Z","type":"sample"}
{"channel":"hr","display":65,"mu":67.48559435306517,"quality":"OK","raw":65,"sigma":3,"state":"IDLE","t":"2026-07-19T02:52:53.2462795Z","type":"sample"}
{"channel":"gsr","display":2516,"mu":2573.090996072963,"quality":"OK","raw":2516,"sigma":37.63369128827424,"state":"IDLE","t":"2026-07-19T02:52:53.2567378Z","type":"sample"}
{"channel":"rr","display":11.841326228537596,"mu":10.402019137384766,"quality":"OK","raw":1276.7,"sigma":1.5,"state":"IDLE","t":"2026-07-19T02:52:53.266672Z","type":"sample"}
{"channel":"rr","display":11.841326228537596,"mu":10.402019137384766,"quality":"OK","raw":1276.4,"sigma":1.5,"state":"IDLE","t":"2026-07-19T02:52:53.3062508Z","type":"sample"}
{"channel":"rr","display":11.841326228537596,"mu":10.402019137384766,"quality":"OK","raw":1277.2,"sigma":1.5,"state":"IDLE","t":"2026-07-19T02:52:53.3466503Z","type":"sample"}
{"channel":"gsr","display":2511.5,"mu":2572.7830410925985,"quality":"OK","raw":2511.5,"sigma":37.79002069459066,"state":"IDLE","t":"2026-07-19T02:52:53.3565467Z","type":"sample"}
{"channel":"rr","display":11.841326228537596,"mu":10.402019137384766,"quality":"OK","raw":1275.9,"sigma":1.5,"state":"IDLE","t":"2026-07-19T02:52:53.3839559Z","type":"sample"}
{"channel":"rr","display":11.841326228537596,"mu":10.402019137384766,"quality":"OK","raw":1276.5,"sigma":1.5,"state":"IDLE","t":"2026-07-19T02:52:53.4266238Z","type":"sample"}
{"channel":"gsr","display":2507.6,"mu":2572.4571258871356,"quality":"OK","raw":2507.6,"sigma":37.97477003599031,"state":"IDLE","t":"2026-07-19T02:52:53.4567814Z","type":"sample"}
{"channel":"rr","display":11.841326228537596,"mu":10.402019137384766,"quality":"OK","raw":1277.1,"sigma":1.5,"state":"IDLE","t":"2026-07-19T02:52:53.4633736Z","type":"sample"}
{"channel":"rr","display":11.841326228537596,"mu":10.402019137384766,"quality":"OK","raw":1274.1,"sigma":1.5,"state":"IDLE","t":"2026-07-19T02:52:53.5063474Z","type":"sample"}
{"channel":"rr","display":11.841326228537596,"mu":10.402019137384766,"quality":"OK","raw":1276,"sigma":1.5,"state":"IDLE","t":"2026-07-19T02:52:53.5465964Z","type":"sample"}
{"channel":"gsr","display":2512.9,"mu":2572.1593402577,"quality":"OK","raw":2512.9,"sigma":38.111931510073035,"state":"IDLE","t":"2026-07-19T02:52:53.5564857Z","type":"sample"}
{"channel":"rr","display":11.841326228537596,"mu":10.402019137384766,"quality":"OK","raw":1276.2,"sigma":1.5,"state":"IDLE","t":"2026-07-19T02:52:53.5867683Z","type":"sample"}
{"channel":"rr","display":11.841326228537596,"mu":10.402019137384766,"quality":"OK","raw":1275.4,"sigma":1.5,"state":"IDLE","t":"2026-07-19T02:52:53.6262875Z","type":"sample"}
{"channel":"gsr","display":2509.1,"mu":2571.8440435564116,"quality":"OK","raw":2509.1,"sigma":38.2758372445358,"state":"IDLE","t":"2026-07-19T02:52:53.6565626Z","type":"sample"}
{"channel":"rr","display":11.841326228537596,"mu":10.402019137384766,"quality":"OK","raw":1275.2,"sigma":1.5,"state":"IDLE","t":"2026-07-19T02:52:53.666061Z","type":"sample"}
{"channel":"rr","display":11.841326228537596,"mu":10.402019137384766,"quality":"OK","raw":1275.4,"sigma":1.5,"state":"IDLE","t":"2026-07-19T02:52:53.7066238Z","type":"sample"}
{"channel":"rr","display":11.841326228537596,"mu":10.402019137384766,"quality":"OK","raw":1275,"sigma":1.5,"state":"IDLE","t":"2026-07-19T02:52:53.7404963Z","type":"sample"}
{"channel":"hr","display":65,"mu":67.47316638129985,"quality":"OK","raw":65,"sigma":3,"state":"IDLE","t":"2026-07-19T02:52:53.7471562Z","type":"sample"}
{"channel":"gsr","display":2499.9,"mu":2571.4843233386296,"quality":"OK","raw":2499.9,"sigma":38.51577399673406,"state":"IDLE","t":"2026-07-19T02:52:53.7568485Z","type":"sample"}
{"channel":"rr","display":11.841326228537596,"mu":10.402019137384766,"quality":"OK","raw":1274.7,"sigma":1.5,"state":"IDLE","t":"2026-07-19T02:52:53.7866261Z","type":"sample"}
{"address":"/cue/r9/start","args":null,"channel":"system","dir":"out","t":"2026-07-19T02:52:53.8001035Z","type":"osc"}
{"channel":"rr","display":11.841326228537596,"mu":10.402019137384766,"quality":"OK","raw":1274.2,"sigma":1.5,"state":"IDLE","t":"2026-07-19T02:52:53.8238766Z","type":"sample"}
{"channel":"gsr","display":2500.6,"mu":2571.129901721936,"quality":"OK","raw":2500.6,"sigma":38.74331999362156,"state":"IDLE","t":"2026-07-19T02:52:53.8568543Z","type":"sample"}
{"channel":"rr","display":11.841326228537596,"mu":10.402019137384766,"quality":"OK","raw":1275.3,"sigma":1.5,"state":"IDLE","t":"2026-07-19T02:52:53.8666232Z","type":"sample"}
{"channel":"rr","display":11.841326228537596,"mu":10.402019137384766,"quality":"OK","raw":1274.5,"sigma":1.5,"state":"IDLE","t":"2026-07-19T02:52:53.9058315Z","type":"sample"}
{"channel":"rr","display":11.841326228537596,"mu":10.402019137384766,"quality":"OK","raw":1276.4,"sigma":1.5,"state":"IDLE","t":"2026-07-19T02:52:53.9466608Z","type":"sample"}
{"channel":"gsr","display":2498.3,"mu":2570.7657522133263,"quality":"OK","raw":2498.3,"sigma":38.986253833460694,"state":"IDLE","t":"2026-07-19T02:52:53.9564358Z","type":"sample"}
{"channel":"rr","display":11.841326228537596,"mu":10.402019137384766,"quality":"OK","raw":1274.6,"sigma":1.5,"state":"IDLE","t":"2026-07-19T02:52:53.9868482Z","type":"sample"}
{"channel":"rr","display":11.841326228537596,"mu":10.402019137384766,"quality":"OK","raw":1274.5,"sigma":1.5,"state":"IDLE","t":"2026-07-19T02:52:54.0266443Z","type":"sample"}
{"channel":"gsr","display":2497.1,"mu":2570.3974234522598,"quality":"OK","raw":2497.1,"sigma":39.234243935581844,"state":"IDLE","t":"2026-07-19T02:52:54.0558437Z","type":"sample"}
{"channel":"rr","display":11.841326228537596,"mu":10.402019137384766,"quality":"OK","raw":1275,"sigma":1.5,"state":"IDLE","t":"2026-07-19T02:52:54.0657626Z","type":"sample"}
{"address":"/cue/bpm065/start","args":null,"channel":"system","dir":"out","t":"2026-07-19T02:52:54.1021698Z","type":"osc"}
{"address":"/cue/g14/start","args":null,"channel":"system","dir":"out","t":"2026-07-19T02:52:54.1032201Z","type":"osc"}
{"channel":"rr","display":11.841326228537596,"mu":10.402019137384766,"quality":"OK","raw":1275.1,"sigma":1.5,"state":"IDLE","t":"2026-07-19T02:52:54.1065206Z","type":"sample"}
{"address":"/cue/p/start","args":null,"channel":"system","dir":"out","t":"2026-07-19T02:52:54.1232182Z","type":"osc"}
{"channel":"rr","display":11.841326228537596,"mu":10.402019137384766,"quality":"OK","raw":1274.2,"sigma":1.5,"state":"IDLE","t":"2026-07-19T02:52:54.1436435Z","type":"sample"}
{"channel":"gsr","display":2494.6,"mu":2570.0184363349986,"quality":"OK","raw":2494.6,"sigma":39.499517509530584,"state":"IDLE","t":"2026-07-19T02:52:54.1561846Z","type":"sample"}
{"channel":"rr","display":11.841326228537596,"mu":10.402019137384766,"quality":"OK","raw":1273.6,"sigma":1.5,"state":"IDLE","t":"2026-07-19T02:52:54.1810761Z","type":"sample"}
{"channel":"rr","display":11.841326228537596,"mu":10.402019137384766,"quality":"OK","raw":1273.8,"sigma":1.5,"state":"IDLE","t":"2026-07-19T02:52:54.2266331Z","type":"sample"}
{"channel":"hr","display":65,"mu":67.46080054939335,"quality":"OK","raw":65,"sigma":3,"state":"IDLE","t":"2026-07-19T02:52:54.2463051Z","type":"sample"}
{"channel":"gsr","display":2493.8,"mu":2569.6373441533237,"quality":"OK","raw":2493.8,"sigma":39.765711901135525,"state":"IDLE","t":"2026-07-19T02:52:54.256427Z","type":"sample"}
{"channel":"rr","display":11.841326228537596,"mu":10.402019137384766,"quality":"OK","raw":1274.6,"sigma":1.5,"state":"IDLE","t":"2026-07-19T02:52:54.266642Z","type":"sample"}
{"channel":"rr","display":11.841326228537596,"mu":10.402019137384766,"quality":"OK","raw":1274.2,"sigma":1.5,"state":"IDLE","t":"2026-07-19T02:52:54.3058316Z","type":"sample"}
{"channel":"rr","display":11.841326228537596,"mu":10.402019137384766,"quality":"OK","raw":1274.4,"sigma":1.5,"state":"IDLE","t":"2026-07-19T02:52:54.3435589Z","type":"sample"}
{"channel":"gsr","display":2492.9,"mu":2569.2536574325572,"quality":"OK","raw":2492.9,"sigma":40.033750364260484,"state":"IDLE","t":"2026-07-19T02:52:54.3565071Z","type":"sample"}
{"channel":"rr","display":11.841326228537596,"mu":10.402019137384766,"quality":"OK","raw":1273.4,"sigma":1.5,"state":"IDLE","t":"2026-07-19T02:52:54.3869403Z","type":"sample"}
{"channel":"rr","display":11.841326228537596,"mu":10.402019137384766,"quality":"OK","raw":1272.3,"sigma":1.5,"state":"IDLE","t":"2026-07-19T02:52:54.424147Z","type":"sample"}
{"channel":"gsr","display":2489.7,"mu":2568.8558891453945,"quality":"OK","raw":2489.7,"sigma":40.32583991476182,"state":"IDLE","t":"2026-07-19T02:52:54.4568005Z","type":"sample"}
{"channel":"rr","display":11.841326228537596,"mu":10.402019137384766,"quality":"OK","raw":1273.2,"sigma":1.5,"state":"IDLE","t":"2026-07-19T02:52:54.4656953Z","type":"sample"}
{"channel":"rr","display":11.841326228537596,"mu":10.402019137384766,"quality":"OK","raw":1270.3,"sigma":1.5,"state":"IDLE","t":"2026-07-19T02:52:54.5059171Z","type":"sample"}
{"channel":"rr","display":11.841326228537596,"mu":10.402019137384766,"quality":"OK","raw":1268.5,"sigma":1.5,"state":"IDLE","t":"2026-07-19T02:52:54.5466821Z","type":"sample"}
{"channel":"gsr","display":2489.9,"mu":2568.4611096996673,"quality":"OK","raw":2489.9,"sigma":40.60858048922387,"state":"IDLE","t":"2026-07-19T02:52:54.5567141Z","type":"sample"}
{"channel":"rr","display":11.841326228537596,"mu":10.402019137384766,"quality":"OK","raw":1266.8,"sigma":1.5,"state":"IDLE","t":"2026-07-19T02:52:54.5852282Z","type":"sample"}
{"channel":"rr","display":11.841326228537596,"mu":10.402019137384766,"quality":"OK","raw":1263.5,"sigma":1.5,"state":"IDLE","t":"2026-07-19T02:52:54.6266382Z","type":"sample"}
{"channel":"gsr","display":2492.6,"mu":2568.081804151169,"quality":"OK","raw":2492.6,"sigma":40.85880801526432,"state":"IDLE","t":"2026-07-19T02:52:54.6567873Z","type":"sample"}
{"channel":"rr","display":11.841326228537596,"mu":10.402019137384766,"quality":"OK","raw":1258.6,"sigma":1.5,"state":"IDLE","t":"2026-07-19T02:52:54.6660694Z","type":"sample"}
{"channel":"rr","display":11.841326228537596,"mu":10.402019137384766,"quality":"OK","raw":1249.9,"sigma":1.5,"state":"IDLE","t":"2026-07-19T02:52:54.7064477Z","type":"sample"}
{"channel":"rr","display":11.841326228537596,"mu":10.402019137384766,"quality":"OK","raw":1238.4,"sigma":1.5,"state":"IDLE","t":"2026-07-19T02:52:54.7466102Z","type":"sample"}
{"channel":"hr","display":65,"mu":67.44849654664638,"quality":"OK","raw":65,"sigma":3,"state":"IDLE","t":"2026-07-19T02:52:54.7471142Z","type":"sample"}
{"channel":"gsr","display":2488.8,"mu":2567.685395130413,"quality":"OK","raw":2488.8,"sigma":41.1383745875025,"state":"IDLE","t":"2026-07-19T02:52:54.7564528Z","type":"sample"}
{"channel":"rr","display":11.841326228537596,"mu":10.402019137384766,"quality":"OK","raw":1224.2,"sigma":1.5,"state":"IDLE","t":"2026-07-19T02:52:54.7868372Z","type":"sample"}
{"address":"/cue/r9/start","args":null,"channel":"system","dir":"out","t":"2026-07-19T02:52:54.8063518Z","type":"osc"}
{"channel":"rr","display":11.841326228537596,"mu":10.402019137384766,"quality":"OK","raw":1209.5,"sigma":1.5,"state":"IDLE","t":"2026-07-19T02:52:54.8236667Z","type":"sample"}
{"channel":"gsr","display":2489,"mu":2567.291968154761,"quality":"OK","raw":2489,"sigma":41.40901117670088,"state":"IDLE","t":"2026-07-19T02:52:54.8569554Z","type":"sample"}
{"channel":"rr","display":11.841326228537596,"mu":10.402019137384766,"quality":"OK","raw":1202.6,"sigma":1.5,"state":"IDLE","t":"2026-07-19T02:52:54.8659013Z","type":"sample"}
{"channel":"rr","display":11.841326228537596,"mu":10.402019137384766,"quality":"OK","raw":1197.2,"sigma":1.5,"state":"IDLE","t":"2026-07-19T02:52:54.9064703Z","type":"sample"}
{"channel":"rr","display":11.841326228537596,"mu":10.402019137384766,"quality":"OK","raw":1196.9,"sigma":1.5,"state":"IDLE","t":"2026-07-19T02:52:54.9466801Z","type":"sample"}
{"channel":"gsr","display":2486.5,"mu":2566.888008313987,"quality":"OK","raw":2486.5,"sigma":41.696597015075696,"state":"IDLE","t":"2026-07-19T02:52:54.9566636Z","type":"sample"}
{"channel":"rr","display":11.841326228537596,"mu":10.402019137384766,"quality":"OK","raw":1193.9,"sigma":1.5,"state":"IDLE","t":"2026-07-19T02:52:54.9866832Z","type":"sample"}
{"channel":"rr","display":11.841326228537596,"mu":10.402019137384766,"quality":"OK","raw":1193.1,"sigma":1.5,"state":"IDLE","t":"2026-07-19T02:52:55.0242626Z","type":"sample"}
{"address":"/cue/p/start","args":null,"channel":"system","dir":"out","t":"2026-07-19T02:52:55.0444406Z","type":"osc"}
{"channel":"gsr","display":2485.8,"mu":2566.482568272417,"quality":"OK","raw":2485.8,"sigma":41.98362913635229,"state":"IDLE","t":"2026-07-19T02:52:55.0570394Z","type":"sample"}
{"channel":"rr","display":11.841326228537596,"mu":10.402019137384766,"quality":"OK","raw":1192.6,"sigma":1.5,"state":"IDLE","t":"2026-07-19T02:52:55.0664024Z","type":"sample"}
{"channel":"rr","display":11.841326228537596,"mu":10.402019137384766,"quality":"OK","raw":1192.6,"sigma":1.5,"state":"IDLE","t":"2026-07-19T02:52:55.1066702Z","type":"sample"}
{"address":"/cue/bpm065/start","args":null,"channel":"system","dir":"out","t":"2026-07-19T02:52:55.11507Z","type":"osc"}
{"address":"/cue/g14/start","args":null,"channel":"system","dir":"out","t":"2026-07-19T02:52:55.1161119Z","type":"osc"}
{"channel":"rr","display":11.841326228537596,"mu":10.402019137384766,"quality":"OK","raw":1191.1,"sigma":1.5,"state":"IDLE","t":"2026-07-19T02:52:55.1407692Z","type":"sample"}
{"channel":"gsr","display":2476,"mu":2566.030155431055,"quality":"OK","raw":2476,"sigma":42.36204419416406,"state":"IDLE","t":"2026-07-19T02:52:55.1568511Z","type":"sample"}
{"channel":"rr","display":11.841326228537596,"mu":10.402019137384766,"quality":"OK","raw":1191.3,"sigma":1.5,"state":"IDLE","t":"2026-07-19T02:52:55.1866916Z","type":"sample"}
{"channel":"rr","display":11.841326228537596,"mu":10.402019137384766,"quality":"OK","raw":1191.6,"sigma":1.5,"state":"IDLE","t":"2026-07-19T02:52:55.2249671Z","type":"sample"}
{"channel":"hr","display":65,"mu":67.43625406391315,"quality":"OK","raw":65,"sigma":3,"state":"IDLE","t":"2026-07-19T02:52:55.2463764Z","type":"sample"}
{"channel":"gsr","display":2470.9,"mu":2565.5545046538996,"quality":"OK","raw":2470.9,"sigma":42.78542465684596,"state":"IDLE","t":"2026-07-19T02:52:55.2568703Z","type":"sample"}
{"channel":"rr","display":11.841326228537596,"mu":10.402019137384766,"quality":"OK","raw":1190.6,"sigma":1.5,"state":"IDLE","t":"2026-07-19T02:52:55.2651214Z","type":"sample"}
{"channel":"rr","display":11.841326228537596,"mu":10.402019137384766,"quality":"OK","raw":1191,"sigma":1.5,"state":"IDLE","t":"2026-07-19T02:52:55.3059972Z","type":"sample"}
{"channel":"rr","display":11.841326228537596,"mu":10.402019137384766,"quality":"OK","raw":1191.3,"sigma":1.5,"state":"IDLE","t":"2026-07-19T02:52:55.3435141Z","type":"sample"}
{"channel":"gsr","display":2466.1,"mu":2565.05723213063,"quality":"OK","raw":2466.1,"sigma":43.2509920437517,"state":"IDLE","t":"2026-07-19T02:52:55.3568019Z","type":"sample"}
{"channel":"rr","display":11.841326228537596,"mu":10.402019137384766,"quality":"OK","raw":1190.2,"sigma":1.5,"state":"IDLE","t":"2026-07-19T02:52:55.3851263Z","type":"sample"}
{"channel":"rr","display":11.841326228537596,"mu":10.402019137384766,"quality":"OK","raw":1191.9,"sigma":1.5,"state":"IDLE","t":"2026-07-19T02:52:55.4245728Z","type":"sample"}
{"channel":"gsr","display":2456.8,"mu":2564.5159459699767,"quality":"OK","raw":2456.8,"sigma":43.81324254195346,"state":"IDLE","t":"2026-07-19T02:52:55.4565256Z","type":"sample"}
{"channel":"rr","display":11.841326228537596,"mu":10.402019137384766,"quality":"OK","raw":1191,"sigma":1.5,"state":"IDLE","t":"2026-07-19T02:52:55.4667074Z","type":"sample"}
{"channel":"rr","display":11.841326228537596,"mu":10.402019137384766,"quality":"OK","raw":1192.3,"sigma":1.5,"state":"IDLE","t":"2026-07-19T02:52:55.5066889Z","type":"sample"}
{"channel":"rr","display":11.841326228537596,"mu":10.402019137384766,"quality":"OK","raw":1191.8,"sigma":1.5,"state":"IDLE","t":"2026-07-19T02:52:55.5467297Z","type":"sample"}
{"channel":"gsr","display":2455,"mu":2563.9683662401267,"quality":"OK","raw":2455,"sigma":44.38097666205412,"state":"IDLE","t":"2026-07-19T02:52:55.5572818Z","type":"sample"}
{"channel":"rr","display":11.841326228537596,"mu":10.402019137384766,"quality":"OK","raw":1192,"sigma":1.5,"state":"IDLE","t":"2026-07-19T02:52:55.5831543Z","type":"sample"}
{"channel":"rr","display":11.841326228537596,"mu":10.402019137384766,"quality":"OK","raw":1190.5,"sigma":1.5,"state":"IDLE","t":"2026-07-19T02:52:55.6266296Z","type":"sample"}
{"channel":"gsr","display":2449.8,"mu":2563.397524408926,"quality":"OK","raw":2449.8,"sigma":44.99632154836496,"state":"IDLE","t":"2026-07-19T02:52:55.6567663Z","type":"sample"}
{"channel":"rr","display":11.841326228537596,"mu":10.402019137384766,"quality":"OK","raw":1192.8,"sigma":1.5,"state":"IDLE","t":"2026-07-19T02:52:55.6635483Z","type":"sample"}
{"channel":"rr","display":11.841326228537596,"mu":10.402019137384766,"quality":"OK","raw":1190.7,"sigma":1.5,"state":"IDLE","t":"2026-07-19T02:52:55.7060697Z","type":"sample"}
{"channel":"rr","display":11.841326228537596,"mu":10.402019137384766,"quality":"OK","raw":1191.9,"sigma":1.5,"state":"IDLE","t":"2026-07-19T02:52:55.7466376Z","type":"sample"}
{"channel":"hr","display":65,"mu":67.4240727935936,"quality":"OK","raw":65,"sigma":3,"state":"IDLE","t":"2026-07-19T02:52:55.8168378Z","type":"sample"}
{"channel":"rr","display":11.841326228537596,"mu":10.402019137384766,"quality":"OK","raw":1190.8,"sigma":1.5,"state":"IDLE","t":"2026-07-19T02:52:55.8214444Z","type":"sample"}
{"channel":"gsr","display":2454.2,"mu":2562.8515367868813,"quality":"OK","raw":2454.2,"sigma":45.53974091188045,"state":"IDLE","t":"2026-07-19T02:52:55.8306089Z","type":"sample"}
{"address":"/cue/r9/start","args":null,"channel":"system","dir":"out","t":"2026-07-19T02:52:55.8316716Z","type":"osc"}
{"channel":"rr","display":11.841326228537596,"mu":10.402019137384766,"quality":"OK","raw":1192.1,"sigma":1.5,"state":"IDLE","t":"2026-07-19T02:52:55.8616926Z","type":"sample"}
{"channel":"rr","display":11.841326228537596,"mu":10.402019137384766,"quality":"OK","raw":1191.8,"sigma":1.5,"state":"IDLE","t":"2026-07-19T02:52:55.9011661Z","type":"sample"}
{"channel":"gsr","display":2456.9,"mu":2562.321779102947,"quality":"OK","raw":2456.9,"sigma":46.03636236545426,"state":"IDLE","t":"2026-07-19T02:52:55.9256802Z","type":"sample"}
{"channel":"rr","display":11.841326228537596,"mu":10.402019137384766,"quality":"OK","raw":1191.9,"sigma":1.5,"state":"IDLE","t":"2026-07-19T02:52:55.9404772Z","type":"sample"}
{"address":"/cue/p/start","args":null,"channel":"system","dir":"out","t":"2026-07-19T02:52:55.9678665Z","type":"osc"}
{"channel":"rr","display":11.841326228537596,"mu":10.402019137384766,"quality":"OK","raw":1191.9,"sigma":1.5,"state":"IDLE","t":"2026-07-19T02:52:55.9790317Z","type":"sample"}
{"channel":"rr","display":11.841326228537596,"mu":10.402019137384766,"quality":"OK","raw":1192,"sigma":1.5,"state":"IDLE","t":"2026-07-19T02:52:56.0191747Z","type":"sample"}
{"channel":"gsr","display":2455.8,"mu":2561.789170207432,"quality":"OK","raw":2455.8,"sigma":46.53171715534362,"state":"IDLE","t":"2026-07-19T02:52:56.0303036Z","type":"sample"}
{"channel":"rr","display":11.841326228537596,"mu":10.402019137384766,"quality":"OK","raw":1192.7,"sigma":1.5,"state":"IDLE","t":"2026-07-19T02:52:56.0616324Z","type":"sample"}
{"channel":"rr","display":11.841326228537596,"mu":10.402019137384766,"quality":"OK","raw":1191.9,"sigma":1.5,"state":"IDLE","t":"2026-07-19T02:52:56.099179Z","type":"sample"}
{"channel":"gsr","display":2452.8,"mu":2561.244224356395,"quality":"OK","raw":2452.8,"sigma":47.047539022245736,"state":"IDLE","t":"2026-07-19T02:52:56.1307705Z","type":"sample"}
{"channel":"rr","display":11.841326228537596,"mu":10.402019137384766,"quality":"OK","raw":1193.1,"sigma":1.5,"state":"IDLE","t":"2026-07-19T02:52:56.1410313Z","type":"sample"}
{"address":"/cue/bpm065/start","args":null,"channel":"system","dir":"out","t":"2026-07-19T02:52:56.1439052Z","type":"osc"}
{"address":"/cue/g16/start","args":null,"channel":"system","dir":"out","t":"2026-07-19T02:52:56.144952Z","type":"osc"}
{"channel":"rr","display":11.841326228537596,"mu":10.402019137384766,"quality":"OK","raw":1195.9,"sigma":1.5,"state":"IDLE","t":"2026-07-19T02:52:56.1794176Z","type":"sample"}
{"channel":"rr","display":11.841326228537596,"mu":10.402019137384766,"quality":"OK","raw":1202.6,"sigma":1.5,"state":"IDLE","t":"2026-07-19T02:52:56.219694Z","type":"sample"}
{"channel":"gsr","display":2446.7,"mu":2560.6715032346133,"quality":"OK","raw":2446.7,"sigma":47.6201371332884,"state":"IDLE","t":"2026-07-19T02:52:56.2306422Z","type":"sample"}
{"channel":"hr","display":65,"mu":67.41195242962563,"quality":"OK","raw":65,"sigma":3,"state":"IDLE","t":"2026-07-19T02:52:56.2468217Z","type":"sample"}
{"channel":"rr","display":11.841326228537596,"mu":10.402019137384766,"quality":"OK","raw":1209.3,"sigma":1.5,"state":"IDLE","t":"2026-07-19T02:52:56.2617301Z","type":"sample"}
{"channel":"rr","display":11.841326228537596,"mu":10.402019137384766,"quality":"OK","raw":1223.7,"sigma":1.5,"state":"IDLE","t":"2026-07-19T02:52:56.2992773Z","type":"sample"}
{"channel":"gsr","display":2440.6,"mu":2560.07114571844,"quality":"OK","raw":2440.6,"sigma":48.25002045168582,"state":"IDLE","t":"2026-07-19T02:52:56.330698Z","type":"sample"}
{"channel":"rr","display":11.841326228537596,"mu":10.402019137384766,"quality":"OK","raw":1241.1,"sigma":1.5,"state":"IDLE","t":"2026-07-19T02:52:56.341145Z","type":"sample"}
{"channel":"rr","display":11.841326228537596,"mu":10.402019137384766,"quality":"OK","raw":1253.6,"sigma":1.5,"state":"IDLE","t":"2026-07-19T02:52:56.3790134Z","type":"sample"}
{"channel":"rr","display":11.841326228537596,"mu":10.402019137384766,"quality":"OK","raw":1265.4,"sigma":1.5,"state":"IDLE","t":"2026-07-19T02:52:56.4192858Z","type":"sample"}
{"channel":"gsr","display":2441.1,"mu":2559.476289989848,"quality":"OK","raw":2441.1,"sigma":48.855306420593784,"state":"IDLE","t":"2026-07-19T02:52:56.4289666Z","type":"sample"}
{"channel":"rr","display":11.841326228537596,"mu":10.402019137384766,"quality":"OK","raw":1284.2,"sigma":1.5,"state":"IDLE","t":"2026-07-19T02:52:56.4609944Z","type":"sample"}
{"channel":"rr","display":11.841326228537596,"mu":10.402019137384766,"quality":"OK","raw":1297,"sigma":1.5,"state":"IDLE","t":"2026-07-19T02:52:56.5017349Z","type":"sample"}
{"channel":"gsr","display":2433.4,"mu":2558.8459085398986,"quality":"OK","raw":2433.4,"sigma":49.537718299679916,"state":"IDLE","t":"2026-07-19T02:52:56.5307509Z","type":"sample"}
{"channel":"rr","display":11.299009453504576,"mu":10.410989040545964,"quality":"OK","raw":1310.4,"sigma":1.5,"state":"IDLE","t":"2026-07-19T02:52:56.5416591Z","type":"sample"}
{"channel":"rr","display":11.299009453504576,"mu":10.410989040545964,"quality":"OK","raw":1323.9,"sigma":1.5,"state":"IDLE","t":"2026-07-19T02:52:56.5816286Z","type":"sample"}
{"channel":"rr","display":11.299009453504576,"mu":10.410989040545964,"quality":"OK","raw":1334.9,"sigma":1.5,"state":"IDLE","t":"2026-07-19T02:52:56.6191241Z","type":"sample"}
{"channel":"gsr","display":2427.1,"mu":2558.187178997199,"quality":"OK","raw":2427.1,"sigma":50.27988269816609,"state":"IDLE","t":"2026-07-19T02:52:56.630481Z","type":"sample"}
{"channel":"rr","display":11.299009453504576,"mu":10.410989040545964,"quality":"OK","raw":1340.6,"sigma":1.5,"state":"IDLE","t":"2026-07-19T02:52:56.6613189Z","type":"sample"}
{"channel":"rr","display":11.299009453504576,"mu":10.410989040545964,"quality":"OK","raw":1350.6,"sigma":1.5,"state":"IDLE","t":"2026-07-19T02:52:56.7016546Z","type":"sample"}
{"channel":"gsr","display":2433.9,"mu":2557.565743102213,"quality":"OK","raw":2433.9,"sigma":50.91440466964597,"state":"IDLE","t":"2026-07-19T02:52:56.7298188Z","type":"sample"}
{"channel":"rr","display":11.299009453504576,"mu":10.410989040545964,"quality":"OK","raw":1353.8,"sigma":1.5,"state":"IDLE","t":"2026-07-19T02:52:56.7416416Z","type":"sample"}
{"channel":"hr","display":65,"mu":67.3998926674775,"quality":"OK","raw":65,"sigma":3,"state":"IDLE","t":"2026-07-19T02:52:56.7460276Z","type":"sample"}
{"channel":"rr","display":11.299009453504576,"mu":10.410989040545964,"quality":"OK","raw":1354.8,"sigma":1.5,"state":"IDLE","t":"2026-07-19T02:52:56.781746Z","type":"sample"}
{"channel":"rr","display":11.299009453504576,"mu":10.410989040545964,"quality":"OK","raw":1355.2,"sigma":1.5,"state":"IDLE","t":"2026-07-19T02:52:56.8191257Z","type":"sample"}
{"channel":"gsr","display":2428.8,"mu":2556.921914386702,"quality":"OK","raw":2428.8,"sigma":51.59267183833915,"state":"IDLE","t":"2026-07-19T02:52:56.8307426Z","type":"sample"}
{"channel":"rr","display":11.299009453504576,"mu":10.410989040545964,"quality":"OK","raw":1354.9,"sigma":1.5,"state":"IDLE","t":"2026-07-19T02:52:56.8592993Z","type":"sample"}
{"address":"/cue/r6/start","args":null,"channel":"system","dir":"out","t":"2026-07-19T02:52:56.8693765Z","type":"osc"}
{"address":"/cue/p/start","args":null,"channel":"system","dir":"out","t":"2026-07-19T02:52:56.8904982Z","type":"osc"}
{"channel":"rr","display":11.299009453504576,"mu":10.410989040545964,"quality":"OK","raw":1356.1,"sigma":1.5,"state":"IDLE","t":"2026-07-19T02:52:56.8990837Z","type":"sample"}
{"channel":"gsr","display":2423.2,"mu":2556.253304814769,"quality":"OK","raw":2423.2,"sigma":52.320698405678826,"state":"IDLE","t":"2026-07-19T02:52:56.9282506Z","type":"sample"}
{"channel":"rr","display":11.299009453504576,"mu":10.410989040545964,"quality":"OK","raw":1356.2,"sigma":1.5,"state":"IDLE","t":"2026-07-19T02:52:56.9414068Z","type":"sample"}
{"channel":"rr","display":11.299009453504576,"mu":10.410989040545964,"quality":"OK","raw":1354.7,"sigma":1.5,"state":"IDLE","t":"2026-07-19T02:52:56.9816993Z","type":"sample"}
{"channel":"rr","display":11.299009453504576,"mu":10.410989040545964,"quality":"OK","raw":1354.8,"sigma":1.5,"state":"IDLE","t":"2026-07-19T02:52:57.0212182Z","type":"sample"}
{"channel":"gsr","display":2420,"mu":2555.572038290695,"quality":"OK","raw":2420,"sigma":53.06721111512852,"state":"IDLE","t":"2026-07-19T02:52:57.0306547Z","type":"sample"}
{"channel":"rr","display":11.299009453504576,"mu":10.410989040545964,"quality":"OK","raw":1354,"sigma":1.5,"state":"IDLE","t":"2026-07-19T02:52:57.0616681Z","type":"sample"}
{"channel":"rr","display":11.299009453504576,"mu":10.410989040545964,"quality":"OK","raw":1355.1,"sigma":1.5,"state":"IDLE","t":"2026-07-19T02:52:57.0989968Z","type":"sample"}
{"channel":"gsr","display":2419.7,"mu":2554.892678099242,"quality":"OK","raw":2419.7,"sigma":53.79491402294962,"state":"IDLE","t":"2026-07-19T02:52:57.1305874Z","type":"sample"}
{"channel":"rr","display":11.299009453504576,"mu":10.410989040545964,"quality":"OK","raw":1355.4,"sigma":1.5,"state":"IDLE","t":"2026-07-19T02:52:57.1416199Z","type":"sample"}
{"address":"/cue/bpm065/start","args":null,"channel":"system","dir":"out","t":"2026-07-19T02:52:57.172262Z","type":"osc"}
{"address":"/cue/g16/start","args":null,"channel":"system","dir":"out","t":"2026-07-19T02:52:57.1728037Z","type":"osc"}
{"channel":"rr","display":11.299009453504576,"mu":10.410989040545964,"quality":"OK","raw":1355.8,"sigma":1.5,"state":"IDLE","t":"2026-07-19T02:52:57.181349Z","type":"sample"}
{"channel":"rr","display":11.299009453504576,"mu":10.410989040545964,"quality":"OK","raw":1355.4,"sigma":1.5,"state":"IDLE","t":"2026-07-19T02:52:57.219465Z","type":"sample"}
{"channel":"gsr","display":2420.9,"mu":2554.2227147087456,"quality":"OK","raw":2420.9,"sigma":54.486187688617825,"state":"IDLE","t":"2026-07-19T02:52:57.2301162Z","type":"sample"}
{"channel":"hr","display":66,"mu":67.39289320414011,"quality":"OK","raw":66,"sigma":3,"state":"IDLE","t":"2026-07-19T02:52:57.24543Z","type":"sample"}
{"channel":"rr","display":11.299009453504576,"mu":10.410989040545964,"quality":"OK","raw":1355,"sigma":1.5,"state":"IDLE","t":"2026-07-19T02:52:57.2617421Z","type":"sample"}
{"channel":"rr","display":11.299009453504576,"mu":10.410989040545964,"quality":"OK","raw":1353.7,"sigma":1.5,"state":"IDLE","t":"2026-07-19T02:52:57.3015391Z","type":"sample"}
{"channel":"gsr","display":2420.1,"mu":2553.552101135202,"quality":"OK","raw":2420.1,"sigma":55.16698030556221,"state":"IDLE","t":"2026-07-19T02:52:57.3247169Z","type":"sample"}
{"channel":"rr","display":11.299009453504576,"mu":10.410989040545964,"quality":"OK","raw":1354.3,"sigma":1.5,"state":"IDLE","t":"2026-07-19T02:52:57.3412362Z","type":"sample"}
{"channel":"rr","display":11.299009453504576,"mu":10.410989040545964,"quality":"OK","raw":1354.7,"sigma":1.5,"state":"IDLE","t":"2026-07-19T02:52:57.3816532Z","type":"sample"}
{"channel":"rr","display":11.299009453504576,"mu":10.410989040545964,"quality":"OK","raw":1354.9,"sigma":1.5,"state":"IDLE","t":"2026-07-19T02:52:57.4191335Z","type":"sample"}
{"channel":"gsr","display":2419.5,"mu":2552.881840629526,"quality":"OK","raw":2419.5,"sigma":55.83528738533062,"state":"IDLE","t":"2026-07-19T02:52:57.4307034Z","type":"sample"}
{"channel":"rr","display":11.299009453504576,"mu":10.410989040545964,"quality":"OK","raw":1354,"sigma":1.5,"state":"IDLE","t":"2026-07-19T02:52:57.4616185Z","type":"sample"}
{"channel":"rr","display":11.299009453504576,"mu":10.410989040545964,"quality":"OK","raw":1354.9,"sigma":1.5,"state":"IDLE","t":"2026-07-19T02:52:57.4995701Z","type":"sample"}
{"channel":"gsr","display":2423.3,"mu":2552.233931426378,"quality":"OK","raw":2423.3,"sigma":56.44048991269126,"state":"IDLE","t":"2026-07-19T02:52:57.5253111Z","type":"sample"}
{"channel":"rr","display":11.299009453504576,"mu":10.410989040545964,"quality":"OK","raw":1353.6,"sigma":1.5,"state":"IDLE","t":"2026-07-19T02:52:57.5415901Z","type":"sample"}
{"channel":"rr","display":11.299009453504576,"mu":10.410989040545964,"quality":"OK","raw":1353,"sigma":1.5,"state":"IDLE","t":"2026-07-19T02:52:57.5812044Z","type":"sample"}
{"channel":"rr","display":11.299009453504576,"mu":10.410989040545964,"quality":"OK","raw":1353.2,"sigma":1.5,"state":"IDLE","t":"2026-07-19T02:52:57.6191211Z","type":"sample"}
{"channel":"gsr","display":2420.8,"mu":2551.5767617692463,"quality":"OK","raw":2420.8,"sigma":57.0573726767137,"state":"IDLE","t":"2026-07-19T02:52:57.6306159Z","type":"sample"}
{"channel":"rr","display":11.299009453504576,"mu":10.410989040545964,"quality":"OK","raw":1352.9,"sigma":1.5,"state":"IDLE","t":"2026-07-19T02:52:57.6596155Z","type":"sample"}
{"channel":"rr","display":11.299009453504576,"mu":10.410989040545964,"quality":"OK","raw":1353.4,"sigma":1.5,"state":"IDLE","t":"2026-07-19T02:52:57.7017419Z","type":"sample"}
{"channel":"gsr","display":2420.6,"mu":2550.9218779604003,"quality":"OK","raw":2420.6,"sigma":57.65944628333027,"state":"IDLE","t":"2026-07-19T02:52:57.7307833Z","type":"sample"}
{"channel":"rr","display":11.299009453504576,"mu":10.410989040545964,"quality":"OK","raw":1354.8,"sigma":1.5,"state":"IDLE","t":"2026-07-19T02:52:57.7415721Z","type":"sample"}
{"channel":"hr","display":66,"mu":67.3859287381194,"quality":"OK","raw":66,"sigma":3,"state":"IDLE","t":"2026-07-19T02:52:57.7462392Z","type":"sample"}
{"channel":"rr","display":11.299009453504576,"mu":10.410989040545964,"quality":"OK","raw":1354,"sigma":1.5,"state":"IDLE","t":"2026-07-19T02:52:57.7817051Z","type":"sample"}
{"address":"/cue/p/start","args":null,"channel":"system","dir":"out","t":"2026-07-19T02:52:57.8133696Z","type":"osc"}
{"channel":"rr","display":11.299009453504576,"mu":10.410989040545964,"quality":"OK","raw":1352.2,"sigma":1.5,"state":"IDLE","t":"2026-07-19T02:52:57.8216659Z","type":"sample"}
{"channel":"gsr","display":2423.1,"mu":2550.2827685705984,"quality":"OK","raw":2423.1,"sigma":58.21745776471377,"state":"IDLE","t":"2026-07-19T02:52:57.8284716Z","type":"sample"}
{"channel":"rr","display":11.299009453504576,"mu":10.410989040545964,"quality":"OK","raw":1352.8,"sigma":1.5,"state":"IDLE","t":"2026-07-19T02:52:57.8598543Z","type":"sample"}
{"address":"/cue/r6/start","args":null,"channel":"system","dir":"out","t":"2026-07-19T02:52:57.8766574Z","type":"osc"}
{"channel":"rr","display":11.299009453504576,"mu":10.410989040545964,"quality":"OK","raw":1353.4,"sigma":1.5,"state":"IDLE","t":"2026-07-19T02:52:57.8994795Z","type":"sample"}
{"channel":"gsr","display":2425,"mu":2549.6563547277456,"quality":"OK","raw":2425,"sigma":58.74021188967872,"state":"IDLE","t":"2026-07-19T02:52:57.929978Z","type":"sample"}
{"channel":"rr","display":11.299009453504576,"mu":10.410989040545964,"quality":"OK","raw":1351.9,"sigma":1.5,"state":"IDLE","t":"2026-07-19T02:52:57.9411018Z","type":"sample"}
{"channel":"rr","display":11.299009453504576,"mu":10.410989040545964,"quality":"OK","raw":1353.1,"sigma":1.5,"state":"IDLE","t":"2026-07-19T02:52:57.9816416Z","type":"sample"}
{"channel":"rr","display":11.299009453504576,"mu":10.410989040545964,"quality":"OK","raw":1351.8,"sigma":1.5,"state":"IDLE","t":"2026-07-19T02:52:58.0215924Z","type":"sample"}
{"channel":"gsr","display":2424.9,"mu":2549.032572954107,"quality":"OK","raw":2424.9,"sigma":59.25024950921121,"state":"IDLE","t":"2026-07-19T02:52:58.0295402Z","type":"sample"}
{"channel":"rr","display":11.299009453504576,"mu":10.410989040545964,"quality":"OK","raw":1351.8,"sigma":1.5,"state":"IDLE","t":"2026-07-19T02:52:58.0611922Z","type":"sample"}
{"channel":"rr","display":11.299009453504576,"mu":10.410989040545964,"quality":"OK","raw":1350.9,"sigma":1.5,"state":"IDLE","t":"2026-07-19T02:52:58.10137Z","type":"sample"}
{"channel":"gsr","display":2425.4,"mu":2548.4144100893363,"quality":"OK","raw":2425.4,"sigma":59.741794806635546,"state":"IDLE","t":"2026-07-19T02:52:58.1302055Z","type":"sample"}
{"channel":"rr","display":11.299009453504576,"mu":10.410989040545964,"quality":"OK","raw":1351,"sigma":1.5,"state":"IDLE","t":"2026-07-19T02:52:58.1415768Z","type":"sample"}
{"address":"/cue/bpm066/start","args":null,"channel":"system","dir":"out","t":"2026-07-19T02:52:58.1786348Z","type":"osc"}
{"address":"/cue/g15/start","args":null,"channel":"system","dir":"out","t":"2026-07-19T02:52:58.1797254Z","type":"osc"}
{"channel":"rr","display":11.299009453504576,"mu":10.410989040545964,"quality":"OK","raw":1348.6,"sigma":1.5,"state":"IDLE","t":"2026-07-19T02:52:58.1813026Z","type":"sample"}
{"channel":"rr","display":11.299009453504576,"mu":10.410989040545964,"quality":"OK","raw":1344.8,"sigma":1.5,"state":"IDLE","t":"2026-07-19T02:52:58.2195736Z","type":"sample"}
{"channel":"gsr","display":2426.8,"mu":2547.80633803889,"quality":"OK","raw":2426.8,"sigma":60.20645487464701,"state":"IDLE","t":"2026-07-19T02:52:58.228566Z","type":"sample"}
{"channel":"hr","display":67,"mu":67.3839990944288,"quality":"OK","raw":67,"sigma":3,"state":"IDLE","t":"2026-07-19T02:52:58.2465449Z","type":"sample"}
{"channel":"rr","display":11.299009453504576,"mu":10.410989040545964,"quality":"OK","raw":1336.2,"sigma":1.5,"state":"IDLE","t":"2026-07-19T02:52:58.2615914Z","type":"sample"}
{"channel":"rr","display":11.299009453504576,"mu":10.410989040545964,"quality":"OK","raw":1328.9,"sigma":1.5,"state":"IDLE","t":"2026-07-19T02:52:58.3015621Z","type":"sample"}
{"channel":"gsr","display":2431.7,"mu":2547.225806348695,"quality":"OK","raw":2431.7,"sigma":60.611546046530826,"state":"IDLE","t":"2026-07-19T02:52:58.3307796Z","type":"sample"}
{"channel":"rr","display":11.299009453504576,"mu":10.410989040545964,"quality":"OK","raw":1321.3,"sigma":1.5,"state":"IDLE","t":"2026-07-19T02:52:58.3416623Z","type":"sample"}
{"channel":"rr","display":11.299009453504576,"mu":10.410989040545964,"quality":"OK","raw":1306.7,"sigma":1.5,"state":"IDLE","t":"2026-07-19T02:52:58.3806892Z","type":"sample"}
{"channel":"rr","display":11.299009453504576,"mu":10.410989040545964,"quality":"OK","raw":1291.8,"sigma":1.5,"state":"IDLE","t":"2026-07-19T02:52:58.4188877Z","type":"sample"}
{"channel":"gsr","display":2435.5,"mu":2546.667177316952,"quality":"OK","raw":2435.5,"sigma":60.97123854085791,"state":"IDLE","t":"2026-07-19T02:52:58.4298205Z","type":"sample"}
{"channel":"rr","display":11.299009453504576,"mu":10.410989040545964,"quality":"OK","raw":1270.6,"sigma":1.5,"state":"IDLE","t":"2026-07-19T02:52:58.461571Z","type":"sample"}
{"channel":"rr","display":11.299009453504576,"mu":10.410989040545964,"quality":"OK","raw":1254.9,"sigma":1.5,"state":"IDLE","t":"2026-07-19T02:52:58.4994622Z","type":"sample"}
{"channel":"gsr","display":2427.2,"mu":2546.069841430367,"quality":"OK","raw":2427.2,"sigma":61.399590321753486,"state":"IDLE","t":"2026-07-19T02:52:58.5289349Z","type":"sample"}
{"channel":"rr","display":11.299009453504576,"mu":10.410989040545964,"quality":"OK","raw":1240.1,"sigma":1.5,"state":"IDLE","t":"2026-07-19T02:52:58.5414644Z","type":"sample"}
{"channel":"rr","display":11.299009453504576,"mu":10.410989040545964,"quality":"OK","raw":1218.1,"sigma":1.5,"state":"IDLE","t":"2026-07-19T02:52:58.581598Z","type":"sample"}
{"channel":"rr","display":11.299009453504576,"mu":10.410989040545964,"quality":"OK","raw":1202,"sigma":1.5,"state":"IDLE","t":"2026-07-19T02:52:58.6189321Z","type":"sample"}
{"channel":"gsr","display":2432.1,"mu":2545.499992223215,"quality":"OK","raw":2432.1,"sigma":61.77119910508612,"state":"IDLE","t":"2026-07-19T02:52:58.6306337Z","type":"sample"}
{"channel":"rr","display":11.299009453504576,"mu":10.410989040545964,"quality":"OK","raw":1194.9,"sigma":1.5,"state":"IDLE","t":"2026-07-19T02:52:58.6605856Z","type":"sample"}
{"channel":"rr","display":11.299009453504576,"mu":10.410989040545964,"quality":"OK","raw":1188.7,"sigma":1.5,"state":"IDLE","t":"2026-07-19T02:52:58.6992445Z","type":"sample"}
{"address":"/cue/p/start","args":null,"channel":"system","dir":"out","t":"2026-07-19T02:52:58.7239266Z","type":"osc"}
{"channel":"gsr","display":2430.2,"mu":2544.923492262099,"quality":"OK","raw":2430.2,"sigma":62.15095109902979,"state":"IDLE","t":"2026-07-19T02:52:58.7306477Z","type":"sample"}
{"channel":"rr","display":11.299009453504576,"mu":10.410989040545964,"quality":"OK","raw":1184.6,"sigma":1.5,"state":"IDLE","t":"2026-07-19T02:52:58.741319Z","type":"sample"}
{"channel":"hr","display":67,"mu":67.38207909895665,"quality":"OK","raw":67,"sigma":3,"state":"IDLE","t":"2026-07-19T02:52:58.7468759Z","type":"sample"}
{"channel":"rr","display":11.299009453504576,"mu":10.410989040545964,"quality":"OK","raw":1179.6,"sigma":1.5,"state":"IDLE","t":"2026-07-19T02:52:58.7816825Z","type":"sample"}
{"channel":"rr","display":11.299009453504576,"mu":10.410989040545964,"quality":"OK","raw":1173.9,"sigma":1.5,"state":"IDLE","t":"2026-07-19T02:52:58.8189538Z","type":"sample"}
{"channel":"gsr","display":2430.6,"mu":2544.3518748007887,"quality":"OK","raw":2430.6,"sigma":62.51759413792535,"state":"IDLE","t":"2026-07-19T02:52:58.8305304Z","type":"sample"}
{"channel":"rr","display":11.299009453504576,"mu":10.410989040545964,"quality":"OK","raw":1166.6,"sigma":1.5,"state":"IDLE","t":"2026-07-19T02:52:58.8616228Z","type":"sample"}
{"address":"/cue/r6/start","args":null,"channel":"system","dir":"out","t":"2026-07-19T02:52:58.8903498Z","type":"osc"}
{"channel":"rr","display":11.299009453504576,"mu":10.410989040545964,"quality":"OK","raw":1158,"sigma":1.5,"state":"IDLE","t":"2026-07-19T02:52:58.9015881Z","type":"sample"}
{"channel":"gsr","display":2430,"mu":2543.7801154267845,"quality":"OK","raw":2430,"sigma":62.88053893281212,"state":"IDLE","t":"2026-07-19T02:52:58.9281677Z","type":"sample"}
{"channel":"rr","display":11.299009453504576,"mu":10.410989040545964,"quality":"OK","raw":1150.5,"sigma":1.5,"state":"IDLE","t":"2026-07-19T02:52:58.9405465Z","type":"sample"}
{"channel":"rr","display":11.299009453504576,"mu":10.410989040545964,"quality":"OK","raw":1144.8,"sigma":1.5,"state":"IDLE","t":"2026-07-19T02:52:58.9816362Z","type":"sample"}
{"channel":"rr","display":11.299009453504576,"mu":10.410989040545964,"quality":"OK","raw":1143.4,"sigma":1.5,"state":"IDLE","t":"2026-07-19T02:52:59.0211939Z","type":"sample"}
{"channel":"gsr","display":2433.4,"mu":2543.2282148496506,"quality":"OK","raw":2433.4,"sigma":63.204482600204926,"state":"IDLE","t":"2026-07-19T02:52:59.0301756Z","type":"sample"}
{"channel":"rr","display":11.299009453504576,"mu":10.410989040545964,"quality":"OK","raw":1141.7,"sigma":1.5,"state":"IDLE","t":"2026-07-19T02:52:59.0616094Z","type":"sample"}
{"channel":"rr","display":11.299009453504576,"mu":10.410989040545964,"quality":"OK","raw":1139.1,"sigma":1.5,"state":"IDLE","t":"2026-07-19T02:52:59.0992357Z","type":"sample"}
{"channel":"gsr","display":2430,"mu":2542.6620737754024,"quality":"OK","raw":2430,"sigma":63.55010004028358,"state":"IDLE","t":"2026-07-19T02:52:59.1306571Z","type":"sample"}
{"channel":"rr","display":11.299009453504576,"mu":10.410989040545964,"quality":"OK","raw":1139.5,"sigma":1.5,"state":"IDLE","t":"2026-07-19T02:52:59.1416134Z","type":"sample"}
{"channel":"rr","display":11.299009453504576,"mu":10.410989040545964,"quality":"OK","raw":1138.1,"sigma":1.5,"state":"IDLE","t":"2026-07-19T02:52:59.1816661Z","type":"sample"}
{"address":"/cue/bpm067/start","args":null,"channel":"system","dir":"out","t":"2026-07-19T02:52:59.193638Z","type":"osc"}
{"address":"/cue/g14/start","args":null,"channel":"system","dir":"out","t":"2026-07-19T02:52:59.1946719Z","type":"osc"}
{"channel":"rr","display":11.299009453504576,"mu":10.410989040545964,"quality":"OK","raw":1137.8,"sigma":1.5,"state":"IDLE","t":"2026-07-19T02:52:59.219096Z","type":"sample"}
{"channel":"gsr","display":2428.5,"mu":2542.0912634065253,"quality":"OK","raw":2428.5,"sigma":63.90040070313085,"state":"IDLE","t":"2026-07-19T02:52:59.2306327Z","type":"sample"}
{"channel":"hr","display":68,"mu":67.38516870346187,"quality":"OK","raw":68,"sigma":3,"state":"IDLE","t":"2026-07-19T02:52:59.2461838Z","type":"sample"}
{"channel":"rr","display":11.299009453504576,"mu":10.410989040545964,"quality":"OK","raw":1136.8,"sigma":1.5,"state":"IDLE","t":"2026-07-19T02:52:59.2616403Z","type":"sample"}
{"channel":"rr","display":11.299009453504576,"mu":10.410989040545964,"quality":"OK","raw":1137.9,"sigma":1.5,"state":"IDLE","t":"2026-07-19T02:52:59.3016791Z","type":"sample"}
{"channel":"gsr","display":2427.8,"mu":2541.5198070894926,"quality":"OK","raw":2427.8,"sigma":64.24819690935773,"state":"IDLE","t":"2026-07-19T02:52:59.3301026Z","type":"sample"}
{"channel":"rr","display":11.299009453504576,"mu":10.410989040545964,"quality":"OK","raw":1138.8,"sigma":1.5,"state":"IDLE","t":"2026-07-19T02:52:59.3409156Z","type":"sample"}
{"channel":"rr","display":11.299009453504576,"mu":10.410989040545964,"quality":"OK","raw":1136.5,"sigma":1.5,"state":"IDLE","t":"2026-07-19T02:52:59.3808359Z","type":"sample"}
{"channel":"rr","display":11.299009453504576,"mu":10.410989040545964,"quality":"OK","raw":1137.6,"sigma":1.5,"state":"IDLE","t":"2026-07-19T02:52:59.4191404Z","type":"sample"}
{"channel":"gsr","display":2430.1,"mu":2540.962708054045,"quality":"OK","raw":2430.1,"sigma":64.56743110730895,"state":"IDLE","t":"2026-07-19T02:52:59.4301118Z","type":"sample"}
{"channel":"rr","display":11.299009453504576,"mu":10.410989040545964,"quality":"OK","raw":1136.6,"sigma":1.5,"state":"IDLE","t":"2026-07-19T02:52:59.4615791Z","type":"sample"}
{"channel":"rr","display":11.299009453504576,"mu":10.410989040545964,"quality":"OK","raw":1137.8,"sigma":1.5,"state":"IDLE","t":"2026-07-19T02:52:59.499122Z","type":"sample"}
{"channel":"gsr","display":2432.7,"mu":2540.421394513775,"quality":"OK","raw":2432.7,"sigma":64.85691515501797,"state":"IDLE","t":"2026-07-19T02:52:59.5284391Z","type":"sample"}
{"channel":"rr","display":11.299009453504576,"mu":10.410989040545964,"quality":"OK","raw":1137,"sigma":1.5,"state":"IDLE","t":"2026-07-19T02:52:59.5411328Z","type":"sample"}
{"channel":"rr","display":11.299009453504576,"mu":10.410989040545964,"quality":"OK","raw":1137.8,"sigma":1.5,"state":"IDLE","t":"2026-07-19T02:52:59.5816582Z","type":"sample"}
{"address":"/cue/p/start","args":null,"channel":"system","dir":"out","t":"2026-07-19T02:52:59.6202282Z","type":"osc"}
{"channel":"rr","display":11.299009453504576,"mu":10.410989040545964,"quality":"OK","raw":1137.8,"sigma":1.5,"state":"IDLE","t":"2026-07-19T02:52:59.6219904Z","type":"sample"}
{"channel":"gsr","display":2433,"mu":2539.884287541206,"quality":"OK","raw":2433,"sigma":65.1367457147232,"state":"IDLE","t":"2026-07-19T02:52:59.6302434Z","type":"sample"}
{"channel":"rr","display":11.299009453504576,"mu":10.410989040545964,"quality":"OK","raw":1136.6,"sigma":1.5,"state":"IDLE","t":"2026-07-19T02:52:59.6616179Z","type":"sample"}
{"channel":"rr","display":11.299009453504576,"mu":10.410989040545964,"quality":"OK","raw":1135.8,"sigma":1.5,"state":"IDLE","t":"2026-07-19T02:52:59.699164Z","type":"sample"}
{"channel":"gsr","display":2435.4,"mu":2539.3618661035002,"quality":"OK","raw":2435.4,"sigma":65.39031710925848,"state":"IDLE","t":"2026-07-19T02:52:59.7306368Z","type":"sample"}
{"channel":"rr","display":11.299009453504576,"mu":10.410989040545964,"quality":"OK","raw":1136.8,"sigma":1.5,"state":"IDLE","t":"2026-07-19T02:52:59.7414623Z","type":"sample"}
{"channel":"hr","display":68,"mu":67.38824285994457,"quality":"OK","raw":68,"sigma":3,"state":"IDLE","t":"2026-07-19T02:52:59.746055Z","type":"sample"}
{"channel":"rr","display":11.299009453504576,"mu":10.410989040545964,"quality":"OK","raw":1136.9,"sigma":1.5,"state":"IDLE","t":"2026-07-19T02:52:59.7746547Z","type":"sample"}
{"channel":"rr","display":11.299009453504576,"mu":10.410989040545964,"quality":"OK","raw":1138.3,"sigma":1.5,"state":"IDLE","t":"2026-07-19T02:52:59.8191922Z","type":"sample"}
{"channel":"gsr","display":2430.2,"mu":2538.816056772983,"quality":"OK","raw":2430.2,"sigma":65.67950792310982,"state":"IDLE","t":"2026-07-19T02:52:59.8306276Z","type":"sample"}
{"channel":"rr","display":11.299009453504576,"mu":10.410989040545964,"quality":"OK","raw":1137.1,"sigma":1.5,"state":"IDLE","t":"2026-07-19T02:52:59.8597777Z","type":"sample"}
{"address":"/cue/r6/start","args":null,"channel":"system","dir":"out","t":"2026-07-19T02:52:59.8976769Z","type":"osc"}
{"channel":"rr","display":11.299009453504576,"mu":10.410989040545964,"quality":"OK","raw":1136.2,"sigma":1.5,"state":"IDLE","t":"2026-07-19T02:52:59.9019255Z","type":"sample"}
{"channel":"gsr","display":2439.9,"mu":2538.321476489118,"quality":"OK","raw":2439.9,"sigma":65.88555299909935,"state":"IDLE","t":"2026-07-19T02:52:59.9297377Z","type":"sample"}
{"channel":"rr","display":11.299009453504576,"mu":10.410989040545964,"quality":"OK","raw":1137,"sigma":1.5,"state":"IDLE","t":"2026-07-19T02:52:59.941591Z","type":"sample"}
{"channel":"rr","display":11.299009453504576,"mu":10.410989040545964,"quality":"OK","raw":1136.7,"sigma":1.5,"state":"IDLE","t":"2026-07-19T02:52:59.9790089Z","type":"sample"}
{"channel":"rr","display":11.299009453504576,"mu":10.410989040545964,"quality":"OK","raw":1137.9,"sigma":1.5,"state":"IDLE","t":"2026-07-19T02:53:00.0196186Z","type":"sample"}
{"channel":"gsr","display":2437.4,"mu":2537.8168691066726,"quality":"OK","raw":2437.4,"sigma":66.10501234400039,"state":"IDLE","t":"2026-07-19T02:53:00.0290076Z","type":"sample"}
{"channel":"rr","display":11.299009453504576,"mu":10.410989040545964,"quality":"OK","raw":1137.7,"sigma":1.5,"state":"IDLE","t":"2026-07-19T02:53:00.0615932Z","type":"sample"}
{"channel":"rr","display":11.299009453504576,"mu":10.410989040545964,"quality":"OK","raw":1138.3,"sigma":1.5,"state":"IDLE","t":"2026-07-19T02:53:00.1015674Z","type":"sample"}
{"channel":"gsr","display":2446.4,"mu":2537.359784761139,"quality":"OK","raw":2446.4,"sigma":66.25405336583447,"state":"IDLE","t":"2026-07-19T02:53:00.1257643Z","type":"sample"}
{"channel":"rr","display":11.299009453504576,"mu":10.410989040545964,"quality":"OK","raw":1138.4,"sigma":1.5,"state":"IDLE","t":"2026-07-19T02:53:00.1414259Z","type":"sample"}
{"channel":"rr","display":11.299009453504576,"mu":10.410989040545964,"quality":"OK","raw":1137.1,"sigma":1.5,"state":"IDLE","t":"2026-07-19T02:53:00.1796071Z","type":"sample"}
{"address":"/cue/bpm068/start","args":null,"channel":"system","dir":"out","t":"2026-07-19T02:53:00.1993522Z","type":"osc"}
{"address":"/cue/g13/start","args":null,"channel":"system","dir":"out","t":"2026-07-19T02:53:00.2003868Z","type":"osc"}
{"channel":"rr","display":11.299009453504576,"mu":10.410989040545964,"quality":"OK","raw":1137.1,"sigma":1.5,"state":"IDLE","t":"2026-07-19T02:53:00.2189722Z","type":"sample"}
{"channel":"gsr","display":2449.1,"mu":2536.9184858373333,"quality":"OK","raw":2449.1,"sigma":66.38076372531495,"state":"IDLE","t":"2026-07-19T02:53:00.2304048Z","type":"sample"}
{"channel":"hr","display":69,"mu":67.39630164564484,"quality":"OK","raw":69,"sigma":3,"state":"IDLE","t":"2026-07-19T02:53:00.2905869Z","type":"sample"}
{"channel":"rr","display":11.299009453504576,"mu":10.410989040545964,"quality":"OK","raw":1137.6,"sigma":1.5,"state":"IDLE","t":"2026-07-19T02:53:00.2954829Z","type":"sample"}
{"channel":"gsr","display":2444.6,"mu":2536.4568934081467,"quality":"OK","raw":2444.6,"sigma":66.53400792345306,"state":"IDLE","t":"2026-07-19T02:53:00.3295858Z","type":"sample"}
{"channel":"rr","display":11.299009453504576,"mu":10.410989040545964,"quality":"OK","raw":1136.1,"sigma":1.5,"state":"IDLE","t":"2026-07-19T02:53:00.3352667Z","type":"sample"}
{"channel":"rr","display":11.299009453504576,"mu":10.410989040545964,"quality":"OK","raw":1137.7,"sigma":1.5,"state":"IDLE","t":"2026-07-19T02:53:00.3750187Z","type":"sample"}
{"channel":"rr","display":11.299009453504576,"mu":10.410989040545964,"quality":"OK","raw":1136.9,"sigma":1.5,"state":"IDLE","t":"2026-07-19T02:53:00.4156176Z","type":"sample"}
{"channel":"gsr","display":2456.8,"mu":2536.058608941106,"quality":"OK","raw":2456.8,"sigma":66.60486327684205,"state":"IDLE","t":"2026-07-19T02:53:00.4306139Z","type":"sample"}
{"channel":"rr","display":11.299009453504576,"mu":10.410989040545964,"quality":"OK","raw":1137.6,"sigma":1.5,"state":"IDLE","t":"2026-07-19T02:53:00.4531426Z","type":"sample"}
{"channel":"rr","display":11.299009453504576,"mu":10.410989040545964,"quality":"OK","raw":1137.8,"sigma":1.5,"state":"IDLE","t":"2026-07-19T02:53:00.4921673Z","type":"sample"}
{"address":"/cue/p/start","args":null,"channel":"system","dir":"out","t":"2026-07-19T02:53:00.5034847Z","type":"osc"}
{"channel":"gsr","display":2457.1,"mu":2535.6638158964,"quality":"OK","raw":2457.1,"sigma":66.67115734069428,"state":"IDLE","t":"2026-07-19T02:53:00.5261453Z","type":"sample"}
{"channel":"rr","display":11.299009453504576,"mu":10.410989040545964,"quality":"OK","raw":1137.9,"sigma":1.5,"state":"IDLE","t":"2026-07-19T02:53:00.535503Z","type":"sample"}
{"channel":"rr","display":11.299009453504576,"mu":10.410989040545964,"quality":"OK","raw":1137.2,"sigma":1.5,"state":"IDLE","t":"2026-07-19T02:53:00.575476Z","type":"sample"}
{"channel":"rr","display":11.299009453504576,"mu":10.410989040545964,"quality":"OK","raw":1138.1,"sigma":1.5,"state":"IDLE","t":"2026-07-19T02:53:00.6154545Z","type":"sample"}
{"channel":"gsr","display":2455,"mu":2535.260496816918,"quality":"OK","raw":2455,"sigma":66.74719915274979,"state":"IDLE","t":"2026-07-19T02:53:00.6258771Z","type":"sample"}
{"channel":"rr","display":11.299009453504576,"mu":10.410989040545964,"quality":"OK","raw":1136.2,"sigma":1.5,"state":"IDLE","t":"2026-07-19T02:53:00.6554082Z","type":"sample"}
{"channel":"rr","display":11.299009453504576,"mu":10.410989040545964,"quality":"OK","raw":1136.5,"sigma":1.5,"state":"IDLE","t":"2026-07-19T02:53:00.6955581Z","type":"sample"}
{"channel":"gsr","display":2448.7,"mu":2534.8276943328333,"quality":"OK","raw":2448.7,"sigma":66.85947151914145,"state":"IDLE","t":"2026-07-19T02:53:00.7284687Z","type":"sample"}
{"channel":"rr","display":11.299009453504576,"mu":10.410989040545964,"quality":"OK","raw":1136.9,"sigma":1.5,"state":"IDLE","t":"2026-07-19T02:53:00.734856Z","type":"sample"}
{"channel":"hr","display":69,"mu":67.40432013741662,"quality":"OK","raw":69,"sigma":3,"state":"IDLE","t":"2026-07-19T02:53:00.7456332Z","type":"sample"}
{"channel":"rr","display":11.299009453504576,"mu":10.410989040545964,"quality":"OK","raw":1138.3,"sigma":1.5,"state":"IDLE","t":"2026-07-19T02:53:00.7756715Z","type":"sample"}
{"channel":"rr","display":11.299009453504576,"mu":10.410989040545964,"quality":"OK","raw":1137.8,"sigma":1.5,"state":"IDLE","t":"2026-07-19T02:53:00.8133179Z","type":"sample"}
{"channel":"gsr","display":2450.8,"mu":2534.407555861169,"quality":"OK","raw":2450.8,"sigma":66.95494558207692,"state":"IDLE","t":"2026-07-19T02:53:00.8307194Z","type":"sample"}
{"channel":"rr","display":11.299009453504576,"mu":10.410989040545964,"quality":"OK","raw":1134.9,"sigma":1.5,"state":"IDLE","t":"2026-07-19T02:53:00.8536137Z","type":"sample"}
{"channel":"rr","display":11.299009453504576,"mu":10.410989040545964,"quality":"OK","raw":1137.6,"sigma":1.5,"state":"IDLE","t":"2026-07-19T02:53:00.8917747Z","type":"sample"}
{"address":"/cue/r6/start","args":null,"channel":"system","dir":"out","t":"2026-07-19T02:53:00.9271699Z","type":"osc"}
{"channel":"gsr","display":2448.1,"mu":2533.976018081863,"quality":"OK","raw":2448.1,"sigma":67.06421296301077,"state":"IDLE","t":"2026-07-19T02:53:00.9304444Z","type":"sample"}
{"channel":"rr","display":11.299009453504576,"mu":10.410989040545964,"quality":"OK","raw":1137.5,"sigma":1.5,"state":"IDLE","t":"2026-07-19T02:53:00.9349874Z","type":"sample"}
{"channel":"rr","display":11.299009453504576,"mu":10.410989040545964,"quality":"OK","raw":1136.5,"sigma":1.5,"state":"IDLE","t":"2026-07-19T02:53:00.9757101Z","type":"sample"}
{"channel":"rr","display":11.299009453504576,"mu":10.410989040545964,"quality":"OK","raw":1137,"sigma":1.5,"state":"IDLE","t":"2026-07-19T02:53:01.015619Z","type":"sample"}
{"channel":"gsr","display":2449.9,"mu":2533.5556379914538,"quality":"OK","raw":2449.9,"sigma":67.15867614618693,"state":"IDLE","t":"2026-07-19T02:53:01.0305906Z","type":"sample"}
{"channel":"rr","display":11.299009453504576,"mu":10.410989040545964,"quality":"OK","raw":1137.5,"sigma":1.5,"state":"IDLE","t":"2026-07-19T02:53:01.0553065Z","type":"sample"}
{"channel":"rr","display":11.299009453504576,"mu":10.410989040545964,"quality":"OK","raw":1137.3,"sigma":1.5,"state":"IDLE","t":"2026-07-19T02:53:01.0955764Z","type":"sample"}
{"channel":"gsr","display":2454.8,"mu":2533.1618598014966,"quality":"OK","raw":2454.8,"sigma":67.22048448288805,"state":"IDLE","t":"2026-07-19T02:53:01.1304403Z","type":"sample"}
{"channel":"rr","display":11.299009453504576,"mu":10.410989040545964,"quality":"OK","raw":1137.4,"sigma":1.5,"state":"IDLE","t":"2026-07-19T02:53:01.1352084Z","type":"sample"}
{"channel":"rr","display":11.299009453504576,"mu":10.410989040545964,"quality":"OK","raw":1138,"sigma":1.5,"state":"IDLE","t":"2026-07-19T02:53:01.1746798Z","type":"sample"}
{"channel":"rr","display":11.299009453504576,"mu":10.410989040545964,"quality":"OK","raw":1138.2,"sigma":1.5,"state":"IDLE","t":"2026-07-19T02:53:01.2156722Z","type":"sample"}
{"channel":"gsr","display":2456.3,"mu":2532.7775505024892,"quality":"OK","raw":2456.3,"sigma":67.2710309142579,"state":"IDLE","t":"2026-07-19T02:53:01.2303668Z","type":"sample"}
{"address":"/cue/bpm069/start","args":null,"channel":"system","dir":"out","t":"2026-07-19T02:53:01.2314462Z","type":"osc"}
{"address":"/cue/g11/start","args":null,"channel":"system","dir":"out","t":"2026-07-19T02:53:01.2319672Z","type":"osc"}
{"channel":"hr","display":69,"mu":67.41229853672954,"quality":"OK","raw":69,"sigma":3,"state":"IDLE","t":"2026-07-19T02:53:01.2461184Z","type":"sample"}
{"channel":"rr","display":11.299009453504576,"mu":10.410989040545964,"quality":"OK","raw":1138.6,"sigma":1.5,"state":"IDLE","t":"2026-07-19T02:53:01.250573Z","type":"sample"}
{"channel":"rr","display":11.299009453504576,"mu":10.410989040545964,"quality":"OK","raw":1139.1,"sigma":1.5,"state":"IDLE","t":"2026-07-19T02:53:01.2938643Z","type":"sample"}
{"channel":"gsr","display":2455.2,"mu":2532.3896627499767,"quality":"OK","raw":2455.2,"sigma":67.32537090181525,"state":"IDLE","t":"2026-07-19T02:53:01.3265833Z","type":"sample"}
{"channel":"rr","display":11.299009453504576,"mu":10.410989040545964,"quality":"OK","raw":1137.6,"sigma":1.5,"state":"IDLE","t":"2026-07-19T02:53:01.3328672Z","type":"sample"}
{"address":"/cue/p/start","args":null,"channel":"system","dir":"out","t":"2026-07-19T02:53:01.3742991Z","type":"osc"}
{"channel":"rr","display":11.299009453504576,"mu":10.410989040545964,"quality":"OK","raw":1137.5,"sigma":1.5,"state":"IDLE","t":"2026-07-19T02:53:01.3752567Z","type":"sample"}
{"channel":"rr","display":11.299009453504576,"mu":10.410989040545964,"quality":"OK","raw":1137.3,"sigma":1.5,"state":"IDLE","t":"2026-07-19T02:53:01.4134213Z","type":"sample"}
{"channel":"gsr","display":2457.7,"mu":2532.0162144362266,"quality":"OK","raw":2457.7,"sigma":67.36315984421411,"state":"IDLE","t":"2026-07-19T02:53:01.4298113Z","type":"sample"}
{"channel":"rr","display":11.299009453504576,"mu":10.410989040545964,"quality":"OK","raw":1139.8,"sigma":1.5,"state":"IDLE","t":"2026-07-19T02:53:01.4553221Z","type":"sample"}
{"channel":"rr","display":11.299009453504576,"mu":10.410989040545964,"quality":"OK","raw":1137.4,"sigma":1.5,"state":"IDLE","t":"2026-07-19T02:53:01.4955771Z","type":"sample"}
{"channel":"gsr","display":2458.9,"mu":2531.6506333640455,"quality":"OK","raw":2458.9,"sigma":67.39215519794006,"state":"IDLE","t":"2026-07-19T02:53:01.5261734Z","type":"sample"}
{"channel":"rr","display":11.299009453504576,"mu":10.410989040545964,"quality":"OK","raw":1138.8,"sigma":1.5,"state":"IDLE","t":"2026-07-19T02:53:01.5349979Z","type":"sample"}
{"channel":"rr","display":11.299009453504576,"mu":10.410989040545964,"quality":"OK","raw":1137.9,"sigma":1.5,"state":"IDLE","t":"2026-07-19T02:53:01.5756286Z","type":"sample"}
{"channel":"rr","display":11.299009453504576,"mu":10.410989040545964,"quality":"OK","raw":1137.4,"sigma":1.5,"state":"IDLE","t":"2026-07-19T02:53:01.6134007Z","type":"sample"}
{"channel":"gsr","display":2460.1,"mu":2531.2928801972253,"quality":"OK","raw":2460.1,"sigma":67.41263640933896,"state":"IDLE","t":"2026-07-19T02:53:01.6307375Z","type":"sample"}
{"channel":"rr","display":11.299009453504576,"mu":10.410989040545964,"quality":"OK","raw":1134.5,"sigma":1.5,"state":"IDLE","t":"2026-07-19T02:53:01.6553888Z","type":"sample"}
{"channel":"rr","display":11.299009453504576,"mu":10.410989040545964,"quality":"OK","raw":1138,"sigma":1.5,"state":"IDLE","t":"2026-07-19T02:53:01.6955689Z","type":"sample"}
{"channel":"gsr","display":2461.7,"mu":2530.944915796239,"quality":"OK","raw":2461.7,"sigma":67.42281509671497,"state":"IDLE","t":"2026-07-19T02:53:01.7260562Z","type":"sample"}
{"channel":"rr","display":11.299009453504576,"mu":10.410989040545964,"quality":"OK","raw":1136.9,"sigma":1.5,"state":"IDLE","t":"2026-07-19T02:53:01.7355343Z","type":"sample"}
{"channel":"hr","display":70,"mu":67.42523704404589,"quality":"OK","raw":70,"sigma":3,"state":"IDLE","t":"2026-07-19T02:53:01.7461742Z","type":"sample"}
{"channel":"rr","display":11.299009453504576,"mu":10.410989040545964,"quality":"OK","raw":1136.9,"sigma":1.5,"state":"IDLE","t":"2026-07-19T02:53:01.7756853Z","type":"sample"}
{"channel":"rr","display":11.299009453504576,"mu":10.410989040545964,"quality":"OK","raw":1137.6,"sigma":1.5,"state":"IDLE","t":"2026-07-19T02:53:01.8151823Z","type":"sample"}
{"channel":"gsr","display":2461.9,"mu":2530.5996912172577,"quality":"OK","raw":2461.9,"sigma":67.43013894071852,"state":"IDLE","t":"2026-07-19T02:53:01.82973Z","type":"sample"}
{"channel":"rr","display":11.299009453504576,"mu":10.410989040545964,"quality":"OK","raw":1137.9,"sigma":1.5,"state":"IDLE","t":"2026-07-19T02:53:01.855355Z","type":"sample"}
{"channel":"rr","display":11.299009453504576,"mu":10.410989040545964,"quality":"OK","raw":1137.8,"sigma":1.5,"state":"IDLE","t":"2026-07-19T02:53:01.8956332Z","type":"sample"}
{"channel":"gsr","display":2462.4,"mu":2530.2586927611715,"quality":"OK","raw":2462.4,"sigma":67.43314636616309,"state":"IDLE","t":"2026-07-19T02:53:01.9302081Z","type":"sample"}
{"channel":"rr","display":11.299009453504576,"mu":10.410989040545964,"quality":"OK","raw":1136.4,"sigma":1.5,"state":"IDLE","t":"2026-07-19T02:53:01.9351325Z","type":"sample"}
{"address":"/cue/r6/start","args":null,"channel":"system","dir":"out","t":"2026-07-19T02:53:01.9477574Z","type":"osc"}
{"channel":"rr","display":11.299009453504576,"mu":10.410989040545964,"quality":"OK","raw":1137.9,"sigma":1.5,"state":"IDLE","t":"2026-07-19T02:53:01.9750454Z","type":"sample"}
{"channel":"rr","display":11.299009453504576,"mu":10.410989040545964,"quality":"OK","raw":1137.6,"sigma":1.5,"state":"IDLE","t":"2026-07-19T02:53:02.0139677Z","type":"sample"}
{"channel":"gsr","display":2466.6,"mu":2529.9403992973657,"quality":"OK","raw":2466.6,"sigma":67.41404837114722,"state":"IDLE","t":"2026-07-19T02:53:02.0306356Z","type":"sample"}
{"channel":"rr","display":11.299009453504576,"mu":10.410989040545964,"quality":"OK","raw":1136.5,"sigma":1.5,"state":"IDLE","t":"2026-07-19T02:53:02.0554734Z","type":"sample"}
{"channel":"rr","display":11.299009453504576,"mu":10.410989040545964,"quality":"OK","raw":1138.4,"sigma":1.5,"state":"IDLE","t":"2026-07-19T02:53:02.0933774Z","type":"sample"}
{"channel":"gsr","display":2469.1,"mu":2529.636197300879,"quality":"OK","raw":2469.1,"sigma":67.38208872005296,"state":"IDLE","t":"2026-07-19T02:53:02.1255603Z","type":"sample"}
{"channel":"rr","display":11.299009453504576,"mu":10.410989040545964,"quality":"OK","raw":1136.8,"sigma":1.5,"state":"IDLE","t":"2026-07-19T02:53:02.135125Z","type":"sample"}
{"channel":"rr","display":11.299009453504576,"mu":10.410989040545964,"quality":"OK","raw":1137.1,"sigma":1.5,"state":"IDLE","t":"2026-07-19T02:53:02.1755532Z","type":"sample"}
{"channel":"rr","display":11.299009453504576,"mu":10.410989040545964,"quality":"OK","raw":1137.4,"sigma":1.5,"state":"IDLE","t":"2026-07-19T02:53:02.2155321Z","type":"sample"}
{"channel":"gsr","display":2469.7,"mu":2529.3365163143744,"quality":"OK","raw":2469.7,"sigma":67.3462402879068,"state":"IDLE","t":"2026-07-19T02:53:02.2294516Z","type":"sample"}
{"address":"/cue/p/start","args":null,"channel":"system","dir":"out","t":"2026-07-19T02:53:02.2430388Z","type":"osc"}
{"channel":"hr","display":70,"mu":67.43811085882565,"quality":"OK","raw":70,"sigma":3,"state":"IDLE","t":"2026-07-19T02:53:02.2462783Z","type":"sample"}
{"channel":"rr","display":11.299009453504576,"mu":10.410989040545964,"quality":"OK","raw":1139.8,"sigma":1.5,"state":"IDLE","t":"2026-07-19T02:53:02.2556434Z","type":"sample"}
{"address":"/cue/bpm070/start","args":null,"channel":"system","dir":"out","t":"2026-07-19T02:53:02.2566925Z","type":"osc"}
{"address":"/cue/g9/start","args":null,"channel":"system","dir":"out","t":"2026-07-19T02:53:02.2581837Z","type":"osc"}
{"channel":"rr","display":11.299009453504576,"mu":10.410989040545964,"quality":"OK","raw":1135.9,"sigma":1.5,"state":"IDLE","t":"2026-07-19T02:53:02.2908362Z","type":"sample"}
{"channel":"gsr","display":2471.8,"mu":2529.0488337328024,"quality":"OK","raw":2471.8,"sigma":67.30013367588603,"state":"IDLE","t":"2026-07-19T02:53:02.3307652Z","type":"sample"}
{"channel":"rr","display":11.299009453504576,"mu":10.410989040545964,"quality":"OK","raw":1139.2,"sigma":1.5,"state":"IDLE","t":"2026-07-19T02:53:02.335547Z","type":"sample"}
{"channel":"rr","display":11.299009453504576,"mu":10.410989040545964,"quality":"OK","raw":1137.5,"sigma":1.5,"state":"IDLE","t":"2026-07-19T02:53:02.3741204Z","type":"sample"}
{"channel":"rr","display":11.299009453504576,"mu":10.410989040545964,"quality":"OK","raw":1136.6,"sigma":1.5,"state":"IDLE","t":"2026-07-19T02:53:02.4155767Z","type":"sample"}
{"channel":"gsr","display":2471.3,"mu":2528.7600895641385,"quality":"OK","raw":2471.3,"sigma":67.2551315411748,"state":"IDLE","t":"2026-07-19T02:53:02.4289681Z","type":"sample"}
{"channel":"rr","display":11.299009453504576,"mu":10.410989040545964,"quality":"OK","raw":1138.8,"sigma":1.5,"state":"IDLE","t":"2026-07-19T02:53:02.4553797Z","type":"sample"}
{"channel":"rr","display":11.299009453504576,"mu":10.410989040545964,"quality":"OK","raw":1137.9,"sigma":1.5,"state":"IDLE","t":"2026-07-19T02:53:02.495584Z","type":"sample"}
{"channel":"gsr","display":2479.5,"mu":2528.5137891163176,"quality":"OK","raw":2479.5,"sigma":67.17669665320228,"state":"IDLE","t":"2026-07-19T02:53:02.5262665Z","type":"sample"}
{"channel":"rr","display":11.299009453504576,"mu":10.410989040545964,"quality":"OK","raw":1138.8,"sigma":1.5,"state":"IDLE","t":"2026-07-19T02:53:02.535449Z","type":"sample"}
{"channel":"rr","display":11.299009453504576,"mu":10.410989040545964,"quality":"OK","raw":1137.3,"sigma":1.5,"state":"IDLE","t":"2026-07-19T02:53:02.5754113Z","type":"sample"}
{"channel":"rr","display":11.299009453504576,"mu":10.410989040545964,"quality":"OK","raw":1138.9,"sigma":1.5,"state":"IDLE","t":"2026-07-19T02:53:02.6155483Z","type":"sample"}
{"channel":"gsr","display":2481.2,"mu":2528.277220170736,"quality":"OK","raw":2481.2,"sigma":67.09159439681606,"state":"IDLE","t":"2026-07-19T02:53:02.6296305Z","type":"sample"}
{"channel":"rr","display":11.299009453504576,"mu":10.410989040545964,"quality":"OK","raw":1137.7,"sigma":1.5,"state":"IDLE","t":"2026-07-19T02:53:02.6555524Z","type":"sample"}
{"channel":"rr","display":11.299009453504576,"mu":10.410989040545964,"quality":"OK","raw":1138.3,"sigma":1.5,"state":"IDLE","t":"2026-07-19T02:53:02.6922831Z","type":"sample"}
{"channel":"gsr","display":2481.8,"mu":2528.0448340698827,"quality":"OK","raw":2481.8,"sigma":67.00389753728862,"state":"IDLE","t":"2026-07-19T02:53:02.7302202Z","type":"sample"}
{"channel":"rr","display":11.299009453504576,"mu":10.410989040545964,"quality":"OK","raw":1138.6,"sigma":1.5,"state":"IDLE","t":"2026-07-19T02:53:02.7352522Z","type":"sample"}
{"channel":"hr","display":70,"mu":67.45092030453152,"quality":"OK","raw":70,"sigma":3,"state":"IDLE","t":"2026-07-19T02:53:02.7464193Z","type":"sample"}
{"channel":"rr","display":11.299009453504576,"mu":10.410989040545964,"quality":"OK","raw":1139.6,"sigma":1.5,"state":"IDLE","t":"2026-07-19T02:53:02.77567Z","type":"sample"}
{"channel":"rr","display":11.299009453504576,"mu":10.410989040545964,"quality":"OK","raw":1138.6,"sigma":1.5,"state":"IDLE","t":"2026-07-19T02:53:02.8130388Z","type":"sample"}
{"channel":"gsr","display":2480.2,"mu":2527.8056098995335,"quality":"OK","raw":2480.2,"sigma":66.92132011768543,"state":"IDLE","t":"2026-07-19T02:53:02.8306Z","type":"sample"}
{"channel":"rr","display":11.299009453504576,"mu":10.410989040545964,"quality":"OK","raw":1139.1,"sigma":1.5,"state":"IDLE","t":"2026-07-19T02:53:02.8554041Z","type":"sample"}
{"channel":"rr","display":11.299009453504576,"mu":10.410989040545964,"quality":"OK","raw":1139.1,"sigma":1.5,"state":"IDLE","t":"2026-07-19T02:53:02.8947445Z","type":"sample"}
{"channel":"gsr","display":2480,"mu":2527.5665818500356,"quality":"OK","raw":2480,"sigma":66.83891469902204,"state":"IDLE","t":"2026-07-19T02:53:02.9307791Z","type":"sample"}
{"channel":"rr","display":11.299009453504576,"mu":10.410989040545964,"quality":"OK","raw":1138.2,"sigma":1.5,"state":"IDLE","t":"2026-07-19T02:53:02.9350851Z","type":"sample"}
{"address":"/cue/r6/start","args":null,"channel":"system","dir":"out","t":"2026-07-19T02:53:02.9671967Z","type":"osc"}
{"channel":"rr","display":11.299009453504576,"mu":10.410989040545964,"quality":"OK","raw":1138.8,"sigma":1.5,"state":"IDLE","t":"2026-07-19T02:53:02.9753Z","type":"sample"}
{"channel":"rr","display":11.299009453504576,"mu":10.410989040545964,"quality":"OK","raw":1138.4,"sigma":1.5,"state":"IDLE","t":"2026-07-19T02:53:03.0155583Z","type":"sample"}
{"channel":"gsr","display":2484.6,"mu":2527.3517489407855,"quality":"OK","raw":2484.6,"sigma":66.74045098853401,"state":"IDLE","t":"2026-07-19T02:53:03.0250501Z","type":"sample"}
{"channel":"rr","display":11.299009453504576,"mu":10.410989040545964,"quality":"OK","raw":1139.9,"sigma":1.5,"state":"IDLE","t":"2026-07-19T02:53:03.0554648Z","type":"sample"}
{"channel":"rr","display":11.299009453504576,"mu":10.410989040545964,"quality":"OK","raw":1138.6,"sigma":1.5,"state":"IDLE","t":"2026-07-19T02:53:03.0955768Z","type":"sample"}
{"address":"/cue/p/start","args":null,"channel":"system","dir":"out","t":"2026-07-19T02:53:03.1012943Z","type":"osc"}
{"channel":"gsr","display":2482.5,"mu":2527.1274901960815,"quality":"OK","raw":2482.5,"sigma":66.64851434272789,"state":"IDLE","t":"2026-07-19T02:53:03.1244342Z","type":"sample"}
{"channel":"rr","display":11.299009453504576,"mu":10.410989040545964,"quality":"OK","raw":1140.2,"sigma":1.5,"state":"IDLE","t":"2026-07-19T02:53:03.1355292Z","type":"sample"}
{"channel":"rr","display":11.299009453504576,"mu":10.410989040545964,"quality":"OK","raw":1138.8,"sigma":1.5,"state":"IDLE","t":"2026-07-19T02:53:03.1751653Z","type":"sample"}
{"channel":"rr","display":11.299009453504576,"mu":10.410989040545964,"quality":"OK","raw":1138.7,"sigma":1.5,"state":"IDLE","t":"2026-07-19T02:53:03.2138599Z","type":"sample"}
{"channel":"gsr","display":2485.2,"mu":2526.917852745101,"quality":"OK","raw":2485.2,"sigma":66.54742644221639,"state":"IDLE","t":"2026-07-19T02:53:03.2305859Z","type":"sample"}
{"channel":"hr","display":70,"mu":67.46366570300886,"quality":"OK","raw":70,"sigma":3,"state":"IDLE","t":"2026-07-19T02:53:03.2451662Z","type":"sample"}
{"channel":"rr","display":11.299009453504576,"mu":10.410989040545964,"quality":"OK","raw":1138.3,"sigma":1.5,"state":"IDLE","t":"2026-07-19T02:53:03.2555002Z","type":"sample"}
{"address":"/cue/bpm070/start","args":null,"channel":"system","dir":"out","t":"2026-07-19T02:53:03.2732812Z","type":"osc"}
{"address":"/cue/g7/start","args":null,"channel":"system","dir":"out","t":"2026-07-19T02:53:03.2746016Z","type":"osc"}
{"channel":"rr","display":11.299009453504576,"mu":10.410989040545964,"quality":"OK","raw":1138.1,"sigma":1.5,"state":"IDLE","t":"2026-07-19T02:53:03.2956049Z","type":"sample"}
{"channel":"gsr","display":2489.7,"mu":2526.7317634813753,"quality":"OK","raw":2489.7,"sigma":66.43273575469023,"state":"IDLE","t":"2026-07-19T02:53:03.3246011Z","type":"sample"}
{"channel":"rr","display":11.299009453504576,"mu":10.410989040545964,"quality":"OK","raw":1139.2,"sigma":1.5,"state":"IDLE","t":"2026-07-19T02:53:03.3354736Z","type":"sample"}
{"channel":"rr","display":11.299009453504576,"mu":10.410989040545964,"quality":"OK","raw":1138.8,"sigma":1.5,"state":"IDLE","t":"2026-07-19T02:53:03.3752349Z","type":"sample"}
{"channel":"rr","display":11.299009453504576,"mu":10.410989040545964,"quality":"OK","raw":1138.4,"sigma":1.5,"state":"IDLE","t":"2026-07-19T02:53:03.4134394Z","type":"sample"}
{"channel":"gsr","display":2493.2,"mu":2526.5641046639685,"quality":"OK","raw":2493.2,"sigma":66.30863913763451,"state":"IDLE","t":"2026-07-19T02:53:03.4300291Z","type":"sample"}
{"channel":"rr","display":11.299009453504576,"mu":10.410989040545964,"quality":"OK","raw":1139,"sigma":1.5,"state":"IDLE","t":"2026-07-19T02:53:03.4554914Z","type":"sample"}
{"channel":"rr","display":11.299009453504576,"mu":10.410989040545964,"quality":"OK","raw":1139.1,"sigma":1.5,"state":"IDLE","t":"2026-07-19T02:53:03.4955573Z","type":"sample"}
{"channel":"gsr","display":2490.8,"mu":2526.3852841406488,"quality":"OK","raw":2490.8,"sigma":66.19074576778937,"state":"IDLE","t":"2026-07-19T02:53:03.5252366Z","type":"sample"}
{"channel":"rr","display":11.299009453504576,"mu":10.410989040545964,"quality":"OK","raw":1137.9,"sigma":1.5,"state":"IDLE","t":"2026-07-19T02:53:03.5252366Z","type":"sample"}
{"channel":"rr","display":11.299009453504576,"mu":10.410989040545964,"quality":"OK","raw":1138.6,"sigma":1.5,"state":"IDLE","t":"2026-07-19T02:53:03.5751377Z","type":"sample"}
{"channel":"rr","display":11.299009453504576,"mu":10.410989040545964,"quality":"OK","raw":1139.3,"sigma":1.5,"state":"IDLE","t":"2026-07-19T02:53:03.6138356Z","type":"sample"}
{"channel":"gsr","display":2491.6,"mu":2526.2113577199457,"quality":"OK","raw":2491.6,"sigma":66.07063327026277,"state":"IDLE","t":"2026-07-19T02:53:03.6299137Z","type":"sample"}
{"channel":"rr","event":"quality_change","quality":"OUT_OF_RANGE","t":"2026-07-19T02:53:03.6554667Z","type":"event"}
{"channel":"rr","display":11.299009453504576,"mu":10.410989040545964,"quality":"OUT_OF_RANGE","raw":1137.3,"sigma":1.5,"state":"IDLE","t":"2026-07-19T02:53:03.6554667Z","type":"sample"}
{"channel":"rr","display":11.299009453504576,"mu":10.410989040545964,"quality":"OUT_OF_RANGE","raw":1137.6,"sigma":1.5,"state":"IDLE","t":"2026-07-19T02:53:03.6955379Z","type":"sample"}
{"channel":"gsr","display":2494.6,"mu":2526.053300931346,"quality":"OK","raw":2494.6,"sigma":65.94295523834185,"state":"IDLE","t":"2026-07-19T02:53:03.7307059Z","type":"sample"}
{"channel":"rr","display":11.299009453504576,"mu":10.410989040545964,"quality":"OUT_OF_RANGE","raw":1137.8,"sigma":1.5,"state":"IDLE","t":"2026-07-19T02:53:03.7355179Z","type":"sample"}
{"channel":"hr","display":70,"mu":67.47634737449381,"quality":"OK","raw":70,"sigma":3,"state":"IDLE","t":"2026-07-19T02:53:03.7462812Z","type":"sample"}
{"channel":"rr","display":11.299009453504576,"mu":10.410989040545964,"quality":"OUT_OF_RANGE","raw":1137.4,"sigma":1.5,"state":"IDLE","t":"2026-07-19T02:53:03.775693Z","type":"sample"}
{"channel":"rr","display":11.299009453504576,"mu":10.410989040545964,"quality":"OUT_OF_RANGE","raw":1138.1,"sigma":1.5,"state":"IDLE","t":"2026-07-19T02:53:03.8155556Z","type":"sample"}
{"channel":"gsr","display":2503,"mu":2525.9380344266892,"quality":"OK","raw":2503,"sigma":65.79798603217417,"state":"IDLE","t":"2026-07-19T02:53:03.8302181Z","type":"sample"}
{"channel":"rr","display":11.299009453504576,"mu":10.410989040545964,"quality":"OUT_OF_RANGE","raw":1137.6,"sigma":1.5,"state":"IDLE","t":"2026-07-19T02:53:03.8553903Z","type":"sample"}
{"channel":"rr","display":11.299009453504576,"mu":10.410989040545964,"quality":"OUT_OF_RANGE","raw":1135.7,"sigma":1.5,"state":"IDLE","t":"2026-07-19T02:53:03.8950863Z","type":"sample"}
{"channel":"gsr","display":2504.7,"mu":2525.8318442545556,"quality":"OK","raw":2504.7,"sigma":65.65037764734964,"state":"IDLE","t":"2026-07-19T02:53:03.9283109Z","type":"sample"}
{"channel":"rr","display":11.299009453504576,"mu":10.410989040545964,"quality":"OUT_OF_RANGE","raw":1138.6,"sigma":1.5,"state":"IDLE","t":"2026-07-19T02:53:03.9353777Z","type":"sample"}
{"address":"/cue/p/start","args":null,"channel":"system","dir":"out","t":"2026-07-19T02:53:03.9584714Z","type":"osc"}
{"channel":"rr","display":11.299009453504576,"mu":10.410989040545964,"quality":"OUT_OF_RANGE","raw":1136.9,"sigma":1.5,"state":"IDLE","t":"2026-07-19T02:53:03.974203Z","type":"sample"}
{"channel":"rr","display":11.299009453504576,"mu":10.410989040545964,"quality":"OUT_OF_RANGE","raw":1139.1,"sigma":1.5,"state":"IDLE","t":"2026-07-19T02:53:04.0155931Z","type":"sample"}
{"channel":"gsr","display":2502.7,"mu":2525.7161850332827,"quality":"OK","raw":2502.7,"sigma":65.50636807861544,"state":"IDLE","t":"2026-07-19T02:53:04.0300947Z","type":"sample"}
{"channel":"rr","display":11.299009453504576,"mu":10.410989040545964,"quality":"OUT_OF_RANGE","raw":1137.2,"sigma":1.5,"state":"IDLE","t":"2026-07-19T02:53:04.0555473Z","type":"sample"}
{"channel":"rr","display":11.299009453504576,"mu":10.410989040545964,"quality":"OUT_OF_RANGE","raw":1136.9,"sigma":1.5,"state":"IDLE","t":"2026-07-19T02:53:04.0955902Z","type":"sample"}
{"channel":"gsr","display":2496.8,"mu":2525.5716041081164,"quality":"OK","raw":2496.8,"sigma":65.3742201689417,"state":"IDLE","t":"2026-07-19T02:53:04.1308302Z","type":"sample"}
{"channel":"rr","display":11.299009453504576,"mu":10.410989040545964,"quality":"OUT_OF_RANGE","raw":1136.8,"sigma":1.5,"state":"IDLE","t":"2026-07-19T02:53:04.1354338Z","type":"sample"}
{"channel":"rr","display":11.299009453504576,"mu":10.410989040545964,"quality":"OUT_OF_RANGE","raw":1137.2,"sigma":1.5,"state":"IDLE","t":"2026-07-19T02:53:04.175188Z","type":"sample"}
{"channel":"rr","display":11.299009453504576,"mu":10.410989040545964,"quality":"OUT_OF_RANGE","raw":1136.9,"sigma":1.5,"state":"IDLE","t":"2026-07-19T02:53:04.2132092Z","type":"sample"}
{"channel":"gsr","display":2494.5,"mu":2525.416246087576,"quality":"OK","raw":2494.5,"sigma":65.2473969302875,"state":"IDLE","t":"2026-07-19T02:53:04.2285528Z","type":"sample"}
{"channel":"hr","display":70,"mu":67.48896563762135,"quality":"OK","raw":70,"sigma":3,"state":"IDLE","t":"2026-07-19T02:53:04.2463007Z","type":"sample"}
{"channel":"rr","display":11.299009453504576,"mu":10.410989040545964,"quality":"OUT_OF_RANGE","raw":1135.4,"sigma":1.5,"state":"IDLE","t":"2026-07-19T02:53:04.2555629Z","type":"sample"}
{"address":"/cue/bpm070/start","args":null,"channel":"system","dir":"out","t":"2026-07-19T02:53:04.2853492Z","type":"osc"}
{"address":"/cue/g5/start","args":null,"channel":"system","dir":"out","t":"2026-07-19T02:53:04.2864615Z","type":"osc"}
{"channel":"rr","display":11.299009453504576,"mu":10.410989040545964,"quality":"OUT_OF_RANGE","raw":1138.1,"sigma":1.5,"state":"IDLE","t":"2026-07-19T02:53:04.2953689Z","type":"sample"}
{"channel":"gsr","display":2487.5,"mu":2525.226664857138,"quality":"OK","raw":2487.5,"sigma":65.13899722663476,"state":"IDLE","t":"2026-07-19T02:53:04.3242792Z","type":"sample"}
{"channel":"rr","display":11.299009453504576,"mu":10.410989040545964,"quality":"OUT_OF_RANGE","raw":1137.7,"sigma":1.5,"state":"IDLE","t":"2026-07-19T02:53:04.3242792Z","type":"sample"}
{"channel":"rr","display":11.299009453504576,"mu":10.410989040545964,"quality":"OUT_OF_RANGE","raw":1136.9,"sigma":1.5,"state":"IDLE","t":"2026-07-19T02:53:04.3755221Z","type":"sample"}
{"channel":"rr","display":11.299009453504576,"mu":10.410989040545964,"quality":"OUT_OF_RANGE","raw":1136.9,"sigma":1.5,"state":"IDLE","t":"2026-07-19T02:53:04.4155546Z","type":"sample"}
{"channel":"gsr","display":2483.3,"mu":2525.0170315328523,"quality":"OK","raw":2483.3,"sigma":65.0432071387369,"state":"IDLE","t":"2026-07-19T02:53:04.4291033Z","type":"sample"}
{"channel":"rr","display":11.299009453504576,"mu":10.410989040545964,"quality":"OUT_OF_RANGE","raw":1138.1,"sigma":1.5,"state":"IDLE","t":"2026-07-19T02:53:04.4530364Z","type":"sample"}
{"channel":"rr","display":11.299009453504576,"mu":10.410989040545964,"quality":"OUT_OF_RANGE","raw":1135.1,"sigma":1.5,"state":"IDLE","t":"2026-07-19T02:53:04.4955631Z","type":"sample"}
{"channel":"gsr","display":2482.4,"mu":2524.803946375188,"quality":"OK","raw":2482.4,"sigma":64.94999116641291,"state":"IDLE","t":"2026-07-19T02:53:04.5307085Z","type":"sample"}
{"channel":"rr","display":11.299009453504576,"mu":10.410989040545964,"quality":"OUT_OF_RANGE","raw":1137.2,"sigma":1.5,"state":"IDLE","t":"2026-07-19T02:53:04.5356318Z","type":"sample"}
{"channel":"rr","display":11.299009453504576,"mu":10.410989040545964,"quality":"OUT_OF_RANGE","raw":1135.9,"sigma":1.5,"state":"IDLE","t":"2026-07-19T02:53:04.5750218Z","type":"sample"}
{"channel":"rr","display":11.299009453504576,"mu":10.410989040545964,"quality":"OUT_OF_RANGE","raw":1136.6,"sigma":1.5,"state":"IDLE","t":"2026-07-19T02:53:04.6151032Z","type":"sample"}
{"channel":"gsr","display":2482.2,"mu":2524.590926643312,"quality":"OK","raw":2482.2,"sigma":64.85706553323287,"state":"IDLE","t":"2026-07-19T02:53:04.6294022Z","type":"sample"}
{"channel":"rr","display":11.299009453504576,"mu":10.410989040545964,"quality":"OUT_OF_RANGE","raw":1136.1,"sigma":1.5,"state":"IDLE","t":"2026-07-19T02:53:04.6504904Z","type":"sample"}
{"channel":"rr","display":11.299009453504576,"mu":10.410989040545964,"quality":"OUT_OF_RANGE","raw":1137.8,"sigma":1.5,"state":"IDLE","t":"2026-07-19T02:53:04.6923904Z","type":"sample"}
{"channel":"gsr","display":2481.6,"mu":2524.375972010095,"quality":"OK","raw":2481.6,"sigma":64.76574440402939,"state":"IDLE","t":"2026-07-19T02:53:04.7253955Z","type":"sample"}
{"channel":"rr","display":11.299009453504576,"mu":10.410989040545964,"quality":"OUT_OF_RANGE","raw":1136.8,"sigma":1.5,"state":"IDLE","t":"2026-07-19T02:53:04.7351179Z","type":"sample"}
{"channel":"hr","display":70,"mu":67.50152080943325,"quality":"OK","raw":70,"sigma":3,"state":"IDLE","t":"2026-07-19T02:53:04.764529Z","type":"sample"}
{"channel":"rr","display":11.299009453504576,"mu":10.410989040545964,"quality":"OUT_OF_RANGE","raw":1138,"sigma":1.5,"state":"IDLE","t":"2026-07-19T02:53:04.7753461Z","type":"sample"}
{"channel":"rr","display":11.299009453504576,"mu":10.410989040545964,"quality":"OUT_OF_RANGE","raw":1136.8,"sigma":1.5,"state":"IDLE","t":"2026-07-19T02:53:04.8150316Z","type":"sample"}
{"address":"/cue/p/start","args":null,"channel":"system","dir":"out","t":"2026-07-19T02:53:04.815586Z","type":"osc"}
{"channel":"gsr","display":2477.6,"mu":2524.142092150045,"quality":"OK","raw":2477.6,"sigma":64.68781877575972,"state":"IDLE","t":"2026-07-19T02:53:04.8304373Z","type":"sample"}
{"channel":"rr","display":11.299009453504576,"mu":10.410989040545964,"quality":"OUT_OF_RANGE","raw":1138.4,"sigma":1.5,"state":"IDLE","t":"2026-07-19T02:53:04.8554713Z","type":"sample"}
{"channel":"rr","display":11.299009453504576,"mu":10.410989040545964,"quality":"OUT_OF_RANGE","raw":1136.2,"sigma":1.5,"state":"IDLE","t":"2026-07-19T02:53:04.8912435Z","type":"sample"}
{"channel":"gsr","display":2478.4,"mu":2523.9133816892945,"quality":"OK","raw":2478.4,"sigma":64.60650675413557,"state":"IDLE","t":"2026-07-19T02:53:04.9307578Z","type":"sample"}
{"channel":"rr","display":11.299009453504576,"mu":10.410989040545964,"quality":"OUT_OF_RANGE","raw":1136.4,"sigma":1.5,"state":"IDLE","t":"2026-07-19T02:53:04.935074Z","type":"sample"}
{"channel":"rr","display":11.299009453504576,"mu":10.410989040545964,"quality":"OUT_OF_RANGE","raw":1137.4,"sigma":1.5,"state":"IDLE","t":"2026-07-19T02:53:04.9754004Z","type":"sample"}
{"channel":"rr","display":11.299009453504576,"mu":10.410989040545964,"quality":"OUT_OF_RANGE","raw":1138.2,"sigma":1.5,"state":"IDLE","t":"2026-07-19T02:53:05.0134325Z","type":"sample"}
{"channel":"gsr","display":2478.9,"mu":2523.688314780848,"quality":"OK","raw":2478.9,"sigma":64.52295001733536,"state":"IDLE","t":"2026-07-19T02:53:05.0306295Z","type":"sample"}
{"channel":"rr","display":11.299009453504576,"mu":10.410989040545964,"quality":"OUT_OF_RANGE","raw":1136.7,"sigma":1.5,"state":"IDLE","t":"2026-07-19T02:53:05.0554004Z","type":"sample"}
{"channel":"rr","display":11.299009453504576,"mu":10.410989040545964,"quality":"OUT_OF_RANGE","raw":1138.6,"sigma":1.5,"state":"IDLE","t":"2026-07-19T02:53:05.0955587Z","type":"sample"}
{"channel":"gsr","display":2478.4,"mu":2523.461873206944,"quality":"OK","raw":2478.4,"sigma":64.44066189167297,"state":"IDLE","t":"2026-07-19T02:53:05.1269098Z","type":"sample"}
{"channel":"rr","display":11.299009453504576,"mu":10.410989040545964,"quality":"OUT_OF_RANGE","raw":1137.9,"sigma":1.5,"state":"IDLE","t":"2026-07-19T02:53:05.1351081Z","type":"sample"}
{"channel":"rr","display":11.299009453504576,"mu":10.410989040545964,"quality":"OUT_OF_RANGE","raw":1137,"sigma":1.5,"state":"IDLE","t":"2026-07-19T02:53:05.1753299Z","type":"sample"}
{"channel":"rr","display":11.299009453504576,"mu":10.410989040545964,"quality":"OUT_OF_RANGE","raw":1137.8,"sigma":1.5,"state":"IDLE","t":"2026-07-19T02:53:05.215621Z","type":"sample"}
{"channel":"gsr","display":2479.1,"mu":2523.240063840909,"quality":"OK","raw":2479.1,"sigma":64.35547055292979,"state":"IDLE","t":"2026-07-19T02:53:05.2245946Z","type":"sample"}
{"channel":"hr","display":70,"mu":67.51401320538608,"quality":"OK","raw":70,"sigma":3,"state":"IDLE","t":"2026-07-19T02:53:05.2462848Z","type":"sample"}
{"channel":"rr","display":11.299009453504576,"mu":10.410989040545964,"quality":"OUT_OF_RANGE","raw":1137.8,"sigma":1.5,"state":"IDLE","t":"2026-07-19T02:53:05.2528711Z","type":"sample"}
{"address":"/cue/bpm070/start","args":null,"channel":"system","dir":"out","t":"2026-07-19T02:53:05.2896959Z","type":"osc"}
{"address":"/cue/g7/start","args":null,"channel":"system","dir":"out","t":"2026-07-19T02:53:05.2908481Z","type":"osc"}
{"channel":"rr","display":11.299009453504576,"mu":10.410989040545964,"quality":"OUT_OF_RANGE","raw":1137.9,"sigma":1.5,"state":"IDLE","t":"2026-07-19T02:53:05.2952435Z","type":"sample"}
{"channel":"gsr","display":2479.9,"mu":2523.0233635217046,"quality":"OK","raw":2479.9,"sigma":64.26712459554182,"state":"IDLE","t":"2026-07-19T02:53:05.3256641Z","type":"sample"}
{"channel":"rr","display":11.299009453504576,"mu":10.410989040545964,"quality":"OUT_OF_RANGE","raw":1137.9,"sigma":1.5,"state":"IDLE","t":"2026-07-19T02:53:05.3350576Z","type":"sample"}
{"channel":"rr","display":11.299009453504576,"mu":10.410989040545964,"quality":"OUT_OF_RANGE","raw":1136.8,"sigma":1.5,"state":"IDLE","t":"2026-07-19T02:53:05.3748881Z","type":"sample"}
{"channel":"rr","display":11.299009453504576,"mu":10.410989040545964,"quality":"OUT_OF_RANGE","raw":1138.4,"sigma":1.5,"state":"IDLE","t":"2026-07-19T02:53:05.4131707Z","type":"sample"}
{"channel":"gsr","display":2480.6,"mu":2522.811246704096,"quality":"OK","raw":2480.6,"sigma":64.1760524072505,"state":"IDLE","t":"2026-07-19T02:53:05.430274Z","type":"sample"}
{"channel":"rr","display":11.299009453504576,"mu":10.410989040545964,"quality":"OUT_OF_RANGE","raw":1139.2,"sigma":1.5,"state":"IDLE","t":"2026-07-19T02:53:05.4553372Z","type":"sample"}
{"channel":"rr","display":11.299009453504576,"mu":10.410989040545964,"quality":"OUT_OF_RANGE","raw":1138.1,"sigma":1.5,"state":"IDLE","t":"2026-07-19T02:53:05.4919011Z","type":"sample"}
{"channel":"gsr","display":2479.7,"mu":2522.5956904705754,"quality":"OK","raw":2479.7,"sigma":64.08759090133884,"state":"IDLE","t":"2026-07-19T02:53:05.530703Z","type":"sample"}
{"channel":"rr","display":11.299009453504576,"mu":10.410989040545964,"quality":"OUT_OF_RANGE","raw":1138.1,"sigma":1.5,"state":"IDLE","t":"2026-07-19T02:53:05.5353195Z","type":"sample"}
{"channel":"rr","display":11.299009453504576,"mu":10.410989040545964,"quality":"OUT_OF_RANGE","raw":1137.4,"sigma":1.5,"state":"IDLE","t":"2026-07-19T02:53:05.575485Z","type":"sample"}
{"channel":"rr","display":11.299009453504576,"mu":10.410989040545964,"quality":"OUT_OF_RANGE","raw":1137.8,"sigma":1.5,"state":"IDLE","t":"2026-07-19T02:53:05.6155275Z","type":"sample"}
{"channel":"gsr","display":2479.7,"mu":2522.3812120182224,"quality":"OK","raw":2479.7,"sigma":63.99872976315933,"state":"IDLE","t":"2026-07-19T02:53:05.6305272Z","type":"sample"}
{"channel":"rr","display":11.299009453504576,"mu":10.410989040545964,"quality":"OUT_OF_RANGE","raw":1139.8,"sigma":1.5,"state":"IDLE","t":"2026-07-19T02:53:05.6553696Z","type":"sample"}
{"address":"/cue/p/start","args":null,"channel":"system","dir":"out","t":"2026-07-19T02:53:05.6729183Z","type":"osc"}
{"channel":"rr","display":11.299009453504576,"mu":10.410989040545964,"quality":"OUT_OF_RANGE","raw":1140.5,"sigma":1.5,"state":"IDLE","t":"2026-07-19T02:53:05.6926883Z","type":"sample"}
{"channel":"gsr","display":2480.8,"mu":2522.173305958131,"quality":"OK","raw":2480.8,"sigma":63.905868159943694,"state":"IDLE","t":"2026-07-19T02:53:05.724958Z","type":"sample"}
{"channel":"rr","display":11.299009453504576,"mu":10.410989040545964,"quality":"OUT_OF_RANGE","raw":1141.1,"sigma":1.5,"state":"IDLE","t":"2026-07-19T02:53:05.7350395Z","type":"sample"}
{"channel":"hr","display":70,"mu":67.52644313935915,"quality":"OK","raw":70,"sigma":3,"state":"IDLE","t":"2026-07-19T02:53:05.7463081Z","type":"sample"}
{"channel":"rr","display":11.299009453504576,"mu":10.410989040545964,"quality":"OUT_OF_RANGE","raw":1143.6,"sigma":1.5,"state":"IDLE","t":"2026-07-19T02:53:05.7747356Z","type":"sample"}
{"channel":"rr","display":11.299009453504576,"mu":10.410989040545964,"quality":"OUT_OF_RANGE","raw":1147.1,"sigma":1.5,"state":"IDLE","t":"2026-07-19T02:53:05.8155582Z","type":"sample"}
{"channel":"gsr","display":2482.2,"mu":2521.9734394283405,"quality":"OK","raw":2482.2,"sigma":63.80822489825356,"state":"IDLE","t":"2026-07-19T02:53:05.8305654Z","type":"sample"}
{"channel":"rr","display":11.299009453504576,"mu":10.410989040545964,"quality":"OUT_OF_RANGE","raw":1151.2,"sigma":1.5,"state":"IDLE","t":"2026-07-19T02:53:05.8556215Z","type":"sample"}
{"channel":"rr","display":11.299009453504576,"mu":10.410989040545964,"quality":"OUT_OF_RANGE","raw":1158.2,"sigma":1.5,"state":"IDLE","t":"2026-07-19T02:53:05.8951768Z","type":"sample"}
{"channel":"gsr","display":2485.9,"mu":2521.793072231199,"quality":"OK","raw":2485.9,"sigma":63.69934104586893,"state":"IDLE","t":"2026-07-19T02:53:05.9276394Z","type":"sample"}
{"channel":"rr","display":11.299009453504576,"mu":10.410989040545964,"quality":"OUT_OF_RANGE","raw":1165.6,"sigma":1.5,"state":"IDLE","t":"2026-07-19T02:53:05.9353682Z","type":"sample"}
{"channel":"rr","display":11.299009453504576,"mu":10.410989040545964,"quality":"OUT_OF_RANGE","raw":1172.3,"sigma":1.5,"state":"IDLE","t":"2026-07-19T02:53:05.974611Z","type":"sample"}
{"channel":"rr","display":11.299009453504576,"mu":10.410989040545964,"quality":"OUT_OF_RANGE","raw":1180,"sigma":1.5,"state":"IDLE","t":"2026-07-19T02:53:06.0137921Z","type":"sample"}
{"channel":"gsr","display":2482.8,"mu":2521.598106870043,"quality":"OK","raw":2482.8,"sigma":63.59938919791305,"state":"IDLE","t":"2026-07-19T02:53:06.0293398Z","type":"sample"}
{"channel":"rr","display":11.299009453504576,"mu":10.410989040545964,"quality":"OUT_OF_RANGE","raw":1193.7,"sigma":1.5,"state":"IDLE","t":"2026-07-19T02:53:06.0555634Z","type":"sample"}
{"channel":"rr","display":11.299009453504576,"mu":10.410989040545964,"quality":"OUT_OF_RANGE","raw":1208.3,"sigma":1.5,"state":"IDLE","t":"2026-07-19T02:53:06.0940807Z","type":"sample"}
{"channel":"gsr","display":2483.2,"mu":2521.406116335693,"quality":"OK","raw":2483.2,"sigma":63.497977192243034,"state":"IDLE","t":"2026-07-19T02:53:06.1247632Z","type":"sample"}
{"channel":"rr","event":"quality_change","quality":"OK","t":"2026-07-19T02:53:06.1356079Z","type":"event"}
{"channel":"rr","display":9.972409666589103,"mu":10.406603246806394,"quality":"OK","raw":1224.9,"sigma":1.5,"state":"IDLE","t":"2026-07-19T02:53:06.1356079Z","type":"sample"}
{"channel":"rr","display":9.972409666589103,"mu":10.406603246806394,"quality":"OK","raw":1239.3,"sigma":1.5,"state":"IDLE","t":"2026-07-19T02:53:06.1744831Z","type":"sample"}
{"address":"/cue/r1/start","args":null,"channel":"system","dir":"out","t":"2026-07-19T02:53:06.1953715Z","type":"osc"}
{"channel":"rr","display":9.972409666589103,"mu":10.406603246806394,"quality":"OK","raw":1252.3,"sigma":1.5,"state":"IDLE","t":"2026-07-19T02:53:06.213236Z","type":"sample"}
{"channel":"gsr","display":2484.7,"mu":2521.2225857540143,"quality":"OK","raw":2484.7,"sigma":63.3919249855762,"state":"IDLE","t":"2026-07-19T02:53:06.2294462Z","type":"sample"}
{"channel":"hr","display":71,"mu":67.54381092366235,"quality":"OK","raw":71,"sigma":3,"state":"IDLE","t":"2026-07-19T02:53:06.2464087Z","type":"sample"}
{"channel":"rr","display":9.972409666589103,"mu":10.406603246806394,"quality":"OK","raw":1260.4,"sigma":1.5,"state":"IDLE","t":"2026-07-19T02:53:06.2536348Z","type":"sample"}
{"channel":"rr","display":9.972409666589103,"mu":10.406603246806394,"quality":"OK","raw":1270.6,"sigma":1.5,"state":"IDLE","t":"2026-07-19T02:53:06.2938191Z","type":"sample"}
{"address":"/cue/bpm071/start","args":null,"channel":"system","dir":"out","t":"2026-07-19T02:53:06.3067836Z","type":"osc"}
{"address":"/cue/g6/start","args":null,"channel":"system","dir":"out","t":"2026-07-19T02:53:06.3077783Z","type":"osc"}
{"channel":"gsr","display":2483.7,"mu":2521.034972825244,"quality":"OK","raw":2483.7,"sigma":63.288608739703946,"state":"IDLE","t":"2026-07-19T02:53:06.3258757Z","type":"sample"}
{"channel":"rr","display":9.972409666589103,"mu":10.406603246806394,"quality":"OK","raw":1285.9,"sigma":1.5,"state":"IDLE","t":"2026-07-19T02:53:06.3258757Z","type":"sample"}
{"channel":"rr","display":9.972409666589103,"mu":10.406603246806394,"quality":"OK","raw":1294.7,"sigma":1.5,"state":"IDLE","t":"2026-07-19T02:53:06.3755508Z","type":"sample"}
{"channel":"rr","display":9.972409666589103,"mu":10.406603246806394,"quality":"OK","raw":1311.4,"sigma":1.5,"state":"IDLE","t":"2026-07-19T02:53:06.4154741Z","type":"sample"}
{"channel":"gsr","display":2488.6,"mu":2520.8727979611176,"quality":"OK","raw":2488.6,"sigma":63.17162806870353,"state":"IDLE","t":"2026-07-19T02:53:06.4307037Z","type":"sample"}
{"channel":"rr","display":9.972409666589103,"mu":10.406603246806394,"quality":"OK","raw":1327.8,"sigma":1.5,"state":"IDLE","t":"2026-07-19T02:53:06.4546236Z","type":"sample"}
{"channel":"rr","display":9.972409666589103,"mu":10.406603246806394,"quality":"OK","raw":1340.1,"sigma":1.5,"state":"IDLE","t":"2026-07-19T02:53:06.4923384Z","type":"sample"}
{"address":"/cue/p/start","args":null,"channel":"system","dir":"out","t":"2026-07-19T02:53:06.5294664Z","type":"osc"}
{"channel":"gsr","display":2491.4,"mu":2520.725433971312,"quality":"OK","raw":2491.4,"sigma":63.047782140525385,"state":"IDLE","t":"2026-07-19T02:53:06.5305252Z","type":"sample"}
{"channel":"rr","display":9.972409666589103,"mu":10.406603246806394,"quality":"OK","raw":1358.4,"sigma":1.5,"state":"IDLE","t":"2026-07-19T02:53:06.5352044Z","type":"sample"}
{"channel":"rr","display":9.972409666589103,"mu":10.406603246806394,"quality":"OK","raw":1368.2,"sigma":1.5,"state":"IDLE","t":"2026-07-19T02:53:06.5755815Z","type":"sample"}
{"channel":"rr","display":9.972409666589103,"mu":10.406603246806394,"quality":"OK","raw":1378.9,"sigma":1.5,"state":"IDLE","t":"2026-07-19T02:53:06.6136686Z","type":"sample"}
{"channel":"gsr","display":2501.6,"mu":2520.6298068014557,"quality":"OK","raw":2501.6,"sigma":62.90443136411215,"state":"IDLE","t":"2026-07-19T02:53:06.6305486Z","type":"sample"}
{"channel":"rr","display":9.972409666589103,"mu":10.406603246806394,"quality":"OK","raw":1384.4,"sigma":1.5,"state":"IDLE","t":"2026-07-19T02:53:06.6502615Z","type":"sample"}
{"channel":"rr","display":9.972409666589103,"mu":10.406603246806394,"quality":"OK","raw":1390.3,"sigma":1.5,"state":"IDLE","t":"2026-07-19T02:53:06.691844Z","type":"sample"}
{"channel":"gsr","display":2499.3,"mu":2520.5231577674485,"quality":"OK","raw":2499.3,"sigma":62.765006787943285,"state":"IDLE","t":"2026-07-19T02:53:06.7307651Z","type":"sample"}
{"channel":"rr","display":9.972409666589103,"mu":10.406603246806394,"quality":"OK","raw":1395.4,"sigma":1.5,"state":"IDLE","t":"2026-07-19T02:53:06.7351114Z","type":"sample"}
{"channel":"hr","display":71,"mu":67.56109186904403,"quality":"OK","raw":71,"sigma":3,"state":"IDLE","t":"2026-07-19T02:53:06.7459469Z","type":"sample"}
{"channel":"rr","display":9.972409666589103,"mu":10.406603246806394,"quality":"OK","raw":1396.9,"sigma":1.5,"state":"IDLE","t":"2026-07-19T02:53:06.7755731Z","type":"sample"}
{"channel":"rr","display":9.972409666589103,"mu":10.406603246806394,"quality":"OK","raw":1396.1,"sigma":1.5,"state":"IDLE","t":"2026-07-19T02:53:06.8155004Z","type":"sample"}
{"channel":"gsr","display":2498.6,"mu":2520.413541978611,"quality":"OK","raw":2498.6,"sigma":62.62699062957148,"state":"IDLE","t":"2026-07-19T02:53:06.8307146Z","type":"sample"}
{"channel":"rr","display":9.972409666589103,"mu":10.406603246806394,"quality":"OK","raw":1395.5,"sigma":1.5,"state":"IDLE","t":"2026-07-19T02:53:06.8461599Z","type":"sample"}
{"channel":"rr","display":9.972409666589103,"mu":10.406603246806394,"quality":"OK","raw":1395.1,"sigma":1.5,"state":"IDLE","t":"2026-07-19T02:53:06.8955627Z","type":"sample"}
{"channel":"gsr","display":2495.8,"mu":2520.2904742687183,"quality":"OK","raw":2495.8,"sigma":62.49434568120781,"state":"IDLE","t":"2026-07-19T02:53:06.9307672Z","type":"sample"}
{"channel":"rr","display":9.972409666589103,"mu":10.406603246806394,"quality":"OK","raw":1397.2,"sigma":1.5,"state":"IDLE","t":"2026-07-19T02:53:06.9354161Z","type":"sample"}
{"channel":"rr","display":9.972409666589103,"mu":10.406603246806394,"quality":"OK","raw":1396.8,"sigma":1.5,"state":"IDLE","t":"2026-07-19T02:53:06.9753064Z","type":"sample"}
{"channel":"rr","display":9.972409666589103,"mu":10.406603246806394,"quality":"OK","raw":1394.7,"sigma":1.5,"state":"IDLE","t":"2026-07-19T02:53:07.0151739Z","type":"sample"}
{"channel":"gsr","display":2497.4,"mu":2520.1760218973745,"quality":"OK","raw":2497.4,"sigma":62.3588189082155,"state":"IDLE","t":"2026-07-19T02:53:07.0305839Z","type":"sample"}
{"channel":"rr","display":9.972409666589103,"mu":10.406603246806394,"quality":"OK","raw":1395.4,"sigma":1.5,"state":"IDLE","t":"2026-07-19T02:53:07.0553095Z","type":"sample"}
{"channel":"rr","display":9.972409666589103,"mu":10.406603246806394,"quality":"OK","raw":1394.9,"sigma":1.5,"state":"IDLE","t":"2026-07-19T02:53:07.0954861Z","type":"sample"}
{"channel":"gsr","display":2493.4,"mu":2520.042141787888,"quality":"OK","raw":2493.4,"sigma":62.23139109010021,"state":"IDLE","t":"2026-07-19T02:53:07.130749Z","type":"sample"}
{"channel":"rr","display":9.972409666589103,"mu":10.406603246806394,"quality":"OK","raw":1394.9,"sigma":1.5,"state":"IDLE","t":"2026-07-19T02:53:07.1353793Z","type":"sample"}
{"channel":"rr","display":9.972409666589103,"mu":10.406603246806394,"quality":"OK","raw":1395.4,"sigma":1.5,"state":"IDLE","t":"2026-07-19T02:53:07.1755287Z","type":"sample"}
{"address":"/cue/r1/start","args":null,"channel":"system","dir":"out","t":"2026-07-19T02:53:07.2113242Z","type":"osc"}
{"channel":"rr","display":9.972409666589103,"mu":10.406603246806394,"quality":"OK","raw":1395.4,"sigma":1.5,"state":"IDLE","t":"2026-07-19T02:53:07.215014Z","type":"sample"}
{"channel":"gsr","display":2500.1,"mu":2519.9424310789486,"quality":"OK","raw":2500.1,"sigma":62.0915518383453,"state":"IDLE","t":"2026-07-19T02:53:07.2296845Z","type":"sample"}
{"channel":"hr","display":71,"mu":67.57828640969882,"quality":"OK","raw":71,"sigma":3,"state":"IDLE","t":"2026-07-19T02:53:07.2457123Z","type":"sample"}
{"channel":"rr","display":9.972409666589103,"mu":10.406603246806394,"quality":"OK","raw":1393.9,"sigma":1.5,"state":"IDLE","t":"2026-07-19T02:53:07.2552451Z","type":"sample"}
{"channel":"rr","display":9.972409666589103,"mu":10.406603246806394,"quality":"OK","raw":1393.5,"sigma":1.5,"state":"IDLE","t":"2026-07-19T02:53:07.2919063Z","type":"sample"}
{"address":"/cue/bpm071/start","args":null,"channel":"system","dir":"out","t":"2026-07-19T02:53:07.312662Z","type":"osc"}
{"address":"/cue/g4/start","args":null,"channel":"system","dir":"out","t":"2026-07-19T02:53:07.3137408Z","type":"osc"}
{"channel":"gsr","display":2497.9,"mu":2519.8322189235537,"quality":"OK","raw":2497.9,"sigma":61.95563899085867,"state":"IDLE","t":"2026-07-19T02:53:07.3305742Z","type":"sample"}
{"channel":"rr","display":9.972409666589103,"mu":10.406603246806394,"quality":"OK","raw":1394.6,"sigma":1.5,"state":"IDLE","t":"2026-07-19T02:53:07.3354388Z","type":"sample"}
{"channel":"rr","display":9.972409666589103,"mu":10.406603246806394,"quality":"OK","raw":1393.5,"sigma":1.5,"state":"IDLE","t":"2026-07-19T02:53:07.3754005Z","type":"sample"}
{"address":"/cue/p/start","args":null,"channel":"system","dir":"out","t":"2026-07-19T02:53:07.3760328Z","type":"osc"}
{"channel":"rr","display":9.972409666589103,"mu":10.406603246806394,"quality":"OK","raw":1394.1,"sigma":1.5,"state":"IDLE","t":"2026-07-19T02:53:07.4139009Z","type":"sample"}
{"channel":"gsr","display":2498.8,"mu":2519.727057828936,"quality":"OK","raw":2498.8,"sigma":61.818358188002684,"state":"IDLE","t":"2026-07-19T02:53:07.430528Z","type":"sample"}
{"channel":"rr","display":9.972409666589103,"mu":10.406603246806394,"quality":"OK","raw":1393.9,"sigma":1.5,"state":"IDLE","t":"2026-07-19T02:53:07.4494155Z","type":"sample"}
{"channel":"rr","display":9.972409666589103,"mu":10.406603246806394,"quality":"OK","raw":1393.9,"sigma":1.5,"state":"IDLE","t":"2026-07-19T02:53:07.4954997Z","type":"sample"}
{"channel":"gsr","display":2504.3,"mu":2519.649922539791,"quality":"OK","raw":2504.3,"sigma":61.673218520913544,"state":"IDLE","t":"2026-07-19T02:53:07.5303348Z","type":"sample"}
{"channel":"rr","display":9.972409666589103,"mu":10.406603246806394,"quality":"OK","raw":1393.4,"sigma":1.5,"state":"IDLE","t":"2026-07-19T02:53:07.5352976Z","type":"sample"}
{"channel":"rr","display":9.972409666589103,"mu":10.406603246806394,"quality":"OK","raw":1394.8,"sigma":1.5,"state":"IDLE","t":"2026-07-19T02:53:07.575389Z","type":"sample"}
{"channel":"rr","display":9.972409666589103,"mu":10.406603246806394,"quality":"OK","raw":1392.9,"sigma":1.5,"state":"IDLE","t":"2026-07-19T02:53:07.6148141Z","type":"sample"}
{"channel":"gsr","display":2505.4,"mu":2519.578672927092,"quality":"OK","raw":2505.4,"sigma":61.527052410052534,"state":"IDLE","t":"2026-07-19T02:53:07.629763Z","type":"sample"}
{"channel":"rr","display":9.972409666589103,"mu":10.406603246806394,"quality":"OK","raw":1390.6,"sigma":1.5,"state":"IDLE","t":"2026-07-19T02:53:07.6555111Z","type":"sample"}
{"channel":"rr","display":9.972409666589103,"mu":10.406603246806394,"quality":"OK","raw":1389.8,"sigma":1.5,"state":"IDLE","t":"2026-07-19T02:53:07.6956126Z","type":"sample"}
{"channel":"gsr","display":2505,"mu":2519.5057795624566,"quality":"OK","raw":2505,"sigma":61.381655748741196,"state":"IDLE","t":"2026-07-19T02:53:07.7265875Z","type":"sample"}
{"channel":"rr","display":9.972409666589103,"mu":10.406603246806394,"quality":"OK","raw":1389,"sigma":1.5,"state":"IDLE","t":"2026-07-19T02:53:07.7352842Z","type":"sample"}
{"channel":"hr","display":71,"mu":67.59539497765033,"quality":"OK","raw":71,"sigma":3,"state":"IDLE","t":"2026-07-19T02:53:07.746108Z","type":"sample"}
{"channel":"rr","display":9.972409666589103,"mu":10.406603246806394,"quality":"OK","raw":1384,"sigma":1.5,"state":"IDLE","t":"2026-07-19T02:53:07.7756835Z","type":"sample"}
{"channel":"rr","display":9.972409666589103,"mu":10.406603246806394,"quality":"OK","raw":1381.7,"sigma":1.5,"state":"IDLE","t":"2026-07-19T02:53:07.8133161Z","type":"sample"}
{"channel":"gsr","display":2505.3,"mu":2519.4347506646445,"quality":"OK","raw":2505.3,"sigma":61.23620742587876,"state":"IDLE","t":"2026-07-19T02:53:07.8305557Z","type":"sample"}
{"channel":"rr","display":9.972409666589103,"mu":10.406603246806394,"quality":"OK","raw":1379.6,"sigma":1.5,"state":"IDLE","t":"2026-07-19T02:53:07.8478223Z","type":"sample"}
{"channel":"rr","display":9.972409666589103,"mu":10.406603246806394,"quality":"OK","raw":1374.1,"sigma":1.5,"state":"IDLE","t":"2026-07-19T02:53:07.8955829Z","type":"sample"}
{"channel":"gsr","display":2503.2,"mu":2519.3535769113214,"quality":"OK","raw":2503.2,"sigma":61.09365745208917,"state":"IDLE","t":"2026-07-19T02:53:07.9306865Z","type":"sample"}
{"channel":"rr","display":9.972409666589103,"mu":10.406603246806394,"quality":"OK","raw":1370.9,"sigma":1.5,"state":"IDLE","t":"2026-07-19T02:53:07.9353513Z","type":"sample"}
{"channel":"rr","display":9.972409666589103,"mu":10.406603246806394,"quality":"OK","raw":1368.7,"sigma":1.5,"state":"IDLE","t":"2026-07-19T02:53:07.9746608Z","type":"sample"}
{"channel":"rr","display":9.972409666589103,"mu":10.406603246806394,"quality":"OK","raw":1363.6,"sigma":1.5,"state":"IDLE","t":"2026-07-19T02:53:08.0155513Z","type":"sample"}
{"channel":"gsr","display":2506.8,"mu":2519.2908090267647,"quality":"OK","raw":2506.8,"sigma":60.94716422958376,"state":"IDLE","t":"2026-07-19T02:53:08.0294942Z","type":"sample"}
{"channel":"rr","display":9.972409666589103,"mu":10.406603246806394,"quality":"OK","raw":1359.6,"sigma":1.5,"state":"IDLE","t":"2026-07-19T02:53:08.055352Z","type":"sample"}
{"channel":"rr","display":9.972409666589103,"mu":10.406603246806394,"quality":"OK","raw":1355.1,"sigma":1.5,"state":"IDLE","t":"2026-07-19T02:53:08.0954985Z","type":"sample"}
{"channel":"gsr","display":2507.1,"mu":2519.229854981631,"quality":"OK","raw":2507.1,"sigma":60.80068591075048,"state":"IDLE","t":"2026-07-19T02:53:08.1303653Z","type":"sample"}
{"channel":"rr","display":9.972409666589103,"mu":10.406603246806394,"quality":"OK","raw":1352.7,"sigma":1.5,"state":"IDLE","t":"2026-07-19T02:53:08.1355242Z","type":"sample"}
{"channel":"rr","display":9.972409666589103,"mu":10.406603246806394,"quality":"OK","raw":1345.6,"sigma":1.5,"state":"IDLE","t":"2026-07-19T02:53:08.1755945Z","type":"sample"}
{"channel":"rr","display":9.972409666589103,"mu":10.406603246806394,"quality":"OK","raw":1341.4,"sigma":1.5,"state":"IDLE","t":"2026-07-19T02:53:08.2155884Z","type":"sample"}
{"address":"/cue/p/start","args":null,"channel":"system","dir":"out","t":"2026-07-19T02:53:08.2209446Z","type":"osc"}
{"channel":"gsr","display":2507.8,"mu":2519.172705706723,"quality":"OK","raw":2507.8,"sigma":60.65385174963356,"state":"IDLE","t":"2026-07-19T02:53:08.2302034Z","type":"sample"}
{"address":"/cue/r1/start","args":null,"channel":"system","dir":"out","t":"2026-07-19T02:53:08.2307242Z","type":"osc"}
{"channel":"hr","display":70,"mu":67.60741800276207,"quality":"OK","raw":70,"sigma":3,"state":"IDLE","t":"2026-07-19T02:53:08.2462708Z","type":"sample"}
{"channel":"rr","display":9.972409666589103,"mu":10.406603246806394,"quality":"OK","raw":1334.5,"sigma":1.5,"state":"IDLE","t":"2026-07-19T02:53:08.2554165Z","type":"sample"}
{"channel":"rr","display":9.972409666589103,"mu":10.406603246806394,"quality":"OK","raw":1328.9,"sigma":1.5,"state":"IDLE","t":"2026-07-19T02:53:08.295556Z","type":"sample"}
{"channel":"gsr","display":2511.9,"mu":2519.1363421781894,"quality":"OK","raw":2511.9,"sigma":60.50420169163022,"state":"IDLE","t":"2026-07-19T02:53:08.330265Z","type":"sample"}
{"channel":"rr","display":9.972409666589103,"mu":10.406603246806394,"quality":"OK","raw":1320.2,"sigma":1.5,"state":"IDLE","t":"2026-07-19T02:53:08.3354903Z","type":"sample"}
{"address":"/cue/bpm070/start","args":null,"channel":"system","dir":"out","t":"2026-07-19T02:53:08.3386407Z","type":"osc"}
{"address":"/cue/g2/start","args":null,"channel":"system","dir":"out","t":"2026-07-19T02:53:08.3419281Z","type":"osc"}
{"channel":"rr","display":9.972409666589103,"mu":10.406603246806394,"quality":"OK","raw":1309.8,"sigma":1.5,"state":"IDLE","t":"2026-07-19T02:53:08.3747491Z","type":"sample"}
{"channel":"rr","display":9.972409666589103,"mu":10.406603246806394,"quality":"OK","raw":1302.5,"sigma":1.5,"state":"IDLE","t":"2026-07-19T02:53:08.4155679Z","type":"sample"}
{"channel":"gsr","display":2506.3,"mu":2519.0721604672985,"quality":"OK","raw":2506.3,"sigma":60.359542487831426,"state":"IDLE","t":"2026-07-19T02:53:08.4305398Z","type":"sample"}
{"channel":"rr","display":9.972409666589103,"mu":10.406603246806394,"quality":"OK","raw":1294.9,"sigma":1.5,"state":"IDLE","t":"2026-07-19T02:53:08.453157Z","type":"sample"}
{"channel":"rr","display":9.972409666589103,"mu":10.406603246806394,"quality":"OK","raw":1282.9,"sigma":1.5,"state":"IDLE","t":"2026-07-19T02:53:08.4934914Z","type":"sample"}
{"channel":"gsr","display":2506.7,"mu":2519.010299664962,"quality":"OK","raw":2506.7,"sigma":60.21477827334335,"state":"IDLE","t":"2026-07-19T02:53:08.5307655Z","type":"sample"}
{"channel":"rr","display":9.972409666589103,"mu":10.406603246806394,"quality":"OK","raw":1270.4,"sigma":1.5,"state":"IDLE","t":"2026-07-19T02:53:08.5346925Z","type":"sample"}
{"channel":"rr","display":9.972409666589103,"mu":10.406603246806394,"quality":"OK","raw":1263.7,"sigma":1.5,"state":"IDLE","t":"2026-07-19T02:53:08.5753334Z","type":"sample"}
{"channel":"rr","display":9.972409666589103,"mu":10.406603246806394,"quality":"OK","raw":1254.2,"sigma":1.5,"state":"IDLE","t":"2026-07-19T02:53:08.6151071Z","type":"sample"}
{"channel":"gsr","display":2509.9,"mu":2518.9647481666375,"quality":"OK","raw":2509.9,"sigma":60.067489857295435,"state":"IDLE","t":"2026-07-19T02:53:08.6304674Z","type":"sample"}
{"channel":"rr","display":9.972409666589103,"mu":10.406603246806394,"quality":"OK","raw":1244.9,"sigma":1.5,"state":"IDLE","t":"2026-07-19T02:53:08.6489774Z","type":"sample"}
{"channel":"rr","display":9.972409666589103,"mu":10.406603246806394,"quality":"OK","raw":1235.1,"sigma":1.5,"state":"IDLE","t":"2026-07-19T02:53:08.6955183Z","type":"sample"}
{"channel":"gsr","display":2505.7,"mu":2518.8984244258045,"quality":"OK","raw":2505.7,"sigma":59.924437335268586,"state":"IDLE","t":"2026-07-19T02:53:08.7307251Z","type":"sample"}
{"channel":"rr","display":9.972409666589103,"mu":10.406603246806394,"quality":"OK","raw":1221.6,"sigma":1.5,"state":"IDLE","t":"2026-07-19T02:53:08.7354342Z","type":"sample"}
{"channel":"hr","display":70,"mu":67.61938091274827,"quality":"OK","raw":70,"sigma":3,"state":"IDLE","t":"2026-07-19T02:53:08.746206Z","type":"sample"}
{"channel":"rr","display":9.972409666589103,"mu":10.406603246806394,"quality":"OK","raw":1209.8,"sigma":1.5,"state":"IDLE","t":"2026-07-19T02:53:08.7756728Z","type":"sample"}
{"channel":"rr","display":9.972409666589103,"mu":10.406603246806394,"quality":"OK","raw":1206.1,"sigma":1.5,"state":"IDLE","t":"2026-07-19T02:53:08.8155802Z","type":"sample"}
{"channel":"gsr","display":2509.6,"mu":2518.8519323036753,"quality":"OK","raw":2509.6,"sigma":59.778036442872406,"state":"IDLE","t":"2026-07-19T02:53:08.8298757Z","type":"sample"}
{"channel":"rr","display":9.972409666589103,"mu":10.406603246806394,"quality":"OK","raw":1202.9,"sigma":1.5,"state":"IDLE","t":"2026-07-19T02:53:08.8553491Z","type":"sample"}
{"channel":"rr","display":9.972409666589103,"mu":10.406603246806394,"quality":"OK","raw":1200,"sigma":1.5,"state":"IDLE","t":"2026-07-19T02:53:08.8955257Z","type":"sample"}
{"channel":"gsr","display":2505.3,"mu":2518.784172642157,"quality":"OK","raw":2505.3,"sigma":59.63606505911203,"state":"IDLE","t":"2026-07-19T02:53:08.9253534Z","type":"sample"}
{"channel":"rr","display":9.972409666589103,"mu":10.406603246806394,"quality":"OK","raw":1197.4,"sigma":1.5,"state":"IDLE","t":"2026-07-19T02:53:08.9355324Z","type":"sample"}
{"channel":"rr","display":9.972409666589103,"mu":10.406603246806394,"quality":"OK","raw":1194.1,"sigma":1.5,"state":"IDLE","t":"2026-07-19T02:53:08.9747882Z","type":"sample"}
{"channel":"rr","display":9.972409666589103,"mu":10.406603246806394,"quality":"OK","raw":1192.9,"sigma":1.5,"state":"IDLE","t":"2026-07-19T02:53:09.0155078Z","type":"sample"}
{"channel":"gsr","display":2505.9,"mu":2518.7197517789464,"quality":"OK","raw":2505.9,"sigma":59.49372919839298,"state":"IDLE","t":"2026-07-19T02:53:09.0304683Z","type":"sample"}
{"channel":"rr","display":9.972409666589103,"mu":10.406603246806394,"quality":"OK","raw":1187.7,"sigma":1.5,"state":"IDLE","t":"2026-07-19T02:53:09.0540578Z","type":"sample"}
{"address":"/cue/p/start","args":null,"channel":"system","dir":"out","t":"2026-07-19T02:53:09.065882Z","type":"osc"}
{"channel":"rr","display":9.972409666589103,"mu":10.406603246806394,"quality":"OK","raw":1183.4,"sigma":1.5,"state":"IDLE","t":"2026-07-19T02:53:09.0954998Z","type":"sample"}
{"channel":"gsr","display":2503.3,"mu":2518.6426530200515,"quality":"OK","raw":2503.3,"sigma":59.35477398127345,"state":"IDLE","t":"2026-07-19T02:53:09.1307122Z","type":"sample"}
{"channel":"rr","display":9.972409666589103,"mu":10.406603246806394,"quality":"OK","raw":1180.1,"sigma":1.5,"state":"IDLE","t":"2026-07-19T02:53:09.1354179Z","type":"sample"}
{"channel":"rr","display":9.972409666589103,"mu":10.406603246806394,"quality":"OK","raw":1172.8,"sigma":1.5,"state":"IDLE","t":"2026-07-19T02:53:09.1751508Z","type":"sample"}
{"channel":"rr","display":9.972409666589103,"mu":10.406603246806394,"quality":"OK","raw":1166.6,"sigma":1.5,"state":"IDLE","t":"2026-07-19T02:53:09.2136128Z","type":"sample"}
{"channel":"gsr","display":2503.4,"mu":2518.5664397549513,"quality":"OK","raw":2503.4,"sigma":59.21596180330002,"state":"IDLE","t":"2026-07-19T02:53:09.2305399Z","type":"sample"}
{"channel":"hr","display":69,"mu":67.62628400818453,"quality":"OK","raw":69,"sigma":3,"state":"IDLE","t":"2026-07-19T02:53:09.245875Z","type":"sample"}
{"channel":"rr","display":9.972409666589103,"mu":10.406603246806394,"quality":"OK","raw":1163.2,"sigma":1.5,"state":"IDLE","t":"2026-07-19T02:53:09.2554812Z","type":"sample"}
{"address":"/cue/r1/start","args":null,"channel":"system","dir":"out","t":"2026-07-19T02:53:09.256041Z","type":"osc"}
{"channel":"rr","display":9.972409666589103,"mu":10.406603246806394,"quality":"OK","raw":1158.8,"sigma":1.5,"state":"IDLE","t":"2026-07-19T02:53:09.2925044Z","type":"sample"}
{"channel":"gsr","display":2502.4,"mu":2518.4856075561765,"quality":"OK","raw":2502.4,"sigma":59.078741664458555,"state":"IDLE","t":"2026-07-19T02:53:09.3281914Z","type":"sample"}
{"channel":"rr","display":9.972409666589103,"mu":10.406603246806394,"quality":"OK","raw":1154.8,"sigma":1.5,"state":"IDLE","t":"2026-07-19T02:53:09.3355022Z","type":"sample"}
{"address":"/cue/bpm069/start","args":null,"channel":"system","dir":"out","t":"2026-07-19T02:53:09.358269Z","type":"osc"}
{"address":"/cue/g3/start","args":null,"channel":"system","dir":"out","t":"2026-07-19T02:53:09.3593087Z","type":"osc"}
{"channel":"rr","display":9.972409666589103,"mu":10.406603246806394,"quality":"OK","raw":1146.1,"sigma":1.5,"state":"IDLE","t":"2026-07-19T02:53:09.3748722Z","type":"sample"}
{"channel":"rr","display":9.972409666589103,"mu":10.406603246806394,"quality":"OK","raw":1144.6,"sigma":1.5,"state":"IDLE","t":"2026-07-19T02:53:09.413541Z","type":"sample"}
{"channel":"gsr","display":2502.7,"mu":2518.406679518396,"quality":"OK","raw":2502.7,"sigma":58.94137702384457,"state":"IDLE","t":"2026-07-19T02:53:09.4296618Z","type":"sample"}
{"channel":"rr","display":9.972409666589103,"mu":10.406603246806394,"quality":"OK","raw":1142.2,"sigma":1.5,"state":"IDLE","t":"2026-07-19T02:53:09.4550381Z","type":"sample"}
{"channel":"rr","display":9.972409666589103,"mu":10.406603246806394,"quality":"OK","raw":1140.3,"sigma":1.5,"state":"IDLE","t":"2026-07-19T02:53:09.4944579Z","type":"sample"}
{"channel":"gsr","display":2500.8,"mu":2518.318646120804,"quality":"OK","raw":2500.8,"sigma":58.80695300539625,"state":"IDLE","t":"2026-07-19T02:53:09.5258304Z","type":"sample"}
{"channel":"rr","display":9.972409666589103,"mu":10.406603246806394,"quality":"OK","raw":1139.4,"sigma":1.5,"state":"IDLE","t":"2026-07-19T02:53:09.5358763Z","type":"sample"}
{"channel":"rr","display":9.972409666589103,"mu":10.406603246806394,"quality":"OK","raw":1138.9,"sigma":1.5,"state":"IDLE","t":"2026-07-19T02:53:09.5748934Z","type":"sample"}
{"channel":"rr","display":9.972409666589103,"mu":10.406603246806394,"quality":"OK","raw":1137.8,"sigma":1.5,"state":"IDLE","t":"2026-07-19T02:53:09.6155364Z","type":"sample"}
{"channel":"gsr","display":2503.2,"mu":2518.2430528901996,"quality":"OK","raw":2503.2,"sigma":58.66944337673663,"state":"IDLE","t":"2026-07-19T02:53:09.6306489Z","type":"sample"}
{"channel":"rr","display":9.972409666589103,"mu":10.406603246806394,"quality":"OK","raw":1137,"sigma":1.5,"state":"IDLE","t":"2026-07-19T02:53:09.6505459Z","type":"sample"}
{"channel":"rr","display":9.972409666589103,"mu":10.406603246806394,"quality":"OK","raw":1137.2,"sigma":1.5,"state":"IDLE","t":"2026-07-19T02:53:09.6955379Z","type":"sample"}
{"channel":"gsr","display":2505.1,"mu":2518.177337625749,"quality":"OK","raw":2505.1,"sigma":58.52992780540411,"state":"IDLE","t":"2026-07-19T02:53:09.7261813Z","type":"sample"}
{"channel":"rr","display":9.972409666589103,"mu":10.406603246806394,"quality":"OK","raw":1136.6,"sigma":1.5,"state":"IDLE","t":"2026-07-19T02:53:09.7350827Z","type":"sample"}
{"channel":"hr","display":69,"mu":67.6331525881436,"quality":"OK","raw":69,"sigma":3,"state":"IDLE","t":"2026-07-19T02:53:09.7462905Z","type":"sample"}
{"channel":"rr","display":9.972409666589103,"mu":10.406603246806394,"quality":"OK","raw":1136.6,"sigma":1.5,"state":"IDLE","t":"2026-07-19T02:53:09.7756166Z","type":"sample"}
{"channel":"rr","display":9.972409666589103,"mu":10.406603246806394,"quality":"OK","raw":1137.8,"sigma":1.5,"state":"IDLE","t":"2026-07-19T02:53:09.815526Z","type":"sample"}
{"channel":"gsr","display":2501.8,"mu":2518.09545093762,"quality":"OK","raw":2501.8,"sigma":58.394846238089656,"state":"IDLE","t":"2026-07-19T02:53:09.830536Z","type":"sample"}
{"channel":"rr","display":9.972409666589103,"mu":10.406603246806394,"quality":"OK","raw":1135.8,"sigma":1.5,"state":"IDLE","t":"2026-07-19T02:53:09.8475099Z","type":"sample"}
{"channel":"rr","display":9.972409666589103,"mu":10.406603246806394,"quality":"OK","raw":1136.8,"sigma":1.5,"state":"IDLE","t":"2026-07-19T02:53:09.8955016Z","type":"sample"}
{"address":"/cue/p/start","args":null,"channel":"system","dir":"out","t":"2026-07-19T02:53:09.9247047Z","type":"osc"}
{"channel":"gsr","display":2496.5,"mu":2517.987473682932,"quality":"OK","raw":2496.5,"sigma":58.26858875288425,"state":"IDLE","t":"2026-07-19T02:53:09.9304373Z","type":"sample"}
{"channel":"rr","display":9.972409666589103,"mu":10.406603246806394,"quality":"OK","raw":1135.7,"sigma":1.5,"state":"IDLE","t":"2026-07-19T02:53:09.9350994Z","type":"sample"}
{"channel":"rr","display":9.972409666589103,"mu":10.406603246806394,"quality":"OK","raw":1136.9,"sigma":1.5,"state":"IDLE","t":"2026-07-19T02:53:09.9754445Z","type":"sample"}
{"channel":"rr","display":9.972409666589103,"mu":10.406603246806394,"quality":"OK","raw":1135.6,"sigma":1.5,"state":"IDLE","t":"2026-07-19T02:53:10.0133263Z","type":"sample"}
{"channel":"gsr","display":2501.2,"mu":2517.903536314517,"quality":"OK","raw":2501.2,"sigma":58.134794606654836,"state":"IDLE","t":"2026-07-19T02:53:10.0305014Z","type":"sample"}
{"channel":"rr","display":9.972409666589103,"mu":10.406603246806394,"quality":"OK","raw":1136.1,"sigma":1.5,"state":"IDLE","t":"2026-07-19T02:53:10.0552914Z","type":"sample"}
{"channel":"gsr","event":"state_change","from":"IDLE","t":"2026-07-19T02:53:10.0908707Z","to":"INTERROGATING","type":"event"}
{"channel":"gsr","event":"start_interrogate","mu":2517.903536314517,"sigma":58.134794606654836,"t":"2026-07-19T02:53:10.0908707Z","type":"event"}
{"channel":"hr","event":"state_change","from":"IDLE","t":"2026-07-19T02:53:10.0908707Z","to":"INTERROGATING","type":"event"}
{"channel":"hr","event":"start_interrogate","mu":67.6331525881436,"sigma":3,"t":"2026-07-19T02:53:10.0908707Z","type":"event"}
{"channel":"rr","event":"state_change","from":"IDLE","t":"2026-07-19T02:53:10.0908707Z","to":"INTERROGATING","type":"event"}
{"channel":"rr","event":"start_interrogate","mu":10.406603246806394,"sigma":1.5,"t":"2026-07-19T02:53:10.0908707Z","type":"event"}
{"channel":"rr","display":9.972409666589103,"mu":10.406603246806394,"quality":"OK","raw":1136.8,"sigma":1.5,"state":"INTERROGATING","t":"2026-07-19T02:53:10.095461Z","type":"sample"}
{"channel":"gsr","display":2501,"mu":2517.903536314517,"quality":"OK","raw":2501,"sigma":58.134794606654836,"state":"INTERROGATING","t":"2026-07-19T02:53:10.1302243Z","type":"sample"}
{"channel":"rr","display":9.972409666589103,"mu":10.406603246806394,"quality":"OK","raw":1136.4,"sigma":1.5,"state":"INTERROGATING","t":"2026-07-19T02:53:10.1353631Z","type":"sample"}
{"channel":"rr","display":9.972409666589103,"mu":10.406603246806394,"quality":"OK","raw":1138.3,"sigma":1.5,"state":"INTERROGATING","t":"2026-07-19T02:53:10.1749816Z","type":"sample"}
{"channel":"rr","display":9.972409666589103,"mu":10.406603246806394,"quality":"OK","raw":1137.9,"sigma":1.5,"state":"INTERROGATING","t":"2026-07-19T02:53:10.2155456Z","type":"sample"}
{"channel":"gsr","display":2504.2,"mu":2517.903536314517,"quality":"OK","raw":2504.2,"sigma":58.134794606654836,"state":"INTERROGATING","t":"2026-07-19T02:53:10.2306999Z","type":"sample"}
{"address":"/cue/r1/start","args":null,"channel":"system","dir":"out","t":"2026-07-19T02:53:10.2656692Z","type":"osc"}
{"channel":"hr","display":68,"mu":67.6331525881436,"quality":"OK","raw":68,"sigma":3,"state":"INTERROGATING","t":"2026-07-19T02:53:10.3167417Z","type":"sample"}
{"channel":"rr","display":9.972409666589103,"mu":10.406603246806394,"quality":"OK","raw":1136,"sigma":1.5,"state":"INTERROGATING","t":"2026-07-19T02:53:10.3215411Z","type":"sample"}
{"channel":"gsr","display":2488,"mu":2517.903536314517,"quality":"OK","raw":2488,"sigma":58.134794606654836,"state":"INTERROGATING","t":"2026-07-19T02:53:10.330208Z","type":"sample"}
{"channel":"rr","display":9.972409666589103,"mu":10.406603246806394,"quality":"OK","raw":1137.8,"sigma":1.5,"state":"INTERROGATING","t":"2026-07-19T02:53:10.3614282Z","type":"sample"}
{"address":"/cue/bpm068/start","args":null,"channel":"system","dir":"out","t":"2026-07-19T02:53:10.3695111Z","type":"osc"}
{"address":"/cue/g3/start","args":null,"channel":"system","dir":"out","t":"2026-07-19T02:53:10.3700517Z","type":"osc"}
{"channel":"rr","display":9.972409666589103,"mu":10.406603246806394,"quality":"OK","raw":1137.1,"sigma":1.5,"state":"INTERROGATING","t":"2026-07-19T02:53:10.4015604Z","type":"sample"}
{"channel":"gsr","display":2507.4,"mu":2517.903536314517,"quality":"OK","raw":2507.4,"sigma":58.134794606654836,"state":"INTERROGATING","t":"2026-07-19T02:53:10.4307376Z","type":"sample"}
{"channel":"rr","display":9.972409666589103,"mu":10.406603246806394,"quality":"OK","raw":1139,"sigma":1.5,"state":"INTERROGATING","t":"2026-07-19T02:53:10.4409704Z","type":"sample"}
{"channel":"rr","display":9.972409666589103,"mu":10.406603246806394,"quality":"OK","raw":1137.6,"sigma":1.5,"state":"INTERROGATING","t":"2026-07-19T02:53:10.4797915Z","type":"sample"}
{"channel":"rr","display":9.972409666589103,"mu":10.406603246806394,"quality":"OK","raw":1138.4,"sigma":1.5,"state":"INTERROGATING","t":"2026-07-19T02:53:10.5154054Z","type":"sample"}
{"channel":"gsr","display":2511.1,"mu":2517.903536314517,"quality":"OK","raw":2511.1,"sigma":58.134794606654836,"state":"INTERROGATING","t":"2026-07-19T02:53:10.5295123Z","type":"sample"}
{"channel":"rr","display":9.972409666589103,"mu":10.406603246806394,"quality":"OK","raw":1138.4,"sigma":1.5,"state":"INTERROGATING","t":"2026-07-19T02:53:10.5612346Z","type":"sample"}
{"channel":"rr","display":9.972409666589103,"mu":10.406603246806394,"quality":"OK","raw":1139.6,"sigma":1.5,"state":"INTERROGATING","t":"2026-07-19T02:53:10.6015341Z","type":"sample"}
{"channel":"gsr","display":2511.1,"mu":2517.903536314517,"quality":"OK","raw":2511.1,"sigma":58.134794606654836,"state":"INTERROGATING","t":"2026-07-19T02:53:10.6304706Z","type":"sample"}
{"channel":"rr","display":9.972409666589103,"mu":10.406603246806394,"quality":"OK","raw":1139.7,"sigma":1.5,"state":"INTERROGATING","t":"2026-07-19T02:53:10.6409652Z","type":"sample"}
{"channel":"rr","display":9.972409666589103,"mu":10.406603246806394,"quality":"OK","raw":1142.6,"sigma":1.5,"state":"INTERROGATING","t":"2026-07-19T02:53:10.6815196Z","type":"sample"}
{"channel":"rr","display":9.972409666589103,"mu":10.406603246806394,"quality":"OK","raw":1150.5,"sigma":1.5,"state":"INTERROGATING","t":"2026-07-19T02:53:10.7135309Z","type":"sample"}
{"channel":"gsr","display":2515.8,"mu":2517.903536314517,"quality":"OK","raw":2515.8,"sigma":58.134794606654836,"state":"INTERROGATING","t":"2026-07-19T02:53:10.730199Z","type":"sample"}
{"channel":"hr","display":68,"mu":67.6331525881436,"quality":"OK","raw":68,"sigma":3,"state":"INTERROGATING","t":"2026-07-19T02:53:10.7462907Z","type":"sample"}
{"channel":"rr","display":9.972409666589103,"mu":10.406603246806394,"quality":"OK","raw":1163.1,"sigma":1.5,"state":"INTERROGATING","t":"2026-07-19T02:53:10.7616078Z","type":"sample"}
{"address":"/cue/p/start","args":null,"channel":"system","dir":"out","t":"2026-07-19T02:53:10.7955102Z","type":"osc"}
{"channel":"rr","display":9.972409666589103,"mu":10.406603246806394,"quality":"OK","raw":1174.7,"sigma":1.5,"state":"INTERROGATING","t":"2026-07-19T02:53:10.8011982Z","type":"sample"}
{"channel":"gsr","display":2513.4,"mu":2517.903536314517,"quality":"OK","raw":2513.4,"sigma":58.134794606654836,"state":"INTERROGATING","t":"2026-07-19T02:53:10.8305073Z","type":"sample"}
{"channel":"rr","display":9.972409666589103,"mu":10.406603246806394,"quality":"OK","raw":1185.8,"sigma":1.5,"state":"INTERROGATING","t":"2026-07-19T02:53:10.8409547Z","type":"sample"}
{"channel":"rr","display":9.972409666589103,"mu":10.406603246806394,"quality":"OK","raw":1198,"sigma":1.5,"state":"INTERROGATING","t":"2026-07-19T02:53:10.881581Z","type":"sample"}
{"channel":"rr","display":9.972409666589103,"mu":10.406603246806394,"quality":"OK","raw":1207.8,"sigma":1.5,"state":"INTERROGATING","t":"2026-07-19T02:53:10.9213059Z","type":"sample"}
{"channel":"gsr","display":2516.6,"mu":2517.903536314517,"quality":"OK","raw":2516.6,"sigma":58.134794606654836,"state":"INTERROGATING","t":"2026-07-19T02:53:10.9306603Z","type":"sample"}
{"channel":"rr","display":10.055304172951232,"mu":10.406603246806394,"quality":"OK","raw":1217.1,"sigma":1.5,"state":"INTERROGATING","t":"2026-07-19T02:53:10.959643Z","type":"sample"}
{"channel":"rr","display":10.055304172951232,"mu":10.406603246806394,"quality":"OK","raw":1221.1,"sigma":1.5,"state":"INTERROGATING","t":"2026-07-19T02:53:10.9925368Z","type":"sample"}
{"channel":"gsr","display":2525.2,"mu":2517.903536314517,"quality":"OK","raw":2525.2,"sigma":58.134794606654836,"state":"INTERROGATING","t":"2026-07-19T02:53:11.030686Z","type":"sample"}
{"channel":"rr","display":10.055304172951232,"mu":10.406603246806394,"quality":"OK","raw":1221.1,"sigma":1.5,"state":"INTERROGATING","t":"2026-07-19T02:53:11.0409776Z","type":"sample"}
{"channel":"rr","display":10.055304172951232,"mu":10.406603246806394,"quality":"OK","raw":1221.8,"sigma":1.5,"state":"INTERROGATING","t":"2026-07-19T02:53:11.0814511Z","type":"sample"}
{"channel":"rr","display":10.055304172951232,"mu":10.406603246806394,"quality":"OK","raw":1221.2,"sigma":1.5,"state":"INTERROGATING","t":"2026-07-19T02:53:11.1198039Z","type":"sample"}
{"channel":"gsr","display":2528.9,"mu":2517.903536314517,"quality":"OK","raw":2528.9,"sigma":58.134794606654836,"state":"INTERROGATING","t":"2026-07-19T02:53:11.1299011Z","type":"sample"}
{"channel":"rr","display":10.055304172951232,"mu":10.406603246806394,"quality":"OK","raw":1222.8,"sigma":1.5,"state":"INTERROGATING","t":"2026-07-19T02:53:11.1615243Z","type":"sample"}
{"channel":"rr","display":10.055304172951232,"mu":10.406603246806394,"quality":"OK","raw":1220.9,"sigma":1.5,"state":"INTERROGATING","t":"2026-07-19T02:53:11.2010786Z","type":"sample"}
{"channel":"gsr","display":2537,"mu":2517.903536314517,"quality":"OK","raw":2537,"sigma":58.134794606654836,"state":"INTERROGATING","t":"2026-07-19T02:53:11.2305269Z","type":"sample"}
{"channel":"rr","display":10.055304172951232,"mu":10.406603246806394,"quality":"OK","raw":1221.6,"sigma":1.5,"state":"INTERROGATING","t":"2026-07-19T02:53:11.2414454Z","type":"sample"}
{"channel":"hr","display":68,"mu":67.6331525881436,"quality":"OK","raw":68,"sigma":3,"state":"INTERROGATING","t":"2026-07-19T02:53:11.2461836Z","type":"sample"}
{"address":"/cue/r1/start","args":null,"channel":"system","dir":"out","t":"2026-07-19T02:53:11.2770208Z","type":"osc"}
{"channel":"rr","display":10.055304172951232,"mu":10.406603246806394,"quality":"OK","raw":1221.7,"sigma":1.5,"state":"INTERROGATING","t":"2026-07-19T02:53:11.2815339Z","type":"sample"}
{"channel":"rr","display":10.055304172951232,"mu":10.406603246806394,"quality":"OK","raw":1220.6,"sigma":1.5,"state":"INTERROGATING","t":"2026-07-19T02:53:11.3156474Z","type":"sample"}
{"channel":"gsr","display":2537.2,"mu":2517.903536314517,"quality":"OK","raw":2537.2,"sigma":58.134794606654836,"state":"INTERROGATING","t":"2026-07-19T02:53:11.3305908Z","type":"sample"}
{"channel":"rr","display":10.055304172951232,"mu":10.406603246806394,"quality":"OK","raw":1223.3,"sigma":1.5,"state":"INTERROGATING","t":"2026-07-19T02:53:11.3613226Z","type":"sample"}
{"address":"/cue/bpm068/start","args":null,"channel":"system","dir":"out","t":"2026-07-19T02:53:11.3812125Z","type":"osc"}
{"address":"/cue/g1/start","args":null,"channel":"system","dir":"out","t":"2026-07-19T02:53:11.3822513Z","type":"osc"}
{"channel":"rr","display":10.055304172951232,"mu":10.406603246806394,"quality":"OK","raw":1220.6,"sigma":1.5,"state":"INTERROGATING","t":"2026-07-19T02:53:11.4014426Z","type":"sample"}
{"channel":"gsr","display":2533,"mu":2517.903536314517,"quality":"OK","raw":2533,"sigma":58.134794606654836,"state":"INTERROGATING","t":"2026-07-19T02:53:11.4306401Z","type":"sample"}
{"channel":"rr","display":10.055304172951232,"mu":10.406603246806394,"quality":"OK","raw":1223.6,"sigma":1.5,"state":"INTERROGATING","t":"2026-07-19T02:53:11.4410034Z","type":"sample"}
{"channel":"rr","display":10.055304172951232,"mu":10.406603246806394,"quality":"OK","raw":1222.8,"sigma":1.5,"state":"INTERROGATING","t":"2026-07-19T02:53:11.4772812Z","type":"sample"}
{"channel":"rr","display":10.055304172951232,"mu":10.406603246806394,"quality":"OK","raw":1219.2,"sigma":1.5,"state":"INTERROGATING","t":"2026-07-19T02:53:11.5136151Z","type":"sample"}
{"channel":"gsr","display":2528.5,"mu":2517.903536314517,"quality":"OK","raw":2528.5,"sigma":58.134794606654836,"state":"INTERROGATING","t":"2026-07-19T02:53:11.5305543Z","type":"sample"}
{"channel":"rr","display":10.055304172951232,"mu":10.406603246806394,"quality":"OK","raw":1219.5,"sigma":1.5,"state":"INTERROGATING","t":"2026-07-19T02:53:11.5594693Z","type":"sample"}
{"channel":"rr","display":10.055304172951232,"mu":10.406603246806394,"quality":"OK","raw":1221.4,"sigma":1.5,"state":"INTERROGATING","t":"2026-07-19T02:53:11.5925504Z","type":"sample"}
{"channel":"gsr","display":2532.5,"mu":2517.903536314517,"quality":"OK","raw":2532.5,"sigma":58.134794606654836,"state":"INTERROGATING","t":"2026-07-19T02:53:11.6293053Z","type":"sample"}
{"channel":"rr","display":10.055304172951232,"mu":10.406603246806394,"quality":"OK","raw":1221.7,"sigma":1.5,"state":"INTERROGATING","t":"2026-07-19T02:53:11.6410154Z","type":"sample"}
{"address":"/cue/p/start","args":null,"channel":"system","dir":"out","t":"2026-07-19T02:53:11.6792503Z","type":"osc"}
{"channel":"rr","display":10.055304172951232,"mu":10.406603246806394,"quality":"OK","raw":1220,"sigma":1.5,"state":"INTERROGATING","t":"2026-07-19T02:53:11.6809882Z","type":"sample"}
{"channel":"rr","display":10.055304172951232,"mu":10.406603246806394,"quality":"OK","raw":1219.4,"sigma":1.5,"state":"INTERROGATING","t":"2026-07-19T02:53:11.713942Z","type":"sample"}
{"channel":"gsr","display":2530.9,"mu":2517.903536314517,"quality":"OK","raw":2530.9,"sigma":58.134794606654836,"state":"INTERROGATING","t":"2026-07-19T02:53:11.7305104Z","type":"sample"}
{"channel":"hr","display":67,"mu":67.6331525881436,"quality":"OK","raw":67,"sigma":3,"state":"INTERROGATING","t":"2026-07-19T02:53:11.746346Z","type":"sample"}
{"channel":"rr","display":10.055304172951232,"mu":10.406603246806394,"quality":"OK","raw":1220.7,"sigma":1.5,"state":"INTERROGATING","t":"2026-07-19T02:53:11.7616547Z","type":"sample"}
{"channel":"rr","display":10.055304172951232,"mu":10.406603246806394,"quality":"OK","raw":1219.4,"sigma":1.5,"state":"INTERROGATING","t":"2026-07-19T02:53:11.8014988Z","type":"sample"}
{"channel":"gsr","display":2528.8,"mu":2517.903536314517,"quality":"OK","raw":2528.8,"sigma":58.134794606654836,"state":"INTERROGATING","t":"2026-07-19T02:53:11.8306374Z","type":"sample"}
{"channel":"rr","display":10.055304172951232,"mu":10.406603246806394,"quality":"OK","raw":1221.2,"sigma":1.5,"state":"INTERROGATING","t":"2026-07-19T02:53:11.8411348Z","type":"sample"}
{"channel":"rr","display":10.055304172951232,"mu":10.406603246806394,"quality":"OK","raw":1218.4,"sigma":1.5,"state":"INTERROGATING","t":"2026-07-19T02:53:11.8755082Z","type":"sample"}
{"channel":"rr","display":10.055304172951232,"mu":10.406603246806394,"quality":"OK","raw":1219.3,"sigma":1.5,"state":"INTERROGATING","t":"2026-07-19T02:53:11.9208266Z","type":"sample"}
{"channel":"gsr","display":2531.8,"mu":2517.903536314517,"quality":"OK","raw":2531.8,"sigma":58.134794606654836,"state":"INTERROGATING","t":"2026-07-19T02:53:11.9293056Z","type":"sample"}
{"channel":"rr","display":10.055304172951232,"mu":10.406603246806394,"quality":"OK","raw":1217.8,"sigma":1.5,"state":"INTERROGATING","t":"2026-07-19T02:53:11.9615409Z","type":"sample"}
{"channel":"rr","display":10.055304172951232,"mu":10.406603246806394,"quality":"OK","raw":1217,"sigma":1.5,"state":"INTERROGATING","t":"2026-07-19T02:53:12.001415Z","type":"sample"}
{"channel":"gsr","display":2534.1,"mu":2517.903536314517,"quality":"OK","raw":2534.1,"sigma":58.134794606654836,"state":"INTERROGATING","t":"2026-07-19T02:53:12.0294382Z","type":"sample"}
{"channel":"rr","display":10.055304172951232,"mu":10.406603246806394,"quality":"OK","raw":1217.2,"sigma":1.5,"state":"INTERROGATING","t":"2026-07-19T02:53:12.0414229Z","type":"sample"}
{"channel":"rr","display":10.055304172951232,"mu":10.406603246806394,"quality":"OK","raw":1216.9,"sigma":1.5,"state":"INTERROGATING","t":"2026-07-19T02:53:12.0815271Z","type":"sample"}
{"channel":"rr","display":10.055304172951232,"mu":10.406603246806394,"quality":"OK","raw":1214.1,"sigma":1.5,"state":"INTERROGATING","t":"2026-07-19T02:53:12.1158018Z","type":"sample"}
{"channel":"gsr","display":2532.5,"mu":2517.903536314517,"quality":"OK","raw":2532.5,"sigma":58.134794606654836,"state":"INTERROGATING","t":"2026-07-19T02:53:12.1300015Z","type":"sample"}
{"channel":"rr","display":10.055304172951232,"mu":10.406603246806394,"quality":"OK","raw":1214,"sigma":1.5,"state":"INTERROGATING","t":"2026-07-19T02:53:12.161104Z","type":"sample"}
{"channel":"rr","display":10.055304172951232,"mu":10.406603246806394,"quality":"OK","raw":1212.8,"sigma":1.5,"state":"INTERROGATING","t":"2026-07-19T02:53:12.1975537Z","type":"sample"}
{"channel":"gsr","display":2531.8,"mu":2517.903536314517,"quality":"OK","raw":2531.8,"sigma":58.134794606654836,"state":"INTERROGATING","t":"2026-07-19T02:53:12.2306551Z","type":"sample"}
{"channel":"rr","display":10.055304172951232,"mu":10.406603246806394,"quality":"OK","raw":1213,"sigma":1.5,"state":"INTERROGATING","t":"2026-07-19T02:53:12.2411056Z","type":"sample"}
{"channel":"hr","display":67,"mu":67.6331525881436,"quality":"OK","raw":67,"sigma":3,"state":"INTERROGATING","t":"2026-07-19T02:53:12.24608Z","type":"sample"}
{"channel":"rr","display":10.055304172951232,"mu":10.406603246806394,"quality":"OK","raw":1211.8,"sigma":1.5,"state":"INTERROGATING","t":"2026-07-19T02:53:12.281608Z","type":"sample"}
{"address":"/cue/r1/start","args":null,"channel":"system","dir":"out","t":"2026-07-19T02:53:12.2973934Z","type":"osc"}
{"channel":"rr","display":10.055304172951232,"mu":10.406603246806394,"quality":"OK","raw":1211,"sigma":1.5,"state":"INTERROGATING","t":"2026-07-19T02:53:12.3178342Z","type":"sample"}
{"channel":"gsr","display":2539.8,"mu":2517.903536314517,"quality":"OK","raw":2539.8,"sigma":58.134794606654836,"state":"INTERROGATING","t":"2026-07-19T02:53:12.3304987Z","type":"sample"}
{"channel":"rr","display":10.055304172951232,"mu":10.406603246806394,"quality":"OK","raw":1210.5,"sigma":1.5,"state":"INTERROGATING","t":"2026-07-19T02:53:12.3612151Z","type":"sample"}
{"address":"/cue/bpm067/start","args":null,"channel":"system","dir":"out","t":"2026-07-19T02:53:12.3986573Z","type":"osc"}
{"address":"/cue/g1/start","args":null,"channel":"system","dir":"out","t":"2026-07-19T02:53:12.3996819Z","type":"osc"}
{"channel":"rr","display":10.055304172951232,"mu":10.406603246806394,"quality":"OK","raw":1210.1,"sigma":1.5,"state":"INTERROGATING","t":"2026-07-19T02:53:12.4012114Z","type":"sample"}
{"channel":"gsr","display":2537.4,"mu":2517.903536314517,"quality":"OK","raw":2537.4,"sigma":58.134794606654836,"state":"INTERROGATING","t":"2026-07-19T02:53:12.4292789Z","type":"sample"}
{"channel":"rr","display":10.055304172951232,"mu":10.406603246806394,"quality":"OK","raw":1209.4,"sigma":1.5,"state":"INTERROGATING","t":"2026-07-19T02:53:12.4411884Z","type":"sample"}
{"channel":"rr","display":10.055304172951232,"mu":10.406603246806394,"quality":"OK","raw":1210.2,"sigma":1.5,"state":"INTERROGATING","t":"2026-07-19T02:53:12.4815558Z","type":"sample"}
{"channel":"rr","display":10.055304172951232,"mu":10.406603246806394,"quality":"OK","raw":1208.4,"sigma":1.5,"state":"INTERROGATING","t":"2026-07-19T02:53:12.5137379Z","type":"sample"}
{"channel":"gsr","display":2538.4,"mu":2517.903536314517,"quality":"OK","raw":2538.4,"sigma":58.134794606654836,"state":"INTERROGATING","t":"2026-07-19T02:53:12.5290346Z","type":"sample"}
{"address":"/cue/p/start","args":null,"channel":"system","dir":"out","t":"2026-07-19T02:53:12.5611407Z","type":"osc"}
{"channel":"rr","display":10.055304172951232,"mu":10.406603246806394,"quality":"OK","raw":1209.4,"sigma":1.5,"state":"INTERROGATING","t":"2026-07-19T02:53:12.5611407Z","type":"sample"}
{"channel":"rr","display":10.055304172951232,"mu":10.406603246806394,"quality":"OK","raw":1207.5,"sigma":1.5,"state":"INTERROGATING","t":"2026-07-19T02:53:12.6002779Z","type":"sample"}
{"channel":"gsr","display":2538.4,"mu":2517.903536314517,"quality":"OK","raw":2538.4,"sigma":58.134794606654836,"state":"INTERROGATING","t":"2026-07-19T02:53:12.630594Z","type":"sample"}
{"channel":"rr","display":10.055304172951232,"mu":10.406603246806394,"quality":"OK","raw":1209.8,"sigma":1.5,"state":"INTERROGATING","t":"2026-07-19T02:53:12.6411437Z","type":"sample"}
{"channel":"rr","display":10.055304172951232,"mu":10.406603246806394,"quality":"OK","raw":1210.1,"sigma":1.5,"state":"INTERROGATING","t":"2026-07-19T02:53:12.6762317Z","type":"sample"}
{"channel":"rr","display":10.055304172951232,"mu":10.406603246806394,"quality":"OK","raw":1209.1,"sigma":1.5,"state":"INTERROGATING","t":"2026-07-19T02:53:12.7196305Z","type":"sample"}
{"channel":"gsr","display":2532.8,"mu":2517.903536314517,"quality":"OK","raw":2532.8,"sigma":58.134794606654836,"state":"INTERROGATING","t":"2026-07-19T02:53:12.729794Z","type":"sample"}
{"channel":"hr","display":66,"mu":67.6331525881436,"quality":"OK","raw":66,"sigma":3,"state":"INTERROGATING","t":"2026-07-19T02:53:12.7459281Z","type":"sample"}
{"channel":"rr","display":10.055304172951232,"mu":10.406603246806394,"quality":"OK","raw":1209,"sigma":1.5,"state":"INTERROGATING","t":"2026-07-19T02:53:12.7615937Z","type":"sample"}
{"channel":"rr","display":10.055304172951232,"mu":10.406603246806394,"quality":"OK","raw":1208.9,"sigma":1.5,"state":"INTERROGATING","t":"2026-07-19T02:53:12.8012454Z","type":"sample"}
{"channel":"gsr","display":2531.9,"mu":2517.903536314517,"quality":"OK","raw":2531.9,"sigma":58.134794606654836,"state":"INTERROGATING","t":"2026-07-19T02:53:12.8306447Z","type":"sample"}
{"channel":"rr","display":10.055304172951232,"mu":10.406603246806394,"quality":"OK","raw":1209.3,"sigma":1.5,"state":"INTERROGATING","t":"2026-07-19T02:53:12.841418Z","type":"sample"}
{"channel":"rr","display":10.055304172951232,"mu":10.406603246806394,"quality":"OK","raw":1209.1,"sigma":1.5,"state":"INTERROGATING","t":"2026-07-19T02:53:12.8815027Z","type":"sample"}
{"channel":"rr","display":10.055304172951232,"mu":10.406603246806394,"quality":"OK","raw":1209.2,"sigma":1.5,"state":"INTERROGATING","t":"2026-07-19T02:53:12.9159298Z","type":"sample"}
{"channel":"gsr","display":2536.2,"mu":2517.903536314517,"quality":"OK","raw":2536.2,"sigma":58.134794606654836,"state":"INTERROGATING","t":"2026-07-19T02:53:12.9306136Z","type":"sample"}
{"channel":"rr","display":10.055304172951232,"mu":10.406603246806394,"quality":"OK","raw":1209.6,"sigma":1.5,"state":"INTERROGATING","t":"2026-07-19T02:53:12.9614929Z","type":"sample"}
{"channel":"rr","display":10.055304172951232,"mu":10.406603246806394,"quality":"OK","raw":1208.5,"sigma":1.5,"state":"INTERROGATING","t":"2026-07-19T02:53:13.0014866Z","type":"sample"}
{"channel":"gsr","display":2529.4,"mu":2517.903536314517,"quality":"OK","raw":2529.4,"sigma":58.134794606654836,"state":"INTERROGATING","t":"2026-07-19T02:53:13.0303707Z","type":"sample"}
{"channel":"rr","display":10.055304172951232,"mu":10.406603246806394,"quality":"OK","raw":1210.1,"sigma":1.5,"state":"INTERROGATING","t":"2026-07-19T02:53:13.0412139Z","type":"sample"}
{"channel":"rr","display":10.055304172951232,"mu":10.406603246806394,"quality":"OK","raw":1209.4,"sigma":1.5,"state":"INTERROGATING","t":"2026-07-19T02:53:13.0795193Z","type":"sample"}
{"channel":"rr","display":10.055304172951232,"mu":10.406603246806394,"quality":"OK","raw":1208.9,"sigma":1.5,"state":"INTERROGATING","t":"2026-07-19T02:53:13.1136513Z","type":"sample"}
{"channel":"gsr","display":2528.9,"mu":2517.903536314517,"quality":"OK","raw":2528.9,"sigma":58.134794606654836,"state":"INTERROGATING","t":"2026-07-19T02:53:13.1304446Z","type":"sample"}
{"channel":"rr","display":10.055304172951232,"mu":10.406603246806394,"quality":"OK","raw":1209.4,"sigma":1.5,"state":"INTERROGATING","t":"2026-07-19T02:53:13.1613104Z","type":"sample"}
{"L":0,"channel":"gsr","n":31,"t":"2026-07-19T02:53:13.1763403Z","type":"scored","z":0}
{"channel":"gsr","event":"state_change","from":"INTERROGATING","t":"2026-07-19T02:53:13.1763403Z","to":"COOLDOWN","type":"event"}
{"L":0,"channel":"hr","n":6,"t":"2026-07-19T02:53:13.1763403Z","type":"scored","z":0}
{"channel":"hr","event":"state_change","from":"INTERROGATING","t":"2026-07-19T02:53:13.1769247Z","to":"COOLDOWN","type":"event"}
{"L":0,"channel":"rr","n":1,"t":"2026-07-19T02:53:13.1769247Z","type":"scored","z":0}
{"channel":"rr","event":"state_change","from":"INTERROGATING","t":"2026-07-19T02:53:13.1769247Z","to":"COOLDOWN","type":"event"}
{"channel":"rr","display":10.055304172951232,"mu":10.406603246806394,"quality":"OK","raw":1208.6,"sigma":1.5,"state":"COOLDOWN","t":"2026-07-19T02:53:13.2009953Z","type":"sample"}
{"address":"/cue/l1/start","args":null,"channel":"system","dir":"out","t":"2026-07-19T02:53:13.21635Z","type":"osc"}
{"channel":"gsr","display":2518.3,"mu":2517.903536314517,"quality":"OK","raw":2518.3,"sigma":58.134794606654836,"state":"COOLDOWN","t":"2026-07-19T02:53:13.2292439Z","type":"sample"}
{"channel":"rr","display":10.055304172951232,"mu":10.406603246806394,"quality":"OK","raw":1209.2,"sigma":1.5,"state":"COOLDOWN","t":"2026-07-19T02:53:13.2411939Z","type":"sample"}
{"channel":"hr","display":66,"mu":67.6331525881436,"quality":"OK","raw":66,"sigma":3,"state":"COOLDOWN","t":"2026-07-19T02:53:13.2462706Z","type":"sample"}
{"channel":"rr","display":10.055304172951232,"mu":10.406603246806394,"quality":"OK","raw":1209.9,"sigma":1.5,"state":"COOLDOWN","t":"2026-07-19T02:53:13.2816254Z","type":"sample"}
{"address":"/cue/r1/start","args":null,"channel":"system","dir":"out","t":"2026-07-19T02:53:13.3189715Z","type":"osc"}
{"channel":"rr","display":10.055304172951232,"mu":10.406603246806394,"quality":"OK","raw":1208.2,"sigma":1.5,"state":"COOLDOWN","t":"2026-07-19T02:53:13.3212049Z","type":"sample"}
{"channel":"gsr","display":2515.2,"mu":2517.903536314517,"quality":"OK","raw":2515.2,"sigma":58.134794606654836,"state":"COOLDOWN","t":"2026-07-19T02:53:13.3304784Z","type":"sample"}
{"channel":"rr","display":10.055304172951232,"mu":10.406603246806394,"quality":"OK","raw":1209.6,"sigma":1.5,"state":"COOLDOWN","t":"2026-07-19T02:53:13.3614553Z","type":"sample"}
{"channel":"rr","display":10.055304172951232,"mu":10.406603246806394,"quality":"OK","raw":1209.7,"sigma":1.5,"state":"COOLDOWN","t":"2026-07-19T02:53:13.394118Z","type":"sample"}
{"address":"/cue/bpm066/start","args":null,"channel":"system","dir":"out","t":"2026-07-19T02:53:13.4201567Z","type":"osc"}
{"address":"/cue/g1/start","args":null,"channel":"system","dir":"out","t":"2026-07-19T02:53:13.4211814Z","type":"osc"}
{"channel":"gsr","display":2506.1,"mu":2517.903536314517,"quality":"OK","raw":2506.1,"sigma":58.134794606654836,"state":"COOLDOWN","t":"2026-07-19T02:53:13.4303545Z","type":"sample"}
{"channel":"rr","display":10.055304172951232,"mu":10.406603246806394,"quality":"OK","raw":1209.4,"sigma":1.5,"state":"COOLDOWN","t":"2026-07-19T02:53:13.4431505Z","type":"sample"}
{"address":"/cue/p/start","args":null,"channel":"system","dir":"out","t":"2026-07-19T02:53:13.4578689Z","type":"osc"}
{"channel":"rr","display":10.055304172951232,"mu":10.406603246806394,"quality":"OK","raw":1209.9,"sigma":1.5,"state":"COOLDOWN","t":"2026-07-19T02:53:13.481478Z","type":"sample"}
{"channel":"rr","display":10.055304172951232,"mu":10.406603246806394,"quality":"OK","raw":1209.1,"sigma":1.5,"state":"COOLDOWN","t":"2026-07-19T02:53:13.5200898Z","type":"sample"}
{"channel":"gsr","display":2498.2,"mu":2517.903536314517,"quality":"OK","raw":2498.2,"sigma":58.134794606654836,"state":"COOLDOWN","t":"2026-07-19T02:53:13.5293748Z","type":"sample"}
{"channel":"rr","display":10.055304172951232,"mu":10.406603246806394,"quality":"OK","raw":1209.8,"sigma":1.5,"state":"COOLDOWN","t":"2026-07-19T02:53:13.5616283Z","type":"sample"}
{"channel":"rr","display":10.055304172951232,"mu":10.406603246806394,"quality":"OK","raw":1209.9,"sigma":1.5,"state":"COOLDOWN","t":"2026-07-19T02:53:13.6015225Z","type":"sample"}
{"channel":"gsr","display":2487.7,"mu":2517.903536314517,"quality":"OK","raw":2487.7,"sigma":58.134794606654836,"state":"COOLDOWN","t":"2026-07-19T02:53:13.6286168Z","type":"sample"}
{"channel":"rr","display":10.055304172951232,"mu":10.406603246806394,"quality":"OK","raw":1209.1,"sigma":1.5,"state":"COOLDOWN","t":"2026-07-19T02:53:13.64125Z","type":"sample"}
{"channel":"rr","display":10.055304172951232,"mu":10.406603246806394,"quality":"OK","raw":1209.6,"sigma":1.5,"state":"COOLDOWN","t":"2026-07-19T02:53:13.6762713Z","type":"sample"}
{"channel":"rr","display":10.055304172951232,"mu":10.406603246806394,"quality":"OK","raw":1208.8,"sigma":1.5,"state":"COOLDOWN","t":"2026-07-19T02:53:13.7153813Z","type":"sample"}
{"channel":"gsr","display":2479.2,"mu":2517.903536314517,"quality":"OK","raw":2479.2,"sigma":58.134794606654836,"state":"COOLDOWN","t":"2026-07-19T02:53:13.7305376Z","type":"sample"}
{"channel":"hr","display":65,"mu":67.6331525881436,"quality":"OK","raw":65,"sigma":3,"state":"COOLDOWN","t":"2026-07-19T02:53:13.7463215Z","type":"sample"}
{"channel":"rr","display":10.055304172951232,"mu":10.406603246806394,"quality":"OK","raw":1209.6,"sigma":1.5,"state":"COOLDOWN","t":"2026-07-19T02:53:13.7615041Z","type":"sample"}
{"channel":"rr","display":10.055304172951232,"mu":10.406603246806394,"quality":"OK","raw":1208.1,"sigma":1.5,"state":"COOLDOWN","t":"2026-07-19T02:53:13.7970786Z","type":"sample"}
{"channel":"gsr","display":2470,"mu":2517.903536314517,"quality":"OK","raw":2470,"sigma":58.134794606654836,"state":"COOLDOWN","t":"2026-07-19T02:53:13.8302581Z","type":"sample"}
{"channel":"rr","display":10.055304172951232,"mu":10.406603246806394,"quality":"OK","raw":1208.3,"sigma":1.5,"state":"COOLDOWN","t":"2026-07-19T02:53:13.841256Z","type":"sample"}
{"channel":"rr","display":10.055304172951232,"mu":10.406603246806394,"quality":"OK","raw":1209.3,"sigma":1.5,"state":"COOLDOWN","t":"2026-07-19T02:53:13.8782096Z","type":"sample"}
{"channel":"rr","display":10.055304172951232,"mu":10.406603246806394,"quality":"OK","raw":1208.8,"sigma":1.5,"state":"COOLDOWN","t":"2026-07-19T02:53:13.9212268Z","type":"sample"}
{"channel":"gsr","display":2462.5,"mu":2517.903536314517,"quality":"OK","raw":2462.5,"sigma":58.134794606654836,"state":"COOLDOWN","t":"2026-07-19T02:53:13.9304893Z","type":"sample"}
{"channel":"rr","display":10.055304172951232,"mu":10.406603246806394,"quality":"OK","raw":1208.9,"sigma":1.5,"state":"COOLDOWN","t":"2026-07-19T02:53:13.9591524Z","type":"sample"}
{"channel":"rr","display":10.055304172951232,"mu":10.406603246806394,"quality":"OK","raw":1208.7,"sigma":1.5,"state":"COOLDOWN","t":"2026-07-19T02:53:13.9923025Z","type":"sample"}
{"channel":"gsr","display":2454.9,"mu":2517.903536314517,"quality":"OK","raw":2454.9,"sigma":58.134794606654836,"state":"COOLDOWN","t":"2026-07-19T02:53:14.0306382Z","type":"sample"}
{"channel":"rr","display":10.055304172951232,"mu":10.406603246806394,"quality":"OK","raw":1208.8,"sigma":1.5,"state":"COOLDOWN","t":"2026-07-19T02:53:14.0413119Z","type":"sample"}
{"channel":"rr","display":10.055304172951232,"mu":10.406603246806394,"quality":"OK","raw":1209.2,"sigma":1.5,"state":"COOLDOWN","t":"2026-07-19T02:53:14.0803572Z","type":"sample"}
{"channel":"rr","display":10.055304172951232,"mu":10.406603246806394,"quality":"OK","raw":1209.1,"sigma":1.5,"state":"COOLDOWN","t":"2026-07-19T02:53:14.120466Z","type":"sample"}
{"channel":"gsr","display":2449.5,"mu":2517.903536314517,"quality":"OK","raw":2449.5,"sigma":58.134794606654836,"state":"COOLDOWN","t":"2026-07-19T02:53:14.1305745Z","type":"sample"}
{"channel":"rr","display":10.055304172951232,"mu":10.406603246806394,"quality":"OK","raw":1208.9,"sigma":1.5,"state":"COOLDOWN","t":"2026-07-19T02:53:14.1614919Z","type":"sample"}
{"channel":"rr","display":10.055304172951232,"mu":10.406603246806394,"quality":"OK","raw":1209.4,"sigma":1.5,"state":"COOLDOWN","t":"2026-07-19T02:53:14.2015166Z","type":"sample"}
{"channel":"gsr","display":2438.7,"mu":2517.903536314517,"quality":"OK","raw":2438.7,"sigma":58.134794606654836,"state":"COOLDOWN","t":"2026-07-19T02:53:14.2307981Z","type":"sample"}
{"channel":"rr","display":10.055304172951232,"mu":10.406603246806394,"quality":"OK","raw":1209.8,"sigma":1.5,"state":"COOLDOWN","t":"2026-07-19T02:53:14.2412835Z","type":"sample"}
{"channel":"hr","display":65,"mu":67.6331525881436,"quality":"OK","raw":65,"sigma":3,"state":"COOLDOWN","t":"2026-07-19T02:53:14.2461822Z","type":"sample"}
{"channel":"rr","display":10.055304172951232,"mu":10.406603246806394,"quality":"OK","raw":1209.4,"sigma":1.5,"state":"COOLDOWN","t":"2026-07-19T02:53:14.2802755Z","type":"sample"}
{"channel":"rr","display":10.055304172951232,"mu":10.406603246806394,"quality":"OK","raw":1209,"sigma":1.5,"state":"COOLDOWN","t":"2026-07-19T02:53:14.3194701Z","type":"sample"}
{"channel":"gsr","display":2430.2,"mu":2517.903536314517,"quality":"OK","raw":2430.2,"sigma":58.134794606654836,"state":"COOLDOWN","t":"2026-07-19T02:53:14.3300508Z","type":"sample"}
{"address":"/cue/r1/start","args":null,"channel":"system","dir":"out","t":"2026-07-19T02:53:14.3378465Z","type":"osc"}
{"channel":"rr","display":10.055304172951232,"mu":10.406603246806394,"quality":"OK","raw":1210.2,"sigma":1.5,"state":"COOLDOWN","t":"2026-07-19T02:53:14.3614749Z","type":"sample"}
{"address":"/cue/p/start","args":null,"channel":"system","dir":"out","t":"2026-07-19T02:53:14.3680081Z","type":"osc"}
{"channel":"rr","display":10.055304172951232,"mu":10.406603246806394,"quality":"OK","raw":1209.7,"sigma":1.5,"state":"COOLDOWN","t":"2026-07-19T02:53:14.4011435Z","type":"sample"}
{"channel":"gsr","display":2424.2,"mu":2517.903536314517,"quality":"OK","raw":2424.2,"sigma":58.134794606654836,"state":"COOLDOWN","t":"2026-07-19T02:53:14.4263639Z","type":"sample"}
{"address":"/cue/bpm065/start","args":null,"channel":"system","dir":"out","t":"2026-07-19T02:53:14.4394198Z","type":"osc"}
{"address":"/cue/g10/start","args":null,"channel":"system","dir":"out","t":"2026-07-19T02:53:14.440558Z","type":"osc"}
{"channel":"rr","display":10.055304172951232,"mu":10.406603246806394,"quality":"OK","raw":1208.7,"sigma":1.5,"state":"COOLDOWN","t":"2026-07-19T02:53:14.4410687Z","type":"sample"}
{"channel":"rr","display":10.055304172951232,"mu":10.406603246806394,"quality":"OK","raw":1210.1,"sigma":1.5,"state":"COOLDOWN","t":"2026-07-19T02:53:14.4753686Z","type":"sample"}
{"channel":"rr","display":10.055304172951232,"mu":10.406603246806394,"quality":"OK","raw":1209.1,"sigma":1.5,"state":"COOLDOWN","t":"2026-07-19T02:53:14.5156314Z","type":"sample"}
{"channel":"gsr","display":2417.4,"mu":2517.903536314517,"quality":"OK","raw":2417.4,"sigma":58.134794606654836,"state":"COOLDOWN","t":"2026-07-19T02:53:14.5305504Z","type":"sample"}
{"channel":"rr","display":10.055304172951232,"mu":10.406603246806394,"quality":"OK","raw":1210.1,"sigma":1.5,"state":"COOLDOWN","t":"2026-07-19T02:53:14.5614974Z","type":"sample"}
{"channel":"rr","display":10.055304172951232,"mu":10.406603246806394,"quality":"OK","raw":1209.6,"sigma":1.5,"state":"COOLDOWN","t":"2026-07-19T02:53:14.6014966Z","type":"sample"}
{"channel":"gsr","display":2407.7,"mu":2517.903536314517,"quality":"OK","raw":2407.7,"sigma":58.134794606654836,"state":"COOLDOWN","t":"2026-07-19T02:53:14.6301306Z","type":"sample"}
{"channel":"rr","display":10.055304172951232,"mu":10.406603246806394,"quality":"OK","raw":1210.6,"sigma":1.5,"state":"COOLDOWN","t":"2026-07-19T02:53:14.6414248Z","type":"sample"}
{"channel":"rr","display":10.055304172951232,"mu":10.406603246806394,"quality":"OK","raw":1210.4,"sigma":1.5,"state":"COOLDOWN","t":"2026-07-19T02:53:14.6815096Z","type":"sample"}
{"channel":"rr","display":10.055304172951232,"mu":10.406603246806394,"quality":"OK","raw":1210,"sigma":1.5,"state":"COOLDOWN","t":"2026-07-19T02:53:14.7185694Z","type":"sample"}
{"channel":"gsr","display":2407.2,"mu":2517.903536314517,"quality":"OK","raw":2407.2,"sigma":58.134794606654836,"state":"COOLDOWN","t":"2026-07-19T02:53:14.7285882Z","type":"sample"}
{"channel":"hr","display":64,"mu":67.6331525881436,"quality":"OK","raw":64,"sigma":3,"state":"COOLDOWN","t":"2026-07-19T02:53:14.7909671Z","type":"sample"}
{"channel":"rr","display":10.055304172951232,"mu":10.406603246806394,"quality":"OK","raw":1211.8,"sigma":1.5,"state":"COOLDOWN","t":"2026-07-19T02:53:14.7956626Z","type":"sample"}
{"channel":"gsr","display":2389.4,"mu":2517.903536314517,"quality":"OK","raw":2389.4,"sigma":58.134794606654836,"state":"COOLDOWN","t":"2026-07-19T02:53:14.8306762Z","type":"sample"}
{"channel":"rr","display":10.055304172951232,"mu":10.406603246806394,"quality":"OK","raw":1210.8,"sigma":1.5,"state":"COOLDOWN","t":"2026-07-19T02:53:14.835356Z","type":"sample"}
{"channel":"rr","display":10.055304172951232,"mu":10.406603246806394,"quality":"OK","raw":1209.8,"sigma":1.5,"state":"COOLDOWN","t":"2026-07-19T02:53:14.8754223Z","type":"sample"}
{"channel":"rr","display":10.055304172951232,"mu":10.406603246806394,"quality":"OK","raw":1210.1,"sigma":1.5,"state":"COOLDOWN","t":"2026-07-19T02:53:14.9155059Z","type":"sample"}
{"channel":"gsr","display":2392.2,"mu":2517.903536314517,"quality":"OK","raw":2392.2,"sigma":58.134794606654836,"state":"COOLDOWN","t":"2026-07-19T02:53:14.9303894Z","type":"sample"}
{"channel":"rr","display":10.055304172951232,"mu":10.406603246806394,"quality":"OK","raw":1209.8,"sigma":1.5,"state":"COOLDOWN","t":"2026-07-19T02:53:14.9552808Z","type":"sample"}
{"channel":"rr","display":10.055304172951232,"mu":10.406603246806394,"quality":"OK","raw":1209.6,"sigma":1.5,"state":"COOLDOWN","t":"2026-07-19T02:53:14.9955486Z","type":"sample"}
{"channel":"gsr","display":2389.7,"mu":2517.903536314517,"quality":"OK","raw":2389.7,"sigma":58.134794606654836,"state":"COOLDOWN","t":"2026-07-19T02:53:15.0259928Z","type":"sample"}
{"channel":"rr","display":10.055304172951232,"mu":10.406603246806394,"quality":"OK","raw":1211.2,"sigma":1.5,"state":"COOLDOWN","t":"2026-07-19T02:53:15.0350283Z","type":"sample"}
{"channel":"rr","display":10.055304172951232,"mu":10.406603246806394,"quality":"OK","raw":1210.6,"sigma":1.5,"state":"COOLDOWN","t":"2026-07-19T02:53:15.0751105Z","type":"sample"}
{"channel":"rr","display":10.055304172951232,"mu":10.406603246806394,"quality":"OK","raw":1211.6,"sigma":1.5,"state":"COOLDOWN","t":"2026-07-19T02:53:15.1133635Z","type":"sample"}
{"channel":"gsr","display":2389.8,"mu":2517.903536314517,"quality":"OK","raw":2389.8,"sigma":58.134794606654836,"state":"COOLDOWN","t":"2026-07-19T02:53:15.1303909Z","type":"sample"}
{"channel":"rr","display":10.055304172951232,"mu":10.406603246806394,"quality":"OK","raw":1211.1,"sigma":1.5,"state":"COOLDOWN","t":"2026-07-19T02:53:15.1554253Z","type":"sample"}
{"channel":"rr","display":10.055304172951232,"mu":10.406603246806394,"quality":"OK","raw":1211.1,"sigma":1.5,"state":"COOLDOWN","t":"2026-07-19T02:53:15.1954716Z","type":"sample"}
{"channel":"gsr","display":2389,"mu":2517.903536314517,"quality":"OK","raw":2389,"sigma":58.134794606654836,"state":"COOLDOWN","t":"2026-07-19T02:53:15.2305883Z","type":"sample"}
{"channel":"rr","display":10.055304172951232,"mu":10.406603246806394,"quality":"OK","raw":1210.5,"sigma":1.5,"state":"COOLDOWN","t":"2026-07-19T02:53:15.2353772Z","type":"sample"}
{"channel":"hr","display":64,"mu":67.6331525881436,"quality":"OK","raw":64,"sigma":3,"state":"COOLDOWN","t":"2026-07-19T02:53:15.2461469Z","type":"sample"}
{"channel":"rr","display":10.055304172951232,"mu":10.406603246806394,"quality":"OK","raw":1210.6,"sigma":1.5,"state":"COOLDOWN","t":"2026-07-19T02:53:15.2748052Z","type":"sample"}
{"address":"/cue/p/start","args":null,"channel":"system","dir":"out","t":"2026-07-19T02:53:15.2947977Z","type":"osc"}
{"channel":"rr","display":10.055304172951232,"mu":10.406603246806394,"quality":"OK","raw":1211.9,"sigma":1.5,"state":"COOLDOWN","t":"2026-07-19T02:53:15.3151792Z","type":"sample"}
{"channel":"gsr","display":2382.6,"mu":2517.903536314517,"quality":"OK","raw":2382.6,"sigma":58.134794606654836,"state":"COOLDOWN","t":"2026-07-19T02:53:15.3302424Z","type":"sample"}
{"address":"/cue/r1/start","args":null,"channel":"system","dir":"out","t":"2026-07-19T02:53:15.3544383Z","type":"osc"}
{"channel":"rr","display":10.055304172951232,"mu":10.406603246806394,"quality":"OK","raw":1211.6,"sigma":1.5,"state":"COOLDOWN","t":"2026-07-19T02:53:15.3554736Z","type":"sample"}
{"channel":"rr","display":10.055304172951232,"mu":10.406603246806394,"quality":"OK","raw":1211.6,"sigma":1.5,"state":"COOLDOWN","t":"2026-07-19T02:53:15.3954313Z","type":"sample"}
{"channel":"gsr","display":2380,"mu":2517.903536314517,"quality":"OK","raw":2380,"sigma":58.134794606654836,"state":"COOLDOWN","t":"2026-07-19T02:53:15.430151Z","type":"sample"}
{"channel":"rr","display":10.055304172951232,"mu":10.406603246806394,"quality":"OK","raw":1211.2,"sigma":1.5,"state":"COOLDOWN","t":"2026-07-19T02:53:15.4353642Z","type":"sample"}
{"address":"/cue/bpm064/start","args":null,"channel":"system","dir":"out","t":"2026-07-19T02:53:15.4558492Z","type":"osc"}
{"address":"/cue/g16/start","args":null,"channel":"system","dir":"out","t":"2026-07-19T02:53:15.4568882Z","type":"osc"}
{"channel":"rr","display":10.055304172951232,"mu":10.406603246806394,"quality":"OK","raw":1210.7,"sigma":1.5,"state":"COOLDOWN","t":"2026-07-19T02:53:15.4748297Z","type":"sample"}
{"channel":"rr","display":10.055304172951232,"mu":10.406603246806394,"quality":"OK","raw":1211.5,"sigma":1.5,"state":"COOLDOWN","t":"2026-07-19T02:53:15.5154717Z","type":"sample"}
{"channel":"gsr","display":2379.4,"mu":2517.903536314517,"quality":"OK","raw":2379.4,"sigma":58.134794606654836,"state":"COOLDOWN","t":"2026-07-19T02:53:15.5304768Z","type":"sample"}
{"channel":"rr","display":10.055304172951232,"mu":10.406603246806394,"quality":"OK","raw":1211.9,"sigma":1.5,"state":"COOLDOWN","t":"2026-07-19T02:53:15.555613Z","type":"sample"}
{"channel":"rr","display":10.055304172951232,"mu":10.406603246806394,"quality":"OK","raw":1209.8,"sigma":1.5,"state":"COOLDOWN","t":"2026-07-19T02:53:15.59521Z","type":"sample"}
{"channel":"gsr","display":2379.6,"mu":2517.903536314517,"quality":"OK","raw":2379.6,"sigma":58.134794606654836,"state":"COOLDOWN","t":"2026-07-19T02:53:15.6276118Z","type":"sample"}
{"channel":"rr","display":10.055304172951232,"mu":10.406603246806394,"quality":"OK","raw":1211.2,"sigma":1.5,"state":"COOLDOWN","t":"2026-07-19T02:53:15.6354014Z","type":"sample"}
{"channel":"rr","display":10.055304172951232,"mu":10.406603246806394,"quality":"OK","raw":1210.6,"sigma":1.5,"state":"COOLDOWN","t":"2026-07-19T02:53:15.6754936Z","type":"sample"}
{"channel":"rr","event":"quality_change","quality":"OUT_OF_RANGE","t":"2026-07-19T02:53:15.7154964Z","type":"event"}
{"channel":"rr","display":10.055304172951232,"mu":10.406603246806394,"quality":"OUT_OF_RANGE","raw":1209.9,"sigma":1.5,"state":"COOLDOWN","t":"2026-07-19T02:53:15.7154964Z","type":"sample"}
{"channel":"gsr","display":2381.3,"mu":2517.903536314517,"quality":"OK","raw":2381.3,"sigma":58.134794606654836,"state":"COOLDOWN","t":"2026-07-19T02:53:15.7304538Z","type":"sample"}
{"channel":"hr","display":64,"mu":67.6331525881436,"quality":"OK","raw":64,"sigma":3,"state":"COOLDOWN","t":"2026-07-19T02:53:15.7461999Z","type":"sample"}
{"channel":"rr","display":10.055304172951232,"mu":10.406603246806394,"quality":"OUT_OF_RANGE","raw":1211,"sigma":1.5,"state":"COOLDOWN","t":"2026-07-19T02:53:15.7532892Z","type":"sample"}
{"channel":"rr","display":10.055304172951232,"mu":10.406603246806394,"quality":"OUT_OF_RANGE","raw":1209.1,"sigma":1.5,"state":"COOLDOWN","t":"2026-07-19T02:53:15.7952246Z","type":"sample"}
{"channel":"gsr","display":2385.6,"mu":2517.903536314517,"quality":"OK","raw":2385.6,"sigma":58.134794606654836,"state":"COOLDOWN","t":"2026-07-19T02:53:15.8287769Z","type":"sample"}
{"channel":"rr","display":10.055304172951232,"mu":10.406603246806394,"quality":"OUT_OF_RANGE","raw":1210.7,"sigma":1.5,"state":"COOLDOWN","t":"2026-07-19T02:53:15.8351428Z","type":"sample"}
{"channel":"rr","display":10.055304172951232,"mu":10.406603246806394,"quality":"OUT_OF_RANGE","raw":1210,"sigma":1.5,"state":"COOLDOWN","t":"2026-07-19T02:53:15.8754476Z","type":"sample"}
{"channel":"rr","display":10.055304172951232,"mu":10.406603246806394,"quality":"OUT_OF_RANGE","raw":1210.1,"sigma":1.5,"state":"COOLDOWN","t":"2026-07-19T02:53:15.9154571Z","type":"sample"}
{"channel":"gsr","display":2380.2,"mu":2517.903536314517,"quality":"OK","raw":2380.2,"sigma":58.134794606654836,"state":"COOLDOWN","t":"2026-07-19T02:53:15.9305462Z","type":"sample"}
{"channel":"rr","display":10.055304172951232,"mu":10.406603246806394,"quality":"OUT_OF_RANGE","raw":1210.9,"sigma":1.5,"state":"COOLDOWN","t":"2026-07-19T02:53:15.9554921Z","type":"sample"}
{"channel":"rr","display":10.055304172951232,"mu":10.406603246806394,"quality":"OUT_OF_RANGE","raw":1210.8,"sigma":1.5,"state":"COOLDOWN","t":"2026-07-19T02:53:15.9933102Z","type":"sample"}
{"channel":"gsr","display":2381.9,"mu":2517.903536314517,"quality":"OK","raw":2381.9,"sigma":58.134794606654836,"state":"COOLDOWN","t":"2026-07-19T02:53:16.0258431Z","type":"sample"}
{"channel":"rr","display":10.055304172951232,"mu":10.406603246806394,"quality":"OUT_OF_RANGE","raw":1210.5,"sigma":1.5,"state":"COOLDOWN","t":"2026-07-19T02:53:16.0353774Z","type":"sample"}
{"channel":"rr","display":10.055304172951232,"mu":10.406603246806394,"quality":"OUT_OF_RANGE","raw":1209.8,"sigma":1.5,"state":"COOLDOWN","t":"2026-07-19T02:53:16.0753205Z","type":"sample"}
{"channel":"rr","display":10.055304172951232,"mu":10.406603246806394,"quality":"OUT_OF_RANGE","raw":1210.4,"sigma":1.5,"state":"COOLDOWN","t":"2026-07-19T02:53:16.1150556Z","type":"sample"}
{"channel":"gsr","display":2386,"mu":2517.903536314517,"quality":"OK","raw":2386,"sigma":58.134794606654836,"state":"COOLDOWN","t":"2026-07-19T02:53:16.1304672Z","type":"sample"}
{"channel":"rr","display":10.055304172951232,"mu":10.406603246806394,"quality":"OUT_OF_RANGE","raw":1210.1,"sigma":1.5,"state":"COOLDOWN","t":"2026-07-19T02:53:16.1493647Z","type":"sample"}
{"channel":"rr","display":10.055304172951232,"mu":10.406603246806394,"quality":"OUT_OF_RANGE","raw":1209.3,"sigma":1.5,"state":"COOLDOWN","t":"2026-07-19T02:53:16.1954754Z","type":"sample"}
{"channel":"gsr","display":2383.1,"mu":2517.903536314517,"quality":"OK","raw":2383.1,"sigma":58.134794606654836,"state":"COOLDOWN","t":"2026-07-19T02:53:16.2305528Z","type":"sample"}
{"address":"/cue/p/start","args":null,"channel":"system","dir":"out","t":"2026-07-19T02:53:16.233904Z","type":"osc"}
{"channel":"rr","display":10.055304172951232,"mu":10.406603246806394,"quality":"OUT_OF_RANGE","raw":1209,"sigma":1.5,"state":"COOLDOWN","t":"2026-07-19T02:53:16.2355208Z","type":"sample"}
{"channel":"hr","display":65,"mu":67.6331525881436,"quality":"OK","raw":65,"sigma":3,"state":"COOLDOWN","t":"2026-07-19T02:53:16.2459579Z","type":"sample"}
{"channel":"rr","display":10.055304172951232,"mu":10.406603246806394,"quality":"OUT_OF_RANGE","raw":1209.5,"sigma":1.5,"state":"COOLDOWN","t":"2026-07-19T02:53:16.2748502Z","type":"sample"}
{"channel":"rr","display":10.055304172951232,"mu":10.406603246806394,"quality":"OUT_OF_RANGE","raw":1209.9,"sigma":1.5,"state":"COOLDOWN","t":"2026-07-19T02:53:16.315462Z","type":"sample"}
{"channel":"gsr","display":2387.1,"mu":2517.903536314517,"quality":"OK","raw":2387.1,"sigma":58.134794606654836,"state":"COOLDOWN","t":"2026-07-19T02:53:16.3304711Z","type":"sample"}
{"channel":"rr","display":10.055304172951232,"mu":10.406603246806394,"quality":"OUT_OF_RANGE","raw":1209.9,"sigma":1.5,"state":"COOLDOWN","t":"2026-07-19T02:53:16.3494541Z","type":"sample"}
{"channel":"rr","display":10.055304172951232,"mu":10.406603246806394,"quality":"OUT_OF_RANGE","raw":1209.1,"sigma":1.5,"state":"COOLDOWN","t":"2026-07-19T02:53:16.3936382Z","type":"sample"}
{"channel":"gsr","display":2387.8,"mu":2517.903536314517,"quality":"OK","raw":2387.8,"sigma":58.134794606654836,"state":"COOLDOWN","t":"2026-07-19T02:53:16.426457Z","type":"sample"}
{"channel":"rr","display":10.055304172951232,"mu":10.406603246806394,"quality":"OUT_OF_RANGE","raw":1210.6,"sigma":1.5,"state":"COOLDOWN","t":"2026-07-19T02:53:16.4349239Z","type":"sample"}
{"address":"/cue/bpm065/start","args":null,"channel":"system","dir":"out","t":"2026-07-19T02:53:16.4711292Z","type":"osc"}
{"address":"/cue/g16/start","args":null,"channel":"system","dir":"out","t":"2026-07-19T02:53:16.4727848Z","type":"osc"}
{"channel":"rr","display":10.055304172951232,"mu":10.406603246806394,"quality":"OUT_OF_RANGE","raw":1208.4,"sigma":1.5,"state":"COOLDOWN","t":"2026-07-19T02:53:16.4748425Z","type":"sample"}
{"channel":"rr","display":10.055304172951232,"mu":10.406603246806394,"quality":"OUT_OF_RANGE","raw":1208.6,"sigma":1.5,"state":"COOLDOWN","t":"2026-07-19T02:53:16.5133443Z","type":"sample"}
{"channel":"gsr","display":2392.8,"mu":2517.903536314517,"quality":"OK","raw":2392.8,"sigma":58.134794606654836,"state":"COOLDOWN","t":"2026-07-19T02:53:16.5300506Z","type":"sample"}
{"channel":"rr","display":10.055304172951232,"mu":10.406603246806394,"quality":"OUT_OF_RANGE","raw":1209.1,"sigma":1.5,"state":"COOLDOWN","t":"2026-07-19T02:53:16.5557062Z","type":"sample"}
{"channel":"rr","display":10.055304172951232,"mu":10.406603246806394,"quality":"OUT_OF_RANGE","raw":1208.5,"sigma":1.5,"state":"COOLDOWN","t":"2026-07-19T02:53:16.5954927Z","type":"sample"}
{"channel":"gsr","display":2394.6,"mu":2517.903536314517,"quality":"OK","raw":2394.6,"sigma":58.134794606654836,"state":"COOLDOWN","t":"2026-07-19T02:53:16.6262957Z","type":"sample"}
{"channel":"rr","display":10.055304172951232,"mu":10.406603246806394,"quality":"OUT_OF_RANGE","raw":1208.5,"sigma":1.5,"state":"COOLDOWN","t":"2026-07-19T02:53:16.6352758Z","type":"sample"}
{"channel":"rr","display":10.055304172951232,"mu":10.406603246806394,"quality":"OUT_OF_RANGE","raw":1208.6,"sigma":1.5,"state":"COOLDOWN","t":"2026-07-19T02:53:16.6749262Z","type":"sample"}
{"channel":"rr","display":10.055304172951232,"mu":10.406603246806394,"quality":"OUT_OF_RANGE","raw":1208.1,"sigma":1.5,"state":"COOLDOWN","t":"2026-07-19T02:53:16.713644Z","type":"sample"}
{"channel":"gsr","display":2398.5,"mu":2517.903536314517,"quality":"OK","raw":2398.5,"sigma":58.134794606654836,"state":"COOLDOWN","t":"2026-07-19T02:53:16.7304653Z","type":"sample"}
{"channel":"hr","display":65,"mu":67.6331525881436,"quality":"OK","raw":65,"sigma":3,"state":"COOLDOWN","t":"2026-07-19T02:53:16.7455727Z","type":"sample"}
{"channel":"rr","display":10.055304172951232,"mu":10.406603246806394,"quality":"OUT_OF_RANGE","raw":1208.4,"sigma":1.5,"state":"COOLDOWN","t":"2026-07-19T02:53:16.7530817Z","type":"sample"}
{"channel":"rr","display":10.055304172951232,"mu":10.406603246806394,"quality":"OUT_OF_RANGE","raw":1208.2,"sigma":1.5,"state":"COOLDOWN","t":"2026-07-19T02:53:16.795492Z","type":"sample"}
{"channel":"gsr","display":2400.3,"mu":2517.903536314517,"quality":"OK","raw":2400.3,"sigma":58.134794606654836,"state":"COOLDOWN","t":"2026-07-19T02:53:16.8306638Z","type":"sample"}
{"channel":"rr","display":10.055304172951232,"mu":10.406603246806394,"quality":"OUT_OF_RANGE","raw":1208.4,"sigma":1.5,"state":"COOLDOWN","t":"2026-07-19T02:53:16.8353414Z","type":"sample"}
{"channel":"rr","display":10.055304172951232,"mu":10.406603246806394,"quality":"OUT_OF_RANGE","raw":1208.1,"sigma":1.5,"state":"COOLDOWN","t":"2026-07-19T02:53:16.8749371Z","type":"sample"}
{"channel":"rr","display":10.055304172951232,"mu":10.406603246806394,"quality":"OUT_OF_RANGE","raw":1208.2,"sigma":1.5,"state":"COOLDOWN","t":"2026-07-19T02:53:16.9152822Z","type":"sample"}
{"channel":"gsr","display":2402.7,"mu":2517.903536314517,"quality":"OK","raw":2402.7,"sigma":58.134794606654836,"state":"COOLDOWN","t":"2026-07-19T02:53:16.9291796Z","type":"sample"}
{"channel":"rr","display":10.055304172951232,"mu":10.406603246806394,"quality":"OUT_OF_RANGE","raw":1209.6,"sigma":1.5,"state":"COOLDOWN","t":"2026-07-19T02:53:16.9494553Z","type":"sample"}
{"channel":"rr","display":10.055304172951232,"mu":10.406603246806394,"quality":"OUT_OF_RANGE","raw":1208.4,"sigma":1.5,"state":"COOLDOWN","t":"2026-07-19T02:53:16.9954184Z","type":"sample"}
{"channel":"gsr","display":2406,"mu":2517.903536314517,"quality":"OK","raw":2406,"sigma":58.134794606654836,"state":"COOLDOWN","t":"2026-07-19T02:53:17.0296988Z","type":"sample"}
{"channel":"rr","display":10.055304172951232,"mu":10.406603246806394,"quality":"OUT_OF_RANGE","raw":1208.2,"sigma":1.5,"state":"COOLDOWN","t":"2026-07-19T02:53:17.0350524Z","type":"sample"}
{"channel":"rr","display":10.055304172951232,"mu":10.406603246806394,"quality":"OUT_OF_RANGE","raw":1208.2,"sigma":1.5,"state":"COOLDOWN","t":"2026-07-19T02:53:17.0750008Z","type":"sample"}
{"channel":"rr","display":10.055304172951232,"mu":10.406603246806394,"quality":"OUT_OF_RANGE","raw":1207.9,"sigma":1.5,"state":"COOLDOWN","t":"2026-07-19T02:53:17.1135043Z","type":"sample"}
{"channel":"gsr","display":2408.5,"mu":2517.903536314517,"quality":"OK","raw":2408.5,"sigma":58.134794606654836,"state":"COOLDOWN","t":"2026-07-19T02:53:17.1300599Z","type":"sample"}
{"channel":"rr","display":10.055304172951232,"mu":10.406603246806394,"quality":"OUT_OF_RANGE","raw":1208.2,"sigma":1.5,"state":"COOLDOWN","t":"2026-07-19T02:53:17.1481355Z","type":"sample"}
{"address":"/cue/p/start","args":null,"channel":"system","dir":"out","t":"2026-07-19T02:53:17.1703665Z","type":"osc"}
{"channel":"rr","display":10.055304172951232,"mu":10.406603246806394,"quality":"OUT_OF_RANGE","raw":1207.9,"sigma":1.5,"state":"COOLDOWN","t":"2026-07-19T02:53:17.1943252Z","type":"sample"}
{"channel":"gsr","display":2412.1,"mu":2517.903536314517,"quality":"OK","raw":2412.1,"sigma":58.134794606654836,"state":"COOLDOWN","t":"2026-07-19T02:53:17.2306073Z","type":"sample"}
{"channel":"rr","display":9.65561635017702,"mu":10.406603246806394,"quality":"OUT_OF_RANGE","raw":1209.8,"sigma":1.5,"state":"COOLDOWN","t":"2026-07-19T02:53:17.2357609Z","type":"sample"}
{"channel":"hr","display":65,"mu":67.6331525881436,"quality":"OK","raw":65,"sigma":3,"state":"COOLDOWN","t":"2026-07-19T02:53:17.2459784Z","type":"sample"}
{"channel":"rr","display":9.65561635017702,"mu":10.406603246806394,"quality":"OUT_OF_RANGE","raw":1208.1,"sigma":1.5,"state":"COOLDOWN","t":"2026-07-19T02:53:17.2749725Z","type":"sample"}
{"channel":"rr","display":9.65561635017702,"mu":10.406603246806394,"quality":"OUT_OF_RANGE","raw":1207.7,"sigma":1.5,"state":"COOLDOWN","t":"2026-07-19T02:53:17.3154241Z","type":"sample"}
{"channel":"gsr","display":2412.4,"mu":2517.903536314517,"quality":"OK","raw":2412.4,"sigma":58.134794606654836,"state":"COOLDOWN","t":"2026-07-19T02:53:17.3304144Z","type":"sample"}
{"channel":"rr","display":9.65561635017702,"mu":10.406603246806394,"quality":"OUT_OF_RANGE","raw":1208.8,"sigma":1.5,"state":"COOLDOWN","t":"2026-07-19T02:53:17.3556506Z","type":"sample"}
{"channel":"rr","display":9.65561635017702,"mu":10.406603246806394,"quality":"OUT_OF_RANGE","raw":1208.6,"sigma":1.5,"state":"COOLDOWN","t":"2026-07-19T02:53:17.3955144Z","type":"sample"}
{"channel":"gsr","display":2416.9,"mu":2517.903536314517,"quality":"OK","raw":2416.9,"sigma":58.134794606654836,"state":"COOLDOWN","t":"2026-07-19T02:53:17.4276434Z","type":"sample"}
{"channel":"rr","display":9.65561635017702,"mu":10.406603246806394,"quality":"OUT_OF_RANGE","raw":1209.4,"sigma":1.5,"state":"COOLDOWN","t":"2026-07-19T02:53:17.4352745Z","type":"sample"}
{"channel":"rr","display":9.65561635017702,"mu":10.406603246806394,"quality":"OUT_OF_RANGE","raw":1208.8,"sigma":1.5,"state":"COOLDOWN","t":"2026-07-19T02:53:17.4749813Z","type":"sample"}
{"address":"/cue/bpm065/start","args":null,"channel":"system","dir":"out","t":"2026-07-19T02:53:17.4874363Z","type":"osc"}
{"address":"/cue/g15/start","args":null,"channel":"system","dir":"out","t":"2026-07-19T02:53:17.4884988Z","type":"osc"}
{"channel":"rr","display":9.65561635017702,"mu":10.406603246806394,"quality":"OUT_OF_RANGE","raw":1209.6,"sigma":1.5,"state":"COOLDOWN","t":"2026-07-19T02:53:17.5133314Z","type":"sample"}
{"channel":"gsr","display":2416,"mu":2517.903536314517,"quality":"OK","raw":2416,"sigma":58.134794606654836,"state":"COOLDOWN","t":"2026-07-19T02:53:17.5306339Z","type":"sample"}
{"channel":"rr","display":9.65561635017702,"mu":10.406603246806394,"quality":"OUT_OF_RANGE","raw":1209.4,"sigma":1.5,"state":"COOLDOWN","t":"2026-07-19T02:53:17.5521856Z","type":"sample"}
{"channel":"rr","display":9.65561635017702,"mu":10.406603246806394,"quality":"OUT_OF_RANGE","raw":1209.5,"sigma":1.5,"state":"COOLDOWN","t":"2026-07-19T02:53:17.5954122Z","type":"sample"}
{"channel":"gsr","display":2422.2,"mu":2517.903536314517,"quality":"OK","raw":2422.2,"sigma":58.134794606654836,"state":"COOLDOWN","t":"2026-07-19T02:53:17.6306347Z","type":"sample"}
{"channel":"rr","display":9.65561635017702,"mu":10.406603246806394,"quality":"OUT_OF_RANGE","raw":1209.8,"sigma":1.5,"state":"COOLDOWN","t":"2026-07-19T02:53:17.6353057Z","type":"sample"}
{"channel":"rr","display":9.65561635017702,"mu":10.406603246806394,"quality":"OUT_OF_RANGE","raw":1210.2,"sigma":1.5,"state":"COOLDOWN","t":"2026-07-19T02:53:17.6750211Z","type":"sample"}
{"channel":"rr","display":9.65561635017702,"mu":10.406603246806394,"quality":"OUT_OF_RANGE","raw":1210.4,"sigma":1.5,"state":"COOLDOWN","t":"2026-07-19T02:53:17.7149642Z","type":"sample"}
{"channel":"gsr","display":2423.8,"mu":2517.903536314517,"quality":"OK","raw":2423.8,"sigma":58.134794606654836,"state":"COOLDOWN","t":"2026-07-19T02:53:17.730514Z","type":"sample"}
{"channel":"hr","display":65,"mu":67.6331525881436,"quality":"OK","raw":65,"sigma":3,"state":"COOLDOWN","t":"2026-07-19T02:53:17.7463099Z","type":"sample"}
{"channel":"rr","display":9.65561635017702,"mu":10.406603246806394,"quality":"OUT_OF_RANGE","raw":1211.8,"sigma":1.5,"state":"COOLDOWN","t":"2026-07-19T02:53:17.7553719Z","type":"sample"}
{"channel":"rr","display":9.65561635017702,"mu":10.406603246806394,"quality":"OUT_OF_RANGE","raw":1215.3,"sigma":1.5,"state":"COOLDOWN","t":"2026-07-19T02:53:17.7951081Z","type":"sample"}
{"channel":"gsr","display":2437.3,"mu":2517.903536314517,"quality":"OK","raw":2437.3,"sigma":58.134794606654836,"state":"COOLDOWN","t":"2026-07-19T02:53:17.8292117Z","type":"sample"}
{"channel":"rr","display":9.65561635017702,"mu":10.406603246806394,"quality":"OUT_OF_RANGE","raw":1223.8,"sigma":1.5,"state":"COOLDOWN","t":"2026-07-19T02:53:17.8353199Z","type":"sample"}
{"channel":"rr","display":9.65561635017702,"mu":10.406603246806394,"quality":"OUT_OF_RANGE","raw":1235.7,"sigma":1.5,"state":"COOLDOWN","t":"2026-07-19T02:53:17.8751416Z","type":"sample"}
{"channel":"rr","display":9.65561635017702,"mu":10.406603246806394,"quality":"OUT_OF_RANGE","raw":1251.2,"sigma":1.5,"state":"COOLDOWN","t":"2026-07-19T02:53:17.9134526Z","type":"sample"}
{"channel":"gsr","display":2453.7,"mu":2517.903536314517,"quality":"OK","raw":2453.7,"sigma":58.134794606654836,"state":"COOLDOWN","t":"2026-07-19T02:53:17.9300527Z","type":"sample"}
{"channel":"rr","display":9.65561635017702,"mu":10.406603246806394,"quality":"OUT_OF_RANGE","raw":1263.5,"sigma":1.5,"state":"COOLDOWN","t":"2026-07-19T02:53:17.9472273Z","type":"sample"}
{"channel":"rr","display":9.65561635017702,"mu":10.406603246806394,"quality":"OUT_OF_RANGE","raw":1272.1,"sigma":1.5,"state":"COOLDOWN","t":"2026-07-19T02:53:17.9941386Z","type":"sample"}
{"channel":"gsr","display":2457.9,"mu":2517.903536314517,"quality":"OK","raw":2457.9,"sigma":58.134794606654836,"state":"COOLDOWN","t":"2026-07-19T02:53:18.0269431Z","type":"sample"}
{"channel":"rr","event":"quality_change","quality":"OK","t":"2026-07-19T02:53:18.03504Z","type":"event"}
{"channel":"rr","display":9.65561635017702,"mu":10.406603246806394,"quality":"OK","raw":1290.6,"sigma":1.5,"state":"COOLDOWN","t":"2026-07-19T02:53:18.03504Z","type":"sample"}
{"channel":"rr","display":9.65561635017702,"mu":10.406603246806394,"quality":"OK","raw":1306.3,"sigma":1.5,"state":"COOLDOWN","t":"2026-07-19T02:53:18.0754855Z","type":"sample"}
{"address":"/cue/r1/start","args":null,"channel":"system","dir":"out","t":"2026-07-19T02:53:18.0929105Z","type":"osc"}
{"address":"/cue/p/start","args":null,"channel":"system","dir":"out","t":"2026-07-19T02:53:18.0940457Z","type":"osc"}
{"channel":"rr","display":9.65561635017702,"mu":10.406603246806394,"quality":"OK","raw":1317.1,"sigma":1.5,"state":"COOLDOWN","t":"2026-07-19T02:53:18.1135463Z","type":"sample"}
{"channel":"gsr","display":2465.8,"mu":2517.903536314517,"quality":"OK","raw":2465.8,"sigma":58.134794606654836,"state":"COOLDOWN","t":"2026-07-19T02:53:18.1304432Z","type":"sample"}
{"channel":"rr","display":9.65561635017702,"mu":10.406603246806394,"quality":"OK","raw":1325.4,"sigma":1.5,"state":"COOLDOWN","t":"2026-07-19T02:53:18.1526059Z","type":"sample"}
{"channel":"gsr","event":"state_change","from":"COOLDOWN","t":"2026-07-19T02:53:18.1765394Z","to":"IDLE","type":"event"}
{"channel":"rr","display":9.65561635017702,"mu":10.406603246806394,"quality":"OK","raw":1329.2,"sigma":1.5,"state":"COOLDOWN","t":"2026-07-19T02:53:18.1946469Z","type":"sample"}
{"channel":"gsr","display":2463.3,"mu":2517.6305186329446,"quality":"OK","raw":2463.3,"sigma":58.11703076099086,"state":"IDLE","t":"2026-07-19T02:53:18.2306458Z","type":"sample"}
{"channel":"rr","display":9.65561635017702,"mu":10.406603246806394,"quality":"OK","raw":1328.8,"sigma":1.5,"state":"COOLDOWN","t":"2026-07-19T02:53:18.2349485Z","type":"sample"}
{"channel":"hr","display":66,"mu":67.6331525881436,"quality":"OK","raw":66,"sigma":3,"state":"COOLDOWN","t":"2026-07-19T02:53:18.2462189Z","type":"sample"}
{"channel":"rr","display":9.65561635017702,"mu":10.406603246806394,"quality":"OK","raw":1330.1,"sigma":1.5,"state":"COOLDOWN","t":"2026-07-19T02:53:18.2753089Z","type":"sample"}
{"channel":"rr","display":9.65561635017702,"mu":10.406603246806394,"quality":"OK","raw":1331.1,"sigma":1.5,"state":"COOLDOWN","t":"2026-07-19T02:53:18.3135379Z","type":"sample"}
{"channel":"gsr","display":2470.4,"mu":2517.39436603978,"quality":"OK","raw":2470.4,"sigma":58.06719520999799,"state":"IDLE","t":"2026-07-19T02:53:18.3304339Z","type":"sample"}
{"channel":"rr","display":9.65561635017702,"mu":10.406603246806394,"quality":"OK","raw":1332.5,"sigma":1.5,"state":"COOLDOWN","t":"2026-07-19T02:53:18.3552277Z","type":"sample"}
{"channel":"rr","display":9.65561635017702,"mu":10.406603246806394,"quality":"OK","raw":1330.8,"sigma":1.5,"state":"COOLDOWN","t":"2026-07-19T02:53:18.3951224Z","type":"sample"}
{"channel":"gsr","display":2465.2,"mu":2517.133394209581,"quality":"OK","raw":2465.2,"sigma":58.038722562557744,"state":"IDLE","t":"2026-07-19T02:53:18.4278558Z","type":"sample"}
{"channel":"rr","display":9.65561635017702,"mu":10.406603246806394,"quality":"OK","raw":1330.4,"sigma":1.5,"state":"COOLDOWN","t":"2026-07-19T02:53:18.4353454Z","type":"sample"}
{"channel":"rr","display":9.65561635017702,"mu":10.406603246806394,"quality":"OK","raw":1331.3,"sigma":1.5,"state":"COOLDOWN","t":"2026-07-19T02:53:18.4754262Z","type":"sample"}
{"address":"/cue/bpm066/start","args":null,"channel":"system","dir":"out","t":"2026-07-19T02:53:18.4951899Z","type":"osc"}
{"address":"/cue/g10/start","args":null,"channel":"system","dir":"out","t":"2026-07-19T02:53:18.4962755Z","type":"osc"}
{"channel":"rr","display":9.65561635017702,"mu":10.406603246806394,"quality":"OK","raw":1331.8,"sigma":1.5,"state":"COOLDOWN","t":"2026-07-19T02:53:18.5132812Z","type":"sample"}
{"channel":"gsr","display":2465.5,"mu":2516.875227238533,"quality":"OK","raw":2465.5,"sigma":58.00788081729198,"state":"IDLE","t":"2026-07-19T02:53:18.5295132Z","type":"sample"}
{"channel":"rr","display":9.65561635017702,"mu":10.406603246806394,"quality":"OK","raw":1330.4,"sigma":1.5,"state":"COOLDOWN","t":"2026-07-19T02:53:18.5552832Z","type":"sample"}
{"channel":"rr","display":9.65561635017702,"mu":10.406603246806394,"quality":"OK","raw":1330.2,"sigma":1.5,"state":"COOLDOWN","t":"2026-07-19T02:53:18.5953576Z","type":"sample"}
{"channel":"gsr","display":2466,"mu":2516.6208511023406,"quality":"OK","raw":2466,"sigma":57.97384239674634,"state":"IDLE","t":"2026-07-19T02:53:18.6268853Z","type":"sample"}
{"channel":"rr","display":9.65561635017702,"mu":10.406603246806394,"quality":"OK","raw":1332.1,"sigma":1.5,"state":"COOLDOWN","t":"2026-07-19T02:53:18.6350808Z","type":"sample"}
{"channel":"gsr","event":"state_change","from":"IDLE","t":"2026-07-19T02:53:18.6372167Z","to":"INTERROGATING","type":"event"}
{"channel":"gsr","event":"start_interrogate","mu":2516.6208511023406,"sigma":57.97384239674634,"t":"2026-07-19T02:53:18.6372167Z","type":"event"}
{"channel":"rr","display":9.65561635017702,"mu":10.406603246806394,"quality":"OK","raw":1330.9,"sigma":1.5,"state":"COOLDOWN","t":"2026-07-19T02:53:18.6750993Z","type":"sample"}
{"channel":"rr","display":9.65561635017702,"mu":10.406603246806394,"quality":"OK","raw":1330.1,"sigma":1.5,"state":"COOLDOWN","t":"2026-07-19T02:53:18.7136998Z","type":"sample"}
{"channel":"gsr","display":2464.9,"mu":2516.6208511023406,"quality":"OK","raw":2464.9,"sigma":57.97384239674634,"state":"INTERROGATING","t":"2026-07-19T02:53:18.7304374Z","type":"sample"}
{"channel":"hr","display":66,"mu":67.6331525881436,"quality":"OK","raw":66,"sigma":3,"state":"COOLDOWN","t":"2026-07-19T02:53:18.7460431Z","type":"sample"}
{"channel":"rr","display":9.65561635017702,"mu":10.406603246806394,"quality":"OK","raw":1330.1,"sigma":1.5,"state":"COOLDOWN","t":"2026-07-19T02:53:18.7553251Z","type":"sample"}
{"channel":"rr","display":9.65561635017702,"mu":10.406603246806394,"quality":"OK","raw":1331.4,"sigma":1.5,"state":"COOLDOWN","t":"2026-07-19T02:53:18.7919794Z","type":"sample"}
{"channel":"gsr","display":2468.3,"mu":2516.6208511023406,"quality":"OK","raw":2468.3,"sigma":57.97384239674634,"state":"INTERROGATING","t":"2026-07-19T02:53:18.8277028Z","type":"sample"}
{"channel":"rr","display":9.65561635017702,"mu":10.406603246806394,"quality":"OK","raw":1331.1,"sigma":1.5,"state":"COOLDOWN","t":"2026-07-19T02:53:18.8352124Z","type":"sample"}
{"channel":"rr","display":9.65561635017702,"mu":10.406603246806394,"quality":"OK","raw":1330.2,"sigma":1.5,"state":"COOLDOWN","t":"2026-07-19T02:53:18.8751077Z","type":"sample"}
{"channel":"rr","display":9.65561635017702,"mu":10.406603246806394,"quality":"OK","raw":1331.3,"sigma":1.5,"state":"COOLDOWN","t":"2026-07-19T02:53:18.9142299Z","type":"sample"}
{"channel":"gsr","display":2465.7,"mu":2516.6208511023406,"quality":"OK","raw":2465.7,"sigma":57.97384239674634,"state":"INTERROGATING","t":"2026-07-19T02:53:18.9300116Z","type":"sample"}
{"channel":"rr","display":9.65561635017702,"mu":10.406603246806394,"quality":"OK","raw":1330.5,"sigma":1.5,"state":"COOLDOWN","t":"2026-07-19T02:53:18.9553952Z","type":"sample"}
{"channel":"rr","display":9.65561635017702,"mu":10.406603246806394,"quality":"OK","raw":1331.1,"sigma":1.5,"state":"COOLDOWN","t":"2026-07-19T02:53:18.9952666Z","type":"sample"}
{"address":"/cue/p/start","args":null,"channel":"system","dir":"out","t":"2026-07-19T02:53:19.018272Z","type":"osc"}
{"channel":"gsr","display":2464.2,"mu":2516.6208511023406,"quality":"OK","raw":2464.2,"sigma":57.97384239674634,"state":"INTERROGATING","t":"2026-07-19T02:53:19.0292041Z","type":"sample"}
{"channel":"rr","display":9.65561635017702,"mu":10.406603246806394,"quality":"OK","raw":1331.5,"sigma":1.5,"state":"COOLDOWN","t":"2026-07-19T02:53:19.0351508Z","type":"sample"}
{"channel":"rr","display":9.65561635017702,"mu":10.406603246806394,"quality":"OK","raw":1329.7,"sigma":1.5,"state":"COOLDOWN","t":"2026-07-19T02:53:19.0751605Z","type":"sample"}
{"address":"/cue/r1/start","args":null,"channel":"system","dir":"out","t":"2026-07-19T02:53:19.1049481Z","type":"osc"}
{"channel":"rr","display":9.65561635017702,"mu":10.406603246806394,"quality":"OK","raw":1330.5,"sigma":1.5,"state":"COOLDOWN","t":"2026-07-19T02:53:19.1135702Z","type":"sample"}
{"channel":"gsr","display":2467,"mu":2516.6208511023406,"quality":"OK","raw":2467,"sigma":57.97384239674634,"state":"INTERROGATING","t":"2026-07-19T02:53:19.1297164Z","type":"sample"}
{"channel":"rr","display":9.65561635017702,"mu":10.406603246806394,"quality":"OK","raw":1330.6,"sigma":1.5,"state":"COOLDOWN","t":"2026-07-19T02:53:19.1553667Z","type":"sample"}
{"channel":"hr","event":"state_change","from":"COOLDOWN","t":"2026-07-19T02:53:19.1764616Z","to":"IDLE","type":"event"}
{"channel":"rr","event":"state_change","from":"COOLDOWN","t":"2026-07-19T02:53:19.1764616Z","to":"IDLE","type":"event"}
{"channel":"rr","display":9.65561635017702,"mu":10.406603246806394,"quality":"OK","raw":1331.2,"sigma":1.5,"state":"IDLE","t":"2026-07-19T02:53:19.1954372Z","type":"sample"}
{"channel":"gsr","display":2468.7,"mu":2516.6208511023406,"quality":"OK","raw":2468.7,"sigma":57.97384239674634,"state":"INTERROGATING","t":"2026-07-19T02:53:19.2306196Z","type":"sample"}
{"channel":"rr","display":9.65561635017702,"mu":10.406603246806394,"quality":"OK","raw":1329.4,"sigma":1.5,"state":"IDLE","t":"2026-07-19T02:53:19.2354031Z","type":"sample"}
{"channel":"hr","display":66,"mu":67.62498682520288,"quality":"OK","raw":66,"sigma":3,"state":"IDLE","t":"2026-07-19T02:53:19.2632548Z","type":"sample"}
{"channel":"rr","display":9.65561635017702,"mu":10.406603246806394,"quality":"OK","raw":1330.5,"sigma":1.5,"state":"IDLE","t":"2026-07-19T02:53:19.2755423Z","type":"sample"}
{"channel":"rr","display":9.65561635017702,"mu":10.406603246806394,"quality":"OK","raw":1328.2,"sigma":1.5,"state":"IDLE","t":"2026-07-19T02:53:19.3139717Z","type":"sample"}
{"channel":"gsr","display":2468.9,"mu":2516.6208511023406,"quality":"OK","raw":2468.9,"sigma":57.97384239674634,"state":"INTERROGATING","t":"2026-07-19T02:53:19.3304922Z","type":"sample"}
{"channel":"rr","display":9.65561635017702,"mu":10.406603246806394,"quality":"OK","raw":1330.8,"sigma":1.5,"state":"IDLE","t":"2026-07-19T02:53:19.3487409Z","type":"sample"}
{"channel":"rr","display":9.65561635017702,"mu":10.406603246806394,"quality":"OK","raw":1328.4,"sigma":1.5,"state":"IDLE","t":"2026-07-19T02:53:19.3948569Z","type":"sample"}
{"channel":"gsr","display":2469.3,"mu":2516.6208511023406,"quality":"OK","raw":2469.3,"sigma":57.97384239674634,"state":"INTERROGATING","t":"2026-07-19T02:53:19.4270071Z","type":"sample"}
{"channel":"rr","display":9.65561635017702,"mu":10.406603246806394,"quality":"OK","raw":1329.6,"sigma":1.5,"state":"IDLE","t":"2026-07-19T02:53:19.4348827Z","type":"sample"}
{"channel":"rr","display":9.65561635017702,"mu":10.406603246806394,"quality":"OK","raw":1329.2,"sigma":1.5,"state":"IDLE","t":"2026-07-19T02:53:19.4752102Z","type":"sample"}
{"address":"/cue/bpm066/start","args":null,"channel":"system","dir":"out","t":"2026-07-19T02:53:19.5071498Z","type":"osc"}
{"address":"/cue/g8/start","args":null,"channel":"system","dir":"out","t":"2026-07-19T02:53:19.5082914Z","type":"osc"}
{"channel":"rr","display":9.65561635017702,"mu":10.406603246806394,"quality":"OK","raw":1328.9,"sigma":1.5,"state":"IDLE","t":"2026-07-19T02:53:19.5151961Z","type":"sample"}
{"channel":"gsr","display":2470.5,"mu":2516.6208511023406,"quality":"OK","raw":2470.5,"sigma":57.97384239674634,"state":"INTERROGATING","t":"2026-07-19T02:53:19.5297637Z","type":"sample"}
{"channel":"rr","display":9.65561635017702,"mu":10.406603246806394,"quality":"OK","raw":1329.1,"sigma":1.5,"state":"IDLE","t":"2026-07-19T02:53:19.5554206Z","type":"sample"}
{"channel":"rr","display":9.65561635017702,"mu":10.406603246806394,"quality":"OK","raw":1329.7,"sigma":1.5,"state":"IDLE","t":"2026-07-19T02:53:19.5944127Z","type":"sample"}
{"channel":"gsr","display":2474.8,"mu":2516.6208511023406,"quality":"OK","raw":2474.8,"sigma":57.97384239674634,"state":"INTERROGATING","t":"2026-07-19T02:53:19.6267252Z","type":"sample"}
{"channel":"rr","display":9.65561635017702,"mu":10.406603246806394,"quality":"OK","raw":1329.7,"sigma":1.5,"state":"IDLE","t":"2026-07-19T02:53:19.6340726Z","type":"sample"}
{"channel":"rr","display":9.65561635017702,"mu":10.406603246806394,"quality":"OK","raw":1329.7,"sigma":1.5,"state":"IDLE","t":"2026-07-19T02:53:19.6752255Z","type":"sample"}
{"channel":"rr","display":9.65561635017702,"mu":10.406603246806394,"quality":"OK","raw":1330.1,"sigma":1.5,"state":"IDLE","t":"2026-07-19T02:53:19.7154119Z","type":"sample"}
{"channel":"gsr","display":2475.7,"mu":2516.6208511023406,"quality":"OK","raw":2475.7,"sigma":57.97384239674634,"state":"INTERROGATING","t":"2026-07-19T02:53:19.7304598Z","type":"sample"}
{"channel":"hr","display":66,"mu":67.61686189107687,"quality":"OK","raw":66,"sigma":3,"state":"IDLE","t":"2026-07-19T02:53:19.7459877Z","type":"sample"}
{"channel":"rr","display":9.65561635017702,"mu":10.406603246806394,"quality":"OK","raw":1329.8,"sigma":1.5,"state":"IDLE","t":"2026-07-19T02:53:19.7530979Z","type":"sample"}
{"channel":"rr","display":9.65561635017702,"mu":10.406603246806394,"quality":"OK","raw":1329.5,"sigma":1.5,"state":"IDLE","t":"2026-07-19T02:53:19.795435Z","type":"sample"}
{"channel":"gsr","display":2481.1,"mu":2516.6208511023406,"quality":"OK","raw":2481.1,"sigma":57.97384239674634,"state":"INTERROGATING","t":"2026-07-19T02:53:19.8305838Z","type":"sample"}
{"channel":"rr","display":9.65561635017702,"mu":10.406603246806394,"quality":"OK","raw":1328.2,"sigma":1.5,"state":"IDLE","t":"2026-07-19T02:53:19.8352589Z","type":"sample"}
{"channel":"rr","display":9.65561635017702,"mu":10.406603246806394,"quality":"OK","raw":1329.5,"sigma":1.5,"state":"IDLE","t":"2026-07-19T02:53:19.8750838Z","type":"sample"}
{"channel":"rr","display":9.65561635017702,"mu":10.406603246806394,"quality":"OK","raw":1328.3,"sigma":1.5,"state":"IDLE","t":"2026-07-19T02:53:19.9153155Z","type":"sample"}
{"address":"/cue/p/start","args":null,"channel":"system","dir":"out","t":"2026-07-19T02:53:19.928718Z","type":"osc"}
{"channel":"gsr","display":2476.2,"mu":2516.6208511023406,"quality":"OK","raw":2476.2,"sigma":57.97384239674634,"state":"INTERROGATING","t":"2026-07-19T02:53:19.9302489Z","type":"sample"}
{"channel":"rr","display":9.65561635017702,"mu":10.406603246806394,"quality":"OK","raw":1329.1,"sigma":1.5,"state":"IDLE","t":"2026-07-19T02:53:19.9553937Z","type":"sample"}
{"channel":"rr","display":9.65561635017702,"mu":10.406603246806394,"quality":"OK","raw":1328.1,"sigma":1.5,"state":"IDLE","t":"2026-07-19T02:53:19.9954246Z","type":"sample"}
{"channel":"gsr","display":2479.1,"mu":2516.6208511023406,"quality":"OK","raw":2479.1,"sigma":57.97384239674634,"state":"INTERROGATING","t":"2026-07-19T02:53:20.0263723Z","type":"sample"}
{"channel":"rr","display":9.65561635017702,"mu":10.406603246806394,"quality":"OK","raw":1327.6,"sigma":1.5,"state":"IDLE","t":"2026-07-19T02:53:20.0348883Z","type":"sample"}
{"channel":"rr","display":9.65561635017702,"mu":10.406603246806394,"quality":"OK","raw":1328.3,"sigma":1.5,"state":"IDLE","t":"2026-07-19T02:53:20.0752499Z","type":"sample"}
{"address":"/cue/r1/start","args":null,"channel":"system","dir":"out","t":"2026-07-19T02:53:20.1113295Z","type":"osc"}
{"channel":"rr","display":9.65561635017702,"mu":10.406603246806394,"quality":"OK","raw":1328.1,"sigma":1.5,"state":"IDLE","t":"2026-07-19T02:53:20.1154845Z","type":"sample"}
{"channel":"gsr","display":2480.6,"mu":2516.6208511023406,"quality":"OK","raw":2480.6,"sigma":57.97384239674634,"state":"INTERROGATING","t":"2026-07-19T02:53:20.1302845Z","type":"sample"}
{"channel":"rr","display":9.65561635017702,"mu":10.406603246806394,"quality":"OK","raw":1326.8,"sigma":1.5,"state":"IDLE","t":"2026-07-19T02:53:20.1556529Z","type":"sample"}
{"channel":"rr","display":9.65561635017702,"mu":10.406603246806394,"quality":"OK","raw":1328.5,"sigma":1.5,"state":"IDLE","t":"2026-07-19T02:53:20.1949559Z","type":"sample"}
{"channel":"gsr","display":2484.3,"mu":2516.6208511023406,"quality":"OK","raw":2484.3,"sigma":57.97384239674634,"state":"INTERROGATING","t":"2026-07-19T02:53:20.2305847Z","type":"sample"}
{"channel":"rr","display":9.65561635017702,"mu":10.406603246806394,"quality":"OK","raw":1327.5,"sigma":1.5,"state":"IDLE","t":"2026-07-19T02:53:20.2352492Z","type":"sample"}
{"channel":"hr","display":66,"mu":67.60877758162148,"quality":"OK","raw":66,"sigma":3,"state":"IDLE","t":"2026-07-19T02:53:20.2461993Z","type":"sample"}
{"channel":"rr","display":9.65561635017702,"mu":10.406603246806394,"quality":"OK","raw":1326.1,"sigma":1.5,"state":"IDLE","t":"2026-07-19T02:53:20.2753141Z","type":"sample"}
{"channel":"rr","display":9.65561635017702,"mu":10.406603246806394,"quality":"OK","raw":1327.4,"sigma":1.5,"state":"IDLE","t":"2026-07-19T02:53:20.314647Z","type":"sample"}
{"channel":"gsr","display":2482,"mu":2516.6208511023406,"quality":"OK","raw":2482,"sigma":57.97384239674634,"state":"INTERROGATING","t":"2026-07-19T02:53:20.3304231Z","type":"sample"}
{"channel":"rr","display":9.65561635017702,"mu":10.406603246806394,"quality":"OK","raw":1326.8,"sigma":1.5,"state":"IDLE","t":"2026-07-19T02:53:20.3525342Z","type":"sample"}
{"channel":"rr","display":9.65561635017702,"mu":10.406603246806394,"quality":"OK","raw":1326.9,"sigma":1.5,"state":"IDLE","t":"2026-07-19T02:53:20.3954511Z","type":"sample"}
{"channel":"gsr","display":2486.6,"mu":2516.6208511023406,"quality":"OK","raw":2486.6,"sigma":57.97384239674634,"state":"INTERROGATING","t":"2026-07-19T02:53:20.4290531Z","type":"sample"}
{"channel":"rr","display":9.65561635017702,"mu":10.406603246806394,"quality":"OK","raw":1327.4,"sigma":1.5,"state":"IDLE","t":"2026-07-19T02:53:20.434881Z","type":"sample"}
{"channel":"rr","display":9.65561635017702,"mu":10.406603246806394,"quality":"OK","raw":1326.8,"sigma":1.5,"state":"IDLE","t":"2026-07-19T02:53:20.47532Z","type":"sample"}
{"address":"/cue/bpm066/start","args":null,"channel":"system","dir":"out","t":"2026-07-19T02:53:20.5137008Z","type":"osc"}
{"address":"/cue/g6/start","args":null,"channel":"system","dir":"out","t":"2026-07-19T02:53:20.5147291Z","type":"osc"}
{"channel":"rr","display":9.65561635017702,"mu":10.406603246806394,"quality":"OK","raw":1326.5,"sigma":1.5,"state":"IDLE","t":"2026-07-19T02:53:20.5152381Z","type":"sample"}
{"channel":"gsr","display":2486.8,"mu":2516.6208511023406,"quality":"OK","raw":2486.8,"sigma":57.97384239674634,"state":"INTERROGATING","t":"2026-07-19T02:53:20.5303894Z","type":"sample"}
{"channel":"rr","display":9.65561635017702,"mu":10.406603246806394,"quality":"OK","raw":1327.8,"sigma":1.5,"state":"IDLE","t":"2026-07-19T02:53:20.5501749Z","type":"sample"}
{"channel":"rr","display":9.65561635017702,"mu":10.406603246806394,"quality":"OK","raw":1326.3,"sigma":1.5,"state":"IDLE","t":"2026-07-19T02:53:20.5953831Z","type":"sample"}
{"channel":"gsr","display":2483.8,"mu":2516.6208511023406,"quality":"OK","raw":2483.8,"sigma":57.97384239674634,"state":"INTERROGATING","t":"2026-07-19T02:53:20.6300791Z","type":"sample"}
{"channel":"rr","display":9.65561635017702,"mu":10.406603246806394,"quality":"OK","raw":1327.1,"sigma":1.5,"state":"IDLE","t":"2026-07-19T02:53:20.635202Z","type":"sample"}
{"channel":"rr","display":9.65561635017702,"mu":10.406603246806394,"quality":"OK","raw":1326.2,"sigma":1.5,"state":"IDLE","t":"2026-07-19T02:53:20.6753378Z","type":"sample"}
{"channel":"rr","display":9.65561635017702,"mu":10.406603246806394,"quality":"OK","raw":1327.5,"sigma":1.5,"state":"IDLE","t":"2026-07-19T02:53:20.7155275Z","type":"sample"}
{"channel":"gsr","display":2485.1,"mu":2516.6208511023406,"quality":"OK","raw":2485.1,"sigma":57.97384239674634,"state":"INTERROGATING","t":"2026-07-19T02:53:20.730586Z","type":"sample"}
{"channel":"hr","display":66,"mu":67.60073369371338,"quality":"OK","raw":66,"sigma":3,"state":"IDLE","t":"2026-07-19T02:53:20.7462702Z","type":"sample"}
{"channel":"rr","display":9.65561635017702,"mu":10.406603246806394,"quality":"OK","raw":1328.1,"sigma":1.5,"state":"IDLE","t":"2026-07-19T02:53:20.7554811Z","type":"sample"}
{"channel":"rr","display":9.65561635017702,"mu":10.406603246806394,"quality":"OK","raw":1326.8,"sigma":1.5,"state":"IDLE","t":"2026-07-19T02:53:20.7948532Z","type":"sample"}
{"channel":"gsr","display":2484.9,"mu":2516.6208511023406,"quality":"OK","raw":2484.9,"sigma":57.97384239674634,"state":"INTERROGATING","t":"2026-07-19T02:53:20.8275013Z","type":"sample"}
{"channel":"rr","display":9.65561635017702,"mu":10.406603246806394,"quality":"OK","raw":1327.8,"sigma":1.5,"state":"IDLE","t":"2026-07-19T02:53:20.8352198Z","type":"sample"}
{"address":"/cue/p/start","args":null,"channel":"system","dir":"out","t":"2026-07-19T02:53:20.8380383Z","type":"osc"}
{"channel":"rr","display":9.65561635017702,"mu":10.406603246806394,"quality":"OK","raw":1328.1,"sigma":1.5,"state":"IDLE","t":"2026-07-19T02:53:20.8753465Z","type":"sample"}
{"channel":"rr","display":9.65561635017702,"mu":10.406603246806394,"quality":"OK","raw":1327.6,"sigma":1.5,"state":"IDLE","t":"2026-07-19T02:53:20.9139235Z","type":"sample"}
{"channel":"gsr","display":2482.2,"mu":2516.6208511023406,"quality":"OK","raw":2482.2,"sigma":57.97384239674634,"state":"INTERROGATING","t":"2026-07-19T02:53:20.9265445Z","type":"sample"}
{"channel":"rr","display":9.65561635017702,"mu":10.406603246806394,"quality":"OK","raw":1328.1,"sigma":1.5,"state":"IDLE","t":"2026-07-19T02:53:20.9495593Z","type":"sample"}
{"channel":"rr","display":9.65561635017702,"mu":10.406603246806394,"quality":"OK","raw":1326.8,"sigma":1.5,"state":"IDLE","t":"2026-07-19T02:53:20.9930316Z","type":"sample"}
{"channel":"gsr","display":2487.7,"mu":2516.6208511023406,"quality":"OK","raw":2487.7,"sigma":57.97384239674634,"state":"INTERROGATING","t":"2026-07-19T02:53:21.0270259Z","type":"sample"}
{"channel":"rr","display":9.65561635017702,"mu":10.406603246806394,"quality":"OK","raw":1328.6,"sigma":1.5,"state":"IDLE","t":"2026-07-19T02:53:21.0350363Z","type":"sample"}
{"channel":"rr","display":9.65561635017702,"mu":10.406603246806394,"quality":"OK","raw":1327.8,"sigma":1.5,"state":"IDLE","t":"2026-07-19T02:53:21.0754428Z","type":"sample"}
{"channel":"rr","display":9.65561635017702,"mu":10.406603246806394,"quality":"OK","raw":1326.2,"sigma":1.5,"state":"IDLE","t":"2026-07-19T02:53:21.115552Z","type":"sample"}
{"address":"/cue/r1/start","args":null,"channel":"system","dir":"out","t":"2026-07-19T02:53:21.1247467Z","type":"osc"}
{"channel":"gsr","display":2488.4,"mu":2516.6208511023406,"quality":"OK","raw":2488.4,"sigma":57.97384239674634,"state":"INTERROGATING","t":"2026-07-19T02:53:21.1301221Z","type":"sample"}
{"channel":"rr","display":9.65561635017702,"mu":10.406603246806394,"quality":"OK","raw":1328.6,"sigma":1.5,"state":"IDLE","t":"2026-07-19T02:53:21.154483Z","type":"sample"}
{"channel":"rr","display":9.65561635017702,"mu":10.406603246806394,"quality":"OK","raw":1327.6,"sigma":1.5,"state":"IDLE","t":"2026-07-19T02:53:21.1937424Z","type":"sample"}
{"channel":"gsr","display":2484.3,"mu":2516.6208511023406,"quality":"OK","raw":2484.3,"sigma":57.97384239674634,"state":"INTERROGATING","t":"2026-07-19T02:53:21.2305996Z","type":"sample"}
{"channel":"rr","display":9.65561635017702,"mu":10.406603246806394,"quality":"OK","raw":1327.8,"sigma":1.5,"state":"IDLE","t":"2026-07-19T02:53:21.2350063Z","type":"sample"}
{"channel":"hr","display":66,"mu":67.59273002524482,"quality":"OK","raw":66,"sigma":3,"state":"IDLE","t":"2026-07-19T02:53:21.2460273Z","type":"sample"}
{"channel":"rr","display":9.65561635017702,"mu":10.406603246806394,"quality":"OK","raw":1327.2,"sigma":1.5,"state":"IDLE","t":"2026-07-19T02:53:21.2754217Z","type":"sample"}
{"channel":"rr","display":9.65561635017702,"mu":10.406603246806394,"quality":"OK","raw":1328,"sigma":1.5,"state":"IDLE","t":"2026-07-19T02:53:21.3133203Z","type":"sample"}
{"channel":"gsr","display":2491,"mu":2516.6208511023406,"quality":"OK","raw":2491,"sigma":57.97384239674634,"state":"INTERROGATING","t":"2026-07-19T02:53:21.3304339Z","type":"sample"}
{"channel":"rr","display":9.65561635017702,"mu":10.406603246806394,"quality":"OK","raw":1328,"sigma":1.5,"state":"IDLE","t":"2026-07-19T02:53:21.3510691Z","type":"sample"}
{"channel":"rr","display":9.65561635017702,"mu":10.406603246806394,"quality":"OK","raw":1327.8,"sigma":1.5,"state":"IDLE","t":"2026-07-19T02:53:21.395475Z","type":"sample"}
{"channel":"gsr","display":2485.2,"mu":2516.6208511023406,"quality":"OK","raw":2485.2,"sigma":57.97384239674634,"state":"INTERROGATING","t":"2026-07-19T02:53:21.4305342Z","type":"sample"}
{"channel":"rr","display":9.65561635017702,"mu":10.406603246806394,"quality":"OK","raw":1327.7,"sigma":1.5,"state":"IDLE","t":"2026-07-19T02:53:21.4353456Z","type":"sample"}
{"channel":"rr","display":9.65561635017702,"mu":10.406603246806394,"quality":"OK","raw":1326.8,"sigma":1.5,"state":"IDLE","t":"2026-07-19T02:53:21.4749569Z","type":"sample"}
{"channel":"rr","display":9.65561635017702,"mu":10.406603246806394,"quality":"OK","raw":1324.5,"sigma":1.5,"state":"IDLE","t":"2026-07-19T02:53:21.5136156Z","type":"sample"}
{"channel":"gsr","display":2482.2,"mu":2516.6208511023406,"quality":"OK","raw":2482.2,"sigma":57.97384239674634,"state":"INTERROGATING","t":"2026-07-19T02:53:21.5303154Z","type":"sample"}
{"address":"/cue/bpm066/start","args":null,"channel":"system","dir":"out","t":"2026-07-19T02:53:21.5313708Z","type":"osc"}
{"address":"/cue/g5/start","args":null,"channel":"system","dir":"out","t":"2026-07-19T02:53:21.5318893Z","type":"osc"}
{"channel":"rr","display":9.65561635017702,"mu":10.406603246806394,"quality":"OK","raw":1325.8,"sigma":1.5,"state":"IDLE","t":"2026-07-19T02:53:21.555077Z","type":"sample"}
{"channel":"rr","display":9.65561635017702,"mu":10.406603246806394,"quality":"OK","raw":1325.6,"sigma":1.5,"state":"IDLE","t":"2026-07-19T02:53:21.5954832Z","type":"sample"}
{"channel":"gsr","display":2485.1,"mu":2516.6208511023406,"quality":"OK","raw":2485.1,"sigma":57.97384239674634,"state":"INTERROGATING","t":"2026-07-19T02:53:21.6306089Z","type":"sample"}
{"channel":"rr","display":9.65561635017702,"mu":10.406603246806394,"quality":"OK","raw":1327.4,"sigma":1.5,"state":"IDLE","t":"2026-07-19T02:53:21.635325Z","type":"sample"}
{"channel":"rr","display":9.65561635017702,"mu":10.406603246806394,"quality":"OK","raw":1326.1,"sigma":1.5,"state":"IDLE","t":"2026-07-19T02:53:21.675393Z","type":"sample"}
{"channel":"rr","display":9.65561635017702,"mu":10.406603246806394,"quality":"OK","raw":1326.1,"sigma":1.5,"state":"IDLE","t":"2026-07-19T02:53:21.7154036Z","type":"sample"}
{"channel":"gsr","display":2482.9,"mu":2516.6208511023406,"quality":"OK","raw":2482.9,"sigma":57.97384239674634,"state":"INTERROGATING","t":"2026-07-19T02:53:21.7304238Z","type":"sample"}
{"channel":"hr","display":66,"mu":67.58476637511859,"quality":"OK","raw":66,"sigma":3,"state":"IDLE","t":"2026-07-19T02:53:21.7460672Z","type":"sample"}
{"address":"/cue/p/start","args":null,"channel":"system","dir":"out","t":"2026-07-19T02:53:21.7465825Z","type":"osc"}
{"channel":"rr","display":9.65561635017702,"mu":10.406603246806394,"quality":"OK","raw":1325.9,"sigma":1.5,"state":"IDLE","t":"2026-07-19T02:53:21.7550435Z","type":"sample"}
{"channel":"rr","display":9.65561635017702,"mu":10.406603246806394,"quality":"OK","raw":1326.1,"sigma":1.5,"state":"IDLE","t":"2026-07-19T02:53:21.7954221Z","type":"sample"}
{"channel":"gsr","display":2482.2,"mu":2516.6208511023406,"quality":"OK","raw":2482.2,"sigma":57.97384239674634,"state":"INTERROGATING","t":"2026-07-19T02:53:21.8306364Z","type":"sample"}
{"channel":"rr","display":9.65561635017702,"mu":10.406603246806394,"quality":"OK","raw":1325.7,"sigma":1.5,"state":"IDLE","t":"2026-07-19T02:53:21.8351099Z","type":"sample"}
{"channel":"rr","display":9.65561635017702,"mu":10.406603246806394,"quality":"OK","raw":1325.2,"sigma":1.5,"state":"IDLE","t":"2026-07-19T02:53:21.8754528Z","type":"sample"}
{"channel":"rr","display":9.65561635017702,"mu":10.406603246806394,"quality":"OK","raw":1326.1,"sigma":1.5,"state":"IDLE","t":"2026-07-19T02:53:21.9138344Z","type":"sample"}
{"channel":"gsr","display":2484.2,"mu":2516.6208511023406,"quality":"OK","raw":2484.2,"sigma":57.97384239674634,"state":"INTERROGATING","t":"2026-07-19T02:53:21.9304243Z","type":"sample"}
{"channel":"rr","display":9.65561635017702,"mu":10.406603246806394,"quality":"OK","raw":1325.4,"sigma":1.5,"state":"IDLE","t":"2026-07-19T02:53:21.9530986Z","type":"sample"}
{"channel":"rr","display":9.65561635017702,"mu":10.406603246806394,"quality":"OK","raw":1324.6,"sigma":1.5,"state":"IDLE","t":"2026-07-19T02:53:21.9953558Z","type":"sample"}
{"channel":"gsr","display":2486.8,"mu":2516.6208511023406,"quality":"OK","raw":2486.8,"sigma":57.97384239674634,"state":"INTERROGATING","t":"2026-07-19T02:53:22.0267079Z","type":"sample"}
{"channel":"rr","display":9.65561635017702,"mu":10.406603246806394,"quality":"OK","raw":1326.6,"sigma":1.5,"state":"IDLE","t":"2026-07-19T02:53:22.0352317Z","type":"sample"}
{"channel":"rr","display":9.65561635017702,"mu":10.406603246806394,"quality":"OK","raw":1326,"sigma":1.5,"state":"IDLE","t":"2026-07-19T02:53:22.0719438Z","type":"sample"}
{"channel":"rr","display":9.65561635017702,"mu":10.406603246806394,"quality":"OK","raw":1327.2,"sigma":1.5,"state":"IDLE","t":"2026-07-19T02:53:22.1151078Z","type":"sample"}
{"channel":"gsr","display":2484,"mu":2516.6208511023406,"quality":"OK","raw":2484,"sigma":57.97384239674634,"state":"INTERROGATING","t":"2026-07-19T02:53:22.1304176Z","type":"sample"}
{"address":"/cue/r1/start","args":null,"channel":"system","dir":"out","t":"2026-07-19T02:53:22.1474695Z","type":"osc"}
{"channel":"rr","display":9.65561635017702,"mu":10.406603246806394,"quality":"OK","raw":1325.6,"sigma":1.5,"state":"IDLE","t":"2026-07-19T02:53:22.1549508Z","type":"sample"}
{"L":31.138083212231376,"channel":"gsr","n":35,"t":"2026-07-19T02:53:22.1764652Z","type":"scored","z":0.6441475448467716}
{"channel":"gsr","event":"state_change","from":"INTERROGATING","t":"2026-07-19T02:53:22.1764652Z","to":"COOLDOWN","type":"event"}
{"channel":"rr","display":9.65561635017702,"mu":10.406603246806394,"quality":"OK","raw":1325.5,"sigma":1.5,"state":"IDLE","t":"2026-07-19T02:53:22.1945991Z","type":"sample"}
{"channel":"gsr","display":2486.3,"mu":2516.6208511023406,"quality":"OK","raw":2486.3,"sigma":57.97384239674634,"state":"COOLDOWN","t":"2026-07-19T02:53:22.2304949Z","type":"sample"}
{"channel":"rr","display":9.65561635017702,"mu":10.406603246806394,"quality":"OK","raw":1325.3,"sigma":1.5,"state":"IDLE","t":"2026-07-19T02:53:22.235268Z","type":"sample"}
{"channel":"hr","display":66,"mu":67.576842543243,"quality":"OK","raw":66,"sigma":3,"state":"IDLE","t":"2026-07-19T02:53:22.2461456Z","type":"sample"}
{"channel":"rr","display":9.65561635017702,"mu":10.406603246806394,"quality":"OK","raw":1325.6,"sigma":1.5,"state":"IDLE","t":"2026-07-19T02:53:22.2729337Z","type":"sample"}
{"channel":"rr","display":9.65561635017702,"mu":10.406603246806394,"quality":"OK","raw":1325.1,"sigma":1.5,"state":"IDLE","t":"2026-07-19T02:53:22.315385Z","type":"sample"}
{"channel":"gsr","display":2487.5,"mu":2516.6208511023406,"quality":"OK","raw":2487.5,"sigma":57.97384239674634,"state":"COOLDOWN","t":"2026-07-19T02:53:22.3296625Z","type":"sample"}
{"channel":"rr","display":9.65561635017702,"mu":10.406603246806394,"quality":"OK","raw":1325.6,"sigma":1.5,"state":"IDLE","t":"2026-07-19T02:53:22.3554053Z","type":"sample"}
{"channel":"rr","display":9.65561635017702,"mu":10.406603246806394,"quality":"OK","raw":1325.3,"sigma":1.5,"state":"IDLE","t":"2026-07-19T02:53:22.3951606Z","type":"sample"}
{"channel":"gsr","display":2486.9,"mu":2516.6208511023406,"quality":"OK","raw":2486.9,"sigma":57.97384239674634,"state":"COOLDOWN","t":"2026-07-19T02:53:22.428171Z","type":"sample"}
{"channel":"rr","display":9.65561635017702,"mu":10.406603246806394,"quality":"OK","raw":1325.6,"sigma":1.5,"state":"IDLE","t":"2026-07-19T02:53:22.4352727Z","type":"sample"}
{"channel":"rr","display":9.65561635017702,"mu":10.406603246806394,"quality":"OK","raw":1326,"sigma":1.5,"state":"IDLE","t":"2026-07-19T02:53:22.4753009Z","type":"sample"}
{"channel":"rr","display":9.65561635017702,"mu":10.406603246806394,"quality":"OK","raw":1325.2,"sigma":1.5,"state":"IDLE","t":"2026-07-19T02:53:22.5154509Z","type":"sample"}
{"channel":"gsr","display":2488.2,"mu":2516.6208511023406,"quality":"OK","raw":2488.2,"sigma":57.97384239674634,"state":"COOLDOWN","t":"2026-07-19T02:53:22.5302297Z","type":"sample"}
{"channel":"rr","display":9.65561635017702,"mu":10.406603246806394,"quality":"OK","raw":1325.8,"sigma":1.5,"state":"IDLE","t":"2026-07-19T02:53:22.5555394Z","type":"sample"}
{"address":"/cue/bpm066/start","args":null,"channel":"system","dir":"out","t":"2026-07-19T02:53:22.5661924Z","type":"osc"}
{"address":"/cue/g5/start","args":null,"channel":"system","dir":"out","t":"2026-07-19T02:53:22.5672373Z","type":"osc"}
{"channel":"rr","display":9.65561635017702,"mu":10.406603246806394,"quality":"OK","raw":1324.5,"sigma":1.5,"state":"IDLE","t":"2026-07-19T02:53:22.5954328Z","type":"sample"}
{"channel":"gsr","display":2487.3,"mu":2516.6208511023406,"quality":"OK","raw":2487.3,"sigma":57.97384239674634,"state":"COOLDOWN","t":"2026-07-19T02:53:22.6305481Z","type":"sample"}
{"channel":"rr","display":9.65561635017702,"mu":10.406603246806394,"quality":"OK","raw":1324.9,"sigma":1.5,"state":"IDLE","t":"2026-07-19T02:53:22.6352133Z","type":"sample"}
{"address":"/cue/p/start","args":null,"channel":"system","dir":"out","t":"2026-07-19T02:53:22.6558383Z","type":"osc"}
{"channel":"rr","display":9.65561635017702,"mu":10.406603246806394,"quality":"OK","raw":1325.1,"sigma":1.5,"state":"IDLE","t":"2026-07-19T02:53:22.6726766Z","type":"sample"}
{"channel":"rr","display":9.65561635017702,"mu":10.406603246806394,"quality":"OK","raw":1325.4,"sigma":1.5,"state":"IDLE","t":"2026-07-19T02:53:22.7154115Z","type":"sample"}
{"channel":"gsr","display":2491.3,"mu":2516.6208511023406,"quality":"OK","raw":2491.3,"sigma":57.97384239674634,"state":"COOLDOWN","t":"2026-07-19T02:53:22.7304361Z","type":"sample"}
{"channel":"hr","display":65,"mu":67.56395833052679,"quality":"OK","raw":65,"sigma":3,"state":"IDLE","t":"2026-07-19T02:53:22.7461217Z","type":"sample"}
{"channel":"rr","display":9.65561635017702,"mu":10.406603246806394,"quality":"OK","raw":1326.1,"sigma":1.5,"state":"IDLE","t":"2026-07-19T02:53:22.755234Z","type":"sample"}
{"channel":"rr","display":9.65561635017702,"mu":10.406603246806394,"quality":"OK","raw":1325.2,"sigma":1.5,"state":"IDLE","t":"2026-07-19T02:53:22.7953702Z","type":"sample"}
{"channel":"gsr","display":2492.1,"mu":2516.6208511023406,"quality":"OK","raw":2492.1,"sigma":57.97384239674634,"state":"COOLDOWN","t":"2026-07-19T02:53:22.8266394Z","type":"sample"}
{"channel":"rr","display":9.65561635017702,"mu":10.406603246806394,"quality":"OK","raw":1326,"sigma":1.5,"state":"IDLE","t":"2026-07-19T02:53:22.834977Z","type":"sample"}
{"channel":"rr","display":9.65561635017702,"mu":10.406603246806394,"quality":"OK","raw":1326.4,"sigma":1.5,"state":"IDLE","t":"2026-07-19T02:53:22.8754024Z","type":"sample"}
{"channel":"rr","event":"quality_change","quality":"OUT_OF_RANGE","t":"2026-07-19T02:53:22.9153818Z","type":"event"}
{"channel":"rr","display":9.65561635017702,"mu":10.406603246806394,"quality":"OUT_OF_RANGE","raw":1325.2,"sigma":1.5,"state":"IDLE","t":"2026-07-19T02:53:22.9153818Z","type":"sample"}
{"channel":"gsr","display":2498.9,"mu":2516.6208511023406,"quality":"OK","raw":2498.9,"sigma":57.97384239674634,"state":"COOLDOWN","t":"2026-07-19T02:53:22.9302141Z","type":"sample"}
{"channel":"rr","display":9.65561635017702,"mu":10.406603246806394,"quality":"OUT_OF_RANGE","raw":1326.4,"sigma":1.5,"state":"IDLE","t":"2026-07-19T02:53:22.9555298Z","type":"sample"}
{"channel":"rr","display":9.65561635017702,"mu":10.406603246806394,"quality":"OUT_OF_RANGE","raw":1324.4,"sigma":1.5,"state":"IDLE","t":"2026-07-19T02:53:22.9934657Z","type":"sample"}
{"channel":"gsr","display":2496.9,"mu":2516.6208511023406,"quality":"OK","raw":2496.9,"sigma":57.97384239674634,"state":"COOLDOWN","t":"2026-07-19T02:53:23.0301521Z","type":"sample"}
{"channel":"rr","display":9.65561635017702,"mu":10.406603246806394,"quality":"OUT_OF_RANGE","raw":1325.8,"sigma":1.5,"state":"IDLE","t":"2026-07-19T02:53:23.0352452Z","type":"sample"}
{"channel":"rr","display":9.65561635017702,"mu":10.406603246806394,"quality":"OUT_OF_RANGE","raw":1325.6,"sigma":1.5,"state":"IDLE","t":"2026-07-19T02:53:23.0732922Z","type":"sample"}
{"channel":"rr","display":9.65561635017702,"mu":10.406603246806394,"quality":"OUT_OF_RANGE","raw":1324.5,"sigma":1.5,"state":"IDLE","t":"2026-07-19T02:53:23.1152224Z","type":"sample"}
{"channel":"gsr","display":2500.4,"mu":2516.6208511023406,"quality":"OK","raw":2500.4,"sigma":57.97384239674634,"state":"COOLDOWN","t":"2026-07-19T02:53:23.1301131Z","type":"sample"}
{"channel":"rr","display":9.65561635017702,"mu":10.406603246806394,"quality":"OUT_OF_RANGE","raw":1325.6,"sigma":1.5,"state":"IDLE","t":"2026-07-19T02:53:23.1552765Z","type":"sample"}
{"channel":"rr","display":9.65561635017702,"mu":10.406603246806394,"quality":"OUT_OF_RANGE","raw":1326.1,"sigma":1.5,"state":"IDLE","t":"2026-07-19T02:53:23.195377Z","type":"sample"}
{"channel":"gsr","display":2500.7,"mu":2516.6208511023406,"quality":"OK","raw":2500.7,"sigma":57.97384239674634,"state":"COOLDOWN","t":"2026-07-19T02:53:23.2305596Z","type":"sample"}
{"channel":"rr","display":9.65561635017702,"mu":10.406603246806394,"quality":"OUT_OF_RANGE","raw":1326.1,"sigma":1.5,"state":"IDLE","t":"2026-07-19T02:53:23.2353831Z","type":"sample"}
{"channel":"hr","display":65,"mu":67.55113853887416,"quality":"OK","raw":65,"sigma":3,"state":"IDLE","t":"2026-07-19T02:53:23.2457334Z","type":"sample"}
{"channel":"rr","display":9.65561635017702,"mu":10.406603246806394,"quality":"OUT_OF_RANGE","raw":1327.1,"sigma":1.5,"state":"IDLE","t":"2026-07-19T02:53:23.2755469Z","type":"sample"}
{"channel":"rr","display":9.65561635017702,"mu":10.406603246806394,"quality":"OUT_OF_RANGE","raw":1325.8,"sigma":1.5,"state":"IDLE","t":"2026-07-19T02:53:23.3153431Z","type":"sample"}
{"channel":"gsr","display":2502.1,"mu":2516.6208511023406,"quality":"OK","raw":2502.1,"sigma":57.97384239674634,"state":"COOLDOWN","t":"2026-07-19T02:53:23.3297951Z","type":"sample"}
{"channel":"rr","display":9.65561635017702,"mu":10.406603246806394,"quality":"OUT_OF_RANGE","raw":1325.8,"sigma":1.5,"state":"IDLE","t":"2026-07-19T02:53:23.3479781Z","type":"sample"}
{"channel":"rr","display":9.65561635017702,"mu":10.406603246806394,"quality":"OUT_OF_RANGE","raw":1325.6,"sigma":1.5,"state":"IDLE","t":"2026-07-19T02:53:23.395301Z","type":"sample"}
{"channel":"gsr","display":2502.5,"mu":2516.6208511023406,"quality":"OK","raw":2502.5,"sigma":57.97384239674634,"state":"COOLDOWN","t":"2026-07-19T02:53:23.426793Z","type":"sample"}
{"channel":"rr","display":9.65561635017702,"mu":10.406603246806394,"quality":"OUT_OF_RANGE","raw":1325.1,"sigma":1.5,"state":"IDLE","t":"2026-07-19T02:53:23.4349056Z","type":"sample"}
{"channel":"rr","display":9.65561635017702,"mu":10.406603246806394,"quality":"OUT_OF_RANGE","raw":1326.2,"sigma":1.5,"state":"IDLE","t":"2026-07-19T02:53:23.475394Z","type":"sample"}
{"channel":"rr","display":9.65561635017702,"mu":10.406603246806394,"quality":"OUT_OF_RANGE","raw":1325.2,"sigma":1.5,"state":"IDLE","t":"2026-07-19T02:53:23.5133914Z","type":"sample"}
{"channel":"gsr","display":2501.1,"mu":2516.6208511023406,"quality":"OK","raw":2501.1,"sigma":57.97384239674634,"state":"COOLDOWN","t":"2026-07-19T02:53:23.53055Z","type":"sample"}
{"channel":"rr","display":9.65561635017702,"mu":10.406603246806394,"quality":"OUT_OF_RANGE","raw":1327.1,"sigma":1.5,"state":"IDLE","t":"2026-07-19T02:53:23.5553647Z","type":"sample"}
{"address":"/cue/p/start","args":null,"channel":"system","dir":"out","t":"2026-07-19T02:53:23.564812Z","type":"osc"}
{"address":"/cue/bpm065/start","args":null,"channel":"system","dir":"out","t":"2026-07-19T02:53:23.5727574Z","type":"osc"}
{"address":"/cue/g3/start","args":null,"channel":"system","dir":"out","t":"2026-07-19T02:53:23.5737885Z","type":"osc"}
{"channel":"rr","display":9.65561635017702,"mu":10.406603246806394,"quality":"OUT_OF_RANGE","raw":1325.9,"sigma":1.5,"state":"IDLE","t":"2026-07-19T02:53:23.593059Z","type":"sample"}
{"channel":"gsr","display":2503,"mu":2516.6208511023406,"quality":"OK","raw":2503,"sigma":57.97384239674634,"state":"COOLDOWN","t":"2026-07-19T02:53:23.6305847Z","type":"sample"}
{"channel":"rr","display":9.65561635017702,"mu":10.406603246806394,"quality":"OUT_OF_RANGE","raw":1325.8,"sigma":1.5,"state":"IDLE","t":"2026-07-19T02:53:23.6354179Z","type":"sample"}
{"channel":"rr","display":9.65561635017702,"mu":10.406603246806394,"quality":"OUT_OF_RANGE","raw":1327.4,"sigma":1.5,"state":"IDLE","t":"2026-07-19T02:53:23.675222Z","type":"sample"}
{"channel":"rr","display":9.65561635017702,"mu":10.406603246806394,"quality":"OUT_OF_RANGE","raw":1325.6,"sigma":1.5,"state":"IDLE","t":"2026-07-19T02:53:23.7133967Z","type":"sample"}
{"channel":"gsr","display":2504.9,"mu":2516.6208511023406,"quality":"OK","raw":2504.9,"sigma":57.97384239674634,"state":"COOLDOWN","t":"2026-07-19T02:53:23.7303786Z","type":"sample"}
{"channel":"hr","display":65,"mu":67.53838284617979,"quality":"OK","raw":65,"sigma":3,"state":"IDLE","t":"2026-07-19T02:53:23.7456914Z","type":"sample"}
{"channel":"rr","display":9.65561635017702,"mu":10.406603246806394,"quality":"OUT_OF_RANGE","raw":1325.2,"sigma":1.5,"state":"IDLE","t":"2026-07-19T02:53:23.7542334Z","type":"sample"}
{"channel":"rr","display":9.65561635017702,"mu":10.406603246806394,"quality":"OUT_OF_RANGE","raw":1325.2,"sigma":1.5,"state":"IDLE","t":"2026-07-19T02:53:23.7952826Z","type":"sample"}
{"channel":"gsr","display":2504.6,"mu":2516.6208511023406,"quality":"OK","raw":2504.6,"sigma":57.97384239674634,"state":"COOLDOWN","t":"2026-07-19T02:53:23.8306452Z","type":"sample"}
{"channel":"rr","display":9.65561635017702,"mu":10.406603246806394,"quality":"OUT_OF_RANGE","raw":1325.2,"sigma":1.5,"state":"IDLE","t":"2026-07-19T02:53:23.8353841Z","type":"sample"}
{"channel":"rr","display":9.65561635017702,"mu":10.406603246806394,"quality":"OUT_OF_RANGE","raw":1324,"sigma":1.5,"state":"IDLE","t":"2026-07-19T02:53:23.874926Z","type":"sample"}
{"channel":"rr","display":9.65561635017702,"mu":10.406603246806394,"quality":"OUT_OF_RANGE","raw":1321.9,"sigma":1.5,"state":"IDLE","t":"2026-07-19T02:53:23.9153914Z","type":"sample"}
{"channel":"gsr","display":2507.2,"mu":2516.6208511023406,"quality":"OK","raw":2507.2,"sigma":57.97384239674634,"state":"COOLDOWN","t":"2026-07-19T02:53:23.9300295Z","type":"sample"}
{"channel":"rr","display":9.65561635017702,"mu":10.406603246806394,"quality":"OUT_OF_RANGE","raw":1311.5,"sigma":1.5,"state":"IDLE","t":"2026-07-19T02:53:23.9553809Z","type":"sample"}
{"channel":"rr","display":9.65561635017702,"mu":10.406603246806394,"quality":"OUT_OF_RANGE","raw":1303.4,"sigma":1.5,"state":"IDLE","t":"2026-07-19T02:53:23.9952384Z","type":"sample"}
{"channel":"gsr","display":2512.8,"mu":2516.6208511023406,"quality":"OK","raw":2512.8,"sigma":57.97384239674634,"state":"COOLDOWN","t":"2026-07-19T02:53:24.0304593Z","type":"sample"}
{"channel":"rr","display":9.65561635017702,"mu":10.406603246806394,"quality":"OUT_OF_RANGE","raw":1294.8,"sigma":1.5,"state":"IDLE","t":"2026-07-19T02:53:24.0352764Z","type":"sample"}
{"channel":"rr","display":9.65561635017702,"mu":10.406603246806394,"quality":"OUT_OF_RANGE","raw":1289.9,"sigma":1.5,"state":"IDLE","t":"2026-07-19T02:53:24.0720498Z","type":"sample"}
{"channel":"rr","display":9.65561635017702,"mu":10.406603246806394,"quality":"OUT_OF_RANGE","raw":1284.1,"sigma":1.5,"state":"IDLE","t":"2026-07-19T02:53:24.1154001Z","type":"sample"}
{"channel":"gsr","display":2515.7,"mu":2516.6208511023406,"quality":"OK","raw":2515.7,"sigma":57.97384239674634,"state":"COOLDOWN","t":"2026-07-19T02:53:24.1302982Z","type":"sample"}
{"channel":"rr","display":9.65561635017702,"mu":10.406603246806394,"quality":"OUT_OF_RANGE","raw":1274.2,"sigma":1.5,"state":"IDLE","t":"2026-07-19T02:53:24.1470882Z","type":"sample"}
{"channel":"rr","display":9.65561635017702,"mu":10.406603246806394,"quality":"OUT_OF_RANGE","raw":1270.8,"sigma":1.5,"state":"IDLE","t":"2026-07-19T02:53:24.1937648Z","type":"sample"}
{"channel":"gsr","display":2516.2,"mu":2516.6208511023406,"quality":"OK","raw":2516.2,"sigma":57.97384239674634,"state":"COOLDOWN","t":"2026-07-19T02:53:24.2306108Z","type":"sample"}
{"channel":"rr","event":"quality_change","quality":"OK","t":"2026-07-19T02:53:24.2350802Z","type":"event"}
{"channel":"rr","display":9.65561635017702,"mu":10.406603246806394,"quality":"OK","raw":1264.6,"sigma":1.5,"state":"IDLE","t":"2026-07-19T02:53:24.2350802Z","type":"sample"}
{"channel":"hr","display":65,"mu":67.52569093194889,"quality":"OK","raw":65,"sigma":3,"state":"IDLE","t":"2026-07-19T02:53:24.2459802Z","type":"sample"}
{"channel":"rr","display":9.65561635017702,"mu":10.406603246806394,"quality":"OK","raw":1260.2,"sigma":1.5,"state":"IDLE","t":"2026-07-19T02:53:24.2730225Z","type":"sample"}
{"address":"/cue/r1/start","args":null,"channel":"system","dir":"out","t":"2026-07-19T02:53:24.2841871Z","type":"osc"}
{"channel":"rr","display":9.65561635017702,"mu":10.406603246806394,"quality":"OK","raw":1258.6,"sigma":1.5,"state":"IDLE","t":"2026-07-19T02:53:24.3154473Z","type":"sample"}
{"channel":"gsr","display":2517.3,"mu":2516.6208511023406,"quality":"OK","raw":2517.3,"sigma":57.97384239674634,"state":"COOLDOWN","t":"2026-07-19T02:53:24.3304083Z","type":"sample"}
{"channel":"rr","display":9.65561635017702,"mu":10.406603246806394,"quality":"OK","raw":1256.4,"sigma":1.5,"state":"IDLE","t":"2026-07-19T02:53:24.3539428Z","type":"sample"}
{"channel":"rr","display":9.65561635017702,"mu":10.406603246806394,"quality":"OK","raw":1255.3,"sigma":1.5,"state":"IDLE","t":"2026-07-19T02:53:24.3951325Z","type":"sample"}
{"channel":"gsr","display":2515.2,"mu":2516.6208511023406,"quality":"OK","raw":2515.2,"sigma":57.97384239674634,"state":"COOLDOWN","t":"2026-07-19T02:53:24.4276459Z","type":"sample"}
{"channel":"rr","display":9.65561635017702,"mu":10.406603246806394,"quality":"OK","raw":1254.8,"sigma":1.5,"state":"IDLE","t":"2026-07-19T02:53:24.4356523Z","type":"sample"}
{"channel":"rr","display":9.65561635017702,"mu":10.406603246806394,"quality":"OK","raw":1252.8,"sigma":1.5,"state":"IDLE","t":"2026-07-19T02:53:24.4754776Z","type":"sample"}
{"address":"/cue/p/start","args":null,"channel":"system","dir":"out","t":"2026-07-19T02:53:24.4889873Z","type":"osc"}
{"channel":"rr","display":8.603383997705764,"mu":10.388571054315388,"quality":"OK","raw":1253.8,"sigma":1.5,"state":"IDLE","t":"2026-07-19T02:53:24.5154489Z","type":"sample"}
{"channel":"gsr","display":2517.8,"mu":2516.6208511023406,"quality":"OK","raw":2517.8,"sigma":57.97384239674634,"state":"COOLDOWN","t":"2026-07-19T02:53:24.5304904Z","type":"sample"}
{"channel":"rr","display":8.603383997705764,"mu":10.388571054315388,"quality":"OK","raw":1253.9,"sigma":1.5,"state":"IDLE","t":"2026-07-19T02:53:24.5556868Z","type":"sample"}
{"address":"/cue/bpm065/start","args":null,"channel":"system","dir":"out","t":"2026-07-19T02:53:24.5864126Z","type":"osc"}
{"address":"/cue/g1/start","args":null,"channel":"system","dir":"out","t":"2026-07-19T02:53:24.5874827Z","type":"osc"}
{"channel":"rr","display":8.603383997705764,"mu":10.388571054315388,"quality":"OK","raw":1253.2,"sigma":1.5,"state":"IDLE","t":"2026-07-19T02:53:24.594917Z","type":"sample"}
{"channel":"gsr","display":2521.3,"mu":2516.6208511023406,"quality":"OK","raw":2521.3,"sigma":57.97384239674634,"state":"COOLDOWN","t":"2026-07-19T02:53:24.6266904Z","type":"sample"}
{"channel":"rr","display":8.603383997705764,"mu":10.388571054315388,"quality":"OK","raw":1254.1,"sigma":1.5,"state":"IDLE","t":"2026-07-19T02:53:24.6352918Z","type":"sample"}
{"channel":"rr","display":8.603383997705764,"mu":10.388571054315388,"quality":"OK","raw":1254.6,"sigma":1.5,"state":"IDLE","t":"2026-07-19T02:53:24.6749623Z","type":"sample"}
{"channel":"rr","display":8.603383997705764,"mu":10.388571054315388,"quality":"OK","raw":1253.6,"sigma":1.5,"state":"IDLE","t":"2026-07-19T02:53:24.7153669Z","type":"sample"}
{"channel":"gsr","display":2522.1,"mu":2516.6208511023406,"quality":"OK","raw":2522.1,"sigma":57.97384239674634,"state":"COOLDOWN","t":"2026-07-19T02:53:24.7304707Z","type":"sample"}
{"channel":"hr","display":65,"mu":67.51306247728914,"quality":"OK","raw":65,"sigma":3,"state":"IDLE","t":"2026-07-19T02:53:24.7460737Z","type":"sample"}
{"channel":"rr","display":8.603383997705764,"mu":10.388571054315388,"quality":"OK","raw":1254.4,"sigma":1.5,"state":"IDLE","t":"2026-07-19T02:53:24.7552763Z","type":"sample"}
{"channel":"rr","display":8.603383997705764,"mu":10.388571054315388,"quality":"OK","raw":1254.3,"sigma":1.5,"state":"IDLE","t":"2026-07-19T02:53:24.7949139Z","type":"sample"}
{"channel":"gsr","display":2523.2,"mu":2516.6208511023406,"quality":"OK","raw":2523.2,"sigma":57.97384239674634,"state":"COOLDOWN","t":"2026-07-19T02:53:24.8278478Z","type":"sample"}
{"channel":"rr","display":8.603383997705764,"mu":10.388571054315388,"quality":"OK","raw":1253.9,"sigma":1.5,"state":"IDLE","t":"2026-07-19T02:53:24.8336766Z","type":"sample"}
{"channel":"rr","display":8.603383997705764,"mu":10.388571054315388,"quality":"OK","raw":1253.4,"sigma":1.5,"state":"IDLE","t":"2026-07-19T02:53:24.873464Z","type":"sample"}
{"channel":"rr","display":8.603383997705764,"mu":10.388571054315388,"quality":"OK","raw":1253.4,"sigma":1.5,"state":"IDLE","t":"2026-07-19T02:53:24.9134937Z","type":"sample"}
{"channel":"gsr","display":2522.5,"mu":2516.6208511023406,"quality":"OK","raw":2522.5,"sigma":57.97384239674634,"state":"COOLDOWN","t":"2026-07-19T02:53:24.9303787Z","type":"sample"}
{"channel":"rr","display":8.603383997705764,"mu":10.388571054315388,"quality":"OK","raw":1253.4,"sigma":1.5,"state":"IDLE","t":"2026-07-19T02:53:24.9553825Z","type":"sample"}
{"channel":"rr","display":8.603383997705764,"mu":10.388571054315388,"quality":"OK","raw":1253.2,"sigma":1.5,"state":"IDLE","t":"2026-07-19T02:53:24.9949667Z","type":"sample"}
{"channel":"gsr","display":2523.3,"mu":2516.6208511023406,"quality":"OK","raw":2523.3,"sigma":57.97384239674634,"state":"COOLDOWN","t":"2026-07-19T02:53:25.0305374Z","type":"sample"}
{"channel":"rr","display":8.603383997705764,"mu":10.388571054315388,"quality":"OK","raw":1254.4,"sigma":1.5,"state":"IDLE","t":"2026-07-19T02:53:25.0352548Z","type":"sample"}
{"channel":"rr","display":8.603383997705764,"mu":10.388571054315388,"quality":"OK","raw":1253.9,"sigma":1.5,"state":"IDLE","t":"2026-07-19T02:53:25.0722595Z","type":"sample"}
{"channel":"rr","display":8.603383997705764,"mu":10.388571054315388,"quality":"OK","raw":1255.1,"sigma":1.5,"state":"IDLE","t":"2026-07-19T02:53:25.1153604Z","type":"sample"}
{"channel":"gsr","display":2523.7,"mu":2516.6208511023406,"quality":"OK","raw":2523.7,"sigma":57.97384239674634,"state":"COOLDOWN","t":"2026-07-19T02:53:25.1304989Z","type":"sample"}
{"channel":"rr","display":8.603383997705764,"mu":10.388571054315388,"quality":"OK","raw":1253.9,"sigma":1.5,"state":"IDLE","t":"2026-07-19T02:53:25.1528806Z","type":"sample"}
{"channel":"rr","display":8.603383997705764,"mu":10.388571054315388,"quality":"OK","raw":1254.4,"sigma":1.5,"state":"IDLE","t":"2026-07-19T02:53:25.1951944Z","type":"sample"}
{"channel":"gsr","display":2528.6,"mu":2516.6208511023406,"quality":"OK","raw":2528.6,"sigma":57.97384239674634,"state":"COOLDOWN","t":"2026-07-19T02:53:25.2286899Z","type":"sample"}
{"channel":"rr","display":8.603383997705764,"mu":10.388571054315388,"quality":"OK","raw":1254.2,"sigma":1.5,"state":"IDLE","t":"2026-07-19T02:53:25.2349883Z","type":"sample"}
{"channel":"hr","display":65,"mu":67.5004971649027,"quality":"OK","raw":65,"sigma":3,"state":"IDLE","t":"2026-07-19T02:53:25.2457994Z","type":"sample"}
{"channel":"rr","display":8.603383997705764,"mu":10.388571054315388,"quality":"OK","raw":1254.6,"sigma":1.5,"state":"IDLE","t":"2026-07-19T02:53:25.275469Z","type":"sample"}
{"address":"/cue/r1/start","args":null,"channel":"system","dir":"out","t":"2026-07-19T02:53:25.2900609Z","type":"osc"}
{"channel":"rr","display":8.603383997705764,"mu":10.388571054315388,"quality":"OK","raw":1255.2,"sigma":1.5,"state":"IDLE","t":"2026-07-19T02:53:25.3150186Z","type":"sample"}
{"channel":"gsr","display":2529.6,"mu":2516.6208511023406,"quality":"OK","raw":2529.6,"sigma":57.97384239674634,"state":"COOLDOWN","t":"2026-07-19T02:53:25.3301106Z","type":"sample"}
{"channel":"rr","display":8.603383997705764,"mu":10.388571054315388,"quality":"OK","raw":1255.3,"sigma":1.5,"state":"IDLE","t":"2026-07-19T02:53:25.3553157Z","type":"sample"}
{"channel":"rr","display":8.603383997705764,"mu":10.388571054315388,"quality":"OK","raw":1254.9,"sigma":1.5,"state":"IDLE","t":"2026-07-19T02:53:25.3953399Z","type":"sample"}
{"address":"/cue/p/start","args":null,"channel":"system","dir":"out","t":"2026-07-19T02:53:25.412717Z","type":"osc"}
{"channel":"gsr","display":2525,"mu":2516.6208511023406,"quality":"OK","raw":2525,"sigma":57.97384239674634,"state":"COOLDOWN","t":"2026-07-19T02:53:25.4305401Z","type":"sample"}
{"channel":"rr","display":8.603383997705764,"mu":10.388571054315388,"quality":"OK","raw":1254.7,"sigma":1.5,"state":"IDLE","t":"2026-07-19T02:53:25.4350834Z","type":"sample"}
{"channel":"rr","display":8.603383997705764,"mu":10.388571054315388,"quality":"OK","raw":1254.5,"sigma":1.5,"state":"IDLE","t":"2026-07-19T02:53:25.4753725Z","type":"sample"}
{"channel":"rr","display":8.603383997705764,"mu":10.388571054315388,"quality":"OK","raw":1254.8,"sigma":1.5,"state":"IDLE","t":"2026-07-19T02:53:25.515388Z","type":"sample"}
{"channel":"gsr","display":2528,"mu":2516.6208511023406,"quality":"OK","raw":2528,"sigma":57.97384239674634,"state":"COOLDOWN","t":"2026-07-19T02:53:25.5300858Z","type":"sample"}
{"channel":"rr","display":8.603383997705764,"mu":10.388571054315388,"quality":"OK","raw":1254.9,"sigma":1.5,"state":"IDLE","t":"2026-07-19T02:53:25.5553202Z","type":"sample"}
{"address":"/cue/bpm065/start","args":null,"channel":"system","dir":"out","t":"2026-07-19T02:53:25.5917595Z","type":"osc"}
{"address":"/cue/g1/start","args":null,"channel":"system","dir":"out","t":"2026-07-19T02:53:25.5929855Z","type":"osc"}
{"channel":"rr","display":8.603383997705764,"mu":10.388571054315388,"quality":"OK","raw":1255.7,"sigma":1.5,"state":"IDLE","t":"2026-07-19T02:53:25.5948482Z","type":"sample"}
{"channel":"gsr","display":2531.3,"mu":2516.6208511023406,"quality":"OK","raw":2531.3,"sigma":57.97384239674634,"state":"COOLDOWN","t":"2026-07-19T02:53:25.6268283Z","type":"sample"}
{"channel":"rr","display":8.603383997705764,"mu":10.388571054315388,"quality":"OK","raw":1255.4,"sigma":1.5,"state":"IDLE","t":"2026-07-19T02:53:25.6353042Z","type":"sample"}
{"channel":"rr","display":8.603383997705764,"mu":10.388571054315388,"quality":"OK","raw":1254.7,"sigma":1.5,"state":"IDLE","t":"2026-07-19T02:53:25.6739188Z","type":"sample"}
{"channel":"rr","display":8.603383997705764,"mu":10.388571054315388,"quality":"OK","raw":1254.1,"sigma":1.5,"state":"IDLE","t":"2026-07-19T02:53:25.7153863Z","type":"sample"}
{"channel":"gsr","display":2527.5,"mu":2516.6208511023406,"quality":"OK","raw":2527.5,"sigma":57.97384239674634,"state":"COOLDOWN","t":"2026-07-19T02:53:25.7303848Z","type":"sample"}
{"channel":"hr","display":65,"mu":67.48799467907818,"quality":"OK","raw":65,"sigma":3,"state":"IDLE","t":"2026-07-19T02:53:25.7461185Z","type":"sample"}
{"channel":"rr","display":8.603383997705764,"mu":10.388571054315388,"quality":"OK","raw":1255,"sigma":1.5,"state":"IDLE","t":"2026-07-19T02:53:25.7549647Z","type":"sample"}
{"channel":"rr","display":8.603383997705764,"mu":10.388571054315388,"quality":"OK","raw":1255.5,"sigma":1.5,"state":"IDLE","t":"2026-07-19T02:53:25.7950692Z","type":"sample"}
{"channel":"gsr","display":2527.8,"mu":2516.6208511023406,"quality":"OK","raw":2527.8,"sigma":57.97384239674634,"state":"COOLDOWN","t":"2026-07-19T02:53:25.8305342Z","type":"sample"}
{"channel":"rr","display":8.603383997705764,"mu":10.388571054315388,"quality":"OK","raw":1257.9,"sigma":1.5,"state":"IDLE","t":"2026-07-19T02:53:25.8351447Z","type":"sample"}
{"channel":"rr","display":8.603383997705764,"mu":10.388571054315388,"quality":"OK","raw":1259.9,"sigma":1.5,"state":"IDLE","t":"2026-07-19T02:53:25.8754376Z","type":"sample"}
{"channel":"rr","display":8.603383997705764,"mu":10.388571054315388,"quality":"OK","raw":1263.1,"sigma":1.5,"state":"IDLE","t":"2026-07-19T02:53:25.9148883Z","type":"sample"}
{"channel":"gsr","display":2529.3,"mu":2516.6208511023406,"quality":"OK","raw":2529.3,"sigma":57.97384239674634,"state":"COOLDOWN","t":"2026-07-19T02:53:25.9303194Z","type":"sample"}
{"channel":"rr","display":10.199224858910723,"mu":10.386677592361341,"quality":"OK","raw":1267.4,"sigma":1.5,"state":"IDLE","t":"2026-07-19T02:53:25.9554306Z","type":"sample"}
{"channel":"rr","display":10.199224858910723,"mu":10.386677592361341,"quality":"OK","raw":1273.9,"sigma":1.5,"state":"IDLE","t":"2026-07-19T02:53:25.9947431Z","type":"sample"}
{"channel":"gsr","display":2527.9,"mu":2516.6208511023406,"quality":"OK","raw":2527.9,"sigma":57.97384239674634,"state":"COOLDOWN","t":"2026-07-19T02:53:26.0305982Z","type":"sample"}
{"channel":"rr","display":10.199224858910723,"mu":10.386677592361341,"quality":"OK","raw":1288.2,"sigma":1.5,"state":"IDLE","t":"2026-07-19T02:53:26.0353291Z","type":"sample"}
{"channel":"rr","display":10.199224858910723,"mu":10.386677592361341,"quality":"OK","raw":1297.1,"sigma":1.5,"state":"IDLE","t":"2026-07-19T02:53:26.0720425Z","type":"sample"}
{"channel":"rr","display":10.199224858910723,"mu":10.386677592361341,"quality":"OK","raw":1310,"sigma":1.5,"state":"IDLE","t":"2026-07-19T02:53:26.1153667Z","type":"sample"}
{"channel":"gsr","display":2529.8,"mu":2516.6208511023406,"quality":"OK","raw":2529.8,"sigma":57.97384239674634,"state":"COOLDOWN","t":"2026-07-19T02:53:26.1303806Z","type":"sample"}
{"channel":"rr","display":10.199224858910723,"mu":10.386677592361341,"quality":"OK","raw":1324.1,"sigma":1.5,"state":"IDLE","t":"2026-07-19T02:53:26.1553967Z","type":"sample"}
{"channel":"rr","display":10.199224858910723,"mu":10.386677592361341,"quality":"OK","raw":1333.8,"sigma":1.5,"state":"IDLE","t":"2026-07-19T02:53:26.1951201Z","type":"sample"}
{"channel":"gsr","display":2529.2,"mu":2516.6208511023406,"quality":"OK","raw":2529.2,"sigma":57.97384239674634,"state":"COOLDOWN","t":"2026-07-19T02:53:26.2305217Z","type":"sample"}
{"channel":"rr","display":10.199224858910723,"mu":10.386677592361341,"quality":"OK","raw":1342.1,"sigma":1.5,"state":"IDLE","t":"2026-07-19T02:53:26.2351332Z","type":"sample"}
{"channel":"hr","display":66,"mu":67.48055470568279,"quality":"OK","raw":66,"sigma":3,"state":"IDLE","t":"2026-07-19T02:53:26.2460399Z","type":"sample"}
{"channel":"rr","display":10.199224858910723,"mu":10.386677592361341,"quality":"OK","raw":1353.2,"sigma":1.5,"state":"IDLE","t":"2026-07-19T02:53:26.2721447Z","type":"sample"}
{"address":"/cue/r1/start","args":null,"channel":"system","dir":"out","t":"2026-07-19T02:53:26.3041749Z","type":"osc"}
{"channel":"rr","display":10.199224858910723,"mu":10.386677592361341,"quality":"OK","raw":1361,"sigma":1.5,"state":"IDLE","t":"2026-07-19T02:53:26.3134425Z","type":"sample"}
{"channel":"gsr","display":2533.4,"mu":2516.6208511023406,"quality":"OK","raw":2533.4,"sigma":57.97384239674634,"state":"COOLDOWN","t":"2026-07-19T02:53:26.3303636Z","type":"sample"}
{"address":"/cue/p/start","args":null,"channel":"system","dir":"out","t":"2026-07-19T02:53:26.3353175Z","type":"osc"}
{"channel":"rr","display":10.199224858910723,"mu":10.386677592361341,"quality":"OK","raw":1367.8,"sigma":1.5,"state":"IDLE","t":"2026-07-19T02:53:26.3553212Z","type":"sample"}
{"channel":"rr","display":10.199224858910723,"mu":10.386677592361341,"quality":"OK","raw":1373.8,"sigma":1.5,"state":"IDLE","t":"2026-07-19T02:53:26.3934699Z","type":"sample"}
{"channel":"gsr","display":2536,"mu":2516.6208511023406,"quality":"OK","raw":2536,"sigma":57.97384239674634,"state":"COOLDOWN","t":"2026-07-19T02:53:26.4272393Z","type":"sample"}
{"channel":"rr","display":10.199224858910723,"mu":10.386677592361341,"quality":"OK","raw":1377.2,"sigma":1.5,"state":"IDLE","t":"2026-07-19T02:53:26.4354127Z","type":"sample"}
{"channel":"rr","display":10.199224858910723,"mu":10.386677592361341,"quality":"OK","raw":1377.9,"sigma":1.5,"state":"IDLE","t":"2026-07-19T02:53:26.4733738Z","type":"sample"}
{"channel":"rr","display":10.199224858910723,"mu":10.386677592361341,"quality":"OK","raw":1378.8,"sigma":1.5,"state":"IDLE","t":"2026-07-19T02:53:26.515382Z","type":"sample"}
{"channel":"gsr","display":2538.2,"mu":2516.6208511023406,"quality":"OK","raw":2538.2,"sigma":57.97384239674634,"state":"COOLDOWN","t":"2026-07-19T02:53:26.5298176Z","type":"sample"}
{"channel":"rr","display":10.199224858910723,"mu":10.386677592361341,"quality":"OK","raw":1379,"sigma":1.5,"state":"IDLE","t":"2026-07-19T02:53:26.5550932Z","type":"sample"}
{"channel":"rr","display":10.199224858910723,"mu":10.386677592361341,"quality":"OK","raw":1377.7,"sigma":1.5,"state":"IDLE","t":"2026-07-19T02:53:26.5939834Z","type":"sample"}
{"address":"/cue/bpm066/start","args":null,"channel":"system","dir":"out","t":"2026-07-19T02:53:26.612342Z","type":"osc"}
{"address":"/cue/g1/start","args":null,"channel":"system","dir":"out","t":"2026-07-19T02:53:26.6134126Z","type":"osc"}
{"channel":"gsr","display":2535.8,"mu":2516.6208511023406,"quality":"OK","raw":2535.8,"sigma":57.97384239674634,"state":"COOLDOWN","t":"2026-07-19T02:53:26.6293821Z","type":"sample"}
{"channel":"rr","display":10.199224858910723,"mu":10.386677592361341,"quality":"OK","raw":1379,"sigma":1.5,"state":"IDLE","t":"2026-07-19T02:53:26.6352688Z","type":"sample"}
{"channel":"rr","display":10.199224858910723,"mu":10.386677592361341,"quality":"OK","raw":1379.1,"sigma":1.5,"state":"IDLE","t":"2026-07-19T02:53:26.6753749Z","type":"sample"}
{"channel":"rr","display":10.199224858910723,"mu":10.386677592361341,"quality":"OK","raw":1378.9,"sigma":1.5,"state":"IDLE","t":"2026-07-19T02:53:26.7134805Z","type":"sample"}
{"channel":"gsr","display":2533.8,"mu":2516.6208511023406,"quality":"OK","raw":2533.8,"sigma":57.97384239674634,"state":"COOLDOWN","t":"2026-07-19T02:53:26.7303722Z","type":"sample"}
{"channel":"hr","display":66,"mu":67.47315193215438,"quality":"OK","raw":66,"sigma":3,"state":"IDLE","t":"2026-07-19T02:53:26.7457541Z","type":"sample"}
{"channel":"rr","display":10.199224858910723,"mu":10.386677592361341,"quality":"OK","raw":1377.2,"sigma":1.5,"state":"IDLE","t":"2026-07-19T02:53:26.7554107Z","type":"sample"}
{"channel":"rr","display":10.199224858910723,"mu":10.386677592361341,"quality":"OK","raw":1378.7,"sigma":1.5,"state":"IDLE","t":"2026-07-19T02:53:26.7953355Z","type":"sample"}
{"channel":"gsr","display":2536.8,"mu":2516.6208511023406,"quality":"OK","raw":2536.8,"sigma":57.97384239674634,"state":"COOLDOWN","t":"2026-07-19T02:53:26.8272761Z","type":"sample"}
{"channel":"rr","display":10.199224858910723,"mu":10.386677592361341,"quality":"OK","raw":1377.9,"sigma":1.5,"state":"IDLE","t":"2026-07-19T02:53:26.8349339Z","type":"sample"}
{"channel":"rr","display":10.199224858910723,"mu":10.386677592361341,"quality":"OK","raw":1378.9,"sigma":1.5,"state":"IDLE","t":"2026-07-19T02:53:26.8753805Z","type":"sample"}
{"channel":"rr","display":10.199224858910723,"mu":10.386677592361341,"quality":"OK","raw":1377.4,"sigma":1.5,"state":"IDLE","t":"2026-07-19T02:53:26.9153067Z","type":"sample"}
{"channel":"gsr","display":2538.5,"mu":2516.6208511023406,"quality":"OK","raw":2538.5,"sigma":57.97384239674634,"state":"COOLDOWN","t":"2026-07-19T02:53:26.9301831Z","type":"sample"}
{"channel":"rr","display":10.199224858910723,"mu":10.386677592361341,"quality":"OK","raw":1377.6,"sigma":1.5,"state":"IDLE","t":"2026-07-19T02:53:26.9503846Z","type":"sample"}
{"channel":"rr","display":10.199224858910723,"mu":10.386677592361341,"quality":"OK","raw":1376.8,"sigma":1.5,"state":"IDLE","t":"2026-07-19T02:53:26.9951395Z","type":"sample"}
{"channel":"gsr","display":2535.4,"mu":2516.6208511023406,"quality":"OK","raw":2535.4,"sigma":57.97384239674634,"state":"COOLDOWN","t":"2026-07-19T02:53:27.0307004Z","type":"sample"}
{"channel":"rr","display":10.199224858910723,"mu":10.386677592361341,"quality":"OK","raw":1377.5,"sigma":1.5,"state":"IDLE","t":"2026-07-19T02:53:27.0349155Z","type":"sample"}
{"channel":"rr","display":10.199224858910723,"mu":10.386677592361341,"quality":"OK","raw":1377.1,"sigma":1.5,"state":"IDLE","t":"2026-07-19T02:53:27.0722868Z","type":"sample"}
{"channel":"rr","display":10.199224858910723,"mu":10.386677592361341,"quality":"OK","raw":1376.4,"sigma":1.5,"state":"IDLE","t":"2026-07-19T02:53:27.1155917Z","type":"sample"}
{"channel":"gsr","display":2538,"mu":2516.6208511023406,"quality":"OK","raw":2538,"sigma":57.97384239674634,"state":"COOLDOWN","t":"2026-07-19T02:53:27.1304817Z","type":"sample"}
{"channel":"rr","display":10.199224858910723,"mu":10.386677592361341,"quality":"OK","raw":1376.4,"sigma":1.5,"state":"IDLE","t":"2026-07-19T02:53:27.155445Z","type":"sample"}
{"channel":"gsr","event":"state_change","from":"COOLDOWN","t":"2026-07-19T02:53:27.1765914Z","to":"IDLE","type":"event"}
{"channel":"rr","display":10.199224858910723,"mu":10.386677592361341,"quality":"OK","raw":1375.4,"sigma":1.5,"state":"IDLE","t":"2026-07-19T02:53:27.1953325Z","type":"sample"}
{"channel":"gsr","display":2539.7,"mu":2516.736246846829,"quality":"OK","raw":2539.7,"sigma":57.851633422254594,"state":"IDLE","t":"2026-07-19T02:53:27.2305165Z","type":"sample"}
{"channel":"rr","display":10.199224858910723,"mu":10.386677592361341,"quality":"OK","raw":1375.9,"sigma":1.5,"state":"IDLE","t":"2026-07-19T02:53:27.2351409Z","type":"sample"}
{"channel":"hr","display":66,"mu":67.46578617249361,"quality":"OK","raw":66,"sigma":3,"state":"IDLE","t":"2026-07-19T02:53:27.2459091Z","type":"sample"}
{"address":"/cue/p/start","args":null,"channel":"system","dir":"out","t":"2026-07-19T02:53:27.2469594Z","type":"osc"}
{"channel":"rr","display":10.199224858910723,"mu":10.386677592361341,"quality":"OK","raw":1373.9,"sigma":1.5,"state":"IDLE","t":"2026-07-19T02:53:27.2727036Z","type":"sample"}
{"channel":"rr","display":10.199224858910723,"mu":10.386677592361341,"quality":"OK","raw":1371.8,"sigma":1.5,"state":"IDLE","t":"2026-07-19T02:53:27.3133962Z","type":"sample"}
{"address":"/cue/r1/start","args":null,"channel":"system","dir":"out","t":"2026-07-19T02:53:27.316462Z","type":"osc"}
{"channel":"gsr","display":2543,"mu":2516.867565612595,"quality":"OK","raw":2543,"sigma":57.736549179917404,"state":"IDLE","t":"2026-07-19T02:53:27.3302721Z","type":"sample"}
{"channel":"rr","display":10.199224858910723,"mu":10.386677592361341,"quality":"OK","raw":1369,"sigma":1.5,"state":"IDLE","t":"2026-07-19T02:53:27.3551207Z","type":"sample"}
{"channel":"rr","display":10.199224858910723,"mu":10.386677592361341,"quality":"OK","raw":1363.8,"sigma":1.5,"state":"IDLE","t":"2026-07-19T02:53:27.3952933Z","type":"sample"}
{"channel":"gsr","display":2541.1,"mu":2516.9887277845323,"quality":"OK","raw":2541.1,"sigma":57.617384006554715,"state":"IDLE","t":"2026-07-19T02:53:27.4274014Z","type":"sample"}
{"channel":"rr","display":10.199224858910723,"mu":10.386677592361341,"quality":"OK","raw":1357.4,"sigma":1.5,"state":"IDLE","t":"2026-07-19T02:53:27.4351571Z","type":"sample"}
{"channel":"rr","display":10.199224858910723,"mu":10.386677592361341,"quality":"OK","raw":1350.5,"sigma":1.5,"state":"IDLE","t":"2026-07-19T02:53:27.4719169Z","type":"sample"}
{"channel":"rr","display":10.199224858910723,"mu":10.386677592361341,"quality":"OK","raw":1341.1,"sigma":1.5,"state":"IDLE","t":"2026-07-19T02:53:27.5153842Z","type":"sample"}
{"channel":"gsr","display":2538.5,"mu":2517.09628414561,"quality":"OK","raw":2538.5,"sigma":57.49318421213792,"state":"IDLE","t":"2026-07-19T02:53:27.5299651Z","type":"sample"}
{"channel":"rr","display":10.199224858910723,"mu":10.386677592361341,"quality":"OK","raw":1332.8,"sigma":1.5,"state":"IDLE","t":"2026-07-19T02:53:27.5517723Z","type":"sample"}
{"channel":"rr","display":10.199224858910723,"mu":10.386677592361341,"quality":"OK","raw":1320.6,"sigma":1.5,"state":"IDLE","t":"2026-07-19T02:53:27.5946029Z","type":"sample"}
{"address":"/cue/bpm066/start","args":null,"channel":"system","dir":"out","t":"2026-07-19T02:53:27.6254617Z","type":"osc"}
{"address":"/cue/g1/start","args":null,"channel":"system","dir":"out","t":"2026-07-19T02:53:27.6265444Z","type":"osc"}
{"channel":"gsr","display":2541.2,"mu":2517.2168027248817,"quality":"OK","raw":2541.2,"sigma":57.374465754014366,"state":"IDLE","t":"2026-07-19T02:53:27.6303021Z","type":"sample"}
{"channel":"rr","display":10.199224858910723,"mu":10.386677592361341,"quality":"OK","raw":1304.9,"sigma":1.5,"state":"IDLE","t":"2026-07-19T02:53:27.6350177Z","type":"sample"}
{"channel":"rr","display":10.199224858910723,"mu":10.386677592361341,"quality":"OK","raw":1291.3,"sigma":1.5,"state":"IDLE","t":"2026-07-19T02:53:27.6753265Z","type":"sample"}
{"channel":"rr","display":10.199224858910723,"mu":10.386677592361341,"quality":"OK","raw":1276.6,"sigma":1.5,"state":"IDLE","t":"2026-07-19T02:53:27.7137685Z","type":"sample"}
{"channel":"gsr","display":2540.5,"mu":2517.3332187112574,"quality":"OK","raw":2540.5,"sigma":57.25440732075261,"state":"IDLE","t":"2026-07-19T02:53:27.730282Z","type":"sample"}
{"channel":"hr","display":66,"mu":67.45845724163114,"quality":"OK","raw":66,"sigma":3,"state":"IDLE","t":"2026-07-19T02:53:27.74474Z","type":"sample"}
{"channel":"rr","display":10.199224858910723,"mu":10.386677592361341,"quality":"OK","raw":1268.4,"sigma":1.5,"state":"IDLE","t":"2026-07-19T02:53:27.7530755Z","type":"sample"}
{"channel":"rr","display":10.199224858910723,"mu":10.386677592361341,"quality":"OK","raw":1258.2,"sigma":1.5,"state":"IDLE","t":"2026-07-19T02:53:27.7954138Z","type":"sample"}
{"channel":"gsr","display":2540.1,"mu":2517.447052617701,"quality":"OK","raw":2540.1,"sigma":57.133663416197884,"state":"IDLE","t":"2026-07-19T02:53:27.8287872Z","type":"sample"}
{"channel":"rr","display":10.199224858910723,"mu":10.386677592361341,"quality":"OK","raw":1253.9,"sigma":1.5,"state":"IDLE","t":"2026-07-19T02:53:27.8352873Z","type":"sample"}
{"channel":"rr","display":10.199224858910723,"mu":10.386677592361341,"quality":"OK","raw":1252.9,"sigma":1.5,"state":"IDLE","t":"2026-07-19T02:53:27.8753777Z","type":"sample"}
{"channel":"gsr","event":"state_change","from":"IDLE","t":"2026-07-19T02:53:27.9090076Z","to":"INTERROGATING","type":"event"}
{"channel":"gsr","event":"start_interrogate","mu":2517.447052617701,"sigma":57.133663416197884,"t":"2026-07-19T02:53:27.9090076Z","type":"event"}
{"channel":"hr","event":"state_change","from":"IDLE","t":"2026-07-19T02:53:27.9090076Z","to":"INTERROGATING","type":"event"}
{"channel":"hr","event":"start_interrogate","mu":67.45845724163114,"sigma":3,"t":"2026-07-19T02:53:27.9090076Z","type":"event"}
{"channel":"rr","event":"state_change","from":"IDLE","t":"2026-07-19T02:53:27.9090076Z","to":"INTERROGATING","type":"event"}
{"channel":"rr","event":"start_interrogate","mu":10.386677592361341,"sigma":1.5,"t":"2026-07-19T02:53:27.9090076Z","type":"event"}
{"channel":"rr","display":10.199224858910723,"mu":10.386677592361341,"quality":"OK","raw":1251.1,"sigma":1.5,"state":"INTERROGATING","t":"2026-07-19T02:53:27.9150964Z","type":"sample"}
{"channel":"gsr","display":2539.8,"mu":2517.447052617701,"quality":"OK","raw":2539.8,"sigma":57.133663416197884,"state":"INTERROGATING","t":"2026-07-19T02:53:27.9302201Z","type":"sample"}
{"channel":"rr","display":10.199224858910723,"mu":10.386677592361341,"quality":"OK","raw":1252.7,"sigma":1.5,"state":"INTERROGATING","t":"2026-07-19T02:53:27.9517596Z","type":"sample"}
{"channel":"rr","display":10.199224858910723,"mu":10.386677592361341,"quality":"OK","raw":1250.2,"sigma":1.5,"state":"INTERROGATING","t":"2026-07-19T02:53:27.9953635Z","type":"sample"}
{"channel":"gsr","display":2537.5,"mu":2517.447052617701,"quality":"OK","raw":2537.5,"sigma":57.133663416197884,"state":"INTERROGATING","t":"2026-07-19T02:53:28.0267961Z","type":"sample"}
{"channel":"rr","display":10.199224858910723,"mu":10.386677592361341,"quality":"OK","raw":1251.5,"sigma":1.5,"state":"INTERROGATING","t":"2026-07-19T02:53:28.0348506Z","type":"sample"}
{"channel":"rr","display":10.199224858910723,"mu":10.386677592361341,"quality":"OK","raw":1251.4,"sigma":1.5,"state":"INTERROGATING","t":"2026-07-19T02:53:28.0743482Z","type":"sample"}
{"channel":"rr","display":10.199224858910723,"mu":10.386677592361341,"quality":"OK","raw":1249,"sigma":1.5,"state":"INTERROGATING","t":"2026-07-19T02:53:28.1133751Z","type":"sample"}
{"channel":"gsr","display":2539.1,"mu":2517.447052617701,"quality":"OK","raw":2539.1,"sigma":57.133663416197884,"state":"INTERROGATING","t":"2026-07-19T02:53:28.1303452Z","type":"sample"}
{"address":"/cue/p/start","args":null,"channel":"system","dir":"out","t":"2026-07-19T02:53:28.154812Z","type":"osc"}
{"channel":"rr","display":10.199224858910723,"mu":10.386677592361341,"quality":"OK","raw":1251.9,"sigma":1.5,"state":"INTERROGATING","t":"2026-07-19T02:53:28.1553282Z","type":"sample"}
{"channel":"rr","display":10.199224858910723,"mu":10.386677592361341,"quality":"OK","raw":1251.1,"sigma":1.5,"state":"INTERROGATING","t":"2026-07-19T02:53:28.1952332Z","type":"sample"}
{"channel":"gsr","display":2528.9,"mu":2517.447052617701,"quality":"OK","raw":2528.9,"sigma":57.133663416197884,"state":"INTERROGATING","t":"2026-07-19T02:53:28.2270348Z","type":"sample"}
{"channel":"rr","display":10.199224858910723,"mu":10.386677592361341,"quality":"OK","raw":1251.1,"sigma":1.5,"state":"INTERROGATING","t":"2026-07-19T02:53:28.2348628Z","type":"sample"}
{"channel":"hr","display":67,"mu":67.45845724163114,"quality":"OK","raw":67,"sigma":3,"state":"INTERROGATING","t":"2026-07-19T02:53:28.2460239Z","type":"sample"}
{"channel":"rr","display":10.199224858910723,"mu":10.386677592361341,"quality":"OK","raw":1251.8,"sigma":1.5,"state":"INTERROGATING","t":"2026-07-19T02:53:28.2722054Z","type":"sample"}
{"channel":"rr","display":10.199224858910723,"mu":10.386677592361341,"quality":"OK","raw":1253,"sigma":1.5,"state":"INTERROGATING","t":"2026-07-19T02:53:28.3137096Z","type":"sample"}
{"channel":"gsr","display":2525.4,"mu":2517.447052617701,"quality":"OK","raw":2525.4,"sigma":57.133663416197884,"state":"INTERROGATING","t":"2026-07-19T02:53:28.3303742Z","type":"sample"}
{"address":"/cue/r1/start","args":null,"channel":"system","dir":"out","t":"2026-07-19T02:53:28.3465782Z","type":"osc"}
{"channel":"rr","display":10.199224858910723,"mu":10.386677592361341,"quality":"OK","raw":1252.1,"sigma":1.5,"state":"INTERROGATING","t":"2026-07-19T02:53:28.3546482Z","type":"sample"}
{"channel":"rr","display":10.199224858910723,"mu":10.386677592361341,"quality":"OK","raw":1251.4,"sigma":1.5,"state":"INTERROGATING","t":"2026-07-19T02:53:28.3953558Z","type":"sample"}
{"channel":"gsr","display":2516.9,"mu":2517.447052617701,"quality":"OK","raw":2516.9,"sigma":57.133663416197884,"state":"INTERROGATING","t":"2026-07-19T02:53:28.4291928Z","type":"sample"}
{"channel":"rr","display":10.199224858910723,"mu":10.386677592361341,"quality":"OK","raw":1251.9,"sigma":1.5,"state":"INTERROGATING","t":"2026-07-19T02:53:28.4351851Z","type":"sample"}
{"channel":"rr","display":10.199224858910723,"mu":10.386677592361341,"quality":"OK","raw":1252.9,"sigma":1.5,"state":"INTERROGATING","t":"2026-07-19T02:53:28.4720619Z","type":"sample"}
{"channel":"rr","display":10.199224858910723,"mu":10.386677592361341,"quality":"OK","raw":1251.5,"sigma":1.5,"state":"INTERROGATING","t":"2026-07-19T02:53:28.5152941Z","type":"sample"}
{"channel":"gsr","display":2518.3,"mu":2517.447052617701,"quality":"OK","raw":2518.3,"sigma":57.133663416197884,"state":"INTERROGATING","t":"2026-07-19T02:53:28.5294168Z","type":"sample"}
{"channel":"rr","display":10.199224858910723,"mu":10.386677592361341,"quality":"OK","raw":1253.1,"sigma":1.5,"state":"INTERROGATING","t":"2026-07-19T02:53:28.5512807Z","type":"sample"}
{"channel":"rr","display":10.199224858910723,"mu":10.386677592361341,"quality":"OK","raw":1254.3,"sigma":1.5,"state":"INTERROGATING","t":"2026-07-19T02:53:28.5940809Z","type":"sample"}
{"channel":"gsr","display":2507.8,"mu":2517.447052617701,"quality":"OK","raw":2507.8,"sigma":57.133663416197884,"state":"INTERROGATING","t":"2026-07-19T02:53:28.6293059Z","type":"sample"}
{"channel":"rr","display":10.199224858910723,"mu":10.386677592361341,"quality":"OK","raw":1253.8,"sigma":1.5,"state":"INTERROGATING","t":"2026-07-19T02:53:28.6347974Z","type":"sample"}
{"address":"/cue/bpm067/start","args":null,"channel":"system","dir":"out","t":"2026-07-19T02:53:28.6512331Z","type":"osc"}
{"address":"/cue/g1/start","args":null,"channel":"system","dir":"out","t":"2026-07-19T02:53:28.6523485Z","type":"osc"}
{"channel":"rr","display":10.199224858910723,"mu":10.386677592361341,"quality":"OK","raw":1255.6,"sigma":1.5,"state":"INTERROGATING","t":"2026-07-19T02:53:28.6734518Z","type":"sample"}
{"channel":"rr","display":10.199224858910723,"mu":10.386677592361341,"quality":"OK","raw":1257.7,"sigma":1.5,"state":"INTERROGATING","t":"2026-07-19T02:53:28.7153428Z","type":"sample"}
{"channel":"gsr","display":2506.6,"mu":2517.447052617701,"quality":"OK","raw":2506.6,"sigma":57.133663416197884,"state":"INTERROGATING","t":"2026-07-19T02:53:28.7291844Z","type":"sample"}
{"channel":"hr","display":67,"mu":67.45845724163114,"quality":"OK","raw":67,"sigma":3,"state":"INTERROGATING","t":"2026-07-19T02:53:28.7436993Z","type":"sample"}
{"channel":"rr","display":10.199224858910723,"mu":10.386677592361341,"quality":"OK","raw":1262.2,"sigma":1.5,"state":"INTERROGATING","t":"2026-07-19T02:53:28.7551938Z","type":"sample"}
{"channel":"rr","display":10.199224858910723,"mu":10.386677592361341,"quality":"OK","raw":1265.1,"sigma":1.5,"state":"INTERROGATING","t":"2026-07-19T02:53:28.7946281Z","type":"sample"}
{"channel":"gsr","display":2496.4,"mu":2517.447052617701,"quality":"OK","raw":2496.4,"sigma":57.133663416197884,"state":"INTERROGATING","t":"2026-07-19T02:53:28.8305272Z","type":"sample"}
{"channel":"rr","display":10.199224858910723,"mu":10.386677592361341,"quality":"OK","raw":1267.6,"sigma":1.5,"state":"INTERROGATING","t":"2026-07-19T02:53:28.8353281Z","type":"sample"}
{"channel":"rr","display":10.199224858910723,"mu":10.386677592361341,"quality":"OK","raw":1275.2,"sigma":1.5,"state":"INTERROGATING","t":"2026-07-19T02:53:28.8745345Z","type":"sample"}
{"channel":"rr","display":13.169446883230904,"mu":10.386677592361341,"quality":"OK","raw":1290.9,"sigma":1.5,"state":"INTERROGATING","t":"2026-07-19T02:53:28.9152412Z","type":"sample"}
{"channel":"gsr","display":2497.5,"mu":2517.447052617701,"quality":"OK","raw":2497.5,"sigma":57.133663416197884,"state":"INTERROGATING","t":"2026-07-19T02:53:28.9305297Z","type":"sample"}
{"channel":"rr","display":13.169446883230904,"mu":10.386677592361341,"quality":"OK","raw":1305.9,"sigma":1.5,"state":"INTERROGATING","t":"2026-07-19T02:53:28.9554046Z","type":"sample"}
{"channel":"rr","display":13.169446883230904,"mu":10.386677592361341,"quality":"OK","raw":1316.7,"sigma":1.5,"state":"INTERROGATING","t":"2026-07-19T02:53:28.9953379Z","type":"sample"}
{"channel":"gsr","display":2492.2,"mu":2517.447052617701,"quality":"OK","raw":2492.2,"sigma":57.133663416197884,"state":"INTERROGATING","t":"2026-07-19T02:53:29.0274656Z","type":"sample"}
{"channel":"rr","display":13.169446883230904,"mu":10.386677592361341,"quality":"OK","raw":1323.3,"sigma":1.5,"state":"INTERROGATING","t":"2026-07-19T02:53:29.0348134Z","type":"sample"}
{"address":"/cue/p/start","args":null,"channel":"system","dir":"out","t":"2026-07-19T02:53:29.0645454Z","type":"osc"}
{"channel":"rr","display":13.169446883230904,"mu":10.386677592361341,"quality":"OK","raw":1323.8,"sigma":1.5,"state":"INTERROGATING","t":"2026-07-19T02:53:29.0751823Z","type":"sample"}
{"channel":"rr","display":13.169446883230904,"mu":10.386677592361341,"quality":"OK","raw":1326.1,"sigma":1.5,"state":"INTERROGATING","t":"2026-07-19T02:53:29.1132004Z","type":"sample"}
{"channel":"gsr","display":2485.4,"mu":2517.447052617701,"quality":"OK","raw":2485.4,"sigma":57.133663416197884,"state":"INTERROGATING","t":"2026-07-19T02:53:29.1300356Z","type":"sample"}
{"channel":"rr","display":13.169446883230904,"mu":10.386677592361341,"quality":"OK","raw":1327.7,"sigma":1.5,"state":"INTERROGATING","t":"2026-07-19T02:53:29.1551507Z","type":"sample"}
{"channel":"rr","display":13.169446883230904,"mu":10.386677592361341,"quality":"OK","raw":1328,"sigma":1.5,"state":"INTERROGATING","t":"2026-07-19T02:53:29.1940977Z","type":"sample"}
{"channel":"gsr","display":2481.7,"mu":2517.447052617701,"quality":"OK","raw":2481.7,"sigma":57.133663416197884,"state":"INTERROGATING","t":"2026-07-19T02:53:29.2301587Z","type":"sample"}
{"channel":"rr","display":13.169446883230904,"mu":10.386677592361341,"quality":"OK","raw":1329.2,"sigma":1.5,"state":"INTERROGATING","t":"2026-07-19T02:53:29.2354032Z","type":"sample"}
{"channel":"hr","display":67,"mu":67.45845724163114,"quality":"OK","raw":67,"sigma":3,"state":"INTERROGATING","t":"2026-07-19T02:53:29.3315263Z","type":"sample"}
{"channel":"rr","display":13.169446883230904,"mu":10.386677592361341,"quality":"OK","raw":1328.5,"sigma":1.5,"state":"INTERROGATING","t":"2026-07-19T02:53:29.3362933Z","type":"sample"}
{"channel":"gsr","display":2447.2,"mu":2517.447052617701,"quality":"OK","raw":2447.2,"sigma":57.133663416197884,"state":"INTERROGATING","t":"2026-07-19T02:53:29.3452435Z","type":"sample"}
{"address":"/cue/r14/start","args":null,"channel":"system","dir":"out","t":"2026-07-19T02:53:29.36823Z","type":"osc"}
{"channel":"rr","display":13.169446883230904,"mu":10.386677592361341,"quality":"OK","raw":1328.1,"sigma":1.5,"state":"INTERROGATING","t":"2026-07-19T02:53:29.3760304Z","type":"sample"}
{"channel":"rr","display":13.169446883230904,"mu":10.386677592361341,"quality":"OK","raw":1329.8,"sigma":1.5,"state":"INTERROGATING","t":"2026-07-19T02:53:29.4132548Z","type":"sample"}
{"channel":"gsr","display":2452.8,"mu":2517.447052617701,"quality":"OK","raw":2452.8,"sigma":57.133663416197884,"state":"INTERROGATING","t":"2026-07-19T02:53:29.4437295Z","type":"sample"}
{"channel":"rr","display":13.169446883230904,"mu":10.386677592361341,"quality":"OK","raw":1327.9,"sigma":1.5,"state":"INTERROGATING","t":"2026-07-19T02:53:29.4560375Z","type":"sample"}
{"channel":"rr","display":13.169446883230904,"mu":10.386677592361341,"quality":"OK","raw":1327.4,"sigma":1.5,"state":"INTERROGATING","t":"2026-07-19T02:53:29.496314Z","type":"sample"}
{"channel":"rr","display":13.169446883230904,"mu":10.386677592361341,"quality":"OK","raw":1328.6,"sigma":1.5,"state":"INTERROGATING","t":"2026-07-19T02:53:29.5355957Z","type":"sample"}
{"channel":"gsr","display":2453.3,"mu":2517.447052617701,"quality":"OK","raw":2453.3,"sigma":57.133663416197884,"state":"INTERROGATING","t":"2026-07-19T02:53:29.5450457Z","type":"sample"}
{"channel":"rr","display":13.169446883230904,"mu":10.386677592361341,"quality":"OK","raw":1328.3,"sigma":1.5,"state":"INTERROGATING","t":"2026-07-19T02:53:29.5762023Z","type":"sample"}
{"channel":"rr","display":13.169446883230904,"mu":10.386677592361341,"quality":"OK","raw":1326.9,"sigma":1.5,"state":"INTERROGATING","t":"2026-07-19T02:53:29.615959Z","type":"sample"}
{"channel":"gsr","display":2452.5,"mu":2517.447052617701,"quality":"OK","raw":2452.5,"sigma":57.133663416197884,"state":"INTERROGATING","t":"2026-07-19T02:53:29.6455767Z","type":"sample"}
{"channel":"rr","display":13.169446883230904,"mu":10.386677592361341,"quality":"OK","raw":1327.1,"sigma":1.5,"state":"INTERROGATING","t":"2026-07-19T02:53:29.6562888Z","type":"sample"}
{"address":"/cue/bpm067/start","args":null,"channel":"system","dir":"out","t":"2026-07-19T02:53:29.6703136Z","type":"osc"}
{"address":"/cue/g8/start","args":null,"channel":"system","dir":"out","t":"2026-07-19T02:53:29.6713476Z","type":"osc"}
{"channel":"rr","display":13.169446883230904,"mu":10.386677592361341,"quality":"OK","raw":1325.9,"sigma":1.5,"state":"INTERROGATING","t":"2026-07-19T02:53:29.6962852Z","type":"sample"}
{"channel":"rr","display":13.169446883230904,"mu":10.386677592361341,"quality":"OK","raw":1325.1,"sigma":1.5,"state":"INTERROGATING","t":"2026-07-19T02:53:29.7362611Z","type":"sample"}
{"channel":"gsr","display":2453.7,"mu":2517.447052617701,"quality":"OK","raw":2453.7,"sigma":57.133663416197884,"state":"INTERROGATING","t":"2026-07-19T02:53:29.7452068Z","type":"sample"}
{"channel":"hr","display":67,"mu":67.45845724163114,"quality":"OK","raw":67,"sigma":3,"state":"INTERROGATING","t":"2026-07-19T02:53:29.7458276Z","type":"sample"}
{"channel":"rr","display":13.169446883230904,"mu":10.386677592361341,"quality":"OK","raw":1325.4,"sigma":1.5,"state":"INTERROGATING","t":"2026-07-19T02:53:29.7763089Z","type":"sample"}
{"channel":"rr","display":13.169446883230904,"mu":10.386677592361341,"quality":"OK","raw":1318.8,"sigma":1.5,"state":"INTERROGATING","t":"2026-07-19T02:53:29.813363Z","type":"sample"}
{"channel":"gsr","display":2448.5,"mu":2517.447052617701,"quality":"OK","raw":2448.5,"sigma":57.133663416197884,"state":"INTERROGATING","t":"2026-07-19T02:53:29.8457502Z","type":"sample"}
{"channel":"rr","display":13.169446883230904,"mu":10.386677592361341,"quality":"OK","raw":1309.7,"sigma":1.5,"state":"INTERROGATING","t":"2026-07-19T02:53:29.8563169Z","type":"sample"}
{"channel":"rr","display":13.169446883230904,"mu":10.386677592361341,"quality":"OK","raw":1301.8,"sigma":1.5,"state":"INTERROGATING","t":"2026-07-19T02:53:29.8960807Z","type":"sample"}
{"channel":"rr","display":13.169446883230904,"mu":10.386677592361341,"quality":"OK","raw":1291.8,"sigma":1.5,"state":"INTERROGATING","t":"2026-07-19T02:53:29.9293843Z","type":"sample"}
{"channel":"gsr","display":2451.6,"mu":2517.447052617701,"quality":"OK","raw":2451.6,"sigma":57.133663416197884,"state":"INTERROGATING","t":"2026-07-19T02:53:29.945253Z","type":"sample"}
{"address":"/cue/p/start","args":null,"channel":"system","dir":"out","t":"2026-07-19T02:53:29.96589Z","type":"osc"}
{"channel":"rr","display":13.169446883230904,"mu":10.386677592361341,"quality":"OK","raw":1281.4,"sigma":1.5,"state":"INTERROGATING","t":"2026-07-19T02:53:29.9762983Z","type":"sample"}
{"channel":"rr","display":13.169446883230904,"mu":10.386677592361341,"quality":"OK","raw":1270.9,"sigma":1.5,"state":"INTERROGATING","t":"2026-07-19T02:53:30.0163356Z","type":"sample"}
{"channel":"gsr","display":2448.7,"mu":2517.447052617701,"quality":"OK","raw":2448.7,"sigma":57.133663416197884,"state":"INTERROGATING","t":"2026-07-19T02:53:30.045193Z","type":"sample"}
{"channel":"rr","display":13.169446883230904,"mu":10.386677592361341,"quality":"OK","raw":1261.2,"sigma":1.5,"state":"INTERROGATING","t":"2026-07-19T02:53:30.0561405Z","type":"sample"}
{"channel":"rr","display":13.169446883230904,"mu":10.386677592361341,"quality":"OK","raw":1247.4,"sigma":1.5,"state":"INTERROGATING","t":"2026-07-19T02:53:30.096402Z","type":"sample"}
{"channel":"rr","display":13.169446883230904,"mu":10.386677592361341,"quality":"OK","raw":1234.3,"sigma":1.5,"state":"INTERROGATING","t":"2026-07-19T02:53:30.1338259Z","type":"sample"}
{"channel":"gsr","display":2449.4,"mu":2517.447052617701,"quality":"OK","raw":2449.4,"sigma":57.133663416197884,"state":"INTERROGATING","t":"2026-07-19T02:53:30.1452748Z","type":"sample"}
{"channel":"rr","display":13.169446883230904,"mu":10.386677592361341,"quality":"OK","raw":1220.4,"sigma":1.5,"state":"INTERROGATING","t":"2026-07-19T02:53:30.1749386Z","type":"sample"}
{"channel":"rr","display":13.169446883230904,"mu":10.386677592361341,"quality":"OK","raw":1211.9,"sigma":1.5,"state":"INTERROGATING","t":"2026-07-19T02:53:30.2133406Z","type":"sample"}
{"channel":"gsr","display":2450.4,"mu":2517.447052617701,"quality":"OK","raw":2450.4,"sigma":57.133663416197884,"state":"INTERROGATING","t":"2026-07-19T02:53:30.2439985Z","type":"sample"}
{"channel":"hr","display":67,"mu":67.45845724163114,"quality":"OK","raw":67,"sigma":3,"state":"INTERROGATING","t":"2026-07-19T02:53:30.2461867Z","type":"sample"}
{"channel":"rr","display":13.169446883230904,"mu":10.386677592361341,"quality":"OK","raw":1209.3,"sigma":1.5,"state":"INTERROGATING","t":"2026-07-19T02:53:30.2561501Z","type":"sample"}
{"channel":"rr","display":13.169446883230904,"mu":10.386677592361341,"quality":"OK","raw":1208.1,"sigma":1.5,"state":"INTERROGATING","t":"2026-07-19T02:53:30.2963147Z","type":"sample"}
{"channel":"rr","display":13.169446883230904,"mu":10.386677592361341,"quality":"OK","raw":1207.1,"sigma":1.5,"state":"INTERROGATING","t":"2026-07-19T02:53:30.3358694Z","type":"sample"}
{"channel":"gsr","display":2452.2,"mu":2517.447052617701,"quality":"OK","raw":2452.2,"sigma":57.133663416197884,"state":"INTERROGATING","t":"2026-07-19T02:53:30.3446453Z","type":"sample"}
{"address":"/cue/r14/start","args":null,"channel":"system","dir":"out","t":"2026-07-19T02:53:30.3750659Z","type":"osc"}
{"channel":"rr","display":13.169446883230904,"mu":10.386677592361341,"quality":"OK","raw":1204.2,"sigma":1.5,"state":"INTERROGATING","t":"2026-07-19T02:53:30.3761628Z","type":"sample"}
{"channel":"rr","display":13.169446883230904,"mu":10.386677592361341,"quality":"OK","raw":1203.6,"sigma":1.5,"state":"INTERROGATING","t":"2026-07-19T02:53:30.4134099Z","type":"sample"}
{"channel":"gsr","display":2447.1,"mu":2517.447052617701,"quality":"OK","raw":2447.1,"sigma":57.133663416197884,"state":"INTERROGATING","t":"2026-07-19T02:53:30.4439887Z","type":"sample"}
{"channel":"rr","display":13.169446883230904,"mu":10.386677592361341,"quality":"OK","raw":1203.4,"sigma":1.5,"state":"INTERROGATING","t":"2026-07-19T02:53:30.4558563Z","type":"sample"}
{"channel":"rr","display":13.169446883230904,"mu":10.386677592361341,"quality":"OK","raw":1203.6,"sigma":1.5,"state":"INTERROGATING","t":"2026-07-19T02:53:30.4961545Z","type":"sample"}
{"channel":"rr","display":13.169446883230904,"mu":10.386677592361341,"quality":"OK","raw":1204.1,"sigma":1.5,"state":"INTERROGATING","t":"2026-07-19T02:53:30.5363491Z","type":"sample"}
{"channel":"gsr","display":2450.8,"mu":2517.447052617701,"quality":"OK","raw":2450.8,"sigma":57.133663416197884,"state":"INTERROGATING","t":"2026-07-19T02:53:30.545737Z","type":"sample"}
{"channel":"rr","display":13.169446883230904,"mu":10.386677592361341,"quality":"OK","raw":1201.7,"sigma":1.5,"state":"INTERROGATING","t":"2026-07-19T02:53:30.576855Z","type":"sample"}
{"channel":"rr","display":13.169446883230904,"mu":10.386677592361341,"quality":"OK","raw":1201.7,"sigma":1.5,"state":"INTERROGATING","t":"2026-07-19T02:53:30.6163211Z","type":"sample"}
{"channel":"gsr","display":2452.8,"mu":2517.447052617701,"quality":"OK","raw":2452.8,"sigma":57.133663416197884,"state":"INTERROGATING","t":"2026-07-19T02:53:30.6455095Z","type":"sample"}
{"channel":"rr","display":13.169446883230904,"mu":10.386677592361341,"quality":"OK","raw":1203.1,"sigma":1.5,"state":"INTERROGATING","t":"2026-07-19T02:53:30.6558504Z","type":"sample"}
{"address":"/cue/bpm067/start","args":null,"channel":"system","dir":"out","t":"2026-07-19T02:53:30.676936Z","type":"osc"}
{"address":"/cue/g11/start","args":null,"channel":"system","dir":"out","t":"2026-07-19T02:53:30.6783133Z","type":"osc"}
{"channel":"rr","display":13.169446883230904,"mu":10.386677592361341,"quality":"OK","raw":1202.5,"sigma":1.5,"state":"INTERROGATING","t":"2026-07-19T02:53:30.6957198Z","type":"sample"}
{"channel":"rr","display":13.169446883230904,"mu":10.386677592361341,"quality":"OK","raw":1202.8,"sigma":1.5,"state":"INTERROGATING","t":"2026-07-19T02:53:30.7364095Z","type":"sample"}
{"channel":"gsr","display":2452.5,"mu":2517.447052617701,"quality":"OK","raw":2452.5,"sigma":57.133663416197884,"state":"INTERROGATING","t":"2026-07-19T02:53:30.7452209Z","type":"sample"}
{"channel":"hr","display":67,"mu":67.45845724163114,"quality":"OK","raw":67,"sigma":3,"state":"INTERROGATING","t":"2026-07-19T02:53:30.745738Z","type":"sample"}
{"channel":"rr","display":13.169446883230904,"mu":10.386677592361341,"quality":"OK","raw":1202.4,"sigma":1.5,"state":"INTERROGATING","t":"2026-07-19T02:53:30.7764454Z","type":"sample"}
{"channel":"rr","display":13.169446883230904,"mu":10.386677592361341,"quality":"OK","raw":1203.2,"sigma":1.5,"state":"INTERROGATING","t":"2026-07-19T02:53:30.8163069Z","type":"sample"}
{"channel":"gsr","display":2452.7,"mu":2517.447052617701,"quality":"OK","raw":2452.7,"sigma":57.133663416197884,"state":"INTERROGATING","t":"2026-07-19T02:53:30.8447309Z","type":"sample"}
{"channel":"rr","display":13.169446883230904,"mu":10.386677592361341,"quality":"OK","raw":1200.9,"sigma":1.5,"state":"INTERROGATING","t":"2026-07-19T02:53:30.8563599Z","type":"sample"}
{"address":"/cue/p/start","args":null,"channel":"system","dir":"out","t":"2026-07-19T02:53:30.8612796Z","type":"osc"}
{"channel":"rr","display":13.169446883230904,"mu":10.386677592361341,"quality":"OK","raw":1200.4,"sigma":1.5,"state":"INTERROGATING","t":"2026-07-19T02:53:30.8963367Z","type":"sample"}
{"channel":"rr","display":13.169446883230904,"mu":10.386677592361341,"quality":"OK","raw":1203.1,"sigma":1.5,"state":"INTERROGATING","t":"2026-07-19T02:53:30.9276098Z","type":"sample"}
{"channel":"gsr","display":2451.6,"mu":2517.447052617701,"quality":"OK","raw":2451.6,"sigma":57.133663416197884,"state":"INTERROGATING","t":"2026-07-19T02:53:30.9453376Z","type":"sample"}
{"channel":"rr","display":13.169446883230904,"mu":10.386677592361341,"quality":"OK","raw":1203,"sigma":1.5,"state":"INTERROGATING","t":"2026-07-19T02:53:30.976424Z","type":"sample"}
{"channel":"rr","display":13.169446883230904,"mu":10.386677592361341,"quality":"OK","raw":1203.1,"sigma":1.5,"state":"INTERROGATING","t":"2026-07-19T02:53:31.0131796Z","type":"sample"}
{"channel":"gsr","display":2448.7,"mu":2517.447052617701,"quality":"OK","raw":2448.7,"sigma":57.133663416197884,"state":"INTERROGATING","t":"2026-07-19T02:53:31.0455507Z","type":"sample"}
{"channel":"rr","display":13.169446883230904,"mu":10.386677592361341,"quality":"OK","raw":1201.2,"sigma":1.5,"state":"INTERROGATING","t":"2026-07-19T02:53:31.0563692Z","type":"sample"}
{"channel":"rr","display":13.169446883230904,"mu":10.386677592361341,"quality":"OK","raw":1200.4,"sigma":1.5,"state":"INTERROGATING","t":"2026-07-19T02:53:31.0963764Z","type":"sample"}
{"channel":"rr","display":13.169446883230904,"mu":10.386677592361341,"quality":"OK","raw":1201.2,"sigma":1.5,"state":"INTERROGATING","t":"2026-07-19T02:53:31.1288726Z","type":"sample"}
{"channel":"gsr","display":2451.2,"mu":2517.447052617701,"quality":"OK","raw":2451.2,"sigma":57.133663416197884,"state":"INTERROGATING","t":"2026-07-19T02:53:31.1453194Z","type":"sample"}
{"L":33.98435337748513,"channel":"gsr","n":33,"t":"2026-07-19T02:53:31.1764126Z","type":"scored","z":0.7078312433257181}
{"channel":"gsr","event":"state_change","from":"INTERROGATING","t":"2026-07-19T02:53:31.1764126Z","to":"COOLDOWN","type":"event"}
{"L":0,"channel":"hr","n":6,"t":"2026-07-19T02:53:31.1764126Z","type":"scored","z":0}
{"channel":"hr","event":"state_change","from":"INTERROGATING","t":"2026-07-19T02:53:31.1764126Z","to":"COOLDOWN","type":"event"}
{"L":72.94681853334907,"channel":"rr","n":1,"t":"2026-07-19T02:53:31.1764126Z","type":"scored","z":1.8551795272463754}
{"channel":"rr","event":"state_change","from":"INTERROGATING","t":"2026-07-19T02:53:31.1764126Z","to":"COOLDOWN","type":"event"}
{"channel":"rr","display":13.169446883230904,"mu":10.386677592361341,"quality":"OK","raw":1200.4,"sigma":1.5,"state":"COOLDOWN","t":"2026-07-19T02:53:31.1764126Z","type":"sample"}
{"channel":"rr","display":13.169446883230904,"mu":10.386677592361341,"quality":"OK","raw":1201.4,"sigma":1.5,"state":"COOLDOWN","t":"2026-07-19T02:53:31.2160778Z","type":"sample"}
{"address":"/cue/l36/start","args":null,"channel":"system","dir":"out","t":"2026-07-19T02:53:31.2233253Z","type":"osc"}
{"channel":"gsr","display":2448.6,"mu":2517.447052617701,"quality":"OK","raw":2448.6,"sigma":57.133663416197884,"state":"COOLDOWN","t":"2026-07-19T02:53:31.2451937Z","type":"sample"}
{"channel":"hr","display":67,"mu":67.45845724163114,"quality":"OK","raw":67,"sigma":3,"state":"COOLDOWN","t":"2026-07-19T02:53:31.2457056Z","type":"sample"}
{"channel":"rr","display":13.169446883230904,"mu":10.386677592361341,"quality":"OK","raw":1200.9,"sigma":1.5,"state":"COOLDOWN","t":"2026-07-19T02:53:31.255445Z","type":"sample"}
{"channel":"rr","display":13.169446883230904,"mu":10.386677592361341,"quality":"OK","raw":1201.5,"sigma":1.5,"state":"COOLDOWN","t":"2026-07-19T02:53:31.2962929Z","type":"sample"}
{"channel":"rr","display":13.169446883230904,"mu":10.386677592361341,"quality":"OK","raw":1201.7,"sigma":1.5,"state":"COOLDOWN","t":"2026-07-19T02:53:31.3356232Z","type":"sample"}
{"channel":"gsr","display":2445.9,"mu":2517.447052617701,"quality":"OK","raw":2445.9,"sigma":57.133663416197884,"state":"COOLDOWN","t":"2026-07-19T02:53:31.3451629Z","type":"sample"}
{"channel":"rr","display":13.169446883230904,"mu":10.386677592361341,"quality":"OK","raw":1203.1,"sigma":1.5,"state":"COOLDOWN","t":"2026-07-19T02:53:31.3756634Z","type":"sample"}
{"address":"/cue/r14/start","args":null,"channel":"system","dir":"out","t":"2026-07-19T02:53:31.3927527Z","type":"osc"}
{"channel":"rr","display":13.169446883230904,"mu":10.386677592361341,"quality":"OK","raw":1201.1,"sigma":1.5,"state":"COOLDOWN","t":"2026-07-19T02:53:31.4134853Z","type":"sample"}
{"channel":"gsr","display":2446.3,"mu":2517.447052617701,"quality":"OK","raw":2446.3,"sigma":57.133663416197884,"state":"COOLDOWN","t":"2026-07-19T02:53:31.4442315Z","type":"sample"}
{"channel":"rr","display":13.169446883230904,"mu":10.386677592361341,"quality":"OK","raw":1201.4,"sigma":1.5,"state":"COOLDOWN","t":"2026-07-19T02:53:31.4558439Z","type":"sample"}
{"channel":"rr","display":13.169446883230904,"mu":10.386677592361341,"quality":"OK","raw":1200.2,"sigma":1.5,"state":"COOLDOWN","t":"2026-07-19T02:53:31.4962996Z","type":"sample"}
{"channel":"rr","display":13.169446883230904,"mu":10.386677592361341,"quality":"OK","raw":1201.5,"sigma":1.5,"state":"COOLDOWN","t":"2026-07-19T02:53:31.5358926Z","type":"sample"}
{"channel":"gsr","display":2443.5,"mu":2517.447052617701,"quality":"OK","raw":2443.5,"sigma":57.133663416197884,"state":"COOLDOWN","t":"2026-07-19T02:53:31.5451646Z","type":"sample"}
{"channel":"rr","display":13.169446883230904,"mu":10.386677592361341,"quality":"OK","raw":1201.4,"sigma":1.5,"state":"COOLDOWN","t":"2026-07-19T02:53:31.576434Z","type":"sample"}
{"channel":"rr","display":13.169446883230904,"mu":10.386677592361341,"quality":"OK","raw":1201.2,"sigma":1.5,"state":"COOLDOWN","t":"2026-07-19T02:53:31.616303Z","type":"sample"}
{"channel":"gsr","display":2435.3,"mu":2517.447052617701,"quality":"OK","raw":2435.3,"sigma":57.133663416197884,"state":"COOLDOWN","t":"2026-07-19T02:53:31.6452145Z","type":"sample"}
{"channel":"rr","display":13.169446883230904,"mu":10.386677592361341,"quality":"OK","raw":1202.9,"sigma":1.5,"state":"COOLDOWN","t":"2026-07-19T02:53:31.656281Z","type":"sample"}
{"channel":"rr","display":13.169446883230904,"mu":10.386677592361341,"quality":"OK","raw":1202.4,"sigma":1.5,"state":"COOLDOWN","t":"2026-07-19T02:53:31.6965042Z","type":"sample"}
{"address":"/cue/bpm067/start","args":null,"channel":"system","dir":"out","t":"2026-07-19T02:53:31.7001567Z","type":"osc"}
{"address":"/cue/g11/start","args":null,"channel":"system","dir":"out","t":"2026-07-19T02:53:31.701193Z","type":"osc"}
{"channel":"rr","display":13.169446883230904,"mu":10.386677592361341,"quality":"OK","raw":1202.6,"sigma":1.5,"state":"COOLDOWN","t":"2026-07-19T02:53:31.7283528Z","type":"sample"}
{"channel":"gsr","display":2434.5,"mu":2517.447052617701,"quality":"OK","raw":2434.5,"sigma":57.133663416197884,"state":"COOLDOWN","t":"2026-07-19T02:53:31.7454389Z","type":"sample"}
{"channel":"hr","display":67,"mu":67.45845724163114,"quality":"OK","raw":67,"sigma":3,"state":"COOLDOWN","t":"2026-07-19T02:53:31.7459441Z","type":"sample"}
{"address":"/cue/p/start","args":null,"channel":"system","dir":"out","t":"2026-07-19T02:53:31.7561277Z","type":"osc"}
{"channel":"rr","display":13.169446883230904,"mu":10.386677592361341,"quality":"OK","raw":1203.3,"sigma":1.5,"state":"COOLDOWN","t":"2026-07-19T02:53:31.7726211Z","type":"sample"}
{"channel":"rr","display":13.169446883230904,"mu":10.386677592361341,"quality":"OK","raw":1201.8,"sigma":1.5,"state":"COOLDOWN","t":"2026-07-19T02:53:31.8163015Z","type":"sample"}
{"channel":"gsr","display":2440,"mu":2517.447052617701,"quality":"OK","raw":2440,"sigma":57.133663416197884,"state":"COOLDOWN","t":"2026-07-19T02:53:31.8454946Z","type":"sample"}
{"channel":"rr","display":13.169446883230904,"mu":10.386677592361341,"quality":"OK","raw":1203.8,"sigma":1.5,"state":"COOLDOWN","t":"2026-07-19T02:53:31.8558893Z","type":"sample"}
{"channel":"rr","display":13.169446883230904,"mu":10.386677592361341,"quality":"OK","raw":1203.9,"sigma":1.5,"state":"COOLDOWN","t":"2026-07-19T02:53:31.8962174Z","type":"sample"}
{"channel":"rr","display":13.169446883230904,"mu":10.386677592361341,"quality":"OK","raw":1202.5,"sigma":1.5,"state":"COOLDOWN","t":"2026-07-19T02:53:31.9284635Z","type":"sample"}
{"channel":"gsr","display":2446,"mu":2517.447052617701,"quality":"OK","raw":2446,"sigma":57.133663416197884,"state":"COOLDOWN","t":"2026-07-19T02:53:31.9451403Z","type":"sample"}
{"channel":"rr","display":13.169446883230904,"mu":10.386677592361341,"quality":"OK","raw":1204.5,"sigma":1.5,"state":"COOLDOWN","t":"2026-07-19T02:53:31.9763319Z","type":"sample"}
{"channel":"rr","display":13.169446883230904,"mu":10.386677592361341,"quality":"OK","raw":1203.7,"sigma":1.5,"state":"COOLDOWN","t":"2026-07-19T02:53:32.0163314Z","type":"sample"}
{"channel":"gsr","display":2444.9,"mu":2517.447052617701,"quality":"OK","raw":2444.9,"sigma":57.133663416197884,"state":"COOLDOWN","t":"2026-07-19T02:53:32.0454588Z","type":"sample"}
{"channel":"rr","display":13.169446883230904,"mu":10.386677592361341,"quality":"OK","raw":1203.5,"sigma":1.5,"state":"COOLDOWN","t":"2026-07-19T02:53:32.055926Z","type":"sample"}
{"channel":"rr","display":13.169446883230904,"mu":10.386677592361341,"quality":"OK","raw":1203.1,"sigma":1.5,"state":"COOLDOWN","t":"2026-07-19T02:53:32.0962848Z","type":"sample"}
{"channel":"rr","display":13.169446883230904,"mu":10.386677592361341,"quality":"OK","raw":1203.9,"sigma":1.5,"state":"COOLDOWN","t":"2026-07-19T02:53:32.135836Z","type":"sample"}
{"channel":"gsr","display":2443.5,"mu":2517.447052617701,"quality":"OK","raw":2443.5,"sigma":57.133663416197884,"state":"COOLDOWN","t":"2026-07-19T02:53:32.1449285Z","type":"sample"}
{"channel":"rr","display":13.169446883230904,"mu":10.386677592361341,"quality":"OK","raw":1207.2,"sigma":1.5,"state":"COOLDOWN","t":"2026-07-19T02:53:32.1754702Z","type":"sample"}
{"channel":"rr","display":13.169446883230904,"mu":10.386677592361341,"quality":"OK","raw":1208.7,"sigma":1.5,"state":"COOLDOWN","t":"2026-07-19T02:53:32.2162606Z","type":"sample"}
{"channel":"gsr","display":2439.8,"mu":2517.447052617701,"quality":"OK","raw":2439.8,"sigma":57.133663416197884,"state":"COOLDOWN","t":"2026-07-19T02:53:32.2454613Z","type":"sample"}
{"channel":"hr","display":67,"mu":67.45845724163114,"quality":"OK","raw":67,"sigma":3,"state":"COOLDOWN","t":"2026-07-19T02:53:32.2454613Z","type":"sample"}
{"channel":"rr","display":13.169446883230904,"mu":10.386677592361341,"quality":"OK","raw":1212.6,"sigma":1.5,"state":"COOLDOWN","t":"2026-07-19T02:53:32.2561347Z","type":"sample"}
{"channel":"rr","display":13.169446883230904,"mu":10.386677592361341,"quality":"OK","raw":1218.1,"sigma":1.5,"state":"COOLDOWN","t":"2026-07-19T02:53:32.2962815Z","type":"sample"}
{"channel":"rr","display":13.169446883230904,"mu":10.386677592361341,"quality":"OK","raw":1227.2,"sigma":1.5,"state":"COOLDOWN","t":"2026-07-19T02:53:32.3363929Z","type":"sample"}
{"channel":"gsr","display":2434.3,"mu":2517.447052617701,"quality":"OK","raw":2434.3,"sigma":57.133663416197884,"state":"COOLDOWN","t":"2026-07-19T02:53:32.3454782Z","type":"sample"}
{"channel":"rr","display":13.169446883230904,"mu":10.386677592361341,"quality":"OK","raw":1237.9,"sigma":1.5,"state":"COOLDOWN","t":"2026-07-19T02:53:32.3763648Z","type":"sample"}
{"address":"/cue/r14/start","args":null,"channel":"system","dir":"out","t":"2026-07-19T02:53:32.4056369Z","type":"osc"}
{"channel":"rr","display":13.169446883230904,"mu":10.386677592361341,"quality":"OK","raw":1245,"sigma":1.5,"state":"COOLDOWN","t":"2026-07-19T02:53:32.4158396Z","type":"sample"}
{"channel":"gsr","display":2430,"mu":2517.447052617701,"quality":"OK","raw":2430,"sigma":57.133663416197884,"state":"COOLDOWN","t":"2026-07-19T02:53:32.4452531Z","type":"sample"}
{"channel":"rr","display":13.169446883230904,"mu":10.386677592361341,"quality":"OK","raw":1254.2,"sigma":1.5,"state":"COOLDOWN","t":"2026-07-19T02:53:32.4562343Z","type":"sample"}
{"channel":"rr","display":13.169446883230904,"mu":10.386677592361341,"quality":"OK","raw":1260.1,"sigma":1.5,"state":"COOLDOWN","t":"2026-07-19T02:53:32.4964538Z","type":"sample"}
{"channel":"rr","display":13.169446883230904,"mu":10.386677592361341,"quality":"OK","raw":1265.2,"sigma":1.5,"state":"COOLDOWN","t":"2026-07-19T02:53:32.5359262Z","type":"sample"}
{"channel":"gsr","display":2429.5,"mu":2517.447052617701,"quality":"OK","raw":2429.5,"sigma":57.133663416197884,"state":"COOLDOWN","t":"2026-07-19T02:53:32.5451727Z","type":"sample"}
{"channel":"rr","display":13.169446883230904,"mu":10.386677592361341,"quality":"OK","raw":1271.8,"sigma":1.5,"state":"COOLDOWN","t":"2026-07-19T02:53:32.5767211Z","type":"sample"}
{"channel":"rr","display":13.169446883230904,"mu":10.386677592361341,"quality":"OK","raw":1273.1,"sigma":1.5,"state":"COOLDOWN","t":"2026-07-19T02:53:32.6163499Z","type":"sample"}
{"channel":"gsr","display":2424.7,"mu":2517.447052617701,"quality":"OK","raw":2424.7,"sigma":57.133663416197884,"state":"COOLDOWN","t":"2026-07-19T02:53:32.6454795Z","type":"sample"}
{"address":"/cue/p/start","args":null,"channel":"system","dir":"out","t":"2026-07-19T02:53:32.6508408Z","type":"osc"}
{"channel":"rr","display":13.169446883230904,"mu":10.386677592361341,"quality":"OK","raw":1275.9,"sigma":1.5,"state":"COOLDOWN","t":"2026-07-19T02:53:32.6560314Z","type":"sample"}
{"channel":"rr","display":13.169446883230904,"mu":10.386677592361341,"quality":"OK","raw":1274.9,"sigma":1.5,"state":"COOLDOWN","t":"2026-07-19T02:53:32.694377Z","type":"sample"}
{"address":"/cue/bpm067/start","args":null,"channel":"system","dir":"out","t":"2026-07-19T02:53:32.7093935Z","type":"osc"}
{"address":"/cue/g12/start","args":null,"channel":"system","dir":"out","t":"2026-07-19T02:53:32.7106271Z","type":"osc"}
{"channel":"rr","display":13.169446883230904,"mu":10.386677592361341,"quality":"OK","raw":1276.2,"sigma":1.5,"state":"COOLDOWN","t":"2026-07-19T02:53:32.7346616Z","type":"sample"}
{"channel":"gsr","display":2417.7,"mu":2517.447052617701,"quality":"OK","raw":2417.7,"sigma":57.133663416197884,"state":"COOLDOWN","t":"2026-07-19T02:53:32.7446991Z","type":"sample"}
{"channel":"hr","display":67,"mu":67.45845724163114,"quality":"OK","raw":67,"sigma":3,"state":"COOLDOWN","t":"2026-07-19T02:53:32.7459237Z","type":"sample"}
{"channel":"rr","display":13.169446883230904,"mu":10.386677592361341,"quality":"OK","raw":1275.6,"sigma":1.5,"state":"COOLDOWN","t":"2026-07-19T02:53:32.7745093Z","type":"sample"}
{"channel":"rr","display":13.169446883230904,"mu":10.386677592361341,"quality":"OK","raw":1276.1,"sigma":1.5,"state":"COOLDOWN","t":"2026-07-19T02:53:32.8132532Z","type":"sample"}
{"channel":"gsr","display":2412.1,"mu":2517.447052617701,"quality":"OK","raw":2412.1,"sigma":57.133663416197884,"state":"COOLDOWN","t":"2026-07-19T02:53:32.8442755Z","type":"sample"}
{"channel":"rr","display":13.169446883230904,"mu":10.386677592361341,"quality":"OK","raw":1275.1,"sigma":1.5,"state":"COOLDOWN","t":"2026-07-19T02:53:32.8559358Z","type":"sample"}
{"channel":"rr","display":13.169446883230904,"mu":10.386677592361341,"quality":"OK","raw":1275.8,"sigma":1.5,"state":"COOLDOWN","t":"2026-07-19T02:53:32.8963109Z","type":"sample"}
{"channel":"rr","display":13.169446883230904,"mu":10.386677592361341,"quality":"OK","raw":1274.6,"sigma":1.5,"state":"COOLDOWN","t":"2026-07-19T02:53:32.9275237Z","type":"sample"}
{"channel":"gsr","display":2407.4,"mu":2517.447052617701,"quality":"OK","raw":2407.4,"sigma":57.133663416197884,"state":"COOLDOWN","t":"2026-07-19T02:53:32.9452508Z","type":"sample"}
{"channel":"rr","display":13.169446883230904,"mu":10.386677592361341,"quality":"OK","raw":1274.6,"sigma":1.5,"state":"COOLDOWN","t":"2026-07-19T02:53:32.9726691Z","type":"sample"}
{"channel":"rr","display":13.169446883230904,"mu":10.386677592361341,"quality":"OK","raw":1274.3,"sigma":1.5,"state":"COOLDOWN","t":"2026-07-19T02:53:33.0163366Z","type":"sample"}
{"channel":"gsr","display":2409.4,"mu":2517.447052617701,"quality":"OK","raw":2409.4,"sigma":57.133663416197884,"state":"COOLDOWN","t":"2026-07-19T02:53:33.0452729Z","type":"sample"}
{"channel":"rr","display":13.169446883230904,"mu":10.386677592361341,"quality":"OK","raw":1274.8,"sigma":1.5,"state":"COOLDOWN","t":"2026-07-19T02:53:33.0561218Z","type":"sample"}
{"channel":"rr","display":13.169446883230904,"mu":10.386677592361341,"quality":"OK","raw":1275.6,"sigma":1.5,"state":"COOLDOWN","t":"2026-07-19T02:53:33.0962664Z","type":"sample"}
{"channel":"rr","display":13.169446883230904,"mu":10.386677592361341,"quality":"OK","raw":1274.6,"sigma":1.5,"state":"COOLDOWN","t":"2026-07-19T02:53:33.1341859Z","type":"sample"}
{"channel":"gsr","display":2408.2,"mu":2517.447052617701,"quality":"OK","raw":2408.2,"sigma":57.133663416197884,"state":"COOLDOWN","t":"2026-07-19T02:53:33.1446819Z","type":"sample"}
{"channel":"rr","display":13.169446883230904,"mu":10.386677592361341,"quality":"OK","raw":1274.6,"sigma":1.5,"state":"COOLDOWN","t":"2026-07-19T02:53:33.1719423Z","type":"sample"}
{"channel":"rr","display":13.169446883230904,"mu":10.386677592361341,"quality":"OK","raw":1274.2,"sigma":1.5,"state":"COOLDOWN","t":"2026-07-19T02:53:33.2162786Z","type":"sample"}
{"channel":"gsr","display":2407,"mu":2517.447052617701,"quality":"OK","raw":2407,"sigma":57.133663416197884,"state":"COOLDOWN","t":"2026-07-19T02:53:33.2455063Z","type":"sample"}
{"channel":"hr","display":67,"mu":67.45845724163114,"quality":"OK","raw":67,"sigma":3,"state":"COOLDOWN","t":"2026-07-19T02:53:33.2460109Z","type":"sample"}
{"channel":"rr","display":13.169446883230904,"mu":10.386677592361341,"quality":"OK","raw":1273.8,"sigma":1.5,"state":"COOLDOWN","t":"2026-07-19T02:53:33.2564564Z","type":"sample"}
{"channel":"rr","display":13.169446883230904,"mu":10.386677592361341,"quality":"OK","raw":1274.1,"sigma":1.5,"state":"COOLDOWN","t":"2026-07-19T02:53:33.2961292Z","type":"sample"}
{"channel":"rr","display":13.169446883230904,"mu":10.386677592361341,"quality":"OK","raw":1274.8,"sigma":1.5,"state":"COOLDOWN","t":"2026-07-19T02:53:33.3295527Z","type":"sample"}
{"channel":"gsr","display":2402.6,"mu":2517.447052617701,"quality":"OK","raw":2402.6,"sigma":57.133663416197884,"state":"COOLDOWN","t":"2026-07-19T02:53:33.3449486Z","type":"sample"}
{"channel":"rr","display":13.169446883230904,"mu":10.386677592361341,"quality":"OK","raw":1274.8,"sigma":1.5,"state":"COOLDOWN","t":"2026-07-19T02:53:33.3723987Z","type":"sample"}
{"address":"/cue/r14/start","args":null,"channel":"system","dir":"out","t":"2026-07-19T02:53:33.4133228Z","type":"osc"}
{"channel":"rr","display":13.169446883230904,"mu":10.386677592361341,"quality":"OK","raw":1275.1,"sigma":1.5,"state":"COOLDOWN","t":"2026-07-19T02:53:33.4160337Z","type":"sample"}
{"channel":"gsr","display":2404.3,"mu":2517.447052617701,"quality":"OK","raw":2404.3,"sigma":57.133663416197884,"state":"COOLDOWN","t":"2026-07-19T02:53:33.4454873Z","type":"sample"}
{"channel":"rr","display":13.169446883230904,"mu":10.386677592361341,"quality":"OK","raw":1274.2,"sigma":1.5,"state":"COOLDOWN","t":"2026-07-19T02:53:33.456057Z","type":"sample"}
{"channel":"rr","display":13.169446883230904,"mu":10.386677592361341,"quality":"OK","raw":1273.9,"sigma":1.5,"state":"COOLDOWN","t":"2026-07-19T02:53:33.4955014Z","type":"sample"}
{"channel":"rr","display":13.169446883230904,"mu":10.386677592361341,"quality":"OK","raw":1273.8,"sigma":1.5,"state":"COOLDOWN","t":"2026-07-19T02:53:33.5354153Z","type":"sample"}
{"channel":"gsr","display":2403.8,"mu":2517.447052617701,"quality":"OK","raw":2403.8,"sigma":57.133663416197884,"state":"COOLDOWN","t":"2026-07-19T02:53:33.5453814Z","type":"sample"}
{"address":"/cue/p/start","args":null,"channel":"system","dir":"out","t":"2026-07-19T02:53:33.5474508Z","type":"osc"}
{"channel":"rr","display":13.169446883230904,"mu":10.386677592361341,"quality":"OK","raw":1273.5,"sigma":1.5,"state":"COOLDOWN","t":"2026-07-19T02:53:33.5740576Z","type":"sample"}
{"channel":"rr","display":13.169446883230904,"mu":10.386677592361341,"quality":"OK","raw":1274.1,"sigma":1.5,"state":"COOLDOWN","t":"2026-07-19T02:53:33.6142681Z","type":"sample"}
{"channel":"gsr","display":2403.9,"mu":2517.447052617701,"quality":"OK","raw":2403.9,"sigma":57.133663416197884,"state":"COOLDOWN","t":"2026-07-19T02:53:33.6453276Z","type":"sample"}
{"channel":"rr","display":13.169446883230904,"mu":10.386677592361341,"quality":"OK","raw":1274.9,"sigma":1.5,"state":"COOLDOWN","t":"2026-07-19T02:53:33.6560708Z","type":"sample"}
{"channel":"rr","display":13.169446883230904,"mu":10.386677592361341,"quality":"OK","raw":1274.7,"sigma":1.5,"state":"COOLDOWN","t":"2026-07-19T02:53:33.6963077Z","type":"sample"}
{"address":"/cue/bpm067/start","args":null,"channel":"system","dir":"out","t":"2026-07-19T02:53:33.7157219Z","type":"osc"}
{"address":"/cue/g15/start","args":null,"channel":"system","dir":"out","t":"2026-07-19T02:53:33.7167459Z","type":"osc"}
{"channel":"rr","display":13.169446883230904,"mu":10.386677592361341,"quality":"OK","raw":1273.4,"sigma":1.5,"state":"COOLDOWN","t":"2026-07-19T02:53:33.7362857Z","type":"sample"}
{"channel":"gsr","display":2407.8,"mu":2517.447052617701,"quality":"OK","raw":2407.8,"sigma":57.133663416197884,"state":"COOLDOWN","t":"2026-07-19T02:53:33.7450191Z","type":"sample"}
{"channel":"hr","display":67,"mu":67.45845724163114,"quality":"OK","raw":67,"sigma":3,"state":"COOLDOWN","t":"2026-07-19T02:53:33.8055912Z","type":"sample"}
{"channel":"rr","display":13.169446883230904,"mu":10.386677592361341,"quality":"OK","raw":1274.6,"sigma":1.5,"state":"COOLDOWN","t":"2026-07-19T02:53:33.8101239Z","type":"sample"}
{"channel":"gsr","display":2397.5,"mu":2517.447052617701,"quality":"OK","raw":2397.5,"sigma":57.133663416197884,"state":"COOLDOWN","t":"2026-07-19T02:53:33.8440859Z","type":"sample"}
{"channel":"rr","display":13.169446883230904,"mu":10.386677592361341,"quality":"OK","raw":1273.8,"sigma":1.5,"state":"COOLDOWN","t":"2026-07-19T02:53:33.8501689Z","type":"sample"}
{"channel":"rr","display":13.169446883230904,"mu":10.386677592361341,"quality":"OK","raw":1272.9,"sigma":1.5,"state":"COOLDOWN","t":"2026-07-19T02:53:33.8902756Z","type":"sample"}
{"channel":"rr","display":13.169446883230904,"mu":10.386677592361341,"quality":"OK","raw":1273.8,"sigma":1.5,"state":"COOLDOWN","t":"2026-07-19T02:53:33.9280702Z","type":"sample"}
{"channel":"gsr","display":2398.4,"mu":2517.447052617701,"quality":"OK","raw":2398.4,"sigma":57.133663416197884,"state":"COOLDOWN","t":"2026-07-19T02:53:33.9453419Z","type":"sample"}
{"channel":"rr","display":13.169446883230904,"mu":10.386677592361341,"quality":"OK","raw":1274.2,"sigma":1.5,"state":"COOLDOWN","t":"2026-07-19T02:53:33.9671269Z","type":"sample"}
{"channel":"rr","display":13.169446883230904,"mu":10.386677592361341,"quality":"OK","raw":1272.9,"sigma":1.5,"state":"COOLDOWN","t":"2026-07-19T02:53:34.0099759Z","type":"sample"}
{"channel":"gsr","display":2404.2,"mu":2517.447052617701,"quality":"OK","raw":2404.2,"sigma":57.133663416197884,"state":"COOLDOWN","t":"2026-07-19T02:53:34.0454783Z","type":"sample"}
{"channel":"rr","display":13.169446883230904,"mu":10.386677592361341,"quality":"OK","raw":1274.1,"sigma":1.5,"state":"COOLDOWN","t":"2026-07-19T02:53:34.0501249Z","type":"sample"}
{"channel":"rr","display":13.169446883230904,"mu":10.386677592361341,"quality":"OK","raw":1273.2,"sigma":1.5,"state":"COOLDOWN","t":"2026-07-19T02:53:34.0904496Z","type":"sample"}
{"channel":"rr","display":13.169446883230904,"mu":10.386677592361341,"quality":"OK","raw":1274.2,"sigma":1.5,"state":"COOLDOWN","t":"2026-07-19T02:53:34.1303272Z","type":"sample"}
{"channel":"gsr","display":2409.1,"mu":2517.447052617701,"quality":"OK","raw":2409.1,"sigma":57.133663416197884,"state":"COOLDOWN","t":"2026-07-19T02:53:34.1443239Z","type":"sample"}
{"channel":"rr","display":13.169446883230904,"mu":10.386677592361341,"quality":"OK","raw":1271.4,"sigma":1.5,"state":"COOLDOWN","t":"2026-07-19T02:53:34.1703156Z","type":"sample"}
{"channel":"rr","display":13.169446883230904,"mu":10.386677592361341,"quality":"OK","raw":1270.8,"sigma":1.5,"state":"COOLDOWN","t":"2026-07-19T02:53:34.2100128Z","type":"sample"}
{"channel":"gsr","display":2405.7,"mu":2517.447052617701,"quality":"OK","raw":2405.7,"sigma":57.133663416197884,"state":"COOLDOWN","t":"2026-07-19T02:53:34.2448779Z","type":"sample"}
{"channel":"hr","display":67,"mu":67.45845724163114,"quality":"OK","raw":67,"sigma":3,"state":"COOLDOWN","t":"2026-07-19T02:53:34.2460711Z","type":"sample"}
{"channel":"rr","display":13.169446883230904,"mu":10.386677592361341,"quality":"OK","raw":1267.7,"sigma":1.5,"state":"COOLDOWN","t":"2026-07-19T02:53:34.2507745Z","type":"sample"}
{"channel":"rr","display":13.169446883230904,"mu":10.386677592361341,"quality":"OK","raw":1259,"sigma":1.5,"state":"COOLDOWN","t":"2026-07-19T02:53:34.2888856Z","type":"sample"}
{"channel":"rr","display":13.169446883230904,"mu":10.386677592361341,"quality":"OK","raw":1251.1,"sigma":1.5,"state":"COOLDOWN","t":"2026-07-19T02:53:34.3285044Z","type":"sample"}
{"channel":"gsr","display":2407.6,"mu":2517.447052617701,"quality":"OK","raw":2407.6,"sigma":57.133663416197884,"state":"COOLDOWN","t":"2026-07-19T02:53:34.3447661Z","type":"sample"}
{"channel":"rr","display":13.169446883230904,"mu":10.386677592361341,"quality":"OK","raw":1244.3,"sigma":1.5,"state":"COOLDOWN","t":"2026-07-19T02:53:34.3703232Z","type":"sample"}
{"channel":"rr","display":13.169446883230904,"mu":10.386677592361341,"quality":"OK","raw":1238.8,"sigma":1.5,"state":"COOLDOWN","t":"2026-07-19T02:53:34.4100767Z","type":"sample"}
{"address":"/cue/r14/start","args":null,"channel":"system","dir":"out","t":"2026-07-19T02:53:34.4259304Z","type":"osc"}
{"address":"/cue/p/start","args":null,"channel":"system","dir":"out","t":"2026-07-19T02:53:34.4406812Z","type":"osc"}
{"channel":"gsr","display":2407.4,"mu":2517.447052617701,"quality":"OK","raw":2407.4,"sigma":57.133663416197884,"state":"COOLDOWN","t":"2026-07-19T02:53:34.4451255Z","type":"sample"}
{"channel":"rr","display":13.169446883230904,"mu":10.386677592361341,"quality":"OK","raw":1233.8,"sigma":1.5,"state":"COOLDOWN","t":"2026-07-19T02:53:34.4497992Z","type":"sample"}
{"channel":"rr","display":13.169446883230904,"mu":10.386677592361341,"quality":"OK","raw":1229.6,"sigma":1.5,"state":"COOLDOWN","t":"2026-07-19T02:53:34.4904835Z","type":"sample"}
{"channel":"rr","display":13.169446883230904,"mu":10.386677592361341,"quality":"OK","raw":1226.2,"sigma":1.5,"state":"COOLDOWN","t":"2026-07-19T02:53:34.5279565Z","type":"sample"}
{"channel":"gsr","display":2407.4,"mu":2517.447052617701,"quality":"OK","raw":2407.4,"sigma":57.133663416197884,"state":"COOLDOWN","t":"2026-07-19T02:53:34.5449447Z","type":"sample"}
{"channel":"rr","display":13.169446883230904,"mu":10.386677592361341,"quality":"OK","raw":1224.1,"sigma":1.5,"state":"COOLDOWN","t":"2026-07-19T02:53:34.5703161Z","type":"sample"}
{"channel":"rr","display":13.169446883230904,"mu":10.386677592361341,"quality":"OK","raw":1220.9,"sigma":1.5,"state":"COOLDOWN","t":"2026-07-19T02:53:34.6101439Z","type":"sample"}
{"channel":"gsr","display":2404.3,"mu":2517.447052617701,"quality":"OK","raw":2404.3,"sigma":57.133663416197884,"state":"COOLDOWN","t":"2026-07-19T02:53:34.6450311Z","type":"sample"}
{"channel":"rr","display":13.169446883230904,"mu":10.386677592361341,"quality":"OK","raw":1217,"sigma":1.5,"state":"COOLDOWN","t":"2026-07-19T02:53:34.6498894Z","type":"sample"}
{"channel":"rr","display":13.169446883230904,"mu":10.386677592361341,"quality":"OK","raw":1218.5,"sigma":1.5,"state":"COOLDOWN","t":"2026-07-19T02:53:34.6886945Z","type":"sample"}
{"address":"/cue/bpm067/start","args":null,"channel":"system","dir":"out","t":"2026-07-19T02:53:34.727987Z","type":"osc"}
{"address":"/cue/g15/start","args":null,"channel":"system","dir":"out","t":"2026-07-19T02:53:34.7285112Z","type":"osc"}
{"channel":"rr","display":13.169446883230904,"mu":10.386677592361341,"quality":"OK","raw":1216.1,"sigma":1.5,"state":"COOLDOWN","t":"2026-07-19T02:53:34.7302626Z","type":"sample"}
{"channel":"gsr","display":2396.6,"mu":2517.447052617701,"quality":"OK","raw":2396.6,"sigma":57.133663416197884,"state":"COOLDOWN","t":"2026-07-19T02:53:34.7453565Z","type":"sample"}
{"channel":"hr","display":67,"mu":67.45845724163114,"quality":"OK","raw":67,"sigma":3,"state":"COOLDOWN","t":"2026-07-19T02:53:34.7457097Z","type":"sample"}
{"channel":"rr","display":13.169446883230904,"mu":10.386677592361341,"quality":"OK","raw":1214.6,"sigma":1.5,"state":"COOLDOWN","t":"2026-07-19T02:53:34.7636212Z","type":"sample"}
{"channel":"rr","display":13.169446883230904,"mu":10.386677592361341,"quality":"OK","raw":1212.7,"sigma":1.5,"state":"COOLDOWN","t":"2026-07-19T02:53:34.8101725Z","type":"sample"}
{"channel":"gsr","display":2395.6,"mu":2517.447052617701,"quality":"OK","raw":2395.6,"sigma":57.133663416197884,"state":"COOLDOWN","t":"2026-07-19T02:53:34.84448Z","type":"sample"}
{"channel":"rr","display":13.169446883230904,"mu":10.386677592361341,"quality":"OK","raw":1212.4,"sigma":1.5,"state":"COOLDOWN","t":"2026-07-19T02:53:34.8497466Z","type":"sample"}
{"channel":"rr","display":13.169446883230904,"mu":10.386677592361341,"quality":"OK","raw":1211.7,"sigma":1.5,"state":"COOLDOWN","t":"2026-07-19T02:53:34.8886144Z","type":"sample"}
{"channel":"rr","display":13.169446883230904,"mu":10.386677592361341,"quality":"OK","raw":1210.7,"sigma":1.5,"state":"COOLDOWN","t":"2026-07-19T02:53:34.9301936Z","type":"sample"}
{"channel":"gsr","display":2391.2,"mu":2517.447052617701,"quality":"OK","raw":2391.2,"sigma":57.133663416197884,"state":"COOLDOWN","t":"2026-07-19T02:53:34.9454866Z","type":"sample"}
{"channel":"rr","display":13.169446883230904,"mu":10.386677592361341,"quality":"OK","raw":1210.3,"sigma":1.5,"state":"COOLDOWN","t":"2026-07-19T02:53:34.9687286Z","type":"sample"}
{"channel":"rr","display":13.169446883230904,"mu":10.386677592361341,"quality":"OK","raw":1209.4,"sigma":1.5,"state":"COOLDOWN","t":"2026-07-19T02:53:35.0101901Z","type":"sample"}
{"channel":"gsr","display":2389.3,"mu":2517.447052617701,"quality":"OK","raw":2389.3,"sigma":57.133663416197884,"state":"COOLDOWN","t":"2026-07-19T02:53:35.0444097Z","type":"sample"}
{"channel":"rr","display":13.169446883230904,"mu":10.386677592361341,"quality":"OK","raw":1210.1,"sigma":1.5,"state":"COOLDOWN","t":"2026-07-19T02:53:35.0498883Z","type":"sample"}
{"channel":"rr","display":13.169446883230904,"mu":10.386677592361341,"quality":"OK","raw":1209.4,"sigma":1.5,"state":"COOLDOWN","t":"2026-07-19T02:53:35.0902842Z","type":"sample"}
{"channel":"rr","display":13.169446883230904,"mu":10.386677592361341,"quality":"OK","raw":1210.8,"sigma":1.5,"state":"COOLDOWN","t":"2026-07-19T02:53:35.1296095Z","type":"sample"}
{"channel":"gsr","display":2386.4,"mu":2517.447052617701,"quality":"OK","raw":2386.4,"sigma":57.133663416197884,"state":"COOLDOWN","t":"2026-07-19T02:53:35.1449296Z","type":"sample"}
{"channel":"rr","display":13.169446883230904,"mu":10.386677592361341,"quality":"OK","raw":1209.8,"sigma":1.5,"state":"COOLDOWN","t":"2026-07-19T02:53:35.1683787Z","type":"sample"}
{"channel":"rr","display":13.169446883230904,"mu":10.386677592361341,"quality":"OK","raw":1209.3,"sigma":1.5,"state":"COOLDOWN","t":"2026-07-19T02:53:35.2101607Z","type":"sample"}
{"channel":"gsr","display":2381.8,"mu":2517.447052617701,"quality":"OK","raw":2381.8,"sigma":57.133663416197884,"state":"COOLDOWN","t":"2026-07-19T02:53:35.2445183Z","type":"sample"}
{"channel":"hr","display":68,"mu":67.45845724163114,"quality":"OK","raw":68,"sigma":3,"state":"COOLDOWN","t":"2026-07-19T02:53:35.2459948Z","type":"sample"}
{"channel":"rr","display":13.169446883230904,"mu":10.386677592361341,"quality":"OK","raw":1210.8,"sigma":1.5,"state":"COOLDOWN","t":"2026-07-19T02:53:35.2504698Z","type":"sample"}
{"channel":"rr","display":13.169446883230904,"mu":10.386677592361341,"quality":"OK","raw":1209.2,"sigma":1.5,"state":"COOLDOWN","t":"2026-07-19T02:53:35.290362Z","type":"sample"}
{"channel":"rr","display":13.169446883230904,"mu":10.386677592361341,"quality":"OK","raw":1210.3,"sigma":1.5,"state":"COOLDOWN","t":"2026-07-19T02:53:35.3291526Z","type":"sample"}
{"address":"/cue/p/start","args":null,"channel":"system","dir":"out","t":"2026-07-19T02:53:35.3362149Z","type":"osc"}
{"channel":"gsr","display":2378.5,"mu":2517.447052617701,"quality":"OK","raw":2378.5,"sigma":57.133663416197884,"state":"COOLDOWN","t":"2026-07-19T02:53:35.3457642Z","type":"sample"}
{"channel":"rr","display":13.169446883230904,"mu":10.386677592361341,"quality":"OK","raw":1209.4,"sigma":1.5,"state":"COOLDOWN","t":"2026-07-19T02:53:35.3703139Z","type":"sample"}
{"channel":"rr","display":13.169446883230904,"mu":10.386677592361341,"quality":"OK","raw":1210.1,"sigma":1.5,"state":"COOLDOWN","t":"2026-07-19T02:53:35.4101852Z","type":"sample"}
{"address":"/cue/r14/start","args":null,"channel":"system","dir":"out","t":"2026-07-19T02:53:35.4413411Z","type":"osc"}
{"channel":"gsr","display":2374,"mu":2517.447052617701,"quality":"OK","raw":2374,"sigma":57.133663416197884,"state":"COOLDOWN","t":"2026-07-19T02:53:35.4449594Z","type":"sample"}
{"channel":"rr","display":13.169446883230904,"mu":10.386677592361341,"quality":"OK","raw":1209.7,"sigma":1.5,"state":"COOLDOWN","t":"2026-07-19T02:53:35.4502798Z","type":"sample"}
{"channel":"rr","display":13.169446883230904,"mu":10.386677592361341,"quality":"OK","raw":1209.8,"sigma":1.5,"state":"COOLDOWN","t":"2026-07-19T02:53:35.4903597Z","type":"sample"}
{"channel":"rr","display":13.169446883230904,"mu":10.386677592361341,"quality":"OK","raw":1209.8,"sigma":1.5,"state":"COOLDOWN","t":"2026-07-19T02:53:35.5297366Z","type":"sample"}
{"channel":"gsr","display":2375.9,"mu":2517.447052617701,"quality":"OK","raw":2375.9,"sigma":57.133663416197884,"state":"COOLDOWN","t":"2026-07-19T02:53:35.5447202Z","type":"sample"}
{"channel":"rr","display":13.169446883230904,"mu":10.386677592361341,"quality":"OK","raw":1209.6,"sigma":1.5,"state":"COOLDOWN","t":"2026-07-19T02:53:35.5686577Z","type":"sample"}
{"channel":"rr","display":13.169446883230904,"mu":10.386677592361341,"quality":"OK","raw":1209.3,"sigma":1.5,"state":"COOLDOWN","t":"2026-07-19T02:53:35.6102105Z","type":"sample"}
{"channel":"gsr","display":2371.2,"mu":2517.447052617701,"quality":"OK","raw":2371.2,"sigma":57.133663416197884,"state":"COOLDOWN","t":"2026-07-19T02:53:35.6449211Z","type":"sample"}
{"channel":"rr","display":13.169446883230904,"mu":10.386677592361341,"quality":"OK","raw":1209.8,"sigma":1.5,"state":"COOLDOWN","t":"2026-07-19T02:53:35.6499655Z","type":"sample"}
{"channel":"rr","display":13.169446883230904,"mu":10.386677592361341,"quality":"OK","raw":1209.3,"sigma":1.5,"state":"COOLDOWN","t":"2026-07-19T02:53:35.6897498Z","type":"sample"}
{"channel":"rr","display":13.169446883230904,"mu":10.386677592361341,"quality":"OK","raw":1210,"sigma":1.5,"state":"COOLDOWN","t":"2026-07-19T02:53:35.7278911Z","type":"sample"}
{"address":"/cue/bpm068/start","args":null,"channel":"system","dir":"out","t":"2026-07-19T02:53:35.7451462Z","type":"osc"}
{"channel":"gsr","display":2369.4,"mu":2517.447052617701,"quality":"OK","raw":2369.4,"sigma":57.133663416197884,"state":"COOLDOWN","t":"2026-07-19T02:53:35.7451462Z","type":"sample"}
{"channel":"hr","display":68,"mu":67.45845724163114,"quality":"OK","raw":68,"sigma":3,"state":"COOLDOWN","t":"2026-07-19T02:53:35.745699Z","type":"sample"}
{"address":"/cue/g16/start","args":null,"channel":"system","dir":"out","t":"2026-07-19T02:53:35.7462327Z","type":"osc"}
{"channel":"rr","display":13.169446883230904,"mu":10.386677592361341,"quality":"OK","raw":1209.9,"sigma":1.5,"state":"COOLDOWN","t":"2026-07-19T02:53:35.7700759Z","type":"sample"}
{"channel":"rr","display":13.169446883230904,"mu":10.386677592361341,"quality":"OK","raw":1210.6,"sigma":1.5,"state":"COOLDOWN","t":"2026-07-19T02:53:35.8101819Z","type":"sample"}
{"channel":"gsr","display":2365.2,"mu":2517.447052617701,"quality":"OK","raw":2365.2,"sigma":57.133663416197884,"state":"COOLDOWN","t":"2026-07-19T02:53:35.8452656Z","type":"sample"}
{"channel":"rr","display":13.169446883230904,"mu":10.386677592361341,"quality":"OK","raw":1210.2,"sigma":1.5,"state":"COOLDOWN","t":"2026-07-19T02:53:35.8503155Z","type":"sample"}
{"channel":"rr","display":13.169446883230904,"mu":10.386677592361341,"quality":"OK","raw":1210.1,"sigma":1.5,"state":"COOLDOWN","t":"2026-07-19T02:53:35.8902838Z","type":"sample"}
{"channel":"rr","display":13.169446883230904,"mu":10.386677592361341,"quality":"OK","raw":1209.9,"sigma":1.5,"state":"COOLDOWN","t":"2026-07-19T02:53:35.9283227Z","type":"sample"}
{"channel":"gsr","display":2362.4,"mu":2517.447052617701,"quality":"OK","raw":2362.4,"sigma":57.133663416197884,"state":"COOLDOWN","t":"2026-07-19T02:53:35.9451335Z","type":"sample"}
{"channel":"rr","display":13.169446883230904,"mu":10.386677592361341,"quality":"OK","raw":1209.2,"sigma":1.5,"state":"COOLDOWN","t":"2026-07-19T02:53:35.9703323Z","type":"sample"}
{"channel":"rr","display":13.169446883230904,"mu":10.386677592361341,"quality":"OK","raw":1208.8,"sigma":1.5,"state":"COOLDOWN","t":"2026-07-19T02:53:36.0102742Z","type":"sample"}
{"channel":"gsr","display":2365.2,"mu":2517.447052617701,"quality":"OK","raw":2365.2,"sigma":57.133663416197884,"state":"COOLDOWN","t":"2026-07-19T02:53:36.0443289Z","type":"sample"}
{"channel":"rr","display":13.169446883230904,"mu":10.386677592361341,"quality":"OK","raw":1209.5,"sigma":1.5,"state":"COOLDOWN","t":"2026-07-19T02:53:36.0497945Z","type":"sample"}
{"channel":"rr","display":13.169446883230904,"mu":10.386677592361341,"quality":"OK","raw":1210.1,"sigma":1.5,"state":"COOLDOWN","t":"2026-07-19T02:53:36.0895517Z","type":"sample"}
{"channel":"rr","display":13.169446883230904,"mu":10.386677592361341,"quality":"OK","raw":1210.1,"sigma":1.5,"state":"COOLDOWN","t":"2026-07-19T02:53:36.1303107Z","type":"sample"}
{"channel":"gsr","display":2362.7,"mu":2517.447052617701,"quality":"OK","raw":2362.7,"sigma":57.133663416197884,"state":"COOLDOWN","t":"2026-07-19T02:53:36.1454719Z","type":"sample"}
{"channel":"rr","display":13.169446883230904,"mu":10.386677592361341,"quality":"OK","raw":1210.1,"sigma":1.5,"state":"COOLDOWN","t":"2026-07-19T02:53:36.169964Z","type":"sample"}
{"channel":"gsr","event":"state_change","from":"COOLDOWN","t":"2026-07-19T02:53:36.1764726Z","to":"IDLE","type":"event"}
{"channel":"hr","event":"state_change","from":"COOLDOWN","t":"2026-07-19T02:53:36.1764726Z","to":"IDLE","type":"event"}
{"channel":"rr","event":"state_change","from":"COOLDOWN","t":"2026-07-19T02:53:36.1764726Z","to":"IDLE","type":"event"}
{"channel":"rr","display":13.169446883230904,"mu":10.386677592361341,"quality":"OK","raw":1209.6,"sigma":1.5,"state":"IDLE","t":"2026-07-19T02:53:36.2103404Z","type":"sample"}
{"address":"/cue/p/start","args":null,"channel":"system","dir":"out","t":"2026-07-19T02:53:36.2198347Z","type":"osc"}
{"channel":"gsr","display":2365.7,"mu":2516.6883173546125,"quality":"OK","raw":2365.7,"sigma":57.987019052284055,"state":"IDLE","t":"2026-07-19T02:53:36.2444196Z","type":"sample"}
{"channel":"hr","display":69,"mu":67.46616495542298,"quality":"OK","raw":69,"sigma":3,"state":"IDLE","t":"2026-07-19T02:53:36.2459495Z","type":"sample"}
{"channel":"rr","display":13.169446883230904,"mu":10.386677592361341,"quality":"OK","raw":1208.8,"sigma":1.5,"state":"IDLE","t":"2026-07-19T02:53:36.2507582Z","type":"sample"}
{"channel":"rr","display":13.169446883230904,"mu":10.386677592361341,"quality":"OK","raw":1210.6,"sigma":1.5,"state":"IDLE","t":"2026-07-19T02:53:36.2903178Z","type":"sample"}
{"channel":"rr","display":13.169446883230904,"mu":10.386677592361341,"quality":"OK","raw":1210.1,"sigma":1.5,"state":"IDLE","t":"2026-07-19T02:53:36.3302564Z","type":"sample"}
{"channel":"gsr","display":2367,"mu":2515.9398757678396,"quality":"OK","raw":2367,"sigma":58.797573960415825,"state":"IDLE","t":"2026-07-19T02:53:36.3444201Z","type":"sample"}
{"channel":"rr","display":13.169446883230904,"mu":10.386677592361341,"quality":"OK","raw":1210,"sigma":1.5,"state":"IDLE","t":"2026-07-19T02:53:36.3702789Z","type":"sample"}
{"channel":"rr","display":13.169446883230904,"mu":10.386677592361341,"quality":"OK","raw":1209.6,"sigma":1.5,"state":"IDLE","t":"2026-07-19T02:53:36.4103405Z","type":"sample"}
{"channel":"gsr","display":2365.4,"mu":2515.1871763890003,"quality":"OK","raw":2365.4,"sigma":59.60380562295074,"state":"IDLE","t":"2026-07-19T02:53:36.4454218Z","type":"sample"}
{"channel":"rr","display":13.169446883230904,"mu":10.386677592361341,"quality":"OK","raw":1209.7,"sigma":1.5,"state":"IDLE","t":"2026-07-19T02:53:36.4500526Z","type":"sample"}
{"address":"/cue/r14/start","args":null,"channel":"system","dir":"out","t":"2026-07-19T02:53:36.4675287Z","type":"osc"}
{"channel":"rr","display":13.169446883230904,"mu":10.386677592361341,"quality":"OK","raw":1210.1,"sigma":1.5,"state":"IDLE","t":"2026-07-19T02:53:36.4902409Z","type":"sample"}
{"channel":"rr","display":13.169446883230904,"mu":10.386677592361341,"quality":"OK","raw":1209.4,"sigma":1.5,"state":"IDLE","t":"2026-07-19T02:53:36.5301956Z","type":"sample"}
{"channel":"gsr","display":2364.5,"mu":2514.4337405070555,"quality":"OK","raw":2364.5,"sigma":60.39715255313819,"state":"IDLE","t":"2026-07-19T02:53:36.5454116Z","type":"sample"}
{"channel":"rr","display":13.169446883230904,"mu":10.386677592361341,"quality":"OK","raw":1210.1,"sigma":1.5,"state":"IDLE","t":"2026-07-19T02:53:36.5702473Z","type":"sample"}
{"channel":"rr","display":13.169446883230904,"mu":10.386677592361341,"quality":"OK","raw":1210.8,"sigma":1.5,"state":"IDLE","t":"2026-07-19T02:53:36.6103326Z","type":"sample"}
{"channel":"gsr","display":2369,"mu":2513.70657180452,"quality":"OK","raw":2369,"sigma":61.1130349959142,"state":"IDLE","t":"2026-07-19T02:53:36.6446959Z","type":"sample"}
{"channel":"rr","display":13.169446883230904,"mu":10.386677592361341,"quality":"OK","raw":1209.8,"sigma":1.5,"state":"IDLE","t":"2026-07-19T02:53:36.649962Z","type":"sample"}
{"channel":"rr","display":13.169446883230904,"mu":10.386677592361341,"quality":"OK","raw":1210.2,"sigma":1.5,"state":"IDLE","t":"2026-07-19T02:53:36.6889674Z","type":"sample"}
{"channel":"rr","display":13.169446883230904,"mu":10.386677592361341,"quality":"OK","raw":1210,"sigma":1.5,"state":"IDLE","t":"2026-07-19T02:53:36.7302844Z","type":"sample"}
{"channel":"gsr","display":2368.6,"mu":2512.9810389454974,"quality":"OK","raw":2368.6,"sigma":61.813285134787606,"state":"IDLE","t":"2026-07-19T02:53:36.7452669Z","type":"sample"}
{"channel":"hr","display":69,"mu":67.47383413064587,"quality":"OK","raw":69,"sigma":3,"state":"IDLE","t":"2026-07-19T02:53:36.7459181Z","type":"sample"}
{"channel":"rr","display":13.169446883230904,"mu":10.386677592361341,"quality":"OK","raw":1210.9,"sigma":1.5,"state":"IDLE","t":"2026-07-19T02:53:36.7702567Z","type":"sample"}
{"address":"/cue/bpm069/start","args":null,"channel":"system","dir":"out","t":"2026-07-19T02:53:36.7729004Z","type":"osc"}
{"address":"/cue/g16/start","args":null,"channel":"system","dir":"out","t":"2026-07-19T02:53:36.7740507Z","type":"osc"}
{"channel":"rr","display":13.169446883230904,"mu":10.386677592361341,"quality":"OK","raw":1210.9,"sigma":1.5,"state":"IDLE","t":"2026-07-19T02:53:36.8102879Z","type":"sample"}
{"channel":"gsr","display":2364.5,"mu":2512.23863375077,"quality":"OK","raw":2364.5,"sigma":62.54166401062011,"state":"IDLE","t":"2026-07-19T02:53:36.8451759Z","type":"sample"}
{"channel":"rr","display":13.169446883230904,"mu":10.386677592361341,"quality":"OK","raw":1210,"sigma":1.5,"state":"IDLE","t":"2026-07-19T02:53:36.8503948Z","type":"sample"}
{"channel":"rr","display":13.169446883230904,"mu":10.386677592361341,"quality":"OK","raw":1209.1,"sigma":1.5,"state":"IDLE","t":"2026-07-19T02:53:36.8892025Z","type":"sample"}
{"channel":"rr","display":13.169446883230904,"mu":10.386677592361341,"quality":"OK","raw":1209.1,"sigma":1.5,"state":"IDLE","t":"2026-07-19T02:53:36.9298917Z","type":"sample"}
{"channel":"gsr","display":2365.9,"mu":2511.5069405820163,"quality":"OK","raw":2365.9,"sigma":63.23323526657652,"state":"IDLE","t":"2026-07-19T02:53:36.9447654Z","type":"sample"}
{"channel":"rr","display":13.169446883230904,"mu":10.386677592361341,"quality":"OK","raw":1210.2,"sigma":1.5,"state":"IDLE","t":"2026-07-19T02:53:36.9677374Z","type":"sample"}
{"channel":"rr","display":13.169446883230904,"mu":10.386677592361341,"quality":"OK","raw":1209.9,"sigma":1.5,"state":"IDLE","t":"2026-07-19T02:53:37.0104513Z","type":"sample"}
{"channel":"gsr","display":2363.5,"mu":2510.766905879106,"quality":"OK","raw":2363.5,"sigma":63.93303100125597,"state":"IDLE","t":"2026-07-19T02:53:37.0450652Z","type":"sample"}
{"channel":"rr","display":13.169446883230904,"mu":10.386677592361341,"quality":"OK","raw":1210.9,"sigma":1.5,"state":"IDLE","t":"2026-07-19T02:53:37.0500404Z","type":"sample"}
{"channel":"rr","display":13.169446883230904,"mu":10.386677592361341,"quality":"OK","raw":1211.1,"sigma":1.5,"state":"IDLE","t":"2026-07-19T02:53:37.0892436Z","type":"sample"}
{"address":"/cue/p/start","args":null,"channel":"system","dir":"out","t":"2026-07-19T02:53:37.1016965Z","type":"osc"}
{"channel":"rr","display":13.169446883230904,"mu":10.386677592361341,"quality":"OK","raw":1210.4,"sigma":1.5,"state":"IDLE","t":"2026-07-19T02:53:37.1302602Z","type":"sample"}
{"channel":"gsr","display":2369.4,"mu":2510.0600713497106,"quality":"OK","raw":2369.4,"sigma":64.54780155884268,"state":"IDLE","t":"2026-07-19T02:53:37.1452668Z","type":"sample"}
{"channel":"rr","display":13.169446883230904,"mu":10.386677592361341,"quality":"OK","raw":1210.2,"sigma":1.5,"state":"IDLE","t":"2026-07-19T02:53:37.1702878Z","type":"sample"}
{"channel":"rr","display":13.169446883230904,"mu":10.386677592361341,"quality":"OK","raw":1210.4,"sigma":1.5,"state":"IDLE","t":"2026-07-19T02:53:37.2104083Z","type":"sample"}
{"channel":"gsr","display":2371.2,"mu":2509.365770992962,"quality":"OK","raw":2371.2,"sigma":65.12691560898756,"state":"IDLE","t":"2026-07-19T02:53:37.2450393Z","type":"sample"}
{"channel":"hr","display":70,"mu":67.48646495999265,"quality":"OK","raw":70,"sigma":3,"state":"IDLE","t":"2026-07-19T02:53:37.2532047Z","type":"sample"}
{"channel":"rr","display":13.169446883230904,"mu":10.386677592361341,"quality":"OK","raw":1209.9,"sigma":1.5,"state":"IDLE","t":"2026-07-19T02:53:37.2532047Z","type":"sample"}
{"channel":"rr","display":13.169446883230904,"mu":10.386677592361341,"quality":"OK","raw":1211.8,"sigma":1.5,"state":"IDLE","t":"2026-07-19T02:53:37.2902834Z","type":"sample"}
{"channel":"rr","display":13.169446883230904,"mu":10.386677592361341,"quality":"OK","raw":1209.7,"sigma":1.5,"state":"IDLE","t":"2026-07-19T02:53:37.330442Z","type":"sample"}
{"channel":"gsr","display":2370.7,"mu":2508.672442137997,"quality":"OK","raw":2370.7,"sigma":65.69602603187442,"state":"IDLE","t":"2026-07-19T02:53:37.3454748Z","type":"sample"}
{"channel":"rr","display":13.169446883230904,"mu":10.386677592361341,"quality":"OK","raw":1209.4,"sigma":1.5,"state":"IDLE","t":"2026-07-19T02:53:37.3691232Z","type":"sample"}
{"channel":"rr","display":13.169446883230904,"mu":10.386677592361341,"quality":"OK","raw":1211.8,"sigma":1.5,"state":"IDLE","t":"2026-07-19T02:53:37.4103665Z","type":"sample"}
{"channel":"gsr","display":2377.7,"mu":2508.0175799273075,"quality":"OK","raw":2377.7,"sigma":66.17951386707057,"state":"IDLE","t":"2026-07-19T02:53:37.4452837Z","type":"sample"}
{"channel":"rr","display":13.169446883230904,"mu":10.386677592361341,"quality":"OK","raw":1212.4,"sigma":1.5,"state":"IDLE","t":"2026-07-19T02:53:37.4497177Z","type":"sample"}
{"address":"/cue/r14/start","args":null,"channel":"system","dir":"out","t":"2026-07-19T02:53:37.4806319Z","type":"osc"}
{"channel":"rr","display":13.169446883230904,"mu":10.386677592361341,"quality":"OK","raw":1211.3,"sigma":1.5,"state":"IDLE","t":"2026-07-19T02:53:37.4895096Z","type":"sample"}
{"channel":"rr","display":13.169446883230904,"mu":10.386677592361341,"quality":"OK","raw":1212.2,"sigma":1.5,"state":"IDLE","t":"2026-07-19T02:53:37.5302766Z","type":"sample"}
{"channel":"gsr","display":2379.7,"mu":2507.3759920276707,"quality":"OK","raw":2379.7,"sigma":66.63140991276127,"state":"IDLE","t":"2026-07-19T02:53:37.5446137Z","type":"sample"}
{"channel":"rr","display":13.169446883230904,"mu":10.386677592361341,"quality":"OK","raw":1210.6,"sigma":1.5,"state":"IDLE","t":"2026-07-19T02:53:37.5702342Z","type":"sample"}
{"channel":"rr","display":13.169446883230904,"mu":10.386677592361341,"quality":"OK","raw":1210.6,"sigma":1.5,"state":"IDLE","t":"2026-07-19T02:53:37.6102513Z","type":"sample"}
{"channel":"gsr","display":2382.3,"mu":2506.7506120675325,"quality":"OK","raw":2382.3,"sigma":67.04755761279897,"state":"IDLE","t":"2026-07-19T02:53:37.6448218Z","type":"sample"}
{"channel":"rr","display":13.169446883230904,"mu":10.386677592361341,"quality":"OK","raw":1211.4,"sigma":1.5,"state":"IDLE","t":"2026-07-19T02:53:37.6498573Z","type":"sample"}
{"channel":"rr","display":13.169446883230904,"mu":10.386677592361341,"quality":"OK","raw":1210.9,"sigma":1.5,"state":"IDLE","t":"2026-07-19T02:53:37.6900219Z","type":"sample"}
{"channel":"rr","display":13.169446883230904,"mu":10.386677592361341,"quality":"OK","raw":1210.6,"sigma":1.5,"state":"IDLE","t":"2026-07-19T02:53:37.7283593Z","type":"sample"}
{"channel":"gsr","display":2389.5,"mu":2506.164359007195,"quality":"OK","raw":2389.5,"sigma":67.38911591965493,"state":"IDLE","t":"2026-07-19T02:53:37.7453805Z","type":"sample"}
{"channel":"hr","display":70,"mu":67.49903263519268,"quality":"OK","raw":70,"sigma":3,"state":"IDLE","t":"2026-07-19T02:53:37.7459525Z","type":"sample"}
{"channel":"rr","display":13.169446883230904,"mu":10.386677592361341,"quality":"OK","raw":1211.2,"sigma":1.5,"state":"IDLE","t":"2026-07-19T02:53:37.7704517Z","type":"sample"}
{"address":"/cue/bpm070/start","args":null,"channel":"system","dir":"out","t":"2026-07-19T02:53:37.7831672Z","type":"osc"}
{"address":"/cue/g15/start","args":null,"channel":"system","dir":"out","t":"2026-07-19T02:53:37.7842379Z","type":"osc"}
{"channel":"rr","display":13.169446883230904,"mu":10.386677592361341,"quality":"OK","raw":1211.9,"sigma":1.5,"state":"IDLE","t":"2026-07-19T02:53:37.8102856Z","type":"sample"}
{"channel":"gsr","display":2389,"mu":2505.578537212159,"quality":"OK","raw":2389,"sigma":67.7265142144701,"state":"IDLE","t":"2026-07-19T02:53:37.8453572Z","type":"sample"}
{"channel":"rr","display":13.169446883230904,"mu":10.386677592361341,"quality":"OK","raw":1211.8,"sigma":1.5,"state":"IDLE","t":"2026-07-19T02:53:37.8501428Z","type":"sample"}
{"channel":"rr","display":13.169446883230904,"mu":10.386677592361341,"quality":"OK","raw":1211,"sigma":1.5,"state":"IDLE","t":"2026-07-19T02:53:37.8903271Z","type":"sample"}
{"channel":"rr","display":13.169446883230904,"mu":10.386677592361341,"quality":"OK","raw":1209.8,"sigma":1.5,"state":"IDLE","t":"2026-07-19T02:53:37.9279915Z","type":"sample"}
{"channel":"gsr","display":2377.3,"mu":2504.937144526098,"quality":"OK","raw":2377.3,"sigma":68.16019259783036,"state":"IDLE","t":"2026-07-19T02:53:37.9449534Z","type":"sample"}
{"channel":"rr","display":13.169446883230904,"mu":10.386677592361341,"quality":"OK","raw":1210.6,"sigma":1.5,"state":"IDLE","t":"2026-07-19T02:53:37.9678542Z","type":"sample"}
{"address":"/cue/p/start","args":null,"channel":"system","dir":"out","t":"2026-07-19T02:53:37.9744026Z","type":"osc"}
{"channel":"rr","display":13.169446883230904,"mu":10.386677592361341,"quality":"OK","raw":1210.3,"sigma":1.5,"state":"IDLE","t":"2026-07-19T02:53:38.0062145Z","type":"sample"}
{"channel":"gsr","display":2371.7,"mu":2504.2709588034677,"quality":"OK","raw":2371.7,"sigma":68.6359940241909,"state":"IDLE","t":"2026-07-19T02:53:38.0448627Z","type":"sample"}
{"channel":"rr","display":13.169446883230904,"mu":10.386677592361341,"quality":"OK","raw":1211,"sigma":1.5,"state":"IDLE","t":"2026-07-19T02:53:38.0498154Z","type":"sample"}
{"channel":"rr","display":13.169446883230904,"mu":10.386677592361341,"quality":"OK","raw":1210.4,"sigma":1.5,"state":"IDLE","t":"2026-07-19T02:53:38.0893267Z","type":"sample"}
{"channel":"rr","display":13.169446883230904,"mu":10.386677592361341,"quality":"OK","raw":1211.5,"sigma":1.5,"state":"IDLE","t":"2026-07-19T02:53:38.1302504Z","type":"sample"}
{"channel":"gsr","display":2372.6,"mu":2503.6126040094505,"quality":"OK","raw":2372.6,"sigma":69.09122920629392,"state":"IDLE","t":"2026-07-19T02:53:38.1453585Z","type":"sample"}
{"channel":"rr","display":13.169446883230904,"mu":10.386677592361341,"quality":"OK","raw":1212.1,"sigma":1.5,"state":"IDLE","t":"2026-07-19T02:53:38.1700899Z","type":"sample"}
{"channel":"rr","display":13.169446883230904,"mu":10.386677592361341,"quality":"OK","raw":1210.8,"sigma":1.5,"state":"IDLE","t":"2026-07-19T02:53:38.2104183Z","type":"sample"}
{"channel":"gsr","display":2374.2,"mu":2502.965540989403,"quality":"OK","raw":2374.2,"sigma":69.52013653108774,"state":"IDLE","t":"2026-07-19T02:53:38.2454475Z","type":"sample"}
{"channel":"hr","display":71,"mu":67.51653747201671,"quality":"OK","raw":71,"sigma":3,"state":"IDLE","t":"2026-07-19T02:53:38.2789209Z","type":"sample"}
{"channel":"rr","display":13.169446883230904,"mu":10.386677592361341,"quality":"OK","raw":1210.6,"sigma":1.5,"state":"IDLE","t":"2026-07-19T02:53:38.2840687Z","type":"sample"}
{"channel":"rr","display":13.169446883230904,"mu":10.386677592361341,"quality":"OK","raw":1210.9,"sigma":1.5,"state":"IDLE","t":"2026-07-19T02:53:38.3242633Z","type":"sample"}
{"channel":"gsr","display":2375,"mu":2502.325713284456,"quality":"OK","raw":2375,"sigma":69.93104214364398,"state":"IDLE","t":"2026-07-19T02:53:38.3454749Z","type":"sample"}
{"channel":"rr","display":13.169446883230904,"mu":10.386677592361341,"quality":"OK","raw":1209.7,"sigma":1.5,"state":"IDLE","t":"2026-07-19T02:53:38.3632609Z","type":"sample"}
{"channel":"rr","display":13.169446883230904,"mu":10.386677592361341,"quality":"OK","raw":1209.6,"sigma":1.5,"state":"IDLE","t":"2026-07-19T02:53:38.4012927Z","type":"sample"}
{"channel":"gsr","display":2382.1,"mu":2501.724584718034,"quality":"OK","raw":2382.1,"sigma":70.26954288409767,"state":"IDLE","t":"2026-07-19T02:53:38.4452166Z","type":"sample"}
{"channel":"rr","display":13.169446883230904,"mu":10.386677592361341,"quality":"OK","raw":1210.1,"sigma":1.5,"state":"IDLE","t":"2026-07-19T02:53:38.4497907Z","type":"sample"}
{"channel":"rr","display":13.169446883230904,"mu":10.386677592361341,"quality":"OK","raw":1210.4,"sigma":1.5,"state":"IDLE","t":"2026-07-19T02:53:38.4886884Z","type":"sample"}
{"address":"/cue/r14/start","args":null,"channel":"system","dir":"out","t":"2026-07-19T02:53:38.4900523Z","type":"osc"}
{"channel":"rr","display":13.169446883230904,"mu":10.386677592361341,"quality":"OK","raw":1209.9,"sigma":1.5,"state":"IDLE","t":"2026-07-19T02:53:38.5290937Z","type":"sample"}
{"channel":"gsr","display":2383.8,"mu":2501.134961794444,"quality":"OK","raw":2383.8,"sigma":70.58543048722535,"state":"IDLE","t":"2026-07-19T02:53:38.5454373Z","type":"sample"}
{"channel":"rr","display":13.169446883230904,"mu":10.386677592361341,"quality":"OK","raw":1209.8,"sigma":1.5,"state":"IDLE","t":"2026-07-19T02:53:38.5675953Z","type":"sample"}
{"channel":"rr","display":13.169446883230904,"mu":10.386677592361341,"quality":"OK","raw":1210.2,"sigma":1.5,"state":"IDLE","t":"2026-07-19T02:53:38.6092573Z","type":"sample"}
{"channel":"gsr","display":2391.1,"mu":2500.5847869854715,"quality":"OK","raw":2391.1,"sigma":70.83521196302503,"state":"IDLE","t":"2026-07-19T02:53:38.6452407Z","type":"sample"}
{"channel":"rr","display":13.169446883230904,"mu":10.386677592361341,"quality":"OK","raw":1210.3,"sigma":1.5,"state":"IDLE","t":"2026-07-19T02:53:38.6502203Z","type":"sample"}
{"channel":"rr","display":13.169446883230904,"mu":10.386677592361341,"quality":"OK","raw":1209.7,"sigma":1.5,"state":"IDLE","t":"2026-07-19T02:53:38.6889098Z","type":"sample"}
{"channel":"rr","display":13.169446883230904,"mu":10.386677592361341,"quality":"OK","raw":1210.8,"sigma":1.5,"state":"IDLE","t":"2026-07-19T02:53:38.7294863Z","type":"sample"}
{"channel":"gsr","display":2392.8,"mu":2500.045863050544,"quality":"OK","raw":2392.8,"sigma":71.06571944402822,"state":"IDLE","t":"2026-07-19T02:53:38.7453695Z","type":"sample"}
{"channel":"hr","display":71,"mu":67.53395478465663,"quality":"OK","raw":71,"sigma":3,"state":"IDLE","t":"2026-07-19T02:53:38.7459977Z","type":"sample"}
{"channel":"rr","display":13.169446883230904,"mu":10.386677592361341,"quality":"OK","raw":1210.4,"sigma":1.5,"state":"IDLE","t":"2026-07-19T02:53:38.768968Z","type":"sample"}
{"address":"/cue/bpm071/start","args":null,"channel":"system","dir":"out","t":"2026-07-19T02:53:38.8021552Z","type":"osc"}
{"address":"/cue/g14/start","args":null,"channel":"system","dir":"out","t":"2026-07-19T02:53:38.8031885Z","type":"osc"}
{"channel":"rr","display":13.169446883230904,"mu":10.386677592361341,"quality":"OK","raw":1211.8,"sigma":1.5,"state":"IDLE","t":"2026-07-19T02:53:38.8090415Z","type":"sample"}
{"address":"/cue/p/start","args":null,"channel":"system","dir":"out","t":"2026-07-19T02:53:38.8328112Z","type":"osc"}
{"channel":"gsr","display":2396.2,"mu":2499.5266337352914,"quality":"OK","raw":2396.2,"sigma":71.26524408839549,"state":"IDLE","t":"2026-07-19T02:53:38.8454526Z","type":"sample"}
{"channel":"rr","display":13.169446883230904,"mu":10.386677592361341,"quality":"OK","raw":1210.9,"sigma":1.5,"state":"IDLE","t":"2026-07-19T02:53:38.8500694Z","type":"sample"}
{"channel":"rr","display":13.169446883230904,"mu":10.386677592361341,"quality":"OK","raw":1207.1,"sigma":1.5,"state":"IDLE","t":"2026-07-19T02:53:38.8890026Z","type":"sample"}
{"channel":"rr","display":13.169446883230904,"mu":10.386677592361341,"quality":"OK","raw":1211.9,"sigma":1.5,"state":"IDLE","t":"2026-07-19T02:53:38.9290388Z","type":"sample"}
{"channel":"gsr","display":2400.9,"mu":2499.0335005666147,"quality":"OK","raw":2400.9,"sigma":71.4264252499831,"state":"IDLE","t":"2026-07-19T02:53:38.9450083Z","type":"sample"}
{"channel":"rr","display":13.169446883230904,"mu":10.386677592361341,"quality":"OK","raw":1211.2,"sigma":1.5,"state":"IDLE","t":"2026-07-19T02:53:38.9664083Z","type":"sample"}
{"channel":"rr","display":13.169446883230904,"mu":10.386677592361341,"quality":"OK","raw":1211.2,"sigma":1.5,"state":"IDLE","t":"2026-07-19T02:53:39.0062635Z","type":"sample"}
{"channel":"gsr","display":2403.5,"mu":2498.555833063782,"quality":"OK","raw":2403.5,"sigma":71.56556878332458,"state":"IDLE","t":"2026-07-19T02:53:39.0449152Z","type":"sample"}
{"channel":"rr","display":13.169446883230904,"mu":10.386677592361341,"quality":"OK","raw":1210.6,"sigma":1.5,"state":"IDLE","t":"2026-07-19T02:53:39.049752Z","type":"sample"}
{"channel":"rr","display":13.169446883230904,"mu":10.386677592361341,"quality":"OK","raw":1210.4,"sigma":1.5,"state":"IDLE","t":"2026-07-19T02:53:39.0887073Z","type":"sample"}
{"channel":"rr","display":13.169446883230904,"mu":10.386677592361341,"quality":"OK","raw":1211.1,"sigma":1.5,"state":"IDLE","t":"2026-07-19T02:53:39.128021Z","type":"sample"}
{"channel":"gsr","display":2408.1,"mu":2498.103553898463,"quality":"OK","raw":2408.1,"sigma":71.67097888502214,"state":"IDLE","t":"2026-07-19T02:53:39.143865Z","type":"sample"}
{"channel":"rr","display":13.169446883230904,"mu":10.386677592361341,"quality":"OK","raw":1210.9,"sigma":1.5,"state":"IDLE","t":"2026-07-19T02:53:39.1684979Z","type":"sample"}
{"channel":"rr","display":13.169446883230904,"mu":10.386677592361341,"quality":"OK","raw":1209.8,"sigma":1.5,"state":"IDLE","t":"2026-07-19T02:53:39.2064765Z","type":"sample"}
{"channel":"gsr","display":2418.9,"mu":2497.707536128971,"quality":"OK","raw":2418.9,"sigma":71.70951647405373,"state":"IDLE","t":"2026-07-19T02:53:39.2445111Z","type":"sample"}
{"channel":"rr","event":"quality_change","quality":"OUT_OF_RANGE","t":"2026-07-19T02:53:39.2496281Z","type":"event"}
{"channel":"rr","display":13.169446883230904,"mu":10.386677592361341,"quality":"OUT_OF_RANGE","raw":1210.7,"sigma":1.5,"state":"IDLE","t":"2026-07-19T02:53:39.2503294Z","type":"sample"}
{"channel":"hr","display":71,"mu":67.55128501073335,"quality":"OK","raw":71,"sigma":3,"state":"IDLE","t":"2026-07-19T02:53:39.2519365Z","type":"sample"}
{"channel":"rr","display":13.169446883230904,"mu":10.386677592361341,"quality":"OUT_OF_RANGE","raw":1211.6,"sigma":1.5,"state":"IDLE","t":"2026-07-19T02:53:39.2892512Z","type":"sample"}
{"channel":"rr","display":13.169446883230904,"mu":10.386677592361341,"quality":"OUT_OF_RANGE","raw":1211.8,"sigma":1.5,"state":"IDLE","t":"2026-07-19T02:53:39.328323Z","type":"sample"}
{"channel":"gsr","display":2426.7,"mu":2497.352498448326,"quality":"OK","raw":2426.7,"sigma":71.70514471332393,"state":"IDLE","t":"2026-07-19T02:53:39.3448802Z","type":"sample"}
{"channel":"rr","display":13.169446883230904,"mu":10.386677592361341,"quality":"OUT_OF_RANGE","raw":1211,"sigma":1.5,"state":"IDLE","t":"2026-07-19T02:53:39.3692587Z","type":"sample"}
{"channel":"rr","display":13.169446883230904,"mu":10.386677592361341,"quality":"OUT_OF_RANGE","raw":1211.8,"sigma":1.5,"state":"IDLE","t":"2026-07-19T02:53:39.4089111Z","type":"sample"}
{"channel":"gsr","display":2423.6,"mu":2496.9837359560843,"quality":"OK","raw":2423.6,"sigma":71.71457877466827,"state":"IDLE","t":"2026-07-19T02:53:39.4454082Z","type":"sample"}
{"channel":"rr","display":13.169446883230904,"mu":10.386677592361341,"quality":"OUT_OF_RANGE","raw":1212.1,"sigma":1.5,"state":"IDLE","t":"2026-07-19T02:53:39.4497257Z","type":"sample"}
{"channel":"rr","display":13.169446883230904,"mu":10.386677592361341,"quality":"OUT_OF_RANGE","raw":1212.2,"sigma":1.5,"state":"IDLE","t":"2026-07-19T02:53:39.4887647Z","type":"sample"}
{"channel":"rr","display":13.169446883230904,"mu":10.386677592361341,"quality":"OUT_OF_RANGE","raw":1213.2,"sigma":1.5,"state":"IDLE","t":"2026-07-19T02:53:39.5292405Z","type":"sample"}
{"channel":"gsr","display":2425.3,"mu":2496.625317276304,"quality":"OK","raw":2425.3,"sigma":71.7135289247228,"state":"IDLE","t":"2026-07-19T02:53:39.5454708Z","type":"sample"}
{"channel":"rr","display":13.169446883230904,"mu":10.386677592361341,"quality":"OUT_OF_RANGE","raw":1213.4,"sigma":1.5,"state":"IDLE","t":"2026-07-19T02:53:39.5692446Z","type":"sample"}
{"channel":"rr","display":13.169446883230904,"mu":10.386677592361341,"quality":"OUT_OF_RANGE","raw":1215.1,"sigma":1.5,"state":"IDLE","t":"2026-07-19T02:53:39.6067998Z","type":"sample"}
{"channel":"gsr","display":2425.5,"mu":2496.2696906899223,"quality":"OK","raw":2425.5,"sigma":71.70971805273118,"state":"IDLE","t":"2026-07-19T02:53:39.6452297Z","type":"sample"}
{"channel":"rr","display":13.169446883230904,"mu":10.386677592361341,"quality":"OUT_OF_RANGE","raw":1215.5,"sigma":1.5,"state":"IDLE","t":"2026-07-19T02:53:39.6501064Z","type":"sample"}
{"address":"/cue/p/start","args":null,"channel":"system","dir":"out","t":"2026-07-19T02:53:39.6815918Z","type":"osc"}
{"channel":"rr","display":13.169446883230904,"mu":10.386677592361341,"quality":"OUT_OF_RANGE","raw":1219.3,"sigma":1.5,"state":"IDLE","t":"2026-07-19T02:53:39.6891725Z","type":"sample"}
{"channel":"rr","display":13.169446883230904,"mu":10.386677592361341,"quality":"OUT_OF_RANGE","raw":1221.8,"sigma":1.5,"state":"IDLE","t":"2026-07-19T02:53:39.7282381Z","type":"sample"}
{"channel":"gsr","display":2429.8,"mu":2495.937342236473,"quality":"OK","raw":2429.8,"sigma":71.68370029716482,"state":"IDLE","t":"2026-07-19T02:53:39.7454653Z","type":"sample"}
{"channel":"hr","display":72,"mu":67.57352858567968,"quality":"OK","raw":72,"sigma":3,"state":"IDLE","t":"2026-07-19T02:53:39.7496243Z","type":"sample"}
{"channel":"rr","display":13.169446883230904,"mu":10.386677592361341,"quality":"OUT_OF_RANGE","raw":1224.8,"sigma":1.5,"state":"IDLE","t":"2026-07-19T02:53:39.7694666Z","type":"sample"}
{"address":"/cue/bpm072/start","args":null,"channel":"system","dir":"out","t":"2026-07-19T02:53:39.8087161Z","type":"osc"}
{"channel":"rr","display":13.169446883230904,"mu":10.386677592361341,"quality":"OUT_OF_RANGE","raw":1232.9,"sigma":1.5,"state":"IDLE","t":"2026-07-19T02:53:39.8087161Z","type":"sample"}
{"address":"/cue/g10/start","args":null,"channel":"system","dir":"out","t":"2026-07-19T02:53:39.8101118Z","type":"osc"}
{"channel":"gsr","display":2429.2,"mu":2495.6036555252904,"quality":"OK","raw":2429.2,"sigma":71.65904089000215,"state":"IDLE","t":"2026-07-19T02:53:39.844559Z","type":"sample"}
{"channel":"rr","display":13.169446883230904,"mu":10.386677592361341,"quality":"OUT_OF_RANGE","raw":1239.9,"sigma":1.5,"state":"IDLE","t":"2026-07-19T02:53:39.8500494Z","type":"sample"}
{"channel":"rr","display":13.169446883230904,"mu":10.386677592361341,"quality":"OUT_OF_RANGE","raw":1247.8,"sigma":1.5,"state":"IDLE","t":"2026-07-19T02:53:39.8886645Z","type":"sample"}
{"channel":"rr","display":10.356255178127588,"mu":10.386373368219003,"quality":"OUT_OF_RANGE","raw":1255.6,"sigma":1.5,"state":"IDLE","t":"2026-07-19T02:53:39.928214Z","type":"sample"}
{"channel":"gsr","display":2428.4,"mu":2495.267637247664,"quality":"OK","raw":2428.4,"sigma":71.63666518526344,"state":"IDLE","t":"2026-07-19T02:53:39.9449951Z","type":"sample"}
{"channel":"rr","display":10.356255178127588,"mu":10.386373368219003,"quality":"OUT_OF_RANGE","raw":1264.1,"sigma":1.5,"state":"IDLE","t":"2026-07-19T02:53:39.9686702Z","type":"sample"}
{"channel":"rr","display":10.356255178127588,"mu":10.386373368219003,"quality":"OUT_OF_RANGE","raw":1274.8,"sigma":1.5,"state":"IDLE","t":"2026-07-19T02:53:40.0092983Z","type":"sample"}
{"channel":"gsr","display":2425.8,"mu":2494.920299061426,"quality":"OK","raw":2425.8,"sigma":71.62514125067715,"state":"IDLE","t":"2026-07-19T02:53:40.0446866Z","type":"sample"}
{"channel":"rr","display":10.356255178127588,"mu":10.386373368219003,"quality":"OUT_OF_RANGE","raw":1295.8,"sigma":1.5,"state":"IDLE","t":"2026-07-19T02:53:40.0497668Z","type":"sample"}
{"channel":"rr","display":10.356255178127588,"mu":10.386373368219003,"quality":"OUT_OF_RANGE","raw":1306.8,"sigma":1.5,"state":"IDLE","t":"2026-07-19T02:53:40.0889544Z","type":"sample"}
{"channel":"rr","display":10.356255178127588,"mu":10.386373368219003,"quality":"OUT_OF_RANGE","raw":1318.8,"sigma":1.5,"state":"IDLE","t":"2026-07-19T02:53:40.1281647Z","type":"sample"}
{"channel":"gsr","display":2428,"mu":2494.5856975661186,"quality":"OK","raw":2428,"sigma":71.60160423381062,"state":"IDLE","t":"2026-07-19T02:53:40.1449003Z","type":"sample"}
{"channel":"rr","display":10.356255178127588,"mu":10.386373368219003,"quality":"OUT_OF_RANGE","raw":1329.9,"sigma":1.5,"state":"IDLE","t":"2026-07-19T02:53:40.1672972Z","type":"sample"}
{"channel":"rr","display":10.356255178127588,"mu":10.386373368219003,"quality":"OUT_OF_RANGE","raw":1340,"sigma":1.5,"state":"IDLE","t":"2026-07-19T02:53:40.2092371Z","type":"sample"}
{"channel":"gsr","display":2426.6,"mu":2494.245769078288,"quality":"OK","raw":2426.6,"sigma":71.58317193448396,"state":"IDLE","t":"2026-07-19T02:53:40.2453469Z","type":"sample"}
{"channel":"rr","event":"quality_change","quality":"OK","t":"2026-07-19T02:53:40.2497369Z","type":"event"}
{"channel":"rr","display":10.356255178127588,"mu":10.386373368219003,"quality":"OK","raw":1354.2,"sigma":1.5,"state":"IDLE","t":"2026-07-19T02:53:40.2497369Z","type":"sample"}
{"channel":"hr","display":72,"mu":67.59566094275128,"quality":"OK","raw":72,"sigma":3,"state":"IDLE","t":"2026-07-19T02:53:40.250807Z","type":"sample"}
{"channel":"rr","display":10.356255178127588,"mu":10.386373368219003,"quality":"OK","raw":1369.9,"sigma":1.5,"state":"IDLE","t":"2026-07-19T02:53:40.2893088Z","type":"sample"}
{"address":"/cue/r1/start","args":null,"channel":"system","dir":"out","t":"2026-07-19T02:53:40.319207Z","type":"osc"}
{"channel":"rr","display":10.356255178127588,"mu":10.386373368219003,"quality":"OK","raw":1382.9,"sigma":1.5,"state":"IDLE","t":"2026-07-19T02:53:40.3287876Z","type":"sample"}
{"channel":"gsr","display":2428.4,"mu":2493.9165402328968,"quality":"OK","raw":2428.4,"sigma":71.55487185772748,"state":"IDLE","t":"2026-07-19T02:53:40.3443857Z","type":"sample"}
{"channel":"rr","display":10.356255178127588,"mu":10.386373368219003,"quality":"OK","raw":1399.2,"sigma":1.5,"state":"IDLE","t":"2026-07-19T02:53:40.3693017Z","type":"sample"}
{"channel":"rr","display":10.356255178127588,"mu":10.386373368219003,"quality":"OK","raw":1409.2,"sigma":1.5,"state":"IDLE","t":"2026-07-19T02:53:40.4053697Z","type":"sample"}
{"channel":"gsr","display":2426.7,"mu":2493.5804575317325,"quality":"OK","raw":2426.7,"sigma":71.5330451816872,"state":"IDLE","t":"2026-07-19T02:53:40.4455285Z","type":"sample"}
{"channel":"rr","display":10.356255178127588,"mu":10.386373368219003,"quality":"OK","raw":1417.1,"sigma":1.5,"state":"IDLE","t":"2026-07-19T02:53:40.449719Z","type":"sample"}
{"channel":"rr","display":10.356255178127588,"mu":10.386373368219003,"quality":"OK","raw":1424.8,"sigma":1.5,"state":"IDLE","t":"2026-07-19T02:53:40.4887924Z","type":"sample"}
{"address":"/cue/p/start","args":null,"channel":"system","dir":"out","t":"2026-07-19T02:53:40.5240627Z","type":"osc"}
{"channel":"rr","display":10.356255178127588,"mu":10.386373368219003,"quality":"OK","raw":1433.1,"sigma":1.5,"state":"IDLE","t":"2026-07-19T02:53:40.5290056Z","type":"sample"}
{"channel":"gsr","display":2428.8,"mu":2493.2565552440738,"quality":"OK","raw":2428.8,"sigma":71.50013493622671,"state":"IDLE","t":"2026-07-19T02:53:40.5451544Z","type":"sample"}
{"channel":"rr","display":10.356255178127588,"mu":10.386373368219003,"quality":"OK","raw":1436.4,"sigma":1.5,"state":"IDLE","t":"2026-07-19T02:53:40.5667721Z","type":"sample"}
{"channel":"rr","display":10.356255178127588,"mu":10.386373368219003,"quality":"OK","raw":1440.2,"sigma":1.5,"state":"IDLE","t":"2026-07-19T02:53:40.6087569Z","type":"sample"}
{"channel":"gsr","display":2427.7,"mu":2492.9287724678534,"quality":"OK","raw":2427.7,"sigma":71.47089489818981,"state":"IDLE","t":"2026-07-19T02:53:40.6450975Z","type":"sample"}
{"channel":"rr","display":10.356255178127588,"mu":10.386373368219003,"quality":"OK","raw":1442.2,"sigma":1.5,"state":"IDLE","t":"2026-07-19T02:53:40.6498184Z","type":"sample"}
{"channel":"rr","display":10.356255178127588,"mu":10.386373368219003,"quality":"OK","raw":1445.4,"sigma":1.5,"state":"IDLE","t":"2026-07-19T02:53:40.6889376Z","type":"sample"}
{"channel":"rr","display":10.356255178127588,"mu":10.386373368219003,"quality":"OK","raw":1447.4,"sigma":1.5,"state":"IDLE","t":"2026-07-19T02:53:40.7279701Z","type":"sample"}
{"channel":"gsr","display":2427.8,"mu":2492.603128605514,"quality":"OK","raw":2427.8,"sigma":71.43984262686419,"state":"IDLE","t":"2026-07-19T02:53:40.7446205Z","type":"sample"}
{"channel":"hr","display":73,"mu":67.62268263803752,"quality":"OK","raw":73,"sigma":3,"state":"IDLE","t":"2026-07-19T02:53:40.7496764Z","type":"sample"}
{"channel":"rr","display":10.356255178127588,"mu":10.386373368219003,"quality":"OK","raw":1445.1,"sigma":1.5,"state":"IDLE","t":"2026-07-19T02:53:40.7692163Z","type":"sample"}
{"channel":"rr","display":10.356255178127588,"mu":10.386373368219003,"quality":"OK","raw":1447.1,"sigma":1.5,"state":"IDLE","t":"2026-07-19T02:53:40.8092341Z","type":"sample"}
{"address":"/cue/bpm073/start","args":null,"channel":"system","dir":"out","t":"2026-07-19T02:53:40.8221696Z","type":"osc"}
{"address":"/cue/g9/start","args":null,"channel":"system","dir":"out","t":"2026-07-19T02:53:40.8232221Z","type":"osc"}
{"channel":"gsr","display":2424.9,"mu":2492.2646129624864,"quality":"OK","raw":2424.9,"sigma":71.42084313596882,"state":"IDLE","t":"2026-07-19T02:53:40.8446915Z","type":"sample"}
{"channel":"rr","display":10.356255178127588,"mu":10.386373368219003,"quality":"OK","raw":1447.3,"sigma":1.5,"state":"IDLE","t":"2026-07-19T02:53:40.850126Z","type":"sample"}
{"channel":"rr","display":10.356255178127588,"mu":10.386373368219003,"quality":"OK","raw":1447.7,"sigma":1.5,"state":"IDLE","t":"2026-07-19T02:53:40.8892265Z","type":"sample"}
{"channel":"rr","display":10.356255178127588,"mu":10.386373368219003,"quality":"OK","raw":1447.1,"sigma":1.5,"state":"IDLE","t":"2026-07-19T02:53:40.9280423Z","type":"sample"}
{"channel":"gsr","display":2427,"mu":2491.9382898976737,"quality":"OK","raw":2427,"sigma":71.39063672404448,"state":"IDLE","t":"2026-07-19T02:53:40.9451287Z","type":"sample"}
{"channel":"rr","display":10.356255178127588,"mu":10.386373368219003,"quality":"OK","raw":1447.7,"sigma":1.5,"state":"IDLE","t":"2026-07-19T02:53:40.9692443Z","type":"sample"}
{"channel":"rr","display":10.356255178127588,"mu":10.386373368219003,"quality":"OK","raw":1446.2,"sigma":1.5,"state":"IDLE","t":"2026-07-19T02:53:41.0054582Z","type":"sample"}
{"channel":"gsr","display":2424.2,"mu":2491.599598448185,"quality":"OK","raw":2424.2,"sigma":71.37203629222383,"state":"IDLE","t":"2026-07-19T02:53:41.0454908Z","type":"sample"}
{"channel":"rr","display":10.356255178127588,"mu":10.386373368219003,"quality":"OK","raw":1446.1,"sigma":1.5,"state":"IDLE","t":"2026-07-19T02:53:41.0496978Z","type":"sample"}
{"channel":"rr","display":10.356255178127588,"mu":10.386373368219003,"quality":"OK","raw":1446.1,"sigma":1.5,"state":"IDLE","t":"2026-07-19T02:53:41.0880805Z","type":"sample"}
{"channel":"rr","display":10.356255178127588,"mu":10.386373368219003,"quality":"OK","raw":1445.8,"sigma":1.5,"state":"IDLE","t":"2026-07-19T02:53:41.128968Z","type":"sample"}
{"channel":"gsr","display":2426.9,"mu":2491.2761004559443,"quality":"OK","raw":2426.9,"sigma":71.33949303101208,"state":"IDLE","t":"2026-07-19T02:53:41.1452006Z","type":"sample"}
{"channel":"rr","display":10.356255178127588,"mu":10.386373368219003,"quality":"OK","raw":1447.1,"sigma":1.5,"state":"IDLE","t":"2026-07-19T02:53:41.1692406Z","type":"sample"}
{"channel":"rr","display":10.356255178127588,"mu":10.386373368219003,"quality":"OK","raw":1444.2,"sigma":1.5,"state":"IDLE","t":"2026-07-19T02:53:41.2092726Z","type":"sample"}
{"channel":"gsr","display":2426.8,"mu":2490.9537199536644,"quality":"OK","raw":2426.8,"sigma":71.30609060980687,"state":"IDLE","t":"2026-07-19T02:53:41.2454156Z","type":"sample"}
{"channel":"rr","display":10.356255178127588,"mu":10.386373368219003,"quality":"OK","raw":1445.2,"sigma":1.5,"state":"IDLE","t":"2026-07-19T02:53:41.2501467Z","type":"sample"}
{"channel":"hr","display":73,"mu":67.64956922484733,"quality":"OK","raw":73,"sigma":3,"state":"IDLE","t":"2026-07-19T02:53:41.2506643Z","type":"sample"}
{"channel":"rr","display":10.356255178127588,"mu":10.386373368219003,"quality":"OK","raw":1445.6,"sigma":1.5,"state":"IDLE","t":"2026-07-19T02:53:41.2889827Z","type":"sample"}
{"address":"/cue/r1/start","args":null,"channel":"system","dir":"out","t":"2026-07-19T02:53:41.3255797Z","type":"osc"}
{"channel":"rr","display":10.356255178127588,"mu":10.386373368219003,"quality":"OK","raw":1445.4,"sigma":1.5,"state":"IDLE","t":"2026-07-19T02:53:41.3296593Z","type":"sample"}
{"channel":"gsr","display":2426,"mu":2490.628951353896,"quality":"OK","raw":2426,"sigma":71.27499715397691,"state":"IDLE","t":"2026-07-19T02:53:41.3446671Z","type":"sample"}
{"address":"/cue/p/start","args":null,"channel":"system","dir":"out","t":"2026-07-19T02:53:41.3583795Z","type":"osc"}
{"channel":"rr","display":10.356255178127588,"mu":10.386373368219003,"quality":"OK","raw":1443.8,"sigma":1.5,"state":"IDLE","t":"2026-07-19T02:53:41.3669809Z","type":"sample"}
{"channel":"rr","display":10.356255178127588,"mu":10.386373368219003,"quality":"OK","raw":1444.9,"sigma":1.5,"state":"IDLE","t":"2026-07-19T02:53:41.4056691Z","type":"sample"}
{"channel":"gsr","display":2428.2,"mu":2490.3168065971263,"quality":"OK","raw":2428.2,"sigma":71.23281567290091,"state":"IDLE","t":"2026-07-19T02:53:41.4452285Z","type":"sample"}
{"channel":"rr","display":10.356255178127588,"mu":10.386373368219003,"quality":"OK","raw":1445.6,"sigma":1.5,"state":"IDLE","t":"2026-07-19T02:53:41.4497267Z","type":"sample"}
{"channel":"rr","display":10.356255178127588,"mu":10.386373368219003,"quality":"OK","raw":1445.1,"sigma":1.5,"state":"IDLE","t":"2026-07-19T02:53:41.488849Z","type":"sample"}
{"channel":"rr","display":10.356255178127588,"mu":10.386373368219003,"quality":"OK","raw":1444.8,"sigma":1.5,"state":"IDLE","t":"2026-07-19T02:53:41.5285764Z","type":"sample"}
{"channel":"gsr","display":2428.4,"mu":2490.0072225641406,"quality":"OK","raw":2428.4,"sigma":71.18859509056546,"state":"IDLE","t":"2026-07-19T02:53:41.5455806Z","type":"sample"}
{"channel":"rr","display":10.356255178127588,"mu":10.386373368219003,"quality":"OK","raw":1443.9,"sigma":1.5,"state":"IDLE","t":"2026-07-19T02:53:41.5692448Z","type":"sample"}
{"channel":"rr","display":10.356255178127588,"mu":10.386373368219003,"quality":"OK","raw":1444.2,"sigma":1.5,"state":"IDLE","t":"2026-07-19T02:53:41.6055708Z","type":"sample"}
{"channel":"gsr","display":2426.8,"mu":2489.69118645132,"quality":"OK","raw":2426.8,"sigma":71.1502134691836,"state":"IDLE","t":"2026-07-19T02:53:41.6455294Z","type":"sample"}
{"channel":"rr","display":10.356255178127588,"mu":10.386373368219003,"quality":"OK","raw":1442.9,"sigma":1.5,"state":"IDLE","t":"2026-07-19T02:53:41.6499831Z","type":"sample"}
{"channel":"rr","display":10.356255178127588,"mu":10.386373368219003,"quality":"OK","raw":1443.6,"sigma":1.5,"state":"IDLE","t":"2026-07-19T02:53:41.6904368Z","type":"sample"}
{"channel":"rr","display":10.356255178127588,"mu":10.386373368219003,"quality":"OK","raw":1441.6,"sigma":1.5,"state":"IDLE","t":"2026-07-19T02:53:41.7294505Z","type":"sample"}
{"channel":"gsr","display":2427.9,"mu":2489.3822305190633,"quality":"OK","raw":2427.9,"sigma":71.10581138116684,"state":"IDLE","t":"2026-07-19T02:53:41.7455452Z","type":"sample"}
{"channel":"hr","display":73,"mu":67.67632137872309,"quality":"OK","raw":73,"sigma":3,"state":"IDLE","t":"2026-07-19T02:53:41.7499588Z","type":"sample"}
{"channel":"rr","display":10.356255178127588,"mu":10.386373368219003,"quality":"OK","raw":1441.8,"sigma":1.5,"state":"IDLE","t":"2026-07-19T02:53:41.7664697Z","type":"sample"}
{"channel":"rr","display":10.356255178127588,"mu":10.386373368219003,"quality":"OK","raw":1442.4,"sigma":1.5,"state":"IDLE","t":"2026-07-19T02:53:41.8102782Z","type":"sample"}
{"address":"/cue/bpm073/start","args":null,"channel":"system","dir":"out","t":"2026-07-19T02:53:41.8334252Z","type":"osc"}
{"address":"/cue/g8/start","args":null,"channel":"system","dir":"out","t":"2026-07-19T02:53:41.8344595Z","type":"osc"}
{"channel":"gsr","display":2425,"mu":2489.060319366468,"quality":"OK","raw":2425,"sigma":71.07304665874462,"state":"IDLE","t":"2026-07-19T02:53:41.8451386Z","type":"sample"}
{"channel":"rr","display":10.356255178127588,"mu":10.386373368219003,"quality":"OK","raw":1440.4,"sigma":1.5,"state":"IDLE","t":"2026-07-19T02:53:41.8497947Z","type":"sample"}
{"channel":"rr","display":10.356255178127588,"mu":10.386373368219003,"quality":"OK","raw":1438.2,"sigma":1.5,"state":"IDLE","t":"2026-07-19T02:53:41.8894808Z","type":"sample"}
{"channel":"rr","display":10.356255178127588,"mu":10.386373368219003,"quality":"OK","raw":1438.4,"sigma":1.5,"state":"IDLE","t":"2026-07-19T02:53:41.9291112Z","type":"sample"}
{"channel":"gsr","display":2426.7,"mu":2488.7485177696353,"quality":"OK","raw":2426.7,"sigma":71.031457105081,"state":"IDLE","t":"2026-07-19T02:53:41.9454374Z","type":"sample"}
{"channel":"rr","display":10.356255178127588,"mu":10.386373368219003,"quality":"OK","raw":1437.6,"sigma":1.5,"state":"IDLE","t":"2026-07-19T02:53:41.9677934Z","type":"sample"}
{"channel":"rr","display":10.356255178127588,"mu":10.386373368219003,"quality":"OK","raw":1438.6,"sigma":1.5,"state":"IDLE","t":"2026-07-19T02:53:42.010255Z","type":"sample"}
{"channel":"gsr","display":2423.5,"mu":2488.422275180787,"quality":"OK","raw":2423.5,"sigma":71.002964516332,"state":"IDLE","t":"2026-07-19T02:53:42.0453862Z","type":"sample"}
{"channel":"rr","display":10.356255178127588,"mu":10.386373368219003,"quality":"OK","raw":1438.1,"sigma":1.5,"state":"IDLE","t":"2026-07-19T02:53:42.0499548Z","type":"sample"}
{"channel":"rr","display":10.356255178127588,"mu":10.386373368219003,"quality":"OK","raw":1435.3,"sigma":1.5,"state":"IDLE","t":"2026-07-19T02:53:42.0889404Z","type":"sample"}
{"channel":"rr","display":10.356255178127588,"mu":10.386373368219003,"quality":"OK","raw":1438.1,"sigma":1.5,"state":"IDLE","t":"2026-07-19T02:53:42.1294321Z","type":"sample"}
{"channel":"gsr","display":2434.7,"mu":2488.153663804883,"quality":"OK","raw":2434.7,"sigma":70.92652626090396,"state":"IDLE","t":"2026-07-19T02:53:42.1453709Z","type":"sample"}
{"channel":"rr","display":10.356255178127588,"mu":10.386373368219003,"quality":"OK","raw":1436.6,"sigma":1.5,"state":"IDLE","t":"2026-07-19T02:53:42.1679847Z","type":"sample"}
{"address":"/cue/p/start","args":null,"channel":"system","dir":"out","t":"2026-07-19T02:53:42.1806252Z","type":"osc"}
{"channel":"rr","display":10.356255178127588,"mu":10.386373368219003,"quality":"OK","raw":1436.3,"sigma":1.5,"state":"IDLE","t":"2026-07-19T02:53:42.2054533Z","type":"sample"}
{"channel":"gsr","display":2442.2,"mu":2487.9238954858583,"quality":"OK","raw":2442.2,"sigma":70.82319654891707,"state":"IDLE","t":"2026-07-19T02:53:42.2453229Z","type":"sample"}
{"channel":"rr","display":10.356255178127588,"mu":10.386373368219003,"quality":"OK","raw":1436.9,"sigma":1.5,"state":"IDLE","t":"2026-07-19T02:53:42.2496896Z","type":"sample"}
{"channel":"hr","display":73,"mu":67.70293977182948,"quality":"OK","raw":73,"sigma":3,"state":"IDLE","t":"2026-07-19T02:53:42.2507453Z","type":"sample"}
{"channel":"rr","display":10.356255178127588,"mu":10.386373368219003,"quality":"OK","raw":1436.5,"sigma":1.5,"state":"IDLE","t":"2026-07-19T02:53:42.2889621Z","type":"sample"}
{"channel":"rr","display":10.356255178127588,"mu":10.386373368219003,"quality":"OK","raw":1435.9,"sigma":1.5,"state":"IDLE","t":"2026-07-19T02:53:42.330039Z","type":"sample"}
{"address":"/cue/r1/start","args":null,"channel":"system","dir":"out","t":"2026-07-19T02:53:42.3386398Z","type":"osc"}
{"channel":"gsr","display":2444.6,"mu":2487.707276008429,"quality":"OK","raw":2444.6,"sigma":70.71197507609197,"state":"IDLE","t":"2026-07-19T02:53:42.345177Z","type":"sample"}
{"channel":"rr","display":10.356255178127588,"mu":10.386373368219003,"quality":"OK","raw":1435.6,"sigma":1.5,"state":"IDLE","t":"2026-07-19T02:53:42.368006Z","type":"sample"}
{"channel":"rr","display":10.356255178127588,"mu":10.386373368219003,"quality":"OK","raw":1434.7,"sigma":1.5,"state":"IDLE","t":"2026-07-19T02:53:42.4102507Z","type":"sample"}
{"channel":"gsr","display":2437.1,"mu":2487.454239628387,"quality":"OK","raw":2437.1,"sigma":70.62523597540319,"state":"IDLE","t":"2026-07-19T02:53:42.4453185Z","type":"sample"}
{"channel":"rr","display":10.356255178127588,"mu":10.386373368219003,"quality":"OK","raw":1434.8,"sigma":1.5,"state":"IDLE","t":"2026-07-19T02:53:42.4499989Z","type":"sample"}
{"channel":"rr","display":10.356255178127588,"mu":10.386373368219003,"quality":"OK","raw":1430.9,"sigma":1.5,"state":"IDLE","t":"2026-07-19T02:53:42.4892482Z","type":"sample"}
{"channel":"rr","display":10.356255178127588,"mu":10.386373368219003,"quality":"OK","raw":1429.5,"sigma":1.5,"state":"IDLE","t":"2026-07-19T02:53:42.5301426Z","type":"sample"}
{"channel":"gsr","display":2432.1,"mu":2487.177468430245,"quality":"OK","raw":2432.1,"sigma":70.55656024585198,"state":"IDLE","t":"2026-07-19T02:53:42.5453993Z","type":"sample"}
{"channel":"rr","display":10.356255178127588,"mu":10.386373368219003,"quality":"OK","raw":1426.9,"sigma":1.5,"state":"IDLE","t":"2026-07-19T02:53:42.5690553Z","type":"sample"}
{"channel":"rr","display":10.356255178127588,"mu":10.386373368219003,"quality":"OK","raw":1424.8,"sigma":1.5,"state":"IDLE","t":"2026-07-19T02:53:42.6102918Z","type":"sample"}
{"channel":"gsr","display":2427,"mu":2486.8765810880936,"quality":"OK","raw":2427,"sigma":70.50782338222197,"state":"IDLE","t":"2026-07-19T02:53:42.6452408Z","type":"sample"}
{"channel":"rr","display":10.356255178127588,"mu":10.386373368219003,"quality":"OK","raw":1425.5,"sigma":1.5,"state":"IDLE","t":"2026-07-19T02:53:42.6497189Z","type":"sample"}
{"channel":"rr","display":10.356255178127588,"mu":10.386373368219003,"quality":"OK","raw":1421.1,"sigma":1.5,"state":"IDLE","t":"2026-07-19T02:53:42.6896437Z","type":"sample"}
{"channel":"rr","display":10.356255178127588,"mu":10.386373368219003,"quality":"OK","raw":1421.8,"sigma":1.5,"state":"IDLE","t":"2026-07-19T02:53:42.729936Z","type":"sample"}
{"channel":"gsr","display":2415.6,"mu":2486.520198182653,"quality":"OK","raw":2415.6,"sigma":70.5107873916528,"state":"IDLE","t":"2026-07-19T02:53:42.7453551Z","type":"sample"}
{"channel":"hr","display":74,"mu":67.73442507297032,"quality":"OK","raw":74,"sigma":3,"state":"IDLE","t":"2026-07-19T02:53:42.752891Z","type":"sample"}
{"channel":"rr","display":10.356255178127588,"mu":10.386373368219003,"quality":"OK","raw":1418.9,"sigma":1.5,"state":"IDLE","t":"2026-07-19T02:53:42.7658519Z","type":"sample"}
{"channel":"rr","display":10.356255178127588,"mu":10.386373368219003,"quality":"OK","raw":1411,"sigma":1.5,"state":"IDLE","t":"2026-07-19T02:53:42.8054046Z","type":"sample"}
{"address":"/cue/bpm074/start","args":null,"channel":"system","dir":"out","t":"2026-07-19T02:53:42.8421204Z","type":"osc"}
{"address":"/cue/g7/start","args":null,"channel":"system","dir":"out","t":"2026-07-19T02:53:42.8432748Z","type":"osc"}
{"channel":"gsr","display":2405,"mu":2486.11259719174,"quality":"OK","raw":2405,"sigma":70.56892983380725,"state":"IDLE","t":"2026-07-19T02:53:42.8453255Z","type":"sample"}
{"channel":"rr","display":10.356255178127588,"mu":10.386373368219003,"quality":"OK","raw":1408.8,"sigma":1.5,"state":"IDLE","t":"2026-07-19T02:53:42.8527306Z","type":"sample"}
{"channel":"rr","display":10.356255178127588,"mu":10.386373368219003,"quality":"OK","raw":1402,"sigma":1.5,"state":"IDLE","t":"2026-07-19T02:53:42.8894497Z","type":"sample"}
{"channel":"rr","display":10.356255178127588,"mu":10.386373368219003,"quality":"OK","raw":1394.1,"sigma":1.5,"state":"IDLE","t":"2026-07-19T02:53:42.9300807Z","type":"sample"}
{"channel":"gsr","display":2396.9,"mu":2485.6665342057813,"quality":"OK","raw":2396.9,"sigma":70.67297541423031,"state":"IDLE","t":"2026-07-19T02:53:42.9450871Z","type":"sample"}
{"channel":"rr","display":10.356255178127588,"mu":10.386373368219003,"quality":"OK","raw":1384.4,"sigma":1.5,"state":"IDLE","t":"2026-07-19T02:53:42.9702518Z","type":"sample"}
{"address":"/cue/p/start","args":null,"channel":"system","dir":"out","t":"2026-07-19T02:53:43.0016936Z","type":"osc"}
{"channel":"rr","display":10.356255178127588,"mu":10.386373368219003,"quality":"OK","raw":1378.6,"sigma":1.5,"state":"IDLE","t":"2026-07-19T02:53:43.0090781Z","type":"sample"}
{"channel":"gsr","display":2391.8,"mu":2485.1972015347524,"quality":"OK","raw":2391.8,"sigma":70.8062883132129,"state":"IDLE","t":"2026-07-19T02:53:43.0447862Z","type":"sample"}
{"channel":"rr","display":10.356255178127588,"mu":10.386373368219003,"quality":"OK","raw":1374.9,"sigma":1.5,"state":"IDLE","t":"2026-07-19T02:53:43.0499514Z","type":"sample"}
{"channel":"rr","display":10.356255178127588,"mu":10.386373368219003,"quality":"OK","raw":1365.6,"sigma":1.5,"state":"IDLE","t":"2026-07-19T02:53:43.0889861Z","type":"sample"}
{"channel":"rr","display":10.356255178127588,"mu":10.386373368219003,"quality":"OK","raw":1357.2,"sigma":1.5,"state":"IDLE","t":"2026-07-19T02:53:43.1299719Z","type":"sample"}
{"channel":"gsr","display":2387.5,"mu":2484.7087155270788,"quality":"OK","raw":2387.5,"sigma":70.9644129809391,"state":"IDLE","t":"2026-07-19T02:53:43.1448658Z","type":"sample"}
{"channel":"rr","display":10.356255178127588,"mu":10.386373368219003,"quality":"OK","raw":1339.8,"sigma":1.5,"state":"IDLE","t":"2026-07-19T02:53:43.1702952Z","type":"sample"}
{"channel":"rr","display":10.356255178127588,"mu":10.386373368219003,"quality":"OK","raw":1327.1,"sigma":1.5,"state":"IDLE","t":"2026-07-19T02:53:43.2055564Z","type":"sample"}
{"channel":"gsr","display":2384.5,"mu":2484.2076719494435,"quality":"OK","raw":2384.5,"sigma":71.1387802738554,"state":"IDLE","t":"2026-07-19T02:53:43.2455159Z","type":"sample"}
{"channel":"rr","display":10.356255178127588,"mu":10.386373368219003,"quality":"OK","raw":1315.2,"sigma":1.5,"state":"IDLE","t":"2026-07-19T02:53:43.2499316Z","type":"sample"}
{"channel":"hr","display":74,"mu":67.76575294760548,"quality":"OK","raw":74,"sigma":3,"state":"IDLE","t":"2026-07-19T02:53:43.2504971Z","type":"sample"}
{"channel":"rr","display":10.356255178127588,"mu":10.386373368219003,"quality":"OK","raw":1303.1,"sigma":1.5,"state":"IDLE","t":"2026-07-19T02:53:43.2890155Z","type":"sample"}
{"channel":"rr","display":10.356255178127588,"mu":10.386373368219003,"quality":"OK","raw":1290.6,"sigma":1.5,"state":"IDLE","t":"2026-07-19T02:53:43.3302354Z","type":"sample"}
{"channel":"gsr","display":2378.4,"mu":2483.6786335896963,"quality":"OK","raw":2378.4,"sigma":71.35207680361056,"state":"IDLE","t":"2026-07-19T02:53:43.3448469Z","type":"sample"}
{"address":"/cue/r1/start","args":null,"channel":"system","dir":"out","t":"2026-07-19T02:53:43.3467844Z","type":"osc"}
{"channel":"rr","display":10.356255178127588,"mu":10.386373368219003,"quality":"OK","raw":1276.9,"sigma":1.5,"state":"IDLE","t":"2026-07-19T02:53:43.3693056Z","type":"sample"}
{"channel":"rr","display":10.356255178127588,"mu":10.386373368219003,"quality":"OK","raw":1269.5,"sigma":1.5,"state":"IDLE","t":"2026-07-19T02:53:43.4076094Z","type":"sample"}
{"channel":"gsr","display":2373.7,"mu":2483.128740421748,"quality":"OK","raw":2373.7,"sigma":71.59495363922325,"state":"IDLE","t":"2026-07-19T02:53:43.4454433Z","type":"sample"}
{"channel":"rr","display":10.356255178127588,"mu":10.386373368219003,"quality":"OK","raw":1260.8,"sigma":1.5,"state":"IDLE","t":"2026-07-19T02:53:43.4496534Z","type":"sample"}
{"channel":"rr","display":10.356255178127588,"mu":10.386373368219003,"quality":"OK","raw":1252.6,"sigma":1.5,"state":"IDLE","t":"2026-07-19T02:53:43.4902126Z","type":"sample"}
{"channel":"rr","display":10.356255178127588,"mu":10.386373368219003,"quality":"OK","raw":1242.9,"sigma":1.5,"state":"IDLE","t":"2026-07-19T02:53:43.5301432Z","type":"sample"}
{"channel":"gsr","display":2374.5,"mu":2482.585596719639,"quality":"OK","raw":2374.5,"sigma":71.82558186897235,"state":"IDLE","t":"2026-07-19T02:53:43.5443156Z","type":"sample"}
{"channel":"rr","display":10.356255178127588,"mu":10.386373368219003,"quality":"OK","raw":1229.9,"sigma":1.5,"state":"IDLE","t":"2026-07-19T02:53:43.5701794Z","type":"sample"}
{"channel":"rr","display":10.356255178127588,"mu":10.386373368219003,"quality":"OK","raw":1211.2,"sigma":1.5,"state":"IDLE","t":"2026-07-19T02:53:43.60536Z","type":"sample"}
{"channel":"gsr","display":2369.3,"mu":2482.0191687360407,"quality":"OK","raw":2369.3,"sigma":72.08999189362132,"state":"IDLE","t":"2026-07-19T02:53:43.6453282Z","type":"sample"}
{"channel":"rr","display":10.356255178127588,"mu":10.386373368219003,"quality":"OK","raw":1199.7,"sigma":1.5,"state":"IDLE","t":"2026-07-19T02:53:43.6499464Z","type":"sample"}
{"channel":"rr","display":10.356255178127588,"mu":10.386373368219003,"quality":"OK","raw":1194.1,"sigma":1.5,"state":"IDLE","t":"2026-07-19T02:53:43.6901977Z","type":"sample"}
{"channel":"rr","display":10.356255178127588,"mu":10.386373368219003,"quality":"OK","raw":1187.2,"sigma":1.5,"state":"IDLE","t":"2026-07-19T02:53:43.7286206Z","type":"sample"}
{"channel":"gsr","display":2364.6,"mu":2481.4320728923603,"quality":"OK","raw":2364.6,"sigma":72.38489981322017,"state":"IDLE","t":"2026-07-19T02:53:43.7444867Z","type":"sample"}
{"channel":"hr","display":74,"mu":67.79692418286746,"quality":"OK","raw":74,"sigma":3,"state":"IDLE","t":"2026-07-19T02:53:43.7495551Z","type":"sample"}
{"channel":"rr","display":10.356255178127588,"mu":10.386373368219003,"quality":"OK","raw":1179.7,"sigma":1.5,"state":"IDLE","t":"2026-07-19T02:53:43.7703632Z","type":"sample"}
{"channel":"rr","display":10.356255178127588,"mu":10.386373368219003,"quality":"OK","raw":1175.8,"sigma":1.5,"state":"IDLE","t":"2026-07-19T02:53:43.8075945Z","type":"sample"}
{"address":"/cue/p/start","args":null,"channel":"system","dir":"out","t":"2026-07-19T02:53:43.8134985Z","type":"osc"}
{"channel":"gsr","display":2365.2,"mu":2480.8509125278983,"quality":"OK","raw":2365.2,"sigma":72.66765152968772,"state":"IDLE","t":"2026-07-19T02:53:43.8453932Z","type":"sample"}
{"channel":"rr","display":10.356255178127588,"mu":10.386373368219003,"quality":"OK","raw":1170.3,"sigma":1.5,"state":"IDLE","t":"2026-07-19T02:53:43.8499115Z","type":"sample"}
{"address":"/cue/bpm074/start","args":null,"channel":"system","dir":"out","t":"2026-07-19T02:53:43.863655Z","type":"osc"}
{"address":"/cue/g12/start","args":null,"channel":"system","dir":"out","t":"2026-07-19T02:53:43.8647586Z","type":"osc"}
{"channel":"rr","display":10.356255178127588,"mu":10.386373368219003,"quality":"OK","raw":1167,"sigma":1.5,"state":"IDLE","t":"2026-07-19T02:53:43.8894596Z","type":"sample"}
{"channel":"rr","display":10.356255178127588,"mu":10.386373368219003,"quality":"OK","raw":1164.2,"sigma":1.5,"state":"IDLE","t":"2026-07-19T02:53:43.9294476Z","type":"sample"}
{"channel":"gsr","display":2363.6,"mu":2480.2646579652587,"quality":"OK","raw":2363.6,"sigma":72.9560129734132,"state":"IDLE","t":"2026-07-19T02:53:43.9448175Z","type":"sample"}
{"channel":"rr","display":10.356255178127588,"mu":10.386373368219003,"quality":"OK","raw":1160.9,"sigma":1.5,"state":"IDLE","t":"2026-07-19T02:53:43.9679992Z","type":"sample"}
{"channel":"rr","display":10.356255178127588,"mu":10.386373368219003,"quality":"OK","raw":1158.4,"sigma":1.5,"state":"IDLE","t":"2026-07-19T02:53:44.0053108Z","type":"sample"}
{"channel":"gsr","display":2362.4,"mu":2479.6753346754326,"quality":"OK","raw":2362.4,"sigma":73.24670651898525,"state":"IDLE","t":"2026-07-19T02:53:44.0450438Z","type":"sample"}
{"channel":"rr","display":10.356255178127588,"mu":10.386373368219003,"quality":"OK","raw":1155.1,"sigma":1.5,"state":"IDLE","t":"2026-07-19T02:53:44.0496816Z","type":"sample"}
{"channel":"rr","display":10.356255178127588,"mu":10.386373368219003,"quality":"OK","raw":1147.4,"sigma":1.5,"state":"IDLE","t":"2026-07-19T02:53:44.0886912Z","type":"sample"}
{"channel":"rr","display":10.356255178127588,"mu":10.386373368219003,"quality":"OK","raw":1146,"sigma":1.5,"state":"IDLE","t":"2026-07-19T02:53:44.1297246Z","type":"sample"}
{"channel":"gsr","display":2358.8,"mu":2479.0709580020552,"quality":"OK","raw":2358.8,"sigma":73.55911620798696,"state":"IDLE","t":"2026-07-19T02:53:44.144435Z","type":"sample"}
{"channel":"rr","display":10.356255178127588,"mu":10.386373368219003,"quality":"OK","raw":1143.1,"sigma":1.5,"state":"IDLE","t":"2026-07-19T02:53:44.168291Z","type":"sample"}
{"channel":"rr","display":10.356255178127588,"mu":10.386373368219003,"quality":"OK","raw":1141.9,"sigma":1.5,"state":"IDLE","t":"2026-07-19T02:53:44.2092942Z","type":"sample"}
{"channel":"gsr","display":2358.8,"mu":2478.469603212045,"quality":"OK","raw":2358.8,"sigma":73.86374447943878,"state":"IDLE","t":"2026-07-19T02:53:44.2444205Z","type":"sample"}
{"channel":"rr","display":10.356255178127588,"mu":10.386373368219003,"quality":"OK","raw":1139.6,"sigma":1.5,"state":"IDLE","t":"2026-07-19T02:53:44.2497721Z","type":"sample"}
{"channel":"hr","display":75,"mu":67.83293956195313,"quality":"OK","raw":75,"sigma":3.011823722549429,"state":"IDLE","t":"2026-07-19T02:53:44.2502954Z","type":"sample"}
{"channel":"rr","display":10.356255178127588,"mu":10.386373368219003,"quality":"OK","raw":1139.1,"sigma":1.5,"state":"IDLE","t":"2026-07-19T02:53:44.2886127Z","type":"sample"}
{"channel":"rr","display":10.356255178127588,"mu":10.386373368219003,"quality":"OK","raw":1137.1,"sigma":1.5,"state":"IDLE","t":"2026-07-19T02:53:44.3289076Z","type":"sample"}
{"channel":"gsr","display":2359.9,"mu":2477.876755195985,"quality":"OK","raw":2359.9,"sigma":74.15197751941862,"state":"IDLE","t":"2026-07-19T02:53:44.3450349Z","type":"sample"}
{"channel":"rr","display":10.356255178127588,"mu":10.386373368219003,"quality":"OK","raw":1137.1,"sigma":1.5,"state":"IDLE","t":"2026-07-19T02:53:44.3702534Z","type":"sample"}
{"address":"/cue/r1/start","args":null,"channel":"system","dir":"out","t":"2026-07-19T02:53:44.3702534Z","type":"osc"}
{"channel":"rr","display":10.356255178127588,"mu":10.386373368219003,"quality":"OK","raw":1134.9,"sigma":1.5,"state":"IDLE","t":"2026-07-19T02:53:44.4054547Z","type":"sample"}
{"channel":"gsr","display":2360.2,"mu":2477.288371420005,"quality":"OK","raw":2360.2,"sigma":74.43061258171672,"state":"IDLE","t":"2026-07-19T02:53:44.4445261Z","type":"sample"}
{"channel":"rr","display":10.356255178127588,"mu":10.386373368219003,"quality":"OK","raw":1134.2,"sigma":1.5,"state":"IDLE","t":"2026-07-19T02:53:44.4497Z","type":"sample"}
{"channel":"rr","display":10.356255178127588,"mu":10.386373368219003,"quality":"OK","raw":1133.2,"sigma":1.5,"state":"IDLE","t":"2026-07-19T02:53:44.4902747Z","type":"sample"}
{"channel":"rr","display":10.356255178127588,"mu":10.386373368219003,"quality":"OK","raw":1129.1,"sigma":1.5,"state":"IDLE","t":"2026-07-19T02:53:44.5303032Z","type":"sample"}
{"channel":"gsr","display":2360.8,"mu":2476.705929562905,"quality":"OK","raw":2360.8,"sigma":74.69755667829224,"state":"IDLE","t":"2026-07-19T02:53:44.5451623Z","type":"sample"}
{"channel":"rr","display":10.356255178127588,"mu":10.386373368219003,"quality":"OK","raw":1128.8,"sigma":1.5,"state":"IDLE","t":"2026-07-19T02:53:44.5697029Z","type":"sample"}
{"channel":"rr","display":10.356255178127588,"mu":10.386373368219003,"quality":"OK","raw":1126.1,"sigma":1.5,"state":"IDLE","t":"2026-07-19T02:53:44.6103132Z","type":"sample"}
{"address":"/cue/p/start","args":null,"channel":"system","dir":"out","t":"2026-07-19T02:53:44.6232469Z","type":"osc"}
{"channel":"gsr","display":2362.5,"mu":2476.1348999150905,"quality":"OK","raw":2362.5,"sigma":74.94474795284924,"state":"IDLE","t":"2026-07-19T02:53:44.6453921Z","type":"sample"}
{"channel":"rr","display":10.356255178127588,"mu":10.386373368219003,"quality":"OK","raw":1126.7,"sigma":1.5,"state":"IDLE","t":"2026-07-19T02:53:44.650045Z","type":"sample"}
{"channel":"rr","display":10.356255178127588,"mu":10.386373368219003,"quality":"OK","raw":1126.1,"sigma":1.5,"state":"IDLE","t":"2026-07-19T02:53:44.6901479Z","type":"sample"}
{"channel":"rr","display":10.356255178127588,"mu":10.386373368219003,"quality":"OK","raw":1125.2,"sigma":1.5,"state":"IDLE","t":"2026-07-19T02:53:44.7301864Z","type":"sample"}
{"channel":"gsr","display":2363.7,"mu":2475.572725415515,"quality":"OK","raw":2363.7,"sigma":75.1766164635928,"state":"IDLE","t":"2026-07-19T02:53:44.7449594Z","type":"sample"}
{"channel":"hr","display":75,"mu":67.86877486414336,"quality":"OK","raw":75,"sigma":3.0465187235208258,"state":"IDLE","t":"2026-07-19T02:53:44.7495164Z","type":"sample"}
{"channel":"rr","display":10.356255178127588,"mu":10.386373368219003,"quality":"OK","raw":1125.4,"sigma":1.5,"state":"IDLE","t":"2026-07-19T02:53:44.770337Z","type":"sample"}
{"channel":"rr","display":10.356255178127588,"mu":10.386373368219003,"quality":"OK","raw":1123.8,"sigma":1.5,"state":"IDLE","t":"2026-07-19T02:53:44.810302Z","type":"sample"}
{"channel":"gsr","display":2366.2,"mu":2475.0258617884374,"quality":"OK","raw":2366.2,"sigma":75.38420889083487,"state":"IDLE","t":"2026-07-19T02:53:44.8451535Z","type":"sample"}
{"channel":"rr","display":10.356255178127588,"mu":10.386373368219003,"quality":"OK","raw":1124.8,"sigma":1.5,"state":"IDLE","t":"2026-07-19T02:53:44.8499324Z","type":"sample"}
{"address":"/cue/bpm075/start","args":null,"channel":"system","dir":"out","t":"2026-07-19T02:53:44.8819221Z","type":"osc"}
{"address":"/cue/g13/start","args":null,"channel":"system","dir":"out","t":"2026-07-19T02:53:44.8829657Z","type":"osc"}
{"channel":"rr","display":10.356255178127588,"mu":10.386373368219003,"quality":"OK","raw":1125.8,"sigma":1.5,"state":"IDLE","t":"2026-07-19T02:53:44.889811Z","type":"sample"}
{"channel":"rr","display":10.356255178127588,"mu":10.386373368219003,"quality":"OK","raw":1125,"sigma":1.5,"state":"IDLE","t":"2026-07-19T02:53:44.9301968Z","type":"sample"}
{"channel":"gsr","display":2362.5,"mu":2474.463232479495,"quality":"OK","raw":2362.5,"sigma":75.61321876142699,"state":"IDLE","t":"2026-07-19T02:53:44.9449689Z","type":"sample"}
{"channel":"rr","display":10.356255178127588,"mu":10.386373368219003,"quality":"OK","raw":1124.8,"sigma":1.5,"state":"IDLE","t":"2026-07-19T02:53:44.9702624Z","type":"sample"}
{"channel":"rr","display":10.356255178127588,"mu":10.386373368219003,"quality":"OK","raw":1125.4,"sigma":1.5,"state":"IDLE","t":"2026-07-19T02:53:45.0054355Z","type":"sample"}
{"channel":"gsr","display":2361.5,"mu":2473.8984163170976,"quality":"OK","raw":2361.5,"sigma":75.84363189727846,"state":"IDLE","t":"2026-07-19T02:53:45.044542Z","type":"sample"}
{"channel":"rr","display":10.356255178127588,"mu":10.386373368219003,"quality":"OK","raw":1125.1,"sigma":1.5,"state":"IDLE","t":"2026-07-19T02:53:45.0498224Z","type":"sample"}
{"channel":"rr","display":10.356255178127588,"mu":10.386373368219003,"quality":"OK","raw":1123.8,"sigma":1.5,"state":"IDLE","t":"2026-07-19T02:53:45.0900209Z","type":"sample"}
{"channel":"rr","display":10.356255178127588,"mu":10.386373368219003,"quality":"OK","raw":1124.3,"sigma":1.5,"state":"IDLE","t":"2026-07-19T02:53:45.1302921Z","type":"sample"}
{"channel":"gsr","display":2357.9,"mu":2473.318424235512,"quality":"OK","raw":2357.9,"sigma":76.0949209145965,"state":"IDLE","t":"2026-07-19T02:53:45.1446182Z","type":"sample"}
{"channel":"rr","display":10.356255178127588,"mu":10.386373368219003,"quality":"OK","raw":1123,"sigma":1.5,"state":"IDLE","t":"2026-07-19T02:53:45.1670297Z","type":"sample"}
{"channel":"rr","display":10.356255178127588,"mu":10.386373368219003,"quality":"OK","raw":1125.3,"sigma":1.5,"state":"IDLE","t":"2026-07-19T02:53:45.210149Z","type":"sample"}
{"channel":"gsr","display":2359,"mu":2472.746832114334,"quality":"OK","raw":2359,"sigma":76.33152426814995,"state":"IDLE","t":"2026-07-19T02:53:45.2444077Z","type":"sample"}
{"channel":"rr","display":10.356255178127588,"mu":10.386373368219003,"quality":"OK","raw":1124.2,"sigma":1.5,"state":"IDLE","t":"2026-07-19T02:53:45.2498503Z","type":"sample"}
{"channel":"hr","display":75,"mu":67.90443098982264,"quality":"OK","raw":75,"sigma":3.080238700408145,"state":"IDLE","t":"2026-07-19T02:53:45.2503926Z","type":"sample"}
{"channel":"rr","display":10.356255178127588,"mu":10.386373368219003,"quality":"OK","raw":1124.4,"sigma":1.5,"state":"IDLE","t":"2026-07-19T02:53:45.2896729Z","type":"sample"}
{"channel":"rr","display":10.356255178127588,"mu":10.386373368219003,"quality":"OK","raw":1124.8,"sigma":1.5,"state":"IDLE","t":"2026-07-19T02:53:45.3285579Z","type":"sample"}
{"channel":"gsr","display":2364.9,"mu":2472.2075979537626,"quality":"OK","raw":2364.9,"sigma":76.51949432412127,"state":"IDLE","t":"2026-07-19T02:53:45.3448583Z","type":"sample"}
{"channel":"rr","display":10.356255178127588,"mu":10.386373368219003,"quality":"OK","raw":1125.6,"sigma":1.5,"state":"IDLE","t":"2026-07-19T02:53:45.3701733Z","type":"sample"}
{"address":"/cue/r1/start","args":null,"channel":"system","dir":"out","t":"2026-07-19T02:53:45.3858718Z","type":"osc"}
{"channel":"rr","display":10.356255178127588,"mu":10.386373368219003,"quality":"OK","raw":1124.6,"sigma":1.5,"state":"IDLE","t":"2026-07-19T02:53:45.4062411Z","type":"sample"}
{"address":"/cue/p/start","args":null,"channel":"system","dir":"out","t":"2026-07-19T02:53:45.4244663Z","type":"osc"}
{"channel":"gsr","display":2366.7,"mu":2471.6800599639937,"quality":"OK","raw":2366.7,"sigma":76.68988079505891,"state":"IDLE","t":"2026-07-19T02:53:45.4453059Z","type":"sample"}
{"channel":"rr","display":10.356255178127588,"mu":10.386373368219003,"quality":"OK","raw":1126.1,"sigma":1.5,"state":"IDLE","t":"2026-07-19T02:53:45.4499505Z","type":"sample"}
{"channel":"rr","display":10.356255178127588,"mu":10.386373368219003,"quality":"OK","raw":1125.4,"sigma":1.5,"state":"IDLE","t":"2026-07-19T02:53:45.4899284Z","type":"sample"}
{"channel":"rr","display":10.356255178127588,"mu":10.386373368219003,"quality":"OK","raw":1125.6,"sigma":1.5,"state":"IDLE","t":"2026-07-19T02:53:45.5301535Z","type":"sample"}
{"channel":"gsr","display":2370.1,"mu":2471.1721596641737,"quality":"OK","raw":2370.1,"sigma":76.8327124828704,"state":"IDLE","t":"2026-07-19T02:53:45.5445901Z","type":"sample"}
{"channel":"rr","display":10.356255178127588,"mu":10.386373368219003,"quality":"OK","raw":1125.4,"sigma":1.5,"state":"IDLE","t":"2026-07-19T02:53:45.5701862Z","type":"sample"}
{"channel":"rr","display":10.356255178127588,"mu":10.386373368219003,"quality":"OK","raw":1124.6,"sigma":1.5,"state":"IDLE","t":"2026-07-19T02:53:45.6101365Z","type":"sample"}
{"channel":"gsr","display":2369.6,"mu":2470.6642988658527,"quality":"OK","raw":2369.6,"sigma":76.9745150971528,"state":"IDLE","t":"2026-07-19T02:53:45.6452935Z","type":"sample"}
{"channel":"rr","display":10.356255178127588,"mu":10.386373368219003,"quality":"OK","raw":1124.1,"sigma":1.5,"state":"IDLE","t":"2026-07-19T02:53:45.6531151Z","type":"sample"}
{"channel":"rr","display":10.356255178127588,"mu":10.386373368219003,"quality":"OK","raw":1125.1,"sigma":1.5,"state":"IDLE","t":"2026-07-19T02:53:45.6892829Z","type":"sample"}
{"channel":"rr","display":10.356255178127588,"mu":10.386373368219003,"quality":"OK","raw":1125.7,"sigma":1.5,"state":"IDLE","t":"2026-07-19T02:53:45.7298064Z","type":"sample"}
{"channel":"gsr","display":2376.6,"mu":2470.1939773715235,"quality":"OK","raw":2376.6,"sigma":77.06795607687536,"state":"IDLE","t":"2026-07-19T02:53:45.7452267Z","type":"sample"}
{"channel":"hr","display":75,"mu":67.93990883487353,"quality":"OK","raw":75,"sigma":3.11302231274305,"state":"IDLE","t":"2026-07-19T02:53:45.7495686Z","type":"sample"}
{"channel":"rr","display":10.356255178127588,"mu":10.386373368219003,"quality":"OK","raw":1125.8,"sigma":1.5,"state":"IDLE","t":"2026-07-19T02:53:45.770358Z","type":"sample"}
{"channel":"rr","display":10.356255178127588,"mu":10.386373368219003,"quality":"OK","raw":1125.4,"sigma":1.5,"state":"IDLE","t":"2026-07-19T02:53:45.8102267Z","type":"sample"}
{"channel":"gsr","display":2380.3,"mu":2469.744507484666,"quality":"OK","raw":2380.3,"sigma":77.13608181167243,"state":"IDLE","t":"2026-07-19T02:53:45.8446651Z","type":"sample"}
{"channel":"rr","display":10.356255178127588,"mu":10.386373368219003,"quality":"OK","raw":1125.7,"sigma":1.5,"state":"IDLE","t":"2026-07-19T02:53:45.8498247Z","type":"sample"}
{"address":"/cue/bpm075/start","args":null,"channel":"system","dir":"out","t":"2026-07-19T02:53:45.8887994Z","type":"osc"}
{"address":"/cue/g11/start","args":null,"channel":"system","dir":"out","t":"2026-07-19T02:53:45.889848Z","type":"osc"}
{"channel":"rr","display":10.356255178127588,"mu":10.386373368219003,"quality":"OK","raw":1126.4,"sigma":1.5,"state":"IDLE","t":"2026-07-19T02:53:45.889848Z","type":"sample"}
{"channel":"rr","display":10.356255178127588,"mu":10.386373368219003,"quality":"OK","raw":1125.5,"sigma":1.5,"state":"IDLE","t":"2026-07-19T02:53:45.9290037Z","type":"sample"}
{"channel":"gsr","display":2385.8,"mu":2469.3247849472427,"quality":"OK","raw":2385.8,"sigma":77.17047671452167,"state":"IDLE","t":"2026-07-19T02:53:45.9450135Z","type":"sample"}
{"channel":"rr","display":10.356255178127588,"mu":10.386373368219003,"quality":"OK","raw":1126.1,"sigma":1.5,"state":"IDLE","t":"2026-07-19T02:53:45.9689257Z","type":"sample"}
{"channel":"rr","display":10.356255178127588,"mu":10.386373368219003,"quality":"OK","raw":1125.8,"sigma":1.5,"state":"IDLE","t":"2026-07-19T02:53:46.0102686Z","type":"sample"}
{"channel":"gsr","display":2387.1,"mu":2468.9136610225064,"quality":"OK","raw":2387.1,"sigma":77.1954766639951,"state":"IDLE","t":"2026-07-19T02:53:46.0454676Z","type":"sample"}
{"channel":"rr","display":10.356255178127588,"mu":10.386373368219003,"quality":"OK","raw":1125.6,"sigma":1.5,"state":"IDLE","t":"2026-07-19T02:53:46.0499621Z","type":"sample"}
{"channel":"rr","display":10.356255178127588,"mu":10.386373368219003,"quality":"OK","raw":1125.9,"sigma":1.5,"state":"IDLE","t":"2026-07-19T02:53:46.0899781Z","type":"sample"}
{"channel":"rr","display":10.356255178127588,"mu":10.386373368219003,"quality":"OK","raw":1126.9,"sigma":1.5,"state":"IDLE","t":"2026-07-19T02:53:46.1298005Z","type":"sample"}
{"channel":"gsr","display":2392,"mu":2468.5290927173937,"quality":"OK","raw":2392,"sigma":77.19311221069293,"state":"IDLE","t":"2026-07-19T02:53:46.1445748Z","type":"sample"}
{"channel":"rr","display":10.356255178127588,"mu":10.386373368219003,"quality":"OK","raw":1127.2,"sigma":1.5,"state":"IDLE","t":"2026-07-19T02:53:46.1682463Z","type":"sample"}
{"channel":"rr","display":10.356255178127588,"mu":10.386373368219003,"quality":"OK","raw":1127.1,"sigma":1.5,"state":"IDLE","t":"2026-07-19T02:53:46.2064002Z","type":"sample"}
{"address":"/cue/p/start","args":null,"channel":"system","dir":"out","t":"2026-07-19T02:53:46.2247581Z","type":"osc"}
{"channel":"gsr","display":2395.1,"mu":2468.161947253807,"quality":"OK","raw":2395.1,"sigma":77.17387545279706,"state":"IDLE","t":"2026-07-19T02:53:46.2446652Z","type":"sample"}
{"channel":"rr","display":10.356255178127588,"mu":10.386373368219003,"quality":"OK","raw":1128.1,"sigma":1.5,"state":"IDLE","t":"2026-07-19T02:53:46.2498554Z","type":"sample"}
{"channel":"hr","display":76,"mu":67.98020929069916,"quality":"OK","raw":76,"sigma":3.1568425049800792,"state":"IDLE","t":"2026-07-19T02:53:46.2503791Z","type":"sample"}
{"channel":"rr","display":10.356255178127588,"mu":10.386373368219003,"quality":"OK","raw":1128.5,"sigma":1.5,"state":"IDLE","t":"2026-07-19T02:53:46.2890442Z","type":"sample"}
{"channel":"rr","display":10.356255178127588,"mu":10.386373368219003,"quality":"OK","raw":1129.1,"sigma":1.5,"state":"IDLE","t":"2026-07-19T02:53:46.3301845Z","type":"sample"}
{"channel":"gsr","display":2393.6,"mu":2467.7891375175377,"quality":"OK","raw":2393.6,"sigma":77.16013510831714,"state":"IDLE","t":"2026-07-19T02:53:46.3446179Z","type":"sample"}
{"channel":"rr","display":10.356255178127588,"mu":10.386373368219003,"quality":"OK","raw":1130.1,"sigma":1.5,"state":"IDLE","t":"2026-07-19T02:53:46.3690583Z","type":"sample"}
{"address":"/cue/r1/start","args":null,"channel":"system","dir":"out","t":"2026-07-19T02:53:46.3983512Z","type":"osc"}
{"channel":"rr","display":10.356255178127588,"mu":10.386373368219003,"quality":"OK","raw":1132.6,"sigma":1.5,"state":"IDLE","t":"2026-07-19T02:53:46.4067345Z","type":"sample"}
{"channel":"gsr","display":2394.9,"mu":2467.42469182995,"quality":"OK","raw":2394.9,"sigma":77.1385074321842,"state":"IDLE","t":"2026-07-19T02:53:46.4448741Z","type":"sample"}
{"channel":"rr","display":10.356255178127588,"mu":10.386373368219003,"quality":"OK","raw":1134.3,"sigma":1.5,"state":"IDLE","t":"2026-07-19T02:53:46.449565Z","type":"sample"}
{"channel":"rr","display":10.356255178127588,"mu":10.386373368219003,"quality":"OK","raw":1135.9,"sigma":1.5,"state":"IDLE","t":"2026-07-19T02:53:46.4890202Z","type":"sample"}
{"channel":"rr","display":10.356255178127588,"mu":10.386373368219003,"quality":"OK","raw":1135.6,"sigma":1.5,"state":"IDLE","t":"2026-07-19T02:53:46.5296497Z","type":"sample"}
{"channel":"gsr","display":2398.7,"mu":2467.0810683708,"quality":"OK","raw":2398.7,"sigma":77.09795666212393,"state":"IDLE","t":"2026-07-19T02:53:46.5452704Z","type":"sample"}
{"channel":"rr","display":10.356255178127588,"mu":10.386373368219003,"quality":"OK","raw":1135.7,"sigma":1.5,"state":"IDLE","t":"2026-07-19T02:53:46.5702097Z","type":"sample"}
{"channel":"rr","display":10.356255178127588,"mu":10.386373368219003,"quality":"OK","raw":1133.9,"sigma":1.5,"state":"IDLE","t":"2026-07-19T02:53:46.6100658Z","type":"sample"}
{"channel":"gsr","display":2401.1,"mu":2466.751163028946,"quality":"OK","raw":2401.1,"sigma":77.0456560504844,"state":"IDLE","t":"2026-07-19T02:53:46.6453549Z","type":"sample"}
{"channel":"rr","display":10.356255178127588,"mu":10.386373368219003,"quality":"OK","raw":1134.3,"sigma":1.5,"state":"IDLE","t":"2026-07-19T02:53:46.6497977Z","type":"sample"}
{"channel":"rr","display":10.356255178127588,"mu":10.386373368219003,"quality":"OK","raw":1135.4,"sigma":1.5,"state":"IDLE","t":"2026-07-19T02:53:46.6890031Z","type":"sample"}
{"channel":"rr","display":10.356255178127588,"mu":10.386373368219003,"quality":"OK","raw":1135.1,"sigma":1.5,"state":"IDLE","t":"2026-07-19T02:53:46.7287642Z","type":"sample"}
{"channel":"gsr","display":2406.2,"mu":2466.448407213801,"quality":"OK","raw":2406.2,"sigma":76.97138108612499,"state":"IDLE","t":"2026-07-19T02:53:46.7453029Z","type":"sample"}
{"channel":"hr","display":76,"mu":68.02030824424567,"quality":"OK","raw":76,"sigma":3.1993442480095937,"state":"IDLE","t":"2026-07-19T02:53:46.7495111Z","type":"sample"}
{"channel":"rr","display":10.356255178127588,"mu":10.386373368219003,"quality":"OK","raw":1134.8,"sigma":1.5,"state":"IDLE","t":"2026-07-19T02:53:46.770402Z","type":"sample"}
{"channel":"rr","display":10.356255178127588,"mu":10.386373368219003,"quality":"OK","raw":1135.2,"sigma":1.5,"state":"IDLE","t":"2026-07-19T02:53:46.8077083Z","type":"sample"}
{"channel":"gsr","display":2404.8,"mu":2466.1401651777323,"quality":"OK","raw":2404.8,"sigma":76.90174351847392,"state":"IDLE","t":"2026-07-19T02:53:46.8446393Z","type":"sample"}
{"channel":"rr","display":10.356255178127588,"mu":10.386373368219003,"quality":"OK","raw":1134.9,"sigma":1.5,"state":"IDLE","t":"2026-07-19T02:53:46.8500621Z","type":"sample"}
{"channel":"rr","display":10.356255178127588,"mu":10.386373368219003,"quality":"OK","raw":1134.5,"sigma":1.5,"state":"IDLE","t":"2026-07-19T02:53:46.8891247Z","type":"sample"}
{"address":"/cue/bpm076/start","args":null,"channel":"system","dir":"out","t":"2026-07-19T02:53:46.905366Z","type":"osc"}
{"address":"/cue/g8/start","args":null,"channel":"system","dir":"out","t":"2026-07-19T02:53:46.906413Z","type":"osc"}
{"channel":"rr","display":10.356255178127588,"mu":10.386373368219003,"quality":"OK","raw":1136,"sigma":1.5,"state":"IDLE","t":"2026-07-19T02:53:46.9289751Z","type":"sample"}
{"channel":"gsr","display":2410,"mu":2465.8594643518436,"quality":"OK","raw":2410,"sigma":76.8113830312767,"state":"IDLE","t":"2026-07-19T02:53:46.94471Z","type":"sample"}
{"channel":"rr","display":10.356255178127588,"mu":10.386373368219003,"quality":"OK","raw":1133,"sigma":1.5,"state":"IDLE","t":"2026-07-19T02:53:46.9682889Z","type":"sample"}
{"channel":"rr","display":10.356255178127588,"mu":10.386373368219003,"quality":"OK","raw":1134.8,"sigma":1.5,"state":"IDLE","t":"2026-07-19T02:53:47.0101956Z","type":"sample"}
{"address":"/cue/p/start","args":null,"channel":"system","dir":"out","t":"2026-07-19T02:53:47.0246171Z","type":"osc"}
{"channel":"gsr","display":2416.5,"mu":2465.6126670300846,"quality":"OK","raw":2416.5,"sigma":76.69817139312444,"state":"IDLE","t":"2026-07-19T02:53:47.0445941Z","type":"sample"}
{"channel":"rr","display":10.356255178127588,"mu":10.386373368219003,"quality":"OK","raw":1135.2,"sigma":1.5,"state":"IDLE","t":"2026-07-19T02:53:47.0497922Z","type":"sample"}
{"channel":"rr","display":10.356255178127588,"mu":10.386373368219003,"quality":"OK","raw":1135.2,"sigma":1.5,"state":"IDLE","t":"2026-07-19T02:53:47.090827Z","type":"sample"}
{"channel":"rr","display":10.356255178127588,"mu":10.386373368219003,"quality":"OK","raw":1134.2,"sigma":1.5,"state":"IDLE","t":"2026-07-19T02:53:47.130253Z","type":"sample"}
{"channel":"gsr","display":2415.5,"mu":2465.3621036949344,"quality":"OK","raw":2415.5,"sigma":76.58779316949447,"state":"IDLE","t":"2026-07-19T02:53:47.1447428Z","type":"sample"}
{"channel":"rr","display":10.356255178127588,"mu":10.386373368219003,"quality":"OK","raw":1134.6,"sigma":1.5,"state":"IDLE","t":"2026-07-19T02:53:47.170222Z","type":"sample"}
{"channel":"rr","display":10.356255178127588,"mu":10.386373368219003,"quality":"OK","raw":1133.8,"sigma":1.5,"state":"IDLE","t":"2026-07-19T02:53:47.2073941Z","type":"sample"}
{"channel":"gsr","display":2419.5,"mu":2465.13279317646,"quality":"OK","raw":2419.5,"sigma":76.4645387857871,"state":"IDLE","t":"2026-07-19T02:53:47.2447268Z","type":"sample"}
{"channel":"rr","display":10.356255178127588,"mu":10.386373368219003,"quality":"OK","raw":1134.1,"sigma":1.5,"state":"IDLE","t":"2026-07-19T02:53:47.2500756Z","type":"sample"}
{"channel":"hr","display":76,"mu":68.06020670302443,"quality":"OK","raw":76,"sigma":3.2405879273300178,"state":"IDLE","t":"2026-07-19T02:53:47.2506646Z","type":"sample"}
{"channel":"rr","display":10.356255178127588,"mu":10.386373368219003,"quality":"OK","raw":1134,"sigma":1.5,"state":"IDLE","t":"2026-07-19T02:53:47.2903946Z","type":"sample"}
{"channel":"rr","display":10.356255178127588,"mu":10.386373368219003,"quality":"OK","raw":1133.8,"sigma":1.5,"state":"IDLE","t":"2026-07-19T02:53:47.3300895Z","type":"sample"}
{"channel":"gsr","display":2418.8,"mu":2464.9011292105774,"quality":"OK","raw":2418.8,"sigma":76.34311713369516,"state":"IDLE","t":"2026-07-19T02:53:47.3447318Z","type":"sample"}
{"channel":"rr","display":10.356255178127588,"mu":10.386373368219003,"quality":"OK","raw":1134.1,"sigma":1.5,"state":"IDLE","t":"2026-07-19T02:53:47.3702099Z","type":"sample"}
{"address":"/cue/r1/start","args":null,"channel":"system","dir":"out","t":"2026-07-19T02:53:47.4092027Z","type":"osc"}
{"channel":"rr","display":10.356255178127588,"mu":10.386373368219003,"quality":"OK","raw":1133.1,"sigma":1.5,"state":"IDLE","t":"2026-07-19T02:53:47.4102322Z","type":"sample"}
{"channel":"gsr","display":2421.2,"mu":2464.6826235645244,"quality":"OK","raw":2421.2,"sigma":76.21437774314434,"state":"IDLE","t":"2026-07-19T02:53:47.4447243Z","type":"sample"}
{"channel":"rr","display":10.356255178127588,"mu":10.386373368219003,"quality":"OK","raw":1134.8,"sigma":1.5,"state":"IDLE","t":"2026-07-19T02:53:47.4500344Z","type":"sample"}
{"channel":"rr","display":10.356255178127588,"mu":10.386373368219003,"quality":"OK","raw":1133.1,"sigma":1.5,"state":"IDLE","t":"2026-07-19T02:53:47.488975Z","type":"sample"}
{"channel":"rr","display":10.356255178127588,"mu":10.386373368219003,"quality":"OK","raw":1134.9,"sigma":1.5,"state":"IDLE","t":"2026-07-19T02:53:47.5301258Z","type":"sample"}
{"channel":"gsr","display":2427.9,"mu":2464.498710446702,"quality":"OK","raw":2427.9,"sigma":76.06785918406908,"state":"IDLE","t":"2026-07-19T02:53:47.5453468Z","type":"sample"}
{"channel":"rr","display":10.356255178127588,"mu":10.386373368219003,"quality":"OK","raw":1135.1,"sigma":1.5,"state":"IDLE","t":"2026-07-19T02:53:47.5701938Z","type":"sample"}
{"channel":"rr","display":10.356255178127588,"mu":10.386373368219003,"quality":"OK","raw":1134,"sigma":1.5,"state":"IDLE","t":"2026-07-19T02:53:47.6097753Z","type":"sample"}
{"channel":"gsr","display":2430.2,"mu":2464.327216894468,"quality":"OK","raw":2430.2,"sigma":75.91600755108372,"state":"IDLE","t":"2026-07-19T02:53:47.6446904Z","type":"sample"}
{"channel":"rr","display":10.356255178127588,"mu":10.386373368219003,"quality":"OK","raw":1132.6,"sigma":1.5,"state":"IDLE","t":"2026-07-19T02:53:47.6501675Z","type":"sample"}
{"channel":"rr","display":10.356255178127588,"mu":10.386373368219003,"quality":"OK","raw":1134.1,"sigma":1.5,"state":"IDLE","t":"2026-07-19T02:53:47.6900104Z","type":"sample"}
{"channel":"rr","display":10.356255178127588,"mu":10.386373368219003,"quality":"OK","raw":1134.4,"sigma":1.5,"state":"IDLE","t":"2026-07-19T02:53:47.7289604Z","type":"sample"}
{"channel":"gsr","display":2431.1,"mu":2464.161080809996,"quality":"OK","raw":2431.1,"sigma":75.7622375593403,"state":"IDLE","t":"2026-07-19T02:53:47.7452061Z","type":"sample"}
{"channel":"hr","display":76,"mu":68.09990566950931,"quality":"OK","raw":76,"sigma":3.2806293061296636,"state":"IDLE","t":"2026-07-19T02:53:47.75043Z","type":"sample"}
{"channel":"rr","display":10.356255178127588,"mu":10.386373368219003,"quality":"OK","raw":1133.4,"sigma":1.5,"state":"IDLE","t":"2026-07-19T02:53:47.7695376Z","type":"sample"}
{"channel":"rr","display":10.356255178127588,"mu":10.386373368219003,"quality":"OK","raw":1134.8,"sigma":1.5,"state":"IDLE","t":"2026-07-19T02:53:47.8053228Z","type":"sample"}
{"address":"/cue/p/start","args":null,"channel":"system","dir":"out","t":"2026-07-19T02:53:47.8156918Z","type":"osc"}
{"channel":"gsr","display":2433.7,"mu":2464.008775405946,"quality":"OK","raw":2433.7,"sigma":75.6031298762319,"state":"IDLE","t":"2026-07-19T02:53:47.8447007Z","type":"sample"}
{"channel":"rr","display":10.356255178127588,"mu":10.386373368219003,"quality":"OK","raw":1132.7,"sigma":1.5,"state":"IDLE","t":"2026-07-19T02:53:47.8498265Z","type":"sample"}
{"channel":"rr","display":10.356255178127588,"mu":10.386373368219003,"quality":"OK","raw":1134.8,"sigma":1.5,"state":"IDLE","t":"2026-07-19T02:53:47.8902025Z","type":"sample"}
{"address":"/cue/bpm076/start","args":null,"channel":"system","dir":"out","t":"2026-07-19T02:53:47.9188265Z","type":"osc"}
{"address":"/cue/g5/start","args":null,"channel":"system","dir":"out","t":"2026-07-19T02:53:47.9200074Z","type":"osc"}
{"channel":"rr","display":10.356255178127588,"mu":10.386373368219003,"quality":"OK","raw":1133.9,"sigma":1.5,"state":"IDLE","t":"2026-07-19T02:53:47.9298192Z","type":"sample"}
{"channel":"gsr","display":2437.3,"mu":2463.875231528916,"quality":"OK","raw":2437.3,"sigma":75.4374114103759,"state":"IDLE","t":"2026-07-19T02:53:47.9446333Z","type":"sample"}
{"channel":"rr","display":10.356255178127588,"mu":10.386373368219003,"quality":"OK","raw":1132.9,"sigma":1.5,"state":"IDLE","t":"2026-07-19T02:53:47.9702077Z","type":"sample"}
{"channel":"rr","display":10.356255178127588,"mu":10.386373368219003,"quality":"OK","raw":1134.4,"sigma":1.5,"state":"IDLE","t":"2026-07-19T02:53:48.0053394Z","type":"sample"}
{"channel":"gsr","display":2436.5,"mu":2463.7383553712716,"quality":"OK","raw":2436.5,"sigma":75.27335057323141,"state":"IDLE","t":"2026-07-19T02:53:48.0453058Z","type":"sample"}
{"channel":"rr","display":10.356255178127588,"mu":10.386373368219003,"quality":"OK","raw":1133.2,"sigma":1.5,"state":"IDLE","t":"2026-07-19T02:53:48.0499759Z","type":"sample"}
{"channel":"rr","display":10.356255178127588,"mu":10.386373368219003,"quality":"OK","raw":1134.6,"sigma":1.5,"state":"IDLE","t":"2026-07-19T02:53:48.0903623Z","type":"sample"}
{"channel":"rr","display":10.356255178127588,"mu":10.386373368219003,"quality":"OK","raw":1133,"sigma":1.5,"state":"IDLE","t":"2026-07-19T02:53:48.1299324Z","type":"sample"}
{"channel":"gsr","display":2437.8,"mu":2463.6086635944152,"quality":"OK","raw":2437.8,"sigma":75.10721730584778,"state":"IDLE","t":"2026-07-19T02:53:48.1448307Z","type":"sample"}
{"channel":"rr","display":10.356255178127588,"mu":10.386373368219003,"quality":"OK","raw":1133.9,"sigma":1.5,"state":"IDLE","t":"2026-07-19T02:53:48.1702664Z","type":"sample"}
{"channel":"rr","display":10.356255178127588,"mu":10.386373368219003,"quality":"OK","raw":1133.9,"sigma":1.5,"state":"IDLE","t":"2026-07-19T02:53:48.2101815Z","type":"sample"}
{"channel":"gsr","display":2442,"mu":2463.500620276443,"quality":"OK","raw":2442,"sigma":74.93471571523993,"state":"IDLE","t":"2026-07-19T02:53:48.2452885Z","type":"sample"}
{"channel":"rr","display":10.356255178127588,"mu":10.386373368219003,"quality":"OK","raw":1134.2,"sigma":1.5,"state":"IDLE","t":"2026-07-19T02:53:48.2499764Z","type":"sample"}
{"channel":"hr","display":76,"mu":68.13940614116177,"quality":"OK","raw":76,"sigma":3.319520020410798,"state":"IDLE","t":"2026-07-19T02:53:48.346Z","type":"sample"}
{"channel":"rr","display":10.356255178127588,"mu":10.386373368219003,"quality":"OK","raw":1133.3,"sigma":1.5,"state":"IDLE","t":"2026-07-19T02:53:48.3503939Z","type":"sample"}
{"channel":"gsr","display":2401.1,"mu":2463.1886171750607,"quality":"OK","raw":2401.1,"sigma":74.87661452246863,"state":"IDLE","t":"2026-07-19T02:53:48.359974Z","type":"sample"}
{"channel":"rr","display":10.356255178127588,"mu":10.386373368219003,"quality":"OK","raw":1133.6,"sigma":1.5,"state":"IDLE","t":"2026-07-19T02:53:48.3889962Z","type":"sample"}
{"address":"/cue/r1/start","args":null,"channel":"system","dir":"out","t":"2026-07-19T02:53:48.4229736Z","type":"osc"}
{"channel":"rr","display":10.356255178127588,"mu":10.386373368219003,"quality":"OK","raw":1132.2,"sigma":1.5,"state":"IDLE","t":"2026-07-19T02:53:48.4298071Z","type":"sample"}
{"channel":"gsr","display":2414.5,"mu":2462.9451740891855,"quality":"OK","raw":2414.5,"sigma":74.7680981970965,"state":"IDLE","t":"2026-07-19T02:53:48.4591767Z","type":"sample"}
{"channel":"rr","display":10.356255178127588,"mu":10.386373368219003,"quality":"OK","raw":1131.9,"sigma":1.5,"state":"IDLE","t":"2026-07-19T02:53:48.4700518Z","type":"sample"}
{"channel":"rr","display":10.356255178127588,"mu":10.386373368219003,"quality":"OK","raw":1131.9,"sigma":1.5,"state":"IDLE","t":"2026-07-19T02:53:48.5055624Z","type":"sample"}
{"channel":"rr","display":10.356255178127588,"mu":10.386373368219003,"quality":"OK","raw":1132.4,"sigma":1.5,"state":"IDLE","t":"2026-07-19T02:53:48.5501677Z","type":"sample"}
{"channel":"gsr","display":2414.7,"mu":2462.7039482187397,"quality":"OK","raw":2414.7,"sigma":74.65853574551619,"state":"IDLE","t":"2026-07-19T02:53:48.5592307Z","type":"sample"}
{"channel":"rr","display":10.356255178127588,"mu":10.386373368219003,"quality":"OK","raw":1131,"sigma":1.5,"state":"IDLE","t":"2026-07-19T02:53:48.5901824Z","type":"sample"}
{"address":"/cue/p/start","args":null,"channel":"system","dir":"out","t":"2026-07-19T02:53:48.604076Z","type":"osc"}
{"channel":"rr","display":10.356255178127588,"mu":10.386373368219003,"quality":"OK","raw":1130.2,"sigma":1.5,"state":"IDLE","t":"2026-07-19T02:53:48.6302144Z","type":"sample"}
{"channel":"gsr","display":2418.7,"mu":2462.483928477646,"quality":"OK","raw":2418.7,"sigma":74.536305271149,"state":"IDLE","t":"2026-07-19T02:53:48.6552892Z","type":"sample"}
{"channel":"rr","display":10.356255178127588,"mu":10.386373368219003,"quality":"OK","raw":1128.1,"sigma":1.5,"state":"IDLE","t":"2026-07-19T02:53:48.6701339Z","type":"sample"}
{"channel":"rr","display":10.356255178127588,"mu":10.386373368219003,"quality":"OK","raw":1127.1,"sigma":1.5,"state":"IDLE","t":"2026-07-19T02:53:48.7101841Z","type":"sample"}
{"channel":"rr","display":10.356255178127588,"mu":10.386373368219003,"quality":"OK","raw":1124.6,"sigma":1.5,"state":"IDLE","t":"2026-07-19T02:53:48.7501516Z","type":"sample"}
{"channel":"hr","display":76,"mu":68.17870911045597,"quality":"OK","raw":76,"sigma":3.357308007280722,"state":"IDLE","t":"2026-07-19T02:53:48.7506544Z","type":"sample"}
{"channel":"gsr","display":2414.2,"mu":2462.2425088352575,"quality":"OK","raw":2414.2,"sigma":74.42768909995114,"state":"IDLE","t":"2026-07-19T02:53:48.7595214Z","type":"sample"}
{"channel":"rr","display":10.356255178127588,"mu":10.386373368219003,"quality":"OK","raw":1122.9,"sigma":1.5,"state":"IDLE","t":"2026-07-19T02:53:48.7902838Z","type":"sample"}
{"channel":"rr","event":"quality_change","quality":"OUT_OF_RANGE","t":"2026-07-19T02:53:48.829881Z","type":"event"}
{"channel":"rr","display":10.356255178127588,"mu":10.386373368219003,"quality":"OUT_OF_RANGE","raw":1120.9,"sigma":1.5,"state":"IDLE","t":"2026-07-19T02:53:48.829881Z","type":"sample"}
{"channel":"gsr","display":2417.9,"mu":2462.0207962910813,"quality":"OK","raw":2417.9,"sigma":74.30723810122382,"state":"IDLE","t":"2026-07-19T02:53:48.8592971Z","type":"sample"}
{"channel":"rr","display":10.356255178127588,"mu":10.386373368219003,"quality":"OUT_OF_RANGE","raw":1120.1,"sigma":1.5,"state":"IDLE","t":"2026-07-19T02:53:48.8700753Z","type":"sample"}
{"channel":"rr","display":10.356255178127588,"mu":10.386373368219003,"quality":"OUT_OF_RANGE","raw":1119.4,"sigma":1.5,"state":"IDLE","t":"2026-07-19T02:53:48.905672Z","type":"sample"}
{"address":"/cue/bpm076/start","args":null,"channel":"system","dir":"out","t":"2026-07-19T02:53:48.9256529Z","type":"osc"}
{"address":"/cue/g6/start","args":null,"channel":"system","dir":"out","t":"2026-07-19T02:53:48.9266848Z","type":"osc"}
{"channel":"rr","display":10.356255178127588,"mu":10.386373368219003,"quality":"OUT_OF_RANGE","raw":1113.8,"sigma":1.5,"state":"IDLE","t":"2026-07-19T02:53:48.9501643Z","type":"sample"}
{"channel":"gsr","display":2418.6,"mu":2461.803692309626,"quality":"OK","raw":2418.6,"sigma":74.1844828766421,"state":"IDLE","t":"2026-07-19T02:53:48.9585384Z","type":"sample"}
{"channel":"rr","display":10.356255178127588,"mu":10.386373368219003,"quality":"OUT_OF_RANGE","raw":1109.3,"sigma":1.5,"state":"IDLE","t":"2026-07-19T02:53:48.9903312Z","type":"sample"}
{"channel":"rr","display":10.356255178127588,"mu":10.386373368219003,"quality":"OUT_OF_RANGE","raw":1101.8,"sigma":1.5,"state":"IDLE","t":"2026-07-19T02:53:49.0293225Z","type":"sample"}
{"channel":"gsr","display":2418.2,"mu":2461.585673848078,"quality":"OK","raw":2418.2,"sigma":74.06267406758965,"state":"IDLE","t":"2026-07-19T02:53:49.0589422Z","type":"sample"}
{"channel":"rr","display":10.356255178127588,"mu":10.386373368219003,"quality":"OUT_OF_RANGE","raw":1096,"sigma":1.5,"state":"IDLE","t":"2026-07-19T02:53:49.0668662Z","type":"sample"}
{"channel":"rr","display":10.356255178127588,"mu":10.386373368219003,"quality":"OUT_OF_RANGE","raw":1090.6,"sigma":1.5,"state":"IDLE","t":"2026-07-19T02:53:49.1083762Z","type":"sample"}
{"channel":"rr","display":10.356255178127588,"mu":10.386373368219003,"quality":"OUT_OF_RANGE","raw":1086.9,"sigma":1.5,"state":"IDLE","t":"2026-07-19T02:53:49.1448053Z","type":"sample"}
{"channel":"gsr","display":2421.6,"mu":2461.3857454788376,"quality":"OK","raw":2421.6,"sigma":73.9311002948313,"state":"IDLE","t":"2026-07-19T02:53:49.157478Z","type":"sample"}
{"channel":"rr","display":10.356255178127588,"mu":10.386373368219003,"quality":"OUT_OF_RANGE","raw":1078.6,"sigma":1.5,"state":"IDLE","t":"2026-07-19T02:53:49.1900602Z","type":"sample"}
{"channel":"rr","display":10.356255178127588,"mu":10.386373368219003,"quality":"OUT_OF_RANGE","raw":1074.9,"sigma":1.5,"state":"IDLE","t":"2026-07-19T02:53:49.2299562Z","type":"sample"}
{"channel":"hr","display":76,"mu":68.21781556490369,"quality":"OK","raw":76,"sigma":3.3940378771586133,"state":"IDLE","t":"2026-07-19T02:53:49.2494705Z","type":"sample"}
{"channel":"gsr","display":2423.9,"mu":2461.1983167514436,"quality":"OK","raw":2423.9,"sigma":73.79342334444887,"state":"IDLE","t":"2026-07-19T02:53:49.2593653Z","type":"sample"}
{"channel":"rr","display":10.356255178127588,"mu":10.386373368219003,"quality":"OUT_OF_RANGE","raw":1069.1,"sigma":1.5,"state":"IDLE","t":"2026-07-19T02:53:49.2675125Z","type":"sample"}
{"channel":"rr","display":10.356255178127588,"mu":10.386373368219003,"quality":"OUT_OF_RANGE","raw":1067.2,"sigma":1.5,"state":"IDLE","t":"2026-07-19T02:53:49.305217Z","type":"sample"}
{"channel":"rr","display":10.356255178127588,"mu":10.386373368219003,"quality":"OUT_OF_RANGE","raw":1065.2,"sigma":1.5,"state":"IDLE","t":"2026-07-19T02:53:49.3502388Z","type":"sample"}
{"channel":"gsr","display":2425.6,"mu":2461.020325167686,"quality":"OK","raw":2425.6,"sigma":73.65152070407221,"state":"IDLE","t":"2026-07-19T02:53:49.3571233Z","type":"sample"}
{"channel":"rr","display":10.356255178127588,"mu":10.386373368219003,"quality":"OUT_OF_RANGE","raw":1064.7,"sigma":1.5,"state":"IDLE","t":"2026-07-19T02:53:49.3902878Z","type":"sample"}
{"address":"/cue/p/start","args":null,"channel":"system","dir":"out","t":"2026-07-19T02:53:49.3935387Z","type":"osc"}
{"channel":"rr","display":10.356255178127588,"mu":10.386373368219003,"quality":"OUT_OF_RANGE","raw":1064.6,"sigma":1.5,"state":"IDLE","t":"2026-07-19T02:53:49.4297138Z","type":"sample"}
{"channel":"gsr","display":2415.9,"mu":2460.794723541848,"quality":"OK","raw":2415.9,"sigma":73.53605980833399,"state":"IDLE","t":"2026-07-19T02:53:49.4593622Z","type":"sample"}
{"channel":"rr","display":10.356255178127588,"mu":10.386373368219003,"quality":"OUT_OF_RANGE","raw":1064.8,"sigma":1.5,"state":"IDLE","t":"2026-07-19T02:53:49.4673289Z","type":"sample"}
{"channel":"rr","display":10.356255178127588,"mu":10.386373368219003,"quality":"OUT_OF_RANGE","raw":1064.9,"sigma":1.5,"state":"IDLE","t":"2026-07-19T02:53:49.5102423Z","type":"sample"}
{"channel":"rr","display":10.356255178127588,"mu":10.386373368219003,"quality":"OUT_OF_RANGE","raw":1063.1,"sigma":1.5,"state":"IDLE","t":"2026-07-19T02:53:49.550156Z","type":"sample"}
{"channel":"gsr","display":2416.7,"mu":2460.5742499241387,"quality":"OK","raw":2416.7,"sigma":73.41789595377446,"state":"IDLE","t":"2026-07-19T02:53:49.5574654Z","type":"sample"}
{"channel":"rr","display":10.356255178127588,"mu":10.386373368219003,"quality":"OUT_OF_RANGE","raw":1064.2,"sigma":1.5,"state":"IDLE","t":"2026-07-19T02:53:49.5890239Z","type":"sample"}
{"channel":"rr","display":10.356255178127588,"mu":10.386373368219003,"quality":"OUT_OF_RANGE","raw":1062.6,"sigma":1.5,"state":"IDLE","t":"2026-07-19T02:53:49.6293009Z","type":"sample"}
{"channel":"gsr","display":2419,"mu":2460.366378674518,"quality":"OK","raw":2419,"sigma":73.29280585347523,"state":"IDLE","t":"2026-07-19T02:53:49.6590517Z","type":"sample"}
{"channel":"rr","display":10.356255178127588,"mu":10.386373368219003,"quality":"OUT_OF_RANGE","raw":1064.6,"sigma":1.5,"state":"IDLE","t":"2026-07-19T02:53:49.6668082Z","type":"sample"}
{"channel":"rr","display":10.356255178127588,"mu":10.386373368219003,"quality":"OUT_OF_RANGE","raw":1065.1,"sigma":1.5,"state":"IDLE","t":"2026-07-19T02:53:49.7055334Z","type":"sample"}
{"channel":"rr","display":10.356255178127588,"mu":10.386373368219003,"quality":"OUT_OF_RANGE","raw":1064.3,"sigma":1.5,"state":"IDLE","t":"2026-07-19T02:53:49.7501819Z","type":"sample"}
{"channel":"hr","display":76,"mu":68.25672648707916,"quality":"OK","raw":76,"sigma":3.4297512386577163,"state":"IDLE","t":"2026-07-19T02:53:49.7506856Z","type":"sample"}
{"channel":"gsr","display":2424.7,"mu":2460.188046781145,"quality":"OK","raw":2424.7,"sigma":73.15261351107294,"state":"IDLE","t":"2026-07-19T02:53:49.7595868Z","type":"sample"}
{"channel":"rr","display":10.356255178127588,"mu":10.386373368219003,"quality":"OUT_OF_RANGE","raw":1063.6,"sigma":1.5,"state":"IDLE","t":"2026-07-19T02:53:49.7894177Z","type":"sample"}
{"channel":"rr","display":10.356255178127588,"mu":10.386373368219003,"quality":"OUT_OF_RANGE","raw":1065.4,"sigma":1.5,"state":"IDLE","t":"2026-07-19T02:53:49.8295445Z","type":"sample"}
{"channel":"gsr","display":2430.8,"mu":2460.0411065472395,"quality":"OK","raw":2430.8,"sigma":72.99893858282203,"state":"IDLE","t":"2026-07-19T02:53:49.859196Z","type":"sample"}
{"channel":"rr","event":"quality_change","quality":"OK","t":"2026-07-19T02:53:49.8666017Z","type":"event"}
{"channel":"rr","display":10.356255178127588,"mu":10.386373368219003,"quality":"OK","raw":1063.7,"sigma":1.5,"state":"IDLE","t":"2026-07-19T02:53:49.870112Z","type":"sample"}
{"channel":"rr","display":10.356255178127588,"mu":10.386373368219003,"quality":"OK","raw":1065.1,"sigma":1.5,"state":"IDLE","t":"2026-07-19T02:53:49.9100981Z","type":"sample"}
{"address":"/cue/bpm076/start","args":null,"channel":"system","dir":"out","t":"2026-07-19T02:53:49.9296463Z","type":"osc"}
{"address":"/cue/g5/start","args":null,"channel":"system","dir":"out","t":"2026-07-19T02:53:49.9307725Z","type":"osc"}
{"address":"/cue/r1/start","args":null,"channel":"system","dir":"out","t":"2026-07-19T02:53:49.9318067Z","type":"osc"}
{"channel":"rr","display":10.356255178127588,"mu":10.386373368219003,"quality":"OK","raw":1064.1,"sigma":1.5,"state":"IDLE","t":"2026-07-19T02:53:49.9501001Z","type":"sample"}
{"channel":"gsr","display":2443.5,"mu":2459.958401014503,"quality":"OK","raw":2443.5,"sigma":72.825558768,"state":"IDLE","t":"2026-07-19T02:53:49.9591941Z","type":"sample"}
{"channel":"rr","display":10.356255178127588,"mu":10.386373368219003,"quality":"OK","raw":1063.9,"sigma":1.5,"state":"IDLE","t":"2026-07-19T02:53:49.9901959Z","type":"sample"}
{"channel":"rr","display":10.356255178127588,"mu":10.386373368219003,"quality":"OK","raw":1064.3,"sigma":1.5,"state":"IDLE","t":"2026-07-19T02:53:50.030162Z","type":"sample"}
{"channel":"gsr","display":2443.2,"mu":2459.8746090094305,"quality":"OK","raw":2443.2,"sigma":72.65288293484825,"state":"IDLE","t":"2026-07-19T02:53:50.0591214Z","type":"sample"}
{"channel":"rr","display":10.356255178127588,"mu":10.386373368219003,"quality":"OK","raw":1063,"sigma":1.5,"state":"IDLE","t":"2026-07-19T02:53:50.0664611Z","type":"sample"}
{"channel":"rr","display":10.356255178127588,"mu":10.386373368219003,"quality":"OK","raw":1064.9,"sigma":1.5,"state":"IDLE","t":"2026-07-19T02:53:50.1099583Z","type":"sample"}
{"channel":"rr","display":10.356255178127588,"mu":10.386373368219003,"quality":"OK","raw":1064,"sigma":1.5,"state":"IDLE","t":"2026-07-19T02:53:50.1467956Z","type":"sample"}
{"channel":"gsr","display":2440.7,"mu":2459.7787359643835,"quality":"OK","raw":2440.7,"sigma":72.48364179774354,"state":"IDLE","t":"2026-07-19T02:53:50.1590044Z","type":"sample"}
{"address":"/cue/p/start","args":null,"channel":"system","dir":"out","t":"2026-07-19T02:53:50.1820032Z","type":"osc"}
{"channel":"rr","display":10.356255178127588,"mu":10.386373368219003,"quality":"OK","raw":1065.4,"sigma":1.5,"state":"IDLE","t":"2026-07-19T02:53:50.1898686Z","type":"sample"}
{"channel":"rr","display":10.356255178127588,"mu":10.386373368219003,"quality":"OK","raw":1065.2,"sigma":1.5,"state":"IDLE","t":"2026-07-19T02:53:50.2301598Z","type":"sample"}
{"channel":"hr","display":76,"mu":68.29544285464377,"quality":"OK","raw":76,"sigma":3.4644869833268066,"state":"IDLE","t":"2026-07-19T02:53:50.2500586Z","type":"sample"}
{"channel":"gsr","display":2436,"mu":2459.6598422845614,"quality":"OK","raw":2436,"sigma":72.32165610891039,"state":"IDLE","t":"2026-07-19T02:53:50.2592788Z","type":"sample"}
{"channel":"rr","display":10.356255178127588,"mu":10.386373368219003,"quality":"OK","raw":1064.4,"sigma":1.5,"state":"IDLE","t":"2026-07-19T02:53:50.2701655Z","type":"sample"}
{"channel":"rr","display":10.356255178127588,"mu":10.386373368219003,"quality":"OK","raw":1064.6,"sigma":1.5,"state":"IDLE","t":"2026-07-19T02:53:50.3061823Z","type":"sample"}
{"channel":"rr","display":10.356255178127588,"mu":10.386373368219003,"quality":"OK","raw":1065.6,"sigma":1.5,"state":"IDLE","t":"2026-07-19T02:53:50.3460839Z","type":"sample"}
{"channel":"gsr","display":2438.2,"mu":2459.5525430731386,"quality":"OK","raw":2438.2,"sigma":72.1565031279748,"state":"IDLE","t":"2026-07-19T02:53:50.3579172Z","type":"sample"}
{"channel":"rr","display":10.356255178127588,"mu":10.386373368219003,"quality":"OK","raw":1065.4,"sigma":1.5,"state":"IDLE","t":"2026-07-19T02:53:50.3902746Z","type":"sample"}
{"channel":"rr","display":10.356255178127588,"mu":10.386373368219003,"quality":"OK","raw":1065.2,"sigma":1.5,"state":"IDLE","t":"2026-07-19T02:53:50.4301971Z","type":"sample"}
{"channel":"gsr","display":2438.9,"mu":2459.4492803577727,"quality":"OK","raw":2438.9,"sigma":71.99062517736392,"state":"IDLE","t":"2026-07-19T02:53:50.4588872Z","type":"sample"}
{"channel":"rr","display":10.356255178127588,"mu":10.386373368219003,"quality":"OK","raw":1063.9,"sigma":1.5,"state":"IDLE","t":"2026-07-19T02:53:50.4694933Z","type":"sample"}
{"channel":"rr","display":10.356255178127588,"mu":10.386373368219003,"quality":"OK","raw":1065.1,"sigma":1.5,"state":"IDLE","t":"2026-07-19T02:53:50.50522Z","type":"sample"}
{"channel":"rr","display":10.356255178127588,"mu":10.386373368219003,"quality":"OK","raw":1065.4,"sigma":1.5,"state":"IDLE","t":"2026-07-19T02:53:50.5469959Z","type":"sample"}
{"channel":"gsr","display":2437.8,"mu":2459.3410339559837,"quality":"OK","raw":2437.8,"sigma":71.82665662744655,"state":"IDLE","t":"2026-07-19T02:53:50.5580339Z","type":"sample"}
{"channel":"rr","display":10.356255178127588,"mu":10.386373368219003,"quality":"OK","raw":1065.3,"sigma":1.5,"state":"IDLE","t":"2026-07-19T02:53:50.5902069Z","type":"sample"}
{"channel":"rr","display":10.356255178127588,"mu":10.386373368219003,"quality":"OK","raw":1065.1,"sigma":1.5,"state":"IDLE","t":"2026-07-19T02:53:50.6304666Z","type":"sample"}
{"channel":"gsr","display":2443.6,"mu":2459.262328786204,"quality":"OK","raw":2443.6,"sigma":71.65546710134541,"state":"IDLE","t":"2026-07-19T02:53:50.6590008Z","type":"sample"}
{"channel":"rr","display":10.356255178127588,"mu":10.386373368219003,"quality":"OK","raw":1065.8,"sigma":1.5,"state":"IDLE","t":"2026-07-19T02:53:50.6670491Z","type":"sample"}
{"channel":"rr","display":10.356255178127588,"mu":10.386373368219003,"quality":"OK","raw":1066.6,"sigma":1.5,"state":"IDLE","t":"2026-07-19T02:53:50.7101325Z","type":"sample"}
{"channel":"rr","display":10.356255178127588,"mu":10.386373368219003,"quality":"OK","raw":1068.8,"sigma":1.5,"state":"IDLE","t":"2026-07-19T02:53:50.7501765Z","type":"sample"}
{"channel":"hr","display":76,"mu":68.33396564037055,"quality":"OK","raw":76,"sigma":3.4982815361778443,"state":"IDLE","t":"2026-07-19T02:53:50.7506825Z","type":"sample"}
{"channel":"gsr","display":2440.5,"mu":2459.168517142273,"quality":"OK","raw":2440.5,"sigma":71.48835401635223,"state":"IDLE","t":"2026-07-19T02:53:50.7595843Z","type":"sample"}
{"channel":"rr","display":10.356255178127588,"mu":10.386373368219003,"quality":"OK","raw":1069.1,"sigma":1.5,"state":"IDLE","t":"2026-07-19T02:53:50.7902442Z","type":"sample"}
{"channel":"rr","display":10.356255178127588,"mu":10.386373368219003,"quality":"OK","raw":1074,"sigma":1.5,"state":"IDLE","t":"2026-07-19T02:53:50.8291898Z","type":"sample"}
{"channel":"gsr","display":2439.8,"mu":2459.0716745565614,"quality":"OK","raw":2439.8,"sigma":71.32249403212505,"state":"IDLE","t":"2026-07-19T02:53:50.8588327Z","type":"sample"}
{"channel":"rr","display":10.356255178127588,"mu":10.386373368219003,"quality":"OK","raw":1076.2,"sigma":1.5,"state":"IDLE","t":"2026-07-19T02:53:50.8683124Z","type":"sample"}
{"channel":"rr","display":10.356255178127588,"mu":10.386373368219003,"quality":"OK","raw":1079.3,"sigma":1.5,"state":"IDLE","t":"2026-07-19T02:53:50.9101927Z","type":"sample"}
{"address":"/cue/bpm076/start","args":null,"channel":"system","dir":"out","t":"2026-07-19T02:53:50.9409689Z","type":"osc"}
{"address":"/cue/g3/start","args":null,"channel":"system","dir":"out","t":"2026-07-19T02:53:50.9420482Z","type":"osc"}
{"address":"/cue/r1/start","args":null,"channel":"system","dir":"out","t":"2026-07-19T02:53:50.942573Z","type":"osc"}
{"channel":"rr","display":10.356255178127588,"mu":10.386373368219003,"quality":"OK","raw":1085.8,"sigma":1.5,"state":"IDLE","t":"2026-07-19T02:53:50.9526637Z","type":"sample"}
{"channel":"gsr","display":2439.9,"mu":2458.9758161837785,"quality":"OK","raw":2439.9,"sigma":71.15681443745625,"state":"IDLE","t":"2026-07-19T02:53:50.9589053Z","type":"sample"}
{"address":"/cue/p/start","args":null,"channel":"system","dir":"out","t":"2026-07-19T02:53:50.9708205Z","type":"osc"}
{"channel":"rr","display":10.356255178127588,"mu":10.386373368219003,"quality":"OK","raw":1092.8,"sigma":1.5,"state":"IDLE","t":"2026-07-19T02:53:50.9899403Z","type":"sample"}
{"channel":"rr","display":10.356255178127588,"mu":10.386373368219003,"quality":"OK","raw":1098.2,"sigma":1.5,"state":"IDLE","t":"2026-07-19T02:53:51.0295593Z","type":"sample"}
{"channel":"gsr","display":2439.1,"mu":2458.8764371028597,"quality":"OK","raw":2439.1,"sigma":70.99254287476454,"state":"IDLE","t":"2026-07-19T02:53:51.0592458Z","type":"sample"}
{"channel":"rr","display":10.356255178127588,"mu":10.386373368219003,"quality":"OK","raw":1108.3,"sigma":1.5,"state":"IDLE","t":"2026-07-19T02:53:51.0663136Z","type":"sample"}
{"channel":"rr","display":10.356255178127588,"mu":10.386373368219003,"quality":"OK","raw":1114.4,"sigma":1.5,"state":"IDLE","t":"2026-07-19T02:53:51.1101325Z","type":"sample"}
{"channel":"rr","display":10.356255178127588,"mu":10.386373368219003,"quality":"OK","raw":1119.9,"sigma":1.5,"state":"IDLE","t":"2026-07-19T02:53:51.1501521Z","type":"sample"}
{"channel":"gsr","display":2444.4,"mu":2458.804054917345,"quality":"OK","raw":2444.4,"sigma":70.82220015702238,"state":"IDLE","t":"2026-07-19T02:53:51.1575496Z","type":"sample"}
{"channel":"rr","display":10.356255178127588,"mu":10.386373368219003,"quality":"OK","raw":1133.8,"sigma":1.5,"state":"IDLE","t":"2026-07-19T02:53:51.1902883Z","type":"sample"}
{"channel":"rr","display":10.356255178127588,"mu":10.386373368219003,"quality":"OK","raw":1141.4,"sigma":1.5,"state":"IDLE","t":"2026-07-19T02:53:51.2299768Z","type":"sample"}
{"channel":"hr","display":76,"mu":68.3722958121687,"quality":"OK","raw":76,"sigma":3.5311690769171658,"state":"IDLE","t":"2026-07-19T02:53:51.2497741Z","type":"sample"}
{"channel":"gsr","display":2441.8,"mu":2458.7190346427583,"quality":"OK","raw":2441.8,"sigma":70.65510297124337,"state":"IDLE","t":"2026-07-19T02:53:51.2589794Z","type":"sample"}
{"channel":"rr","display":10.356255178127588,"mu":10.386373368219003,"quality":"OK","raw":1149.7,"sigma":1.5,"state":"IDLE","t":"2026-07-19T02:53:51.2665509Z","type":"sample"}
{"channel":"rr","display":10.356255178127588,"mu":10.386373368219003,"quality":"OK","raw":1161.7,"sigma":1.5,"state":"IDLE","t":"2026-07-19T02:53:51.3101258Z","type":"sample"}
{"channel":"rr","display":10.356255178127588,"mu":10.386373368219003,"quality":"OK","raw":1169.1,"sigma":1.5,"state":"IDLE","t":"2026-07-19T02:53:51.3501646Z","type":"sample"}
{"channel":"gsr","display":2444.5,"mu":2458.6479394695443,"quality":"OK","raw":2444.5,"sigma":70.4853793932105,"state":"IDLE","t":"2026-07-19T02:53:51.3589056Z","type":"sample"}
{"channel":"rr","display":10.356255178127588,"mu":10.386373368219003,"quality":"OK","raw":1173.9,"sigma":1.5,"state":"IDLE","t":"2026-07-19T02:53:51.3901374Z","type":"sample"}
{"channel":"rr","display":10.356255178127588,"mu":10.386373368219003,"quality":"OK","raw":1176.6,"sigma":1.5,"state":"IDLE","t":"2026-07-19T02:53:51.429638Z","type":"sample"}
{"channel":"gsr","display":2446.9,"mu":2458.5891997721965,"quality":"OK","raw":2446.9,"sigma":70.31382783436452,"state":"IDLE","t":"2026-07-19T02:53:51.4588918Z","type":"sample"}
{"channel":"rr","display":10.356255178127588,"mu":10.386373368219003,"quality":"OK","raw":1177.6,"sigma":1.5,"state":"IDLE","t":"2026-07-19T02:53:51.4677432Z","type":"sample"}
{"channel":"rr","display":10.356255178127588,"mu":10.386373368219003,"quality":"OK","raw":1176.6,"sigma":1.5,"state":"IDLE","t":"2026-07-19T02:53:51.5101631Z","type":"sample"}
{"channel":"rr","display":10.356255178127588,"mu":10.386373368219003,"quality":"OK","raw":1177.7,"sigma":1.5,"state":"IDLE","t":"2026-07-19T02:53:51.5501307Z","type":"sample"}
{"channel":"gsr","display":2448.1,"mu":2458.5367537733355,"quality":"OK","raw":2448.1,"sigma":70.14172494866062,"state":"IDLE","t":"2026-07-19T02:53:51.5581233Z","type":"sample"}
{"channel":"rr","display":10.356255178127588,"mu":10.386373368219003,"quality":"OK","raw":1177.9,"sigma":1.5,"state":"IDLE","t":"2026-07-19T02:53:51.5901218Z","type":"sample"}
{"channel":"rr","display":10.356255178127588,"mu":10.386373368219003,"quality":"OK","raw":1177.3,"sigma":1.5,"state":"IDLE","t":"2026-07-19T02:53:51.629325Z","type":"sample"}
{"channel":"gsr","display":2446.2,"mu":2458.4750700044688,"quality":"OK","raw":2446.2,"sigma":69.97156167658879,"state":"IDLE","t":"2026-07-19T02:53:51.6591049Z","type":"sample"}
{"channel":"rr","display":10.356255178127588,"mu":10.386373368219003,"quality":"OK","raw":1177.1,"sigma":1.5,"state":"IDLE","t":"2026-07-19T02:53:51.6675981Z","type":"sample"}
{"channel":"rr","display":10.356255178127588,"mu":10.386373368219003,"quality":"OK","raw":1177.2,"sigma":1.5,"state":"IDLE","t":"2026-07-19T02:53:51.7083391Z","type":"sample"}
{"channel":"rr","display":10.356255178127588,"mu":10.386373368219003,"quality":"OK","raw":1176.8,"sigma":1.5,"state":"IDLE","t":"2026-07-19T02:53:51.7502205Z","type":"sample"}
{"channel":"hr","display":76,"mu":68.41043433310786,"quality":"OK","raw":76,"sigma":3.5631817359816234,"state":"IDLE","t":"2026-07-19T02:53:51.7507245Z","type":"sample"}
{"channel":"gsr","display":2452.6,"mu":2458.4456946544465,"quality":"OK","raw":2452.6,"sigma":69.79764369640256,"state":"IDLE","t":"2026-07-19T02:53:51.7600867Z","type":"sample"}
{"address":"/cue/p/start","args":null,"channel":"system","dir":"out","t":"2026-07-19T02:53:51.761185Z","type":"osc"}
{"channel":"rr","display":10.356255178127588,"mu":10.386373368219003,"quality":"OK","raw":1176.6,"sigma":1.5,"state":"IDLE","t":"2026-07-19T02:53:51.7900996Z","type":"sample"}
{"channel":"rr","display":10.356255178127588,"mu":10.386373368219003,"quality":"OK","raw":1177.1,"sigma":1.5,"state":"IDLE","t":"2026-07-19T02:53:51.8291868Z","type":"sample"}
{"channel":"gsr","display":2451.1,"mu":2458.408966181174,"quality":"OK","raw":2451.1,"sigma":69.62485876043948,"state":"IDLE","t":"2026-07-19T02:53:51.8591737Z","type":"sample"}
{"channel":"rr","display":10.356255178127588,"mu":10.386373368219003,"quality":"OK","raw":1176.6,"sigma":1.5,"state":"IDLE","t":"2026-07-19T02:53:51.8680656Z","type":"sample"}
{"channel":"rr","display":10.356255178127588,"mu":10.386373368219003,"quality":"OK","raw":1176.8,"sigma":1.5,"state":"IDLE","t":"2026-07-19T02:53:51.9100987Z","type":"sample"}
{"address":"/cue/bpm076/start","args":null,"channel":"system","dir":"out","t":"2026-07-19T02:53:51.9492448Z","type":"osc"}
{"channel":"rr","display":10.356255178127588,"mu":10.386373368219003,"quality":"OK","raw":1176.3,"sigma":1.5,"state":"IDLE","t":"2026-07-19T02:53:51.9498423Z","type":"sample"}
{"address":"/cue/g2/start","args":null,"channel":"system","dir":"out","t":"2026-07-19T02:53:51.9498423Z","type":"osc"}
{"address":"/cue/r1/start","args":null,"channel":"system","dir":"out","t":"2026-07-19T02:53:51.9509841Z","type":"osc"}
{"channel":"gsr","display":2454.1,"mu":2458.387421350268,"quality":"OK","raw":2454.1,"sigma":69.45124350500936,"state":"IDLE","t":"2026-07-19T02:53:51.9591168Z","type":"sample"}
{"channel":"rr","display":10.356255178127588,"mu":10.386373368219003,"quality":"OK","raw":1176.7,"sigma":1.5,"state":"IDLE","t":"2026-07-19T02:53:51.9885747Z","type":"sample"}
{"channel":"rr","display":10.356255178127588,"mu":10.386373368219003,"quality":"OK","raw":1176.7,"sigma":1.5,"state":"IDLE","t":"2026-07-19T02:53:52.029961Z","type":"sample"}
{"channel":"gsr","display":2452.8,"mu":2458.359484243517,"quality":"OK","raw":2452.8,"sigma":69.27851877873067,"state":"IDLE","t":"2026-07-19T02:53:52.0562554Z","type":"sample"}
{"channel":"rr","display":10.356255178127588,"mu":10.386373368219003,"quality":"OK","raw":1176.2,"sigma":1.5,"state":"IDLE","t":"2026-07-19T02:53:52.0698708Z","type":"sample"}
{"channel":"rr","display":10.356255178127588,"mu":10.386373368219003,"quality":"OK","raw":1177.7,"sigma":1.5,"state":"IDLE","t":"2026-07-19T02:53:52.1056585Z","type":"sample"}
{"channel":"rr","display":10.356255178127588,"mu":10.386373368219003,"quality":"OK","raw":1176.3,"sigma":1.5,"state":"IDLE","t":"2026-07-19T02:53:52.1492617Z","type":"sample"}
{"channel":"gsr","display":2455.2,"mu":2458.3436868222993,"quality":"OK","raw":2455.2,"sigma":69.10546476581263,"state":"IDLE","t":"2026-07-19T02:53:52.1584574Z","type":"sample"}
{"channel":"rr","display":10.356255178127588,"mu":10.386373368219003,"quality":"OK","raw":1176.6,"sigma":1.5,"state":"IDLE","t":"2026-07-19T02:53:52.1888624Z","type":"sample"}
{"channel":"rr","display":10.356255178127588,"mu":10.386373368219003,"quality":"OK","raw":1176.9,"sigma":1.5,"state":"IDLE","t":"2026-07-19T02:53:52.2298687Z","type":"sample"}
{"channel":"hr","display":76,"mu":68.44838216144232,"quality":"OK","raw":76,"sigma":3.594349768817705,"state":"IDLE","t":"2026-07-19T02:53:52.2478184Z","type":"sample"}
{"channel":"gsr","display":2454.5,"mu":2458.324468388188,"quality":"OK","raw":2454.5,"sigma":68.93301773816526,"state":"IDLE","t":"2026-07-19T02:53:52.2590437Z","type":"sample"}
{"channel":"rr","display":10.356255178127588,"mu":10.386373368219003,"quality":"OK","raw":1176.2,"sigma":1.5,"state":"IDLE","t":"2026-07-19T02:53:52.269987Z","type":"sample"}
{"channel":"rr","display":10.356255178127588,"mu":10.386373368219003,"quality":"OK","raw":1175.5,"sigma":1.5,"state":"IDLE","t":"2026-07-19T02:53:52.3101655Z","type":"sample"}
{"channel":"rr","display":10.356255178127588,"mu":10.386373368219003,"quality":"OK","raw":1177,"sigma":1.5,"state":"IDLE","t":"2026-07-19T02:53:52.3468226Z","type":"sample"}
{"channel":"gsr","display":2460.8,"mu":2458.336846046247,"quality":"OK","raw":2460.8,"sigma":68.76069093526577,"state":"IDLE","t":"2026-07-19T02:53:52.3592518Z","type":"sample"}
{"channel":"rr","display":10.356255178127588,"mu":10.386373368219003,"quality":"OK","raw":1176.4,"sigma":1.5,"state":"IDLE","t":"2026-07-19T02:53:52.3901839Z","type":"sample"}
{"channel":"rr","display":10.356255178127588,"mu":10.386373368219003,"quality":"OK","raw":1176.1,"sigma":1.5,"state":"IDLE","t":"2026-07-19T02:53:52.4296172Z","type":"sample"}
{"channel":"gsr","display":2457.3,"mu":2458.3316618160156,"quality":"OK","raw":2457.3,"sigma":68.58861278067987,"state":"IDLE","t":"2026-07-19T02:53:52.4578626Z","type":"sample"}
{"channel":"rr","display":10.356255178127588,"mu":10.386373368219003,"quality":"OK","raw":1176.2,"sigma":1.5,"state":"IDLE","t":"2026-07-19T02:53:52.4682201Z","type":"sample"}
{"channel":"rr","display":10.356255178127588,"mu":10.386373368219003,"quality":"OK","raw":1175.9,"sigma":1.5,"state":"IDLE","t":"2026-07-19T02:53:52.5054136Z","type":"sample"}
{"address":"/cue/p/start","args":null,"channel":"system","dir":"out","t":"2026-07-19T02:53:52.5492548Z","type":"osc"}
{"channel":"rr","display":10.356255178127588,"mu":10.386373368219003,"quality":"OK","raw":1177.2,"sigma":1.5,"state":"IDLE","t":"2026-07-19T02:53:52.5498148Z","type":"sample"}
{"channel":"gsr","display":2464.4,"mu":2458.3620035069357,"quality":"OK","raw":2464.4,"sigma":68.41826523075193,"state":"IDLE","t":"2026-07-19T02:53:52.5592037Z","type":"sample"}
{"channel":"rr","display":10.356255178127588,"mu":10.386373368219003,"quality":"OK","raw":1176.9,"sigma":1.5,"state":"IDLE","t":"2026-07-19T02:53:52.5887822Z","type":"sample"}
{"channel":"rr","display":10.356255178127588,"mu":10.386373368219003,"quality":"OK","raw":1176.5,"sigma":1.5,"state":"IDLE","t":"2026-07-19T02:53:52.6301971Z","type":"sample"}
{"channel":"gsr","display":2456.8,"mu":2458.354193489401,"quality":"OK","raw":2456.8,"sigma":68.24709415336301,"state":"IDLE","t":"2026-07-19T02:53:52.6557581Z","type":"sample"}
{"channel":"rr","display":10.356255178127588,"mu":10.386373368219003,"quality":"OK","raw":1175.8,"sigma":1.5,"state":"IDLE","t":"2026-07-19T02:53:52.6683683Z","type":"sample"}
{"channel":"rr","display":10.356255178127588,"mu":10.386373368219003,"quality":"OK","raw":1176.2,"sigma":1.5,"state":"IDLE","t":"2026-07-19T02:53:52.7095217Z","type":"sample"}
{"channel":"rr","display":10.356255178127588,"mu":10.386373368219003,"quality":"OK","raw":1174.9,"sigma":1.5,"state":"IDLE","t":"2026-07-19T02:53:52.7478786Z","type":"sample"}
{"channel":"hr","display":73,"mu":68.47114025063512,"quality":"OK","raw":73,"sigma":3.599697446093847,"state":"IDLE","t":"2026-07-19T02:53:52.7793262Z","type":"sample"}
{"channel":"gsr","display":2486,"mu":2458.492422521954,"quality":"OK","raw":2486,"sigma":68.10418398966962,"state":"IDLE","t":"2026-07-19T02:53:52.7880656Z","type":"sample"}
{"channel":"rr","display":10.356255178127588,"mu":10.386373368219003,"quality":"OK","raw":1174.7,"sigma":1.5,"state":"IDLE","t":"2026-07-19T02:53:52.792882Z","type":"sample"}
{"channel":"rr","display":10.356255178127588,"mu":10.386373368219003,"quality":"OK","raw":1174.3,"sigma":1.5,"state":"IDLE","t":"2026-07-19T02:53:52.8331028Z","type":"sample"}
{"channel":"rr","display":10.356255178127588,"mu":10.386373368219003,"quality":"OK","raw":1174.1,"sigma":1.5,"state":"IDLE","t":"2026-07-19T02:53:52.8669739Z","type":"sample"}
{"channel":"gsr","display":2496.6,"mu":2458.682960409344,"quality":"OK","raw":2496.6,"sigma":67.98686351151945,"state":"IDLE","t":"2026-07-19T02:53:52.8871279Z","type":"sample"}
{"channel":"rr","display":10.356255178127588,"mu":10.386373368219003,"quality":"OK","raw":1172.4,"sigma":1.5,"state":"IDLE","t":"2026-07-19T02:53:52.9119503Z","type":"sample"}
{"channel":"rr","display":10.356255178127588,"mu":10.386373368219003,"quality":"OK","raw":1170.9,"sigma":1.5,"state":"IDLE","t":"2026-07-19T02:53:52.953138Z","type":"sample"}
{"address":"/cue/bpm073/start","args":null,"channel":"system","dir":"out","t":"2026-07-19T02:53:52.9698674Z","type":"osc"}
{"address":"/cue/g1/start","args":null,"channel":"system","dir":"out","t":"2026-07-19T02:53:52.9709015Z","type":"osc"}
{"address":"/cue/r1/start","args":null,"channel":"system","dir":"out","t":"2026-07-19T02:53:52.9719212Z","type":"osc"}
{"channel":"gsr","display":2496.5,"mu":2458.8720456072974,"quality":"OK","raw":2496.5,"sigma":67.86911986528355,"state":"IDLE","t":"2026-07-19T02:53:52.9880469Z","type":"sample"}
{"channel":"rr","display":10.356255178127588,"mu":10.386373368219003,"quality":"OK","raw":1170.3,"sigma":1.5,"state":"IDLE","t":"2026-07-19T02:53:52.9928811Z","type":"sample"}
{"channel":"rr","display":10.356255178127588,"mu":10.386373368219003,"quality":"OK","raw":1169.3,"sigma":1.5,"state":"IDLE","t":"2026-07-19T02:53:53.0303118Z","type":"sample"}
{"channel":"rr","display":10.356255178127588,"mu":10.386373368219003,"quality":"OK","raw":1168.1,"sigma":1.5,"state":"IDLE","t":"2026-07-19T02:53:53.0729087Z","type":"sample"}
{"channel":"gsr","display":2498.5,"mu":2459.070185379261,"quality":"OK","raw":2498.5,"sigma":67.7569107811838,"state":"IDLE","t":"2026-07-19T02:53:53.0880316Z","type":"sample"}
{"channel":"rr","display":10.356255178127588,"mu":10.386373368219003,"quality":"OK","raw":1169.9,"sigma":1.5,"state":"IDLE","t":"2026-07-19T02:53:53.1127491Z","type":"sample"}
{"channel":"rr","display":10.356255178127588,"mu":10.386373368219003,"quality":"OK","raw":1168.2,"sigma":1.5,"state":"IDLE","t":"2026-07-19T02:53:53.152769Z","type":"sample"}
{"channel":"gsr","display":2498.2,"mu":2459.2658344523647,"quality":"OK","raw":2498.2,"sigma":67.64363530457035,"state":"IDLE","t":"2026-07-19T02:53:53.185665Z","type":"sample"}
{"channel":"rr","display":10.356255178127588,"mu":10.386373368219003,"quality":"OK","raw":1168.1,"sigma":1.5,"state":"IDLE","t":"2026-07-19T02:53:53.193359Z","type":"sample"}
{"channel":"rr","display":10.356255178127588,"mu":10.386373368219003,"quality":"OK","raw":1166.6,"sigma":1.5,"state":"IDLE","t":"2026-07-19T02:53:53.2320609Z","type":"sample"}
{"channel":"hr","display":73,"mu":68.49378454938194,"quality":"OK","raw":73,"sigma":3.604867914886597,"state":"IDLE","t":"2026-07-19T02:53:53.2500187Z","type":"sample"}
{"channel":"rr","display":10.356255178127588,"mu":10.386373368219003,"quality":"OK","raw":1166.4,"sigma":1.5,"state":"IDLE","t":"2026-07-19T02:53:53.273206Z","type":"sample"}
{"channel":"gsr","display":2496.8,"mu":2459.453505280103,"quality":"OK","raw":2496.8,"sigma":67.52623147939497,"state":"IDLE","t":"2026-07-19T02:53:53.2875038Z","type":"sample"}
{"channel":"rr","display":10.356255178127588,"mu":10.386373368219003,"quality":"OK","raw":1166.6,"sigma":1.5,"state":"IDLE","t":"2026-07-19T02:53:53.3117846Z","type":"sample"}
{"address":"/cue/p/start","args":null,"channel":"system","dir":"out","t":"2026-07-19T02:53:53.3381629Z","type":"osc"}
{"channel":"rr","display":10.356255178127588,"mu":10.386373368219003,"quality":"OK","raw":1168.1,"sigma":1.5,"state":"IDLE","t":"2026-07-19T02:53:53.3531113Z","type":"sample"}
{"channel":"gsr","display":2498.7,"mu":2459.6497377537025,"quality":"OK","raw":2498.7,"sigma":67.41406312984766,"state":"IDLE","t":"2026-07-19T02:53:53.3869671Z","type":"sample"}
{"channel":"rr","display":10.356255178127588,"mu":10.386373368219003,"quality":"OK","raw":1165.9,"sigma":1.5,"state":"IDLE","t":"2026-07-19T02:53:53.3929639Z","type":"sample"}
{"channel":"rr","display":10.356255178127588,"mu":10.386373368219003,"quality":"OK","raw":1162.7,"sigma":1.5,"state":"IDLE","t":"2026-07-19T02:53:53.4330583Z","type":"sample"}
{"channel":"rr","display":10.356255178127588,"mu":10.386373368219003,"quality":"OK","raw":1159,"sigma":1.5,"state":"IDLE","t":"2026-07-19T02:53:53.4722426Z","type":"sample"}
{"channel":"gsr","display":2503,"mu":2459.866489064934,"quality":"OK","raw":2503,"sigma":67.3147968368761,"state":"IDLE","t":"2026-07-19T02:53:53.487654Z","type":"sample"}
{"channel":"rr","display":10.356255178127588,"mu":10.386373368219003,"quality":"OK","raw":1157.9,"sigma":1.5,"state":"IDLE","t":"2026-07-19T02:53:53.5130594Z","type":"sample"}
{"channel":"rr","display":10.356255178127588,"mu":10.386373368219003,"quality":"OK","raw":1158.4,"sigma":1.5,"state":"IDLE","t":"2026-07-19T02:53:53.5528981Z","type":"sample"}
{"channel":"gsr","display":2499.5,"mu":2460.064656619609,"quality":"OK","raw":2499.5,"sigma":67.20446614168904,"state":"IDLE","t":"2026-07-19T02:53:53.5871981Z","type":"sample"}
{"channel":"rr","display":10.356255178127588,"mu":10.386373368219003,"quality":"OK","raw":1156.3,"sigma":1.5,"state":"IDLE","t":"2026-07-19T02:53:53.5926335Z","type":"sample"}
{"channel":"rr","display":10.356255178127588,"mu":10.386373368219003,"quality":"OK","raw":1156.1,"sigma":1.5,"state":"IDLE","t":"2026-07-19T02:53:53.6329814Z","type":"sample"}
{"channel":"rr","display":10.356255178127588,"mu":10.386373368219003,"quality":"OK","raw":1155.2,"sigma":1.5,"state":"IDLE","t":"2026-07-19T02:53:53.6730911Z","type":"sample"}
{"channel":"gsr","display":2503.6,"mu":2460.2823333365113,"quality":"OK","raw":2503.6,"sigma":67.10653705493708,"state":"IDLE","t":"2026-07-19T02:53:53.6863839Z","type":"sample"}
{"channel":"rr","display":10.356255178127588,"mu":10.386373368219003,"quality":"OK","raw":1154.2,"sigma":1.5,"state":"IDLE","t":"2026-07-19T02:53:53.7130723Z","type":"sample"}
{"channel":"rr","display":10.356255178127588,"mu":10.386373368219003,"quality":"OK","raw":1153.9,"sigma":1.5,"state":"IDLE","t":"2026-07-19T02:53:53.7531071Z","type":"sample"}
{"channel":"hr","display":73,"mu":68.51631562663503,"quality":"OK","raw":73,"sigma":3.6098642023426186,"state":"IDLE","t":"2026-07-19T02:53:53.7536103Z","type":"sample"}
{"channel":"gsr","display":2508,"mu":2460.5209216698286,"quality":"OK","raw":2508,"sigma":67.0231216304818,"state":"IDLE","t":"2026-07-19T02:53:53.7812097Z","type":"sample"}
{"channel":"rr","display":10.356255178127588,"mu":10.386373368219003,"quality":"OK","raw":1150.8,"sigma":1.5,"state":"IDLE","t":"2026-07-19T02:53:53.7928494Z","type":"sample"}
{"channel":"rr","display":10.356255178127588,"mu":10.386373368219003,"quality":"OK","raw":1152.9,"sigma":1.5,"state":"IDLE","t":"2026-07-19T02:53:53.8331937Z","type":"sample"}
{"channel":"rr","display":10.356255178127588,"mu":10.386373368219003,"quality":"OK","raw":1153.6,"sigma":1.5,"state":"IDLE","t":"2026-07-19T02:53:53.8731226Z","type":"sample"}
{"channel":"gsr","display":2512.3,"mu":2460.779817061479,"quality":"OK","raw":2512.3,"sigma":66.95503473876089,"state":"IDLE","t":"2026-07-19T02:53:53.8839661Z","type":"sample"}
{"channel":"rr","display":10.356255178127588,"mu":10.386373368219003,"quality":"OK","raw":1149.2,"sigma":1.5,"state":"IDLE","t":"2026-07-19T02:53:53.9130055Z","type":"sample"}
{"channel":"rr","display":10.356255178127588,"mu":10.386373368219003,"quality":"OK","raw":1150.8,"sigma":1.5,"state":"IDLE","t":"2026-07-19T02:53:53.9531395Z","type":"sample"}
{"address":"/cue/bpm073/start","args":null,"channel":"system","dir":"out","t":"2026-07-19T02:53:53.9840951Z","type":"osc"}
{"address":"/cue/g1/start","args":null,"channel":"system","dir":"out","t":"2026-07-19T02:53:53.9851617Z","type":"osc"}
{"address":"/cue/r1/start","args":null,"channel":"system","dir":"out","t":"2026-07-19T02:53:53.9861771Z","type":"osc"}
{"channel":"gsr","display":2511.5,"mu":2461.0334179761717,"quality":"OK","raw":2511.5,"sigma":66.88318297484793,"state":"IDLE","t":"2026-07-19T02:53:53.9882169Z","type":"sample"}
{"channel":"rr","display":10.356255178127588,"mu":10.386373368219003,"quality":"OK","raw":1153.9,"sigma":1.5,"state":"IDLE","t":"2026-07-19T02:53:53.9929969Z","type":"sample"}
{"channel":"rr","display":10.356255178127588,"mu":10.386373368219003,"quality":"OK","raw":1152.2,"sigma":1.5,"state":"IDLE","t":"2026-07-19T02:53:54.0328117Z","type":"sample"}
{"channel":"rr","display":10.356255178127588,"mu":10.386373368219003,"quality":"OK","raw":1151.6,"sigma":1.5,"state":"IDLE","t":"2026-07-19T02:53:54.0731914Z","type":"sample"}
{"channel":"gsr","display":2508.7,"mu":2461.2717508862906,"quality":"OK","raw":2508.7,"sigma":66.80042721911198,"state":"IDLE","t":"2026-07-19T02:53:54.0877567Z","type":"sample"}
{"channel":"rr","display":10.356255178127588,"mu":10.386373368219003,"quality":"OK","raw":1149.9,"sigma":1.5,"state":"IDLE","t":"2026-07-19T02:53:54.1121144Z","type":"sample"}
{"channel":"rr","display":10.356255178127588,"mu":10.386373368219003,"quality":"OK","raw":1151.2,"sigma":1.5,"state":"IDLE","t":"2026-07-19T02:53:54.1517533Z","type":"sample"}
{"address":"/cue/p/start","args":null,"channel":"system","dir":"out","t":"2026-07-19T02:53:54.1605599Z","type":"osc"}
{"channel":"gsr","display":2506,"mu":2461.4953921318593,"quality":"OK","raw":2506,"sigma":66.70786053539544,"state":"IDLE","t":"2026-07-19T02:53:54.1880316Z","type":"sample"}
{"channel":"rr","display":10.356255178127588,"mu":10.386373368219003,"quality":"OK","raw":1152.3,"sigma":1.5,"state":"IDLE","t":"2026-07-19T02:53:54.1928216Z","type":"sample"}
{"channel":"rr","display":10.356255178127588,"mu":10.386373368219003,"quality":"OK","raw":1152.2,"sigma":1.5,"state":"IDLE","t":"2026-07-19T02:53:54.2331529Z","type":"sample"}
{"channel":"hr","display":70,"mu":68.52373404850186,"quality":"OK","raw":70,"sigma":3.602348612388004,"state":"IDLE","t":"2026-07-19T02:53:54.2530163Z","type":"sample"}
{"channel":"rr","display":10.356255178127588,"mu":10.386373368219003,"quality":"OK","raw":1152.4,"sigma":1.5,"state":"IDLE","t":"2026-07-19T02:53:54.2733172Z","type":"sample"}
{"channel":"gsr","display":2509.4,"mu":2461.7349151712,"quality":"OK","raw":2509.4,"sigma":66.6266151767621,"state":"IDLE","t":"2026-07-19T02:53:54.286459Z","type":"sample"}
{"channel":"rr","display":10.356255178127588,"mu":10.386373368219003,"quality":"OK","raw":1151.7,"sigma":1.5,"state":"IDLE","t":"2026-07-19T02:53:54.3122188Z","type":"sample"}
{"channel":"rr","display":10.356255178127588,"mu":10.386373368219003,"quality":"OK","raw":1151.9,"sigma":1.5,"state":"IDLE","t":"2026-07-19T02:53:54.3502371Z","type":"sample"}
{"channel":"gsr","display":2508.8,"mu":2461.970240595344,"quality":"OK","raw":2508.8,"sigma":66.5426972225897,"state":"IDLE","t":"2026-07-19T02:53:54.388225Z","type":"sample"}
{"channel":"rr","display":10.356255178127588,"mu":10.386373368219003,"quality":"OK","raw":1150.8,"sigma":1.5,"state":"IDLE","t":"2026-07-19T02:53:54.3929908Z","type":"sample"}
{"channel":"rr","display":10.356255178127588,"mu":10.386373368219003,"quality":"OK","raw":1150.6,"sigma":1.5,"state":"IDLE","t":"2026-07-19T02:53:54.4335071Z","type":"sample"}
{"channel":"rr","display":10.356255178127588,"mu":10.386373368219003,"quality":"OK","raw":1151.4,"sigma":1.5,"state":"IDLE","t":"2026-07-19T02:53:54.4720567Z","type":"sample"}
{"channel":"gsr","display":2507.5,"mu":2462.1978893923674,"quality":"OK","raw":2507.5,"sigma":66.45377244273949,"state":"IDLE","t":"2026-07-19T02:53:54.4869802Z","type":"sample"}
{"channel":"rr","display":10.356255178127588,"mu":10.386373368219003,"quality":"OK","raw":1151.4,"sigma":1.5,"state":"IDLE","t":"2026-07-19T02:53:54.5126313Z","type":"sample"}
{"channel":"rr","display":10.356255178127588,"mu":10.386373368219003,"quality":"OK","raw":1149.1,"sigma":1.5,"state":"IDLE","t":"2026-07-19T02:53:54.5472155Z","type":"sample"}
{"channel":"gsr","display":2510.8,"mu":2462.4408999454054,"quality":"OK","raw":2510.8,"sigma":66.37601316861944,"state":"IDLE","t":"2026-07-19T02:53:54.5874702Z","type":"sample"}
{"channel":"rr","display":10.356255178127588,"mu":10.386373368219003,"quality":"OK","raw":1151.8,"sigma":1.5,"state":"IDLE","t":"2026-07-19T02:53:54.5927368Z","type":"sample"}
{"channel":"rr","display":10.356255178127588,"mu":10.386373368219003,"quality":"OK","raw":1151.6,"sigma":1.5,"state":"IDLE","t":"2026-07-19T02:53:54.6298465Z","type":"sample"}
{"channel":"rr","display":10.356255178127588,"mu":10.386373368219003,"quality":"OK","raw":1152.4,"sigma":1.5,"state":"IDLE","t":"2026-07-19T02:53:54.6719954Z","type":"sample"}
{"channel":"gsr","display":2505.7,"mu":2462.6571954456786,"quality":"OK","raw":2505.7,"sigma":66.28013438040215,"state":"IDLE","t":"2026-07-19T02:53:54.6880128Z","type":"sample"}
{"channel":"rr","display":10.356255178127588,"mu":10.386373368219003,"quality":"OK","raw":1150.9,"sigma":1.5,"state":"IDLE","t":"2026-07-19T02:53:54.7121677Z","type":"sample"}
{"channel":"rr","display":10.356255178127588,"mu":10.386373368219003,"quality":"OK","raw":1151.4,"sigma":1.5,"state":"IDLE","t":"2026-07-19T02:53:54.7531437Z","type":"sample"}
{"channel":"hr","display":70,"mu":68.53111537825936,"quality":"OK","raw":70,"sigma":3.5948398113569238,"state":"IDLE","t":"2026-07-19T02:53:54.7536477Z","type":"sample"}
{"channel":"gsr","display":2507.7,"mu":2462.88240946845,"quality":"OK","raw":2507.7,"sigma":66.19051655842615,"state":"IDLE","t":"2026-07-19T02:53:54.7883378Z","type":"sample"}
{"channel":"rr","display":10.356255178127588,"mu":10.386373368219003,"quality":"OK","raw":1152.1,"sigma":1.5,"state":"IDLE","t":"2026-07-19T02:53:54.7930842Z","type":"sample"}
{"channel":"rr","display":10.356255178127588,"mu":10.386373368219003,"quality":"OK","raw":1151.9,"sigma":1.5,"state":"IDLE","t":"2026-07-19T02:53:54.8328813Z","type":"sample"}
{"channel":"rr","display":10.356255178127588,"mu":10.386373368219003,"quality":"OK","raw":1150.7,"sigma":1.5,"state":"IDLE","t":"2026-07-19T02:53:54.8726623Z","type":"sample"}
{"channel":"gsr","display":2510.3,"mu":2463.119497421108,"quality":"OK","raw":2510.3,"sigma":66.10948864286974,"state":"IDLE","t":"2026-07-19T02:53:54.8879716Z","type":"sample"}
{"channel":"rr","display":10.356255178127588,"mu":10.386373368219003,"quality":"OK","raw":1151.8,"sigma":1.5,"state":"IDLE","t":"2026-07-19T02:53:54.9122458Z","type":"sample"}
{"channel":"rr","display":10.356255178127588,"mu":10.386373368219003,"quality":"OK","raw":1153.1,"sigma":1.5,"state":"IDLE","t":"2026-07-19T02:53:54.9530377Z","type":"sample"}
{"address":"/cue/p/start","args":null,"channel":"system","dir":"out","t":"2026-07-19T02:53:54.9821708Z","type":"osc"}
{"channel":"gsr","display":2510.8,"mu":2463.3578999340025,"quality":"OK","raw":2510.8,"sigma":66.02970908652664,"state":"IDLE","t":"2026-07-19T02:53:54.9878775Z","type":"sample"}
{"channel":"rr","display":10.356255178127588,"mu":10.386373368219003,"quality":"OK","raw":1151.4,"sigma":1.5,"state":"IDLE","t":"2026-07-19T02:53:54.9931121Z","type":"sample"}
{"address":"/cue/bpm070/start","args":null,"channel":"system","dir":"out","t":"2026-07-19T02:53:55.0045821Z","type":"osc"}
{"address":"/cue/g1/start","args":null,"channel":"system","dir":"out","t":"2026-07-19T02:53:55.0056023Z","type":"osc"}
{"address":"/cue/r1/start","args":null,"channel":"system","dir":"out","t":"2026-07-19T02:53:55.0066489Z","type":"osc"}
{"channel":"rr","display":10.356255178127588,"mu":10.386373368219003,"quality":"OK","raw":1150.8,"sigma":1.5,"state":"IDLE","t":"2026-07-19T02:53:55.0330694Z","type":"sample"}
{"channel":"rr","display":10.356255178127588,"mu":10.386373368219003,"quality":"OK","raw":1153.1,"sigma":1.5,"state":"IDLE","t":"2026-07-19T02:53:55.07315Z","type":"sample"}
{"channel":"gsr","display":2512.8,"mu":2463.6051104343323,"quality":"OK","raw":2512.8,"sigma":65.95668550574906,"state":"IDLE","t":"2026-07-19T02:53:55.0875087Z","type":"sample"}
{"channel":"rr","display":10.356255178127588,"mu":10.386373368219003,"quality":"OK","raw":1152.2,"sigma":1.5,"state":"IDLE","t":"2026-07-19T02:53:55.1128117Z","type":"sample"}
{"channel":"rr","display":10.356255178127588,"mu":10.386373368219003,"quality":"OK","raw":1152.6,"sigma":1.5,"state":"IDLE","t":"2026-07-19T02:53:55.1531Z","type":"sample"}
{"channel":"gsr","display":2511.3,"mu":2463.8435848821605,"quality":"OK","raw":2511.3,"sigma":65.87753853538327,"state":"IDLE","t":"2026-07-19T02:53:55.1868432Z","type":"sample"}
{"channel":"rr","display":10.356255178127588,"mu":10.386373368219003,"quality":"OK","raw":1154.3,"sigma":1.5,"state":"IDLE","t":"2026-07-19T02:53:55.1929377Z","type":"sample"}
{"channel":"rr","display":10.356255178127588,"mu":10.386373368219003,"quality":"OK","raw":1151.8,"sigma":1.5,"state":"IDLE","t":"2026-07-19T02:53:55.2305781Z","type":"sample"}
{"channel":"hr","display":68,"mu":68.52845980136806,"quality":"OK","raw":68,"sigma":3.586037125938128,"state":"IDLE","t":"2026-07-19T02:53:55.2528667Z","type":"sample"}
{"channel":"rr","display":10.356255178127588,"mu":10.386373368219003,"quality":"OK","raw":1152.3,"sigma":1.5,"state":"IDLE","t":"2026-07-19T02:53:55.2728726Z","type":"sample"}
{"channel":"gsr","display":2521.1,"mu":2464.1298669577495,"quality":"OK","raw":2521.1,"sigma":65.83661869353126,"state":"IDLE","t":"2026-07-19T02:53:55.2872218Z","type":"sample"}
{"channel":"rr","display":10.356255178127588,"mu":10.386373368219003,"quality":"OK","raw":1153,"sigma":1.5,"state":"IDLE","t":"2026-07-19T02:53:55.3126937Z","type":"sample"}
{"channel":"rr","display":10.356255178127588,"mu":10.386373368219003,"quality":"OK","raw":1153.2,"sigma":1.5,"state":"IDLE","t":"2026-07-19T02:53:55.3495036Z","type":"sample"}
{"channel":"gsr","display":2527.9,"mu":2464.448717622961,"quality":"OK","raw":2527.9,"sigma":65.8256754069935,"state":"IDLE","t":"2026-07-19T02:53:55.3856564Z","type":"sample"}
{"channel":"rr","display":10.356255178127588,"mu":10.386373368219003,"quality":"OK","raw":1153.3,"sigma":1.5,"state":"IDLE","t":"2026-07-19T02:53:55.3926572Z","type":"sample"}
{"channel":"rr","display":10.356255178127588,"mu":10.386373368219003,"quality":"OK","raw":1153.4,"sigma":1.5,"state":"IDLE","t":"2026-07-19T02:53:55.4329943Z","type":"sample"}
{"channel":"rr","display":10.356255178127588,"mu":10.386373368219003,"quality":"OK","raw":1153.1,"sigma":1.5,"state":"IDLE","t":"2026-07-19T02:53:55.472344Z","type":"sample"}
{"channel":"gsr","display":2538.3,"mu":2464.817974034846,"quality":"OK","raw":2538.3,"sigma":65.86720089937694,"state":"IDLE","t":"2026-07-19T02:53:55.4879954Z","type":"sample"}
{"channel":"rr","display":10.356255178127588,"mu":10.386373368219003,"quality":"OK","raw":1153.5,"sigma":1.5,"state":"IDLE","t":"2026-07-19T02:53:55.5120249Z","type":"sample"}
{"channel":"rr","display":10.356255178127588,"mu":10.386373368219003,"quality":"OK","raw":1155.1,"sigma":1.5,"state":"IDLE","t":"2026-07-19T02:53:55.5485878Z","type":"sample"}
{"channel":"gsr","display":2543.8,"mu":2465.212884164672,"quality":"OK","raw":2543.8,"sigma":65.93808127072285,"state":"IDLE","t":"2026-07-19T02:53:55.5880273Z","type":"sample"}
{"channel":"rr","display":10.356255178127588,"mu":10.386373368219003,"quality":"OK","raw":1155.8,"sigma":1.5,"state":"IDLE","t":"2026-07-19T02:53:55.5929244Z","type":"sample"}
{"channel":"rr","display":10.356255178127588,"mu":10.386373368219003,"quality":"OK","raw":1156.6,"sigma":1.5,"state":"IDLE","t":"2026-07-19T02:53:55.6329961Z","type":"sample"}
{"channel":"rr","display":10.356255178127588,"mu":10.386373368219003,"quality":"OK","raw":1156.6,"sigma":1.5,"state":"IDLE","t":"2026-07-19T02:53:55.6730943Z","type":"sample"}
{"channel":"gsr","display":2547.3,"mu":2465.6233197438482,"quality":"OK","raw":2547.3,"sigma":66.02737632544766,"state":"IDLE","t":"2026-07-19T02:53:55.6867948Z","type":"sample"}
{"channel":"rr","display":10.356255178127588,"mu":10.386373368219003,"quality":"OK","raw":1159.8,"sigma":1.5,"state":"IDLE","t":"2026-07-19T02:53:55.7120151Z","type":"sample"}
{"channel":"rr","display":10.356255178127588,"mu":10.386373368219003,"quality":"OK","raw":1157.9,"sigma":1.5,"state":"IDLE","t":"2026-07-19T02:53:55.7490426Z","type":"sample"}
{"channel":"hr","display":68,"mu":68.52581750236122,"quality":"OK","raw":68,"sigma":3.577254998504835,"state":"IDLE","t":"2026-07-19T02:53:55.7535754Z","type":"sample"}
{"channel":"gsr","display":2544.3,"mu":2466.016703145129,"quality":"OK","raw":2544.3,"sigma":66.09547414067332,"state":"IDLE","t":"2026-07-19T02:53:55.7867111Z","type":"sample"}
{"channel":"rr","display":10.356255178127588,"mu":10.386373368219003,"quality":"OK","raw":1159.3,"sigma":1.5,"state":"IDLE","t":"2026-07-19T02:53:55.7929206Z","type":"sample"}
{"channel":"rr","display":10.356255178127588,"mu":10.386373368219003,"quality":"OK","raw":1159,"sigma":1.5,"state":"IDLE","t":"2026-07-19T02:53:55.8330767Z","type":"sample"}
{"address":"/cue/p/start","args":null,"channel":"system","dir":"out","t":"2026-07-19T02:53:55.8404964Z","type":"osc"}
{"channel":"rr","display":10.356255178127588,"mu":10.386373368219003,"quality":"OK","raw":1156.3,"sigma":1.5,"state":"IDLE","t":"2026-07-19T02:53:55.8724663Z","type":"sample"}
{"channel":"gsr","display":2550.7,"mu":2466.4401196294034,"quality":"OK","raw":2550.7,"sigma":66.20004279215316,"state":"IDLE","t":"2026-07-19T02:53:55.8871195Z","type":"sample"}
{"channel":"rr","display":10.356255178127588,"mu":10.386373368219003,"quality":"OK","raw":1158.2,"sigma":1.5,"state":"IDLE","t":"2026-07-19T02:53:55.9122685Z","type":"sample"}
{"channel":"rr","display":10.356255178127588,"mu":10.386373368219003,"quality":"OK","raw":1160.9,"sigma":1.5,"state":"IDLE","t":"2026-07-19T02:53:55.9531431Z","type":"sample"}
{"channel":"gsr","display":2546.1,"mu":2466.8384190312563,"quality":"OK","raw":2546.1,"sigma":66.27294529175738,"state":"IDLE","t":"2026-07-19T02:53:55.987963Z","type":"sample"}
{"channel":"rr","display":10.356255178127588,"mu":10.386373368219003,"quality":"OK","raw":1158.4,"sigma":1.5,"state":"IDLE","t":"2026-07-19T02:53:55.9928389Z","type":"sample"}
{"address":"/cue/bpm068/start","args":null,"channel":"system","dir":"out","t":"2026-07-19T02:53:56.0106169Z","type":"osc"}
{"address":"/cue/g1/start","args":null,"channel":"system","dir":"out","t":"2026-07-19T02:53:56.011739Z","type":"osc"}
{"address":"/cue/r1/start","args":null,"channel":"system","dir":"out","t":"2026-07-19T02:53:56.01226Z","type":"osc"}
{"channel":"rr","display":10.356255178127588,"mu":10.386373368219003,"quality":"OK","raw":1158.4,"sigma":1.5,"state":"IDLE","t":"2026-07-19T02:53:56.0328051Z","type":"sample"}
{"channel":"rr","display":10.356255178127588,"mu":10.386373368219003,"quality":"OK","raw":1155.8,"sigma":1.5,"state":"IDLE","t":"2026-07-19T02:53:56.0723805Z","type":"sample"}
{"channel":"gsr","display":2542.1,"mu":2467.2147269361,"quality":"OK","raw":2542.1,"sigma":66.31985133778853,"state":"IDLE","t":"2026-07-19T02:53:56.0881653Z","type":"sample"}
{"channel":"rr","display":10.356255178127588,"mu":10.386373368219003,"quality":"OK","raw":1159.2,"sigma":1.5,"state":"IDLE","t":"2026-07-19T02:53:56.1128891Z","type":"sample"}
{"channel":"rr","display":10.356255178127588,"mu":10.386373368219003,"quality":"OK","raw":1156.8,"sigma":1.5,"state":"IDLE","t":"2026-07-19T02:53:56.1530776Z","type":"sample"}
{"channel":"gsr","display":2534.6,"mu":2467.5516533014193,"quality":"OK","raw":2534.6,"sigma":66.32436523490348,"state":"IDLE","t":"2026-07-19T02:53:56.182365Z","type":"sample"}
{"channel":"rr","display":10.356255178127588,"mu":10.386373368219003,"quality":"OK","raw":1157,"sigma":1.5,"state":"IDLE","t":"2026-07-19T02:53:56.1932172Z","type":"sample"}
{"channel":"rr","display":10.356255178127588,"mu":10.386373368219003,"quality":"OK","raw":1157.9,"sigma":1.5,"state":"IDLE","t":"2026-07-19T02:53:56.2330959Z","type":"sample"}
{"channel":"hr","display":66,"mu":68.51318841484941,"quality":"OK","raw":66,"sigma":3.572745279771702,"state":"IDLE","t":"2026-07-19T02:53:56.2523472Z","type":"sample"}
{"channel":"rr","display":10.356255178127588,"mu":10.386373368219003,"quality":"OK","raw":1160,"sigma":1.5,"state":"IDLE","t":"2026-07-19T02:53:56.2728605Z","type":"sample"}
{"channel":"gsr","display":2530.9,"mu":2467.8683950349123,"quality":"OK","raw":2530.9,"sigma":66.30906089302798,"state":"IDLE","t":"2026-07-19T02:53:56.2864769Z","type":"sample"}
{"channel":"rr","display":10.356255178127588,"mu":10.386373368219003,"quality":"OK","raw":1158.4,"sigma":1.5,"state":"IDLE","t":"2026-07-19T02:53:56.3123491Z","type":"sample"}
{"channel":"rr","display":10.356255178127588,"mu":10.386373368219003,"quality":"OK","raw":1158.2,"sigma":1.5,"state":"IDLE","t":"2026-07-19T02:53:56.3524685Z","type":"sample"}
{"channel":"gsr","display":2530.4,"mu":2468.1810530597377,"quality":"OK","raw":2530.4,"sigma":66.2899717286844,"state":"IDLE","t":"2026-07-19T02:53:56.3872504Z","type":"sample"}
{"channel":"rr","display":10.356255178127588,"mu":10.386373368219003,"quality":"OK","raw":1159.4,"sigma":1.5,"state":"IDLE","t":"2026-07-19T02:53:56.3925593Z","type":"sample"}
{"channel":"rr","display":10.356255178127588,"mu":10.386373368219003,"quality":"OK","raw":1157.5,"sigma":1.5,"state":"IDLE","t":"2026-07-19T02:53:56.4330046Z","type":"sample"}
{"channel":"rr","display":10.356255178127588,"mu":10.386373368219003,"quality":"OK","raw":1157.5,"sigma":1.5,"state":"IDLE","t":"2026-07-19T02:53:56.4730185Z","type":"sample"}
{"channel":"gsr","display":2529.4,"mu":2468.487147794439,"quality":"OK","raw":2529.4,"sigma":66.2648749592617,"state":"IDLE","t":"2026-07-19T02:53:56.486385Z","type":"sample"}
{"channel":"rr","display":10.356255178127588,"mu":10.386373368219003,"quality":"OK","raw":1157.1,"sigma":1.5,"state":"IDLE","t":"2026-07-19T02:53:56.5129616Z","type":"sample"}
{"channel":"rr","display":10.356255178127588,"mu":10.386373368219003,"quality":"OK","raw":1157.7,"sigma":1.5,"state":"IDLE","t":"2026-07-19T02:53:56.5531088Z","type":"sample"}
{"channel":"gsr","display":2530,"mu":2468.794712055467,"quality":"OK","raw":2530,"sigma":66.24124881263495,"state":"IDLE","t":"2026-07-19T02:53:56.5880971Z","type":"sample"}
{"channel":"rr","event":"quality_change","quality":"OUT_OF_RANGE","t":"2026-07-19T02:53:56.5928467Z","type":"event"}
{"channel":"rr","display":10.356255178127588,"mu":10.386373368219003,"quality":"OUT_OF_RANGE","raw":1157.9,"sigma":1.5,"state":"IDLE","t":"2026-07-19T02:53:56.5928467Z","type":"sample"}
{"channel":"rr","display":10.356255178127588,"mu":10.386373368219003,"quality":"OUT_OF_RANGE","raw":1158.2,"sigma":1.5,"state":"IDLE","t":"2026-07-19T02:53:56.630253Z","type":"sample"}
{"channel":"rr","display":10.356255178127588,"mu":10.386373368219003,"quality":"OUT_OF_RANGE","raw":1157.6,"sigma":1.5,"state":"IDLE","t":"2026-07-19T02:53:56.6731407Z","type":"sample"}
{"channel":"gsr","display":2532.9,"mu":2469.1152384951893,"quality":"OK","raw":2532.9,"sigma":66.2299647557646,"state":"IDLE","t":"2026-07-19T02:53:56.6874705Z","type":"sample"}
{"channel":"rr","display":10.356255178127588,"mu":10.386373368219003,"quality":"OUT_OF_RANGE","raw":1156.9,"sigma":1.5,"state":"IDLE","t":"2026-07-19T02:53:56.7124209Z","type":"sample"}
{"address":"/cue/p/start","args":null,"channel":"system","dir":"out","t":"2026-07-19T02:53:56.7240453Z","type":"osc"}
{"channel":"rr","display":10.356255178127588,"mu":10.386373368219003,"quality":"OUT_OF_RANGE","raw":1155.9,"sigma":1.5,"state":"IDLE","t":"2026-07-19T02:53:56.7514369Z","type":"sample"}
{"channel":"hr","display":66,"mu":68.50062247277516,"quality":"OK","raw":66,"sigma":3.5682080890977725,"state":"IDLE","t":"2026-07-19T02:53:56.7535563Z","type":"sample"}
{"channel":"gsr","display":2535.6,"mu":2469.4476623027135,"quality":"OK","raw":2535.6,"sigma":66.2304069319072,"state":"IDLE","t":"2026-07-19T02:53:56.7841365Z","type":"sample"}
{"channel":"rr","display":10.356255178127588,"mu":10.386373368219003,"quality":"OUT_OF_RANGE","raw":1158.7,"sigma":1.5,"state":"IDLE","t":"2026-07-19T02:53:56.7930473Z","type":"sample"}
{"channel":"rr","display":10.356255178127588,"mu":10.386373368219003,"quality":"OUT_OF_RANGE","raw":1158.2,"sigma":1.5,"state":"IDLE","t":"2026-07-19T02:53:56.8326402Z","type":"sample"}
{"channel":"rr","display":10.356255178127588,"mu":10.386373368219003,"quality":"OUT_OF_RANGE","raw":1157.6,"sigma":1.5,"state":"IDLE","t":"2026-07-19T02:53:56.872573Z","type":"sample"}
{"channel":"gsr","display":2533.3,"mu":2469.7669239911997,"quality":"OK","raw":2533.3,"sigma":66.2179593877333,"state":"IDLE","t":"2026-07-19T02:53:56.8861683Z","type":"sample"}
{"channel":"rr","display":10.356255178127588,"mu":10.386373368219003,"quality":"OUT_OF_RANGE","raw":1156.8,"sigma":1.5,"state":"IDLE","t":"2026-07-19T02:53:56.9131459Z","type":"sample"}
{"channel":"rr","display":10.356255178127588,"mu":10.386373368219003,"quality":"OUT_OF_RANGE","raw":1158.8,"sigma":1.5,"state":"IDLE","t":"2026-07-19T02:53:56.9480887Z","type":"sample"}
{"channel":"gsr","display":2534.2,"mu":2470.089089371244,"quality":"OK","raw":2534.2,"sigma":66.20837085018631,"state":"IDLE","t":"2026-07-19T02:53:56.9814918Z","type":"sample"}
{"channel":"rr","display":10.356255178127588,"mu":10.386373368219003,"quality":"OUT_OF_RANGE","raw":1158.1,"sigma":1.5,"state":"IDLE","t":"2026-07-19T02:53:56.9930172Z","type":"sample"}
{"address":"/cue/bpm066/start","args":null,"channel":"system","dir":"out","t":"2026-07-19T02:53:57.0266293Z","type":"osc"}
{"address":"/cue/g1/start","args":null,"channel":"system","dir":"out","t":"2026-07-19T02:53:57.0276979Z","type":"osc"}
{"channel":"rr","display":10.356255178127588,"mu":10.386373368219003,"quality":"OUT_OF_RANGE","raw":1155.3,"sigma":1.5,"state":"IDLE","t":"2026-07-19T02:53:57.032715Z","type":"sample"}
{"channel":"rr","display":10.356255178127588,"mu":10.386373368219003,"quality":"OUT_OF_RANGE","raw":1158.6,"sigma":1.5,"state":"IDLE","t":"2026-07-19T02:53:57.0720797Z","type":"sample"}
{"channel":"gsr","display":2537.4,"mu":2470.4256439243877,"quality":"OK","raw":2537.4,"sigma":66.21307388472266,"state":"IDLE","t":"2026-07-19T02:53:57.0881173Z","type":"sample"}
{"channel":"rr","display":10.356255178127588,"mu":10.386373368219003,"quality":"OUT_OF_RANGE","raw":1157.3,"sigma":1.5,"state":"IDLE","t":"2026-07-19T02:53:57.1131343Z","type":"sample"}
{"channel":"rr","display":10.356255178127588,"mu":10.386373368219003,"quality":"OUT_OF_RANGE","raw":1155.8,"sigma":1.5,"state":"IDLE","t":"2026-07-19T02:53:57.1479748Z","type":"sample"}
{"channel":"gsr","display":2531.6,"mu":2470.7315157047656,"quality":"OK","raw":2531.6,"sigma":66.18812770548597,"state":"IDLE","t":"2026-07-19T02:53:57.1802137Z","type":"sample"}
{"channel":"rr","display":10.356255178127588,"mu":10.386373368219003,"quality":"OUT_OF_RANGE","raw":1158.2,"sigma":1.5,"state":"IDLE","t":"2026-07-19T02:53:57.1932805Z","type":"sample"}
{"channel":"rr","display":10.356255178127588,"mu":10.386373368219003,"quality":"OUT_OF_RANGE","raw":1156.2,"sigma":1.5,"state":"IDLE","t":"2026-07-19T02:53:57.2311379Z","type":"sample"}
{"channel":"hr","display":65,"mu":68.4831193604113,"quality":"OK","raw":65,"sigma":3.56783041242284,"state":"IDLE","t":"2026-07-19T02:53:57.2522539Z","type":"sample"}
{"channel":"rr","display":10.356255178127588,"mu":10.386373368219003,"quality":"OUT_OF_RANGE","raw":1156.2,"sigma":1.5,"state":"IDLE","t":"2026-07-19T02:53:57.2727886Z","type":"sample"}
{"channel":"gsr","display":2530.4,"mu":2471.029858126242,"quality":"OK","raw":2530.4,"sigma":66.15645501235637,"state":"IDLE","t":"2026-07-19T02:53:57.2882443Z","type":"sample"}
{"channel":"rr","display":10.356255178127588,"mu":10.386373368219003,"quality":"OUT_OF_RANGE","raw":1157.1,"sigma":1.5,"state":"IDLE","t":"2026-07-19T02:53:57.3130598Z","type":"sample"}
{"channel":"rr","display":10.356255178127588,"mu":10.386373368219003,"quality":"OUT_OF_RANGE","raw":1155.8,"sigma":1.5,"state":"IDLE","t":"2026-07-19T02:53:57.3485788Z","type":"sample"}
{"channel":"gsr","display":2534.1,"mu":2471.3452088356107,"quality":"OK","raw":2534.1,"sigma":66.14062991091711,"state":"IDLE","t":"2026-07-19T02:53:57.3864447Z","type":"sample"}
{"channel":"rr","display":7.470491558344539,"mu":10.357214550120258,"quality":"OUT_OF_RANGE","raw":1155.8,"sigma":1.5,"state":"IDLE","t":"2026-07-19T02:53:57.3930677Z","type":"sample"}
{"channel":"rr","display":7.470491558344539,"mu":10.357214550120258,"quality":"OUT_OF_RANGE","raw":1155.5,"sigma":1.5,"state":"IDLE","t":"2026-07-19T02:53:57.4321822Z","type":"sample"}
{"channel":"rr","display":7.470491558344539,"mu":10.357214550120258,"quality":"OUT_OF_RANGE","raw":1155.8,"sigma":1.5,"state":"IDLE","t":"2026-07-19T02:53:57.4731417Z","type":"sample"}
{"channel":"gsr","display":2533.7,"mu":2471.6569827914327,"quality":"OK","raw":2533.7,"sigma":66.12150487771798,"state":"IDLE","t":"2026-07-19T02:53:57.488129Z","type":"sample"}
{"channel":"rr","display":7.470491558344539,"mu":10.357214550120258,"quality":"OUT_OF_RANGE","raw":1155.1,"sigma":1.5,"state":"IDLE","t":"2026-07-19T02:53:57.5124813Z","type":"sample"}
{"channel":"rr","display":7.470491558344539,"mu":10.357214550120258,"quality":"OUT_OF_RANGE","raw":1156.2,"sigma":1.5,"state":"IDLE","t":"2026-07-19T02:53:57.5531161Z","type":"sample"}
{"channel":"gsr","display":2531.4,"mu":2471.9556978774754,"quality":"OK","raw":2531.4,"sigma":66.09046867802421,"state":"IDLE","t":"2026-07-19T02:53:57.5831373Z","type":"sample"}
{"channel":"rr","display":7.470491558344539,"mu":10.357214550120258,"quality":"OUT_OF_RANGE","raw":1154,"sigma":1.5,"state":"IDLE","t":"2026-07-19T02:53:57.5929196Z","type":"sample"}
{"channel":"rr","display":7.470491558344539,"mu":10.357214550120258,"quality":"OUT_OF_RANGE","raw":1155.6,"sigma":1.5,"state":"IDLE","t":"2026-07-19T02:53:57.6319439Z","type":"sample"}
{"address":"/cue/p/start","args":null,"channel":"system","dir":"out","t":"2026-07-19T02:53:57.6355507Z","type":"osc"}
{"channel":"rr","display":7.470491558344539,"mu":10.357214550120258,"quality":"OUT_OF_RANGE","raw":1153.2,"sigma":1.5,"state":"IDLE","t":"2026-07-19T02:53:57.6718934Z","type":"sample"}
{"channel":"gsr","display":2537.9,"mu":2472.285419388088,"quality":"OK","raw":2537.9,"sigma":66.08891615443596,"state":"IDLE","t":"2026-07-19T02:53:57.6877081Z","type":"sample"}
{"channel":"rr","display":7.470491558344539,"mu":10.357214550120258,"quality":"OUT_OF_RANGE","raw":1153.4,"sigma":1.5,"state":"IDLE","t":"2026-07-19T02:53:57.7130172Z","type":"sample"}
{"channel":"rr","display":7.470491558344539,"mu":10.357214550120258,"quality":"OUT_OF_RANGE","raw":1152,"sigma":1.5,"state":"IDLE","t":"2026-07-19T02:53:57.7530703Z","type":"sample"}
{"channel":"hr","display":65,"mu":68.46570376360924,"quality":"OK","raw":65,"sigma":3.567369350366272,"state":"IDLE","t":"2026-07-19T02:53:57.7535745Z","type":"sample"}
{"channel":"gsr","display":2535.8,"mu":2472.6029922911475,"quality":"OK","raw":2535.8,"sigma":66.0755308073912,"state":"IDLE","t":"2026-07-19T02:53:57.7877937Z","type":"sample"}
{"channel":"rr","display":7.470491558344539,"mu":10.357214550120258,"quality":"OUT_OF_RANGE","raw":1153.6,"sigma":1.5,"state":"IDLE","t":"2026-07-19T02:53:57.7930159Z","type":"sample"}
{"channel":"rr","display":7.470491558344539,"mu":10.357214550120258,"quality":"OUT_OF_RANGE","raw":1155,"sigma":1.5,"state":"IDLE","t":"2026-07-19T02:53:57.8328534Z","type":"sample"}
{"channel":"rr","display":7.470491558344539,"mu":10.357214550120258,"quality":"OUT_OF_RANGE","raw":1155.6,"sigma":1.5,"state":"IDLE","t":"2026-07-19T02:53:57.8728855Z","type":"sample"}
{"channel":"gsr","display":2537.3,"mu":2472.926477329692,"quality":"OK","raw":2537.3,"sigma":66.06791781253096,"state":"IDLE","t":"2026-07-19T02:53:57.8881116Z","type":"sample"}
{"channel":"rr","display":7.470491558344539,"mu":10.357214550120258,"quality":"OUT_OF_RANGE","raw":1153.9,"sigma":1.5,"state":"IDLE","t":"2026-07-19T02:53:57.9124956Z","type":"sample"}
{"channel":"rr","display":7.470491558344539,"mu":10.357214550120258,"quality":"OUT_OF_RANGE","raw":1153,"sigma":1.5,"state":"IDLE","t":"2026-07-19T02:53:57.9482542Z","type":"sample"}
{"channel":"gsr","display":2540.5,"mu":2473.2643449430434,"quality":"OK","raw":2540.5,"sigma":66.07466735118045,"state":"IDLE","t":"2026-07-19T02:53:57.9818623Z","type":"sample"}
{"channel":"rr","display":7.470491558344539,"mu":10.357214550120258,"quality":"OUT_OF_RANGE","raw":1152.2,"sigma":1.5,"state":"IDLE","t":"2026-07-19T02:53:57.9818623Z","type":"sample"}
{"channel":"rr","display":7.470491558344539,"mu":10.357214550120258,"quality":"OUT_OF_RANGE","raw":1153.6,"sigma":1.5,"state":"IDLE","t":"2026-07-19T02:53:58.0324926Z","type":"sample"}
{"address":"/cue/bpm065/start","args":null,"channel":"system","dir":"out","t":"2026-07-19T02:53:58.0330235Z","type":"osc"}
{"address":"/cue/g1/start","args":null,"channel":"system","dir":"out","t":"2026-07-19T02:53:58.0341027Z","type":"osc"}
{"channel":"rr","display":7.470491558344539,"mu":10.357214550120258,"quality":"OUT_OF_RANGE","raw":1153,"sigma":1.5,"state":"IDLE","t":"2026-07-19T02:53:58.0724221Z","type":"sample"}
{"channel":"gsr","display":2541.6,"mu":2473.606023218328,"quality":"OK","raw":2541.6,"sigma":66.08528143208456,"state":"IDLE","t":"2026-07-19T02:53:58.0860076Z","type":"sample"}
{"channel":"rr","display":7.470491558344539,"mu":10.357214550120258,"quality":"OUT_OF_RANGE","raw":1153.8,"sigma":1.5,"state":"IDLE","t":"2026-07-19T02:53:58.1129912Z","type":"sample"}
{"channel":"rr","display":7.470491558344539,"mu":10.357214550120258,"quality":"OUT_OF_RANGE","raw":1152.7,"sigma":1.5,"state":"IDLE","t":"2026-07-19T02:53:58.1531296Z","type":"sample"}
{"channel":"gsr","display":2540.4,"mu":2473.9399931022363,"quality":"OK","raw":2540.4,"sigma":66.0879999745508,"state":"IDLE","t":"2026-07-19T02:53:58.1803354Z","type":"sample"}
{"channel":"rr","display":7.470491558344539,"mu":10.357214550120258,"quality":"OUT_OF_RANGE","raw":1153.7,"sigma":1.5,"state":"IDLE","t":"2026-07-19T02:53:58.1929627Z","type":"sample"}
{"channel":"rr","display":7.470491558344539,"mu":10.357214550120258,"quality":"OUT_OF_RANGE","raw":1154.9,"sigma":1.5,"state":"IDLE","t":"2026-07-19T02:53:58.2327989Z","type":"sample"}
{"channel":"hr","display":65,"mu":68.4483752447912,"quality":"OK","raw":65,"sigma":3.5668261377370305,"state":"IDLE","t":"2026-07-19T02:53:58.2527902Z","type":"sample"}
{"channel":"rr","display":7.470491558344539,"mu":10.357214550120258,"quality":"OUT_OF_RANGE","raw":1154.1,"sigma":1.5,"state":"IDLE","t":"2026-07-19T02:53:58.2728331Z","type":"sample"}
{"channel":"gsr","display":2544.3,"mu":2474.291793136725,"quality":"OK","raw":2544.3,"sigma":66.10911065444797,"state":"IDLE","t":"2026-07-19T02:53:58.286959Z","type":"sample"}
{"channel":"rr","display":7.470491558344539,"mu":10.357214550120258,"quality":"OUT_OF_RANGE","raw":1154.2,"sigma":1.5,"state":"IDLE","t":"2026-07-19T02:53:58.3131474Z","type":"sample"}
