{"addr":":5000","channel":"system","event":"listener_start","t":"2026-07-16T11:26:57.6180181Z","type":"event"}
{"addr":":8765","channel":"system","event":"osc_listening","t":"2026-07-16T11:26:57.6790143Z","type":"event"}
{"channel":"system","event":"connected","remote":"192.168.50.139:54474","t":"2026-07-16T11:26:57.9573353Z","type":"event"}
{"channel":"gsr","event":"quality_change","quality":"OK","t":"2026-07-16T11:26:57.9676196Z","type":"event"}
{"channel":"gsr","display":2371.9,"mu":0,"quality":"OK","raw":2371.9,"sigma":10,"state":"IDLE","t":"2026-07-16T11:26:57.9676196Z","type":"sample"}
{"channel":"hr","event":"quality_change","quality":"OUT_OF_RANGE","t":"2026-07-16T11:26:57.9676196Z","type":"event"}
{"channel":"hr","display":0,"mu":0,"quality":"OUT_OF_RANGE","raw":0,"sigma":3,"state":"IDLE","t":"2026-07-16T11:26:57.9773823Z","type":"sample"}
{"channel":"rr","event":"quality_change","quality":"STUCK","t":"2026-07-16T11:26:57.9773823Z","type":"event"}
{"channel":"rr","display":0,"mu":0,"quality":"STUCK","raw":279.3,"sigma":1.5,"state":"IDLE","t":"2026-07-16T11:26:57.9773823Z","type":"sample"}
{"address":"/cue/g1/start","args":null,"channel":"system","dir":"out","t":"2026-07-16T11:26:57.9949698Z","type":"osc"}
{"channel":"rr","display":0,"mu":0,"quality":"STUCK","raw":278.9,"sigma":1.5,"state":"IDLE","t":"2026-07-16T11:26:58.0111493Z","type":"sample"}
{"channel":"rr","display":0,"mu":0,"quality":"STUCK","raw":280,"sigma":1.5,"state":"IDLE","t":"2026-07-16T11:26:58.0515731Z","type":"sample"}
{"channel":"gsr","display":2384.3,"mu":0,"quality":"OK","raw":2384.3,"sigma":10,"state":"IDLE","t":"2026-07-16T11:26:58.0652749Z","type":"sample"}
{"channel":"rr","display":0,"mu":0,"quality":"STUCK","raw":279.1,"sigma":1.5,"state":"IDLE","t":"2026-07-16T11:26:58.0898895Z","type":"sample"}
{"channel":"rr","display":0,"mu":0,"quality":"STUCK","raw":279.4,"sigma":1.5,"state":"IDLE","t":"2026-07-16T11:26:58.130664Z","type":"sample"}
{"channel":"gsr","display":2389.2,"mu":0,"quality":"OK","raw":2389.2,"sigma":10,"state":"IDLE","t":"2026-07-16T11:26:58.1654213Z","type":"sample"}
{"channel":"rr","display":0,"mu":0,"quality":"STUCK","raw":279.5,"sigma":1.5,"state":"IDLE","t":"2026-07-16T11:26:58.1717115Z","type":"sample"}
{"channel":"rr","display":0,"mu":0,"quality":"STUCK","raw":279.2,"sigma":1.5,"state":"IDLE","t":"2026-07-16T11:26:58.2113712Z","type":"sample"}
{"channel":"rr","display":0,"mu":0,"quality":"STUCK","raw":279,"sigma":1.5,"state":"IDLE","t":"2026-07-16T11:26:58.2512963Z","type":"sample"}
{"channel":"gsr","display":2393.5,"mu":0,"quality":"OK","raw":2393.5,"sigma":10,"state":"IDLE","t":"2026-07-16T11:26:58.265291Z","type":"sample"}
{"channel":"rr","display":0,"mu":0,"quality":"STUCK","raw":279.4,"sigma":1.5,"state":"IDLE","t":"2026-07-16T11:26:58.29139Z","type":"sample"}
{"channel":"rr","display":0,"mu":0,"quality":"STUCK","raw":279.4,"sigma":1.5,"state":"IDLE","t":"2026-07-16T11:26:58.3307695Z","type":"sample"}
{"channel":"gsr","display":2401.3,"mu":0,"quality":"OK","raw":2401.3,"sigma":10,"state":"IDLE","t":"2026-07-16T11:26:58.3657454Z","type":"sample"}
{"channel":"rr","display":0,"mu":0,"quality":"STUCK","raw":279.3,"sigma":1.5,"state":"IDLE","t":"2026-07-16T11:26:58.3703005Z","type":"sample"}
{"channel":"rr","display":0,"mu":0,"quality":"STUCK","raw":279.1,"sigma":1.5,"state":"IDLE","t":"2026-07-16T11:26:58.4112575Z","type":"sample"}
{"channel":"rr","display":0,"mu":0,"quality":"STUCK","raw":279.9,"sigma":1.5,"state":"IDLE","t":"2026-07-16T11:26:58.4505529Z","type":"sample"}
{"channel":"gsr","display":2404.2,"mu":0,"quality":"OK","raw":2404.2,"sigma":10,"state":"IDLE","t":"2026-07-16T11:26:58.4653955Z","type":"sample"}
{"channel":"hr","display":0,"mu":0,"quality":"OUT_OF_RANGE","raw":0,"sigma":3,"state":"IDLE","t":"2026-07-16T11:26:58.4666169Z","type":"sample"}
{"channel":"rr","display":0,"mu":0,"quality":"STUCK","raw":279.5,"sigma":1.5,"state":"IDLE","t":"2026-07-16T11:26:58.4908025Z","type":"sample"}
{"channel":"rr","display":0,"mu":0,"quality":"STUCK","raw":279.4,"sigma":1.5,"state":"IDLE","t":"2026-07-16T11:26:58.5306824Z","type":"sample"}
{"channel":"gsr","display":2407.2,"mu":0,"quality":"OK","raw":2407.2,"sigma":10,"state":"IDLE","t":"2026-07-16T11:26:58.5645419Z","type":"sample"}
{"channel":"rr","display":0,"mu":0,"quality":"STUCK","raw":279.8,"sigma":1.5,"state":"IDLE","t":"2026-07-16T11:26:58.5705709Z","type":"sample"}
{"channel":"rr","display":0,"mu":0,"quality":"STUCK","raw":280.1,"sigma":1.5,"state":"IDLE","t":"2026-07-16T11:26:58.6107916Z","type":"sample"}
{"channel":"rr","display":0,"mu":0,"quality":"STUCK","raw":280.4,"sigma":1.5,"state":"IDLE","t":"2026-07-16T11:26:58.6513727Z","type":"sample"}
{"channel":"gsr","display":2408,"mu":0,"quality":"OK","raw":2408,"sigma":10,"state":"IDLE","t":"2026-07-16T11:26:58.6653909Z","type":"sample"}
{"address":"/cue/p/start","args":null,"channel":"system","dir":"out","t":"2026-07-16T11:26:58.6813648Z","type":"osc"}
{"channel":"rr","display":0,"mu":0,"quality":"STUCK","raw":279.7,"sigma":1.5,"state":"IDLE","t":"2026-07-16T11:26:58.6907878Z","type":"sample"}
{"channel":"rr","display":0,"mu":0,"quality":"STUCK","raw":279.9,"sigma":1.5,"state":"IDLE","t":"2026-07-16T11:26:58.7302603Z","type":"sample"}
{"channel":"gsr","display":2411.8,"mu":0,"quality":"OK","raw":2411.8,"sigma":10,"state":"IDLE","t":"2026-07-16T11:26:58.7657339Z","type":"sample"}
{"channel":"rr","display":0,"mu":0,"quality":"STUCK","raw":278.8,"sigma":1.5,"state":"IDLE","t":"2026-07-16T11:26:58.7707788Z","type":"sample"}
{"channel":"rr","display":0,"mu":0,"quality":"STUCK","raw":279.2,"sigma":1.5,"state":"IDLE","t":"2026-07-16T11:26:58.8106209Z","type":"sample"}
{"channel":"rr","display":0,"mu":0,"quality":"STUCK","raw":280,"sigma":1.5,"state":"IDLE","t":"2026-07-16T11:26:58.8511383Z","type":"sample"}
{"channel":"gsr","display":2414.4,"mu":0,"quality":"OK","raw":2414.4,"sigma":10,"state":"IDLE","t":"2026-07-16T11:26:58.8646109Z","type":"sample"}
{"channel":"rr","display":0,"mu":0,"quality":"STUCK","raw":279.1,"sigma":1.5,"state":"IDLE","t":"2026-07-16T11:26:58.8902018Z","type":"sample"}
{"channel":"rr","display":0,"mu":0,"quality":"STUCK","raw":279,"sigma":1.5,"state":"IDLE","t":"2026-07-16T11:26:58.9302051Z","type":"sample"}
{"channel":"gsr","display":2416.9,"mu":0,"quality":"OK","raw":2416.9,"sigma":10,"state":"IDLE","t":"2026-07-16T11:26:58.9645706Z","type":"sample"}
{"channel":"hr","display":0,"mu":0,"quality":"OUT_OF_RANGE","raw":0,"sigma":3,"state":"IDLE","t":"2026-07-16T11:26:58.9656024Z","type":"sample"}
{"channel":"rr","display":0,"mu":0,"quality":"STUCK","raw":280.1,"sigma":1.5,"state":"IDLE","t":"2026-07-16T11:26:58.9700693Z","type":"sample"}
{"address":"/cue/g1/start","args":null,"channel":"system","dir":"out","t":"2026-07-16T11:26:59.0008658Z","type":"osc"}
{"channel":"rr","display":0,"mu":0,"quality":"STUCK","raw":279.8,"sigma":1.5,"state":"IDLE","t":"2026-07-16T11:26:59.0112986Z","type":"sample"}
{"channel":"rr","display":0,"mu":0,"quality":"STUCK","raw":279.8,"sigma":1.5,"state":"IDLE","t":"2026-07-16T11:26:59.0511202Z","type":"sample"}
{"channel":"gsr","display":2425,"mu":0,"quality":"OK","raw":2425,"sigma":10,"state":"IDLE","t":"2026-07-16T11:26:59.0645893Z","type":"sample"}
{"channel":"rr","display":0,"mu":0,"quality":"STUCK","raw":278.9,"sigma":1.5,"state":"IDLE","t":"2026-07-16T11:26:59.0906821Z","type":"sample"}
{"channel":"rr","display":0,"mu":0,"quality":"STUCK","raw":279.5,"sigma":1.5,"state":"IDLE","t":"2026-07-16T11:26:59.1308385Z","type":"sample"}
{"channel":"gsr","display":2425.6,"mu":0,"quality":"OK","raw":2425.6,"sigma":10,"state":"IDLE","t":"2026-07-16T11:26:59.164802Z","type":"sample"}
{"channel":"rr","display":0,"mu":0,"quality":"STUCK","raw":279.1,"sigma":1.5,"state":"IDLE","t":"2026-07-16T11:26:59.1704547Z","type":"sample"}
{"channel":"rr","display":0,"mu":0,"quality":"STUCK","raw":280.1,"sigma":1.5,"state":"IDLE","t":"2026-07-16T11:26:59.2107636Z","type":"sample"}
{"channel":"rr","display":0,"mu":0,"quality":"STUCK","raw":278.8,"sigma":1.5,"state":"IDLE","t":"2026-07-16T11:26:59.2500046Z","type":"sample"}
{"channel":"gsr","display":2430.7,"mu":0,"quality":"OK","raw":2430.7,"sigma":10,"state":"IDLE","t":"2026-07-16T11:26:59.2650793Z","type":"sample"}
{"channel":"rr","display":0,"mu":0,"quality":"STUCK","raw":279.9,"sigma":1.5,"state":"IDLE","t":"2026-07-16T11:26:59.2910844Z","type":"sample"}
{"channel":"rr","display":0,"mu":0,"quality":"STUCK","raw":280,"sigma":1.5,"state":"IDLE","t":"2026-07-16T11:26:59.3300435Z","type":"sample"}
{"channel":"gsr","display":2435.8,"mu":0,"quality":"OK","raw":2435.8,"sigma":10,"state":"IDLE","t":"2026-07-16T11:26:59.3648956Z","type":"sample"}
{"channel":"rr","display":0,"mu":0,"quality":"STUCK","raw":281.4,"sigma":1.5,"state":"IDLE","t":"2026-07-16T11:26:59.3707133Z","type":"sample"}
{"channel":"rr","display":0,"mu":0,"quality":"STUCK","raw":279.2,"sigma":1.5,"state":"IDLE","t":"2026-07-16T11:26:59.4111773Z","type":"sample"}
{"channel":"rr","display":0,"mu":0,"quality":"STUCK","raw":279.5,"sigma":1.5,"state":"IDLE","t":"2026-07-16T11:26:59.450637Z","type":"sample"}
{"channel":"gsr","display":2437.1,"mu":0,"quality":"OK","raw":2437.1,"sigma":10,"state":"IDLE","t":"2026-07-16T11:26:59.4649397Z","type":"sample"}
{"channel":"hr","display":0,"mu":0,"quality":"OUT_OF_RANGE","raw":0,"sigma":3,"state":"IDLE","t":"2026-07-16T11:26:59.4654573Z","type":"sample"}
{"channel":"rr","display":0,"mu":0,"quality":"STUCK","raw":279.9,"sigma":1.5,"state":"IDLE","t":"2026-07-16T11:26:59.490378Z","type":"sample"}
{"channel":"rr","display":0,"mu":0,"quality":"STUCK","raw":279.5,"sigma":1.5,"state":"IDLE","t":"2026-07-16T11:26:59.5311738Z","type":"sample"}
{"channel":"gsr","display":2444,"mu":0,"quality":"OK","raw":2444,"sigma":10,"state":"IDLE","t":"2026-07-16T11:26:59.5648937Z","type":"sample"}
{"channel":"rr","display":0,"mu":0,"quality":"STUCK","raw":278.6,"sigma":1.5,"state":"IDLE","t":"2026-07-16T11:26:59.5703023Z","type":"sample"}
{"channel":"rr","display":0,"mu":0,"quality":"STUCK","raw":279.7,"sigma":1.5,"state":"IDLE","t":"2026-07-16T11:26:59.6102747Z","type":"sample"}
{"channel":"rr","display":0,"mu":0,"quality":"STUCK","raw":280.6,"sigma":1.5,"state":"IDLE","t":"2026-07-16T11:26:59.650214Z","type":"sample"}
{"channel":"gsr","display":2447,"mu":0,"quality":"OK","raw":2447,"sigma":10,"state":"IDLE","t":"2026-07-16T11:26:59.6649147Z","type":"sample"}
{"address":"/cue/p/start","args":null,"channel":"system","dir":"out","t":"2026-07-16T11:26:59.6815248Z","type":"osc"}
{"channel":"rr","display":0,"mu":0,"quality":"STUCK","raw":280.3,"sigma":1.5,"state":"IDLE","t":"2026-07-16T11:26:59.6902053Z","type":"sample"}
{"channel":"rr","display":0,"mu":0,"quality":"STUCK","raw":280.6,"sigma":1.5,"state":"IDLE","t":"2026-07-16T11:26:59.7306089Z","type":"sample"}
{"channel":"gsr","display":2452.3,"mu":0,"quality":"OK","raw":2452.3,"sigma":10,"state":"IDLE","t":"2026-07-16T11:26:59.7651727Z","type":"sample"}
{"channel":"rr","display":0,"mu":0,"quality":"STUCK","raw":279.2,"sigma":1.5,"state":"IDLE","t":"2026-07-16T11:26:59.7705145Z","type":"sample"}
{"channel":"rr","display":0,"mu":0,"quality":"STUCK","raw":279.1,"sigma":1.5,"state":"IDLE","t":"2026-07-16T11:26:59.8106221Z","type":"sample"}
{"channel":"rr","display":0,"mu":0,"quality":"STUCK","raw":280,"sigma":1.5,"state":"IDLE","t":"2026-07-16T11:26:59.8508273Z","type":"sample"}
{"channel":"gsr","display":2460.5,"mu":0,"quality":"OK","raw":2460.5,"sigma":10,"state":"IDLE","t":"2026-07-16T11:26:59.8649528Z","type":"sample"}
{"channel":"rr","display":0,"mu":0,"quality":"STUCK","raw":280.5,"sigma":1.5,"state":"IDLE","t":"2026-07-16T11:26:59.8910423Z","type":"sample"}
{"channel":"rr","display":0,"mu":0,"quality":"STUCK","raw":278.9,"sigma":1.5,"state":"IDLE","t":"2026-07-16T11:26:59.93067Z","type":"sample"}
{"channel":"gsr","display":2465.7,"mu":0,"quality":"OK","raw":2465.7,"sigma":10,"state":"IDLE","t":"2026-07-16T11:26:59.9652054Z","type":"sample"}
{"channel":"hr","display":0,"mu":0,"quality":"OUT_OF_RANGE","raw":0,"sigma":3,"state":"IDLE","t":"2026-07-16T11:26:59.9657136Z","type":"sample"}
{"channel":"rr","event":"quality_change","quality":"OK","t":"2026-07-16T11:26:59.9703366Z","type":"event"}
{"channel":"rr","display":0,"mu":0,"quality":"OK","raw":280.2,"sigma":1.5,"state":"IDLE","t":"2026-07-16T11:26:59.9703366Z","type":"sample"}
{"address":"/cue/g1/start","args":null,"channel":"system","dir":"out","t":"2026-07-16T11:27:00.0054209Z","type":"osc"}
{"address":"/cue/r1/start","args":null,"channel":"system","dir":"out","t":"2026-07-16T11:27:00.0064588Z","type":"osc"}
{"channel":"rr","display":0,"mu":0,"quality":"OK","raw":280.2,"sigma":1.5,"state":"IDLE","t":"2026-07-16T11:27:00.0110379Z","type":"sample"}
{"channel":"rr","display":0,"mu":0,"quality":"OK","raw":278.8,"sigma":1.5,"state":"IDLE","t":"2026-07-16T11:27:00.0507403Z","type":"sample"}
{"channel":"gsr","display":2465.8,"mu":0,"quality":"OK","raw":2465.8,"sigma":10,"state":"IDLE","t":"2026-07-16T11:27:00.0645505Z","type":"sample"}
{"channel":"rr","display":0,"mu":0,"quality":"OK","raw":278.1,"sigma":1.5,"state":"IDLE","t":"2026-07-16T11:27:00.0911377Z","type":"sample"}
{"channel":"rr","display":0,"mu":0,"quality":"OK","raw":278.7,"sigma":1.5,"state":"IDLE","t":"2026-07-16T11:27:00.1308066Z","type":"sample"}
{"channel":"gsr","display":2471.8,"mu":0,"quality":"OK","raw":2471.8,"sigma":10,"state":"IDLE","t":"2026-07-16T11:27:00.1652674Z","type":"sample"}
{"channel":"rr","display":0,"mu":0,"quality":"OK","raw":279.2,"sigma":1.5,"state":"IDLE","t":"2026-07-16T11:27:00.1708467Z","type":"sample"}
{"channel":"rr","display":0,"mu":0,"quality":"OK","raw":279.2,"sigma":1.5,"state":"IDLE","t":"2026-07-16T11:27:00.2099161Z","type":"sample"}
{"channel":"rr","display":0,"mu":0,"quality":"OK","raw":279.3,"sigma":1.5,"state":"IDLE","t":"2026-07-16T11:27:00.2503623Z","type":"sample"}
{"channel":"gsr","display":2475.8,"mu":0,"quality":"OK","raw":2475.8,"sigma":10,"state":"IDLE","t":"2026-07-16T11:27:00.2651011Z","type":"sample"}
{"channel":"rr","display":0,"mu":0,"quality":"OK","raw":278.9,"sigma":1.5,"state":"IDLE","t":"2026-07-16T11:27:00.2900432Z","type":"sample"}
{"channel":"rr","display":0,"mu":0,"quality":"OK","raw":279.7,"sigma":1.5,"state":"IDLE","t":"2026-07-16T11:27:00.3298934Z","type":"sample"}
{"channel":"gsr","display":2481.8,"mu":0,"quality":"OK","raw":2481.8,"sigma":10,"state":"IDLE","t":"2026-07-16T11:27:00.3653313Z","type":"sample"}
{"channel":"rr","display":0,"mu":0,"quality":"OK","raw":279.2,"sigma":1.5,"state":"IDLE","t":"2026-07-16T11:27:00.370356Z","type":"sample"}
{"channel":"rr","display":0,"mu":0,"quality":"OK","raw":279.6,"sigma":1.5,"state":"IDLE","t":"2026-07-16T11:27:00.4112557Z","type":"sample"}
{"channel":"rr","display":0,"mu":0,"quality":"OK","raw":279.6,"sigma":1.5,"state":"IDLE","t":"2026-07-16T11:27:00.4505206Z","type":"sample"}
{"channel":"gsr","display":2489.2,"mu":0,"quality":"OK","raw":2489.2,"sigma":10,"state":"IDLE","t":"2026-07-16T11:27:00.4648534Z","type":"sample"}
{"channel":"hr","display":0,"mu":0,"quality":"OUT_OF_RANGE","raw":0,"sigma":3,"state":"IDLE","t":"2026-07-16T11:27:00.4657177Z","type":"sample"}
{"channel":"rr","display":0,"mu":0,"quality":"OK","raw":279.6,"sigma":1.5,"state":"IDLE","t":"2026-07-16T11:27:00.4912985Z","type":"sample"}
{"channel":"rr","display":0,"mu":0,"quality":"OK","raw":280.1,"sigma":1.5,"state":"IDLE","t":"2026-07-16T11:27:00.531057Z","type":"sample"}
{"channel":"gsr","display":2496.8,"mu":0,"quality":"OK","raw":2496.8,"sigma":10,"state":"IDLE","t":"2026-07-16T11:27:00.5645763Z","type":"sample"}
{"channel":"rr","display":0,"mu":0,"quality":"OK","raw":279.5,"sigma":1.5,"state":"IDLE","t":"2026-07-16T11:27:00.5702398Z","type":"sample"}
{"channel":"rr","display":0,"mu":0,"quality":"OK","raw":280.3,"sigma":1.5,"state":"IDLE","t":"2026-07-16T11:27:00.6102846Z","type":"sample"}
{"channel":"rr","display":0,"mu":0,"quality":"OK","raw":279.6,"sigma":1.5,"state":"IDLE","t":"2026-07-16T11:27:00.6503894Z","type":"sample"}
{"channel":"gsr","display":2506.8,"mu":0,"quality":"OK","raw":2506.8,"sigma":10,"state":"IDLE","t":"2026-07-16T11:27:00.6649548Z","type":"sample"}
{"address":"/cue/p/start","args":null,"channel":"system","dir":"out","t":"2026-07-16T11:27:00.6809125Z","type":"osc"}
{"channel":"rr","display":0,"mu":0,"quality":"OK","raw":279.2,"sigma":1.5,"state":"IDLE","t":"2026-07-16T11:27:00.6900603Z","type":"sample"}
{"channel":"rr","display":0,"mu":0,"quality":"OK","raw":279.9,"sigma":1.5,"state":"IDLE","t":"2026-07-16T11:27:00.730631Z","type":"sample"}
{"channel":"gsr","display":2509.4,"mu":0,"quality":"OK","raw":2509.4,"sigma":10,"state":"IDLE","t":"2026-07-16T11:27:00.7646637Z","type":"sample"}
{"channel":"rr","display":0,"mu":0,"quality":"OK","raw":279.8,"sigma":1.5,"state":"IDLE","t":"2026-07-16T11:27:00.7703616Z","type":"sample"}
{"channel":"rr","display":0,"mu":0,"quality":"OK","raw":279.2,"sigma":1.5,"state":"IDLE","t":"2026-07-16T11:27:00.8106106Z","type":"sample"}
{"channel":"rr","display":0,"mu":0,"quality":"OK","raw":279.6,"sigma":1.5,"state":"IDLE","t":"2026-07-16T11:27:00.8503945Z","type":"sample"}
{"channel":"gsr","display":2521.7,"mu":0,"quality":"OK","raw":2521.7,"sigma":10,"state":"IDLE","t":"2026-07-16T11:27:00.8649161Z","type":"sample"}
{"channel":"rr","display":0,"mu":0,"quality":"OK","raw":279.4,"sigma":1.5,"state":"IDLE","t":"2026-07-16T11:27:00.8912639Z","type":"sample"}
{"channel":"rr","display":0,"mu":0,"quality":"OK","raw":279.8,"sigma":1.5,"state":"IDLE","t":"2026-07-16T11:27:00.9299975Z","type":"sample"}
{"channel":"gsr","display":2523.3,"mu":0,"quality":"OK","raw":2523.3,"sigma":10,"state":"IDLE","t":"2026-07-16T11:27:00.965518Z","type":"sample"}
{"channel":"hr","display":0,"mu":0,"quality":"OUT_OF_RANGE","raw":0,"sigma":3,"state":"IDLE","t":"2026-07-16T11:27:00.9661172Z","type":"sample"}
{"channel":"rr","display":0,"mu":0,"quality":"OK","raw":279.9,"sigma":1.5,"state":"IDLE","t":"2026-07-16T11:27:00.9710859Z","type":"sample"}
{"channel":"rr","display":0,"mu":0,"quality":"OK","raw":278.9,"sigma":1.5,"state":"IDLE","t":"2026-07-16T11:27:01.0106106Z","type":"sample"}
{"address":"/cue/g1/start","args":null,"channel":"system","dir":"out","t":"2026-07-16T11:27:01.0111776Z","type":"osc"}
{"address":"/cue/r1/start","args":null,"channel":"system","dir":"out","t":"2026-07-16T11:27:01.0122683Z","type":"osc"}
{"channel":"rr","display":0,"mu":0,"quality":"OK","raw":279.1,"sigma":1.5,"state":"IDLE","t":"2026-07-16T11:27:01.0510187Z","type":"sample"}
{"channel":"gsr","display":2535.1,"mu":0,"quality":"OK","raw":2535.1,"sigma":10,"state":"IDLE","t":"2026-07-16T11:27:01.0651707Z","type":"sample"}
{"channel":"rr","display":0,"mu":0,"quality":"OK","raw":279.4,"sigma":1.5,"state":"IDLE","t":"2026-07-16T11:27:01.0911257Z","type":"sample"}
{"channel":"rr","display":0,"mu":0,"quality":"OK","raw":279.4,"sigma":1.5,"state":"IDLE","t":"2026-07-16T11:27:01.1311095Z","type":"sample"}
{"channel":"gsr","display":2540.3,"mu":0,"quality":"OK","raw":2540.3,"sigma":10,"state":"IDLE","t":"2026-07-16T11:27:01.1652304Z","type":"sample"}
{"channel":"rr","display":0,"mu":0,"quality":"OK","raw":279.5,"sigma":1.5,"state":"IDLE","t":"2026-07-16T11:27:01.171007Z","type":"sample"}
{"channel":"rr","display":0,"mu":0,"quality":"OK","raw":279.4,"sigma":1.5,"state":"IDLE","t":"2026-07-16T11:27:01.2109803Z","type":"sample"}
{"channel":"rr","display":46.875,"mu":0,"quality":"OK","raw":280.4,"sigma":1.5,"state":"IDLE","t":"2026-07-16T11:27:01.2505795Z","type":"sample"}
{"channel":"gsr","display":2551.4,"mu":0,"quality":"OK","raw":2551.4,"sigma":10,"state":"IDLE","t":"2026-07-16T11:27:01.2647898Z","type":"sample"}
{"channel":"rr","display":46.875,"mu":0,"quality":"OK","raw":279.6,"sigma":1.5,"state":"IDLE","t":"2026-07-16T11:27:01.2908991Z","type":"sample"}
{"channel":"rr","display":46.875,"mu":0,"quality":"OK","raw":280.1,"sigma":1.5,"state":"IDLE","t":"2026-07-16T11:27:01.3307461Z","type":"sample"}
{"channel":"gsr","display":2556.1,"mu":0,"quality":"OK","raw":2556.1,"sigma":10,"state":"IDLE","t":"2026-07-16T11:27:01.3651723Z","type":"sample"}
{"channel":"rr","display":46.875,"mu":0,"quality":"OK","raw":280,"sigma":1.5,"state":"IDLE","t":"2026-07-16T11:27:01.3703033Z","type":"sample"}
{"channel":"rr","display":46.875,"mu":0,"quality":"OK","raw":280.9,"sigma":1.5,"state":"IDLE","t":"2026-07-16T11:27:01.4108885Z","type":"sample"}
{"channel":"rr","display":46.875,"mu":0,"quality":"OK","raw":279.6,"sigma":1.5,"state":"IDLE","t":"2026-07-16T11:27:01.4510503Z","type":"sample"}
{"channel":"gsr","display":2567.8,"mu":0,"quality":"OK","raw":2567.8,"sigma":10,"state":"IDLE","t":"2026-07-16T11:27:01.4648845Z","type":"sample"}
{"channel":"hr","display":0,"mu":0,"quality":"OUT_OF_RANGE","raw":0,"sigma":3,"state":"IDLE","t":"2026-07-16T11:27:01.4659236Z","type":"sample"}
{"channel":"rr","display":46.875,"mu":0,"quality":"OK","raw":279.9,"sigma":1.5,"state":"IDLE","t":"2026-07-16T11:27:01.4909537Z","type":"sample"}
{"channel":"rr","display":46.875,"mu":0,"quality":"OK","raw":278.9,"sigma":1.5,"state":"IDLE","t":"2026-07-16T11:27:01.5310084Z","type":"sample"}
{"channel":"gsr","display":2577.2,"mu":0,"quality":"OK","raw":2577.2,"sigma":10,"state":"IDLE","t":"2026-07-16T11:27:01.5653866Z","type":"sample"}
{"channel":"rr","display":46.875,"mu":0,"quality":"OK","raw":279.3,"sigma":1.5,"state":"IDLE","t":"2026-07-16T11:27:01.5702315Z","type":"sample"}
{"channel":"rr","display":46.875,"mu":0,"quality":"OK","raw":278.9,"sigma":1.5,"state":"IDLE","t":"2026-07-16T11:27:01.6101927Z","type":"sample"}
{"channel":"rr","display":46.875,"mu":0,"quality":"OK","raw":279.7,"sigma":1.5,"state":"IDLE","t":"2026-07-16T11:27:01.651367Z","type":"sample"}
{"channel":"gsr","display":2587,"mu":0,"quality":"OK","raw":2587,"sigma":10,"state":"IDLE","t":"2026-07-16T11:27:01.6599036Z","type":"sample"}
{"address":"/cue/p/start","args":null,"channel":"system","dir":"out","t":"2026-07-16T11:27:01.6807519Z","type":"osc"}
{"channel":"rr","display":46.875,"mu":0,"quality":"OK","raw":280.1,"sigma":1.5,"state":"IDLE","t":"2026-07-16T11:27:01.6907117Z","type":"sample"}
{"channel":"rr","display":46.875,"mu":0,"quality":"OK","raw":279.2,"sigma":1.5,"state":"IDLE","t":"2026-07-16T11:27:01.730787Z","type":"sample"}
{"channel":"gsr","display":2592.8,"mu":0,"quality":"OK","raw":2592.8,"sigma":10,"state":"IDLE","t":"2026-07-16T11:27:01.7646713Z","type":"sample"}
{"channel":"rr","display":46.875,"mu":0,"quality":"OK","raw":279.2,"sigma":1.5,"state":"IDLE","t":"2026-07-16T11:27:01.7703659Z","type":"sample"}
{"channel":"rr","display":46.875,"mu":0,"quality":"OK","raw":279.8,"sigma":1.5,"state":"IDLE","t":"2026-07-16T11:27:01.811317Z","type":"sample"}
{"channel":"rr","display":46.875,"mu":0,"quality":"OK","raw":279.1,"sigma":1.5,"state":"IDLE","t":"2026-07-16T11:27:01.8510941Z","type":"sample"}
{"channel":"gsr","display":2603.9,"mu":0,"quality":"OK","raw":2603.9,"sigma":10,"state":"IDLE","t":"2026-07-16T11:27:01.8646896Z","type":"sample"}
{"channel":"rr","display":46.875,"mu":0,"quality":"OK","raw":279.9,"sigma":1.5,"state":"IDLE","t":"2026-07-16T11:27:01.8908524Z","type":"sample"}
{"channel":"rr","display":46.875,"mu":0,"quality":"OK","raw":279.1,"sigma":1.5,"state":"IDLE","t":"2026-07-16T11:27:01.9309921Z","type":"sample"}
{"channel":"gsr","display":2605.7,"mu":0,"quality":"OK","raw":2605.7,"sigma":10,"state":"IDLE","t":"2026-07-16T11:27:01.9645725Z","type":"sample"}
{"channel":"hr","display":0,"mu":0,"quality":"OUT_OF_RANGE","raw":0,"sigma":3,"state":"IDLE","t":"2026-07-16T11:27:01.9656057Z","type":"sample"}
{"channel":"rr","display":46.875,"mu":0,"quality":"OK","raw":279.5,"sigma":1.5,"state":"IDLE","t":"2026-07-16T11:27:01.9706373Z","type":"sample"}
{"channel":"rr","display":46.875,"mu":0,"quality":"OK","raw":279.8,"sigma":1.5,"state":"IDLE","t":"2026-07-16T11:27:02.011226Z","type":"sample"}
{"address":"/cue/g1/start","args":null,"channel":"system","dir":"out","t":"2026-07-16T11:27:02.0174574Z","type":"osc"}
{"address":"/cue/r19/start","args":null,"channel":"system","dir":"out","t":"2026-07-16T11:27:02.0184882Z","type":"osc"}
{"channel":"rr","display":46.875,"mu":0,"quality":"OK","raw":279.8,"sigma":1.5,"state":"IDLE","t":"2026-07-16T11:27:02.0509242Z","type":"sample"}
{"channel":"gsr","display":2619.9,"mu":0,"quality":"OK","raw":2619.9,"sigma":10,"state":"IDLE","t":"2026-07-16T11:27:02.0648726Z","type":"sample"}
{"channel":"rr","display":46.875,"mu":0,"quality":"OK","raw":280.1,"sigma":1.5,"state":"IDLE","t":"2026-07-16T11:27:02.0910143Z","type":"sample"}
{"channel":"rr","display":46.875,"mu":0,"quality":"OK","raw":279,"sigma":1.5,"state":"IDLE","t":"2026-07-16T11:27:02.1310247Z","type":"sample"}
{"channel":"gsr","display":2626.1,"mu":0,"quality":"OK","raw":2626.1,"sigma":10,"state":"IDLE","t":"2026-07-16T11:27:02.1646886Z","type":"sample"}
{"channel":"rr","display":46.875,"mu":0,"quality":"OK","raw":279.5,"sigma":1.5,"state":"IDLE","t":"2026-07-16T11:27:02.1708923Z","type":"sample"}
{"channel":"rr","display":46.875,"mu":0,"quality":"OK","raw":279.8,"sigma":1.5,"state":"IDLE","t":"2026-07-16T11:27:02.2113081Z","type":"sample"}
{"channel":"rr","display":46.875,"mu":0,"quality":"OK","raw":278.9,"sigma":1.5,"state":"IDLE","t":"2026-07-16T11:27:02.2503207Z","type":"sample"}
{"channel":"gsr","display":2633.2,"mu":0,"quality":"OK","raw":2633.2,"sigma":10,"state":"IDLE","t":"2026-07-16T11:27:02.2649768Z","type":"sample"}
{"channel":"rr","display":46.875,"mu":0,"quality":"OK","raw":279.4,"sigma":1.5,"state":"IDLE","t":"2026-07-16T11:27:02.2911021Z","type":"sample"}
{"channel":"rr","display":50.847457627118644,"mu":0,"quality":"OK","raw":280.4,"sigma":1.5,"state":"IDLE","t":"2026-07-16T11:27:02.3308878Z","type":"sample"}
{"channel":"gsr","display":2642.2,"mu":0,"quality":"OK","raw":2642.2,"sigma":10,"state":"IDLE","t":"2026-07-16T11:27:02.3644594Z","type":"sample"}
{"channel":"rr","display":50.847457627118644,"mu":0,"quality":"OK","raw":279.1,"sigma":1.5,"state":"IDLE","t":"2026-07-16T11:27:02.3706858Z","type":"sample"}
{"channel":"rr","display":50.847457627118644,"mu":0,"quality":"OK","raw":279.5,"sigma":1.5,"state":"IDLE","t":"2026-07-16T11:27:02.4106655Z","type":"sample"}
{"channel":"rr","display":50.847457627118644,"mu":0,"quality":"OK","raw":279.2,"sigma":1.5,"state":"IDLE","t":"2026-07-16T11:27:02.4500718Z","type":"sample"}
{"channel":"gsr","display":2651.1,"mu":0,"quality":"OK","raw":2651.1,"sigma":10,"state":"IDLE","t":"2026-07-16T11:27:02.4652835Z","type":"sample"}
{"channel":"hr","display":0,"mu":0,"quality":"OUT_OF_RANGE","raw":0,"sigma":3,"state":"IDLE","t":"2026-07-16T11:27:02.4659039Z","type":"sample"}
{"channel":"rr","display":50.847457627118644,"mu":0,"quality":"OK","raw":280.1,"sigma":1.5,"state":"IDLE","t":"2026-07-16T11:27:02.4907222Z","type":"sample"}
{"channel":"rr","display":50.847457627118644,"mu":0,"quality":"OK","raw":279.1,"sigma":1.5,"state":"IDLE","t":"2026-07-16T11:27:02.530084Z","type":"sample"}
{"channel":"gsr","display":2657.9,"mu":0,"quality":"OK","raw":2657.9,"sigma":10,"state":"IDLE","t":"2026-07-16T11:27:02.5646072Z","type":"sample"}
{"channel":"rr","display":50.847457627118644,"mu":0,"quality":"OK","raw":280.1,"sigma":1.5,"state":"IDLE","t":"2026-07-16T11:27:02.5700958Z","type":"sample"}
{"channel":"rr","display":50.847457627118644,"mu":0,"quality":"OK","raw":279.3,"sigma":1.5,"state":"IDLE","t":"2026-07-16T11:27:02.6106769Z","type":"sample"}
{"channel":"rr","display":50.847457627118644,"mu":0,"quality":"OK","raw":279.4,"sigma":1.5,"state":"IDLE","t":"2026-07-16T11:27:02.6503337Z","type":"sample"}
{"channel":"gsr","display":2663.8,"mu":0,"quality":"OK","raw":2663.8,"sigma":10,"state":"IDLE","t":"2026-07-16T11:27:02.6643552Z","type":"sample"}
{"address":"/cue/p/start","args":null,"channel":"system","dir":"out","t":"2026-07-16T11:27:02.6809066Z","type":"osc"}
{"channel":"rr","display":50.847457627118644,"mu":0,"quality":"OK","raw":279.7,"sigma":1.5,"state":"IDLE","t":"2026-07-16T11:27:02.690802Z","type":"sample"}
{"channel":"rr","display":50.847457627118644,"mu":0,"quality":"OK","raw":280.9,"sigma":1.5,"state":"IDLE","t":"2026-07-16T11:27:02.7304106Z","type":"sample"}
{"channel":"gsr","display":2669.8,"mu":0,"quality":"OK","raw":2669.8,"sigma":10,"state":"IDLE","t":"2026-07-16T11:27:02.7644992Z","type":"sample"}
{"channel":"rr","display":50.847457627118644,"mu":0,"quality":"OK","raw":280.5,"sigma":1.5,"state":"IDLE","t":"2026-07-16T11:27:02.7701108Z","type":"sample"}
{"channel":"rr","display":50.847457627118644,"mu":0,"quality":"OK","raw":279.6,"sigma":1.5,"state":"IDLE","t":"2026-07-16T11:27:02.8101201Z","type":"sample"}
{"channel":"rr","display":50.847457627118644,"mu":0,"quality":"OK","raw":279.5,"sigma":1.5,"state":"IDLE","t":"2026-07-16T11:27:02.8500451Z","type":"sample"}
{"channel":"gsr","display":2672,"mu":0,"quality":"OK","raw":2672,"sigma":10,"state":"IDLE","t":"2026-07-16T11:27:02.8651002Z","type":"sample"}
{"channel":"rr","display":50.847457627118644,"mu":0,"quality":"OK","raw":280.1,"sigma":1.5,"state":"IDLE","t":"2026-07-16T11:27:02.8900884Z","type":"sample"}
{"channel":"rr","display":50.847457627118644,"mu":0,"quality":"OK","raw":280.1,"sigma":1.5,"state":"IDLE","t":"2026-07-16T11:27:02.9309036Z","type":"sample"}
{"channel":"gsr","display":2681.7,"mu":0,"quality":"OK","raw":2681.7,"sigma":10,"state":"IDLE","t":"2026-07-16T11:27:02.9645455Z","type":"sample"}
{"channel":"hr","display":0,"mu":0,"quality":"OUT_OF_RANGE","raw":0,"sigma":3,"state":"IDLE","t":"2026-07-16T11:27:02.9655649Z","type":"sample"}
{"channel":"rr","event":"quality_change","quality":"OUT_OF_RANGE","t":"2026-07-16T11:27:02.9705347Z","type":"event"}
{"channel":"rr","display":50.847457627118644,"mu":0,"quality":"OUT_OF_RANGE","raw":279.2,"sigma":1.5,"state":"IDLE","t":"2026-07-16T11:27:02.9712518Z","type":"sample"}
{"channel":"rr","display":50.847457627118644,"mu":0,"quality":"OUT_OF_RANGE","raw":278.4,"sigma":1.5,"state":"IDLE","t":"2026-07-16T11:27:03.0112398Z","type":"sample"}
{"address":"/cue/g1/start","args":null,"channel":"system","dir":"out","t":"2026-07-16T11:27:03.0240312Z","type":"osc"}
{"channel":"rr","display":50.847457627118644,"mu":0,"quality":"OUT_OF_RANGE","raw":280.1,"sigma":1.5,"state":"IDLE","t":"2026-07-16T11:27:03.0507516Z","type":"sample"}
{"channel":"gsr","display":2685.7,"mu":0,"quality":"OK","raw":2685.7,"sigma":10,"state":"IDLE","t":"2026-07-16T11:27:03.0651839Z","type":"sample"}
{"channel":"rr","display":50.847457627118644,"mu":0,"quality":"OUT_OF_RANGE","raw":279.5,"sigma":1.5,"state":"IDLE","t":"2026-07-16T11:27:03.0911255Z","type":"sample"}
{"channel":"rr","display":50.847457627118644,"mu":0,"quality":"OUT_OF_RANGE","raw":278.5,"sigma":1.5,"state":"IDLE","t":"2026-07-16T11:27:03.1304676Z","type":"sample"}
{"channel":"gsr","display":2691.5,"mu":0,"quality":"OK","raw":2691.5,"sigma":10,"state":"IDLE","t":"2026-07-16T11:27:03.1646324Z","type":"sample"}
{"channel":"rr","display":50.847457627118644,"mu":0,"quality":"OUT_OF_RANGE","raw":280.1,"sigma":1.5,"state":"IDLE","t":"2026-07-16T11:27:03.1703163Z","type":"sample"}
{"channel":"rr","display":50.847457627118644,"mu":0,"quality":"OUT_OF_RANGE","raw":279.6,"sigma":1.5,"state":"IDLE","t":"2026-07-16T11:27:03.210191Z","type":"sample"}
{"channel":"rr","display":50.847457627118644,"mu":0,"quality":"OUT_OF_RANGE","raw":279.3,"sigma":1.5,"state":"IDLE","t":"2026-07-16T11:27:03.2504311Z","type":"sample"}
{"channel":"gsr","display":2698.4,"mu":0,"quality":"OK","raw":2698.4,"sigma":10,"state":"IDLE","t":"2026-07-16T11:27:03.2645347Z","type":"sample"}
{"channel":"rr","display":50.847457627118644,"mu":0,"quality":"OUT_OF_RANGE","raw":279.8,"sigma":1.5,"state":"IDLE","t":"2026-07-16T11:27:03.2908968Z","type":"sample"}
{"channel":"rr","display":50.847457627118644,"mu":0,"quality":"OUT_OF_RANGE","raw":279,"sigma":1.5,"state":"IDLE","t":"2026-07-16T11:27:03.3305171Z","type":"sample"}
{"channel":"gsr","display":2706.2,"mu":0,"quality":"OK","raw":2706.2,"sigma":10,"state":"IDLE","t":"2026-07-16T11:27:03.3647177Z","type":"sample"}
{"channel":"rr","display":50.847457627118644,"mu":0,"quality":"OUT_OF_RANGE","raw":279.1,"sigma":1.5,"state":"IDLE","t":"2026-07-16T11:27:03.3711143Z","type":"sample"}
{"channel":"rr","display":52.325581395348834,"mu":0,"quality":"OUT_OF_RANGE","raw":279.6,"sigma":1.5,"state":"IDLE","t":"2026-07-16T11:27:03.4103192Z","type":"sample"}
{"channel":"rr","display":52.325581395348834,"mu":0,"quality":"OUT_OF_RANGE","raw":279.5,"sigma":1.5,"state":"IDLE","t":"2026-07-16T11:27:03.4503857Z","type":"sample"}
{"channel":"gsr","display":2711.1,"mu":0,"quality":"OK","raw":2711.1,"sigma":10,"state":"IDLE","t":"2026-07-16T11:27:03.4653Z","type":"sample"}
{"channel":"hr","display":0,"mu":0,"quality":"OUT_OF_RANGE","raw":0,"sigma":3,"state":"IDLE","t":"2026-07-16T11:27:03.4659279Z","type":"sample"}
{"channel":"rr","display":52.325581395348834,"mu":0,"quality":"OUT_OF_RANGE","raw":279.5,"sigma":1.5,"state":"IDLE","t":"2026-07-16T11:27:03.4901477Z","type":"sample"}
{"channel":"rr","display":52.325581395348834,"mu":0,"quality":"OUT_OF_RANGE","raw":280.1,"sigma":1.5,"state":"IDLE","t":"2026-07-16T11:27:03.530219Z","type":"sample"}
{"channel":"gsr","display":2713.5,"mu":0,"quality":"OK","raw":2713.5,"sigma":10,"state":"IDLE","t":"2026-07-16T11:27:03.564651Z","type":"sample"}
{"channel":"rr","display":52.325581395348834,"mu":0,"quality":"OUT_OF_RANGE","raw":278.7,"sigma":1.5,"state":"IDLE","t":"2026-07-16T11:27:03.570047Z","type":"sample"}
{"channel":"rr","display":52.325581395348834,"mu":0,"quality":"OUT_OF_RANGE","raw":279.3,"sigma":1.5,"state":"IDLE","t":"2026-07-16T11:27:03.6103083Z","type":"sample"}
{"channel":"rr","display":52.325581395348834,"mu":0,"quality":"OUT_OF_RANGE","raw":278.9,"sigma":1.5,"state":"IDLE","t":"2026-07-16T11:27:03.6506453Z","type":"sample"}
{"channel":"gsr","display":2716.2,"mu":0,"quality":"OK","raw":2716.2,"sigma":10,"state":"IDLE","t":"2026-07-16T11:27:03.6650678Z","type":"sample"}
{"address":"/cue/p/start","args":null,"channel":"system","dir":"out","t":"2026-07-16T11:27:03.6813506Z","type":"osc"}
{"channel":"rr","display":52.325581395348834,"mu":0,"quality":"OUT_OF_RANGE","raw":279.4,"sigma":1.5,"state":"IDLE","t":"2026-07-16T11:27:03.6903817Z","type":"sample"}
{"channel":"rr","display":52.325581395348834,"mu":0,"quality":"OUT_OF_RANGE","raw":279.2,"sigma":1.5,"state":"IDLE","t":"2026-07-16T11:27:03.7310585Z","type":"sample"}
{"channel":"gsr","display":2723.2,"mu":0,"quality":"OK","raw":2723.2,"sigma":10,"state":"IDLE","t":"2026-07-16T11:27:03.7646621Z","type":"sample"}
{"channel":"rr","display":52.325581395348834,"mu":0,"quality":"OUT_OF_RANGE","raw":279.2,"sigma":1.5,"state":"IDLE","t":"2026-07-16T11:27:03.7700663Z","type":"sample"}
{"channel":"rr","display":52.325581395348834,"mu":0,"quality":"OUT_OF_RANGE","raw":280.1,"sigma":1.5,"state":"IDLE","t":"2026-07-16T11:27:03.8110184Z","type":"sample"}
{"channel":"rr","display":52.325581395348834,"mu":0,"quality":"OUT_OF_RANGE","raw":279.7,"sigma":1.5,"state":"IDLE","t":"2026-07-16T11:27:03.8502535Z","type":"sample"}
{"channel":"gsr","display":2729.5,"mu":0,"quality":"OK","raw":2729.5,"sigma":10,"state":"IDLE","t":"2026-07-16T11:27:03.8646762Z","type":"sample"}
{"channel":"rr","display":52.325581395348834,"mu":0,"quality":"OUT_OF_RANGE","raw":279,"sigma":1.5,"state":"IDLE","t":"2026-07-16T11:27:03.890803Z","type":"sample"}
{"channel":"rr","display":52.325581395348834,"mu":0,"quality":"OUT_OF_RANGE","raw":280.8,"sigma":1.5,"state":"IDLE","t":"2026-07-16T11:27:03.9305989Z","type":"sample"}
{"channel":"gsr","display":2736.7,"mu":0,"quality":"OK","raw":2736.7,"sigma":10,"state":"IDLE","t":"2026-07-16T11:27:03.9645034Z","type":"sample"}
{"channel":"hr","display":0,"mu":0,"quality":"OUT_OF_RANGE","raw":0,"sigma":3,"state":"IDLE","t":"2026-07-16T11:27:03.9655155Z","type":"sample"}
{"channel":"rr","display":52.325581395348834,"mu":0,"quality":"OUT_OF_RANGE","raw":279.9,"sigma":1.5,"state":"IDLE","t":"2026-07-16T11:27:03.9706321Z","type":"sample"}
{"channel":"rr","display":52.325581395348834,"mu":0,"quality":"OUT_OF_RANGE","raw":279.8,"sigma":1.5,"state":"IDLE","t":"2026-07-16T11:27:04.0108237Z","type":"sample"}
{"address":"/cue/g1/start","args":null,"channel":"system","dir":"out","t":"2026-07-16T11:27:04.0272957Z","type":"osc"}
{"channel":"rr","display":52.325581395348834,"mu":0,"quality":"OUT_OF_RANGE","raw":279.2,"sigma":1.5,"state":"IDLE","t":"2026-07-16T11:27:04.0503619Z","type":"sample"}
{"channel":"gsr","display":2737.2,"mu":0,"quality":"OK","raw":2737.2,"sigma":10,"state":"IDLE","t":"2026-07-16T11:27:04.0652924Z","type":"sample"}
{"channel":"rr","display":52.325581395348834,"mu":0,"quality":"OUT_OF_RANGE","raw":279.2,"sigma":1.5,"state":"IDLE","t":"2026-07-16T11:27:04.0913129Z","type":"sample"}
{"channel":"rr","display":52.325581395348834,"mu":0,"quality":"OUT_OF_RANGE","raw":278.8,"sigma":1.5,"state":"IDLE","t":"2026-07-16T11:27:04.1303307Z","type":"sample"}
{"channel":"gsr","display":2752,"mu":0,"quality":"OK","raw":2752,"sigma":10,"state":"IDLE","t":"2026-07-16T11:27:04.1651585Z","type":"sample"}
{"channel":"rr","display":52.325581395348834,"mu":0,"quality":"OUT_OF_RANGE","raw":279.2,"sigma":1.5,"state":"IDLE","t":"2026-07-16T11:27:04.1699299Z","type":"sample"}
{"channel":"rr","display":52.325581395348834,"mu":0,"quality":"OUT_OF_RANGE","raw":280.2,"sigma":1.5,"state":"IDLE","t":"2026-07-16T11:27:04.2110833Z","type":"sample"}
{"channel":"rr","display":52.325581395348834,"mu":0,"quality":"OUT_OF_RANGE","raw":280.2,"sigma":1.5,"state":"IDLE","t":"2026-07-16T11:27:04.2510369Z","type":"sample"}
{"channel":"gsr","display":2751.2,"mu":0,"quality":"OK","raw":2751.2,"sigma":10,"state":"IDLE","t":"2026-07-16T11:27:04.2651687Z","type":"sample"}
{"channel":"rr","display":52.325581395348834,"mu":0,"quality":"OUT_OF_RANGE","raw":279.9,"sigma":1.5,"state":"IDLE","t":"2026-07-16T11:27:04.2911831Z","type":"sample"}
{"channel":"rr","display":52.325581395348834,"mu":0,"quality":"OUT_OF_RANGE","raw":280.2,"sigma":1.5,"state":"IDLE","t":"2026-07-16T11:27:04.3308263Z","type":"sample"}
{"channel":"gsr","display":2761,"mu":0,"quality":"OK","raw":2761,"sigma":10,"state":"IDLE","t":"2026-07-16T11:27:04.3652893Z","type":"sample"}
{"channel":"rr","display":52.325581395348834,"mu":0,"quality":"OUT_OF_RANGE","raw":279.8,"sigma":1.5,"state":"IDLE","t":"2026-07-16T11:27:04.3703091Z","type":"sample"}
{"channel":"rr","display":52.325581395348834,"mu":0,"quality":"OUT_OF_RANGE","raw":279.1,"sigma":1.5,"state":"IDLE","t":"2026-07-16T11:27:04.4103781Z","type":"sample"}
{"channel":"rr","display":53.57142857142857,"mu":0,"quality":"OUT_OF_RANGE","raw":279.8,"sigma":1.5,"state":"IDLE","t":"2026-07-16T11:27:04.4510689Z","type":"sample"}
{"channel":"gsr","display":2767.7,"mu":0,"quality":"OK","raw":2767.7,"sigma":10,"state":"IDLE","t":"2026-07-16T11:27:04.4650317Z","type":"sample"}
{"channel":"hr","display":0,"mu":0,"quality":"OUT_OF_RANGE","raw":0,"sigma":3,"state":"IDLE","t":"2026-07-16T11:27:04.466179Z","type":"sample"}
{"channel":"rr","display":53.57142857142857,"mu":0,"quality":"OUT_OF_RANGE","raw":279.6,"sigma":1.5,"state":"IDLE","t":"2026-07-16T11:27:04.4900996Z","type":"sample"}
{"channel":"rr","display":53.57142857142857,"mu":0,"quality":"OUT_OF_RANGE","raw":278.9,"sigma":1.5,"state":"IDLE","t":"2026-07-16T11:27:04.5312139Z","type":"sample"}
{"channel":"gsr","display":2774.2,"mu":0,"quality":"OK","raw":2774.2,"sigma":10,"state":"IDLE","t":"2026-07-16T11:27:04.5645704Z","type":"sample"}
{"channel":"rr","display":53.57142857142857,"mu":0,"quality":"OUT_OF_RANGE","raw":279.6,"sigma":1.5,"state":"IDLE","t":"2026-07-16T11:27:04.5703776Z","type":"sample"}
{"channel":"rr","display":53.57142857142857,"mu":0,"quality":"OUT_OF_RANGE","raw":279.5,"sigma":1.5,"state":"IDLE","t":"2026-07-16T11:27:04.6103284Z","type":"sample"}
{"channel":"rr","display":53.57142857142857,"mu":0,"quality":"OUT_OF_RANGE","raw":279.4,"sigma":1.5,"state":"IDLE","t":"2026-07-16T11:27:04.6508072Z","type":"sample"}
{"channel":"gsr","display":2777.5,"mu":0,"quality":"OK","raw":2777.5,"sigma":10,"state":"IDLE","t":"2026-07-16T11:27:04.6647769Z","type":"sample"}
{"address":"/cue/p/start","args":null,"channel":"system","dir":"out","t":"2026-07-16T11:27:04.6818827Z","type":"osc"}
{"channel":"rr","display":53.57142857142857,"mu":0,"quality":"OUT_OF_RANGE","raw":278.3,"sigma":1.5,"state":"IDLE","t":"2026-07-16T11:27:04.6903563Z","type":"sample"}
{"channel":"rr","display":53.57142857142857,"mu":0,"quality":"OUT_OF_RANGE","raw":279,"sigma":1.5,"state":"IDLE","t":"2026-07-16T11:27:04.7311155Z","type":"sample"}
{"channel":"gsr","display":2788.2,"mu":0,"quality":"OK","raw":2788.2,"sigma":10,"state":"IDLE","t":"2026-07-16T11:27:04.7647901Z","type":"sample"}
{"channel":"rr","display":53.57142857142857,"mu":0,"quality":"OUT_OF_RANGE","raw":279.2,"sigma":1.5,"state":"IDLE","t":"2026-07-16T11:27:04.7700389Z","type":"sample"}
{"channel":"rr","display":53.57142857142857,"mu":0,"quality":"OUT_OF_RANGE","raw":278.5,"sigma":1.5,"state":"IDLE","t":"2026-07-16T11:27:04.8113479Z","type":"sample"}
{"channel":"rr","display":53.57142857142857,"mu":0,"quality":"OUT_OF_RANGE","raw":279.9,"sigma":1.5,"state":"IDLE","t":"2026-07-16T11:27:04.8506389Z","type":"sample"}
{"channel":"gsr","display":2793.2,"mu":0,"quality":"OK","raw":2793.2,"sigma":10,"state":"IDLE","t":"2026-07-16T11:27:04.864806Z","type":"sample"}
{"channel":"rr","display":53.57142857142857,"mu":0,"quality":"OUT_OF_RANGE","raw":278.9,"sigma":1.5,"state":"IDLE","t":"2026-07-16T11:27:04.8903658Z","type":"sample"}
{"channel":"rr","display":53.57142857142857,"mu":0,"quality":"OUT_OF_RANGE","raw":279.6,"sigma":1.5,"state":"IDLE","t":"2026-07-16T11:27:04.9308816Z","type":"sample"}
{"channel":"gsr","display":2795.9,"mu":0,"quality":"OK","raw":2795.9,"sigma":10,"state":"IDLE","t":"2026-07-16T11:27:04.9648283Z","type":"sample"}
{"channel":"hr","display":0,"mu":0,"quality":"OUT_OF_RANGE","raw":0,"sigma":3,"state":"IDLE","t":"2026-07-16T11:27:04.9659322Z","type":"sample"}
{"channel":"rr","display":53.57142857142857,"mu":0,"quality":"OUT_OF_RANGE","raw":279.2,"sigma":1.5,"state":"IDLE","t":"2026-07-16T11:27:04.9710151Z","type":"sample"}
{"channel":"rr","display":53.57142857142857,"mu":0,"quality":"OUT_OF_RANGE","raw":278.8,"sigma":1.5,"state":"IDLE","t":"2026-07-16T11:27:05.0103637Z","type":"sample"}
{"address":"/cue/g1/start","args":null,"channel":"system","dir":"out","t":"2026-07-16T11:27:05.031862Z","type":"osc"}
{"channel":"rr","display":53.57142857142857,"mu":0,"quality":"OUT_OF_RANGE","raw":280.7,"sigma":1.5,"state":"IDLE","t":"2026-07-16T11:27:05.0500615Z","type":"sample"}
{"channel":"gsr","display":2802.5,"mu":0,"quality":"OK","raw":2802.5,"sigma":10,"state":"IDLE","t":"2026-07-16T11:27:05.0650151Z","type":"sample"}
{"channel":"rr","display":53.57142857142857,"mu":0,"quality":"OUT_OF_RANGE","raw":279.7,"sigma":1.5,"state":"IDLE","t":"2026-07-16T11:27:05.090197Z","type":"sample"}
{"channel":"rr","display":53.57142857142857,"mu":0,"quality":"OUT_OF_RANGE","raw":278.4,"sigma":1.5,"state":"IDLE","t":"2026-07-16T11:27:05.1298751Z","type":"sample"}
{"channel":"gsr","display":2809.8,"mu":0,"quality":"OK","raw":2809.8,"sigma":10,"state":"IDLE","t":"2026-07-16T11:27:05.1646168Z","type":"sample"}
{"channel":"rr","display":53.57142857142857,"mu":0,"quality":"OUT_OF_RANGE","raw":280.5,"sigma":1.5,"state":"IDLE","t":"2026-07-16T11:27:05.1701436Z","type":"sample"}
{"channel":"rr","display":53.57142857142857,"mu":0,"quality":"OUT_OF_RANGE","raw":279.5,"sigma":1.5,"state":"IDLE","t":"2026-07-16T11:27:05.2106939Z","type":"sample"}
{"channel":"rr","display":53.57142857142857,"mu":0,"quality":"OUT_OF_RANGE","raw":280.4,"sigma":1.5,"state":"IDLE","t":"2026-07-16T11:27:05.2504267Z","type":"sample"}
{"channel":"gsr","display":2815.2,"mu":0,"quality":"OK","raw":2815.2,"sigma":10,"state":"IDLE","t":"2026-07-16T11:27:05.2644352Z","type":"sample"}
{"channel":"rr","display":53.57142857142857,"mu":0,"quality":"OUT_OF_RANGE","raw":279.4,"sigma":1.5,"state":"IDLE","t":"2026-07-16T11:27:05.2912583Z","type":"sample"}
{"channel":"rr","display":53.57142857142857,"mu":0,"quality":"OUT_OF_RANGE","raw":279.8,"sigma":1.5,"state":"IDLE","t":"2026-07-16T11:27:05.3301832Z","type":"sample"}
{"channel":"gsr","display":2821.2,"mu":0,"quality":"OK","raw":2821.2,"sigma":10,"state":"IDLE","t":"2026-07-16T11:27:05.3648888Z","type":"sample"}
{"channel":"rr","display":53.57142857142857,"mu":0,"quality":"OUT_OF_RANGE","raw":279.4,"sigma":1.5,"state":"IDLE","t":"2026-07-16T11:27:05.3709602Z","type":"sample"}
{"channel":"rr","display":53.57142857142857,"mu":0,"quality":"OUT_OF_RANGE","raw":279.2,"sigma":1.5,"state":"IDLE","t":"2026-07-16T11:27:05.4102681Z","type":"sample"}
{"channel":"rr","display":54.74452554744526,"mu":0,"quality":"OUT_OF_RANGE","raw":279.7,"sigma":1.5,"state":"IDLE","t":"2026-07-16T11:27:05.4512588Z","type":"sample"}
{"channel":"gsr","display":2831.2,"mu":0,"quality":"OK","raw":2831.2,"sigma":10,"state":"IDLE","t":"2026-07-16T11:27:05.4647114Z","type":"sample"}
{"channel":"hr","display":0,"mu":0,"quality":"OUT_OF_RANGE","raw":0,"sigma":3,"state":"IDLE","t":"2026-07-16T11:27:05.4654653Z","type":"sample"}
{"channel":"rr","display":54.74452554744526,"mu":0,"quality":"OUT_OF_RANGE","raw":279.7,"sigma":1.5,"state":"IDLE","t":"2026-07-16T11:27:05.4907779Z","type":"sample"}
{"channel":"rr","display":54.74452554744526,"mu":0,"quality":"OUT_OF_RANGE","raw":279.3,"sigma":1.5,"state":"IDLE","t":"2026-07-16T11:27:05.5300119Z","type":"sample"}
{"channel":"gsr","display":2836.2,"mu":0,"quality":"OK","raw":2836.2,"sigma":10,"state":"IDLE","t":"2026-07-16T11:27:05.5650006Z","type":"sample"}
{"channel":"rr","display":54.74452554744526,"mu":0,"quality":"OUT_OF_RANGE","raw":279.2,"sigma":1.5,"state":"IDLE","t":"2026-07-16T11:27:05.5702689Z","type":"sample"}
{"channel":"rr","display":54.74452554744526,"mu":0,"quality":"OUT_OF_RANGE","raw":279.8,"sigma":1.5,"state":"IDLE","t":"2026-07-16T11:27:05.6105559Z","type":"sample"}
{"channel":"rr","display":54.74452554744526,"mu":0,"quality":"OUT_OF_RANGE","raw":278.9,"sigma":1.5,"state":"IDLE","t":"2026-07-16T11:27:05.6504687Z","type":"sample"}
{"channel":"gsr","display":2842.5,"mu":0,"quality":"OK","raw":2842.5,"sigma":10,"state":"IDLE","t":"2026-07-16T11:27:05.6649969Z","type":"sample"}
{"address":"/cue/p/start","args":null,"channel":"system","dir":"out","t":"2026-07-16T11:27:05.6808713Z","type":"osc"}
{"channel":"rr","display":54.74452554744526,"mu":0,"quality":"OUT_OF_RANGE","raw":279.8,"sigma":1.5,"state":"IDLE","t":"2026-07-16T11:27:05.6899441Z","type":"sample"}
{"channel":"rr","display":54.74452554744526,"mu":0,"quality":"OUT_OF_RANGE","raw":280.4,"sigma":1.5,"state":"IDLE","t":"2026-07-16T11:27:05.7303096Z","type":"sample"}
{"channel":"gsr","display":2844.8,"mu":0,"quality":"OK","raw":2844.8,"sigma":10,"state":"IDLE","t":"2026-07-16T11:27:05.7649156Z","type":"sample"}
{"channel":"rr","display":54.74452554744526,"mu":0,"quality":"OUT_OF_RANGE","raw":280.2,"sigma":1.5,"state":"IDLE","t":"2026-07-16T11:27:05.7703751Z","type":"sample"}
{"channel":"rr","display":54.74452554744526,"mu":0,"quality":"OUT_OF_RANGE","raw":279.2,"sigma":1.5,"state":"IDLE","t":"2026-07-16T11:27:05.8108394Z","type":"sample"}
{"channel":"rr","display":54.74452554744526,"mu":0,"quality":"OUT_OF_RANGE","raw":280.1,"sigma":1.5,"state":"IDLE","t":"2026-07-16T11:27:05.8510153Z","type":"sample"}
{"channel":"gsr","display":2854.3,"mu":0,"quality":"OK","raw":2854.3,"sigma":10,"state":"IDLE","t":"2026-07-16T11:27:05.86532Z","type":"sample"}
{"channel":"rr","display":54.74452554744526,"mu":0,"quality":"OUT_OF_RANGE","raw":279.9,"sigma":1.5,"state":"IDLE","t":"2026-07-16T11:27:05.8908313Z","type":"sample"}
{"channel":"rr","display":54.74452554744526,"mu":0,"quality":"OUT_OF_RANGE","raw":279.4,"sigma":1.5,"state":"IDLE","t":"2026-07-16T11:27:05.9309977Z","type":"sample"}
{"channel":"gsr","display":2857.2,"mu":0,"quality":"OK","raw":2857.2,"sigma":10,"state":"IDLE","t":"2026-07-16T11:27:05.9645065Z","type":"sample"}
{"channel":"hr","display":0,"mu":0,"quality":"OUT_OF_RANGE","raw":0,"sigma":3,"state":"IDLE","t":"2026-07-16T11:27:05.9655361Z","type":"sample"}
{"channel":"rr","display":54.74452554744526,"mu":0,"quality":"OUT_OF_RANGE","raw":278.5,"sigma":1.5,"state":"IDLE","t":"2026-07-16T11:27:05.9711367Z","type":"sample"}
{"channel":"rr","display":54.74452554744526,"mu":0,"quality":"OUT_OF_RANGE","raw":279,"sigma":1.5,"state":"IDLE","t":"2026-07-16T11:27:06.0110817Z","type":"sample"}
{"address":"/cue/g1/start","args":null,"channel":"system","dir":"out","t":"2026-07-16T11:27:06.0377589Z","type":"osc"}
{"channel":"rr","display":54.74452554744526,"mu":0,"quality":"OUT_OF_RANGE","raw":279.7,"sigma":1.5,"state":"IDLE","t":"2026-07-16T11:27:06.0502517Z","type":"sample"}
{"channel":"gsr","display":2864.8,"mu":0,"quality":"OK","raw":2864.8,"sigma":10,"state":"IDLE","t":"2026-07-16T11:27:06.0648053Z","type":"sample"}
{"channel":"rr","display":54.74452554744526,"mu":0,"quality":"OUT_OF_RANGE","raw":279.9,"sigma":1.5,"state":"IDLE","t":"2026-07-16T11:27:06.0900732Z","type":"sample"}
{"channel":"rr","display":54.74452554744526,"mu":0,"quality":"OUT_OF_RANGE","raw":279.5,"sigma":1.5,"state":"IDLE","t":"2026-07-16T11:27:06.1310622Z","type":"sample"}
{"channel":"gsr","display":2871.5,"mu":0,"quality":"OK","raw":2871.5,"sigma":10,"state":"IDLE","t":"2026-07-16T11:27:06.1649694Z","type":"sample"}
{"channel":"rr","display":54.74452554744526,"mu":0,"quality":"OUT_OF_RANGE","raw":279.8,"sigma":1.5,"state":"IDLE","t":"2026-07-16T11:27:06.1704639Z","type":"sample"}
{"channel":"rr","display":54.74452554744526,"mu":0,"quality":"OUT_OF_RANGE","raw":279.3,"sigma":1.5,"state":"IDLE","t":"2026-07-16T11:27:06.2110275Z","type":"sample"}
{"channel":"rr","display":54.74452554744526,"mu":0,"quality":"OUT_OF_RANGE","raw":280.8,"sigma":1.5,"state":"IDLE","t":"2026-07-16T11:27:06.2509304Z","type":"sample"}
{"channel":"gsr","display":2879.9,"mu":0,"quality":"OK","raw":2879.9,"sigma":10,"state":"IDLE","t":"2026-07-16T11:27:06.2644705Z","type":"sample"}
{"channel":"rr","display":54.74452554744526,"mu":0,"quality":"OUT_OF_RANGE","raw":279.8,"sigma":1.5,"state":"IDLE","t":"2026-07-16T11:27:06.2912344Z","type":"sample"}
{"channel":"rr","display":54.74452554744526,"mu":0,"quality":"OUT_OF_RANGE","raw":278.9,"sigma":1.5,"state":"IDLE","t":"2026-07-16T11:27:06.3307766Z","type":"sample"}
{"channel":"gsr","display":2882.7,"mu":0,"quality":"OK","raw":2882.7,"sigma":10,"state":"IDLE","t":"2026-07-16T11:27:06.3645436Z","type":"sample"}
{"channel":"rr","display":54.74452554744526,"mu":0,"quality":"OUT_OF_RANGE","raw":279.2,"sigma":1.5,"state":"IDLE","t":"2026-07-16T11:27:06.3709544Z","type":"sample"}
{"channel":"rr","display":54.74452554744526,"mu":0,"quality":"OUT_OF_RANGE","raw":279.4,"sigma":1.5,"state":"IDLE","t":"2026-07-16T11:27:06.4105489Z","type":"sample"}
{"channel":"rr","display":54.74452554744526,"mu":0,"quality":"OUT_OF_RANGE","raw":279.4,"sigma":1.5,"state":"IDLE","t":"2026-07-16T11:27:06.4506156Z","type":"sample"}
{"channel":"gsr","display":2891.1,"mu":0,"quality":"OK","raw":2891.1,"sigma":10,"state":"IDLE","t":"2026-07-16T11:27:06.4646475Z","type":"sample"}
{"channel":"hr","display":0,"mu":0,"quality":"OUT_OF_RANGE","raw":0,"sigma":3,"state":"IDLE","t":"2026-07-16T11:27:06.4661626Z","type":"sample"}
{"channel":"rr","display":54.74452554744526,"mu":0,"quality":"OUT_OF_RANGE","raw":279.5,"sigma":1.5,"state":"IDLE","t":"2026-07-16T11:27:06.4910739Z","type":"sample"}
{"channel":"rr","display":54.74452554744526,"mu":0,"quality":"OUT_OF_RANGE","raw":279.4,"sigma":1.5,"state":"IDLE","t":"2026-07-16T11:27:06.5308839Z","type":"sample"}
{"channel":"gsr","display":2894.5,"mu":0,"quality":"OK","raw":2894.5,"sigma":10,"state":"IDLE","t":"2026-07-16T11:27:06.5644635Z","type":"sample"}
{"channel":"rr","display":56.390977443609025,"mu":0,"quality":"OUT_OF_RANGE","raw":280,"sigma":1.5,"state":"IDLE","t":"2026-07-16T11:27:06.5709724Z","type":"sample"}
{"channel":"rr","display":56.390977443609025,"mu":0,"quality":"OUT_OF_RANGE","raw":279.4,"sigma":1.5,"state":"IDLE","t":"2026-07-16T11:27:06.6110949Z","type":"sample"}
{"channel":"rr","display":56.390977443609025,"mu":0,"quality":"OUT_OF_RANGE","raw":279.4,"sigma":1.5,"state":"IDLE","t":"2026-07-16T11:27:06.650135Z","type":"sample"}
{"channel":"gsr","display":2904.3,"mu":0,"quality":"OK","raw":2904.3,"sigma":10,"state":"IDLE","t":"2026-07-16T11:27:06.6648662Z","type":"sample"}
{"address":"/cue/p/start","args":null,"channel":"system","dir":"out","t":"2026-07-16T11:27:06.6814059Z","type":"osc"}
{"channel":"rr","display":56.390977443609025,"mu":0,"quality":"OUT_OF_RANGE","raw":279.7,"sigma":1.5,"state":"IDLE","t":"2026-07-16T11:27:06.6909766Z","type":"sample"}
{"channel":"rr","display":56.390977443609025,"mu":0,"quality":"OUT_OF_RANGE","raw":280,"sigma":1.5,"state":"IDLE","t":"2026-07-16T11:27:06.730248Z","type":"sample"}
{"channel":"gsr","display":2904.1,"mu":0,"quality":"OK","raw":2904.1,"sigma":10,"state":"IDLE","t":"2026-07-16T11:27:06.7647963Z","type":"sample"}
{"channel":"rr","display":56.390977443609025,"mu":0,"quality":"OUT_OF_RANGE","raw":279.6,"sigma":1.5,"state":"IDLE","t":"2026-07-16T11:27:06.7704266Z","type":"sample"}
{"channel":"rr","display":56.390977443609025,"mu":0,"quality":"OUT_OF_RANGE","raw":279.8,"sigma":1.5,"state":"IDLE","t":"2026-07-16T11:27:06.8111203Z","type":"sample"}
{"channel":"rr","display":56.390977443609025,"mu":0,"quality":"OUT_OF_RANGE","raw":280.2,"sigma":1.5,"state":"IDLE","t":"2026-07-16T11:27:06.8509438Z","type":"sample"}
{"channel":"gsr","display":2910.1,"mu":0,"quality":"OK","raw":2910.1,"sigma":10,"state":"IDLE","t":"2026-07-16T11:27:06.8636159Z","type":"sample"}
{"channel":"rr","display":56.390977443609025,"mu":0,"quality":"OUT_OF_RANGE","raw":279,"sigma":1.5,"state":"IDLE","t":"2026-07-16T11:27:06.8910148Z","type":"sample"}
{"channel":"rr","display":56.390977443609025,"mu":0,"quality":"OUT_OF_RANGE","raw":280.5,"sigma":1.5,"state":"IDLE","t":"2026-07-16T11:27:06.9309402Z","type":"sample"}
{"channel":"gsr","display":2913.7,"mu":0,"quality":"OK","raw":2913.7,"sigma":10,"state":"IDLE","t":"2026-07-16T11:27:06.9646322Z","type":"sample"}
{"channel":"hr","display":0,"mu":0,"quality":"OUT_OF_RANGE","raw":0,"sigma":3,"state":"IDLE","t":"2026-07-16T11:27:06.9657893Z","type":"sample"}
{"channel":"rr","display":56.390977443609025,"mu":0,"quality":"OUT_OF_RANGE","raw":279.6,"sigma":1.5,"state":"IDLE","t":"2026-07-16T11:27:06.9702734Z","type":"sample"}
{"channel":"rr","display":56.390977443609025,"mu":0,"quality":"OUT_OF_RANGE","raw":279.1,"sigma":1.5,"state":"IDLE","t":"2026-07-16T11:27:07.0106511Z","type":"sample"}
{"address":"/cue/g1/start","args":null,"channel":"system","dir":"out","t":"2026-07-16T11:27:07.0419996Z","type":"osc"}
{"channel":"rr","display":56.390977443609025,"mu":0,"quality":"OUT_OF_RANGE","raw":279.7,"sigma":1.5,"state":"IDLE","t":"2026-07-16T11:27:07.0502724Z","type":"sample"}
{"channel":"gsr","display":2918.3,"mu":0,"quality":"OK","raw":2918.3,"sigma":10,"state":"IDLE","t":"2026-07-16T11:27:07.065278Z","type":"sample"}
{"channel":"rr","display":56.390977443609025,"mu":0,"quality":"OUT_OF_RANGE","raw":280.4,"sigma":1.5,"state":"IDLE","t":"2026-07-16T11:27:07.0908564Z","type":"sample"}
{"channel":"rr","display":56.390977443609025,"mu":0,"quality":"OUT_OF_RANGE","raw":280.2,"sigma":1.5,"state":"IDLE","t":"2026-07-16T11:27:07.1311552Z","type":"sample"}
{"channel":"gsr","display":2927.2,"mu":0,"quality":"OK","raw":2927.2,"sigma":10,"state":"IDLE","t":"2026-07-16T11:27:07.1648776Z","type":"sample"}
{"channel":"rr","display":56.390977443609025,"mu":0,"quality":"OUT_OF_RANGE","raw":279.8,"sigma":1.5,"state":"IDLE","t":"2026-07-16T11:27:07.1707301Z","type":"sample"}
{"channel":"rr","display":56.390977443609025,"mu":0,"quality":"OUT_OF_RANGE","raw":280.3,"sigma":1.5,"state":"IDLE","t":"2026-07-16T11:27:07.2111425Z","type":"sample"}
{"channel":"rr","display":56.390977443609025,"mu":0,"quality":"OUT_OF_RANGE","raw":280.2,"sigma":1.5,"state":"IDLE","t":"2026-07-16T11:27:07.250092Z","type":"sample"}
{"channel":"gsr","display":2935.4,"mu":0,"quality":"OK","raw":2935.4,"sigma":10,"state":"IDLE","t":"2026-07-16T11:27:07.2647165Z","type":"sample"}
{"channel":"rr","display":56.390977443609025,"mu":0,"quality":"OUT_OF_RANGE","raw":279.6,"sigma":1.5,"state":"IDLE","t":"2026-07-16T11:27:07.2908775Z","type":"sample"}
{"channel":"rr","display":56.390977443609025,"mu":0,"quality":"OUT_OF_RANGE","raw":278.8,"sigma":1.5,"state":"IDLE","t":"2026-07-16T11:27:07.3310438Z","type":"sample"}
{"channel":"gsr","display":2939,"mu":0,"quality":"OK","raw":2939,"sigma":10,"state":"IDLE","t":"2026-07-16T11:27:07.364521Z","type":"sample"}
{"channel":"rr","display":56.390977443609025,"mu":0,"quality":"OUT_OF_RANGE","raw":278.9,"sigma":1.5,"state":"IDLE","t":"2026-07-16T11:27:07.3709503Z","type":"sample"}
{"channel":"rr","display":56.390977443609025,"mu":0,"quality":"OUT_OF_RANGE","raw":279.6,"sigma":1.5,"state":"IDLE","t":"2026-07-16T11:27:07.4103041Z","type":"sample"}
{"channel":"rr","display":56.390977443609025,"mu":0,"quality":"OUT_OF_RANGE","raw":279.8,"sigma":1.5,"state":"IDLE","t":"2026-07-16T11:27:07.4502753Z","type":"sample"}
{"channel":"gsr","display":2947.1,"mu":0,"quality":"OK","raw":2947.1,"sigma":10,"state":"IDLE","t":"2026-07-16T11:27:07.4646818Z","type":"sample"}
{"channel":"hr","display":0,"mu":0,"quality":"OUT_OF_RANGE","raw":0,"sigma":3,"state":"IDLE","t":"2026-07-16T11:27:07.4657141Z","type":"sample"}
{"channel":"rr","display":56.390977443609025,"mu":0,"quality":"OUT_OF_RANGE","raw":279.4,"sigma":1.5,"state":"IDLE","t":"2026-07-16T11:27:07.49114Z","type":"sample"}
{"channel":"rr","display":56.390977443609025,"mu":0,"quality":"OUT_OF_RANGE","raw":279.9,"sigma":1.5,"state":"IDLE","t":"2026-07-16T11:27:07.5303117Z","type":"sample"}
{"channel":"gsr","display":2950.8,"mu":0,"quality":"OK","raw":2950.8,"sigma":10,"state":"IDLE","t":"2026-07-16T11:27:07.5645108Z","type":"sample"}
{"channel":"rr","display":56.390977443609025,"mu":0,"quality":"OUT_OF_RANGE","raw":279.4,"sigma":1.5,"state":"IDLE","t":"2026-07-16T11:27:07.5709313Z","type":"sample"}
{"channel":"rr","display":56.81818181818182,"mu":0,"quality":"OUT_OF_RANGE","raw":280.2,"sigma":1.5,"state":"IDLE","t":"2026-07-16T11:27:07.6102966Z","type":"sample"}
{"channel":"rr","display":56.81818181818182,"mu":0,"quality":"OUT_OF_RANGE","raw":280.1,"sigma":1.5,"state":"IDLE","t":"2026-07-16T11:27:07.6501622Z","type":"sample"}
{"channel":"gsr","display":2950.6,"mu":0,"quality":"OK","raw":2950.6,"sigma":10,"state":"IDLE","t":"2026-07-16T11:27:07.6645317Z","type":"sample"}
{"address":"/cue/p/start","args":null,"channel":"system","dir":"out","t":"2026-07-16T11:27:07.680789Z","type":"osc"}
{"channel":"rr","display":56.81818181818182,"mu":0,"quality":"OUT_OF_RANGE","raw":279.2,"sigma":1.5,"state":"IDLE","t":"2026-07-16T11:27:07.6900703Z","type":"sample"}
{"channel":"rr","display":56.81818181818182,"mu":0,"quality":"OUT_OF_RANGE","raw":278.9,"sigma":1.5,"state":"IDLE","t":"2026-07-16T11:27:07.7310962Z","type":"sample"}
{"channel":"gsr","display":2956.2,"mu":0,"quality":"OK","raw":2956.2,"sigma":10,"state":"IDLE","t":"2026-07-16T11:27:07.7645876Z","type":"sample"}
{"channel":"rr","display":56.81818181818182,"mu":0,"quality":"OUT_OF_RANGE","raw":280,"sigma":1.5,"state":"IDLE","t":"2026-07-16T11:27:07.7702887Z","type":"sample"}
{"channel":"rr","display":56.81818181818182,"mu":0,"quality":"OUT_OF_RANGE","raw":279.9,"sigma":1.5,"state":"IDLE","t":"2026-07-16T11:27:07.8109573Z","type":"sample"}
{"channel":"rr","display":56.81818181818182,"mu":0,"quality":"OUT_OF_RANGE","raw":280,"sigma":1.5,"state":"IDLE","t":"2026-07-16T11:27:07.8509097Z","type":"sample"}
{"channel":"gsr","display":2961.2,"mu":0,"quality":"OK","raw":2961.2,"sigma":10,"state":"IDLE","t":"2026-07-16T11:27:07.8649977Z","type":"sample"}
{"channel":"rr","display":56.81818181818182,"mu":0,"quality":"OUT_OF_RANGE","raw":279.2,"sigma":1.5,"state":"IDLE","t":"2026-07-16T11:27:07.8905479Z","type":"sample"}
{"channel":"rr","display":56.81818181818182,"mu":0,"quality":"OUT_OF_RANGE","raw":279.8,"sigma":1.5,"state":"IDLE","t":"2026-07-16T11:27:07.930332Z","type":"sample"}
{"channel":"gsr","display":2965.7,"mu":0,"quality":"OK","raw":2965.7,"sigma":10,"state":"IDLE","t":"2026-07-16T11:27:07.9644517Z","type":"sample"}
{"channel":"hr","display":0,"mu":0,"quality":"OUT_OF_RANGE","raw":0,"sigma":3,"state":"IDLE","t":"2026-07-16T11:27:07.9656618Z","type":"sample"}
{"channel":"rr","display":56.81818181818182,"mu":0,"quality":"OUT_OF_RANGE","raw":279.9,"sigma":1.5,"state":"IDLE","t":"2026-07-16T11:27:07.9704591Z","type":"sample"}
{"channel":"rr","display":56.81818181818182,"mu":0,"quality":"OUT_OF_RANGE","raw":280.2,"sigma":1.5,"state":"IDLE","t":"2026-07-16T11:27:08.0101912Z","type":"sample"}
{"address":"/cue/g1/start","args":null,"channel":"system","dir":"out","t":"2026-07-16T11:27:08.0489039Z","type":"osc"}
{"channel":"rr","display":56.81818181818182,"mu":0,"quality":"OUT_OF_RANGE","raw":279.9,"sigma":1.5,"state":"IDLE","t":"2026-07-16T11:27:08.051075Z","type":"sample"}
{"channel":"gsr","display":2969.4,"mu":0,"quality":"OK","raw":2969.4,"sigma":10,"state":"IDLE","t":"2026-07-16T11:27:08.0645936Z","type":"sample"}
{"channel":"rr","display":56.81818181818182,"mu":0,"quality":"OUT_OF_RANGE","raw":279.7,"sigma":1.5,"state":"IDLE","t":"2026-07-16T11:27:08.0906968Z","type":"sample"}
{"channel":"rr","display":56.81818181818182,"mu":0,"quality":"OUT_OF_RANGE","raw":279.7,"sigma":1.5,"state":"IDLE","t":"2026-07-16T11:27:08.1309237Z","type":"sample"}
{"channel":"gsr","display":2973.9,"mu":0,"quality":"OK","raw":2973.9,"sigma":10,"state":"IDLE","t":"2026-07-16T11:27:08.1644803Z","type":"sample"}
{"channel":"rr","display":56.81818181818182,"mu":0,"quality":"OUT_OF_RANGE","raw":280,"sigma":1.5,"state":"IDLE","t":"2026-07-16T11:27:08.1709523Z","type":"sample"}
{"channel":"rr","display":56.81818181818182,"mu":0,"quality":"OUT_OF_RANGE","raw":279.3,"sigma":1.5,"state":"IDLE","t":"2026-07-16T11:27:08.210443Z","type":"sample"}
{"channel":"rr","display":56.81818181818182,"mu":0,"quality":"OUT_OF_RANGE","raw":278.8,"sigma":1.5,"state":"IDLE","t":"2026-07-16T11:27:08.2501828Z","type":"sample"}
{"channel":"gsr","display":2984.1,"mu":0,"quality":"OK","raw":2984.1,"sigma":10,"state":"IDLE","t":"2026-07-16T11:27:08.2652871Z","type":"sample"}
{"channel":"rr","display":56.81818181818182,"mu":0,"quality":"OUT_OF_RANGE","raw":280,"sigma":1.5,"state":"IDLE","t":"2026-07-16T11:27:08.2906305Z","type":"sample"}
{"channel":"rr","display":56.81818181818182,"mu":0,"quality":"OUT_OF_RANGE","raw":278.9,"sigma":1.5,"state":"IDLE","t":"2026-07-16T11:27:08.3300838Z","type":"sample"}
{"channel":"gsr","display":2988.4,"mu":0,"quality":"OK","raw":2988.4,"sigma":10,"state":"IDLE","t":"2026-07-16T11:27:08.3645644Z","type":"sample"}
{"channel":"rr","display":56.81818181818182,"mu":0,"quality":"OUT_OF_RANGE","raw":279.7,"sigma":1.5,"state":"IDLE","t":"2026-07-16T11:27:08.3703063Z","type":"sample"}
{"channel":"rr","display":56.81818181818182,"mu":0,"quality":"OUT_OF_RANGE","raw":280.2,"sigma":1.5,"state":"IDLE","t":"2026-07-16T11:27:08.4110721Z","type":"sample"}
{"channel":"rr","display":56.81818181818182,"mu":0,"quality":"OUT_OF_RANGE","raw":278.9,"sigma":1.5,"state":"IDLE","t":"2026-07-16T11:27:08.4510763Z","type":"sample"}
{"channel":"gsr","display":2992.4,"mu":0,"quality":"OK","raw":2992.4,"sigma":10,"state":"IDLE","t":"2026-07-16T11:27:08.4649144Z","type":"sample"}
{"channel":"hr","display":0,"mu":0,"quality":"OUT_OF_RANGE","raw":0,"sigma":3,"state":"IDLE","t":"2026-07-16T11:27:08.4660821Z","type":"sample"}
{"channel":"rr","display":56.81818181818182,"mu":0,"quality":"OUT_OF_RANGE","raw":279.8,"sigma":1.5,"state":"IDLE","t":"2026-07-16T11:27:08.4908839Z","type":"sample"}
{"channel":"rr","display":56.81818181818182,"mu":0,"quality":"OUT_OF_RANGE","raw":280.1,"sigma":1.5,"state":"IDLE","t":"2026-07-16T11:27:08.5303064Z","type":"sample"}
{"channel":"gsr","display":2998,"mu":0,"quality":"OK","raw":2998,"sigma":10,"state":"IDLE","t":"2026-07-16T11:27:08.564614Z","type":"sample"}
{"channel":"rr","display":56.81818181818182,"mu":0,"quality":"OUT_OF_RANGE","raw":279.8,"sigma":1.5,"state":"IDLE","t":"2026-07-16T11:27:08.5703755Z","type":"sample"}
{"channel":"rr","display":56.81818181818182,"mu":0,"quality":"OUT_OF_RANGE","raw":279.6,"sigma":1.5,"state":"IDLE","t":"2026-07-16T11:27:08.6111874Z","type":"sample"}
{"channel":"rr","display":56.81818181818182,"mu":0,"quality":"OUT_OF_RANGE","raw":279.6,"sigma":1.5,"state":"IDLE","t":"2026-07-16T11:27:08.6506827Z","type":"sample"}
{"channel":"gsr","display":2997.4,"mu":0,"quality":"OK","raw":2997.4,"sigma":10,"state":"IDLE","t":"2026-07-16T11:27:08.6651687Z","type":"sample"}
{"address":"/cue/p/start","args":null,"channel":"system","dir":"out","t":"2026-07-16T11:27:08.6808672Z","type":"osc"}
{"channel":"rr","display":56.81818181818182,"mu":0,"quality":"OUT_OF_RANGE","raw":279.9,"sigma":1.5,"state":"IDLE","t":"2026-07-16T11:27:08.690938Z","type":"sample"}
{"channel":"rr","display":56.81818181818182,"mu":0,"quality":"OUT_OF_RANGE","raw":279.8,"sigma":1.5,"state":"IDLE","t":"2026-07-16T11:27:08.7310972Z","type":"sample"}
{"channel":"gsr","display":3005.4,"mu":0,"quality":"OK","raw":3005.4,"sigma":10,"state":"IDLE","t":"2026-07-16T11:27:08.7652344Z","type":"sample"}
{"channel":"rr","display":56.81818181818182,"mu":0,"quality":"OUT_OF_RANGE","raw":279.9,"sigma":1.5,"state":"IDLE","t":"2026-07-16T11:27:08.7703088Z","type":"sample"}
{"channel":"rr","display":56.81818181818182,"mu":0,"quality":"OUT_OF_RANGE","raw":280.5,"sigma":1.5,"state":"IDLE","t":"2026-07-16T11:27:08.8110797Z","type":"sample"}
{"channel":"rr","display":56.81818181818182,"mu":0,"quality":"OUT_OF_RANGE","raw":279.2,"sigma":1.5,"state":"IDLE","t":"2026-07-16T11:27:08.8501711Z","type":"sample"}
{"channel":"gsr","display":3008.5,"mu":0,"quality":"OK","raw":3008.5,"sigma":10,"state":"IDLE","t":"2026-07-16T11:27:08.8648567Z","type":"sample"}
{"channel":"rr","display":54.74452554744526,"mu":0,"quality":"OUT_OF_RANGE","raw":279.9,"sigma":1.5,"state":"IDLE","t":"2026-07-16T11:27:08.8912706Z","type":"sample"}
{"channel":"rr","display":54.74452554744526,"mu":0,"quality":"OUT_OF_RANGE","raw":278.8,"sigma":1.5,"state":"IDLE","t":"2026-07-16T11:27:08.9303479Z","type":"sample"}
{"channel":"gsr","display":3010.4,"mu":0,"quality":"OK","raw":3010.4,"sigma":10,"state":"IDLE","t":"2026-07-16T11:27:08.9645904Z","type":"sample"}
{"channel":"hr","display":0,"mu":0,"quality":"OUT_OF_RANGE","raw":0,"sigma":3,"state":"IDLE","t":"2026-07-16T11:27:08.9656369Z","type":"sample"}
{"channel":"rr","display":54.74452554744526,"mu":0,"quality":"OUT_OF_RANGE","raw":280,"sigma":1.5,"state":"IDLE","t":"2026-07-16T11:27:08.9699111Z","type":"sample"}
{"channel":"rr","display":54.74452554744526,"mu":0,"quality":"OUT_OF_RANGE","raw":279.3,"sigma":1.5,"state":"IDLE","t":"2026-07-16T11:27:09.0105439Z","type":"sample"}
{"channel":"rr","display":54.74452554744526,"mu":0,"quality":"OUT_OF_RANGE","raw":279.8,"sigma":1.5,"state":"IDLE","t":"2026-07-16T11:27:09.0510554Z","type":"sample"}
{"address":"/cue/g1/start","args":null,"channel":"system","dir":"out","t":"2026-07-16T11:27:09.0557865Z","type":"osc"}
{"channel":"gsr","display":3017.9,"mu":0,"quality":"OK","raw":3017.9,"sigma":10,"state":"IDLE","t":"2026-07-16T11:27:09.0649464Z","type":"sample"}
{"channel":"rr","display":54.74452554744526,"mu":0,"quality":"OUT_OF_RANGE","raw":280.1,"sigma":1.5,"state":"IDLE","t":"2026-07-16T11:27:09.0905345Z","type":"sample"}
{"channel":"rr","display":54.74452554744526,"mu":0,"quality":"OUT_OF_RANGE","raw":279.2,"sigma":1.5,"state":"IDLE","t":"2026-07-16T11:27:09.1306975Z","type":"sample"}
{"channel":"gsr","display":3025.2,"mu":0,"quality":"OK","raw":3025.2,"sigma":10,"state":"IDLE","t":"2026-07-16T11:27:09.1650794Z","type":"sample"}
{"channel":"rr","display":54.74452554744526,"mu":0,"quality":"OUT_OF_RANGE","raw":279.4,"sigma":1.5,"state":"IDLE","t":"2026-07-16T11:27:09.1708787Z","type":"sample"}
{"channel":"rr","display":54.74452554744526,"mu":0,"quality":"OUT_OF_RANGE","raw":280,"sigma":1.5,"state":"IDLE","t":"2026-07-16T11:27:09.2110132Z","type":"sample"}
{"channel":"rr","display":54.74452554744526,"mu":0,"quality":"OUT_OF_RANGE","raw":279.8,"sigma":1.5,"state":"IDLE","t":"2026-07-16T11:27:09.2510189Z","type":"sample"}
{"channel":"gsr","display":3032.7,"mu":0,"quality":"OK","raw":3032.7,"sigma":10,"state":"IDLE","t":"2026-07-16T11:27:09.2652171Z","type":"sample"}
{"channel":"rr","display":54.74452554744526,"mu":0,"quality":"OUT_OF_RANGE","raw":279.1,"sigma":1.5,"state":"IDLE","t":"2026-07-16T11:27:09.2912109Z","type":"sample"}
{"channel":"rr","display":54.74452554744526,"mu":0,"quality":"OUT_OF_RANGE","raw":280.2,"sigma":1.5,"state":"IDLE","t":"2026-07-16T11:27:09.3309373Z","type":"sample"}
{"channel":"gsr","display":3034,"mu":0,"quality":"OK","raw":3034,"sigma":10,"state":"IDLE","t":"2026-07-16T11:27:09.3649527Z","type":"sample"}
{"channel":"rr","display":54.74452554744526,"mu":0,"quality":"OUT_OF_RANGE","raw":279.7,"sigma":1.5,"state":"IDLE","t":"2026-07-16T11:27:09.3703402Z","type":"sample"}
{"channel":"rr","display":54.74452554744526,"mu":0,"quality":"OUT_OF_RANGE","raw":279.9,"sigma":1.5,"state":"IDLE","t":"2026-07-16T11:27:09.4107302Z","type":"sample"}
{"channel":"rr","display":54.74452554744526,"mu":0,"quality":"OUT_OF_RANGE","raw":280.2,"sigma":1.5,"state":"IDLE","t":"2026-07-16T11:27:09.4510704Z","type":"sample"}
{"channel":"gsr","display":3039.6,"mu":0,"quality":"OK","raw":3039.6,"sigma":10,"state":"IDLE","t":"2026-07-16T11:27:09.4648913Z","type":"sample"}
{"channel":"hr","display":0,"mu":0,"quality":"OUT_OF_RANGE","raw":0,"sigma":3,"state":"IDLE","t":"2026-07-16T11:27:09.4654263Z","type":"sample"}
{"channel":"rr","display":54.74452554744526,"mu":0,"quality":"OUT_OF_RANGE","raw":280,"sigma":1.5,"state":"IDLE","t":"2026-07-16T11:27:09.4901917Z","type":"sample"}
{"channel":"rr","display":54.74452554744526,"mu":0,"quality":"OUT_OF_RANGE","raw":280,"sigma":1.5,"state":"IDLE","t":"2026-07-16T11:27:09.5310762Z","type":"sample"}
{"channel":"gsr","display":3043.2,"mu":0,"quality":"OK","raw":3043.2,"sigma":10,"state":"IDLE","t":"2026-07-16T11:27:09.5644437Z","type":"sample"}
{"channel":"rr","display":54.74452554744526,"mu":0,"quality":"OUT_OF_RANGE","raw":279,"sigma":1.5,"state":"IDLE","t":"2026-07-16T11:27:09.57104Z","type":"sample"}
{"channel":"rr","display":54.74452554744526,"mu":0,"quality":"OUT_OF_RANGE","raw":280.1,"sigma":1.5,"state":"IDLE","t":"2026-07-16T11:27:09.611026Z","type":"sample"}
{"channel":"rr","display":54.74452554744526,"mu":0,"quality":"OUT_OF_RANGE","raw":279.5,"sigma":1.5,"state":"IDLE","t":"2026-07-16T11:27:09.6510292Z","type":"sample"}
{"channel":"gsr","display":3052.4,"mu":0,"quality":"OK","raw":3052.4,"sigma":10,"state":"IDLE","t":"2026-07-16T11:27:09.6646444Z","type":"sample"}
{"address":"/cue/p/start","args":null,"channel":"system","dir":"out","t":"2026-07-16T11:27:09.6812504Z","type":"osc"}
{"channel":"rr","display":54.74452554744526,"mu":0,"quality":"OUT_OF_RANGE","raw":280.3,"sigma":1.5,"state":"IDLE","t":"2026-07-16T11:27:09.6910559Z","type":"sample"}
{"channel":"rr","display":54.74452554744526,"mu":0,"quality":"OUT_OF_RANGE","raw":280.2,"sigma":1.5,"state":"IDLE","t":"2026-07-16T11:27:09.7310796Z","type":"sample"}
{"channel":"gsr","display":3054,"mu":0,"quality":"OK","raw":3054,"sigma":10,"state":"IDLE","t":"2026-07-16T11:27:09.7648477Z","type":"sample"}
{"channel":"rr","display":54.74452554744526,"mu":0,"quality":"OUT_OF_RANGE","raw":280.5,"sigma":1.5,"state":"IDLE","t":"2026-07-16T11:27:09.7703479Z","type":"sample"}
{"channel":"rr","display":54.74452554744526,"mu":0,"quality":"OUT_OF_RANGE","raw":279.4,"sigma":1.5,"state":"IDLE","t":"2026-07-16T11:27:09.8110527Z","type":"sample"}
{"channel":"rr","display":54.74452554744526,"mu":0,"quality":"OUT_OF_RANGE","raw":280.1,"sigma":1.5,"state":"IDLE","t":"2026-07-16T11:27:09.8502336Z","type":"sample"}
{"channel":"gsr","display":3057.3,"mu":0,"quality":"OK","raw":3057.3,"sigma":10,"state":"IDLE","t":"2026-07-16T11:27:09.8649665Z","type":"sample"}
{"channel":"rr","display":54.74452554744526,"mu":0,"quality":"OUT_OF_RANGE","raw":279.8,"sigma":1.5,"state":"IDLE","t":"2026-07-16T11:27:09.8909733Z","type":"sample"}
{"channel":"rr","display":54.74452554744526,"mu":0,"quality":"OUT_OF_RANGE","raw":279.7,"sigma":1.5,"state":"IDLE","t":"2026-07-16T11:27:09.930855Z","type":"sample"}
{"channel":"gsr","display":3064.4,"mu":0,"quality":"OK","raw":3064.4,"sigma":10,"state":"IDLE","t":"2026-07-16T11:27:09.9644462Z","type":"sample"}
{"channel":"hr","display":0,"mu":0,"quality":"OUT_OF_RANGE","raw":0,"sigma":3,"state":"IDLE","t":"2026-07-16T11:27:09.9654559Z","type":"sample"}
{"channel":"rr","display":54.74452554744526,"mu":0,"quality":"OUT_OF_RANGE","raw":279.4,"sigma":1.5,"state":"IDLE","t":"2026-07-16T11:27:09.9706645Z","type":"sample"}
{"channel":"rr","display":53.9568345323741,"mu":0,"quality":"OUT_OF_RANGE","raw":279.6,"sigma":1.5,"state":"IDLE","t":"2026-07-16T11:27:10.0104441Z","type":"sample"}
{"channel":"rr","display":53.9568345323741,"mu":0,"quality":"OUT_OF_RANGE","raw":280.6,"sigma":1.5,"state":"IDLE","t":"2026-07-16T11:27:10.050431Z","type":"sample"}
{"address":"/cue/g1/start","args":null,"channel":"system","dir":"out","t":"2026-07-16T11:27:10.0618486Z","type":"osc"}
{"channel":"gsr","display":3068,"mu":0,"quality":"OK","raw":3068,"sigma":10,"state":"IDLE","t":"2026-07-16T11:27:10.0645151Z","type":"sample"}
{"channel":"rr","display":53.9568345323741,"mu":0,"quality":"OUT_OF_RANGE","raw":279.9,"sigma":1.5,"state":"IDLE","t":"2026-07-16T11:27:10.0905705Z","type":"sample"}
{"channel":"rr","display":53.9568345323741,"mu":0,"quality":"OUT_OF_RANGE","raw":278.6,"sigma":1.5,"state":"IDLE","t":"2026-07-16T11:27:10.1311824Z","type":"sample"}
{"channel":"gsr","display":3069.5,"mu":0,"quality":"OK","raw":3069.5,"sigma":10,"state":"IDLE","t":"2026-07-16T11:27:10.164614Z","type":"sample"}
{"channel":"rr","display":53.9568345323741,"mu":0,"quality":"OUT_OF_RANGE","raw":279.1,"sigma":1.5,"state":"IDLE","t":"2026-07-16T11:27:10.1703787Z","type":"sample"}
{"channel":"rr","display":53.9568345323741,"mu":0,"quality":"OUT_OF_RANGE","raw":280.4,"sigma":1.5,"state":"IDLE","t":"2026-07-16T11:27:10.2103754Z","type":"sample"}
{"channel":"rr","display":53.9568345323741,"mu":0,"quality":"OUT_OF_RANGE","raw":280.5,"sigma":1.5,"state":"IDLE","t":"2026-07-16T11:27:10.2510456Z","type":"sample"}
{"channel":"gsr","display":3076.1,"mu":0,"quality":"OK","raw":3076.1,"sigma":10,"state":"IDLE","t":"2026-07-16T11:27:10.2645823Z","type":"sample"}
{"channel":"rr","display":53.9568345323741,"mu":0,"quality":"OUT_OF_RANGE","raw":280,"sigma":1.5,"state":"IDLE","t":"2026-07-16T11:27:10.290972Z","type":"sample"}
{"channel":"rr","display":53.9568345323741,"mu":0,"quality":"OUT_OF_RANGE","raw":279,"sigma":1.5,"state":"IDLE","t":"2026-07-16T11:27:10.3308928Z","type":"sample"}
{"channel":"gsr","display":3076.9,"mu":0,"quality":"OK","raw":3076.9,"sigma":10,"state":"IDLE","t":"2026-07-16T11:27:10.364217Z","type":"sample"}
{"channel":"rr","display":53.9568345323741,"mu":0,"quality":"OUT_OF_RANGE","raw":278.8,"sigma":1.5,"state":"IDLE","t":"2026-07-16T11:27:10.3709705Z","type":"sample"}
{"channel":"rr","display":53.9568345323741,"mu":0,"quality":"OUT_OF_RANGE","raw":279.1,"sigma":1.5,"state":"IDLE","t":"2026-07-16T11:27:10.410172Z","type":"sample"}
{"channel":"rr","display":53.9568345323741,"mu":0,"quality":"OUT_OF_RANGE","raw":279.4,"sigma":1.5,"state":"IDLE","t":"2026-07-16T11:27:10.4499188Z","type":"sample"}
{"channel":"gsr","display":3081.9,"mu":0,"quality":"OK","raw":3081.9,"sigma":10,"state":"IDLE","t":"2026-07-16T11:27:10.4649174Z","type":"sample"}
{"channel":"hr","display":0,"mu":0,"quality":"OUT_OF_RANGE","raw":0,"sigma":3,"state":"IDLE","t":"2026-07-16T11:27:10.465442Z","type":"sample"}
{"channel":"rr","display":53.9568345323741,"mu":0,"quality":"OUT_OF_RANGE","raw":279.9,"sigma":1.5,"state":"IDLE","t":"2026-07-16T11:27:10.4912294Z","type":"sample"}
{"channel":"rr","display":53.9568345323741,"mu":0,"quality":"OUT_OF_RANGE","raw":280.2,"sigma":1.5,"state":"IDLE","t":"2026-07-16T11:27:10.5303299Z","type":"sample"}
{"channel":"gsr","display":3084,"mu":0,"quality":"OK","raw":3084,"sigma":10,"state":"IDLE","t":"2026-07-16T11:27:10.5648149Z","type":"sample"}
{"channel":"rr","display":53.9568345323741,"mu":0,"quality":"OUT_OF_RANGE","raw":280.9,"sigma":1.5,"state":"IDLE","t":"2026-07-16T11:27:10.5701262Z","type":"sample"}
{"channel":"rr","display":53.9568345323741,"mu":0,"quality":"OUT_OF_RANGE","raw":279.8,"sigma":1.5,"state":"IDLE","t":"2026-07-16T11:27:10.6101497Z","type":"sample"}
{"channel":"rr","display":53.9568345323741,"mu":0,"quality":"OUT_OF_RANGE","raw":280.4,"sigma":1.5,"state":"IDLE","t":"2026-07-16T11:27:10.6511974Z","type":"sample"}
{"channel":"gsr","display":3083.6,"mu":0,"quality":"OK","raw":3083.6,"sigma":10,"state":"IDLE","t":"2026-07-16T11:27:10.6643249Z","type":"sample"}
{"address":"/cue/p/start","args":null,"channel":"system","dir":"out","t":"2026-07-16T11:27:10.6810654Z","type":"osc"}
{"channel":"rr","display":53.9568345323741,"mu":0,"quality":"OUT_OF_RANGE","raw":279.8,"sigma":1.5,"state":"IDLE","t":"2026-07-16T11:27:10.691236Z","type":"sample"}
{"channel":"rr","display":53.9568345323741,"mu":0,"quality":"OUT_OF_RANGE","raw":279.8,"sigma":1.5,"state":"IDLE","t":"2026-07-16T11:27:10.7306468Z","type":"sample"}
{"channel":"gsr","display":3094.6,"mu":0,"quality":"OK","raw":3094.6,"sigma":10,"state":"IDLE","t":"2026-07-16T11:27:10.7647541Z","type":"sample"}
{"channel":"rr","display":53.9568345323741,"mu":0,"quality":"OUT_OF_RANGE","raw":279.8,"sigma":1.5,"state":"IDLE","t":"2026-07-16T11:27:10.770006Z","type":"sample"}
{"channel":"rr","display":53.9568345323741,"mu":0,"quality":"OUT_OF_RANGE","raw":280.3,"sigma":1.5,"state":"IDLE","t":"2026-07-16T11:27:10.8099733Z","type":"sample"}
{"channel":"rr","display":53.9568345323741,"mu":0,"quality":"OUT_OF_RANGE","raw":279.8,"sigma":1.5,"state":"IDLE","t":"2026-07-16T11:27:10.8500859Z","type":"sample"}
{"channel":"gsr","display":3093.7,"mu":0,"quality":"OK","raw":3093.7,"sigma":10,"state":"IDLE","t":"2026-07-16T11:27:10.8648212Z","type":"sample"}
{"channel":"rr","display":53.9568345323741,"mu":0,"quality":"OUT_OF_RANGE","raw":279.8,"sigma":1.5,"state":"IDLE","t":"2026-07-16T11:27:10.8912375Z","type":"sample"}
{"channel":"rr","display":53.9568345323741,"mu":0,"quality":"OUT_OF_RANGE","raw":280.8,"sigma":1.5,"state":"IDLE","t":"2026-07-16T11:27:10.930313Z","type":"sample"}
{"channel":"gsr","display":3094.6,"mu":0,"quality":"OK","raw":3094.6,"sigma":10,"state":"IDLE","t":"2026-07-16T11:27:10.9652649Z","type":"sample"}
{"channel":"hr","display":0,"mu":0,"quality":"OUT_OF_RANGE","raw":0,"sigma":3,"state":"IDLE","t":"2026-07-16T11:27:10.9652649Z","type":"sample"}
{"channel":"rr","display":53.9568345323741,"mu":0,"quality":"OUT_OF_RANGE","raw":280,"sigma":1.5,"state":"IDLE","t":"2026-07-16T11:27:10.9707042Z","type":"sample"}
{"channel":"rr","display":53.9568345323741,"mu":0,"quality":"OUT_OF_RANGE","raw":280.2,"sigma":1.5,"state":"IDLE","t":"2026-07-16T11:27:11.0105775Z","type":"sample"}
{"channel":"rr","display":53.9568345323741,"mu":0,"quality":"OUT_OF_RANGE","raw":279.5,"sigma":1.5,"state":"IDLE","t":"2026-07-16T11:27:11.0505419Z","type":"sample"}
{"channel":"gsr","display":3098.2,"mu":0,"quality":"OK","raw":3098.2,"sigma":10,"state":"IDLE","t":"2026-07-16T11:27:11.064941Z","type":"sample"}
{"address":"/cue/g1/start","args":null,"channel":"system","dir":"out","t":"2026-07-16T11:27:11.0678808Z","type":"osc"}
{"channel":"rr","display":53.9568345323741,"mu":0,"quality":"OUT_OF_RANGE","raw":279.2,"sigma":1.5,"state":"IDLE","t":"2026-07-16T11:27:11.0906683Z","type":"sample"}
{"channel":"rr","display":53.9568345323741,"mu":0,"quality":"OUT_OF_RANGE","raw":279.3,"sigma":1.5,"state":"IDLE","t":"2026-07-16T11:27:11.1307771Z","type":"sample"}
{"channel":"gsr","display":3105,"mu":0,"quality":"OK","raw":3105,"sigma":10,"state":"IDLE","t":"2026-07-16T11:27:11.1648515Z","type":"sample"}
{"channel":"rr","display":53.9568345323741,"mu":0,"quality":"OUT_OF_RANGE","raw":279.2,"sigma":1.5,"state":"IDLE","t":"2026-07-16T11:27:11.1700744Z","type":"sample"}
{"channel":"rr","display":53.9568345323741,"mu":0,"quality":"OUT_OF_RANGE","raw":279.2,"sigma":1.5,"state":"IDLE","t":"2026-07-16T11:27:11.2101212Z","type":"sample"}
{"channel":"rr","display":51.724137931034484,"mu":0,"quality":"OUT_OF_RANGE","raw":279.9,"sigma":1.5,"state":"IDLE","t":"2026-07-16T11:27:11.2511Z","type":"sample"}
{"channel":"gsr","display":3104.6,"mu":0,"quality":"OK","raw":3104.6,"sigma":10,"state":"IDLE","t":"2026-07-16T11:27:11.2648186Z","type":"sample"}
{"channel":"rr","display":51.724137931034484,"mu":0,"quality":"OUT_OF_RANGE","raw":279.7,"sigma":1.5,"state":"IDLE","t":"2026-07-16T11:27:11.2908212Z","type":"sample"}
{"channel":"rr","display":51.724137931034484,"mu":0,"quality":"OUT_OF_RANGE","raw":279.9,"sigma":1.5,"state":"IDLE","t":"2026-07-16T11:27:11.3304127Z","type":"sample"}
{"channel":"gsr","display":3111.5,"mu":0,"quality":"OK","raw":3111.5,"sigma":10,"state":"IDLE","t":"2026-07-16T11:27:11.3648976Z","type":"sample"}
{"channel":"rr","display":51.724137931034484,"mu":0,"quality":"OUT_OF_RANGE","raw":279.8,"sigma":1.5,"state":"IDLE","t":"2026-07-16T11:27:11.3709033Z","type":"sample"}
{"channel":"rr","display":51.724137931034484,"mu":0,"quality":"OUT_OF_RANGE","raw":278.6,"sigma":1.5,"state":"IDLE","t":"2026-07-16T11:27:11.4109279Z","type":"sample"}
{"channel":"rr","display":51.724137931034484,"mu":0,"quality":"OUT_OF_RANGE","raw":280,"sigma":1.5,"state":"IDLE","t":"2026-07-16T11:27:11.4503809Z","type":"sample"}
{"channel":"gsr","display":3113.7,"mu":0,"quality":"OK","raw":3113.7,"sigma":10,"state":"IDLE","t":"2026-07-16T11:27:11.4644796Z","type":"sample"}
{"channel":"hr","display":0,"mu":0,"quality":"OUT_OF_RANGE","raw":0,"sigma":3,"state":"IDLE","t":"2026-07-16T11:27:11.4655039Z","type":"sample"}
{"channel":"rr","display":51.724137931034484,"mu":0,"quality":"OUT_OF_RANGE","raw":280,"sigma":1.5,"state":"IDLE","t":"2026-07-16T11:27:11.4912241Z","type":"sample"}
{"channel":"rr","display":51.724137931034484,"mu":0,"quality":"OUT_OF_RANGE","raw":279.7,"sigma":1.5,"state":"IDLE","t":"2026-07-16T11:27:11.5302797Z","type":"sample"}
{"channel":"gsr","display":3118.2,"mu":0,"quality":"OK","raw":3118.2,"sigma":10,"state":"IDLE","t":"2026-07-16T11:27:11.5602653Z","type":"sample"}
{"channel":"rr","display":51.724137931034484,"mu":0,"quality":"OUT_OF_RANGE","raw":279.4,"sigma":1.5,"state":"IDLE","t":"2026-07-16T11:27:11.5705063Z","type":"sample"}
{"channel":"rr","display":51.724137931034484,"mu":0,"quality":"OUT_OF_RANGE","raw":279.3,"sigma":1.5,"state":"IDLE","t":"2026-07-16T11:27:11.6105767Z","type":"sample"}
{"channel":"rr","display":51.724137931034484,"mu":0,"quality":"OUT_OF_RANGE","raw":279.7,"sigma":1.5,"state":"IDLE","t":"2026-07-16T11:27:11.650647Z","type":"sample"}
{"channel":"gsr","display":3120.8,"mu":0,"quality":"OK","raw":3120.8,"sigma":10,"state":"IDLE","t":"2026-07-16T11:27:11.6650816Z","type":"sample"}
{"address":"/cue/p/start","args":null,"channel":"system","dir":"out","t":"2026-07-16T11:27:11.6807303Z","type":"osc"}
{"channel":"rr","display":51.724137931034484,"mu":0,"quality":"OUT_OF_RANGE","raw":279.5,"sigma":1.5,"state":"IDLE","t":"2026-07-16T11:27:11.6902337Z","type":"sample"}
{"channel":"rr","display":51.724137931034484,"mu":0,"quality":"OUT_OF_RANGE","raw":279.8,"sigma":1.5,"state":"IDLE","t":"2026-07-16T11:27:11.7302521Z","type":"sample"}
{"channel":"gsr","display":3127.3,"mu":0,"quality":"OK","raw":3127.3,"sigma":10,"state":"IDLE","t":"2026-07-16T11:27:11.7646445Z","type":"sample"}
{"channel":"rr","display":51.724137931034484,"mu":0,"quality":"OUT_OF_RANGE","raw":278.8,"sigma":1.5,"state":"IDLE","t":"2026-07-16T11:27:11.7710356Z","type":"sample"}
{"channel":"rr","display":51.724137931034484,"mu":0,"quality":"OUT_OF_RANGE","raw":279.8,"sigma":1.5,"state":"IDLE","t":"2026-07-16T11:27:11.811133Z","type":"sample"}
{"channel":"rr","display":51.724137931034484,"mu":0,"quality":"OUT_OF_RANGE","raw":280,"sigma":1.5,"state":"IDLE","t":"2026-07-16T11:27:11.8512849Z","type":"sample"}
{"channel":"gsr","display":3127,"mu":0,"quality":"OK","raw":3127,"sigma":10,"state":"IDLE","t":"2026-07-16T11:27:11.8649453Z","type":"sample"}
{"channel":"rr","display":51.724137931034484,"mu":0,"quality":"OUT_OF_RANGE","raw":279.5,"sigma":1.5,"state":"IDLE","t":"2026-07-16T11:27:11.8914311Z","type":"sample"}
{"channel":"rr","display":51.724137931034484,"mu":0,"quality":"OUT_OF_RANGE","raw":279.4,"sigma":1.5,"state":"IDLE","t":"2026-07-16T11:27:11.9303758Z","type":"sample"}
{"channel":"gsr","display":3131.3,"mu":0,"quality":"OK","raw":3131.3,"sigma":10,"state":"IDLE","t":"2026-07-16T11:27:11.9650111Z","type":"sample"}
{"channel":"hr","display":0,"mu":0,"quality":"OUT_OF_RANGE","raw":0,"sigma":3,"state":"IDLE","t":"2026-07-16T11:27:11.9655207Z","type":"sample"}
{"channel":"rr","display":51.724137931034484,"mu":0,"quality":"OUT_OF_RANGE","raw":279.4,"sigma":1.5,"state":"IDLE","t":"2026-07-16T11:27:11.9708477Z","type":"sample"}
{"channel":"rr","display":51.724137931034484,"mu":0,"quality":"OUT_OF_RANGE","raw":279.4,"sigma":1.5,"state":"IDLE","t":"2026-07-16T11:27:12.0104153Z","type":"sample"}
{"channel":"rr","display":51.724137931034484,"mu":0,"quality":"OUT_OF_RANGE","raw":279.9,"sigma":1.5,"state":"IDLE","t":"2026-07-16T11:27:12.0511633Z","type":"sample"}
{"channel":"gsr","display":3137.6,"mu":0,"quality":"OK","raw":3137.6,"sigma":10,"state":"IDLE","t":"2026-07-16T11:27:12.0648313Z","type":"sample"}
{"address":"/cue/g1/start","args":null,"channel":"system","dir":"out","t":"2026-07-16T11:27:12.0727295Z","type":"osc"}
{"channel":"rr","display":51.724137931034484,"mu":0,"quality":"OUT_OF_RANGE","raw":279.8,"sigma":1.5,"state":"IDLE","t":"2026-07-16T11:27:12.0902626Z","type":"sample"}
{"channel":"rr","display":51.724137931034484,"mu":0,"quality":"OUT_OF_RANGE","raw":280,"sigma":1.5,"state":"IDLE","t":"2026-07-16T11:27:12.1299204Z","type":"sample"}
{"channel":"gsr","display":3141.5,"mu":0,"quality":"OK","raw":3141.5,"sigma":10,"state":"IDLE","t":"2026-07-16T11:27:12.1614576Z","type":"sample"}
{"channel":"rr","display":51.724137931034484,"mu":0,"quality":"OUT_OF_RANGE","raw":279,"sigma":1.5,"state":"IDLE","t":"2026-07-16T11:27:12.1701101Z","type":"sample"}
{"channel":"rr","display":51.724137931034484,"mu":0,"quality":"OUT_OF_RANGE","raw":279.2,"sigma":1.5,"state":"IDLE","t":"2026-07-16T11:27:12.2106855Z","type":"sample"}
{"channel":"rr","display":51.724137931034484,"mu":0,"quality":"OUT_OF_RANGE","raw":279.6,"sigma":1.5,"state":"IDLE","t":"2026-07-16T11:27:12.2511063Z","type":"sample"}
{"channel":"gsr","display":3146,"mu":0,"quality":"OK","raw":3146,"sigma":10,"state":"IDLE","t":"2026-07-16T11:27:12.2644896Z","type":"sample"}
{"channel":"rr","display":51.724137931034484,"mu":0,"quality":"OUT_OF_RANGE","raw":279.6,"sigma":1.5,"state":"IDLE","t":"2026-07-16T11:27:12.2903891Z","type":"sample"}
{"channel":"rr","display":51.724137931034484,"mu":0,"quality":"OUT_OF_RANGE","raw":278.8,"sigma":1.5,"state":"IDLE","t":"2026-07-16T11:27:12.3310846Z","type":"sample"}
{"channel":"gsr","display":3148.6,"mu":0,"quality":"OK","raw":3148.6,"sigma":10,"state":"IDLE","t":"2026-07-16T11:27:12.364683Z","type":"sample"}
{"channel":"rr","display":51.724137931034484,"mu":0,"quality":"OUT_OF_RANGE","raw":279.4,"sigma":1.5,"state":"IDLE","t":"2026-07-16T11:27:12.3705537Z","type":"sample"}
{"channel":"rr","display":51.36986301369863,"mu":0,"quality":"OUT_OF_RANGE","raw":279.7,"sigma":1.5,"state":"IDLE","t":"2026-07-16T11:27:12.4109927Z","type":"sample"}
{"channel":"rr","display":51.36986301369863,"mu":0,"quality":"OUT_OF_RANGE","raw":279.4,"sigma":1.5,"state":"IDLE","t":"2026-07-16T11:27:12.45024Z","type":"sample"}
{"channel":"gsr","display":3149.8,"mu":0,"quality":"OK","raw":3149.8,"sigma":10,"state":"IDLE","t":"2026-07-16T11:27:12.4648471Z","type":"sample"}
{"channel":"hr","display":0,"mu":0,"quality":"OUT_OF_RANGE","raw":0,"sigma":3,"state":"IDLE","t":"2026-07-16T11:27:12.4658984Z","type":"sample"}
{"channel":"rr","display":51.36986301369863,"mu":0,"quality":"OUT_OF_RANGE","raw":279.9,"sigma":1.5,"state":"IDLE","t":"2026-07-16T11:27:12.4908945Z","type":"sample"}
{"channel":"rr","display":51.36986301369863,"mu":0,"quality":"OUT_OF_RANGE","raw":279.7,"sigma":1.5,"state":"IDLE","t":"2026-07-16T11:27:12.5310081Z","type":"sample"}
{"channel":"gsr","display":3152.3,"mu":0,"quality":"OK","raw":3152.3,"sigma":10,"state":"IDLE","t":"2026-07-16T11:27:12.5644962Z","type":"sample"}
{"channel":"rr","display":51.36986301369863,"mu":0,"quality":"OUT_OF_RANGE","raw":279.7,"sigma":1.5,"state":"IDLE","t":"2026-07-16T11:27:12.5707249Z","type":"sample"}
{"channel":"rr","display":51.36986301369863,"mu":0,"quality":"OUT_OF_RANGE","raw":279.6,"sigma":1.5,"state":"IDLE","t":"2026-07-16T11:27:12.6110758Z","type":"sample"}
{"channel":"rr","display":51.36986301369863,"mu":0,"quality":"OUT_OF_RANGE","raw":280,"sigma":1.5,"state":"IDLE","t":"2026-07-16T11:27:12.6506855Z","type":"sample"}
{"channel":"gsr","display":3155.4,"mu":0,"quality":"OK","raw":3155.4,"sigma":10,"state":"IDLE","t":"2026-07-16T11:27:12.6646015Z","type":"sample"}
{"address":"/cue/p/start","args":null,"channel":"system","dir":"out","t":"2026-07-16T11:27:12.6819184Z","type":"osc"}
{"channel":"rr","display":51.36986301369863,"mu":0,"quality":"OUT_OF_RANGE","raw":279.9,"sigma":1.5,"state":"IDLE","t":"2026-07-16T11:27:12.6904197Z","type":"sample"}
{"channel":"rr","display":51.36986301369863,"mu":0,"quality":"OUT_OF_RANGE","raw":279.4,"sigma":1.5,"state":"IDLE","t":"2026-07-16T11:27:12.7298764Z","type":"sample"}
{"channel":"gsr","display":3155.9,"mu":0,"quality":"OK","raw":3155.9,"sigma":10,"state":"IDLE","t":"2026-07-16T11:27:12.7644862Z","type":"sample"}
{"channel":"rr","display":51.36986301369863,"mu":0,"quality":"OUT_OF_RANGE","raw":280.2,"sigma":1.5,"state":"IDLE","t":"2026-07-16T11:27:12.7701234Z","type":"sample"}
{"channel":"rr","display":51.36986301369863,"mu":0,"quality":"OUT_OF_RANGE","raw":279.6,"sigma":1.5,"state":"IDLE","t":"2026-07-16T11:27:12.8106657Z","type":"sample"}
{"channel":"rr","display":51.36986301369863,"mu":0,"quality":"OUT_OF_RANGE","raw":278.3,"sigma":1.5,"state":"IDLE","t":"2026-07-16T11:27:12.8504665Z","type":"sample"}
{"channel":"gsr","display":3159.8,"mu":0,"quality":"OK","raw":3159.8,"sigma":10,"state":"IDLE","t":"2026-07-16T11:27:12.864865Z","type":"sample"}
{"channel":"rr","display":51.36986301369863,"mu":0,"quality":"OUT_OF_RANGE","raw":279.3,"sigma":1.5,"state":"IDLE","t":"2026-07-16T11:27:12.891097Z","type":"sample"}
{"channel":"rr","display":51.36986301369863,"mu":0,"quality":"OUT_OF_RANGE","raw":280.2,"sigma":1.5,"state":"IDLE","t":"2026-07-16T11:27:12.9307392Z","type":"sample"}
{"channel":"gsr","display":3165,"mu":0,"quality":"OK","raw":3165,"sigma":10,"state":"IDLE","t":"2026-07-16T11:27:12.9653662Z","type":"sample"}
{"channel":"hr","display":0,"mu":0,"quality":"OUT_OF_RANGE","raw":0,"sigma":3,"state":"IDLE","t":"2026-07-16T11:27:12.9660258Z","type":"sample"}
{"channel":"rr","display":51.36986301369863,"mu":0,"quality":"OUT_OF_RANGE","raw":279,"sigma":1.5,"state":"IDLE","t":"2026-07-16T11:27:12.9710033Z","type":"sample"}
{"channel":"rr","display":51.36986301369863,"mu":0,"quality":"OUT_OF_RANGE","raw":278.7,"sigma":1.5,"state":"IDLE","t":"2026-07-16T11:27:13.0110543Z","type":"sample"}
{"channel":"rr","display":51.36986301369863,"mu":0,"quality":"OUT_OF_RANGE","raw":279.4,"sigma":1.5,"state":"IDLE","t":"2026-07-16T11:27:13.0510006Z","type":"sample"}
{"channel":"gsr","display":3165,"mu":0,"quality":"OK","raw":3165,"sigma":10,"state":"IDLE","t":"2026-07-16T11:27:13.064445Z","type":"sample"}
{"address":"/cue/g1/start","args":null,"channel":"system","dir":"out","t":"2026-07-16T11:27:13.0823308Z","type":"osc"}
{"channel":"rr","display":51.36986301369863,"mu":0,"quality":"OUT_OF_RANGE","raw":279.2,"sigma":1.5,"state":"IDLE","t":"2026-07-16T11:27:13.0907042Z","type":"sample"}
{"channel":"rr","display":51.36986301369863,"mu":0,"quality":"OUT_OF_RANGE","raw":279.6,"sigma":1.5,"state":"IDLE","t":"2026-07-16T11:27:13.1304925Z","type":"sample"}
{"channel":"gsr","display":3168.8,"mu":0,"quality":"OK","raw":3168.8,"sigma":10,"state":"IDLE","t":"2026-07-16T11:27:13.1649455Z","type":"sample"}
{"channel":"rr","display":51.36986301369863,"mu":0,"quality":"OUT_OF_RANGE","raw":279.8,"sigma":1.5,"state":"IDLE","t":"2026-07-16T11:27:13.170932Z","type":"sample"}
{"channel":"rr","display":51.36986301369863,"mu":0,"quality":"OUT_OF_RANGE","raw":280.2,"sigma":1.5,"state":"IDLE","t":"2026-07-16T11:27:13.2110743Z","type":"sample"}
{"channel":"rr","display":51.36986301369863,"mu":0,"quality":"OUT_OF_RANGE","raw":279.4,"sigma":1.5,"state":"IDLE","t":"2026-07-16T11:27:13.2509329Z","type":"sample"}
{"channel":"gsr","display":3165.2,"mu":0,"quality":"OK","raw":3165.2,"sigma":10,"state":"IDLE","t":"2026-07-16T11:27:13.2650388Z","type":"sample"}
{"channel":"rr","display":51.36986301369863,"mu":0,"quality":"OUT_OF_RANGE","raw":279.6,"sigma":1.5,"state":"IDLE","t":"2026-07-16T11:27:13.2902346Z","type":"sample"}
{"channel":"rr","display":51.36986301369863,"mu":0,"quality":"OUT_OF_RANGE","raw":280.1,"sigma":1.5,"state":"IDLE","t":"2026-07-16T11:27:13.3301879Z","type":"sample"}
{"channel":"gsr","display":3168.9,"mu":0,"quality":"OK","raw":3168.9,"sigma":10,"state":"IDLE","t":"2026-07-16T11:27:13.3648382Z","type":"sample"}
{"channel":"rr","display":51.36986301369863,"mu":0,"quality":"OUT_OF_RANGE","raw":279.4,"sigma":1.5,"state":"IDLE","t":"2026-07-16T11:27:13.3708758Z","type":"sample"}
{"channel":"rr","display":51.36986301369863,"mu":0,"quality":"OUT_OF_RANGE","raw":279.5,"sigma":1.5,"state":"IDLE","t":"2026-07-16T11:27:13.41086Z","type":"sample"}
{"channel":"rr","display":51.36986301369863,"mu":0,"quality":"OUT_OF_RANGE","raw":279.8,"sigma":1.5,"state":"IDLE","t":"2026-07-16T11:27:13.4503306Z","type":"sample"}
{"channel":"gsr","display":3168.4,"mu":0,"quality":"OK","raw":3168.4,"sigma":10,"state":"IDLE","t":"2026-07-16T11:27:13.46508Z","type":"sample"}
{"channel":"hr","display":0,"mu":0,"quality":"OUT_OF_RANGE","raw":0,"sigma":3,"state":"IDLE","t":"2026-07-16T11:27:13.4656763Z","type":"sample"}
{"channel":"rr","display":51.36986301369863,"mu":0,"quality":"OUT_OF_RANGE","raw":279.4,"sigma":1.5,"state":"IDLE","t":"2026-07-16T11:27:13.4902742Z","type":"sample"}
{"channel":"rr","display":51.36986301369863,"mu":0,"quality":"OUT_OF_RANGE","raw":279.4,"sigma":1.5,"state":"IDLE","t":"2026-07-16T11:27:13.530994Z","type":"sample"}
{"channel":"gsr","display":3171,"mu":0,"quality":"OK","raw":3171,"sigma":10,"state":"IDLE","t":"2026-07-16T11:27:13.5641688Z","type":"sample"}
{"channel":"rr","display":51.36986301369863,"mu":0,"quality":"OUT_OF_RANGE","raw":280.2,"sigma":1.5,"state":"IDLE","t":"2026-07-16T11:27:13.5707246Z","type":"sample"}
{"channel":"rr","display":51.36986301369863,"mu":0,"quality":"OUT_OF_RANGE","raw":279.8,"sigma":1.5,"state":"IDLE","t":"2026-07-16T11:27:13.6106742Z","type":"sample"}
{"channel":"rr","display":51.36986301369863,"mu":0,"quality":"OUT_OF_RANGE","raw":279.6,"sigma":1.5,"state":"IDLE","t":"2026-07-16T11:27:13.6511631Z","type":"sample"}
{"channel":"gsr","display":3172.6,"mu":0,"quality":"OK","raw":3172.6,"sigma":10,"state":"IDLE","t":"2026-07-16T11:27:13.6650318Z","type":"sample"}
{"address":"/cue/p/start","args":null,"channel":"system","dir":"out","t":"2026-07-16T11:27:13.6815252Z","type":"osc"}
{"channel":"rr","display":51.36986301369863,"mu":0,"quality":"OUT_OF_RANGE","raw":279.9,"sigma":1.5,"state":"IDLE","t":"2026-07-16T11:27:13.6903544Z","type":"sample"}
{"channel":"rr","display":51.36986301369863,"mu":0,"quality":"OUT_OF_RANGE","raw":280.6,"sigma":1.5,"state":"IDLE","t":"2026-07-16T11:27:13.7310093Z","type":"sample"}
{"channel":"gsr","display":3175.7,"mu":0,"quality":"OK","raw":3175.7,"sigma":10,"state":"IDLE","t":"2026-07-16T11:27:13.7646668Z","type":"sample"}
{"channel":"rr","display":51.36986301369863,"mu":0,"quality":"OUT_OF_RANGE","raw":280.3,"sigma":1.5,"state":"IDLE","t":"2026-07-16T11:27:13.7700452Z","type":"sample"}
{"channel":"rr","display":51.36986301369863,"mu":0,"quality":"OUT_OF_RANGE","raw":279,"sigma":1.5,"state":"IDLE","t":"2026-07-16T11:27:13.8109058Z","type":"sample"}
{"channel":"rr","display":51.36986301369863,"mu":0,"quality":"OUT_OF_RANGE","raw":280,"sigma":1.5,"state":"IDLE","t":"2026-07-16T11:27:13.8507296Z","type":"sample"}
{"channel":"gsr","display":3179.5,"mu":0,"quality":"OK","raw":3179.5,"sigma":10,"state":"IDLE","t":"2026-07-16T11:27:13.8649639Z","type":"sample"}
{"channel":"rr","display":51.36986301369863,"mu":0,"quality":"OUT_OF_RANGE","raw":279.6,"sigma":1.5,"state":"IDLE","t":"2026-07-16T11:27:13.8903764Z","type":"sample"}
{"channel":"rr","display":51.36986301369863,"mu":0,"quality":"OUT_OF_RANGE","raw":278.7,"sigma":1.5,"state":"IDLE","t":"2026-07-16T11:27:13.9310141Z","type":"sample"}
{"channel":"gsr","display":3182.6,"mu":0,"quality":"OK","raw":3182.6,"sigma":10,"state":"IDLE","t":"2026-07-16T11:27:13.9649187Z","type":"sample"}
{"channel":"hr","display":0,"mu":0,"quality":"OUT_OF_RANGE","raw":0,"sigma":3,"state":"IDLE","t":"2026-07-16T11:27:13.9654505Z","type":"sample"}
{"channel":"rr","display":51.36986301369863,"mu":0,"quality":"OUT_OF_RANGE","raw":280.6,"sigma":1.5,"state":"IDLE","t":"2026-07-16T11:27:13.9710667Z","type":"sample"}
{"channel":"rr","display":51.36986301369863,"mu":0,"quality":"OUT_OF_RANGE","raw":278.9,"sigma":1.5,"state":"IDLE","t":"2026-07-16T11:27:14.010201Z","type":"sample"}
{"channel":"rr","display":51.36986301369863,"mu":0,"quality":"OUT_OF_RANGE","raw":278.8,"sigma":1.5,"state":"IDLE","t":"2026-07-16T11:27:14.0510183Z","type":"sample"}
{"channel":"gsr","display":3188.8,"mu":0,"quality":"OK","raw":3188.8,"sigma":10,"state":"IDLE","t":"2026-07-16T11:27:14.0645693Z","type":"sample"}
{"address":"/cue/g1/start","args":null,"channel":"system","dir":"out","t":"2026-07-16T11:27:14.0877297Z","type":"osc"}
{"channel":"rr","display":51.36986301369863,"mu":0,"quality":"OUT_OF_RANGE","raw":279.1,"sigma":1.5,"state":"IDLE","t":"2026-07-16T11:27:14.0904452Z","type":"sample"}
{"channel":"rr","display":51.36986301369863,"mu":0,"quality":"OUT_OF_RANGE","raw":279.1,"sigma":1.5,"state":"IDLE","t":"2026-07-16T11:27:14.1309483Z","type":"sample"}
{"channel":"gsr","display":3181.8,"mu":0,"quality":"OK","raw":3181.8,"sigma":10,"state":"IDLE","t":"2026-07-16T11:27:14.1650898Z","type":"sample"}
{"channel":"rr","display":51.36986301369863,"mu":0,"quality":"OUT_OF_RANGE","raw":278.9,"sigma":1.5,"state":"IDLE","t":"2026-07-16T11:27:14.1707543Z","type":"sample"}
{"channel":"rr","display":51.36986301369863,"mu":0,"quality":"OUT_OF_RANGE","raw":279.7,"sigma":1.5,"state":"IDLE","t":"2026-07-16T11:27:14.2104736Z","type":"sample"}
{"channel":"rr","display":51.36986301369863,"mu":0,"quality":"OUT_OF_RANGE","raw":279.1,"sigma":1.5,"state":"IDLE","t":"2026-07-16T11:27:14.250081Z","type":"sample"}
{"channel":"gsr","display":3194.3,"mu":0,"quality":"OK","raw":3194.3,"sigma":10,"state":"IDLE","t":"2026-07-16T11:27:14.2650999Z","type":"sample"}
{"channel":"rr","display":51.36986301369863,"mu":0,"quality":"OUT_OF_RANGE","raw":279.2,"sigma":1.5,"state":"IDLE","t":"2026-07-16T11:27:14.2910537Z","type":"sample"}
{"channel":"rr","display":51.36986301369863,"mu":0,"quality":"OUT_OF_RANGE","raw":279.9,"sigma":1.5,"state":"IDLE","t":"2026-07-16T11:27:14.3308558Z","type":"sample"}
{"channel":"gsr","display":3194.9,"mu":0,"quality":"OK","raw":3194.9,"sigma":10,"state":"IDLE","t":"2026-07-16T11:27:14.3637335Z","type":"sample"}
{"channel":"rr","display":51.36986301369863,"mu":0,"quality":"OUT_OF_RANGE","raw":278.9,"sigma":1.5,"state":"IDLE","t":"2026-07-16T11:27:14.3708827Z","type":"sample"}
{"channel":"rr","display":51.36986301369863,"mu":0,"quality":"OUT_OF_RANGE","raw":279.7,"sigma":1.5,"state":"IDLE","t":"2026-07-16T11:27:14.4108357Z","type":"sample"}
{"channel":"rr","display":51.36986301369863,"mu":0,"quality":"OUT_OF_RANGE","raw":279.3,"sigma":1.5,"state":"IDLE","t":"2026-07-16T11:27:14.4509832Z","type":"sample"}
{"channel":"gsr","display":3200.8,"mu":0,"quality":"OK","raw":3200.8,"sigma":10,"state":"IDLE","t":"2026-07-16T11:27:14.4645697Z","type":"sample"}
{"channel":"hr","display":0,"mu":0,"quality":"OUT_OF_RANGE","raw":0,"sigma":3,"state":"IDLE","t":"2026-07-16T11:27:14.4655822Z","type":"sample"}
{"channel":"rr","display":53.57142857142857,"mu":0,"quality":"OUT_OF_RANGE","raw":279.9,"sigma":1.5,"state":"IDLE","t":"2026-07-16T11:27:14.4903265Z","type":"sample"}
{"channel":"rr","display":53.57142857142857,"mu":0,"quality":"OUT_OF_RANGE","raw":279.7,"sigma":1.5,"state":"IDLE","t":"2026-07-16T11:27:14.530731Z","type":"sample"}
{"channel":"gsr","display":3204.1,"mu":0,"quality":"OK","raw":3204.1,"sigma":10,"state":"IDLE","t":"2026-07-16T11:27:14.5647143Z","type":"sample"}
{"channel":"rr","display":53.57142857142857,"mu":0,"quality":"OUT_OF_RANGE","raw":279.1,"sigma":1.5,"state":"IDLE","t":"2026-07-16T11:27:14.5708209Z","type":"sample"}
{"channel":"rr","display":53.57142857142857,"mu":0,"quality":"OUT_OF_RANGE","raw":279.9,"sigma":1.5,"state":"IDLE","t":"2026-07-16T11:27:14.6102203Z","type":"sample"}
{"channel":"rr","display":53.57142857142857,"mu":0,"quality":"OUT_OF_RANGE","raw":279.9,"sigma":1.5,"state":"IDLE","t":"2026-07-16T11:27:14.6503679Z","type":"sample"}
{"channel":"gsr","display":3204.5,"mu":0,"quality":"OK","raw":3204.5,"sigma":10,"state":"IDLE","t":"2026-07-16T11:27:14.664977Z","type":"sample"}
{"address":"/cue/p/start","args":null,"channel":"system","dir":"out","t":"2026-07-16T11:27:14.6810598Z","type":"osc"}
{"channel":"rr","display":53.57142857142857,"mu":0,"quality":"OUT_OF_RANGE","raw":279.8,"sigma":1.5,"state":"IDLE","t":"2026-07-16T11:27:14.6908385Z","type":"sample"}
{"channel":"rr","display":53.57142857142857,"mu":0,"quality":"OUT_OF_RANGE","raw":279.4,"sigma":1.5,"state":"IDLE","t":"2026-07-16T11:27:14.7311431Z","type":"sample"}
{"channel":"gsr","display":3207.3,"mu":0,"quality":"OK","raw":3207.3,"sigma":10,"state":"IDLE","t":"2026-07-16T11:27:14.7650073Z","type":"sample"}
{"channel":"rr","display":53.57142857142857,"mu":0,"quality":"OUT_OF_RANGE","raw":279.8,"sigma":1.5,"state":"IDLE","t":"2026-07-16T11:27:14.7707674Z","type":"sample"}
{"channel":"rr","display":53.57142857142857,"mu":0,"quality":"OUT_OF_RANGE","raw":279.9,"sigma":1.5,"state":"IDLE","t":"2026-07-16T11:27:14.8109116Z","type":"sample"}
{"channel":"rr","display":53.57142857142857,"mu":0,"quality":"OUT_OF_RANGE","raw":279.8,"sigma":1.5,"state":"IDLE","t":"2026-07-16T11:27:14.8508735Z","type":"sample"}
{"channel":"gsr","display":3212.2,"mu":0,"quality":"OK","raw":3212.2,"sigma":10,"state":"IDLE","t":"2026-07-16T11:27:14.8652379Z","type":"sample"}
{"channel":"rr","display":53.57142857142857,"mu":0,"quality":"OUT_OF_RANGE","raw":280.2,"sigma":1.5,"state":"IDLE","t":"2026-07-16T11:27:14.8908037Z","type":"sample"}
{"channel":"rr","display":53.57142857142857,"mu":0,"quality":"OUT_OF_RANGE","raw":280,"sigma":1.5,"state":"IDLE","t":"2026-07-16T11:27:14.9301685Z","type":"sample"}
{"channel":"gsr","display":3216.2,"mu":0,"quality":"OK","raw":3216.2,"sigma":10,"state":"IDLE","t":"2026-07-16T11:27:14.9648124Z","type":"sample"}
{"channel":"hr","display":0,"mu":0,"quality":"OUT_OF_RANGE","raw":0,"sigma":3,"state":"IDLE","t":"2026-07-16T11:27:14.9658432Z","type":"sample"}
{"channel":"rr","display":53.57142857142857,"mu":0,"quality":"OUT_OF_RANGE","raw":279.4,"sigma":1.5,"state":"IDLE","t":"2026-07-16T11:27:14.9707876Z","type":"sample"}
{"channel":"rr","display":53.57142857142857,"mu":0,"quality":"OUT_OF_RANGE","raw":279.4,"sigma":1.5,"state":"IDLE","t":"2026-07-16T11:27:15.0099112Z","type":"sample"}
{"channel":"rr","display":53.57142857142857,"mu":0,"quality":"OUT_OF_RANGE","raw":279.7,"sigma":1.5,"state":"IDLE","t":"2026-07-16T11:27:15.0508469Z","type":"sample"}
{"channel":"gsr","display":3218.4,"mu":0,"quality":"OK","raw":3218.4,"sigma":10,"state":"IDLE","t":"2026-07-16T11:27:15.0650353Z","type":"sample"}
{"channel":"rr","display":53.57142857142857,"mu":0,"quality":"OUT_OF_RANGE","raw":280.5,"sigma":1.5,"state":"IDLE","t":"2026-07-16T11:27:15.0907305Z","type":"sample"}
{"address":"/cue/g1/start","args":null,"channel":"system","dir":"out","t":"2026-07-16T11:27:15.0923265Z","type":"osc"}
{"channel":"rr","display":53.57142857142857,"mu":0,"quality":"OUT_OF_RANGE","raw":278.9,"sigma":1.5,"state":"IDLE","t":"2026-07-16T11:27:15.1308989Z","type":"sample"}
{"channel":"gsr","display":3219.8,"mu":0,"quality":"OK","raw":3219.8,"sigma":10,"state":"IDLE","t":"2026-07-16T11:27:15.1648759Z","type":"sample"}
{"channel":"rr","display":53.57142857142857,"mu":0,"quality":"OUT_OF_RANGE","raw":280.2,"sigma":1.5,"state":"IDLE","t":"2026-07-16T11:27:15.1710058Z","type":"sample"}
{"channel":"rr","display":53.57142857142857,"mu":0,"quality":"OUT_OF_RANGE","raw":279.1,"sigma":1.5,"state":"IDLE","t":"2026-07-16T11:27:15.2105336Z","type":"sample"}
{"channel":"rr","display":53.57142857142857,"mu":0,"quality":"OUT_OF_RANGE","raw":279.7,"sigma":1.5,"state":"IDLE","t":"2026-07-16T11:27:15.2499757Z","type":"sample"}
{"channel":"gsr","display":3223.6,"mu":0,"quality":"OK","raw":3223.6,"sigma":10,"state":"IDLE","t":"2026-07-16T11:27:15.2645477Z","type":"sample"}
{"channel":"rr","display":53.57142857142857,"mu":0,"quality":"OUT_OF_RANGE","raw":279.3,"sigma":1.5,"state":"IDLE","t":"2026-07-16T11:27:15.2900504Z","type":"sample"}
{"channel":"rr","display":53.57142857142857,"mu":0,"quality":"OUT_OF_RANGE","raw":279.6,"sigma":1.5,"state":"IDLE","t":"2026-07-16T11:27:15.3303574Z","type":"sample"}
{"channel":"gsr","display":3226.1,"mu":0,"quality":"OK","raw":3226.1,"sigma":10,"state":"IDLE","t":"2026-07-16T11:27:15.3651226Z","type":"sample"}
{"channel":"rr","display":53.57142857142857,"mu":0,"quality":"OUT_OF_RANGE","raw":279.8,"sigma":1.5,"state":"IDLE","t":"2026-07-16T11:27:15.371017Z","type":"sample"}
{"channel":"rr","display":53.57142857142857,"mu":0,"quality":"OUT_OF_RANGE","raw":279.1,"sigma":1.5,"state":"IDLE","t":"2026-07-16T11:27:15.4105723Z","type":"sample"}
{"channel":"rr","display":53.57142857142857,"mu":0,"quality":"OUT_OF_RANGE","raw":279.4,"sigma":1.5,"state":"IDLE","t":"2026-07-16T11:27:15.4512983Z","type":"sample"}
{"channel":"gsr","display":3235.3,"mu":0,"quality":"OK","raw":3235.3,"sigma":10,"state":"IDLE","t":"2026-07-16T11:27:15.4647736Z","type":"sample"}
{"channel":"hr","display":0,"mu":0,"quality":"OUT_OF_RANGE","raw":0,"sigma":3,"state":"IDLE","t":"2026-07-16T11:27:15.4658619Z","type":"sample"}
{"channel":"rr","display":54.74452554744526,"mu":0,"quality":"OUT_OF_RANGE","raw":279.9,"sigma":1.5,"state":"IDLE","t":"2026-07-16T11:27:15.490793Z","type":"sample"}
{"channel":"rr","display":54.74452554744526,"mu":0,"quality":"OUT_OF_RANGE","raw":280.4,"sigma":1.5,"state":"IDLE","t":"2026-07-16T11:27:15.5306438Z","type":"sample"}
{"channel":"gsr","display":3237.7,"mu":0,"quality":"OK","raw":3237.7,"sigma":10,"state":"IDLE","t":"2026-07-16T11:27:15.5650738Z","type":"sample"}
{"channel":"rr","display":54.74452554744526,"mu":0,"quality":"OUT_OF_RANGE","raw":279.5,"sigma":1.5,"state":"IDLE","t":"2026-07-16T11:27:15.5703644Z","type":"sample"}
{"channel":"rr","display":54.74452554744526,"mu":0,"quality":"OUT_OF_RANGE","raw":280.8,"sigma":1.5,"state":"IDLE","t":"2026-07-16T11:27:15.6101925Z","type":"sample"}
{"channel":"rr","display":54.74452554744526,"mu":0,"quality":"OUT_OF_RANGE","raw":279.7,"sigma":1.5,"state":"IDLE","t":"2026-07-16T11:27:15.6503639Z","type":"sample"}
{"channel":"gsr","display":3242.4,"mu":0,"quality":"OK","raw":3242.4,"sigma":10,"state":"IDLE","t":"2026-07-16T11:27:15.6650105Z","type":"sample"}
{"address":"/cue/p/start","args":null,"channel":"system","dir":"out","t":"2026-07-16T11:27:15.6813932Z","type":"osc"}
{"channel":"rr","display":54.74452554744526,"mu":0,"quality":"OUT_OF_RANGE","raw":279.5,"sigma":1.5,"state":"IDLE","t":"2026-07-16T11:27:15.6900452Z","type":"sample"}
{"channel":"rr","display":54.74452554744526,"mu":0,"quality":"OUT_OF_RANGE","raw":280.4,"sigma":1.5,"state":"IDLE","t":"2026-07-16T11:27:15.7309447Z","type":"sample"}
{"channel":"gsr","display":3242.1,"mu":0,"quality":"OK","raw":3242.1,"sigma":10,"state":"IDLE","t":"2026-07-16T11:27:15.7648582Z","type":"sample"}
{"channel":"rr","display":54.74452554744526,"mu":0,"quality":"OUT_OF_RANGE","raw":279.7,"sigma":1.5,"state":"IDLE","t":"2026-07-16T11:27:15.7709429Z","type":"sample"}
{"channel":"rr","display":54.74452554744526,"mu":0,"quality":"OUT_OF_RANGE","raw":279.6,"sigma":1.5,"state":"IDLE","t":"2026-07-16T11:27:15.8103275Z","type":"sample"}
{"channel":"rr","display":54.74452554744526,"mu":0,"quality":"OUT_OF_RANGE","raw":279.6,"sigma":1.5,"state":"IDLE","t":"2026-07-16T11:27:15.8510188Z","type":"sample"}
{"channel":"gsr","display":3247.7,"mu":0,"quality":"OK","raw":3247.7,"sigma":10,"state":"IDLE","t":"2026-07-16T11:27:15.8651228Z","type":"sample"}
{"channel":"rr","display":54.74452554744526,"mu":0,"quality":"OUT_OF_RANGE","raw":279.3,"sigma":1.5,"state":"IDLE","t":"2026-07-16T11:27:15.890022Z","type":"sample"}
{"channel":"rr","display":54.74452554744526,"mu":0,"quality":"OUT_OF_RANGE","raw":279.1,"sigma":1.5,"state":"IDLE","t":"2026-07-16T11:27:15.9308824Z","type":"sample"}
{"channel":"gsr","display":3249.2,"mu":0,"quality":"OK","raw":3249.2,"sigma":10,"state":"IDLE","t":"2026-07-16T11:27:15.9645742Z","type":"sample"}
{"channel":"hr","display":0,"mu":0,"quality":"OUT_OF_RANGE","raw":0,"sigma":3,"state":"IDLE","t":"2026-07-16T11:27:15.9656064Z","type":"sample"}
{"channel":"rr","display":54.74452554744526,"mu":0,"quality":"OUT_OF_RANGE","raw":279.9,"sigma":1.5,"state":"IDLE","t":"2026-07-16T11:27:15.970542Z","type":"sample"}
{"channel":"rr","display":54.74452554744526,"mu":0,"quality":"OUT_OF_RANGE","raw":279.6,"sigma":1.5,"state":"IDLE","t":"2026-07-16T11:27:16.0100193Z","type":"sample"}
{"channel":"rr","display":54.74452554744526,"mu":0,"quality":"OUT_OF_RANGE","raw":278.4,"sigma":1.5,"state":"IDLE","t":"2026-07-16T11:27:16.0506228Z","type":"sample"}
{"channel":"gsr","display":3257.3,"mu":0,"quality":"OK","raw":3257.3,"sigma":10,"state":"IDLE","t":"2026-07-16T11:27:16.0650147Z","type":"sample"}
{"channel":"rr","display":54.74452554744526,"mu":0,"quality":"OUT_OF_RANGE","raw":279.8,"sigma":1.5,"state":"IDLE","t":"2026-07-16T11:27:16.0906858Z","type":"sample"}
{"address":"/cue/g1/start","args":null,"channel":"system","dir":"out","t":"2026-07-16T11:27:16.0976393Z","type":"osc"}
{"channel":"rr","display":54.74452554744526,"mu":0,"quality":"OUT_OF_RANGE","raw":278.9,"sigma":1.5,"state":"IDLE","t":"2026-07-16T11:27:16.1307813Z","type":"sample"}
{"channel":"gsr","display":3255.8,"mu":0,"quality":"OK","raw":3255.8,"sigma":10,"state":"IDLE","t":"2026-07-16T11:27:16.1648539Z","type":"sample"}
{"channel":"rr","display":54.74452554744526,"mu":0,"quality":"OUT_OF_RANGE","raw":278.9,"sigma":1.5,"state":"IDLE","t":"2026-07-16T11:27:16.1703561Z","type":"sample"}
{"channel":"rr","display":54.74452554744526,"mu":0,"quality":"OUT_OF_RANGE","raw":279.6,"sigma":1.5,"state":"IDLE","t":"2026-07-16T11:27:16.2108339Z","type":"sample"}
{"channel":"rr","display":54.74452554744526,"mu":0,"quality":"OUT_OF_RANGE","raw":279.6,"sigma":1.5,"state":"IDLE","t":"2026-07-16T11:27:16.2502443Z","type":"sample"}
{"channel":"gsr","display":3260.3,"mu":0,"quality":"OK","raw":3260.3,"sigma":10,"state":"IDLE","t":"2026-07-16T11:27:16.2649421Z","type":"sample"}
{"channel":"rr","display":54.74452554744526,"mu":0,"quality":"OUT_OF_RANGE","raw":279.9,"sigma":1.5,"state":"IDLE","t":"2026-07-16T11:27:16.2901536Z","type":"sample"}
{"channel":"rr","display":54.74452554744526,"mu":0,"quality":"OUT_OF_RANGE","raw":279.1,"sigma":1.5,"state":"IDLE","t":"2026-07-16T11:27:16.3309661Z","type":"sample"}
{"channel":"gsr","display":3267,"mu":0,"quality":"OK","raw":3267,"sigma":10,"state":"IDLE","t":"2026-07-16T11:27:16.3602291Z","type":"sample"}
{"channel":"rr","display":54.74452554744526,"mu":0,"quality":"OUT_OF_RANGE","raw":279.5,"sigma":1.5,"state":"IDLE","t":"2026-07-16T11:27:16.3711532Z","type":"sample"}
{"channel":"rr","display":54.74452554744526,"mu":0,"quality":"OUT_OF_RANGE","raw":279.7,"sigma":1.5,"state":"IDLE","t":"2026-07-16T11:27:16.4106641Z","type":"sample"}
{"channel":"rr","display":54.74452554744526,"mu":0,"quality":"OUT_OF_RANGE","raw":278.8,"sigma":1.5,"state":"IDLE","t":"2026-07-16T11:27:16.4506116Z","type":"sample"}
{"channel":"gsr","display":3270.2,"mu":0,"quality":"OK","raw":3270.2,"sigma":10,"state":"IDLE","t":"2026-07-16T11:27:16.4645793Z","type":"sample"}
{"channel":"hr","display":0,"mu":0,"quality":"OUT_OF_RANGE","raw":0,"sigma":3,"state":"IDLE","t":"2026-07-16T11:27:16.4655933Z","type":"sample"}
{"channel":"rr","display":57.25190839694657,"mu":0,"quality":"OUT_OF_RANGE","raw":280.1,"sigma":1.5,"state":"IDLE","t":"2026-07-16T11:27:16.4910542Z","type":"sample"}
{"channel":"rr","display":57.25190839694657,"mu":0,"quality":"OUT_OF_RANGE","raw":280.3,"sigma":1.5,"state":"IDLE","t":"2026-07-16T11:27:16.5300059Z","type":"sample"}
{"channel":"gsr","display":3270.2,"mu":0,"quality":"OK","raw":3270.2,"sigma":10,"state":"IDLE","t":"2026-07-16T11:27:16.5649267Z","type":"sample"}
{"channel":"rr","display":57.25190839694657,"mu":0,"quality":"OUT_OF_RANGE","raw":279.6,"sigma":1.5,"state":"IDLE","t":"2026-07-16T11:27:16.5702376Z","type":"sample"}
{"channel":"rr","display":57.25190839694657,"mu":0,"quality":"OUT_OF_RANGE","raw":279.5,"sigma":1.5,"state":"IDLE","t":"2026-07-16T11:27:16.6099885Z","type":"sample"}
{"channel":"rr","display":57.25190839694657,"mu":0,"quality":"OUT_OF_RANGE","raw":279.4,"sigma":1.5,"state":"IDLE","t":"2026-07-16T11:27:16.6499557Z","type":"sample"}
{"channel":"gsr","display":3276.7,"mu":0,"quality":"OK","raw":3276.7,"sigma":10,"state":"IDLE","t":"2026-07-16T11:27:16.6647801Z","type":"sample"}
{"address":"/cue/p/start","args":null,"channel":"system","dir":"out","t":"2026-07-16T11:27:16.681202Z","type":"osc"}
{"channel":"rr","display":57.25190839694657,"mu":0,"quality":"OUT_OF_RANGE","raw":279.1,"sigma":1.5,"state":"IDLE","t":"2026-07-16T11:27:16.6907523Z","type":"sample"}
{"channel":"rr","display":57.25190839694657,"mu":0,"quality":"OUT_OF_RANGE","raw":279.4,"sigma":1.5,"state":"IDLE","t":"2026-07-16T11:27:16.7303417Z","type":"sample"}
{"channel":"gsr","display":3278.6,"mu":0,"quality":"OK","raw":3278.6,"sigma":10,"state":"IDLE","t":"2026-07-16T11:27:16.7647211Z","type":"sample"}
{"channel":"rr","display":57.25190839694657,"mu":0,"quality":"OUT_OF_RANGE","raw":279.4,"sigma":1.5,"state":"IDLE","t":"2026-07-16T11:27:16.7708235Z","type":"sample"}
{"channel":"rr","display":57.25190839694657,"mu":0,"quality":"OUT_OF_RANGE","raw":280.2,"sigma":1.5,"state":"IDLE","t":"2026-07-16T11:27:16.8103432Z","type":"sample"}
{"channel":"rr","display":57.25190839694657,"mu":0,"quality":"OUT_OF_RANGE","raw":279.8,"sigma":1.5,"state":"IDLE","t":"2026-07-16T11:27:16.851209Z","type":"sample"}
{"channel":"gsr","display":3281.8,"mu":0,"quality":"OK","raw":3281.8,"sigma":10,"state":"IDLE","t":"2026-07-16T11:27:16.8651691Z","type":"sample"}
{"channel":"rr","display":57.25190839694657,"mu":0,"quality":"OUT_OF_RANGE","raw":279.4,"sigma":1.5,"state":"IDLE","t":"2026-07-16T11:27:16.8905186Z","type":"sample"}
{"channel":"rr","display":57.25190839694657,"mu":0,"quality":"OUT_OF_RANGE","raw":279.2,"sigma":1.5,"state":"IDLE","t":"2026-07-16T11:27:16.9304584Z","type":"sample"}
{"channel":"gsr","display":3287.6,"mu":0,"quality":"OK","raw":3287.6,"sigma":10,"state":"IDLE","t":"2026-07-16T11:27:16.9652602Z","type":"sample"}
{"channel":"hr","display":0,"mu":0,"quality":"OUT_OF_RANGE","raw":0,"sigma":3,"state":"IDLE","t":"2026-07-16T11:27:16.9658072Z","type":"sample"}
{"channel":"rr","display":57.25190839694657,"mu":0,"quality":"OUT_OF_RANGE","raw":279.9,"sigma":1.5,"state":"IDLE","t":"2026-07-16T11:27:16.9702723Z","type":"sample"}
{"channel":"rr","display":57.25190839694657,"mu":0,"quality":"OUT_OF_RANGE","raw":279.1,"sigma":1.5,"state":"IDLE","t":"2026-07-16T11:27:17.0107424Z","type":"sample"}
{"channel":"rr","display":57.25190839694657,"mu":0,"quality":"OUT_OF_RANGE","raw":279.1,"sigma":1.5,"state":"IDLE","t":"2026-07-16T11:27:17.0507253Z","type":"sample"}
{"channel":"gsr","display":3286.8,"mu":0,"quality":"OK","raw":3286.8,"sigma":10,"state":"IDLE","t":"2026-07-16T11:27:17.0645077Z","type":"sample"}
{"channel":"rr","display":57.25190839694657,"mu":0,"quality":"OUT_OF_RANGE","raw":279.9,"sigma":1.5,"state":"IDLE","t":"2026-07-16T11:27:17.090855Z","type":"sample"}
{"address":"/cue/g1/start","args":null,"channel":"system","dir":"out","t":"2026-07-16T11:27:17.1016738Z","type":"osc"}
{"channel":"rr","display":57.25190839694657,"mu":0,"quality":"OUT_OF_RANGE","raw":279.4,"sigma":1.5,"state":"IDLE","t":"2026-07-16T11:27:17.1302706Z","type":"sample"}
{"channel":"gsr","display":3288.2,"mu":0,"quality":"OK","raw":3288.2,"sigma":10,"state":"IDLE","t":"2026-07-16T11:27:17.1647496Z","type":"sample"}
{"channel":"rr","display":57.25190839694657,"mu":0,"quality":"OUT_OF_RANGE","raw":279.7,"sigma":1.5,"state":"IDLE","t":"2026-07-16T11:27:17.1709968Z","type":"sample"}
{"channel":"rr","display":57.25190839694657,"mu":0,"quality":"OUT_OF_RANGE","raw":280,"sigma":1.5,"state":"IDLE","t":"2026-07-16T11:27:17.2109823Z","type":"sample"}
{"channel":"rr","display":57.25190839694657,"mu":0,"quality":"OUT_OF_RANGE","raw":280,"sigma":1.5,"state":"IDLE","t":"2026-07-16T11:27:17.2509802Z","type":"sample"}
{"channel":"gsr","display":3290,"mu":0,"quality":"OK","raw":3290,"sigma":10,"state":"IDLE","t":"2026-07-16T11:27:17.2650904Z","type":"sample"}
{"channel":"rr","display":57.25190839694657,"mu":0,"quality":"OUT_OF_RANGE","raw":278.9,"sigma":1.5,"state":"IDLE","t":"2026-07-16T11:27:17.2903519Z","type":"sample"}
{"channel":"rr","display":57.25190839694657,"mu":0,"quality":"OUT_OF_RANGE","raw":279.7,"sigma":1.5,"state":"IDLE","t":"2026-07-16T11:27:17.3303866Z","type":"sample"}
{"channel":"gsr","display":3291.6,"mu":0,"quality":"OK","raw":3291.6,"sigma":10,"state":"IDLE","t":"2026-07-16T11:27:17.3646881Z","type":"sample"}
{"channel":"rr","display":57.25190839694657,"mu":0,"quality":"OUT_OF_RANGE","raw":280.7,"sigma":1.5,"state":"IDLE","t":"2026-07-16T11:27:17.3703722Z","type":"sample"}
{"channel":"rr","display":57.25190839694657,"mu":0,"quality":"OUT_OF_RANGE","raw":280.3,"sigma":1.5,"state":"IDLE","t":"2026-07-16T11:27:17.4109389Z","type":"sample"}
{"channel":"rr","display":57.25190839694657,"mu":0,"quality":"OUT_OF_RANGE","raw":279.2,"sigma":1.5,"state":"IDLE","t":"2026-07-16T11:27:17.4504295Z","type":"sample"}
{"channel":"gsr","display":3292.2,"mu":0,"quality":"OK","raw":3292.2,"sigma":10,"state":"IDLE","t":"2026-07-16T11:27:17.4647808Z","type":"sample"}
{"channel":"hr","display":0,"mu":0,"quality":"OUT_OF_RANGE","raw":0,"sigma":3,"state":"IDLE","t":"2026-07-16T11:27:17.4658291Z","type":"sample"}
{"channel":"rr","display":59.05511811023622,"mu":0,"quality":"OUT_OF_RANGE","raw":279.8,"sigma":1.5,"state":"IDLE","t":"2026-07-16T11:27:17.4902053Z","type":"sample"}
{"channel":"rr","display":59.05511811023622,"mu":0,"quality":"OUT_OF_RANGE","raw":279.4,"sigma":1.5,"state":"IDLE","t":"2026-07-16T11:27:17.5309224Z","type":"sample"}
{"channel":"gsr","display":3292.5,"mu":0,"quality":"OK","raw":3292.5,"sigma":10,"state":"IDLE","t":"2026-07-16T11:27:17.5645431Z","type":"sample"}
{"channel":"rr","display":59.05511811023622,"mu":0,"quality":"OUT_OF_RANGE","raw":280.4,"sigma":1.5,"state":"IDLE","t":"2026-07-16T11:27:17.5707974Z","type":"sample"}
{"channel":"rr","display":59.05511811023622,"mu":0,"quality":"OUT_OF_RANGE","raw":279.8,"sigma":1.5,"state":"IDLE","t":"2026-07-16T11:27:17.6110061Z","type":"sample"}
{"channel":"rr","display":59.05511811023622,"mu":0,"quality":"OUT_OF_RANGE","raw":278.9,"sigma":1.5,"state":"IDLE","t":"2026-07-16T11:27:17.650487Z","type":"sample"}
{"channel":"gsr","display":3295.7,"mu":0,"quality":"OK","raw":3295.7,"sigma":10,"state":"IDLE","t":"2026-07-16T11:27:17.6603863Z","type":"sample"}
{"address":"/cue/p/start","args":null,"channel":"system","dir":"out","t":"2026-07-16T11:27:17.6807147Z","type":"osc"}
{"channel":"rr","display":59.05511811023622,"mu":0,"quality":"OUT_OF_RANGE","raw":279.9,"sigma":1.5,"state":"IDLE","t":"2026-07-16T11:27:17.6903731Z","type":"sample"}
{"channel":"rr","display":59.05511811023622,"mu":0,"quality":"OUT_OF_RANGE","raw":279.6,"sigma":1.5,"state":"IDLE","t":"2026-07-16T11:27:17.7307412Z","type":"sample"}
{"channel":"gsr","display":3291.9,"mu":0,"quality":"OK","raw":3291.9,"sigma":10,"state":"IDLE","t":"2026-07-16T11:27:17.7648016Z","type":"sample"}
{"channel":"rr","display":59.05511811023622,"mu":0,"quality":"OUT_OF_RANGE","raw":279.1,"sigma":1.5,"state":"IDLE","t":"2026-07-16T11:27:17.7707247Z","type":"sample"}
{"channel":"rr","display":59.05511811023622,"mu":0,"quality":"OUT_OF_RANGE","raw":280.4,"sigma":1.5,"state":"IDLE","t":"2026-07-16T11:27:17.8109025Z","type":"sample"}
{"channel":"rr","display":59.05511811023622,"mu":0,"quality":"OUT_OF_RANGE","raw":279.2,"sigma":1.5,"state":"IDLE","t":"2026-07-16T11:27:17.8509192Z","type":"sample"}
{"channel":"gsr","display":3299,"mu":0,"quality":"OK","raw":3299,"sigma":10,"state":"IDLE","t":"2026-07-16T11:27:17.8645238Z","type":"sample"}
{"channel":"rr","display":59.05511811023622,"mu":0,"quality":"OUT_OF_RANGE","raw":279.9,"sigma":1.5,"state":"IDLE","t":"2026-07-16T11:27:17.8909565Z","type":"sample"}
{"channel":"rr","display":59.05511811023622,"mu":0,"quality":"OUT_OF_RANGE","raw":280,"sigma":1.5,"state":"IDLE","t":"2026-07-16T11:27:17.9300447Z","type":"sample"}
{"channel":"gsr","display":3294.1,"mu":0,"quality":"OK","raw":3294.1,"sigma":10,"state":"IDLE","t":"2026-07-16T11:27:17.9647398Z","type":"sample"}
{"channel":"hr","display":0,"mu":0,"quality":"OUT_OF_RANGE","raw":0,"sigma":3,"state":"IDLE","t":"2026-07-16T11:27:17.9659711Z","type":"sample"}
{"channel":"rr","display":59.05511811023622,"mu":0,"quality":"OUT_OF_RANGE","raw":280.1,"sigma":1.5,"state":"IDLE","t":"2026-07-16T11:27:17.9704809Z","type":"sample"}
{"channel":"rr","display":59.05511811023622,"mu":0,"quality":"OUT_OF_RANGE","raw":279.4,"sigma":1.5,"state":"IDLE","t":"2026-07-16T11:27:18.0103459Z","type":"sample"}
{"channel":"rr","display":59.05511811023622,"mu":0,"quality":"OUT_OF_RANGE","raw":279.4,"sigma":1.5,"state":"IDLE","t":"2026-07-16T11:27:18.0509779Z","type":"sample"}
{"channel":"gsr","display":3298.8,"mu":0,"quality":"OK","raw":3298.8,"sigma":10,"state":"IDLE","t":"2026-07-16T11:27:18.0644565Z","type":"sample"}
{"channel":"rr","display":59.05511811023622,"mu":0,"quality":"OUT_OF_RANGE","raw":279.4,"sigma":1.5,"state":"IDLE","t":"2026-07-16T11:27:18.0905027Z","type":"sample"}
{"address":"/cue/g1/start","args":null,"channel":"system","dir":"out","t":"2026-07-16T11:27:18.1088556Z","type":"osc"}
{"channel":"rr","display":59.05511811023622,"mu":0,"quality":"OUT_OF_RANGE","raw":279.9,"sigma":1.5,"state":"IDLE","t":"2026-07-16T11:27:18.1300419Z","type":"sample"}
{"channel":"gsr","display":3301.7,"mu":0,"quality":"OK","raw":3301.7,"sigma":10,"state":"IDLE","t":"2026-07-16T11:27:18.1645458Z","type":"sample"}
{"channel":"rr","display":59.05511811023622,"mu":0,"quality":"OUT_OF_RANGE","raw":279.8,"sigma":1.5,"state":"IDLE","t":"2026-07-16T11:27:18.1706092Z","type":"sample"}
{"channel":"rr","display":59.05511811023622,"mu":0,"quality":"OUT_OF_RANGE","raw":280.3,"sigma":1.5,"state":"IDLE","t":"2026-07-16T11:27:18.2107039Z","type":"sample"}
{"channel":"rr","display":59.05511811023622,"mu":0,"quality":"OUT_OF_RANGE","raw":279.6,"sigma":1.5,"state":"IDLE","t":"2026-07-16T11:27:18.250072Z","type":"sample"}
{"channel":"gsr","display":3299.1,"mu":0,"quality":"OK","raw":3299.1,"sigma":10,"state":"IDLE","t":"2026-07-16T11:27:18.2644783Z","type":"sample"}
{"channel":"rr","display":59.05511811023622,"mu":0,"quality":"OUT_OF_RANGE","raw":279.6,"sigma":1.5,"state":"IDLE","t":"2026-07-16T11:27:18.2906461Z","type":"sample"}
{"channel":"rr","display":59.05511811023622,"mu":0,"quality":"OUT_OF_RANGE","raw":279.8,"sigma":1.5,"state":"IDLE","t":"2026-07-16T11:27:18.3308381Z","type":"sample"}
{"channel":"gsr","display":3302.4,"mu":0,"quality":"OK","raw":3302.4,"sigma":10,"state":"IDLE","t":"2026-07-16T11:27:18.3645278Z","type":"sample"}
{"channel":"rr","display":59.05511811023622,"mu":0,"quality":"OUT_OF_RANGE","raw":280.3,"sigma":1.5,"state":"IDLE","t":"2026-07-16T11:27:18.3706348Z","type":"sample"}
{"channel":"rr","display":59.05511811023622,"mu":0,"quality":"OUT_OF_RANGE","raw":279.7,"sigma":1.5,"state":"IDLE","t":"2026-07-16T11:27:18.410582Z","type":"sample"}
{"channel":"rr","display":59.05511811023622,"mu":0,"quality":"OUT_OF_RANGE","raw":279.9,"sigma":1.5,"state":"IDLE","t":"2026-07-16T11:27:18.4500181Z","type":"sample"}
{"channel":"gsr","display":3303.3,"mu":0,"quality":"OK","raw":3303.3,"sigma":10,"state":"IDLE","t":"2026-07-16T11:27:18.4646738Z","type":"sample"}
{"channel":"hr","display":0,"mu":0,"quality":"OUT_OF_RANGE","raw":0,"sigma":3,"state":"IDLE","t":"2026-07-16T11:27:18.4656978Z","type":"sample"}
{"channel":"rr","display":59.05511811023622,"mu":0,"quality":"OUT_OF_RANGE","raw":279.6,"sigma":1.5,"state":"IDLE","t":"2026-07-16T11:27:18.4900347Z","type":"sample"}
{"channel":"rr","display":59.05511811023622,"mu":0,"quality":"OUT_OF_RANGE","raw":279.2,"sigma":1.5,"state":"IDLE","t":"2026-07-16T11:27:18.5301513Z","type":"sample"}
{"channel":"gsr","display":3304.8,"mu":0,"quality":"OK","raw":3304.8,"sigma":10,"state":"IDLE","t":"2026-07-16T11:27:18.5647138Z","type":"sample"}
{"channel":"rr","display":59.05511811023622,"mu":0,"quality":"OUT_OF_RANGE","raw":278.9,"sigma":1.5,"state":"IDLE","t":"2026-07-16T11:27:18.5708836Z","type":"sample"}
{"channel":"rr","display":58.13953488372093,"mu":0,"quality":"OUT_OF_RANGE","raw":279.9,"sigma":1.5,"state":"IDLE","t":"2026-07-16T11:27:18.6108492Z","type":"sample"}
{"channel":"rr","display":58.13953488372093,"mu":0,"quality":"OUT_OF_RANGE","raw":279.1,"sigma":1.5,"state":"IDLE","t":"2026-07-16T11:27:18.6507555Z","type":"sample"}
{"channel":"gsr","display":3306.8,"mu":0,"quality":"OK","raw":3306.8,"sigma":10,"state":"IDLE","t":"2026-07-16T11:27:18.6648205Z","type":"sample"}
{"address":"/cue/p/start","args":null,"channel":"system","dir":"out","t":"2026-07-16T11:27:18.681127Z","type":"osc"}
{"channel":"rr","display":58.13953488372093,"mu":0,"quality":"OUT_OF_RANGE","raw":279.8,"sigma":1.5,"state":"IDLE","t":"2026-07-16T11:27:18.6905605Z","type":"sample"}
{"channel":"rr","display":58.13953488372093,"mu":0,"quality":"OUT_OF_RANGE","raw":279.8,"sigma":1.5,"state":"IDLE","t":"2026-07-16T11:27:18.7304931Z","type":"sample"}
{"channel":"gsr","display":3306,"mu":0,"quality":"OK","raw":3306,"sigma":10,"state":"IDLE","t":"2026-07-16T11:27:18.7647093Z","type":"sample"}
{"channel":"rr","display":58.13953488372093,"mu":0,"quality":"OUT_OF_RANGE","raw":279.1,"sigma":1.5,"state":"IDLE","t":"2026-07-16T11:27:18.7709072Z","type":"sample"}
{"channel":"rr","display":58.13953488372093,"mu":0,"quality":"OUT_OF_RANGE","raw":279.3,"sigma":1.5,"state":"IDLE","t":"2026-07-16T11:27:18.8105216Z","type":"sample"}
{"channel":"rr","display":58.13953488372093,"mu":0,"quality":"OUT_OF_RANGE","raw":279.7,"sigma":1.5,"state":"IDLE","t":"2026-07-16T11:27:18.8501846Z","type":"sample"}
{"channel":"gsr","display":3304.8,"mu":0,"quality":"OK","raw":3304.8,"sigma":10,"state":"IDLE","t":"2026-07-16T11:27:18.8646752Z","type":"sample"}
{"channel":"rr","display":58.13953488372093,"mu":0,"quality":"OUT_OF_RANGE","raw":279.8,"sigma":1.5,"state":"IDLE","t":"2026-07-16T11:27:18.8899493Z","type":"sample"}
{"channel":"rr","display":58.13953488372093,"mu":0,"quality":"OUT_OF_RANGE","raw":279.1,"sigma":1.5,"state":"IDLE","t":"2026-07-16T11:27:18.9306864Z","type":"sample"}
{"channel":"gsr","display":3311.3,"mu":0,"quality":"OK","raw":3311.3,"sigma":10,"state":"IDLE","t":"2026-07-16T11:27:18.9646535Z","type":"sample"}
{"channel":"hr","display":0,"mu":0,"quality":"OUT_OF_RANGE","raw":0,"sigma":3,"state":"IDLE","t":"2026-07-16T11:27:18.96568Z","type":"sample"}
{"channel":"rr","display":58.13953488372093,"mu":0,"quality":"OUT_OF_RANGE","raw":279.8,"sigma":1.5,"state":"IDLE","t":"2026-07-16T11:27:18.9707161Z","type":"sample"}
{"channel":"rr","display":58.13953488372093,"mu":0,"quality":"OUT_OF_RANGE","raw":279.9,"sigma":1.5,"state":"IDLE","t":"2026-07-16T11:27:19.0104038Z","type":"sample"}
{"channel":"rr","display":58.13953488372093,"mu":0,"quality":"OUT_OF_RANGE","raw":279.4,"sigma":1.5,"state":"IDLE","t":"2026-07-16T11:27:19.0506078Z","type":"sample"}
{"channel":"gsr","display":3313.6,"mu":0,"quality":"OK","raw":3313.6,"sigma":10,"state":"IDLE","t":"2026-07-16T11:27:19.0647679Z","type":"sample"}
{"channel":"rr","display":58.13953488372093,"mu":0,"quality":"OUT_OF_RANGE","raw":280.6,"sigma":1.5,"state":"IDLE","t":"2026-07-16T11:27:19.0899014Z","type":"sample"}
{"address":"/cue/g1/start","args":null,"channel":"system","dir":"out","t":"2026-07-16T11:27:19.1173149Z","type":"osc"}
{"channel":"rr","display":58.13953488372093,"mu":0,"quality":"OUT_OF_RANGE","raw":279.5,"sigma":1.5,"state":"IDLE","t":"2026-07-16T11:27:19.130228Z","type":"sample"}
{"channel":"gsr","display":3316.4,"mu":0,"quality":"OK","raw":3316.4,"sigma":10,"state":"IDLE","t":"2026-07-16T11:27:19.164516Z","type":"sample"}
{"channel":"rr","display":58.13953488372093,"mu":0,"quality":"OUT_OF_RANGE","raw":280.1,"sigma":1.5,"state":"IDLE","t":"2026-07-16T11:27:19.1708304Z","type":"sample"}
{"channel":"rr","display":58.13953488372093,"mu":0,"quality":"OUT_OF_RANGE","raw":280.1,"sigma":1.5,"state":"IDLE","t":"2026-07-16T11:27:19.2109502Z","type":"sample"}
{"channel":"rr","display":58.13953488372093,"mu":0,"quality":"OUT_OF_RANGE","raw":279.4,"sigma":1.5,"state":"IDLE","t":"2026-07-16T11:27:19.2506465Z","type":"sample"}
{"channel":"gsr","display":3319.1,"mu":0,"quality":"OK","raw":3319.1,"sigma":10,"state":"IDLE","t":"2026-07-16T11:27:19.2646278Z","type":"sample"}
{"channel":"rr","display":58.13953488372093,"mu":0,"quality":"OUT_OF_RANGE","raw":279.9,"sigma":1.5,"state":"IDLE","t":"2026-07-16T11:27:19.2908034Z","type":"sample"}
{"channel":"rr","display":58.13953488372093,"mu":0,"quality":"OUT_OF_RANGE","raw":280.1,"sigma":1.5,"state":"IDLE","t":"2026-07-16T11:27:19.330842Z","type":"sample"}
{"channel":"gsr","display":3318.3,"mu":0,"quality":"OK","raw":3318.3,"sigma":10,"state":"IDLE","t":"2026-07-16T11:27:19.3648734Z","type":"sample"}
{"channel":"rr","display":58.13953488372093,"mu":0,"quality":"OUT_OF_RANGE","raw":279.7,"sigma":1.5,"state":"IDLE","t":"2026-07-16T11:27:19.3705397Z","type":"sample"}
{"channel":"rr","display":58.13953488372093,"mu":0,"quality":"OUT_OF_RANGE","raw":279.6,"sigma":1.5,"state":"IDLE","t":"2026-07-16T11:27:19.4106276Z","type":"sample"}
{"channel":"rr","display":58.13953488372093,"mu":0,"quality":"OUT_OF_RANGE","raw":280.2,"sigma":1.5,"state":"IDLE","t":"2026-07-16T11:27:19.4501205Z","type":"sample"}
{"channel":"gsr","display":3320.2,"mu":0,"quality":"OK","raw":3320.2,"sigma":10,"state":"IDLE","t":"2026-07-16T11:27:19.4647998Z","type":"sample"}
{"channel":"hr","display":0,"mu":0,"quality":"OUT_OF_RANGE","raw":0,"sigma":3,"state":"IDLE","t":"2026-07-16T11:27:19.4659301Z","type":"sample"}
{"channel":"rr","display":58.13953488372093,"mu":0,"quality":"OUT_OF_RANGE","raw":278.7,"sigma":1.5,"state":"IDLE","t":"2026-07-16T11:27:19.4901004Z","type":"sample"}
{"channel":"rr","display":58.13953488372093,"mu":0,"quality":"OUT_OF_RANGE","raw":279.1,"sigma":1.5,"state":"IDLE","t":"2026-07-16T11:27:19.5306407Z","type":"sample"}
{"channel":"gsr","display":3322.5,"mu":0,"quality":"OK","raw":3322.5,"sigma":10,"state":"IDLE","t":"2026-07-16T11:27:19.563687Z","type":"sample"}
{"channel":"rr","display":58.13953488372093,"mu":0,"quality":"OUT_OF_RANGE","raw":279.4,"sigma":1.5,"state":"IDLE","t":"2026-07-16T11:27:19.5708429Z","type":"sample"}
{"channel":"rr","display":58.59375,"mu":0,"quality":"OUT_OF_RANGE","raw":279.8,"sigma":1.5,"state":"IDLE","t":"2026-07-16T11:27:19.6107962Z","type":"sample"}
{"channel":"rr","display":58.59375,"mu":0,"quality":"OUT_OF_RANGE","raw":280.2,"sigma":1.5,"state":"IDLE","t":"2026-07-16T11:27:19.6510773Z","type":"sample"}
{"channel":"gsr","display":3324.5,"mu":0,"quality":"OK","raw":3324.5,"sigma":10,"state":"IDLE","t":"2026-07-16T11:27:19.6647846Z","type":"sample"}
{"address":"/cue/p/start","args":null,"channel":"system","dir":"out","t":"2026-07-16T11:27:19.6812484Z","type":"osc"}
{"channel":"rr","display":58.59375,"mu":0,"quality":"OUT_OF_RANGE","raw":280,"sigma":1.5,"state":"IDLE","t":"2026-07-16T11:27:19.690589Z","type":"sample"}
{"channel":"rr","display":58.59375,"mu":0,"quality":"OUT_OF_RANGE","raw":280.2,"sigma":1.5,"state":"IDLE","t":"2026-07-16T11:27:19.7299026Z","type":"sample"}
{"channel":"gsr","display":3328.5,"mu":0,"quality":"OK","raw":3328.5,"sigma":10,"state":"IDLE","t":"2026-07-16T11:27:19.7647811Z","type":"sample"}
{"channel":"rr","display":58.59375,"mu":0,"quality":"OUT_OF_RANGE","raw":279.6,"sigma":1.5,"state":"IDLE","t":"2026-07-16T11:27:19.7702976Z","type":"sample"}
{"channel":"rr","display":58.59375,"mu":0,"quality":"OUT_OF_RANGE","raw":280,"sigma":1.5,"state":"IDLE","t":"2026-07-16T11:27:19.8099786Z","type":"sample"}
{"channel":"rr","display":58.59375,"mu":0,"quality":"OUT_OF_RANGE","raw":279.8,"sigma":1.5,"state":"IDLE","t":"2026-07-16T11:27:19.8508237Z","type":"sample"}
{"channel":"gsr","display":3328.2,"mu":0,"quality":"OK","raw":3328.2,"sigma":10,"state":"IDLE","t":"2026-07-16T11:27:19.864709Z","type":"sample"}
{"channel":"rr","display":58.59375,"mu":0,"quality":"OUT_OF_RANGE","raw":279.8,"sigma":1.5,"state":"IDLE","t":"2026-07-16T11:27:19.8905803Z","type":"sample"}
{"channel":"rr","display":58.59375,"mu":0,"quality":"OUT_OF_RANGE","raw":279.7,"sigma":1.5,"state":"IDLE","t":"2026-07-16T11:27:19.9307327Z","type":"sample"}
{"channel":"gsr","display":3331.9,"mu":0,"quality":"OK","raw":3331.9,"sigma":10,"state":"IDLE","t":"2026-07-16T11:27:19.9603016Z","type":"sample"}
{"channel":"hr","display":0,"mu":0,"quality":"OUT_OF_RANGE","raw":0,"sigma":3,"state":"IDLE","t":"2026-07-16T11:27:19.9603016Z","type":"sample"}
{"channel":"rr","display":58.59375,"mu":0,"quality":"OUT_OF_RANGE","raw":279.2,"sigma":1.5,"state":"IDLE","t":"2026-07-16T11:27:19.9704833Z","type":"sample"}
{"channel":"rr","display":58.59375,"mu":0,"quality":"OUT_OF_RANGE","raw":278.9,"sigma":1.5,"state":"IDLE","t":"2026-07-16T11:27:20.0107501Z","type":"sample"}
{"channel":"rr","display":58.59375,"mu":0,"quality":"OUT_OF_RANGE","raw":279.6,"sigma":1.5,"state":"IDLE","t":"2026-07-16T11:27:20.0505313Z","type":"sample"}
{"channel":"gsr","display":3332.8,"mu":0,"quality":"OK","raw":3332.8,"sigma":10,"state":"IDLE","t":"2026-07-16T11:27:20.0646198Z","type":"sample"}
{"channel":"rr","display":58.59375,"mu":0,"quality":"OUT_OF_RANGE","raw":279.8,"sigma":1.5,"state":"IDLE","t":"2026-07-16T11:27:20.0901119Z","type":"sample"}
{"address":"/cue/g1/start","args":null,"channel":"system","dir":"out","t":"2026-07-16T11:27:20.121724Z","type":"osc"}
{"channel":"rr","display":58.59375,"mu":0,"quality":"OUT_OF_RANGE","raw":279.9,"sigma":1.5,"state":"IDLE","t":"2026-07-16T11:27:20.1300747Z","type":"sample"}
{"channel":"gsr","display":3339.3,"mu":0,"quality":"OK","raw":3339.3,"sigma":10,"state":"IDLE","t":"2026-07-16T11:27:20.1645628Z","type":"sample"}
{"channel":"rr","display":58.59375,"mu":0,"quality":"OUT_OF_RANGE","raw":279.4,"sigma":1.5,"state":"IDLE","t":"2026-07-16T11:27:20.1698765Z","type":"sample"}
{"channel":"rr","display":58.59375,"mu":0,"quality":"OUT_OF_RANGE","raw":279.6,"sigma":1.5,"state":"IDLE","t":"2026-07-16T11:27:20.2109544Z","type":"sample"}
{"channel":"rr","display":58.59375,"mu":0,"quality":"OUT_OF_RANGE","raw":280.2,"sigma":1.5,"state":"IDLE","t":"2026-07-16T11:27:20.2508035Z","type":"sample"}
{"channel":"gsr","display":3342.3,"mu":0,"quality":"OK","raw":3342.3,"sigma":10,"state":"IDLE","t":"2026-07-16T11:27:20.2649356Z","type":"sample"}
{"channel":"rr","display":58.59375,"mu":0,"quality":"OUT_OF_RANGE","raw":279.3,"sigma":1.5,"state":"IDLE","t":"2026-07-16T11:27:20.2907155Z","type":"sample"}
{"channel":"rr","display":58.59375,"mu":0,"quality":"OUT_OF_RANGE","raw":280.1,"sigma":1.5,"state":"IDLE","t":"2026-07-16T11:27:20.3313546Z","type":"sample"}
{"channel":"gsr","display":3343.7,"mu":0,"quality":"OK","raw":3343.7,"sigma":10,"state":"IDLE","t":"2026-07-16T11:27:20.3647457Z","type":"sample"}
{"channel":"rr","display":58.59375,"mu":0,"quality":"OUT_OF_RANGE","raw":279.8,"sigma":1.5,"state":"IDLE","t":"2026-07-16T11:27:20.3706471Z","type":"sample"}
{"channel":"rr","display":58.59375,"mu":0,"quality":"OUT_OF_RANGE","raw":279.1,"sigma":1.5,"state":"IDLE","t":"2026-07-16T11:27:20.4103231Z","type":"sample"}
{"channel":"rr","display":58.59375,"mu":0,"quality":"OUT_OF_RANGE","raw":279.6,"sigma":1.5,"state":"IDLE","t":"2026-07-16T11:27:20.449921Z","type":"sample"}
{"channel":"gsr","display":3347.8,"mu":0,"quality":"OK","raw":3347.8,"sigma":10,"state":"IDLE","t":"2026-07-16T11:27:20.4649434Z","type":"sample"}
{"channel":"hr","display":0,"mu":0,"quality":"OUT_OF_RANGE","raw":0,"sigma":3,"state":"IDLE","t":"2026-07-16T11:27:20.4654772Z","type":"sample"}
{"channel":"rr","display":58.59375,"mu":0,"quality":"OUT_OF_RANGE","raw":279.7,"sigma":1.5,"state":"IDLE","t":"2026-07-16T11:27:20.4902455Z","type":"sample"}
{"channel":"rr","display":58.59375,"mu":0,"quality":"OUT_OF_RANGE","raw":279.9,"sigma":1.5,"state":"IDLE","t":"2026-07-16T11:27:20.5307621Z","type":"sample"}
{"channel":"gsr","display":3352.1,"mu":0,"quality":"OK","raw":3352.1,"sigma":10,"state":"IDLE","t":"2026-07-16T11:27:20.5649901Z","type":"sample"}
{"channel":"rr","display":58.59375,"mu":0,"quality":"OUT_OF_RANGE","raw":279.4,"sigma":1.5,"state":"IDLE","t":"2026-07-16T11:27:20.5705019Z","type":"sample"}
{"channel":"rr","display":58.59375,"mu":0,"quality":"OUT_OF_RANGE","raw":280.4,"sigma":1.5,"state":"IDLE","t":"2026-07-16T11:27:20.6106461Z","type":"sample"}
{"channel":"rr","display":58.59375,"mu":0,"quality":"OUT_OF_RANGE","raw":279.1,"sigma":1.5,"state":"IDLE","t":"2026-07-16T11:27:20.6502564Z","type":"sample"}
{"channel":"gsr","display":3355.2,"mu":0,"quality":"OK","raw":3355.2,"sigma":10,"state":"IDLE","t":"2026-07-16T11:27:20.6644684Z","type":"sample"}
{"address":"/cue/p/start","args":null,"channel":"system","dir":"out","t":"2026-07-16T11:27:20.6811236Z","type":"osc"}
{"channel":"rr","display":58.59375,"mu":0,"quality":"OUT_OF_RANGE","raw":279.6,"sigma":1.5,"state":"IDLE","t":"2026-07-16T11:27:20.6905942Z","type":"sample"}
{"channel":"rr","display":58.59375,"mu":0,"quality":"OUT_OF_RANGE","raw":279.7,"sigma":1.5,"state":"IDLE","t":"2026-07-16T11:27:20.7309513Z","type":"sample"}
{"channel":"gsr","display":3357.4,"mu":0,"quality":"OK","raw":3357.4,"sigma":10,"state":"IDLE","t":"2026-07-16T11:27:20.7602801Z","type":"sample"}
{"channel":"rr","display":58.59375,"mu":0,"quality":"OUT_OF_RANGE","raw":279.1,"sigma":1.5,"state":"IDLE","t":"2026-07-16T11:27:20.770885Z","type":"sample"}
{"channel":"rr","display":58.59375,"mu":0,"quality":"OUT_OF_RANGE","raw":280.2,"sigma":1.5,"state":"IDLE","t":"2026-07-16T11:27:20.8110098Z","type":"sample"}
{"channel":"rr","display":58.59375,"mu":0,"quality":"OUT_OF_RANGE","raw":279.8,"sigma":1.5,"state":"IDLE","t":"2026-07-16T11:27:20.8510601Z","type":"sample"}
{"channel":"gsr","display":3359.9,"mu":0,"quality":"OK","raw":3359.9,"sigma":10,"state":"IDLE","t":"2026-07-16T11:27:20.8648358Z","type":"sample"}
{"channel":"rr","display":58.59375,"mu":0,"quality":"OUT_OF_RANGE","raw":279.7,"sigma":1.5,"state":"IDLE","t":"2026-07-16T11:27:20.8907568Z","type":"sample"}
{"channel":"rr","display":58.59375,"mu":0,"quality":"OUT_OF_RANGE","raw":279.4,"sigma":1.5,"state":"IDLE","t":"2026-07-16T11:27:20.9307306Z","type":"sample"}
{"channel":"gsr","display":3359.9,"mu":0,"quality":"OK","raw":3359.9,"sigma":10,"state":"IDLE","t":"2026-07-16T11:27:20.9647042Z","type":"sample"}
{"channel":"hr","display":0,"mu":0,"quality":"OUT_OF_RANGE","raw":0,"sigma":3,"state":"IDLE","t":"2026-07-16T11:27:20.9654661Z","type":"sample"}
{"channel":"rr","display":58.59375,"mu":0,"quality":"OUT_OF_RANGE","raw":279.7,"sigma":1.5,"state":"IDLE","t":"2026-07-16T11:27:20.9705822Z","type":"sample"}
{"channel":"rr","display":58.59375,"mu":0,"quality":"OUT_OF_RANGE","raw":279,"sigma":1.5,"state":"IDLE","t":"2026-07-16T11:27:21.0102896Z","type":"sample"}
{"channel":"rr","display":58.59375,"mu":0,"quality":"OUT_OF_RANGE","raw":280.6,"sigma":1.5,"state":"IDLE","t":"2026-07-16T11:27:21.0501412Z","type":"sample"}
{"channel":"gsr","display":3366.6,"mu":0,"quality":"OK","raw":3366.6,"sigma":10,"state":"IDLE","t":"2026-07-16T11:27:21.0647949Z","type":"sample"}
{"channel":"rr","display":58.59375,"mu":0,"quality":"OUT_OF_RANGE","raw":280.1,"sigma":1.5,"state":"IDLE","t":"2026-07-16T11:27:21.0901088Z","type":"sample"}
{"address":"/cue/g1/start","args":null,"channel":"system","dir":"out","t":"2026-07-16T11:27:21.1272831Z","type":"osc"}
{"channel":"rr","display":58.59375,"mu":0,"quality":"OUT_OF_RANGE","raw":279.9,"sigma":1.5,"state":"IDLE","t":"2026-07-16T11:27:21.1310413Z","type":"sample"}
{"channel":"gsr","display":3365.7,"mu":0,"quality":"OK","raw":3365.7,"sigma":10,"state":"IDLE","t":"2026-07-16T11:27:21.1649684Z","type":"sample"}
{"channel":"rr","display":58.59375,"mu":0,"quality":"OUT_OF_RANGE","raw":279.9,"sigma":1.5,"state":"IDLE","t":"2026-07-16T11:27:21.1707007Z","type":"sample"}
{"channel":"rr","display":58.59375,"mu":0,"quality":"OUT_OF_RANGE","raw":279.6,"sigma":1.5,"state":"IDLE","t":"2026-07-16T11:27:21.2109425Z","type":"sample"}
{"channel":"rr","display":58.59375,"mu":0,"quality":"OUT_OF_RANGE","raw":279.9,"sigma":1.5,"state":"IDLE","t":"2026-07-16T11:27:21.250597Z","type":"sample"}
{"channel":"gsr","display":3371.3,"mu":0,"quality":"OK","raw":3371.3,"sigma":10,"state":"IDLE","t":"2026-07-16T11:27:21.264603Z","type":"sample"}
{"channel":"rr","display":58.59375,"mu":0,"quality":"OUT_OF_RANGE","raw":280.8,"sigma":1.5,"state":"IDLE","t":"2026-07-16T11:27:21.2908703Z","type":"sample"}
{"channel":"rr","display":58.59375,"mu":0,"quality":"OUT_OF_RANGE","raw":278.6,"sigma":1.5,"state":"IDLE","t":"2026-07-16T11:27:21.3303502Z","type":"sample"}
{"channel":"gsr","display":3376.6,"mu":0,"quality":"OK","raw":3376.6,"sigma":10,"state":"IDLE","t":"2026-07-16T11:27:21.3611902Z","type":"sample"}
{"channel":"rr","display":58.59375,"mu":0,"quality":"OUT_OF_RANGE","raw":280.6,"sigma":1.5,"state":"IDLE","t":"2026-07-16T11:27:21.3701467Z","type":"sample"}
{"channel":"rr","display":58.59375,"mu":0,"quality":"OUT_OF_RANGE","raw":280,"sigma":1.5,"state":"IDLE","t":"2026-07-16T11:27:21.4099765Z","type":"sample"}
{"channel":"rr","display":58.59375,"mu":0,"quality":"OUT_OF_RANGE","raw":280.1,"sigma":1.5,"state":"IDLE","t":"2026-07-16T11:27:21.4501216Z","type":"sample"}
{"channel":"gsr","display":3379.1,"mu":0,"quality":"OK","raw":3379.1,"sigma":10,"state":"IDLE","t":"2026-07-16T11:27:21.4644881Z","type":"sample"}
{"channel":"hr","display":0,"mu":0,"quality":"OUT_OF_RANGE","raw":0,"sigma":3,"state":"IDLE","t":"2026-07-16T11:27:21.4655076Z","type":"sample"}
{"channel":"rr","display":58.59375,"mu":0,"quality":"OUT_OF_RANGE","raw":279.4,"sigma":1.5,"state":"IDLE","t":"2026-07-16T11:27:21.4906359Z","type":"sample"}
{"channel":"rr","display":58.59375,"mu":0,"quality":"OUT_OF_RANGE","raw":279.4,"sigma":1.5,"state":"IDLE","t":"2026-07-16T11:27:21.5307978Z","type":"sample"}
{"channel":"gsr","display":3381.5,"mu":0,"quality":"OK","raw":3381.5,"sigma":10,"state":"IDLE","t":"2026-07-16T11:27:21.5647965Z","type":"sample"}
{"channel":"rr","display":58.59375,"mu":0,"quality":"OUT_OF_RANGE","raw":279.2,"sigma":1.5,"state":"IDLE","t":"2026-07-16T11:27:21.5706434Z","type":"sample"}
{"channel":"rr","display":58.59375,"mu":0,"quality":"OUT_OF_RANGE","raw":278.8,"sigma":1.5,"state":"IDLE","t":"2026-07-16T11:27:21.6105516Z","type":"sample"}
{"channel":"rr","display":58.13953488372093,"mu":0,"quality":"OUT_OF_RANGE","raw":280.1,"sigma":1.5,"state":"IDLE","t":"2026-07-16T11:27:21.6501741Z","type":"sample"}
{"channel":"gsr","display":3387.2,"mu":0,"quality":"OK","raw":3387.2,"sigma":10,"state":"IDLE","t":"2026-07-16T11:27:21.664849Z","type":"sample"}
{"address":"/cue/p/start","args":null,"channel":"system","dir":"out","t":"2026-07-16T11:27:21.680747Z","type":"osc"}
{"channel":"rr","display":58.13953488372093,"mu":0,"quality":"OUT_OF_RANGE","raw":280.2,"sigma":1.5,"state":"IDLE","t":"2026-07-16T11:27:21.6906722Z","type":"sample"}
{"channel":"rr","display":58.13953488372093,"mu":0,"quality":"OUT_OF_RANGE","raw":279.4,"sigma":1.5,"state":"IDLE","t":"2026-07-16T11:27:21.7310659Z","type":"sample"}
{"channel":"gsr","display":3386.7,"mu":0,"quality":"OK","raw":3386.7,"sigma":10,"state":"IDLE","t":"2026-07-16T11:27:21.7649691Z","type":"sample"}
{"channel":"rr","display":58.13953488372093,"mu":0,"quality":"OUT_OF_RANGE","raw":280.1,"sigma":1.5,"state":"IDLE","t":"2026-07-16T11:27:21.770228Z","type":"sample"}
{"channel":"rr","display":58.13953488372093,"mu":0,"quality":"OUT_OF_RANGE","raw":279.3,"sigma":1.5,"state":"IDLE","t":"2026-07-16T11:27:21.810362Z","type":"sample"}
{"channel":"rr","display":58.13953488372093,"mu":0,"quality":"OUT_OF_RANGE","raw":280.1,"sigma":1.5,"state":"IDLE","t":"2026-07-16T11:27:21.8503841Z","type":"sample"}
{"channel":"gsr","display":3393.6,"mu":0,"quality":"OK","raw":3393.6,"sigma":10,"state":"IDLE","t":"2026-07-16T11:27:21.864696Z","type":"sample"}
{"channel":"rr","display":58.13953488372093,"mu":0,"quality":"OUT_OF_RANGE","raw":279.6,"sigma":1.5,"state":"IDLE","t":"2026-07-16T11:27:21.8903425Z","type":"sample"}
{"channel":"rr","display":58.13953488372093,"mu":0,"quality":"OUT_OF_RANGE","raw":279.6,"sigma":1.5,"state":"IDLE","t":"2026-07-16T11:27:21.9307447Z","type":"sample"}
{"channel":"gsr","display":3393.3,"mu":0,"quality":"OK","raw":3393.3,"sigma":10,"state":"IDLE","t":"2026-07-16T11:27:21.9647307Z","type":"sample"}
{"channel":"hr","display":0,"mu":0,"quality":"OUT_OF_RANGE","raw":0,"sigma":3,"state":"IDLE","t":"2026-07-16T11:27:21.9657993Z","type":"sample"}
{"channel":"rr","display":58.13953488372093,"mu":0,"quality":"OUT_OF_RANGE","raw":280.1,"sigma":1.5,"state":"IDLE","t":"2026-07-16T11:27:21.9704883Z","type":"sample"}
{"channel":"rr","display":58.13953488372093,"mu":0,"quality":"OUT_OF_RANGE","raw":280.2,"sigma":1.5,"state":"IDLE","t":"2026-07-16T11:27:22.0110294Z","type":"sample"}
{"channel":"rr","display":58.13953488372093,"mu":0,"quality":"OUT_OF_RANGE","raw":280.2,"sigma":1.5,"state":"IDLE","t":"2026-07-16T11:27:22.0509685Z","type":"sample"}
{"channel":"gsr","display":3395.9,"mu":0,"quality":"OK","raw":3395.9,"sigma":10,"state":"IDLE","t":"2026-07-16T11:27:22.0646707Z","type":"sample"}
{"channel":"rr","display":58.13953488372093,"mu":0,"quality":"OUT_OF_RANGE","raw":279.9,"sigma":1.5,"state":"IDLE","t":"2026-07-16T11:27:22.0909133Z","type":"sample"}
{"channel":"rr","display":58.13953488372093,"mu":0,"quality":"OUT_OF_RANGE","raw":279.7,"sigma":1.5,"state":"IDLE","t":"2026-07-16T11:27:22.1308247Z","type":"sample"}
{"address":"/cue/g1/start","args":null,"channel":"system","dir":"out","t":"2026-07-16T11:27:22.1346384Z","type":"osc"}
{"channel":"gsr","display":3398.8,"mu":0,"quality":"OK","raw":3398.8,"sigma":10,"state":"IDLE","t":"2026-07-16T11:27:22.1648756Z","type":"sample"}
{"channel":"rr","display":58.13953488372093,"mu":0,"quality":"OUT_OF_RANGE","raw":280.2,"sigma":1.5,"state":"IDLE","t":"2026-07-16T11:27:22.1708164Z","type":"sample"}
{"channel":"rr","display":58.13953488372093,"mu":0,"quality":"OUT_OF_RANGE","raw":280.6,"sigma":1.5,"state":"IDLE","t":"2026-07-16T11:27:22.2106629Z","type":"sample"}
{"channel":"rr","display":58.13953488372093,"mu":0,"quality":"OUT_OF_RANGE","raw":280.1,"sigma":1.5,"state":"IDLE","t":"2026-07-16T11:27:22.2509467Z","type":"sample"}
{"channel":"gsr","display":3407.8,"mu":0,"quality":"OK","raw":3407.8,"sigma":10,"state":"IDLE","t":"2026-07-16T11:27:22.2647244Z","type":"sample"}
{"channel":"rr","display":58.13953488372093,"mu":0,"quality":"OUT_OF_RANGE","raw":280.7,"sigma":1.5,"state":"IDLE","t":"2026-07-16T11:27:22.2907928Z","type":"sample"}
{"channel":"rr","display":58.13953488372093,"mu":0,"quality":"OUT_OF_RANGE","raw":279.9,"sigma":1.5,"state":"IDLE","t":"2026-07-16T11:27:22.3299876Z","type":"sample"}
{"channel":"gsr","display":3407.9,"mu":0,"quality":"OK","raw":3407.9,"sigma":10,"state":"IDLE","t":"2026-07-16T11:27:22.3646131Z","type":"sample"}
{"channel":"rr","display":58.13953488372093,"mu":0,"quality":"OUT_OF_RANGE","raw":280.5,"sigma":1.5,"state":"IDLE","t":"2026-07-16T11:27:22.3702774Z","type":"sample"}
{"channel":"rr","display":58.13953488372093,"mu":0,"quality":"OUT_OF_RANGE","raw":281,"sigma":1.5,"state":"IDLE","t":"2026-07-16T11:27:22.4105074Z","type":"sample"}
{"channel":"rr","display":58.13953488372093,"mu":0,"quality":"OUT_OF_RANGE","raw":279.4,"sigma":1.5,"state":"IDLE","t":"2026-07-16T11:27:22.4504839Z","type":"sample"}
{"channel":"gsr","display":3409.9,"mu":0,"quality":"OK","raw":3409.9,"sigma":10,"state":"IDLE","t":"2026-07-16T11:27:22.4645723Z","type":"sample"}
{"channel":"hr","display":0,"mu":0,"quality":"OUT_OF_RANGE","raw":0,"sigma":3,"state":"IDLE","t":"2026-07-16T11:27:22.4656025Z","type":"sample"}
{"channel":"rr","display":58.13953488372093,"mu":0,"quality":"OUT_OF_RANGE","raw":280.2,"sigma":1.5,"state":"IDLE","t":"2026-07-16T11:27:22.4907206Z","type":"sample"}
{"channel":"rr","display":58.13953488372093,"mu":0,"quality":"OUT_OF_RANGE","raw":279.3,"sigma":1.5,"state":"IDLE","t":"2026-07-16T11:27:22.5310397Z","type":"sample"}
{"channel":"gsr","display":3412,"mu":0,"quality":"OK","raw":3412,"sigma":10,"state":"IDLE","t":"2026-07-16T11:27:22.5648154Z","type":"sample"}
{"channel":"rr","display":58.13953488372093,"mu":0,"quality":"OUT_OF_RANGE","raw":279.9,"sigma":1.5,"state":"IDLE","t":"2026-07-16T11:27:22.5708132Z","type":"sample"}
{"channel":"rr","display":58.13953488372093,"mu":0,"quality":"OUT_OF_RANGE","raw":279.8,"sigma":1.5,"state":"IDLE","t":"2026-07-16T11:27:22.6108864Z","type":"sample"}
{"channel":"rr","display":58.13953488372093,"mu":0,"quality":"OUT_OF_RANGE","raw":279.7,"sigma":1.5,"state":"IDLE","t":"2026-07-16T11:27:22.6508824Z","type":"sample"}
{"channel":"gsr","display":3418.5,"mu":0,"quality":"OK","raw":3418.5,"sigma":10,"state":"IDLE","t":"2026-07-16T11:27:22.6646698Z","type":"sample"}
{"address":"/cue/p/start","args":null,"channel":"system","dir":"out","t":"2026-07-16T11:27:22.681253Z","type":"osc"}
{"channel":"rr","display":58.13953488372093,"mu":0,"quality":"OUT_OF_RANGE","raw":279.7,"sigma":1.5,"state":"IDLE","t":"2026-07-16T11:27:22.6902149Z","type":"sample"}
{"channel":"rr","display":58.13953488372093,"mu":0,"quality":"OUT_OF_RANGE","raw":279.8,"sigma":1.5,"state":"IDLE","t":"2026-07-16T11:27:22.731196Z","type":"sample"}
{"channel":"gsr","display":3419.7,"mu":0,"quality":"OK","raw":3419.7,"sigma":10,"state":"IDLE","t":"2026-07-16T11:27:22.7646752Z","type":"sample"}
{"channel":"rr","display":58.13953488372093,"mu":0,"quality":"OUT_OF_RANGE","raw":279.4,"sigma":1.5,"state":"IDLE","t":"2026-07-16T11:27:22.770275Z","type":"sample"}
{"channel":"rr","display":58.13953488372093,"mu":0,"quality":"OUT_OF_RANGE","raw":279.6,"sigma":1.5,"state":"IDLE","t":"2026-07-16T11:27:22.8110784Z","type":"sample"}
{"channel":"rr","display":55.97014925373134,"mu":0,"quality":"OUT_OF_RANGE","raw":280.8,"sigma":1.5,"state":"IDLE","t":"2026-07-16T11:27:22.8504584Z","type":"sample"}
{"channel":"gsr","display":3422.1,"mu":0,"quality":"OK","raw":3422.1,"sigma":10,"state":"IDLE","t":"2026-07-16T11:27:22.8648222Z","type":"sample"}
{"channel":"rr","display":55.97014925373134,"mu":0,"quality":"OUT_OF_RANGE","raw":279.9,"sigma":1.5,"state":"IDLE","t":"2026-07-16T11:27:22.8902331Z","type":"sample"}
{"channel":"rr","display":55.97014925373134,"mu":0,"quality":"OUT_OF_RANGE","raw":279.7,"sigma":1.5,"state":"IDLE","t":"2026-07-16T11:27:22.9305403Z","type":"sample"}
{"channel":"gsr","display":3426.8,"mu":0,"quality":"OK","raw":3426.8,"sigma":10,"state":"IDLE","t":"2026-07-16T11:27:22.964929Z","type":"sample"}
{"channel":"hr","display":0,"mu":0,"quality":"OUT_OF_RANGE","raw":0,"sigma":3,"state":"IDLE","t":"2026-07-16T11:27:22.9654455Z","type":"sample"}
{"channel":"rr","display":55.97014925373134,"mu":0,"quality":"OUT_OF_RANGE","raw":279.6,"sigma":1.5,"state":"IDLE","t":"2026-07-16T11:27:22.9706252Z","type":"sample"}
{"channel":"rr","display":55.97014925373134,"mu":0,"quality":"OUT_OF_RANGE","raw":279.4,"sigma":1.5,"state":"IDLE","t":"2026-07-16T11:27:23.0106845Z","type":"sample"}
{"channel":"rr","display":55.97014925373134,"mu":0,"quality":"OUT_OF_RANGE","raw":279.1,"sigma":1.5,"state":"IDLE","t":"2026-07-16T11:27:23.050404Z","type":"sample"}
{"channel":"gsr","display":3431,"mu":0,"quality":"OK","raw":3431,"sigma":10,"state":"IDLE","t":"2026-07-16T11:27:23.0644813Z","type":"sample"}
{"channel":"rr","display":55.97014925373134,"mu":0,"quality":"OUT_OF_RANGE","raw":279.6,"sigma":1.5,"state":"IDLE","t":"2026-07-16T11:27:23.0905087Z","type":"sample"}
{"channel":"rr","display":55.97014925373134,"mu":0,"quality":"OUT_OF_RANGE","raw":279.8,"sigma":1.5,"state":"IDLE","t":"2026-07-16T11:27:23.131005Z","type":"sample"}
{"address":"/cue/g1/start","args":null,"channel":"system","dir":"out","t":"2026-07-16T11:27:23.1424077Z","type":"osc"}
{"channel":"gsr","display":3429.2,"mu":0,"quality":"OK","raw":3429.2,"sigma":10,"state":"IDLE","t":"2026-07-16T11:27:23.1638889Z","type":"sample"}
{"channel":"rr","display":55.97014925373134,"mu":0,"quality":"OUT_OF_RANGE","raw":279.2,"sigma":1.5,"state":"IDLE","t":"2026-07-16T11:27:23.1704477Z","type":"sample"}
{"channel":"rr","display":55.97014925373134,"mu":0,"quality":"OUT_OF_RANGE","raw":279.1,"sigma":1.5,"state":"IDLE","t":"2026-07-16T11:27:23.2106652Z","type":"sample"}
{"channel":"rr","display":55.97014925373134,"mu":0,"quality":"OUT_OF_RANGE","raw":278.7,"sigma":1.5,"state":"IDLE","t":"2026-07-16T11:27:23.2508418Z","type":"sample"}
{"channel":"gsr","display":3441.8,"mu":0,"quality":"OK","raw":3441.8,"sigma":10,"state":"IDLE","t":"2026-07-16T11:27:23.2646654Z","type":"sample"}
{"channel":"rr","display":55.97014925373134,"mu":0,"quality":"OUT_OF_RANGE","raw":280.1,"sigma":1.5,"state":"IDLE","t":"2026-07-16T11:27:23.290771Z","type":"sample"}
{"channel":"rr","display":55.97014925373134,"mu":0,"quality":"OUT_OF_RANGE","raw":279.7,"sigma":1.5,"state":"IDLE","t":"2026-07-16T11:27:23.3299393Z","type":"sample"}
{"channel":"gsr","display":3436.4,"mu":0,"quality":"OK","raw":3436.4,"sigma":10,"state":"IDLE","t":"2026-07-16T11:27:23.3644554Z","type":"sample"}
{"channel":"rr","display":55.97014925373134,"mu":0,"quality":"OUT_OF_RANGE","raw":280.2,"sigma":1.5,"state":"IDLE","t":"2026-07-16T11:27:23.3706272Z","type":"sample"}
{"channel":"rr","display":55.97014925373134,"mu":0,"quality":"OUT_OF_RANGE","raw":279.6,"sigma":1.5,"state":"IDLE","t":"2026-07-16T11:27:23.4104685Z","type":"sample"}
{"channel":"rr","display":55.97014925373134,"mu":0,"quality":"OUT_OF_RANGE","raw":279.7,"sigma":1.5,"state":"IDLE","t":"2026-07-16T11:27:23.4509292Z","type":"sample"}
{"channel":"gsr","display":3439.9,"mu":0,"quality":"OK","raw":3439.9,"sigma":10,"state":"IDLE","t":"2026-07-16T11:27:23.4601904Z","type":"sample"}
{"channel":"hr","display":0,"mu":0,"quality":"OUT_OF_RANGE","raw":0,"sigma":3,"state":"IDLE","t":"2026-07-16T11:27:23.465675Z","type":"sample"}
{"channel":"rr","display":55.97014925373134,"mu":0,"quality":"OUT_OF_RANGE","raw":279.8,"sigma":1.5,"state":"IDLE","t":"2026-07-16T11:27:23.4903255Z","type":"sample"}
{"channel":"rr","display":55.97014925373134,"mu":0,"quality":"OUT_OF_RANGE","raw":279.4,"sigma":1.5,"state":"IDLE","t":"2026-07-16T11:27:23.5307388Z","type":"sample"}
{"channel":"gsr","display":3445.8,"mu":0,"quality":"OK","raw":3445.8,"sigma":10,"state":"IDLE","t":"2026-07-16T11:27:23.5647999Z","type":"sample"}
{"channel":"rr","display":55.97014925373134,"mu":0,"quality":"OUT_OF_RANGE","raw":279.1,"sigma":1.5,"state":"IDLE","t":"2026-07-16T11:27:23.5709518Z","type":"sample"}
{"channel":"rr","display":55.97014925373134,"mu":0,"quality":"OUT_OF_RANGE","raw":279.6,"sigma":1.5,"state":"IDLE","t":"2026-07-16T11:27:23.6101938Z","type":"sample"}
{"channel":"rr","display":55.97014925373134,"mu":0,"quality":"OUT_OF_RANGE","raw":279.1,"sigma":1.5,"state":"IDLE","t":"2026-07-16T11:27:23.6500766Z","type":"sample"}
{"channel":"gsr","display":3449.5,"mu":0,"quality":"OK","raw":3449.5,"sigma":10,"state":"IDLE","t":"2026-07-16T11:27:23.6646557Z","type":"sample"}
{"address":"/cue/p/start","args":null,"channel":"system","dir":"out","t":"2026-07-16T11:27:23.6809005Z","type":"osc"}
{"channel":"rr","display":55.97014925373134,"mu":0,"quality":"OUT_OF_RANGE","raw":279.4,"sigma":1.5,"state":"IDLE","t":"2026-07-16T11:27:23.6901853Z","type":"sample"}
{"channel":"rr","display":55.97014925373134,"mu":0,"quality":"OUT_OF_RANGE","raw":279,"sigma":1.5,"state":"IDLE","t":"2026-07-16T11:27:23.7303542Z","type":"sample"}
{"channel":"gsr","display":3448.8,"mu":0,"quality":"OK","raw":3448.8,"sigma":10,"state":"IDLE","t":"2026-07-16T11:27:23.7650504Z","type":"sample"}
{"channel":"rr","display":55.97014925373134,"mu":0,"quality":"OUT_OF_RANGE","raw":279.6,"sigma":1.5,"state":"IDLE","t":"2026-07-16T11:27:23.7705268Z","type":"sample"}
{"channel":"rr","display":55.97014925373134,"mu":0,"quality":"OUT_OF_RANGE","raw":279.6,"sigma":1.5,"state":"IDLE","t":"2026-07-16T11:27:23.8105472Z","type":"sample"}
{"channel":"rr","display":55.97014925373134,"mu":0,"quality":"OUT_OF_RANGE","raw":279.1,"sigma":1.5,"state":"IDLE","t":"2026-07-16T11:27:23.8507328Z","type":"sample"}
{"channel":"gsr","display":3455.4,"mu":0,"quality":"OK","raw":3455.4,"sigma":10,"state":"IDLE","t":"2026-07-16T11:27:23.8649268Z","type":"sample"}
{"channel":"rr","display":55.97014925373134,"mu":0,"quality":"OUT_OF_RANGE","raw":279.2,"sigma":1.5,"state":"IDLE","t":"2026-07-16T11:27:23.8901865Z","type":"sample"}
{"channel":"rr","display":55.97014925373134,"mu":0,"quality":"OUT_OF_RANGE","raw":279.4,"sigma":1.5,"state":"IDLE","t":"2026-07-16T11:27:23.9309831Z","type":"sample"}
{"channel":"gsr","display":3460.8,"mu":0,"quality":"OK","raw":3460.8,"sigma":10,"state":"IDLE","t":"2026-07-16T11:27:23.9650702Z","type":"sample"}
{"channel":"hr","display":0,"mu":0,"quality":"OUT_OF_RANGE","raw":0,"sigma":3,"state":"IDLE","t":"2026-07-16T11:27:23.9650702Z","type":"sample"}
{"channel":"rr","display":55.97014925373134,"mu":0,"quality":"OUT_OF_RANGE","raw":280.1,"sigma":1.5,"state":"IDLE","t":"2026-07-16T11:27:23.9708078Z","type":"sample"}
{"channel":"rr","display":55.97014925373134,"mu":0,"quality":"OUT_OF_RANGE","raw":279.9,"sigma":1.5,"state":"IDLE","t":"2026-07-16T11:27:24.0108643Z","type":"sample"}
{"channel":"rr","display":55.97014925373134,"mu":0,"quality":"OUT_OF_RANGE","raw":279.2,"sigma":1.5,"state":"IDLE","t":"2026-07-16T11:27:24.050809Z","type":"sample"}
{"channel":"gsr","display":3463.9,"mu":0,"quality":"OK","raw":3463.9,"sigma":10,"state":"IDLE","t":"2026-07-16T11:27:24.0647778Z","type":"sample"}
{"channel":"rr","display":55.97014925373134,"mu":0,"quality":"OUT_OF_RANGE","raw":280.1,"sigma":1.5,"state":"IDLE","t":"2026-07-16T11:27:24.0905744Z","type":"sample"}
{"channel":"rr","display":55.97014925373134,"mu":0,"quality":"OUT_OF_RANGE","raw":279.7,"sigma":1.5,"state":"IDLE","t":"2026-07-16T11:27:24.1310172Z","type":"sample"}
{"address":"/cue/g1/start","args":null,"channel":"system","dir":"out","t":"2026-07-16T11:27:24.1494079Z","type":"osc"}
{"channel":"gsr","display":3465.3,"mu":0,"quality":"OK","raw":3465.3,"sigma":10,"state":"IDLE","t":"2026-07-16T11:27:24.1626348Z","type":"sample"}
{"channel":"rr","display":55.97014925373134,"mu":0,"quality":"OUT_OF_RANGE","raw":279.2,"sigma":1.5,"state":"IDLE","t":"2026-07-16T11:27:24.1707417Z","type":"sample"}
{"channel":"rr","display":55.97014925373134,"mu":0,"quality":"OUT_OF_RANGE","raw":279.2,"sigma":1.5,"state":"IDLE","t":"2026-07-16T11:27:24.2107264Z","type":"sample"}
{"channel":"rr","display":55.97014925373134,"mu":0,"quality":"OUT_OF_RANGE","raw":279.4,"sigma":1.5,"state":"IDLE","t":"2026-07-16T11:27:24.2510075Z","type":"sample"}
{"channel":"gsr","display":3468,"mu":0,"quality":"OK","raw":3468,"sigma":10,"state":"IDLE","t":"2026-07-16T11:27:24.2647271Z","type":"sample"}
{"channel":"rr","display":55.97014925373134,"mu":0,"quality":"OUT_OF_RANGE","raw":279.1,"sigma":1.5,"state":"IDLE","t":"2026-07-16T11:27:24.2900754Z","type":"sample"}
{"channel":"rr","display":55.97014925373134,"mu":0,"quality":"OUT_OF_RANGE","raw":279.2,"sigma":1.5,"state":"IDLE","t":"2026-07-16T11:27:24.3299535Z","type":"sample"}
{"channel":"gsr","display":3471.2,"mu":0,"quality":"OK","raw":3471.2,"sigma":10,"state":"IDLE","t":"2026-07-16T11:27:24.3650293Z","type":"sample"}
{"channel":"rr","display":55.97014925373134,"mu":0,"quality":"OUT_OF_RANGE","raw":280,"sigma":1.5,"state":"IDLE","t":"2026-07-16T11:27:24.370368Z","type":"sample"}
{"channel":"rr","display":55.97014925373134,"mu":0,"quality":"OUT_OF_RANGE","raw":279.7,"sigma":1.5,"state":"IDLE","t":"2026-07-16T11:27:24.4114448Z","type":"sample"}
{"channel":"rr","display":55.97014925373134,"mu":0,"quality":"OUT_OF_RANGE","raw":279.6,"sigma":1.5,"state":"IDLE","t":"2026-07-16T11:27:24.450628Z","type":"sample"}
{"channel":"gsr","display":3476.3,"mu":0,"quality":"OK","raw":3476.3,"sigma":10,"state":"IDLE","t":"2026-07-16T11:27:24.4647743Z","type":"sample"}
{"channel":"hr","display":0,"mu":0,"quality":"OUT_OF_RANGE","raw":0,"sigma":3,"state":"IDLE","t":"2026-07-16T11:27:24.4658764Z","type":"sample"}
{"channel":"rr","display":55.97014925373134,"mu":0,"quality":"OUT_OF_RANGE","raw":280.4,"sigma":1.5,"state":"IDLE","t":"2026-07-16T11:27:24.4903244Z","type":"sample"}
{"channel":"rr","display":55.97014925373134,"mu":0,"quality":"OUT_OF_RANGE","raw":279.4,"sigma":1.5,"state":"IDLE","t":"2026-07-16T11:27:24.5302619Z","type":"sample"}
{"channel":"gsr","display":3474.2,"mu":0,"quality":"OK","raw":3474.2,"sigma":10,"state":"IDLE","t":"2026-07-16T11:27:24.5645649Z","type":"sample"}
{"channel":"rr","display":55.97014925373134,"mu":0,"quality":"OUT_OF_RANGE","raw":279.8,"sigma":1.5,"state":"IDLE","t":"2026-07-16T11:27:24.5703722Z","type":"sample"}
{"channel":"rr","display":55.97014925373134,"mu":0,"quality":"OUT_OF_RANGE","raw":280,"sigma":1.5,"state":"IDLE","t":"2026-07-16T11:27:24.6102337Z","type":"sample"}
{"channel":"rr","display":55.97014925373134,"mu":0,"quality":"OUT_OF_RANGE","raw":279.4,"sigma":1.5,"state":"IDLE","t":"2026-07-16T11:27:24.6500909Z","type":"sample"}
{"channel":"gsr","display":3483.6,"mu":0,"quality":"OK","raw":3483.6,"sigma":10,"state":"IDLE","t":"2026-07-16T11:27:24.664933Z","type":"sample"}
{"address":"/cue/p/start","args":null,"channel":"system","dir":"out","t":"2026-07-16T11:27:24.6808937Z","type":"osc"}
{"channel":"rr","display":55.97014925373134,"mu":0,"quality":"OUT_OF_RANGE","raw":280.1,"sigma":1.5,"state":"IDLE","t":"2026-07-16T11:27:24.6906671Z","type":"sample"}
{"channel":"rr","display":55.97014925373134,"mu":0,"quality":"OUT_OF_RANGE","raw":279.8,"sigma":1.5,"state":"IDLE","t":"2026-07-16T11:27:24.7305548Z","type":"sample"}
{"channel":"gsr","display":3484.6,"mu":0,"quality":"OK","raw":3484.6,"sigma":10,"state":"IDLE","t":"2026-07-16T11:27:24.7647868Z","type":"sample"}
{"channel":"rr","display":55.97014925373134,"mu":0,"quality":"OUT_OF_RANGE","raw":280.5,"sigma":1.5,"state":"IDLE","t":"2026-07-16T11:27:24.7705969Z","type":"sample"}
{"channel":"rr","display":55.97014925373134,"mu":0,"quality":"OUT_OF_RANGE","raw":279.4,"sigma":1.5,"state":"IDLE","t":"2026-07-16T11:27:24.810746Z","type":"sample"}
{"channel":"rr","display":55.97014925373134,"mu":0,"quality":"OUT_OF_RANGE","raw":279.8,"sigma":1.5,"state":"IDLE","t":"2026-07-16T11:27:24.8500282Z","type":"sample"}
{"channel":"gsr","display":3491.9,"mu":0,"quality":"OK","raw":3491.9,"sigma":10,"state":"IDLE","t":"2026-07-16T11:27:24.8638848Z","type":"sample"}
{"channel":"rr","display":55.97014925373134,"mu":0,"quality":"OUT_OF_RANGE","raw":280.1,"sigma":1.5,"state":"IDLE","t":"2026-07-16T11:27:24.890036Z","type":"sample"}
{"channel":"rr","display":55.97014925373134,"mu":0,"quality":"OUT_OF_RANGE","raw":279.7,"sigma":1.5,"state":"IDLE","t":"2026-07-16T11:27:24.930879Z","type":"sample"}
{"channel":"gsr","display":3491.3,"mu":0,"quality":"OK","raw":3491.3,"sigma":10,"state":"IDLE","t":"2026-07-16T11:27:24.9645095Z","type":"sample"}
{"channel":"hr","display":0,"mu":0,"quality":"OUT_OF_RANGE","raw":0,"sigma":3,"state":"IDLE","t":"2026-07-16T11:27:24.9656328Z","type":"sample"}
{"channel":"rr","display":55.97014925373134,"mu":0,"quality":"OUT_OF_RANGE","raw":279.9,"sigma":1.5,"state":"IDLE","t":"2026-07-16T11:27:24.9706654Z","type":"sample"}
{"channel":"rr","display":55.97014925373134,"mu":0,"quality":"OUT_OF_RANGE","raw":279.4,"sigma":1.5,"state":"IDLE","t":"2026-07-16T11:27:25.0107822Z","type":"sample"}
{"channel":"rr","display":55.14705882352941,"mu":0,"quality":"OUT_OF_RANGE","raw":280.1,"sigma":1.5,"state":"IDLE","t":"2026-07-16T11:27:25.0508812Z","type":"sample"}
{"channel":"gsr","display":3492.2,"mu":0,"quality":"OK","raw":3492.2,"sigma":10,"state":"IDLE","t":"2026-07-16T11:27:25.0649581Z","type":"sample"}
{"channel":"rr","display":55.14705882352941,"mu":0,"quality":"OUT_OF_RANGE","raw":279.5,"sigma":1.5,"state":"IDLE","t":"2026-07-16T11:27:25.0902593Z","type":"sample"}
{"channel":"rr","display":55.14705882352941,"mu":0,"quality":"OUT_OF_RANGE","raw":280,"sigma":1.5,"state":"IDLE","t":"2026-07-16T11:27:25.1303502Z","type":"sample"}
{"address":"/cue/g1/start","args":null,"channel":"system","dir":"out","t":"2026-07-16T11:27:25.1606273Z","type":"osc"}
{"channel":"gsr","display":3496.4,"mu":0,"quality":"OK","raw":3496.4,"sigma":10,"state":"IDLE","t":"2026-07-16T11:27:25.1648763Z","type":"sample"}
{"channel":"rr","display":55.14705882352941,"mu":0,"quality":"OUT_OF_RANGE","raw":279.4,"sigma":1.5,"state":"IDLE","t":"2026-07-16T11:27:25.1704798Z","type":"sample"}
{"channel":"rr","display":55.14705882352941,"mu":0,"quality":"OUT_OF_RANGE","raw":279.3,"sigma":1.5,"state":"IDLE","t":"2026-07-16T11:27:25.2099553Z","type":"sample"}
{"channel":"rr","display":55.14705882352941,"mu":0,"quality":"OUT_OF_RANGE","raw":279.2,"sigma":1.5,"state":"IDLE","t":"2026-07-16T11:27:25.2507295Z","type":"sample"}
{"channel":"gsr","display":3496.6,"mu":0,"quality":"OK","raw":3496.6,"sigma":10,"state":"IDLE","t":"2026-07-16T11:27:25.2648337Z","type":"sample"}
{"channel":"rr","display":55.14705882352941,"mu":0,"quality":"OUT_OF_RANGE","raw":279.6,"sigma":1.5,"state":"IDLE","t":"2026-07-16T11:27:25.2902524Z","type":"sample"}
{"channel":"rr","display":55.14705882352941,"mu":0,"quality":"OUT_OF_RANGE","raw":279.2,"sigma":1.5,"state":"IDLE","t":"2026-07-16T11:27:25.3308063Z","type":"sample"}
{"channel":"gsr","display":3502.5,"mu":0,"quality":"OK","raw":3502.5,"sigma":10,"state":"IDLE","t":"2026-07-16T11:27:25.3646125Z","type":"sample"}
{"channel":"rr","display":55.14705882352941,"mu":0,"quality":"OUT_OF_RANGE","raw":279.7,"sigma":1.5,"state":"IDLE","t":"2026-07-16T11:27:25.3707906Z","type":"sample"}
{"channel":"rr","display":55.14705882352941,"mu":0,"quality":"OUT_OF_RANGE","raw":280.1,"sigma":1.5,"state":"IDLE","t":"2026-07-16T11:27:25.4103899Z","type":"sample"}
{"channel":"rr","display":55.14705882352941,"mu":0,"quality":"OUT_OF_RANGE","raw":279.1,"sigma":1.5,"state":"IDLE","t":"2026-07-16T11:27:25.4509739Z","type":"sample"}
{"channel":"gsr","display":3506.3,"mu":0,"quality":"OK","raw":3506.3,"sigma":10,"state":"IDLE","t":"2026-07-16T11:27:25.464748Z","type":"sample"}
{"channel":"hr","display":0,"mu":0,"quality":"OUT_OF_RANGE","raw":0,"sigma":3,"state":"IDLE","t":"2026-07-16T11:27:25.465349Z","type":"sample"}
{"channel":"rr","display":55.14705882352941,"mu":0,"quality":"OUT_OF_RANGE","raw":280.1,"sigma":1.5,"state":"IDLE","t":"2026-07-16T11:27:25.4902564Z","type":"sample"}
{"channel":"rr","display":55.14705882352941,"mu":0,"quality":"OUT_OF_RANGE","raw":280,"sigma":1.5,"state":"IDLE","t":"2026-07-16T11:27:25.5303785Z","type":"sample"}
{"channel":"gsr","display":3508.1,"mu":0,"quality":"OK","raw":3508.1,"sigma":10,"state":"IDLE","t":"2026-07-16T11:27:25.5647636Z","type":"sample"}
{"channel":"rr","display":55.14705882352941,"mu":0,"quality":"OUT_OF_RANGE","raw":278.9,"sigma":1.5,"state":"IDLE","t":"2026-07-16T11:27:25.5708208Z","type":"sample"}
{"channel":"rr","display":55.14705882352941,"mu":0,"quality":"OUT_OF_RANGE","raw":279.5,"sigma":1.5,"state":"IDLE","t":"2026-07-16T11:27:25.6101063Z","type":"sample"}
{"channel":"rr","display":55.14705882352941,"mu":0,"quality":"OUT_OF_RANGE","raw":279.2,"sigma":1.5,"state":"IDLE","t":"2026-07-16T11:27:25.6506487Z","type":"sample"}
{"channel":"gsr","display":3513.4,"mu":0,"quality":"OK","raw":3513.4,"sigma":10,"state":"IDLE","t":"2026-07-16T11:27:25.6649317Z","type":"sample"}
{"address":"/cue/p/start","args":null,"channel":"system","dir":"out","t":"2026-07-16T11:27:25.6808065Z","type":"osc"}
{"channel":"rr","display":55.14705882352941,"mu":0,"quality":"OUT_OF_RANGE","raw":280.3,"sigma":1.5,"state":"IDLE","t":"2026-07-16T11:27:25.6907518Z","type":"sample"}
{"channel":"rr","display":55.14705882352941,"mu":0,"quality":"OUT_OF_RANGE","raw":279.5,"sigma":1.5,"state":"IDLE","t":"2026-07-16T11:27:25.7305631Z","type":"sample"}
{"channel":"gsr","display":3513.9,"mu":0,"quality":"OK","raw":3513.9,"sigma":10,"state":"IDLE","t":"2026-07-16T11:27:25.7647407Z","type":"sample"}
{"channel":"rr","display":55.14705882352941,"mu":0,"quality":"OUT_OF_RANGE","raw":279.1,"sigma":1.5,"state":"IDLE","t":"2026-07-16T11:27:25.770678Z","type":"sample"}
{"channel":"rr","display":55.14705882352941,"mu":0,"quality":"OUT_OF_RANGE","raw":279.7,"sigma":1.5,"state":"IDLE","t":"2026-07-16T11:27:25.8110623Z","type":"sample"}
{"channel":"rr","display":55.14705882352941,"mu":0,"quality":"OUT_OF_RANGE","raw":279.2,"sigma":1.5,"state":"IDLE","t":"2026-07-16T11:27:25.8500602Z","type":"sample"}
{"channel":"gsr","display":3516.5,"mu":0,"quality":"OK","raw":3516.5,"sigma":10,"state":"IDLE","t":"2026-07-16T11:27:25.8639911Z","type":"sample"}
{"channel":"rr","display":55.14705882352941,"mu":0,"quality":"OUT_OF_RANGE","raw":278.8,"sigma":1.5,"state":"IDLE","t":"2026-07-16T11:27:25.8908987Z","type":"sample"}
{"channel":"rr","display":55.14705882352941,"mu":0,"quality":"OUT_OF_RANGE","raw":279,"sigma":1.5,"state":"IDLE","t":"2026-07-16T11:27:25.9308369Z","type":"sample"}
{"channel":"gsr","display":3523.1,"mu":0,"quality":"OK","raw":3523.1,"sigma":10,"state":"IDLE","t":"2026-07-16T11:27:25.964703Z","type":"sample"}
{"channel":"hr","display":0,"mu":0,"quality":"OUT_OF_RANGE","raw":0,"sigma":3,"state":"IDLE","t":"2026-07-16T11:27:25.9659801Z","type":"sample"}
{"channel":"rr","display":55.14705882352941,"mu":0,"quality":"OUT_OF_RANGE","raw":279.9,"sigma":1.5,"state":"IDLE","t":"2026-07-16T11:27:25.9709044Z","type":"sample"}
{"channel":"rr","display":55.14705882352941,"mu":0,"quality":"OUT_OF_RANGE","raw":279.8,"sigma":1.5,"state":"IDLE","t":"2026-07-16T11:27:26.0108117Z","type":"sample"}
{"channel":"rr","display":55.14705882352941,"mu":0,"quality":"OUT_OF_RANGE","raw":280.2,"sigma":1.5,"state":"IDLE","t":"2026-07-16T11:27:26.0507724Z","type":"sample"}
{"channel":"gsr","display":3524.4,"mu":0,"quality":"OK","raw":3524.4,"sigma":10,"state":"IDLE","t":"2026-07-16T11:27:26.0649141Z","type":"sample"}
{"channel":"rr","display":55.14705882352941,"mu":0,"quality":"OUT_OF_RANGE","raw":280.3,"sigma":1.5,"state":"IDLE","t":"2026-07-16T11:27:26.0903809Z","type":"sample"}
{"channel":"rr","display":55.14705882352941,"mu":0,"quality":"OUT_OF_RANGE","raw":279.7,"sigma":1.5,"state":"IDLE","t":"2026-07-16T11:27:26.1309508Z","type":"sample"}
{"channel":"gsr","display":3528.2,"mu":0,"quality":"OK","raw":3528.2,"sigma":10,"state":"IDLE","t":"2026-07-16T11:27:26.1648514Z","type":"sample"}
{"address":"/cue/g1/start","args":null,"channel":"system","dir":"out","t":"2026-07-16T11:27:26.1648514Z","type":"osc"}
{"channel":"rr","display":55.14705882352941,"mu":0,"quality":"OUT_OF_RANGE","raw":279.7,"sigma":1.5,"state":"IDLE","t":"2026-07-16T11:27:26.1706997Z","type":"sample"}
{"channel":"rr","display":55.14705882352941,"mu":0,"quality":"OUT_OF_RANGE","raw":280.4,"sigma":1.5,"state":"IDLE","t":"2026-07-16T11:27:26.2102875Z","type":"sample"}
{"channel":"rr","display":55.14705882352941,"mu":0,"quality":"OUT_OF_RANGE","raw":279.9,"sigma":1.5,"state":"IDLE","t":"2026-07-16T11:27:26.2506104Z","type":"sample"}
{"channel":"gsr","display":3530,"mu":0,"quality":"OK","raw":3530,"sigma":10,"state":"IDLE","t":"2026-07-16T11:27:26.2647885Z","type":"sample"}
{"channel":"rr","display":55.14705882352941,"mu":0,"quality":"OUT_OF_RANGE","raw":280.5,"sigma":1.5,"state":"IDLE","t":"2026-07-16T11:27:26.2905111Z","type":"sample"}
{"channel":"rr","display":55.14705882352941,"mu":0,"quality":"OUT_OF_RANGE","raw":279.7,"sigma":1.5,"state":"IDLE","t":"2026-07-16T11:27:26.3305576Z","type":"sample"}
{"channel":"gsr","display":3534.4,"mu":0,"quality":"OK","raw":3534.4,"sigma":10,"state":"IDLE","t":"2026-07-16T11:27:26.3648526Z","type":"sample"}
{"channel":"rr","display":55.14705882352941,"mu":0,"quality":"OUT_OF_RANGE","raw":279.8,"sigma":1.5,"state":"IDLE","t":"2026-07-16T11:27:26.3709344Z","type":"sample"}
{"channel":"rr","display":55.14705882352941,"mu":0,"quality":"OUT_OF_RANGE","raw":279.4,"sigma":1.5,"state":"IDLE","t":"2026-07-16T11:27:26.41068Z","type":"sample"}
{"channel":"rr","display":55.14705882352941,"mu":0,"quality":"OUT_OF_RANGE","raw":279.4,"sigma":1.5,"state":"IDLE","t":"2026-07-16T11:27:26.4502443Z","type":"sample"}
{"channel":"gsr","display":3536.1,"mu":0,"quality":"OK","raw":3536.1,"sigma":10,"state":"IDLE","t":"2026-07-16T11:27:26.4650072Z","type":"sample"}
{"channel":"hr","display":0,"mu":0,"quality":"OUT_OF_RANGE","raw":0,"sigma":3,"state":"IDLE","t":"2026-07-16T11:27:26.465538Z","type":"sample"}
{"channel":"rr","display":51.02040816326531,"mu":0,"quality":"OUT_OF_RANGE","raw":280.1,"sigma":1.5,"state":"IDLE","t":"2026-07-16T11:27:26.4903004Z","type":"sample"}
{"channel":"rr","display":51.02040816326531,"mu":0,"quality":"OUT_OF_RANGE","raw":279.3,"sigma":1.5,"state":"IDLE","t":"2026-07-16T11:27:26.5303394Z","type":"sample"}
{"channel":"gsr","display":3541.6,"mu":0,"quality":"OK","raw":3541.6,"sigma":10,"state":"IDLE","t":"2026-07-16T11:27:26.5645992Z","type":"sample"}
{"channel":"rr","display":51.02040816326531,"mu":0,"quality":"OUT_OF_RANGE","raw":279.2,"sigma":1.5,"state":"IDLE","t":"2026-07-16T11:27:26.5703263Z","type":"sample"}
{"channel":"rr","display":51.02040816326531,"mu":0,"quality":"OUT_OF_RANGE","raw":279.6,"sigma":1.5,"state":"IDLE","t":"2026-07-16T11:27:26.6105673Z","type":"sample"}
{"channel":"rr","display":51.02040816326531,"mu":0,"quality":"OUT_OF_RANGE","raw":280.6,"sigma":1.5,"state":"IDLE","t":"2026-07-16T11:27:26.6507307Z","type":"sample"}
{"channel":"gsr","display":3540.2,"mu":0,"quality":"OK","raw":3540.2,"sigma":10,"state":"IDLE","t":"2026-07-16T11:27:26.6647517Z","type":"sample"}
{"address":"/cue/p/start","args":null,"channel":"system","dir":"out","t":"2026-07-16T11:27:26.6811136Z","type":"osc"}
{"channel":"rr","display":51.02040816326531,"mu":0,"quality":"OUT_OF_RANGE","raw":280.2,"sigma":1.5,"state":"IDLE","t":"2026-07-16T11:27:26.6906944Z","type":"sample"}
{"channel":"rr","display":51.02040816326531,"mu":0,"quality":"OUT_OF_RANGE","raw":280,"sigma":1.5,"state":"IDLE","t":"2026-07-16T11:27:26.730433Z","type":"sample"}
{"channel":"gsr","display":3545.3,"mu":0,"quality":"OK","raw":3545.3,"sigma":10,"state":"IDLE","t":"2026-07-16T11:27:26.7603169Z","type":"sample"}
{"channel":"rr","display":51.02040816326531,"mu":0,"quality":"OUT_OF_RANGE","raw":279.9,"sigma":1.5,"state":"IDLE","t":"2026-07-16T11:27:26.7708766Z","type":"sample"}
{"channel":"rr","display":51.02040816326531,"mu":0,"quality":"OUT_OF_RANGE","raw":280,"sigma":1.5,"state":"IDLE","t":"2026-07-16T11:27:26.8108889Z","type":"sample"}
{"channel":"rr","display":51.02040816326531,"mu":0,"quality":"OUT_OF_RANGE","raw":280.6,"sigma":1.5,"state":"IDLE","t":"2026-07-16T11:27:26.850219Z","type":"sample"}
{"channel":"gsr","display":3548.4,"mu":0,"quality":"OK","raw":3548.4,"sigma":10,"state":"IDLE","t":"2026-07-16T11:27:26.8647579Z","type":"sample"}
{"channel":"rr","display":51.02040816326531,"mu":0,"quality":"OUT_OF_RANGE","raw":280.4,"sigma":1.5,"state":"IDLE","t":"2026-07-16T11:27:26.8898818Z","type":"sample"}
{"channel":"rr","display":51.02040816326531,"mu":0,"quality":"OUT_OF_RANGE","raw":279.2,"sigma":1.5,"state":"IDLE","t":"2026-07-16T11:27:26.9308863Z","type":"sample"}
{"channel":"gsr","display":3552.8,"mu":0,"quality":"OK","raw":3552.8,"sigma":10,"state":"IDLE","t":"2026-07-16T11:27:26.9603004Z","type":"sample"}
{"channel":"hr","display":0,"mu":0,"quality":"OUT_OF_RANGE","raw":0,"sigma":3,"state":"IDLE","t":"2026-07-16T11:27:26.9603004Z","type":"sample"}
{"channel":"rr","display":51.02040816326531,"mu":0,"quality":"OUT_OF_RANGE","raw":279.4,"sigma":1.5,"state":"IDLE","t":"2026-07-16T11:27:26.9705933Z","type":"sample"}
{"channel":"rr","display":51.02040816326531,"mu":0,"quality":"OUT_OF_RANGE","raw":280.2,"sigma":1.5,"state":"IDLE","t":"2026-07-16T11:27:27.01008Z","type":"sample"}
{"channel":"rr","display":51.02040816326531,"mu":0,"quality":"OUT_OF_RANGE","raw":280.1,"sigma":1.5,"state":"IDLE","t":"2026-07-16T11:27:27.0504751Z","type":"sample"}
{"channel":"gsr","display":3554.8,"mu":0,"quality":"OK","raw":3554.8,"sigma":10,"state":"IDLE","t":"2026-07-16T11:27:27.0637689Z","type":"sample"}
{"channel":"rr","display":51.02040816326531,"mu":0,"quality":"OUT_OF_RANGE","raw":279.4,"sigma":1.5,"state":"IDLE","t":"2026-07-16T11:27:27.0908655Z","type":"sample"}
{"channel":"rr","display":51.02040816326531,"mu":0,"quality":"OUT_OF_RANGE","raw":278.8,"sigma":1.5,"state":"IDLE","t":"2026-07-16T11:27:27.1305365Z","type":"sample"}
{"channel":"gsr","display":3557.8,"mu":0,"quality":"OK","raw":3557.8,"sigma":10,"state":"IDLE","t":"2026-07-16T11:27:27.1636414Z","type":"sample"}
{"channel":"rr","display":51.02040816326531,"mu":0,"quality":"OUT_OF_RANGE","raw":279.9,"sigma":1.5,"state":"IDLE","t":"2026-07-16T11:27:27.1705594Z","type":"sample"}
{"address":"/cue/g1/start","args":null,"channel":"system","dir":"out","t":"2026-07-16T11:27:27.1831046Z","type":"osc"}
{"channel":"rr","display":51.02040816326531,"mu":0,"quality":"OUT_OF_RANGE","raw":279.8,"sigma":1.5,"state":"IDLE","t":"2026-07-16T11:27:27.2099499Z","type":"sample"}
{"channel":"rr","display":51.02040816326531,"mu":0,"quality":"OUT_OF_RANGE","raw":279.6,"sigma":1.5,"state":"IDLE","t":"2026-07-16T11:27:27.2505955Z","type":"sample"}
{"channel":"gsr","display":3560.4,"mu":0,"quality":"OK","raw":3560.4,"sigma":10,"state":"IDLE","t":"2026-07-16T11:27:27.2648877Z","type":"sample"}
{"channel":"rr","display":51.02040816326531,"mu":0,"quality":"OUT_OF_RANGE","raw":280.6,"sigma":1.5,"state":"IDLE","t":"2026-07-16T11:27:27.290507Z","type":"sample"}
{"channel":"rr","display":51.02040816326531,"mu":0,"quality":"OUT_OF_RANGE","raw":280.5,"sigma":1.5,"state":"IDLE","t":"2026-07-16T11:27:27.3305711Z","type":"sample"}
{"channel":"gsr","display":3562,"mu":0,"quality":"OK","raw":3562,"sigma":10,"state":"IDLE","t":"2026-07-16T11:27:27.3648039Z","type":"sample"}
{"channel":"rr","display":51.02040816326531,"mu":0,"quality":"OUT_OF_RANGE","raw":279.9,"sigma":1.5,"state":"IDLE","t":"2026-07-16T11:27:27.3703897Z","type":"sample"}
{"channel":"rr","display":51.02040816326531,"mu":0,"quality":"OUT_OF_RANGE","raw":280.1,"sigma":1.5,"state":"IDLE","t":"2026-07-16T11:27:27.4102961Z","type":"sample"}
{"channel":"rr","display":51.02040816326531,"mu":0,"quality":"OUT_OF_RANGE","raw":280.2,"sigma":1.5,"state":"IDLE","t":"2026-07-16T11:27:27.4509129Z","type":"sample"}
{"channel":"gsr","display":3566.2,"mu":0,"quality":"OK","raw":3566.2,"sigma":10,"state":"IDLE","t":"2026-07-16T11:27:27.4647109Z","type":"sample"}
{"channel":"hr","display":0,"mu":0,"quality":"OUT_OF_RANGE","raw":0,"sigma":3,"state":"IDLE","t":"2026-07-16T11:27:27.4657351Z","type":"sample"}
{"channel":"rr","display":51.02040816326531,"mu":0,"quality":"OUT_OF_RANGE","raw":279.4,"sigma":1.5,"state":"IDLE","t":"2026-07-16T11:27:27.4900049Z","type":"sample"}
{"channel":"rr","display":51.02040816326531,"mu":0,"quality":"OUT_OF_RANGE","raw":279.8,"sigma":1.5,"state":"IDLE","t":"2026-07-16T11:27:27.5308842Z","type":"sample"}
{"channel":"gsr","display":3567.9,"mu":0,"quality":"OK","raw":3567.9,"sigma":10,"state":"IDLE","t":"2026-07-16T11:27:27.5648921Z","type":"sample"}
{"channel":"rr","display":51.02040816326531,"mu":0,"quality":"OUT_OF_RANGE","raw":280.8,"sigma":1.5,"state":"IDLE","t":"2026-07-16T11:27:27.5707071Z","type":"sample"}
{"channel":"rr","display":51.02040816326531,"mu":0,"quality":"OUT_OF_RANGE","raw":278.9,"sigma":1.5,"state":"IDLE","t":"2026-07-16T11:27:27.6103886Z","type":"sample"}
{"channel":"rr","display":51.02040816326531,"mu":0,"quality":"OUT_OF_RANGE","raw":279.7,"sigma":1.5,"state":"IDLE","t":"2026-07-16T11:27:27.6508695Z","type":"sample"}
{"channel":"gsr","display":3570.6,"mu":0,"quality":"OK","raw":3570.6,"sigma":10,"state":"IDLE","t":"2026-07-16T11:27:27.6645747Z","type":"sample"}
{"address":"/cue/p/start","args":null,"channel":"system","dir":"out","t":"2026-07-16T11:27:27.681168Z","type":"osc"}
{"channel":"rr","display":51.02040816326531,"mu":0,"quality":"OUT_OF_RANGE","raw":279.1,"sigma":1.5,"state":"IDLE","t":"2026-07-16T11:27:27.690776Z","type":"sample"}
{"channel":"rr","display":51.02040816326531,"mu":0,"quality":"OUT_OF_RANGE","raw":280.5,"sigma":1.5,"state":"IDLE","t":"2026-07-16T11:27:27.7308689Z","type":"sample"}
{"channel":"gsr","display":3571.8,"mu":0,"quality":"OK","raw":3571.8,"sigma":10,"state":"IDLE","t":"2026-07-16T11:27:27.7645836Z","type":"sample"}
{"channel":"rr","display":51.02040816326531,"mu":0,"quality":"OUT_OF_RANGE","raw":279.7,"sigma":1.5,"state":"IDLE","t":"2026-07-16T11:27:27.770225Z","type":"sample"}
{"channel":"rr","display":51.02040816326531,"mu":0,"quality":"OUT_OF_RANGE","raw":279.2,"sigma":1.5,"state":"IDLE","t":"2026-07-16T11:27:27.8102295Z","type":"sample"}
{"channel":"rr","display":51.02040816326531,"mu":0,"quality":"OUT_OF_RANGE","raw":280.3,"sigma":1.5,"state":"IDLE","t":"2026-07-16T11:27:27.8507487Z","type":"sample"}
{"channel":"gsr","display":3574.4,"mu":0,"quality":"OK","raw":3574.4,"sigma":10,"state":"IDLE","t":"2026-07-16T11:27:27.8647652Z","type":"sample"}
{"channel":"rr","display":51.02040816326531,"mu":0,"quality":"OUT_OF_RANGE","raw":280,"sigma":1.5,"state":"IDLE","t":"2026-07-16T11:27:27.8904612Z","type":"sample"}
{"channel":"rr","display":51.02040816326531,"mu":0,"quality":"OUT_OF_RANGE","raw":279.1,"sigma":1.5,"state":"IDLE","t":"2026-07-16T11:27:27.930661Z","type":"sample"}
{"channel":"gsr","display":3581.7,"mu":0,"quality":"OK","raw":3581.7,"sigma":10,"state":"IDLE","t":"2026-07-16T11:27:27.9649435Z","type":"sample"}
{"channel":"hr","display":0,"mu":0,"quality":"OUT_OF_RANGE","raw":0,"sigma":3,"state":"IDLE","t":"2026-07-16T11:27:27.9660384Z","type":"sample"}
{"channel":"rr","display":51.02040816326531,"mu":0,"quality":"OUT_OF_RANGE","raw":279.5,"sigma":1.5,"state":"IDLE","t":"2026-07-16T11:27:27.9710065Z","type":"sample"}
{"channel":"rr","display":51.02040816326531,"mu":0,"quality":"OUT_OF_RANGE","raw":279.3,"sigma":1.5,"state":"IDLE","t":"2026-07-16T11:27:28.0109048Z","type":"sample"}
{"channel":"rr","display":51.02040816326531,"mu":0,"quality":"OUT_OF_RANGE","raw":280.1,"sigma":1.5,"state":"IDLE","t":"2026-07-16T11:27:28.0506943Z","type":"sample"}
{"channel":"gsr","display":3581.2,"mu":0,"quality":"OK","raw":3581.2,"sigma":10,"state":"IDLE","t":"2026-07-16T11:27:28.0637723Z","type":"sample"}
{"channel":"rr","display":51.02040816326531,"mu":0,"quality":"OUT_OF_RANGE","raw":280,"sigma":1.5,"state":"IDLE","t":"2026-07-16T11:27:28.0899011Z","type":"sample"}
{"channel":"rr","display":51.02040816326531,"mu":0,"quality":"OUT_OF_RANGE","raw":279.5,"sigma":1.5,"state":"IDLE","t":"2026-07-16T11:27:28.1301932Z","type":"sample"}
{"channel":"gsr","display":3587.1,"mu":0,"quality":"OK","raw":3587.1,"sigma":10,"state":"IDLE","t":"2026-07-16T11:27:28.1645294Z","type":"sample"}
{"channel":"rr","display":51.02040816326531,"mu":0,"quality":"OUT_OF_RANGE","raw":279.8,"sigma":1.5,"state":"IDLE","t":"2026-07-16T11:27:28.170852Z","type":"sample"}
{"address":"/cue/g1/start","args":null,"channel":"system","dir":"out","t":"2026-07-16T11:27:28.1898567Z","type":"osc"}
{"channel":"rr","display":51.02040816326531,"mu":0,"quality":"OUT_OF_RANGE","raw":280.3,"sigma":1.5,"state":"IDLE","t":"2026-07-16T11:27:28.2104511Z","type":"sample"}
{"channel":"rr","display":51.02040816326531,"mu":0,"quality":"OUT_OF_RANGE","raw":280.1,"sigma":1.5,"state":"IDLE","t":"2026-07-16T11:27:28.2504147Z","type":"sample"}
{"channel":"gsr","display":3589.3,"mu":0,"quality":"OK","raw":3589.3,"sigma":10,"state":"IDLE","t":"2026-07-16T11:27:28.2647429Z","type":"sample"}
{"channel":"rr","display":51.02040816326531,"mu":0,"quality":"OUT_OF_RANGE","raw":280.1,"sigma":1.5,"state":"IDLE","t":"2026-07-16T11:27:28.2909241Z","type":"sample"}
{"channel":"rr","display":51.02040816326531,"mu":0,"quality":"OUT_OF_RANGE","raw":280.6,"sigma":1.5,"state":"IDLE","t":"2026-07-16T11:27:28.3308516Z","type":"sample"}
{"channel":"gsr","display":3595.5,"mu":0,"quality":"OK","raw":3595.5,"sigma":10,"state":"IDLE","t":"2026-07-16T11:27:28.364458Z","type":"sample"}
{"channel":"rr","display":51.02040816326531,"mu":0,"quality":"OUT_OF_RANGE","raw":279.7,"sigma":1.5,"state":"IDLE","t":"2026-07-16T11:27:28.3702779Z","type":"sample"}
{"channel":"rr","display":51.02040816326531,"mu":0,"quality":"OUT_OF_RANGE","raw":279.5,"sigma":1.5,"state":"IDLE","t":"2026-07-16T11:27:28.4099509Z","type":"sample"}
{"channel":"rr","display":51.02040816326531,"mu":0,"quality":"OUT_OF_RANGE","raw":281.1,"sigma":1.5,"state":"IDLE","t":"2026-07-16T11:27:28.450838Z","type":"sample"}
{"channel":"gsr","display":3599.9,"mu":0,"quality":"OK","raw":3599.9,"sigma":10,"state":"IDLE","t":"2026-07-16T11:27:28.4648453Z","type":"sample"}
{"channel":"hr","display":0,"mu":0,"quality":"OUT_OF_RANGE","raw":0,"sigma":3,"state":"IDLE","t":"2026-07-16T11:27:28.4653734Z","type":"sample"}
{"channel":"rr","display":51.02040816326531,"mu":0,"quality":"OUT_OF_RANGE","raw":280,"sigma":1.5,"state":"IDLE","t":"2026-07-16T11:27:28.4901915Z","type":"sample"}
{"channel":"rr","display":51.02040816326531,"mu":0,"quality":"OUT_OF_RANGE","raw":279.9,"sigma":1.5,"state":"IDLE","t":"2026-07-16T11:27:28.5307861Z","type":"sample"}
{"channel":"gsr","display":3597.6,"mu":0,"quality":"OK","raw":3597.6,"sigma":10,"state":"IDLE","t":"2026-07-16T11:27:28.5646512Z","type":"sample"}
{"channel":"rr","display":51.02040816326531,"mu":0,"quality":"OUT_OF_RANGE","raw":280.5,"sigma":1.5,"state":"IDLE","t":"2026-07-16T11:27:28.5708414Z","type":"sample"}
{"channel":"rr","display":51.02040816326531,"mu":0,"quality":"OUT_OF_RANGE","raw":279.1,"sigma":1.5,"state":"IDLE","t":"2026-07-16T11:27:28.6101914Z","type":"sample"}
{"channel":"rr","display":51.724137931034484,"mu":0,"quality":"OUT_OF_RANGE","raw":280.2,"sigma":1.5,"state":"IDLE","t":"2026-07-16T11:27:28.6504008Z","type":"sample"}
{"channel":"gsr","display":3599.8,"mu":0,"quality":"OK","raw":3599.8,"sigma":10,"state":"IDLE","t":"2026-07-16T11:27:28.6645169Z","type":"sample"}
{"address":"/cue/p/start","args":null,"channel":"system","dir":"out","t":"2026-07-16T11:27:28.681202Z","type":"osc"}
{"channel":"rr","display":51.724137931034484,"mu":0,"quality":"OUT_OF_RANGE","raw":279.6,"sigma":1.5,"state":"IDLE","t":"2026-07-16T11:27:28.6901111Z","type":"sample"}
{"channel":"rr","display":51.724137931034484,"mu":0,"quality":"OUT_OF_RANGE","raw":278.6,"sigma":1.5,"state":"IDLE","t":"2026-07-16T11:27:28.7308542Z","type":"sample"}
{"channel":"gsr","display":3603.5,"mu":0,"quality":"OK","raw":3603.5,"sigma":10,"state":"IDLE","t":"2026-07-16T11:27:28.7647132Z","type":"sample"}
{"channel":"rr","display":51.724137931034484,"mu":0,"quality":"OUT_OF_RANGE","raw":280.3,"sigma":1.5,"state":"IDLE","t":"2026-07-16T11:27:28.7705762Z","type":"sample"}
{"channel":"rr","display":51.724137931034484,"mu":0,"quality":"OUT_OF_RANGE","raw":279.8,"sigma":1.5,"state":"IDLE","t":"2026-07-16T11:27:28.8108424Z","type":"sample"}
{"channel":"rr","display":51.724137931034484,"mu":0,"quality":"OUT_OF_RANGE","raw":279.5,"sigma":1.5,"state":"IDLE","t":"2026-07-16T11:27:28.8511083Z","type":"sample"}
{"channel":"gsr","display":3608.5,"mu":0,"quality":"OK","raw":3608.5,"sigma":10,"state":"IDLE","t":"2026-07-16T11:27:28.864816Z","type":"sample"}
{"channel":"rr","display":51.724137931034484,"mu":0,"quality":"OUT_OF_RANGE","raw":280.6,"sigma":1.5,"state":"IDLE","t":"2026-07-16T11:27:28.8907125Z","type":"sample"}
{"channel":"rr","display":51.724137931034484,"mu":0,"quality":"OUT_OF_RANGE","raw":280.1,"sigma":1.5,"state":"IDLE","t":"2026-07-16T11:27:28.9305185Z","type":"sample"}
{"channel":"gsr","display":3610,"mu":0,"quality":"OK","raw":3610,"sigma":10,"state":"IDLE","t":"2026-07-16T11:27:28.9649686Z","type":"sample"}
{"channel":"hr","display":0,"mu":0,"quality":"OUT_OF_RANGE","raw":0,"sigma":3,"state":"IDLE","t":"2026-07-16T11:27:28.9655077Z","type":"sample"}
{"channel":"rr","display":51.724137931034484,"mu":0,"quality":"OUT_OF_RANGE","raw":278.9,"sigma":1.5,"state":"IDLE","t":"2026-07-16T11:27:28.9714132Z","type":"sample"}
{"channel":"rr","display":51.724137931034484,"mu":0,"quality":"OUT_OF_RANGE","raw":279.6,"sigma":1.5,"state":"IDLE","t":"2026-07-16T11:27:29.0099891Z","type":"sample"}
{"channel":"rr","display":51.724137931034484,"mu":0,"quality":"OUT_OF_RANGE","raw":279.6,"sigma":1.5,"state":"IDLE","t":"2026-07-16T11:27:29.0500003Z","type":"sample"}
{"channel":"gsr","display":3610,"mu":0,"quality":"OK","raw":3610,"sigma":10,"state":"IDLE","t":"2026-07-16T11:27:29.0646199Z","type":"sample"}
{"channel":"rr","display":51.724137931034484,"mu":0,"quality":"OUT_OF_RANGE","raw":279.6,"sigma":1.5,"state":"IDLE","t":"2026-07-16T11:27:29.0902665Z","type":"sample"}
{"channel":"rr","display":51.724137931034484,"mu":0,"quality":"OUT_OF_RANGE","raw":280.1,"sigma":1.5,"state":"IDLE","t":"2026-07-16T11:27:29.1300539Z","type":"sample"}
{"channel":"gsr","display":3615.7,"mu":0,"quality":"OK","raw":3615.7,"sigma":10,"state":"IDLE","t":"2026-07-16T11:27:29.1640973Z","type":"sample"}
{"channel":"rr","display":51.724137931034484,"mu":0,"quality":"OUT_OF_RANGE","raw":279.9,"sigma":1.5,"state":"IDLE","t":"2026-07-16T11:27:29.1707262Z","type":"sample"}
{"address":"/cue/g1/start","args":null,"channel":"system","dir":"out","t":"2026-07-16T11:27:29.1980106Z","type":"osc"}
{"channel":"rr","display":51.724137931034484,"mu":0,"quality":"OUT_OF_RANGE","raw":278.5,"sigma":1.5,"state":"IDLE","t":"2026-07-16T11:27:29.210951Z","type":"sample"}
{"channel":"rr","display":51.724137931034484,"mu":0,"quality":"OUT_OF_RANGE","raw":279.7,"sigma":1.5,"state":"IDLE","t":"2026-07-16T11:27:29.2503998Z","type":"sample"}
{"channel":"gsr","display":3618,"mu":0,"quality":"OK","raw":3618,"sigma":10,"state":"IDLE","t":"2026-07-16T11:27:29.2645149Z","type":"sample"}
{"channel":"rr","display":51.724137931034484,"mu":0,"quality":"OUT_OF_RANGE","raw":279.9,"sigma":1.5,"state":"IDLE","t":"2026-07-16T11:27:29.290687Z","type":"sample"}
{"channel":"rr","display":51.724137931034484,"mu":0,"quality":"OUT_OF_RANGE","raw":280.1,"sigma":1.5,"state":"IDLE","t":"2026-07-16T11:27:29.3301323Z","type":"sample"}
{"channel":"gsr","display":3618.6,"mu":0,"quality":"OK","raw":3618.6,"sigma":10,"state":"IDLE","t":"2026-07-16T11:27:29.3647832Z","type":"sample"}
{"channel":"rr","display":51.724137931034484,"mu":0,"quality":"OUT_OF_RANGE","raw":279,"sigma":1.5,"state":"IDLE","t":"2026-07-16T11:27:29.3716411Z","type":"sample"}
{"channel":"rr","display":51.724137931034484,"mu":0,"quality":"OUT_OF_RANGE","raw":279.4,"sigma":1.5,"state":"IDLE","t":"2026-07-16T11:27:29.4100975Z","type":"sample"}
{"channel":"rr","display":51.724137931034484,"mu":0,"quality":"OUT_OF_RANGE","raw":280.1,"sigma":1.5,"state":"IDLE","t":"2026-07-16T11:27:29.4508219Z","type":"sample"}
{"channel":"gsr","display":3622.2,"mu":0,"quality":"OK","raw":3622.2,"sigma":10,"state":"IDLE","t":"2026-07-16T11:27:29.4648363Z","type":"sample"}
{"channel":"hr","display":0,"mu":0,"quality":"OUT_OF_RANGE","raw":0,"sigma":3,"state":"IDLE","t":"2026-07-16T11:27:29.4653564Z","type":"sample"}
{"channel":"rr","display":51.724137931034484,"mu":0,"quality":"OUT_OF_RANGE","raw":279.6,"sigma":1.5,"state":"IDLE","t":"2026-07-16T11:27:29.4902555Z","type":"sample"}
{"channel":"rr","display":51.724137931034484,"mu":0,"quality":"OUT_OF_RANGE","raw":280.1,"sigma":1.5,"state":"IDLE","t":"2026-07-16T11:27:29.5302913Z","type":"sample"}
{"channel":"gsr","display":3626.3,"mu":0,"quality":"OK","raw":3626.3,"sigma":10,"state":"IDLE","t":"2026-07-16T11:27:29.5646742Z","type":"sample"}
{"channel":"rr","display":51.724137931034484,"mu":0,"quality":"OUT_OF_RANGE","raw":280.2,"sigma":1.5,"state":"IDLE","t":"2026-07-16T11:27:29.5701573Z","type":"sample"}
{"channel":"rr","display":51.724137931034484,"mu":0,"quality":"OUT_OF_RANGE","raw":279.8,"sigma":1.5,"state":"IDLE","t":"2026-07-16T11:27:29.6106156Z","type":"sample"}
{"channel":"rr","display":51.724137931034484,"mu":0,"quality":"OUT_OF_RANGE","raw":279.4,"sigma":1.5,"state":"IDLE","t":"2026-07-16T11:27:29.650358Z","type":"sample"}
{"channel":"gsr","display":3625.4,"mu":0,"quality":"OK","raw":3625.4,"sigma":10,"state":"IDLE","t":"2026-07-16T11:27:29.6648244Z","type":"sample"}
{"address":"/cue/p/start","args":null,"channel":"system","dir":"out","t":"2026-07-16T11:27:29.6819258Z","type":"osc"}
{"channel":"rr","display":52.44755244755245,"mu":0,"quality":"OUT_OF_RANGE","raw":280.1,"sigma":1.5,"state":"IDLE","t":"2026-07-16T11:27:29.690371Z","type":"sample"}
{"channel":"rr","display":52.44755244755245,"mu":0,"quality":"OUT_OF_RANGE","raw":279.4,"sigma":1.5,"state":"IDLE","t":"2026-07-16T11:27:29.7305994Z","type":"sample"}
{"channel":"gsr","display":3627.1,"mu":0,"quality":"OK","raw":3627.1,"sigma":10,"state":"IDLE","t":"2026-07-16T11:27:29.7649623Z","type":"sample"}
{"channel":"rr","display":52.44755244755245,"mu":0,"quality":"OUT_OF_RANGE","raw":279.5,"sigma":1.5,"state":"IDLE","t":"2026-07-16T11:27:29.7703022Z","type":"sample"}
{"channel":"rr","display":52.44755244755245,"mu":0,"quality":"OUT_OF_RANGE","raw":280.2,"sigma":1.5,"state":"IDLE","t":"2026-07-16T11:27:29.8105954Z","type":"sample"}
{"channel":"rr","display":52.44755244755245,"mu":0,"quality":"OUT_OF_RANGE","raw":280.6,"sigma":1.5,"state":"IDLE","t":"2026-07-16T11:27:29.850884Z","type":"sample"}
{"channel":"gsr","display":3631.2,"mu":0,"quality":"OK","raw":3631.2,"sigma":10,"state":"IDLE","t":"2026-07-16T11:27:29.8648449Z","type":"sample"}
{"channel":"rr","display":52.44755244755245,"mu":0,"quality":"OUT_OF_RANGE","raw":280,"sigma":1.5,"state":"IDLE","t":"2026-07-16T11:27:29.8905862Z","type":"sample"}
{"channel":"rr","display":52.44755244755245,"mu":0,"quality":"OUT_OF_RANGE","raw":279.3,"sigma":1.5,"state":"IDLE","t":"2026-07-16T11:27:29.9305494Z","type":"sample"}
{"channel":"gsr","display":3633.3,"mu":0,"quality":"OK","raw":3633.3,"sigma":10,"state":"IDLE","t":"2026-07-16T11:27:29.9646272Z","type":"sample"}
{"channel":"hr","display":0,"mu":0,"quality":"OUT_OF_RANGE","raw":0,"sigma":3,"state":"IDLE","t":"2026-07-16T11:27:29.9646272Z","type":"sample"}
{"channel":"rr","display":52.44755244755245,"mu":0,"quality":"OUT_OF_RANGE","raw":280,"sigma":1.5,"state":"IDLE","t":"2026-07-16T11:27:29.9704434Z","type":"sample"}
{"channel":"rr","display":52.44755244755245,"mu":0,"quality":"OUT_OF_RANGE","raw":280,"sigma":1.5,"state":"IDLE","t":"2026-07-16T11:27:30.0108229Z","type":"sample"}
{"channel":"rr","display":52.44755244755245,"mu":0,"quality":"OUT_OF_RANGE","raw":280.3,"sigma":1.5,"state":"IDLE","t":"2026-07-16T11:27:30.0506849Z","type":"sample"}
{"channel":"gsr","display":3637.2,"mu":0,"quality":"OK","raw":3637.2,"sigma":10,"state":"IDLE","t":"2026-07-16T11:27:30.0646171Z","type":"sample"}
{"channel":"rr","display":52.44755244755245,"mu":0,"quality":"OUT_OF_RANGE","raw":279.1,"sigma":1.5,"state":"IDLE","t":"2026-07-16T11:27:30.0906393Z","type":"sample"}
{"channel":"rr","display":52.44755244755245,"mu":0,"quality":"OUT_OF_RANGE","raw":279.8,"sigma":1.5,"state":"IDLE","t":"2026-07-16T11:27:30.1305503Z","type":"sample"}
{"channel":"gsr","display":3640.3,"mu":0,"quality":"OK","raw":3640.3,"sigma":10,"state":"IDLE","t":"2026-07-16T11:27:30.1648232Z","type":"sample"}
{"channel":"rr","display":52.44755244755245,"mu":0,"quality":"OUT_OF_RANGE","raw":279.4,"sigma":1.5,"state":"IDLE","t":"2026-07-16T11:27:30.1704411Z","type":"sample"}
{"address":"/cue/g1/start","args":null,"channel":"system","dir":"out","t":"2026-07-16T11:27:30.2034518Z","type":"osc"}
{"channel":"rr","display":52.44755244755245,"mu":0,"quality":"OUT_OF_RANGE","raw":278.8,"sigma":1.5,"state":"IDLE","t":"2026-07-16T11:27:30.2104519Z","type":"sample"}
{"channel":"rr","display":52.44755244755245,"mu":0,"quality":"OUT_OF_RANGE","raw":280.2,"sigma":1.5,"state":"IDLE","t":"2026-07-16T11:27:30.2505334Z","type":"sample"}
{"channel":"gsr","display":3638.5,"mu":0,"quality":"OK","raw":3638.5,"sigma":10,"state":"IDLE","t":"2026-07-16T11:27:30.2648201Z","type":"sample"}
{"channel":"rr","display":52.44755244755245,"mu":0,"quality":"OUT_OF_RANGE","raw":280.2,"sigma":1.5,"state":"IDLE","t":"2026-07-16T11:27:30.2900751Z","type":"sample"}
{"channel":"rr","display":52.44755244755245,"mu":0,"quality":"OUT_OF_RANGE","raw":279.2,"sigma":1.5,"state":"IDLE","t":"2026-07-16T11:27:30.3300318Z","type":"sample"}
{"channel":"gsr","display":3642.1,"mu":0,"quality":"OK","raw":3642.1,"sigma":10,"state":"IDLE","t":"2026-07-16T11:27:30.3644751Z","type":"sample"}
{"channel":"rr","display":52.44755244755245,"mu":0,"quality":"OUT_OF_RANGE","raw":279.8,"sigma":1.5,"state":"IDLE","t":"2026-07-16T11:27:30.3707354Z","type":"sample"}
{"channel":"rr","display":52.44755244755245,"mu":0,"quality":"OUT_OF_RANGE","raw":279.4,"sigma":1.5,"state":"IDLE","t":"2026-07-16T11:27:30.4101046Z","type":"sample"}
{"channel":"rr","display":52.44755244755245,"mu":0,"quality":"OUT_OF_RANGE","raw":279.8,"sigma":1.5,"state":"IDLE","t":"2026-07-16T11:27:30.4507016Z","type":"sample"}
{"channel":"gsr","display":3643.1,"mu":0,"quality":"OK","raw":3643.1,"sigma":10,"state":"IDLE","t":"2026-07-16T11:27:30.4644866Z","type":"sample"}
{"channel":"hr","display":0,"mu":0,"quality":"OUT_OF_RANGE","raw":0,"sigma":3,"state":"IDLE","t":"2026-07-16T11:27:30.4655421Z","type":"sample"}
{"channel":"rr","display":52.44755244755245,"mu":0,"quality":"OUT_OF_RANGE","raw":280.2,"sigma":1.5,"state":"IDLE","t":"2026-07-16T11:27:30.4911924Z","type":"sample"}
{"channel":"rr","display":52.44755244755245,"mu":0,"quality":"OUT_OF_RANGE","raw":280.4,"sigma":1.5,"state":"IDLE","t":"2026-07-16T11:27:30.5303638Z","type":"sample"}
{"channel":"gsr","display":3648,"mu":0,"quality":"OK","raw":3648,"sigma":10,"state":"IDLE","t":"2026-07-16T11:27:30.5649647Z","type":"sample"}
{"channel":"rr","display":52.44755244755245,"mu":0,"quality":"OUT_OF_RANGE","raw":280.8,"sigma":1.5,"state":"IDLE","t":"2026-07-16T11:27:30.5704807Z","type":"sample"}
{"channel":"rr","display":52.44755244755245,"mu":0,"quality":"OUT_OF_RANGE","raw":280,"sigma":1.5,"state":"IDLE","t":"2026-07-16T11:27:30.6102024Z","type":"sample"}
{"channel":"rr","display":52.44755244755245,"mu":0,"quality":"OUT_OF_RANGE","raw":280.4,"sigma":1.5,"state":"IDLE","t":"2026-07-16T11:27:30.6502228Z","type":"sample"}
{"channel":"gsr","display":3644.7,"mu":0,"quality":"OK","raw":3644.7,"sigma":10,"state":"IDLE","t":"2026-07-16T11:27:30.6649145Z","type":"sample"}
{"address":"/cue/p/start","args":null,"channel":"system","dir":"out","t":"2026-07-16T11:27:30.6812628Z","type":"osc"}
{"channel":"rr","display":52.44755244755245,"mu":0,"quality":"OUT_OF_RANGE","raw":279.1,"sigma":1.5,"state":"IDLE","t":"2026-07-16T11:27:30.6899521Z","type":"sample"}
{"channel":"rr","display":52.816901408450704,"mu":0,"quality":"OUT_OF_RANGE","raw":279.9,"sigma":1.5,"state":"IDLE","t":"2026-07-16T11:27:30.7303407Z","type":"sample"}
{"channel":"gsr","display":3647,"mu":0,"quality":"OK","raw":3647,"sigma":10,"state":"IDLE","t":"2026-07-16T11:27:30.7635287Z","type":"sample"}
{"channel":"rr","display":52.816901408450704,"mu":0,"quality":"OUT_OF_RANGE","raw":280.8,"sigma":1.5,"state":"IDLE","t":"2026-07-16T11:27:30.7708626Z","type":"sample"}
{"channel":"rr","display":52.816901408450704,"mu":0,"quality":"OUT_OF_RANGE","raw":279.6,"sigma":1.5,"state":"IDLE","t":"2026-07-16T11:27:30.810232Z","type":"sample"}
{"channel":"rr","display":52.816901408450704,"mu":0,"quality":"OUT_OF_RANGE","raw":280.4,"sigma":1.5,"state":"IDLE","t":"2026-07-16T11:27:30.8506459Z","type":"sample"}
{"channel":"gsr","display":3652,"mu":0,"quality":"OK","raw":3652,"sigma":10,"state":"IDLE","t":"2026-07-16T11:27:30.8646943Z","type":"sample"}
{"channel":"rr","display":52.816901408450704,"mu":0,"quality":"OUT_OF_RANGE","raw":279.7,"sigma":1.5,"state":"IDLE","t":"2026-07-16T11:27:30.8904651Z","type":"sample"}
{"channel":"rr","display":52.816901408450704,"mu":0,"quality":"OUT_OF_RANGE","raw":279.7,"sigma":1.5,"state":"IDLE","t":"2026-07-16T11:27:30.9299468Z","type":"sample"}
{"channel":"gsr","display":3657.7,"mu":0,"quality":"OK","raw":3657.7,"sigma":10,"state":"IDLE","t":"2026-07-16T11:27:30.9648487Z","type":"sample"}
{"channel":"hr","display":0,"mu":0,"quality":"OUT_OF_RANGE","raw":0,"sigma":3,"state":"IDLE","t":"2026-07-16T11:27:30.9653741Z","type":"sample"}
{"channel":"rr","display":52.816901408450704,"mu":0,"quality":"OUT_OF_RANGE","raw":278.8,"sigma":1.5,"state":"IDLE","t":"2026-07-16T11:27:30.9709036Z","type":"sample"}
{"channel":"rr","display":52.816901408450704,"mu":0,"quality":"OUT_OF_RANGE","raw":281.2,"sigma":1.5,"state":"IDLE","t":"2026-07-16T11:27:31.0102682Z","type":"sample"}
{"channel":"rr","display":52.816901408450704,"mu":0,"quality":"OUT_OF_RANGE","raw":279.6,"sigma":1.5,"state":"IDLE","t":"2026-07-16T11:27:31.0500485Z","type":"sample"}
{"channel":"gsr","display":3655.2,"mu":0,"quality":"OK","raw":3655.2,"sigma":10,"state":"IDLE","t":"2026-07-16T11:27:31.0646873Z","type":"sample"}
{"channel":"rr","display":52.816901408450704,"mu":0,"quality":"OUT_OF_RANGE","raw":278.9,"sigma":1.5,"state":"IDLE","t":"2026-07-16T11:27:31.0909088Z","type":"sample"}
{"channel":"rr","display":52.816901408450704,"mu":0,"quality":"OUT_OF_RANGE","raw":280.3,"sigma":1.5,"state":"IDLE","t":"2026-07-16T11:27:31.1307465Z","type":"sample"}
{"channel":"gsr","display":3656.7,"mu":0,"quality":"OK","raw":3656.7,"sigma":10,"state":"IDLE","t":"2026-07-16T11:27:31.1649566Z","type":"sample"}
{"channel":"rr","display":52.816901408450704,"mu":0,"quality":"OUT_OF_RANGE","raw":279.4,"sigma":1.5,"state":"IDLE","t":"2026-07-16T11:27:31.1702781Z","type":"sample"}
{"address":"/cue/g1/start","args":null,"channel":"system","dir":"out","t":"2026-07-16T11:27:31.208412Z","type":"osc"}
{"channel":"rr","display":52.816901408450704,"mu":0,"quality":"OUT_OF_RANGE","raw":279.9,"sigma":1.5,"state":"IDLE","t":"2026-07-16T11:27:31.2109057Z","type":"sample"}
{"channel":"rr","display":52.816901408450704,"mu":0,"quality":"OUT_OF_RANGE","raw":279,"sigma":1.5,"state":"IDLE","t":"2026-07-16T11:27:31.2500824Z","type":"sample"}
{"channel":"gsr","display":3658,"mu":0,"quality":"OK","raw":3658,"sigma":10,"state":"IDLE","t":"2026-07-16T11:27:31.2649201Z","type":"sample"}
{"channel":"rr","display":52.816901408450704,"mu":0,"quality":"OUT_OF_RANGE","raw":279.5,"sigma":1.5,"state":"IDLE","t":"2026-07-16T11:27:31.2900379Z","type":"sample"}
{"channel":"rr","display":52.816901408450704,"mu":0,"quality":"OUT_OF_RANGE","raw":279.8,"sigma":1.5,"state":"IDLE","t":"2026-07-16T11:27:31.3303628Z","type":"sample"}
{"channel":"gsr","display":3662.7,"mu":0,"quality":"OK","raw":3662.7,"sigma":10,"state":"IDLE","t":"2026-07-16T11:27:31.3645798Z","type":"sample"}
{"channel":"rr","display":52.816901408450704,"mu":0,"quality":"OUT_OF_RANGE","raw":280.5,"sigma":1.5,"state":"IDLE","t":"2026-07-16T11:27:31.370766Z","type":"sample"}
{"channel":"rr","display":52.816901408450704,"mu":0,"quality":"OUT_OF_RANGE","raw":280.6,"sigma":1.5,"state":"IDLE","t":"2026-07-16T11:27:31.4108714Z","type":"sample"}
{"channel":"rr","display":52.816901408450704,"mu":0,"quality":"OUT_OF_RANGE","raw":279.2,"sigma":1.5,"state":"IDLE","t":"2026-07-16T11:27:31.4506766Z","type":"sample"}
{"channel":"gsr","display":3666.6,"mu":0,"quality":"OK","raw":3666.6,"sigma":10,"state":"IDLE","t":"2026-07-16T11:27:31.4649993Z","type":"sample"}
{"channel":"hr","display":0,"mu":0,"quality":"OUT_OF_RANGE","raw":0,"sigma":3,"state":"IDLE","t":"2026-07-16T11:27:31.4655313Z","type":"sample"}
{"channel":"rr","display":52.816901408450704,"mu":0,"quality":"OUT_OF_RANGE","raw":279.9,"sigma":1.5,"state":"IDLE","t":"2026-07-16T11:27:31.4906883Z","type":"sample"}
{"channel":"rr","display":52.816901408450704,"mu":0,"quality":"OUT_OF_RANGE","raw":279.4,"sigma":1.5,"state":"IDLE","t":"2026-07-16T11:27:31.5304297Z","type":"sample"}
{"channel":"gsr","display":3665.2,"mu":0,"quality":"OK","raw":3665.2,"sigma":10,"state":"IDLE","t":"2026-07-16T11:27:31.564834Z","type":"sample"}
{"channel":"rr","display":52.816901408450704,"mu":0,"quality":"OUT_OF_RANGE","raw":279.7,"sigma":1.5,"state":"IDLE","t":"2026-07-16T11:27:31.5707663Z","type":"sample"}
{"channel":"rr","display":52.816901408450704,"mu":0,"quality":"OUT_OF_RANGE","raw":279.4,"sigma":1.5,"state":"IDLE","t":"2026-07-16T11:27:31.6108702Z","type":"sample"}
{"channel":"rr","display":52.816901408450704,"mu":0,"quality":"OUT_OF_RANGE","raw":279.2,"sigma":1.5,"state":"IDLE","t":"2026-07-16T11:27:31.6501792Z","type":"sample"}
{"channel":"gsr","display":3668.8,"mu":0,"quality":"OK","raw":3668.8,"sigma":10,"state":"IDLE","t":"2026-07-16T11:27:31.6619048Z","type":"sample"}
{"address":"/cue/p/start","args":null,"channel":"system","dir":"out","t":"2026-07-16T11:27:31.6808268Z","type":"osc"}
{"channel":"rr","display":52.816901408450704,"mu":0,"quality":"OUT_OF_RANGE","raw":280,"sigma":1.5,"state":"IDLE","t":"2026-07-16T11:27:31.6900696Z","type":"sample"}
{"channel":"rr","display":52.816901408450704,"mu":0,"quality":"OUT_OF_RANGE","raw":279.2,"sigma":1.5,"state":"IDLE","t":"2026-07-16T11:27:31.7307777Z","type":"sample"}
{"channel":"gsr","display":3672.2,"mu":0,"quality":"OK","raw":3672.2,"sigma":10,"state":"IDLE","t":"2026-07-16T11:27:31.7650777Z","type":"sample"}
{"channel":"rr","display":56.81818181818182,"mu":0,"quality":"OUT_OF_RANGE","raw":279.9,"sigma":1.5,"state":"IDLE","t":"2026-07-16T11:27:31.7707661Z","type":"sample"}
{"channel":"rr","display":56.81818181818182,"mu":0,"quality":"OUT_OF_RANGE","raw":279.8,"sigma":1.5,"state":"IDLE","t":"2026-07-16T11:27:31.8112391Z","type":"sample"}
{"channel":"rr","display":56.81818181818182,"mu":0,"quality":"OUT_OF_RANGE","raw":279.7,"sigma":1.5,"state":"IDLE","t":"2026-07-16T11:27:31.8506273Z","type":"sample"}
{"channel":"gsr","display":3678.6,"mu":0,"quality":"OK","raw":3678.6,"sigma":10,"state":"IDLE","t":"2026-07-16T11:27:31.8643533Z","type":"sample"}
{"channel":"rr","display":56.81818181818182,"mu":0,"quality":"OUT_OF_RANGE","raw":279.4,"sigma":1.5,"state":"IDLE","t":"2026-07-16T11:27:31.890289Z","type":"sample"}
{"channel":"rr","display":56.81818181818182,"mu":0,"quality":"OUT_OF_RANGE","raw":279.7,"sigma":1.5,"state":"IDLE","t":"2026-07-16T11:27:31.9300379Z","type":"sample"}
{"channel":"gsr","display":3674,"mu":0,"quality":"OK","raw":3674,"sigma":10,"state":"IDLE","t":"2026-07-16T11:27:31.9645096Z","type":"sample"}
{"channel":"hr","display":0,"mu":0,"quality":"OUT_OF_RANGE","raw":0,"sigma":3,"state":"IDLE","t":"2026-07-16T11:27:31.9655392Z","type":"sample"}
{"channel":"rr","display":56.81818181818182,"mu":0,"quality":"OUT_OF_RANGE","raw":280.1,"sigma":1.5,"state":"IDLE","t":"2026-07-16T11:27:31.9705355Z","type":"sample"}
{"channel":"rr","display":56.81818181818182,"mu":0,"quality":"OUT_OF_RANGE","raw":280.2,"sigma":1.5,"state":"IDLE","t":"2026-07-16T11:27:32.0106317Z","type":"sample"}
{"channel":"rr","display":56.81818181818182,"mu":0,"quality":"OUT_OF_RANGE","raw":280.1,"sigma":1.5,"state":"IDLE","t":"2026-07-16T11:27:32.0504103Z","type":"sample"}
{"channel":"gsr","display":3679.1,"mu":0,"quality":"OK","raw":3679.1,"sigma":10,"state":"IDLE","t":"2026-07-16T11:27:32.0645246Z","type":"sample"}
{"channel":"rr","display":56.81818181818182,"mu":0,"quality":"OUT_OF_RANGE","raw":278.9,"sigma":1.5,"state":"IDLE","t":"2026-07-16T11:27:32.0907185Z","type":"sample"}
{"channel":"rr","display":56.81818181818182,"mu":0,"quality":"OUT_OF_RANGE","raw":279.9,"sigma":1.5,"state":"IDLE","t":"2026-07-16T11:27:32.1306904Z","type":"sample"}
{"channel":"gsr","display":3676.6,"mu":0,"quality":"OK","raw":3676.6,"sigma":10,"state":"IDLE","t":"2026-07-16T11:27:32.1644944Z","type":"sample"}
{"channel":"rr","display":56.81818181818182,"mu":0,"quality":"OUT_OF_RANGE","raw":279.2,"sigma":1.5,"state":"IDLE","t":"2026-07-16T11:27:32.1703289Z","type":"sample"}
{"channel":"rr","display":56.81818181818182,"mu":0,"quality":"OUT_OF_RANGE","raw":280.1,"sigma":1.5,"state":"IDLE","t":"2026-07-16T11:27:32.2102779Z","type":"sample"}
{"address":"/cue/g1/start","args":null,"channel":"system","dir":"out","t":"2026-07-16T11:27:32.2173259Z","type":"osc"}
{"channel":"rr","display":56.81818181818182,"mu":0,"quality":"OUT_OF_RANGE","raw":279.1,"sigma":1.5,"state":"IDLE","t":"2026-07-16T11:27:32.249899Z","type":"sample"}
{"channel":"gsr","display":3683.6,"mu":0,"quality":"OK","raw":3683.6,"sigma":10,"state":"IDLE","t":"2026-07-16T11:27:32.264623Z","type":"sample"}
{"channel":"rr","display":56.81818181818182,"mu":0,"quality":"OUT_OF_RANGE","raw":279.3,"sigma":1.5,"state":"IDLE","t":"2026-07-16T11:27:32.2901086Z","type":"sample"}
{"channel":"rr","display":56.81818181818182,"mu":0,"quality":"OUT_OF_RANGE","raw":279.6,"sigma":1.5,"state":"IDLE","t":"2026-07-16T11:27:32.3303941Z","type":"sample"}
{"channel":"gsr","display":3685.3,"mu":0,"quality":"OK","raw":3685.3,"sigma":10,"state":"IDLE","t":"2026-07-16T11:27:32.3649405Z","type":"sample"}
{"channel":"rr","display":56.81818181818182,"mu":0,"quality":"OUT_OF_RANGE","raw":279.7,"sigma":1.5,"state":"IDLE","t":"2026-07-16T11:27:32.3701889Z","type":"sample"}
{"channel":"rr","display":56.81818181818182,"mu":0,"quality":"OUT_OF_RANGE","raw":278.7,"sigma":1.5,"state":"IDLE","t":"2026-07-16T11:27:32.4108708Z","type":"sample"}
{"channel":"rr","display":56.81818181818182,"mu":0,"quality":"OUT_OF_RANGE","raw":279.9,"sigma":1.5,"state":"IDLE","t":"2026-07-16T11:27:32.4505799Z","type":"sample"}
{"channel":"gsr","display":3687.3,"mu":0,"quality":"OK","raw":3687.3,"sigma":10,"state":"IDLE","t":"2026-07-16T11:27:32.4644775Z","type":"sample"}
{"channel":"hr","display":0,"mu":0,"quality":"OUT_OF_RANGE","raw":0,"sigma":3,"state":"IDLE","t":"2026-07-16T11:27:32.4655015Z","type":"sample"}
{"channel":"rr","display":56.81818181818182,"mu":0,"quality":"OUT_OF_RANGE","raw":280.2,"sigma":1.5,"state":"IDLE","t":"2026-07-16T11:27:32.4905457Z","type":"sample"}
{"channel":"rr","display":56.81818181818182,"mu":0,"quality":"OUT_OF_RANGE","raw":279.2,"sigma":1.5,"state":"IDLE","t":"2026-07-16T11:27:32.531Z","type":"sample"}
{"channel":"gsr","display":3687.2,"mu":0,"quality":"OK","raw":3687.2,"sigma":10,"state":"IDLE","t":"2026-07-16T11:27:32.5642088Z","type":"sample"}
{"channel":"rr","display":56.81818181818182,"mu":0,"quality":"OUT_OF_RANGE","raw":278.9,"sigma":1.5,"state":"IDLE","t":"2026-07-16T11:27:32.5749704Z","type":"sample"}
{"channel":"rr","display":56.81818181818182,"mu":0,"quality":"OUT_OF_RANGE","raw":279,"sigma":1.5,"state":"IDLE","t":"2026-07-16T11:27:32.6100777Z","type":"sample"}
{"channel":"rr","display":56.81818181818182,"mu":0,"quality":"OUT_OF_RANGE","raw":280.6,"sigma":1.5,"state":"IDLE","t":"2026-07-16T11:27:32.6506607Z","type":"sample"}
{"channel":"gsr","display":3691.8,"mu":0,"quality":"OK","raw":3691.8,"sigma":10,"state":"IDLE","t":"2026-07-16T11:27:32.6644361Z","type":"sample"}
{"address":"/cue/p/start","args":null,"channel":"system","dir":"out","t":"2026-07-16T11:27:32.6823158Z","type":"osc"}
{"channel":"rr","display":56.81818181818182,"mu":0,"quality":"OUT_OF_RANGE","raw":280,"sigma":1.5,"state":"IDLE","t":"2026-07-16T11:27:32.6907589Z","type":"sample"}
{"channel":"rr","display":56.81818181818182,"mu":0,"quality":"OUT_OF_RANGE","raw":280,"sigma":1.5,"state":"IDLE","t":"2026-07-16T11:27:32.730363Z","type":"sample"}
{"channel":"gsr","display":3694.2,"mu":0,"quality":"OK","raw":3694.2,"sigma":10,"state":"IDLE","t":"2026-07-16T11:27:32.7644955Z","type":"sample"}
{"channel":"rr","display":56.81818181818182,"mu":0,"quality":"OUT_OF_RANGE","raw":281.1,"sigma":1.5,"state":"IDLE","t":"2026-07-16T11:27:32.7703697Z","type":"sample"}
{"channel":"rr","display":56.81818181818182,"mu":0,"quality":"OUT_OF_RANGE","raw":279.1,"sigma":1.5,"state":"IDLE","t":"2026-07-16T11:27:32.8108684Z","type":"sample"}
{"channel":"rr","display":56.390977443609025,"mu":0,"quality":"OUT_OF_RANGE","raw":279.9,"sigma":1.5,"state":"IDLE","t":"2026-07-16T11:27:32.8507897Z","type":"sample"}
{"channel":"gsr","display":3696.3,"mu":0,"quality":"OK","raw":3696.3,"sigma":10,"state":"IDLE","t":"2026-07-16T11:27:32.8646271Z","type":"sample"}
{"channel":"rr","display":56.390977443609025,"mu":0,"quality":"OUT_OF_RANGE","raw":280,"sigma":1.5,"state":"IDLE","t":"2026-07-16T11:27:32.890817Z","type":"sample"}
{"channel":"rr","display":56.390977443609025,"mu":0,"quality":"OUT_OF_RANGE","raw":279.1,"sigma":1.5,"state":"IDLE","t":"2026-07-16T11:27:32.9305369Z","type":"sample"}
{"channel":"gsr","display":3697,"mu":0,"quality":"OK","raw":3697,"sigma":10,"state":"IDLE","t":"2026-07-16T11:27:32.9649034Z","type":"sample"}
{"channel":"hr","display":0,"mu":0,"quality":"OUT_OF_RANGE","raw":0,"sigma":3,"state":"IDLE","t":"2026-07-16T11:27:32.9654237Z","type":"sample"}
{"channel":"rr","display":56.390977443609025,"mu":0,"quality":"OUT_OF_RANGE","raw":279.4,"sigma":1.5,"state":"IDLE","t":"2026-07-16T11:27:32.9707862Z","type":"sample"}
{"channel":"rr","display":56.390977443609025,"mu":0,"quality":"OUT_OF_RANGE","raw":279.7,"sigma":1.5,"state":"IDLE","t":"2026-07-16T11:27:33.0106863Z","type":"sample"}
{"channel":"rr","display":56.390977443609025,"mu":0,"quality":"OUT_OF_RANGE","raw":280.1,"sigma":1.5,"state":"IDLE","t":"2026-07-16T11:27:33.0506613Z","type":"sample"}
{"channel":"gsr","display":3702.1,"mu":0,"quality":"OK","raw":3702.1,"sigma":10,"state":"IDLE","t":"2026-07-16T11:27:33.0647229Z","type":"sample"}
{"channel":"rr","display":56.390977443609025,"mu":0,"quality":"OUT_OF_RANGE","raw":279.5,"sigma":1.5,"state":"IDLE","t":"2026-07-16T11:27:33.0906757Z","type":"sample"}
{"channel":"rr","display":56.390977443609025,"mu":0,"quality":"OUT_OF_RANGE","raw":280.6,"sigma":1.5,"state":"IDLE","t":"2026-07-16T11:27:33.1302831Z","type":"sample"}
{"channel":"gsr","display":3702.2,"mu":0,"quality":"OK","raw":3702.2,"sigma":10,"state":"IDLE","t":"2026-07-16T11:27:33.164964Z","type":"sample"}
{"channel":"rr","display":56.390977443609025,"mu":0,"quality":"OUT_OF_RANGE","raw":279.6,"sigma":1.5,"state":"IDLE","t":"2026-07-16T11:27:33.1702404Z","type":"sample"}
{"channel":"rr","display":56.390977443609025,"mu":0,"quality":"OUT_OF_RANGE","raw":279.9,"sigma":1.5,"state":"IDLE","t":"2026-07-16T11:27:33.2111138Z","type":"sample"}
{"address":"/cue/g1/start","args":null,"channel":"system","dir":"out","t":"2026-07-16T11:27:33.2263964Z","type":"osc"}
{"channel":"rr","display":56.390977443609025,"mu":0,"quality":"OUT_OF_RANGE","raw":279.7,"sigma":1.5,"state":"IDLE","t":"2026-07-16T11:27:33.2501182Z","type":"sample"}
{"channel":"gsr","display":3708.4,"mu":0,"quality":"OK","raw":3708.4,"sigma":10,"state":"IDLE","t":"2026-07-16T11:27:33.2647232Z","type":"sample"}
{"channel":"rr","display":56.390977443609025,"mu":0,"quality":"OUT_OF_RANGE","raw":280.1,"sigma":1.5,"state":"IDLE","t":"2026-07-16T11:27:33.2903776Z","type":"sample"}
{"channel":"rr","display":56.390977443609025,"mu":0,"quality":"OUT_OF_RANGE","raw":280,"sigma":1.5,"state":"IDLE","t":"2026-07-16T11:27:33.3306343Z","type":"sample"}
{"channel":"gsr","display":3710.8,"mu":0,"quality":"OK","raw":3710.8,"sigma":10,"state":"IDLE","t":"2026-07-16T11:27:33.3648379Z","type":"sample"}
{"channel":"rr","display":56.390977443609025,"mu":0,"quality":"OUT_OF_RANGE","raw":279.6,"sigma":1.5,"state":"IDLE","t":"2026-07-16T11:27:33.3712597Z","type":"sample"}
{"channel":"rr","display":56.390977443609025,"mu":0,"quality":"OUT_OF_RANGE","raw":278.5,"sigma":1.5,"state":"IDLE","t":"2026-07-16T11:27:33.4099309Z","type":"sample"}
{"channel":"rr","display":56.390977443609025,"mu":0,"quality":"OUT_OF_RANGE","raw":280.4,"sigma":1.5,"state":"IDLE","t":"2026-07-16T11:27:33.4506641Z","type":"sample"}
{"channel":"gsr","display":3710.3,"mu":0,"quality":"OK","raw":3710.3,"sigma":10,"state":"IDLE","t":"2026-07-16T11:27:33.4648256Z","type":"sample"}
{"channel":"hr","display":0,"mu":0,"quality":"OUT_OF_RANGE","raw":0,"sigma":3,"state":"IDLE","t":"2026-07-16T11:27:33.4653523Z","type":"sample"}
{"channel":"rr","display":56.390977443609025,"mu":0,"quality":"OUT_OF_RANGE","raw":280,"sigma":1.5,"state":"IDLE","t":"2026-07-16T11:27:33.4902366Z","type":"sample"}
{"channel":"rr","display":56.390977443609025,"mu":0,"quality":"OUT_OF_RANGE","raw":278.9,"sigma":1.5,"state":"IDLE","t":"2026-07-16T11:27:33.5300031Z","type":"sample"}
{"channel":"gsr","display":3711,"mu":0,"quality":"OK","raw":3711,"sigma":10,"state":"IDLE","t":"2026-07-16T11:27:33.5618678Z","type":"sample"}
{"channel":"rr","display":56.390977443609025,"mu":0,"quality":"OUT_OF_RANGE","raw":280.2,"sigma":1.5,"state":"IDLE","t":"2026-07-16T11:27:33.5700773Z","type":"sample"}
{"channel":"rr","display":56.390977443609025,"mu":0,"quality":"OUT_OF_RANGE","raw":279.1,"sigma":1.5,"state":"IDLE","t":"2026-07-16T11:27:33.6099966Z","type":"sample"}
{"channel":"rr","display":56.390977443609025,"mu":0,"quality":"OUT_OF_RANGE","raw":279.6,"sigma":1.5,"state":"IDLE","t":"2026-07-16T11:27:33.6507014Z","type":"sample"}
{"channel":"gsr","display":3713.4,"mu":0,"quality":"OK","raw":3713.4,"sigma":10,"state":"IDLE","t":"2026-07-16T11:27:33.6649341Z","type":"sample"}
{"address":"/cue/p/start","args":null,"channel":"system","dir":"out","t":"2026-07-16T11:27:33.6808014Z","type":"osc"}
{"channel":"rr","display":56.390977443609025,"mu":0,"quality":"OUT_OF_RANGE","raw":280.4,"sigma":1.5,"state":"IDLE","t":"2026-07-16T11:27:33.6906284Z","type":"sample"}
{"channel":"rr","display":56.390977443609025,"mu":0,"quality":"OUT_OF_RANGE","raw":280.8,"sigma":1.5,"state":"IDLE","t":"2026-07-16T11:27:33.7307093Z","type":"sample"}
{"channel":"gsr","display":3716.5,"mu":0,"quality":"OK","raw":3716.5,"sigma":10,"state":"IDLE","t":"2026-07-16T11:27:33.7644806Z","type":"sample"}
{"channel":"rr","display":56.390977443609025,"mu":0,"quality":"OUT_OF_RANGE","raw":280,"sigma":1.5,"state":"IDLE","t":"2026-07-16T11:27:33.7702964Z","type":"sample"}
{"channel":"rr","display":56.390977443609025,"mu":0,"quality":"OUT_OF_RANGE","raw":280.1,"sigma":1.5,"state":"IDLE","t":"2026-07-16T11:27:33.8110913Z","type":"sample"}
{"channel":"rr","display":56.390977443609025,"mu":0,"quality":"OUT_OF_RANGE","raw":280.2,"sigma":1.5,"state":"IDLE","t":"2026-07-16T11:27:33.850879Z","type":"sample"}
{"channel":"gsr","display":3716.8,"mu":0,"quality":"OK","raw":3716.8,"sigma":10,"state":"IDLE","t":"2026-07-16T11:27:33.8647525Z","type":"sample"}
{"channel":"rr","display":56.390977443609025,"mu":0,"quality":"OUT_OF_RANGE","raw":279.6,"sigma":1.5,"state":"IDLE","t":"2026-07-16T11:27:33.8908283Z","type":"sample"}
{"channel":"rr","display":56.81818181818182,"mu":0,"quality":"OUT_OF_RANGE","raw":280.1,"sigma":1.5,"state":"IDLE","t":"2026-07-16T11:27:33.9307608Z","type":"sample"}
{"channel":"gsr","display":3718.1,"mu":0,"quality":"OK","raw":3718.1,"sigma":10,"state":"IDLE","t":"2026-07-16T11:27:33.9649536Z","type":"sample"}
{"channel":"hr","display":0,"mu":0,"quality":"OUT_OF_RANGE","raw":0,"sigma":3,"state":"IDLE","t":"2026-07-16T11:27:33.965259Z","type":"sample"}
{"channel":"rr","display":56.81818181818182,"mu":0,"quality":"OUT_OF_RANGE","raw":279.8,"sigma":1.5,"state":"IDLE","t":"2026-07-16T11:27:33.9705242Z","type":"sample"}
{"channel":"rr","display":56.81818181818182,"mu":0,"quality":"OUT_OF_RANGE","raw":278.6,"sigma":1.5,"state":"IDLE","t":"2026-07-16T11:27:34.0109925Z","type":"sample"}
{"channel":"rr","display":56.81818181818182,"mu":0,"quality":"OUT_OF_RANGE","raw":279.8,"sigma":1.5,"state":"IDLE","t":"2026-07-16T11:27:34.0505424Z","type":"sample"}
{"channel":"gsr","display":3719.5,"mu":0,"quality":"OK","raw":3719.5,"sigma":10,"state":"IDLE","t":"2026-07-16T11:27:34.0647176Z","type":"sample"}
{"channel":"rr","display":56.81818181818182,"mu":0,"quality":"OUT_OF_RANGE","raw":280.2,"sigma":1.5,"state":"IDLE","t":"2026-07-16T11:27:34.0907032Z","type":"sample"}
{"channel":"rr","display":56.81818181818182,"mu":0,"quality":"OUT_OF_RANGE","raw":280,"sigma":1.5,"state":"IDLE","t":"2026-07-16T11:27:34.1306915Z","type":"sample"}
{"channel":"gsr","display":3723.3,"mu":0,"quality":"OK","raw":3723.3,"sigma":10,"state":"IDLE","t":"2026-07-16T11:27:34.1645573Z","type":"sample"}
{"channel":"rr","display":56.81818181818182,"mu":0,"quality":"OUT_OF_RANGE","raw":279.7,"sigma":1.5,"state":"IDLE","t":"2026-07-16T11:27:34.1703401Z","type":"sample"}
{"channel":"rr","display":56.81818181818182,"mu":0,"quality":"OUT_OF_RANGE","raw":279.4,"sigma":1.5,"state":"IDLE","t":"2026-07-16T11:27:34.2102127Z","type":"sample"}
{"address":"/cue/g1/start","args":null,"channel":"system","dir":"out","t":"2026-07-16T11:27:34.2310794Z","type":"osc"}
{"channel":"rr","display":56.81818181818182,"mu":0,"quality":"OUT_OF_RANGE","raw":279.6,"sigma":1.5,"state":"IDLE","t":"2026-07-16T11:27:34.2503279Z","type":"sample"}
{"channel":"gsr","display":3726.6,"mu":0,"quality":"OK","raw":3726.6,"sigma":10,"state":"IDLE","t":"2026-07-16T11:27:34.2647545Z","type":"sample"}
{"channel":"rr","display":56.81818181818182,"mu":0,"quality":"OUT_OF_RANGE","raw":279.4,"sigma":1.5,"state":"IDLE","t":"2026-07-16T11:27:34.2904331Z","type":"sample"}
{"channel":"rr","display":56.81818181818182,"mu":0,"quality":"OUT_OF_RANGE","raw":279.6,"sigma":1.5,"state":"IDLE","t":"2026-07-16T11:27:34.3305912Z","type":"sample"}
{"channel":"gsr","display":3726.4,"mu":0,"quality":"OK","raw":3726.4,"sigma":10,"state":"IDLE","t":"2026-07-16T11:27:34.3646694Z","type":"sample"}
{"channel":"rr","display":56.81818181818182,"mu":0,"quality":"OUT_OF_RANGE","raw":280.8,"sigma":1.5,"state":"IDLE","t":"2026-07-16T11:27:34.3702556Z","type":"sample"}
{"channel":"rr","display":56.81818181818182,"mu":0,"quality":"OUT_OF_RANGE","raw":279.5,"sigma":1.5,"state":"IDLE","t":"2026-07-16T11:27:34.4105749Z","type":"sample"}
{"channel":"rr","display":56.81818181818182,"mu":0,"quality":"OUT_OF_RANGE","raw":280.2,"sigma":1.5,"state":"IDLE","t":"2026-07-16T11:27:34.4501541Z","type":"sample"}
{"channel":"gsr","display":3726.2,"mu":0,"quality":"OK","raw":3726.2,"sigma":10,"state":"IDLE","t":"2026-07-16T11:27:34.4645988Z","type":"sample"}
{"channel":"hr","display":0,"mu":0,"quality":"OUT_OF_RANGE","raw":0,"sigma":3,"state":"IDLE","t":"2026-07-16T11:27:34.4656189Z","type":"sample"}
{"channel":"rr","display":56.81818181818182,"mu":0,"quality":"OUT_OF_RANGE","raw":279.5,"sigma":1.5,"state":"IDLE","t":"2026-07-16T11:27:34.4902533Z","type":"sample"}
{"channel":"rr","display":56.81818181818182,"mu":0,"quality":"OUT_OF_RANGE","raw":280.2,"sigma":1.5,"state":"IDLE","t":"2026-07-16T11:27:34.5308549Z","type":"sample"}
{"channel":"gsr","display":3724.2,"mu":0,"quality":"OK","raw":3724.2,"sigma":10,"state":"IDLE","t":"2026-07-16T11:27:34.5646825Z","type":"sample"}
{"channel":"rr","display":56.81818181818182,"mu":0,"quality":"OUT_OF_RANGE","raw":278.8,"sigma":1.5,"state":"IDLE","t":"2026-07-16T11:27:34.5705219Z","type":"sample"}
{"channel":"rr","display":56.81818181818182,"mu":0,"quality":"OUT_OF_RANGE","raw":280.1,"sigma":1.5,"state":"IDLE","t":"2026-07-16T11:27:34.6105665Z","type":"sample"}
{"channel":"rr","display":56.81818181818182,"mu":0,"quality":"OUT_OF_RANGE","raw":280.3,"sigma":1.5,"state":"IDLE","t":"2026-07-16T11:27:34.6506224Z","type":"sample"}
{"channel":"gsr","display":3728.7,"mu":0,"quality":"OK","raw":3728.7,"sigma":10,"state":"IDLE","t":"2026-07-16T11:27:34.6647223Z","type":"sample"}
{"address":"/cue/p/start","args":null,"channel":"system","dir":"out","t":"2026-07-16T11:27:34.6811469Z","type":"osc"}
{"channel":"rr","display":56.81818181818182,"mu":0,"quality":"OUT_OF_RANGE","raw":279.7,"sigma":1.5,"state":"IDLE","t":"2026-07-16T11:27:34.6903054Z","type":"sample"}
{"channel":"rr","display":56.81818181818182,"mu":0,"quality":"OUT_OF_RANGE","raw":279.1,"sigma":1.5,"state":"IDLE","t":"2026-07-16T11:27:34.7305818Z","type":"sample"}
{"channel":"gsr","display":3729.3,"mu":0,"quality":"OK","raw":3729.3,"sigma":10,"state":"IDLE","t":"2026-07-16T11:27:34.7645857Z","type":"sample"}
{"channel":"rr","display":56.81818181818182,"mu":0,"quality":"OUT_OF_RANGE","raw":280.3,"sigma":1.5,"state":"IDLE","t":"2026-07-16T11:27:34.7705781Z","type":"sample"}
{"channel":"rr","display":56.81818181818182,"mu":0,"quality":"OUT_OF_RANGE","raw":279.1,"sigma":1.5,"state":"IDLE","t":"2026-07-16T11:27:34.8107446Z","type":"sample"}
{"channel":"rr","display":56.81818181818182,"mu":0,"quality":"OUT_OF_RANGE","raw":279.2,"sigma":1.5,"state":"IDLE","t":"2026-07-16T11:27:34.8502073Z","type":"sample"}
{"channel":"gsr","display":3733.4,"mu":0,"quality":"OK","raw":3733.4,"sigma":10,"state":"IDLE","t":"2026-07-16T11:27:34.8637035Z","type":"sample"}
{"channel":"rr","display":56.81818181818182,"mu":0,"quality":"OUT_OF_RANGE","raw":279.6,"sigma":1.5,"state":"IDLE","t":"2026-07-16T11:27:34.8902971Z","type":"sample"}
{"channel":"rr","display":57.25190839694657,"mu":0,"quality":"OUT_OF_RANGE","raw":280.1,"sigma":1.5,"state":"IDLE","t":"2026-07-16T11:27:34.9304165Z","type":"sample"}
{"channel":"gsr","display":3729.7,"mu":0,"quality":"OK","raw":3729.7,"sigma":10,"state":"IDLE","t":"2026-07-16T11:27:34.9646959Z","type":"sample"}
{"channel":"hr","display":0,"mu":0,"quality":"OUT_OF_RANGE","raw":0,"sigma":3,"state":"IDLE","t":"2026-07-16T11:27:34.9646959Z","type":"sample"}
{"channel":"rr","display":57.25190839694657,"mu":0,"quality":"OUT_OF_RANGE","raw":278.6,"sigma":1.5,"state":"IDLE","t":"2026-07-16T11:27:34.9708902Z","type":"sample"}
{"channel":"rr","display":57.25190839694657,"mu":0,"quality":"OUT_OF_RANGE","raw":279.3,"sigma":1.5,"state":"IDLE","t":"2026-07-16T11:27:35.0106634Z","type":"sample"}
{"channel":"rr","display":57.25190839694657,"mu":0,"quality":"OUT_OF_RANGE","raw":278.8,"sigma":1.5,"state":"IDLE","t":"2026-07-16T11:27:35.0507069Z","type":"sample"}
{"channel":"gsr","display":3736.1,"mu":0,"quality":"OK","raw":3736.1,"sigma":10,"state":"IDLE","t":"2026-07-16T11:27:35.0647409Z","type":"sample"}
{"channel":"rr","display":57.25190839694657,"mu":0,"quality":"OUT_OF_RANGE","raw":280.1,"sigma":1.5,"state":"IDLE","t":"2026-07-16T11:27:35.0903276Z","type":"sample"}
{"channel":"rr","display":57.25190839694657,"mu":0,"quality":"OUT_OF_RANGE","raw":279.8,"sigma":1.5,"state":"IDLE","t":"2026-07-16T11:27:35.1301022Z","type":"sample"}
{"channel":"gsr","display":3736.9,"mu":0,"quality":"OK","raw":3736.9,"sigma":10,"state":"IDLE","t":"2026-07-16T11:27:35.1648159Z","type":"sample"}
{"channel":"rr","display":57.25190839694657,"mu":0,"quality":"OUT_OF_RANGE","raw":279.9,"sigma":1.5,"state":"IDLE","t":"2026-07-16T11:27:35.1701815Z","type":"sample"}
{"channel":"rr","display":57.25190839694657,"mu":0,"quality":"OUT_OF_RANGE","raw":279.5,"sigma":1.5,"state":"IDLE","t":"2026-07-16T11:27:35.2108056Z","type":"sample"}
{"address":"/cue/g1/start","args":null,"channel":"system","dir":"out","t":"2026-07-16T11:27:35.2409499Z","type":"osc"}
{"channel":"rr","display":57.25190839694657,"mu":0,"quality":"OUT_OF_RANGE","raw":279.2,"sigma":1.5,"state":"IDLE","t":"2026-07-16T11:27:35.2505726Z","type":"sample"}
{"channel":"gsr","display":3739.8,"mu":0,"quality":"OK","raw":3739.8,"sigma":10,"state":"IDLE","t":"2026-07-16T11:27:35.2645734Z","type":"sample"}
{"channel":"rr","display":57.25190839694657,"mu":0,"quality":"OUT_OF_RANGE","raw":279.1,"sigma":1.5,"state":"IDLE","t":"2026-07-16T11:27:35.2906772Z","type":"sample"}
{"channel":"rr","display":57.25190839694657,"mu":0,"quality":"OUT_OF_RANGE","raw":279.2,"sigma":1.5,"state":"IDLE","t":"2026-07-16T11:27:35.3307672Z","type":"sample"}
{"channel":"gsr","display":3741.6,"mu":0,"quality":"OK","raw":3741.6,"sigma":10,"state":"IDLE","t":"2026-07-16T11:27:35.3646812Z","type":"sample"}
{"channel":"rr","display":57.25190839694657,"mu":0,"quality":"OUT_OF_RANGE","raw":280.3,"sigma":1.5,"state":"IDLE","t":"2026-07-16T11:27:35.3702544Z","type":"sample"}
{"channel":"rr","display":57.25190839694657,"mu":0,"quality":"OUT_OF_RANGE","raw":280.2,"sigma":1.5,"state":"IDLE","t":"2026-07-16T11:27:35.4110024Z","type":"sample"}
{"channel":"rr","display":57.25190839694657,"mu":0,"quality":"OUT_OF_RANGE","raw":280.3,"sigma":1.5,"state":"IDLE","t":"2026-07-16T11:27:35.4503804Z","type":"sample"}
{"channel":"gsr","display":3740.3,"mu":0,"quality":"OK","raw":3740.3,"sigma":10,"state":"IDLE","t":"2026-07-16T11:27:35.464627Z","type":"sample"}
{"channel":"hr","display":0,"mu":0,"quality":"OUT_OF_RANGE","raw":0,"sigma":3,"state":"IDLE","t":"2026-07-16T11:27:35.464627Z","type":"sample"}
{"channel":"rr","display":57.25190839694657,"mu":0,"quality":"OUT_OF_RANGE","raw":280.4,"sigma":1.5,"state":"IDLE","t":"2026-07-16T11:27:35.4900518Z","type":"sample"}
{"channel":"rr","display":57.25190839694657,"mu":0,"quality":"OUT_OF_RANGE","raw":280.2,"sigma":1.5,"state":"IDLE","t":"2026-07-16T11:27:35.5303455Z","type":"sample"}
{"channel":"gsr","display":3745.6,"mu":0,"quality":"OK","raw":3745.6,"sigma":10,"state":"IDLE","t":"2026-07-16T11:27:35.5646014Z","type":"sample"}
{"channel":"rr","display":57.25190839694657,"mu":0,"quality":"OUT_OF_RANGE","raw":280.1,"sigma":1.5,"state":"IDLE","t":"2026-07-16T11:27:35.5703315Z","type":"sample"}
{"channel":"rr","display":57.25190839694657,"mu":0,"quality":"OUT_OF_RANGE","raw":279.4,"sigma":1.5,"state":"IDLE","t":"2026-07-16T11:27:35.6107989Z","type":"sample"}
{"channel":"rr","display":57.25190839694657,"mu":0,"quality":"OUT_OF_RANGE","raw":280,"sigma":1.5,"state":"IDLE","t":"2026-07-16T11:27:35.6506039Z","type":"sample"}
{"channel":"gsr","display":3744.2,"mu":0,"quality":"OK","raw":3744.2,"sigma":10,"state":"IDLE","t":"2026-07-16T11:27:35.6647495Z","type":"sample"}
{"address":"/cue/p/start","args":null,"channel":"system","dir":"out","t":"2026-07-16T11:27:35.6810188Z","type":"osc"}
{"channel":"rr","display":57.25190839694657,"mu":0,"quality":"OUT_OF_RANGE","raw":279,"sigma":1.5,"state":"IDLE","t":"2026-07-16T11:27:35.6905261Z","type":"sample"}
{"channel":"rr","display":57.25190839694657,"mu":0,"quality":"OUT_OF_RANGE","raw":280.1,"sigma":1.5,"state":"IDLE","t":"2026-07-16T11:27:35.7299571Z","type":"sample"}
{"channel":"gsr","display":3747.3,"mu":0,"quality":"OK","raw":3747.3,"sigma":10,"state":"IDLE","t":"2026-07-16T11:27:35.764933Z","type":"sample"}
{"channel":"rr","display":57.25190839694657,"mu":0,"quality":"OUT_OF_RANGE","raw":279.9,"sigma":1.5,"state":"IDLE","t":"2026-07-16T11:27:35.7702844Z","type":"sample"}
{"channel":"rr","display":57.25190839694657,"mu":0,"quality":"OUT_OF_RANGE","raw":279.8,"sigma":1.5,"state":"IDLE","t":"2026-07-16T11:27:35.8102082Z","type":"sample"}
{"channel":"rr","display":57.25190839694657,"mu":0,"quality":"OUT_OF_RANGE","raw":278.7,"sigma":1.5,"state":"IDLE","t":"2026-07-16T11:27:35.8512015Z","type":"sample"}
{"channel":"gsr","display":3747.6,"mu":0,"quality":"OK","raw":3747.6,"sigma":10,"state":"IDLE","t":"2026-07-16T11:27:35.8649836Z","type":"sample"}
{"channel":"rr","display":57.25190839694657,"mu":0,"quality":"OUT_OF_RANGE","raw":279.5,"sigma":1.5,"state":"IDLE","t":"2026-07-16T11:27:35.890829Z","type":"sample"}
{"channel":"rr","display":57.69230769230769,"mu":0,"quality":"OUT_OF_RANGE","raw":280.1,"sigma":1.5,"state":"IDLE","t":"2026-07-16T11:27:35.9301924Z","type":"sample"}
{"channel":"gsr","display":3756.3,"mu":0,"quality":"OK","raw":3756.3,"sigma":10,"state":"IDLE","t":"2026-07-16T11:27:35.9647004Z","type":"sample"}
{"channel":"hr","display":0,"mu":0,"quality":"OUT_OF_RANGE","raw":0,"sigma":3,"state":"IDLE","t":"2026-07-16T11:27:35.9652628Z","type":"sample"}
{"channel":"rr","display":57.69230769230769,"mu":0,"quality":"OUT_OF_RANGE","raw":279.5,"sigma":1.5,"state":"IDLE","t":"2026-07-16T11:27:35.9705281Z","type":"sample"}
{"channel":"rr","display":57.69230769230769,"mu":0,"quality":"OUT_OF_RANGE","raw":280.1,"sigma":1.5,"state":"IDLE","t":"2026-07-16T11:27:36.0103749Z","type":"sample"}
{"channel":"rr","display":57.69230769230769,"mu":0,"quality":"OUT_OF_RANGE","raw":279.2,"sigma":1.5,"state":"IDLE","t":"2026-07-16T11:27:36.0502328Z","type":"sample"}
{"channel":"gsr","display":3755.5,"mu":0,"quality":"OK","raw":3755.5,"sigma":10,"state":"IDLE","t":"2026-07-16T11:27:36.0648477Z","type":"sample"}
{"channel":"rr","display":57.69230769230769,"mu":0,"quality":"OUT_OF_RANGE","raw":279.9,"sigma":1.5,"state":"IDLE","t":"2026-07-16T11:27:36.0905775Z","type":"sample"}
{"channel":"rr","display":57.69230769230769,"mu":0,"quality":"OUT_OF_RANGE","raw":279.2,"sigma":1.5,"state":"IDLE","t":"2026-07-16T11:27:36.1302687Z","type":"sample"}
{"channel":"gsr","display":3754.4,"mu":0,"quality":"OK","raw":3754.4,"sigma":10,"state":"IDLE","t":"2026-07-16T11:27:36.164599Z","type":"sample"}
{"channel":"rr","display":57.69230769230769,"mu":0,"quality":"OUT_OF_RANGE","raw":280.1,"sigma":1.5,"state":"IDLE","t":"2026-07-16T11:27:36.1706979Z","type":"sample"}
{"channel":"rr","display":57.69230769230769,"mu":0,"quality":"OUT_OF_RANGE","raw":279.7,"sigma":1.5,"state":"IDLE","t":"2026-07-16T11:27:36.2102219Z","type":"sample"}
{"address":"/cue/g1/start","args":null,"channel":"system","dir":"out","t":"2026-07-16T11:27:36.2460069Z","type":"osc"}
{"channel":"rr","display":57.69230769230769,"mu":0,"quality":"OUT_OF_RANGE","raw":280,"sigma":1.5,"state":"IDLE","t":"2026-07-16T11:27:36.2505835Z","type":"sample"}
{"channel":"gsr","display":3760.3,"mu":0,"quality":"OK","raw":3760.3,"sigma":10,"state":"IDLE","t":"2026-07-16T11:27:36.2629467Z","type":"sample"}
{"channel":"rr","display":57.69230769230769,"mu":0,"quality":"OUT_OF_RANGE","raw":280.2,"sigma":1.5,"state":"IDLE","t":"2026-07-16T11:27:36.290411Z","type":"sample"}
{"channel":"rr","display":57.69230769230769,"mu":0,"quality":"OUT_OF_RANGE","raw":280.2,"sigma":1.5,"state":"IDLE","t":"2026-07-16T11:27:36.3305021Z","type":"sample"}
{"channel":"gsr","display":3761,"mu":0,"quality":"OK","raw":3761,"sigma":10,"state":"IDLE","t":"2026-07-16T11:27:36.3646863Z","type":"sample"}
{"channel":"rr","display":57.69230769230769,"mu":0,"quality":"OUT_OF_RANGE","raw":279.8,"sigma":1.5,"state":"IDLE","t":"2026-07-16T11:27:36.3703102Z","type":"sample"}
{"channel":"rr","display":57.69230769230769,"mu":0,"quality":"OUT_OF_RANGE","raw":279.6,"sigma":1.5,"state":"IDLE","t":"2026-07-16T11:27:36.4106841Z","type":"sample"}
{"channel":"rr","display":57.69230769230769,"mu":0,"quality":"OUT_OF_RANGE","raw":279.8,"sigma":1.5,"state":"IDLE","t":"2026-07-16T11:27:36.4507066Z","type":"sample"}
{"channel":"gsr","display":3760.4,"mu":0,"quality":"OK","raw":3760.4,"sigma":10,"state":"IDLE","t":"2026-07-16T11:27:36.4646831Z","type":"sample"}
{"channel":"hr","display":0,"mu":0,"quality":"OUT_OF_RANGE","raw":0,"sigma":3,"state":"IDLE","t":"2026-07-16T11:27:36.4646831Z","type":"sample"}
{"channel":"rr","display":57.69230769230769,"mu":0,"quality":"OUT_OF_RANGE","raw":279.6,"sigma":1.5,"state":"IDLE","t":"2026-07-16T11:27:36.4903699Z","type":"sample"}
{"channel":"rr","display":57.69230769230769,"mu":0,"quality":"OUT_OF_RANGE","raw":279,"sigma":1.5,"state":"IDLE","t":"2026-07-16T11:27:36.5302584Z","type":"sample"}
{"channel":"gsr","display":3766.5,"mu":0,"quality":"OK","raw":3766.5,"sigma":10,"state":"IDLE","t":"2026-07-16T11:27:36.5602649Z","type":"sample"}
{"channel":"rr","display":57.69230769230769,"mu":0,"quality":"OUT_OF_RANGE","raw":279.5,"sigma":1.5,"state":"IDLE","t":"2026-07-16T11:27:36.5706943Z","type":"sample"}
{"channel":"rr","display":57.69230769230769,"mu":0,"quality":"OUT_OF_RANGE","raw":280.1,"sigma":1.5,"state":"IDLE","t":"2026-07-16T11:27:36.6109086Z","type":"sample"}
{"channel":"rr","display":57.69230769230769,"mu":0,"quality":"OUT_OF_RANGE","raw":279.4,"sigma":1.5,"state":"IDLE","t":"2026-07-16T11:27:36.6505903Z","type":"sample"}
{"channel":"gsr","display":3766.3,"mu":0,"quality":"OK","raw":3766.3,"sigma":10,"state":"IDLE","t":"2026-07-16T11:27:36.6619749Z","type":"sample"}
{"address":"/cue/p/start","args":null,"channel":"system","dir":"out","t":"2026-07-16T11:27:36.6809286Z","type":"osc"}
{"channel":"rr","display":57.69230769230769,"mu":0,"quality":"OUT_OF_RANGE","raw":279.8,"sigma":1.5,"state":"IDLE","t":"2026-07-16T11:27:36.6904027Z","type":"sample"}
{"channel":"rr","display":57.69230769230769,"mu":0,"quality":"OUT_OF_RANGE","raw":279.6,"sigma":1.5,"state":"IDLE","t":"2026-07-16T11:27:36.7300087Z","type":"sample"}
{"channel":"gsr","display":3766.4,"mu":0,"quality":"OK","raw":3766.4,"sigma":10,"state":"IDLE","t":"2026-07-16T11:27:36.7646189Z","type":"sample"}
{"channel":"rr","display":57.69230769230769,"mu":0,"quality":"OUT_OF_RANGE","raw":278.6,"sigma":1.5,"state":"IDLE","t":"2026-07-16T11:27:36.7706611Z","type":"sample"}
{"channel":"rr","display":57.69230769230769,"mu":0,"quality":"OUT_OF_RANGE","raw":279.6,"sigma":1.5,"state":"IDLE","t":"2026-07-16T11:27:36.8099425Z","type":"sample"}
{"channel":"rr","display":57.69230769230769,"mu":0,"quality":"OUT_OF_RANGE","raw":279.3,"sigma":1.5,"state":"IDLE","t":"2026-07-16T11:27:36.851128Z","type":"sample"}
{"channel":"gsr","display":3771.3,"mu":0,"quality":"OK","raw":3771.3,"sigma":10,"state":"IDLE","t":"2026-07-16T11:27:36.8645856Z","type":"sample"}
{"channel":"rr","display":57.69230769230769,"mu":0,"quality":"OUT_OF_RANGE","raw":280.8,"sigma":1.5,"state":"IDLE","t":"2026-07-16T11:27:36.8900816Z","type":"sample"}
{"channel":"rr","display":57.69230769230769,"mu":0,"quality":"OUT_OF_RANGE","raw":279.1,"sigma":1.5,"state":"IDLE","t":"2026-07-16T11:27:36.9301635Z","type":"sample"}
{"channel":"gsr","display":3769.4,"mu":0,"quality":"OK","raw":3769.4,"sigma":10,"state":"IDLE","t":"2026-07-16T11:27:36.9634326Z","type":"sample"}
{"channel":"hr","display":0,"mu":0,"quality":"OUT_OF_RANGE","raw":0,"sigma":3,"state":"IDLE","t":"2026-07-16T11:27:36.9654735Z","type":"sample"}
{"channel":"rr","display":57.69230769230769,"mu":0,"quality":"OUT_OF_RANGE","raw":280,"sigma":1.5,"state":"IDLE","t":"2026-07-16T11:27:36.9707799Z","type":"sample"}
{"channel":"rr","display":57.69230769230769,"mu":0,"quality":"OUT_OF_RANGE","raw":279.9,"sigma":1.5,"state":"IDLE","t":"2026-07-16T11:27:37.0099066Z","type":"sample"}
{"channel":"rr","display":57.69230769230769,"mu":0,"quality":"OUT_OF_RANGE","raw":278.9,"sigma":1.5,"state":"IDLE","t":"2026-07-16T11:27:37.0501227Z","type":"sample"}
{"channel":"gsr","display":3772.2,"mu":0,"quality":"OK","raw":3772.2,"sigma":10,"state":"IDLE","t":"2026-07-16T11:27:37.0647439Z","type":"sample"}
{"channel":"rr","display":57.69230769230769,"mu":0,"quality":"OUT_OF_RANGE","raw":279.3,"sigma":1.5,"state":"IDLE","t":"2026-07-16T11:27:37.0901986Z","type":"sample"}
{"channel":"rr","display":57.69230769230769,"mu":0,"quality":"OUT_OF_RANGE","raw":279.3,"sigma":1.5,"state":"IDLE","t":"2026-07-16T11:27:37.1298844Z","type":"sample"}
{"channel":"gsr","display":3775.4,"mu":0,"quality":"OK","raw":3775.4,"sigma":10,"state":"IDLE","t":"2026-07-16T11:27:37.1646713Z","type":"sample"}
{"channel":"rr","display":57.69230769230769,"mu":0,"quality":"OUT_OF_RANGE","raw":280.5,"sigma":1.5,"state":"IDLE","t":"2026-07-16T11:27:37.1706727Z","type":"sample"}
{"channel":"rr","display":57.69230769230769,"mu":0,"quality":"OUT_OF_RANGE","raw":279.8,"sigma":1.5,"state":"IDLE","t":"2026-07-16T11:27:37.2108086Z","type":"sample"}
{"channel":"rr","display":57.69230769230769,"mu":0,"quality":"OUT_OF_RANGE","raw":279.6,"sigma":1.5,"state":"IDLE","t":"2026-07-16T11:27:37.2506776Z","type":"sample"}
{"address":"/cue/g1/start","args":null,"channel":"system","dir":"out","t":"2026-07-16T11:27:37.2506776Z","type":"osc"}
{"channel":"gsr","display":3777.9,"mu":0,"quality":"OK","raw":3777.9,"sigma":10,"state":"IDLE","t":"2026-07-16T11:27:37.2643895Z","type":"sample"}
{"channel":"rr","display":57.69230769230769,"mu":0,"quality":"OUT_OF_RANGE","raw":280.2,"sigma":1.5,"state":"IDLE","t":"2026-07-16T11:27:37.2906339Z","type":"sample"}
{"channel":"rr","display":57.69230769230769,"mu":0,"quality":"OUT_OF_RANGE","raw":279.6,"sigma":1.5,"state":"IDLE","t":"2026-07-16T11:27:37.3300518Z","type":"sample"}
{"channel":"gsr","display":3779.7,"mu":0,"quality":"OK","raw":3779.7,"sigma":10,"state":"IDLE","t":"2026-07-16T11:27:37.3649241Z","type":"sample"}
{"channel":"rr","display":57.69230769230769,"mu":0,"quality":"OUT_OF_RANGE","raw":279.1,"sigma":1.5,"state":"IDLE","t":"2026-07-16T11:27:37.3706194Z","type":"sample"}
{"channel":"rr","display":57.69230769230769,"mu":0,"quality":"OUT_OF_RANGE","raw":279.2,"sigma":1.5,"state":"IDLE","t":"2026-07-16T11:27:37.4101141Z","type":"sample"}
{"channel":"rr","display":57.69230769230769,"mu":0,"quality":"OUT_OF_RANGE","raw":279.8,"sigma":1.5,"state":"IDLE","t":"2026-07-16T11:27:37.4500895Z","type":"sample"}
{"channel":"gsr","display":3776.8,"mu":0,"quality":"OK","raw":3776.8,"sigma":10,"state":"IDLE","t":"2026-07-16T11:27:37.4647546Z","type":"sample"}
{"channel":"hr","display":0,"mu":0,"quality":"OUT_OF_RANGE","raw":0,"sigma":3,"state":"IDLE","t":"2026-07-16T11:27:37.4652805Z","type":"sample"}
{"channel":"rr","display":57.69230769230769,"mu":0,"quality":"OUT_OF_RANGE","raw":279.4,"sigma":1.5,"state":"IDLE","t":"2026-07-16T11:27:37.4900648Z","type":"sample"}
{"channel":"rr","display":57.69230769230769,"mu":0,"quality":"OUT_OF_RANGE","raw":278.2,"sigma":1.5,"state":"IDLE","t":"2026-07-16T11:27:37.5304413Z","type":"sample"}
{"channel":"gsr","display":3777.2,"mu":0,"quality":"OK","raw":3777.2,"sigma":10,"state":"IDLE","t":"2026-07-16T11:27:37.5599879Z","type":"sample"}
{"channel":"rr","display":57.69230769230769,"mu":0,"quality":"OUT_OF_RANGE","raw":279.2,"sigma":1.5,"state":"IDLE","t":"2026-07-16T11:27:37.5707374Z","type":"sample"}
{"channel":"rr","display":57.69230769230769,"mu":0,"quality":"OUT_OF_RANGE","raw":279.6,"sigma":1.5,"state":"IDLE","t":"2026-07-16T11:27:37.6102864Z","type":"sample"}
{"channel":"rr","display":57.69230769230769,"mu":0,"quality":"OUT_OF_RANGE","raw":279.3,"sigma":1.5,"state":"IDLE","t":"2026-07-16T11:27:37.6509045Z","type":"sample"}
{"channel":"gsr","display":3782.8,"mu":0,"quality":"OK","raw":3782.8,"sigma":10,"state":"IDLE","t":"2026-07-16T11:27:37.6645508Z","type":"sample"}
{"address":"/cue/p/start","args":null,"channel":"system","dir":"out","t":"2026-07-16T11:27:37.6810708Z","type":"osc"}
{"channel":"rr","display":57.69230769230769,"mu":0,"quality":"OUT_OF_RANGE","raw":280.2,"sigma":1.5,"state":"IDLE","t":"2026-07-16T11:27:37.6901235Z","type":"sample"}
{"channel":"rr","display":57.69230769230769,"mu":0,"quality":"OUT_OF_RANGE","raw":279.6,"sigma":1.5,"state":"IDLE","t":"2026-07-16T11:27:37.7301638Z","type":"sample"}
{"channel":"gsr","display":3783.9,"mu":0,"quality":"OK","raw":3783.9,"sigma":10,"state":"IDLE","t":"2026-07-16T11:27:37.7646697Z","type":"sample"}
{"channel":"rr","display":57.69230769230769,"mu":0,"quality":"OUT_OF_RANGE","raw":279.4,"sigma":1.5,"state":"IDLE","t":"2026-07-16T11:27:37.7707247Z","type":"sample"}
{"channel":"rr","display":57.69230769230769,"mu":0,"quality":"OUT_OF_RANGE","raw":280.2,"sigma":1.5,"state":"IDLE","t":"2026-07-16T11:27:37.8104906Z","type":"sample"}
{"channel":"rr","display":57.69230769230769,"mu":0,"quality":"OUT_OF_RANGE","raw":280.2,"sigma":1.5,"state":"IDLE","t":"2026-07-16T11:27:37.850748Z","type":"sample"}
{"channel":"gsr","display":3788,"mu":0,"quality":"OK","raw":3788,"sigma":10,"state":"IDLE","t":"2026-07-16T11:27:37.8638696Z","type":"sample"}
{"channel":"rr","display":57.69230769230769,"mu":0,"quality":"OUT_OF_RANGE","raw":279.6,"sigma":1.5,"state":"IDLE","t":"2026-07-16T11:27:37.8903811Z","type":"sample"}
{"channel":"rr","display":57.69230769230769,"mu":0,"quality":"OUT_OF_RANGE","raw":279.5,"sigma":1.5,"state":"IDLE","t":"2026-07-16T11:27:37.9307011Z","type":"sample"}
{"channel":"gsr","display":3786.5,"mu":0,"quality":"OK","raw":3786.5,"sigma":10,"state":"IDLE","t":"2026-07-16T11:27:37.964821Z","type":"sample"}
{"channel":"hr","display":0,"mu":0,"quality":"OUT_OF_RANGE","raw":0,"sigma":3,"state":"IDLE","t":"2026-07-16T11:27:37.9653484Z","type":"sample"}
{"channel":"rr","display":57.69230769230769,"mu":0,"quality":"OUT_OF_RANGE","raw":279.7,"sigma":1.5,"state":"IDLE","t":"2026-07-16T11:27:37.9708191Z","type":"sample"}
{"channel":"rr","display":57.69230769230769,"mu":0,"quality":"OUT_OF_RANGE","raw":278.9,"sigma":1.5,"state":"IDLE","t":"2026-07-16T11:27:38.0100807Z","type":"sample"}
{"channel":"rr","display":57.69230769230769,"mu":0,"quality":"OUT_OF_RANGE","raw":279.2,"sigma":1.5,"state":"IDLE","t":"2026-07-16T11:27:38.0500463Z","type":"sample"}
{"channel":"gsr","display":3786.3,"mu":0,"quality":"OK","raw":3786.3,"sigma":10,"state":"IDLE","t":"2026-07-16T11:27:38.0644663Z","type":"sample"}
{"channel":"rr","display":57.25190839694657,"mu":0,"quality":"OUT_OF_RANGE","raw":279.8,"sigma":1.5,"state":"IDLE","t":"2026-07-16T11:27:38.0900725Z","type":"sample"}
{"channel":"rr","display":57.25190839694657,"mu":0,"quality":"OUT_OF_RANGE","raw":278.8,"sigma":1.5,"state":"IDLE","t":"2026-07-16T11:27:38.1307036Z","type":"sample"}
{"channel":"gsr","display":3787,"mu":0,"quality":"OK","raw":3787,"sigma":10,"state":"IDLE","t":"2026-07-16T11:27:38.1646069Z","type":"sample"}
{"channel":"rr","display":57.25190839694657,"mu":0,"quality":"OUT_OF_RANGE","raw":280.1,"sigma":1.5,"state":"IDLE","t":"2026-07-16T11:27:38.1706202Z","type":"sample"}
{"channel":"rr","display":57.25190839694657,"mu":0,"quality":"OUT_OF_RANGE","raw":279.2,"sigma":1.5,"state":"IDLE","t":"2026-07-16T11:27:38.2104025Z","type":"sample"}
{"channel":"rr","display":57.25190839694657,"mu":0,"quality":"OUT_OF_RANGE","raw":280.1,"sigma":1.5,"state":"IDLE","t":"2026-07-16T11:27:38.2507628Z","type":"sample"}
{"address":"/cue/g1/start","args":null,"channel":"system","dir":"out","t":"2026-07-16T11:27:38.2626772Z","type":"osc"}
{"channel":"gsr","display":3786.2,"mu":0,"quality":"OK","raw":3786.2,"sigma":10,"state":"IDLE","t":"2026-07-16T11:27:38.26441Z","type":"sample"}
{"channel":"rr","display":57.25190839694657,"mu":0,"quality":"OUT_OF_RANGE","raw":279.2,"sigma":1.5,"state":"IDLE","t":"2026-07-16T11:27:38.2901212Z","type":"sample"}
{"channel":"rr","display":57.25190839694657,"mu":0,"quality":"OUT_OF_RANGE","raw":280.1,"sigma":1.5,"state":"IDLE","t":"2026-07-16T11:27:38.3302113Z","type":"sample"}
{"channel":"gsr","display":3788,"mu":0,"quality":"OK","raw":3788,"sigma":10,"state":"IDLE","t":"2026-07-16T11:27:38.3636643Z","type":"sample"}
{"channel":"rr","display":57.25190839694657,"mu":0,"quality":"OUT_OF_RANGE","raw":279.7,"sigma":1.5,"state":"IDLE","t":"2026-07-16T11:27:38.3703823Z","type":"sample"}
{"channel":"rr","display":57.25190839694657,"mu":0,"quality":"OUT_OF_RANGE","raw":280.1,"sigma":1.5,"state":"IDLE","t":"2026-07-16T11:27:38.4103118Z","type":"sample"}
{"channel":"rr","display":57.25190839694657,"mu":0,"quality":"OUT_OF_RANGE","raw":278.9,"sigma":1.5,"state":"IDLE","t":"2026-07-16T11:27:38.4502344Z","type":"sample"}
{"channel":"gsr","display":3789.4,"mu":0,"quality":"OK","raw":3789.4,"sigma":10,"state":"IDLE","t":"2026-07-16T11:27:38.4648759Z","type":"sample"}
{"channel":"hr","display":0,"mu":0,"quality":"OUT_OF_RANGE","raw":0,"sigma":3,"state":"IDLE","t":"2026-07-16T11:27:38.4654254Z","type":"sample"}
{"channel":"rr","display":57.25190839694657,"mu":0,"quality":"OUT_OF_RANGE","raw":279.6,"sigma":1.5,"state":"IDLE","t":"2026-07-16T11:27:38.4907569Z","type":"sample"}
{"channel":"rr","display":57.25190839694657,"mu":0,"quality":"OUT_OF_RANGE","raw":279.2,"sigma":1.5,"state":"IDLE","t":"2026-07-16T11:27:38.5307641Z","type":"sample"}
{"channel":"gsr","display":3796.3,"mu":0,"quality":"OK","raw":3796.3,"sigma":10,"state":"IDLE","t":"2026-07-16T11:27:38.5644575Z","type":"sample"}
{"channel":"rr","display":57.25190839694657,"mu":0,"quality":"OUT_OF_RANGE","raw":278.8,"sigma":1.5,"state":"IDLE","t":"2026-07-16T11:27:38.5703609Z","type":"sample"}
{"channel":"rr","display":57.25190839694657,"mu":0,"quality":"OUT_OF_RANGE","raw":281.1,"sigma":1.5,"state":"IDLE","t":"2026-07-16T11:27:38.6108163Z","type":"sample"}
{"channel":"rr","display":57.25190839694657,"mu":0,"quality":"OUT_OF_RANGE","raw":279.5,"sigma":1.5,"state":"IDLE","t":"2026-07-16T11:27:38.6500155Z","type":"sample"}
{"channel":"gsr","display":3795.3,"mu":0,"quality":"OK","raw":3795.3,"sigma":10,"state":"IDLE","t":"2026-07-16T11:27:38.6646029Z","type":"sample"}
{"address":"/cue/p/start","args":null,"channel":"system","dir":"out","t":"2026-07-16T11:27:38.6814674Z","type":"osc"}
{"channel":"rr","display":57.25190839694657,"mu":0,"quality":"OUT_OF_RANGE","raw":280.4,"sigma":1.5,"state":"IDLE","t":"2026-07-16T11:27:38.6902904Z","type":"sample"}
{"channel":"rr","display":57.25190839694657,"mu":0,"quality":"OUT_OF_RANGE","raw":279.4,"sigma":1.5,"state":"IDLE","t":"2026-07-16T11:27:38.7303436Z","type":"sample"}
{"channel":"gsr","display":3795.4,"mu":0,"quality":"OK","raw":3795.4,"sigma":10,"state":"IDLE","t":"2026-07-16T11:27:38.7648007Z","type":"sample"}
{"channel":"rr","display":57.25190839694657,"mu":0,"quality":"OUT_OF_RANGE","raw":279.6,"sigma":1.5,"state":"IDLE","t":"2026-07-16T11:27:38.7705042Z","type":"sample"}
{"channel":"rr","display":57.25190839694657,"mu":0,"quality":"OUT_OF_RANGE","raw":279.7,"sigma":1.5,"state":"IDLE","t":"2026-07-16T11:27:38.8103669Z","type":"sample"}
{"channel":"rr","display":57.25190839694657,"mu":0,"quality":"OUT_OF_RANGE","raw":279.6,"sigma":1.5,"state":"IDLE","t":"2026-07-16T11:27:38.8506961Z","type":"sample"}
{"channel":"gsr","display":3802,"mu":0,"quality":"OK","raw":3802,"sigma":10,"state":"IDLE","t":"2026-07-16T11:27:38.8645237Z","type":"sample"}
{"channel":"rr","display":57.25190839694657,"mu":0,"quality":"OUT_OF_RANGE","raw":279.7,"sigma":1.5,"state":"IDLE","t":"2026-07-16T11:27:38.8907047Z","type":"sample"}
{"channel":"rr","display":57.25190839694657,"mu":0,"quality":"OUT_OF_RANGE","raw":279.9,"sigma":1.5,"state":"IDLE","t":"2026-07-16T11:27:38.930126Z","type":"sample"}
{"channel":"gsr","display":3800.7,"mu":0,"quality":"OK","raw":3800.7,"sigma":10,"state":"IDLE","t":"2026-07-16T11:27:38.9645103Z","type":"sample"}
{"channel":"hr","display":0,"mu":0,"quality":"OUT_OF_RANGE","raw":0,"sigma":3,"state":"IDLE","t":"2026-07-16T11:27:38.9655336Z","type":"sample"}
{"channel":"rr","display":57.25190839694657,"mu":0,"quality":"OUT_OF_RANGE","raw":279.2,"sigma":1.5,"state":"IDLE","t":"2026-07-16T11:27:38.9703805Z","type":"sample"}
{"channel":"rr","display":57.25190839694657,"mu":0,"quality":"OUT_OF_RANGE","raw":279.9,"sigma":1.5,"state":"IDLE","t":"2026-07-16T11:27:39.010041Z","type":"sample"}
{"channel":"rr","display":57.25190839694657,"mu":0,"quality":"OUT_OF_RANGE","raw":279.1,"sigma":1.5,"state":"IDLE","t":"2026-07-16T11:27:39.0508426Z","type":"sample"}
{"channel":"gsr","display":3800.4,"mu":0,"quality":"OK","raw":3800.4,"sigma":10,"state":"IDLE","t":"2026-07-16T11:27:39.0648665Z","type":"sample"}
{"channel":"rr","display":57.25190839694657,"mu":0,"quality":"OUT_OF_RANGE","raw":279.6,"sigma":1.5,"state":"IDLE","t":"2026-07-16T11:27:39.0905334Z","type":"sample"}
{"channel":"rr","display":57.69230769230769,"mu":0,"quality":"OUT_OF_RANGE","raw":279.9,"sigma":1.5,"state":"IDLE","t":"2026-07-16T11:27:39.1305349Z","type":"sample"}
{"channel":"gsr","display":3802.9,"mu":0,"quality":"OK","raw":3802.9,"sigma":10,"state":"IDLE","t":"2026-07-16T11:27:39.1647376Z","type":"sample"}
{"channel":"rr","display":57.69230769230769,"mu":0,"quality":"OUT_OF_RANGE","raw":279.8,"sigma":1.5,"state":"IDLE","t":"2026-07-16T11:27:39.1703134Z","type":"sample"}
{"channel":"rr","display":57.69230769230769,"mu":0,"quality":"OUT_OF_RANGE","raw":279.3,"sigma":1.5,"state":"IDLE","t":"2026-07-16T11:27:39.2107989Z","type":"sample"}
{"channel":"rr","display":57.69230769230769,"mu":0,"quality":"OUT_OF_RANGE","raw":279.5,"sigma":1.5,"state":"IDLE","t":"2026-07-16T11:27:39.249955Z","type":"sample"}
{"channel":"gsr","display":3805.6,"mu":0,"quality":"OK","raw":3805.6,"sigma":10,"state":"IDLE","t":"2026-07-16T11:27:39.2645604Z","type":"sample"}
{"address":"/cue/g1/start","args":null,"channel":"system","dir":"out","t":"2026-07-16T11:27:39.2768768Z","type":"osc"}
{"channel":"rr","display":57.69230769230769,"mu":0,"quality":"OUT_OF_RANGE","raw":279.9,"sigma":1.5,"state":"IDLE","t":"2026-07-16T11:27:39.2900901Z","type":"sample"}
{"channel":"rr","display":57.69230769230769,"mu":0,"quality":"OUT_OF_RANGE","raw":278.9,"sigma":1.5,"state":"IDLE","t":"2026-07-16T11:27:39.3301989Z","type":"sample"}
{"channel":"gsr","display":3807.3,"mu":0,"quality":"OK","raw":3807.3,"sigma":10,"state":"IDLE","t":"2026-07-16T11:27:39.3638972Z","type":"sample"}
{"channel":"rr","display":57.69230769230769,"mu":0,"quality":"OUT_OF_RANGE","raw":279.6,"sigma":1.5,"state":"IDLE","t":"2026-07-16T11:27:39.3706655Z","type":"sample"}
{"channel":"rr","display":57.69230769230769,"mu":0,"quality":"OUT_OF_RANGE","raw":280.1,"sigma":1.5,"state":"IDLE","t":"2026-07-16T11:27:39.4108215Z","type":"sample"}
{"channel":"rr","display":57.69230769230769,"mu":0,"quality":"OUT_OF_RANGE","raw":279.3,"sigma":1.5,"state":"IDLE","t":"2026-07-16T11:27:39.450766Z","type":"sample"}
{"channel":"gsr","display":3807.3,"mu":0,"quality":"OK","raw":3807.3,"sigma":10,"state":"IDLE","t":"2026-07-16T11:27:39.464723Z","type":"sample"}
{"channel":"hr","display":0,"mu":0,"quality":"OUT_OF_RANGE","raw":0,"sigma":3,"state":"IDLE","t":"2026-07-16T11:27:39.4652551Z","type":"sample"}
{"channel":"rr","display":57.69230769230769,"mu":0,"quality":"OUT_OF_RANGE","raw":279.5,"sigma":1.5,"state":"IDLE","t":"2026-07-16T11:27:39.4908518Z","type":"sample"}
{"channel":"rr","display":57.69230769230769,"mu":0,"quality":"OUT_OF_RANGE","raw":279.6,"sigma":1.5,"state":"IDLE","t":"2026-07-16T11:27:39.5305264Z","type":"sample"}
{"channel":"gsr","display":3809.5,"mu":0,"quality":"OK","raw":3809.5,"sigma":10,"state":"IDLE","t":"2026-07-16T11:27:39.564255Z","type":"sample"}
{"channel":"rr","display":57.69230769230769,"mu":0,"quality":"OUT_OF_RANGE","raw":280.2,"sigma":1.5,"state":"IDLE","t":"2026-07-16T11:27:39.5706798Z","type":"sample"}
{"channel":"rr","display":57.69230769230769,"mu":0,"quality":"OUT_OF_RANGE","raw":279.8,"sigma":1.5,"state":"IDLE","t":"2026-07-16T11:27:39.6101973Z","type":"sample"}
{"channel":"rr","display":57.69230769230769,"mu":0,"quality":"OUT_OF_RANGE","raw":279.8,"sigma":1.5,"state":"IDLE","t":"2026-07-16T11:27:39.6499878Z","type":"sample"}
{"channel":"gsr","display":3807.5,"mu":0,"quality":"OK","raw":3807.5,"sigma":10,"state":"IDLE","t":"2026-07-16T11:27:39.6626139Z","type":"sample"}
{"address":"/cue/p/start","args":null,"channel":"system","dir":"out","t":"2026-07-16T11:27:39.6810985Z","type":"osc"}
{"channel":"rr","display":57.69230769230769,"mu":0,"quality":"OUT_OF_RANGE","raw":279.1,"sigma":1.5,"state":"IDLE","t":"2026-07-16T11:27:39.6904599Z","type":"sample"}
{"channel":"rr","display":57.69230769230769,"mu":0,"quality":"OUT_OF_RANGE","raw":279.3,"sigma":1.5,"state":"IDLE","t":"2026-07-16T11:27:39.7306066Z","type":"sample"}
{"channel":"gsr","display":3807.5,"mu":0,"quality":"OK","raw":3807.5,"sigma":10,"state":"IDLE","t":"2026-07-16T11:27:39.7648625Z","type":"sample"}
{"channel":"rr","display":57.69230769230769,"mu":0,"quality":"OUT_OF_RANGE","raw":280.1,"sigma":1.5,"state":"IDLE","t":"2026-07-16T11:27:39.7704599Z","type":"sample"}
{"channel":"rr","display":57.69230769230769,"mu":0,"quality":"OUT_OF_RANGE","raw":279.9,"sigma":1.5,"state":"IDLE","t":"2026-07-16T11:27:39.8106382Z","type":"sample"}
{"channel":"rr","display":57.69230769230769,"mu":0,"quality":"OUT_OF_RANGE","raw":280.8,"sigma":1.5,"state":"IDLE","t":"2026-07-16T11:27:39.8502461Z","type":"sample"}
{"channel":"gsr","display":3813.9,"mu":0,"quality":"OK","raw":3813.9,"sigma":10,"state":"IDLE","t":"2026-07-16T11:27:39.8648184Z","type":"sample"}
{"channel":"rr","display":57.69230769230769,"mu":0,"quality":"OUT_OF_RANGE","raw":279.9,"sigma":1.5,"state":"IDLE","t":"2026-07-16T11:27:39.8901917Z","type":"sample"}
{"channel":"rr","display":57.69230769230769,"mu":0,"quality":"OUT_OF_RANGE","raw":280.6,"sigma":1.5,"state":"IDLE","t":"2026-07-16T11:27:39.9299249Z","type":"sample"}
{"channel":"gsr","display":3817.6,"mu":0,"quality":"OK","raw":3817.6,"sigma":10,"state":"IDLE","t":"2026-07-16T11:27:39.9648644Z","type":"sample"}
{"channel":"hr","display":0,"mu":0,"quality":"OUT_OF_RANGE","raw":0,"sigma":3,"state":"IDLE","t":"2026-07-16T11:27:39.965386Z","type":"sample"}
{"channel":"rr","display":57.69230769230769,"mu":0,"quality":"OUT_OF_RANGE","raw":279.8,"sigma":1.5,"state":"IDLE","t":"2026-07-16T11:27:39.9706814Z","type":"sample"}
{"channel":"rr","display":57.69230769230769,"mu":0,"quality":"OUT_OF_RANGE","raw":280.1,"sigma":1.5,"state":"IDLE","t":"2026-07-16T11:27:40.0102043Z","type":"sample"}
{"channel":"rr","display":57.69230769230769,"mu":0,"quality":"OUT_OF_RANGE","raw":280.1,"sigma":1.5,"state":"IDLE","t":"2026-07-16T11:27:40.0509871Z","type":"sample"}
{"channel":"gsr","display":3824.4,"mu":0,"quality":"OK","raw":3824.4,"sigma":10,"state":"IDLE","t":"2026-07-16T11:27:40.0601237Z","type":"sample"}
{"channel":"rr","display":57.69230769230769,"mu":0,"quality":"OUT_OF_RANGE","raw":279.4,"sigma":1.5,"state":"IDLE","t":"2026-07-16T11:27:40.0902537Z","type":"sample"}
{"channel":"rr","display":57.69230769230769,"mu":0,"quality":"OUT_OF_RANGE","raw":279.4,"sigma":1.5,"state":"IDLE","t":"2026-07-16T11:27:40.1304842Z","type":"sample"}
{"channel":"gsr","display":3816.3,"mu":0,"quality":"OK","raw":3816.3,"sigma":10,"state":"IDLE","t":"2026-07-16T11:27:40.1624752Z","type":"sample"}
{"channel":"rr","display":57.69230769230769,"mu":0,"quality":"OUT_OF_RANGE","raw":279.3,"sigma":1.5,"state":"IDLE","t":"2026-07-16T11:27:40.1706213Z","type":"sample"}
{"channel":"rr","display":56.81818181818182,"mu":0,"quality":"OUT_OF_RANGE","raw":280.4,"sigma":1.5,"state":"IDLE","t":"2026-07-16T11:27:40.2106253Z","type":"sample"}
{"channel":"rr","display":56.81818181818182,"mu":0,"quality":"OUT_OF_RANGE","raw":279.9,"sigma":1.5,"state":"IDLE","t":"2026-07-16T11:27:40.2503696Z","type":"sample"}
{"channel":"gsr","display":3821.1,"mu":0,"quality":"OK","raw":3821.1,"sigma":10,"state":"IDLE","t":"2026-07-16T11:27:40.2646804Z","type":"sample"}
{"address":"/cue/g1/start","args":null,"channel":"system","dir":"out","t":"2026-07-16T11:27:40.282585Z","type":"osc"}
{"channel":"rr","display":56.81818181818182,"mu":0,"quality":"OUT_OF_RANGE","raw":279.8,"sigma":1.5,"state":"IDLE","t":"2026-07-16T11:27:40.2902355Z","type":"sample"}
{"channel":"rr","display":56.81818181818182,"mu":0,"quality":"OUT_OF_RANGE","raw":278.6,"sigma":1.5,"state":"IDLE","t":"2026-07-16T11:27:40.3300822Z","type":"sample"}
{"channel":"gsr","display":3822.4,"mu":0,"quality":"OK","raw":3822.4,"sigma":10,"state":"IDLE","t":"2026-07-16T11:27:40.3601338Z","type":"sample"}
{"channel":"rr","display":56.81818181818182,"mu":0,"quality":"OUT_OF_RANGE","raw":278.6,"sigma":1.5,"state":"IDLE","t":"2026-07-16T11:27:40.3704081Z","type":"sample"}
{"channel":"rr","display":56.81818181818182,"mu":0,"quality":"OUT_OF_RANGE","raw":279.6,"sigma":1.5,"state":"IDLE","t":"2026-07-16T11:27:40.410632Z","type":"sample"}
{"channel":"rr","display":56.81818181818182,"mu":0,"quality":"OUT_OF_RANGE","raw":280.1,"sigma":1.5,"state":"IDLE","t":"2026-07-16T11:27:40.4507119Z","type":"sample"}
{"channel":"gsr","display":3820,"mu":0,"quality":"OK","raw":3820,"sigma":10,"state":"IDLE","t":"2026-07-16T11:27:40.4625413Z","type":"sample"}
{"channel":"hr","display":0,"mu":0,"quality":"OUT_OF_RANGE","raw":0,"sigma":3,"state":"IDLE","t":"2026-07-16T11:27:40.4651795Z","type":"sample"}
{"channel":"rr","display":56.81818181818182,"mu":0,"quality":"OUT_OF_RANGE","raw":280.2,"sigma":1.5,"state":"IDLE","t":"2026-07-16T11:27:40.4900995Z","type":"sample"}
{"channel":"rr","display":56.81818181818182,"mu":0,"quality":"OUT_OF_RANGE","raw":280.2,"sigma":1.5,"state":"IDLE","t":"2026-07-16T11:27:40.5307759Z","type":"sample"}
{"channel":"gsr","display":3826.4,"mu":0,"quality":"OK","raw":3826.4,"sigma":10,"state":"IDLE","t":"2026-07-16T11:27:40.5634367Z","type":"sample"}
{"channel":"rr","display":56.81818181818182,"mu":0,"quality":"OUT_OF_RANGE","raw":279.9,"sigma":1.5,"state":"IDLE","t":"2026-07-16T11:27:40.5699369Z","type":"sample"}
{"channel":"rr","display":56.81818181818182,"mu":0,"quality":"OUT_OF_RANGE","raw":279.2,"sigma":1.5,"state":"IDLE","t":"2026-07-16T11:27:40.6108865Z","type":"sample"}
{"channel":"rr","display":56.81818181818182,"mu":0,"quality":"OUT_OF_RANGE","raw":279.9,"sigma":1.5,"state":"IDLE","t":"2026-07-16T11:27:40.6500645Z","type":"sample"}
{"channel":"gsr","display":3828.3,"mu":0,"quality":"OK","raw":3828.3,"sigma":10,"state":"IDLE","t":"2026-07-16T11:27:40.6648311Z","type":"sample"}
{"address":"/cue/p/start","args":null,"channel":"system","dir":"out","t":"2026-07-16T11:27:40.6811825Z","type":"osc"}
{"channel":"rr","display":56.81818181818182,"mu":0,"quality":"OUT_OF_RANGE","raw":279.4,"sigma":1.5,"state":"IDLE","t":"2026-07-16T11:27:40.6901085Z","type":"sample"}
{"channel":"rr","display":56.81818181818182,"mu":0,"quality":"OUT_OF_RANGE","raw":280.1,"sigma":1.5,"state":"IDLE","t":"2026-07-16T11:27:40.730666Z","type":"sample"}
{"channel":"gsr","display":3824.2,"mu":0,"quality":"OK","raw":3824.2,"sigma":10,"state":"IDLE","t":"2026-07-16T11:27:40.7649539Z","type":"sample"}
{"channel":"rr","display":56.81818181818182,"mu":0,"quality":"OUT_OF_RANGE","raw":279.4,"sigma":1.5,"state":"IDLE","t":"2026-07-16T11:27:40.7703039Z","type":"sample"}
{"channel":"rr","display":56.81818181818182,"mu":0,"quality":"OUT_OF_RANGE","raw":279.6,"sigma":1.5,"state":"IDLE","t":"2026-07-16T11:27:40.8105533Z","type":"sample"}
{"channel":"rr","display":56.81818181818182,"mu":0,"quality":"OUT_OF_RANGE","raw":278.6,"sigma":1.5,"state":"IDLE","t":"2026-07-16T11:27:40.850088Z","type":"sample"}
{"channel":"gsr","display":3832.6,"mu":0,"quality":"OK","raw":3832.6,"sigma":10,"state":"IDLE","t":"2026-07-16T11:27:40.8647946Z","type":"sample"}
{"channel":"rr","display":56.81818181818182,"mu":0,"quality":"OUT_OF_RANGE","raw":278.9,"sigma":1.5,"state":"IDLE","t":"2026-07-16T11:27:40.8904757Z","type":"sample"}
{"channel":"rr","display":56.81818181818182,"mu":0,"quality":"OUT_OF_RANGE","raw":280.9,"sigma":1.5,"state":"IDLE","t":"2026-07-16T11:27:40.9302957Z","type":"sample"}
{"channel":"gsr","display":3828.2,"mu":0,"quality":"OK","raw":3828.2,"sigma":10,"state":"IDLE","t":"2026-07-16T11:27:40.9634318Z","type":"sample"}
{"channel":"hr","display":0,"mu":0,"quality":"OUT_OF_RANGE","raw":0,"sigma":3,"state":"IDLE","t":"2026-07-16T11:27:40.9654351Z","type":"sample"}
{"channel":"rr","display":56.81818181818182,"mu":0,"quality":"OUT_OF_RANGE","raw":279.2,"sigma":1.5,"state":"IDLE","t":"2026-07-16T11:27:40.970789Z","type":"sample"}
{"channel":"rr","display":56.81818181818182,"mu":0,"quality":"OUT_OF_RANGE","raw":279.4,"sigma":1.5,"state":"IDLE","t":"2026-07-16T11:27:41.0105044Z","type":"sample"}
{"channel":"rr","display":56.81818181818182,"mu":0,"quality":"OUT_OF_RANGE","raw":279.2,"sigma":1.5,"state":"IDLE","t":"2026-07-16T11:27:41.050769Z","type":"sample"}
{"channel":"gsr","display":3834,"mu":0,"quality":"OK","raw":3834,"sigma":10,"state":"IDLE","t":"2026-07-16T11:27:41.0646332Z","type":"sample"}
{"channel":"rr","display":56.81818181818182,"mu":0,"quality":"OUT_OF_RANGE","raw":279.3,"sigma":1.5,"state":"IDLE","t":"2026-07-16T11:27:41.0899954Z","type":"sample"}
{"channel":"rr","display":56.81818181818182,"mu":0,"quality":"OUT_OF_RANGE","raw":279.2,"sigma":1.5,"state":"IDLE","t":"2026-07-16T11:27:41.1304415Z","type":"sample"}
{"channel":"gsr","display":3834.5,"mu":0,"quality":"OK","raw":3834.5,"sigma":10,"state":"IDLE","t":"2026-07-16T11:27:41.1647027Z","type":"sample"}
{"channel":"rr","display":56.81818181818182,"mu":0,"quality":"OUT_OF_RANGE","raw":279.1,"sigma":1.5,"state":"IDLE","t":"2026-07-16T11:27:41.1703633Z","type":"sample"}
{"channel":"rr","display":56.81818181818182,"mu":0,"quality":"OUT_OF_RANGE","raw":280.1,"sigma":1.5,"state":"IDLE","t":"2026-07-16T11:27:41.2103224Z","type":"sample"}
{"channel":"rr","display":56.81818181818182,"mu":0,"quality":"OUT_OF_RANGE","raw":278.8,"sigma":1.5,"state":"IDLE","t":"2026-07-16T11:27:41.2503579Z","type":"sample"}
{"channel":"gsr","display":3837,"mu":0,"quality":"OK","raw":3837,"sigma":10,"state":"IDLE","t":"2026-07-16T11:27:41.2649186Z","type":"sample"}
{"address":"/cue/g1/start","args":null,"channel":"system","dir":"out","t":"2026-07-16T11:27:41.2897879Z","type":"osc"}
{"channel":"rr","display":56.81818181818182,"mu":0,"quality":"OUT_OF_RANGE","raw":280.1,"sigma":1.5,"state":"IDLE","t":"2026-07-16T11:27:41.2903094Z","type":"sample"}
{"channel":"rr","display":56.81818181818182,"mu":0,"quality":"OUT_OF_RANGE","raw":280.4,"sigma":1.5,"state":"IDLE","t":"2026-07-16T11:27:41.3302407Z","type":"sample"}
{"channel":"gsr","display":3839.8,"mu":0,"quality":"OK","raw":3839.8,"sigma":10,"state":"IDLE","t":"2026-07-16T11:27:41.3646195Z","type":"sample"}
{"channel":"rr","display":56.81818181818182,"mu":0,"quality":"OUT_OF_RANGE","raw":280.1,"sigma":1.5,"state":"IDLE","t":"2026-07-16T11:27:41.3707555Z","type":"sample"}
{"channel":"rr","display":56.81818181818182,"mu":0,"quality":"OUT_OF_RANGE","raw":279.1,"sigma":1.5,"state":"IDLE","t":"2026-07-16T11:27:41.4106668Z","type":"sample"}
{"channel":"rr","display":56.81818181818182,"mu":0,"quality":"OUT_OF_RANGE","raw":279.3,"sigma":1.5,"state":"IDLE","t":"2026-07-16T11:27:41.4507364Z","type":"sample"}
{"channel":"gsr","display":3837.5,"mu":0,"quality":"OK","raw":3837.5,"sigma":10,"state":"IDLE","t":"2026-07-16T11:27:41.4646517Z","type":"sample"}
{"channel":"hr","display":0,"mu":0,"quality":"OUT_OF_RANGE","raw":0,"sigma":3,"state":"IDLE","t":"2026-07-16T11:27:41.4654225Z","type":"sample"}
{"channel":"rr","display":56.81818181818182,"mu":0,"quality":"OUT_OF_RANGE","raw":279.6,"sigma":1.5,"state":"IDLE","t":"2026-07-16T11:27:41.4900726Z","type":"sample"}
{"channel":"rr","display":56.81818181818182,"mu":0,"quality":"OUT_OF_RANGE","raw":279.8,"sigma":1.5,"state":"IDLE","t":"2026-07-16T11:27:41.5303035Z","type":"sample"}
{"channel":"gsr","display":3843.5,"mu":0,"quality":"OK","raw":3843.5,"sigma":10,"state":"IDLE","t":"2026-07-16T11:27:41.5645997Z","type":"sample"}
{"channel":"rr","display":56.81818181818182,"mu":0,"quality":"OUT_OF_RANGE","raw":280.1,"sigma":1.5,"state":"IDLE","t":"2026-07-16T11:27:41.57038Z","type":"sample"}
{"channel":"rr","display":56.81818181818182,"mu":0,"quality":"OUT_OF_RANGE","raw":279.7,"sigma":1.5,"state":"IDLE","t":"2026-07-16T11:27:41.6108591Z","type":"sample"}
{"channel":"rr","display":56.81818181818182,"mu":0,"quality":"OUT_OF_RANGE","raw":280.4,"sigma":1.5,"state":"IDLE","t":"2026-07-16T11:27:41.6502315Z","type":"sample"}
{"channel":"gsr","display":3846.2,"mu":0,"quality":"OK","raw":3846.2,"sigma":10,"state":"IDLE","t":"2026-07-16T11:27:41.6647354Z","type":"sample"}
{"address":"/cue/p/start","args":null,"channel":"system","dir":"out","t":"2026-07-16T11:27:41.6899341Z","type":"osc"}
{"channel":"rr","display":56.81818181818182,"mu":0,"quality":"OUT_OF_RANGE","raw":280.9,"sigma":1.5,"state":"IDLE","t":"2026-07-16T11:27:41.6911231Z","type":"sample"}
{"channel":"rr","display":56.81818181818182,"mu":0,"quality":"OUT_OF_RANGE","raw":279.4,"sigma":1.5,"state":"IDLE","t":"2026-07-16T11:27:41.7303458Z","type":"sample"}
{"channel":"gsr","display":3844.6,"mu":0,"quality":"OK","raw":3844.6,"sigma":10,"state":"IDLE","t":"2026-07-16T11:27:41.7649094Z","type":"sample"}
{"channel":"rr","display":56.81818181818182,"mu":0,"quality":"OUT_OF_RANGE","raw":279,"sigma":1.5,"state":"IDLE","t":"2026-07-16T11:27:41.7702403Z","type":"sample"}
{"channel":"rr","display":56.81818181818182,"mu":0,"quality":"OUT_OF_RANGE","raw":279.9,"sigma":1.5,"state":"IDLE","t":"2026-07-16T11:27:41.8104633Z","type":"sample"}
{"channel":"rr","display":56.81818181818182,"mu":0,"quality":"OUT_OF_RANGE","raw":279.4,"sigma":1.5,"state":"IDLE","t":"2026-07-16T11:27:41.8499736Z","type":"sample"}
{"channel":"gsr","display":3851.6,"mu":0,"quality":"OK","raw":3851.6,"sigma":10,"state":"IDLE","t":"2026-07-16T11:27:41.8648382Z","type":"sample"}
{"channel":"rr","display":56.81818181818182,"mu":0,"quality":"OUT_OF_RANGE","raw":279.9,"sigma":1.5,"state":"IDLE","t":"2026-07-16T11:27:41.8901853Z","type":"sample"}
{"channel":"rr","display":56.81818181818182,"mu":0,"quality":"OUT_OF_RANGE","raw":279.6,"sigma":1.5,"state":"IDLE","t":"2026-07-16T11:27:41.9303748Z","type":"sample"}
{"channel":"gsr","display":3847.2,"mu":0,"quality":"OK","raw":3847.2,"sigma":10,"state":"IDLE","t":"2026-07-16T11:27:41.9648923Z","type":"sample"}
{"channel":"hr","display":0,"mu":0,"quality":"OUT_OF_RANGE","raw":0,"sigma":3,"state":"IDLE","t":"2026-07-16T11:27:41.9654187Z","type":"sample"}
{"channel":"rr","display":56.81818181818182,"mu":0,"quality":"OUT_OF_RANGE","raw":279.4,"sigma":1.5,"state":"IDLE","t":"2026-07-16T11:27:41.9703754Z","type":"sample"}
{"channel":"rr","display":56.81818181818182,"mu":0,"quality":"OUT_OF_RANGE","raw":279.5,"sigma":1.5,"state":"IDLE","t":"2026-07-16T11:27:42.0102895Z","type":"sample"}
{"channel":"rr","display":56.81818181818182,"mu":0,"quality":"OUT_OF_RANGE","raw":279,"sigma":1.5,"state":"IDLE","t":"2026-07-16T11:27:42.050205Z","type":"sample"}
{"channel":"gsr","display":3853,"mu":0,"quality":"OK","raw":3853,"sigma":10,"state":"IDLE","t":"2026-07-16T11:27:42.0648466Z","type":"sample"}
{"channel":"rr","display":56.81818181818182,"mu":0,"quality":"OUT_OF_RANGE","raw":279.9,"sigma":1.5,"state":"IDLE","t":"2026-07-16T11:27:42.0901122Z","type":"sample"}
{"channel":"rr","display":56.81818181818182,"mu":0,"quality":"OUT_OF_RANGE","raw":279.8,"sigma":1.5,"state":"IDLE","t":"2026-07-16T11:27:42.1300105Z","type":"sample"}
{"channel":"gsr","display":3851.9,"mu":0,"quality":"OK","raw":3851.9,"sigma":10,"state":"IDLE","t":"2026-07-16T11:27:42.1646116Z","type":"sample"}
{"channel":"rr","display":56.81818181818182,"mu":0,"quality":"OUT_OF_RANGE","raw":279.7,"sigma":1.5,"state":"IDLE","t":"2026-07-16T11:27:42.1715028Z","type":"sample"}
{"channel":"rr","display":56.81818181818182,"mu":0,"quality":"OUT_OF_RANGE","raw":279,"sigma":1.5,"state":"IDLE","t":"2026-07-16T11:27:42.2102926Z","type":"sample"}
{"channel":"rr","display":56.81818181818182,"mu":0,"quality":"OUT_OF_RANGE","raw":280.2,"sigma":1.5,"state":"IDLE","t":"2026-07-16T11:27:42.2501717Z","type":"sample"}
{"channel":"gsr","display":3854.5,"mu":0,"quality":"OK","raw":3854.5,"sigma":10,"state":"IDLE","t":"2026-07-16T11:27:42.2612355Z","type":"sample"}
{"channel":"rr","display":56.81818181818182,"mu":0,"quality":"OUT_OF_RANGE","raw":279.6,"sigma":1.5,"state":"IDLE","t":"2026-07-16T11:27:42.2906932Z","type":"sample"}
{"address":"/cue/g1/start","args":null,"channel":"system","dir":"out","t":"2026-07-16T11:27:42.3196912Z","type":"osc"}
{"channel":"rr","display":56.81818181818182,"mu":0,"quality":"OUT_OF_RANGE","raw":278.2,"sigma":1.5,"state":"IDLE","t":"2026-07-16T11:27:42.3303473Z","type":"sample"}
{"channel":"gsr","display":3854.4,"mu":0,"quality":"OK","raw":3854.4,"sigma":10,"state":"IDLE","t":"2026-07-16T11:27:42.3647983Z","type":"sample"}
{"channel":"rr","display":56.81818181818182,"mu":0,"quality":"OUT_OF_RANGE","raw":279.7,"sigma":1.5,"state":"IDLE","t":"2026-07-16T11:27:42.3701452Z","type":"sample"}
{"channel":"rr","display":56.81818181818182,"mu":0,"quality":"OUT_OF_RANGE","raw":280.1,"sigma":1.5,"state":"IDLE","t":"2026-07-16T11:27:42.4102738Z","type":"sample"}
{"channel":"rr","display":56.81818181818182,"mu":0,"quality":"OUT_OF_RANGE","raw":280.7,"sigma":1.5,"state":"IDLE","t":"2026-07-16T11:27:42.449956Z","type":"sample"}
{"channel":"gsr","display":3859.8,"mu":0,"quality":"OK","raw":3859.8,"sigma":10,"state":"IDLE","t":"2026-07-16T11:27:42.4648164Z","type":"sample"}
{"channel":"hr","display":0,"mu":0,"quality":"OUT_OF_RANGE","raw":0,"sigma":3,"state":"IDLE","t":"2026-07-16T11:27:42.4648164Z","type":"sample"}
{"channel":"rr","display":56.81818181818182,"mu":0,"quality":"OUT_OF_RANGE","raw":279.1,"sigma":1.5,"state":"IDLE","t":"2026-07-16T11:27:42.4899295Z","type":"sample"}
{"channel":"rr","display":56.81818181818182,"mu":0,"quality":"OUT_OF_RANGE","raw":279.1,"sigma":1.5,"state":"IDLE","t":"2026-07-16T11:27:42.5302288Z","type":"sample"}
{"channel":"gsr","display":3857.1,"mu":0,"quality":"OK","raw":3857.1,"sigma":10,"state":"IDLE","t":"2026-07-16T11:27:42.5647132Z","type":"sample"}
{"channel":"rr","display":56.81818181818182,"mu":0,"quality":"OUT_OF_RANGE","raw":279.7,"sigma":1.5,"state":"IDLE","t":"2026-07-16T11:27:42.5704207Z","type":"sample"}
{"channel":"rr","display":56.81818181818182,"mu":0,"quality":"OUT_OF_RANGE","raw":279.8,"sigma":1.5,"state":"IDLE","t":"2026-07-16T11:27:42.6104797Z","type":"sample"}
{"channel":"rr","display":56.81818181818182,"mu":0,"quality":"OUT_OF_RANGE","raw":280.2,"sigma":1.5,"state":"IDLE","t":"2026-07-16T11:27:42.6505829Z","type":"sample"}
{"channel":"gsr","display":3862.9,"mu":0,"quality":"OK","raw":3862.9,"sigma":10,"state":"IDLE","t":"2026-07-16T11:27:42.6645368Z","type":"sample"}
{"address":"/cue/p/start","args":null,"channel":"system","dir":"out","t":"2026-07-16T11:27:42.6809302Z","type":"osc"}
{"channel":"rr","display":56.81818181818182,"mu":0,"quality":"OUT_OF_RANGE","raw":279.5,"sigma":1.5,"state":"IDLE","t":"2026-07-16T11:27:42.6899064Z","type":"sample"}
{"channel":"rr","display":56.81818181818182,"mu":0,"quality":"OUT_OF_RANGE","raw":280,"sigma":1.5,"state":"IDLE","t":"2026-07-16T11:27:42.7307743Z","type":"sample"}
{"channel":"gsr","display":3861.6,"mu":0,"quality":"OK","raw":3861.6,"sigma":10,"state":"IDLE","t":"2026-07-16T11:27:42.7615012Z","type":"sample"}
{"channel":"rr","display":56.81818181818182,"mu":0,"quality":"OUT_OF_RANGE","raw":279.6,"sigma":1.5,"state":"IDLE","t":"2026-07-16T11:27:42.7693036Z","type":"sample"}
{"channel":"rr","display":56.81818181818182,"mu":0,"quality":"OUT_OF_RANGE","raw":279.2,"sigma":1.5,"state":"IDLE","t":"2026-07-16T11:27:42.8101623Z","type":"sample"}
{"channel":"rr","display":56.81818181818182,"mu":0,"quality":"OUT_OF_RANGE","raw":278.8,"sigma":1.5,"state":"IDLE","t":"2026-07-16T11:27:42.8507068Z","type":"sample"}
{"channel":"gsr","display":3865.4,"mu":0,"quality":"OK","raw":3865.4,"sigma":10,"state":"IDLE","t":"2026-07-16T11:27:42.8638197Z","type":"sample"}
{"channel":"rr","display":56.81818181818182,"mu":0,"quality":"OUT_OF_RANGE","raw":278.8,"sigma":1.5,"state":"IDLE","t":"2026-07-16T11:27:42.8903137Z","type":"sample"}
{"channel":"rr","display":56.81818181818182,"mu":0,"quality":"OUT_OF_RANGE","raw":279.1,"sigma":1.5,"state":"IDLE","t":"2026-07-16T11:27:42.9306655Z","type":"sample"}
{"channel":"gsr","display":3864.1,"mu":0,"quality":"OK","raw":3864.1,"sigma":10,"state":"IDLE","t":"2026-07-16T11:27:42.9648266Z","type":"sample"}
{"channel":"hr","display":0,"mu":0,"quality":"OUT_OF_RANGE","raw":0,"sigma":3,"state":"IDLE","t":"2026-07-16T11:27:42.9653458Z","type":"sample"}
{"channel":"rr","display":56.81818181818182,"mu":0,"quality":"OUT_OF_RANGE","raw":279.8,"sigma":1.5,"state":"IDLE","t":"2026-07-16T11:27:42.9708545Z","type":"sample"}
{"channel":"rr","display":56.81818181818182,"mu":0,"quality":"OUT_OF_RANGE","raw":279.3,"sigma":1.5,"state":"IDLE","t":"2026-07-16T11:27:43.0103396Z","type":"sample"}
{"channel":"rr","display":56.81818181818182,"mu":0,"quality":"OUT_OF_RANGE","raw":280.6,"sigma":1.5,"state":"IDLE","t":"2026-07-16T11:27:43.0507545Z","type":"sample"}
{"channel":"gsr","display":3871.2,"mu":0,"quality":"OK","raw":3871.2,"sigma":10,"state":"IDLE","t":"2026-07-16T11:27:43.062973Z","type":"sample"}
{"channel":"rr","display":56.81818181818182,"mu":0,"quality":"OUT_OF_RANGE","raw":280.2,"sigma":1.5,"state":"IDLE","t":"2026-07-16T11:27:43.08999Z","type":"sample"}
{"channel":"rr","display":56.81818181818182,"mu":0,"quality":"OUT_OF_RANGE","raw":279.4,"sigma":1.5,"state":"IDLE","t":"2026-07-16T11:27:43.1303971Z","type":"sample"}
{"channel":"gsr","display":3871.2,"mu":0,"quality":"OK","raw":3871.2,"sigma":10,"state":"IDLE","t":"2026-07-16T11:27:43.1647366Z","type":"sample"}
{"channel":"rr","display":56.81818181818182,"mu":0,"quality":"OUT_OF_RANGE","raw":279.8,"sigma":1.5,"state":"IDLE","t":"2026-07-16T11:27:43.1705906Z","type":"sample"}
{"channel":"rr","display":56.81818181818182,"mu":0,"quality":"OUT_OF_RANGE","raw":279.5,"sigma":1.5,"state":"IDLE","t":"2026-07-16T11:27:43.2107195Z","type":"sample"}
{"channel":"rr","display":56.81818181818182,"mu":0,"quality":"OUT_OF_RANGE","raw":279.6,"sigma":1.5,"state":"IDLE","t":"2026-07-16T11:27:43.250438Z","type":"sample"}
{"channel":"gsr","display":3871.6,"mu":0,"quality":"OK","raw":3871.6,"sigma":10,"state":"IDLE","t":"2026-07-16T11:27:43.2648761Z","type":"sample"}
{"channel":"rr","display":56.81818181818182,"mu":0,"quality":"OUT_OF_RANGE","raw":279.2,"sigma":1.5,"state":"IDLE","t":"2026-07-16T11:27:43.2905119Z","type":"sample"}
{"address":"/cue/g1/start","args":null,"channel":"system","dir":"out","t":"2026-07-16T11:27:43.3275512Z","type":"osc"}
{"channel":"rr","display":56.81818181818182,"mu":0,"quality":"OUT_OF_RANGE","raw":279.1,"sigma":1.5,"state":"IDLE","t":"2026-07-16T11:27:43.3304155Z","type":"sample"}
{"channel":"gsr","display":3875.3,"mu":0,"quality":"OK","raw":3875.3,"sigma":10,"state":"IDLE","t":"2026-07-16T11:27:43.3620025Z","type":"sample"}
{"channel":"rr","display":56.81818181818182,"mu":0,"quality":"OUT_OF_RANGE","raw":279.2,"sigma":1.5,"state":"IDLE","t":"2026-07-16T11:27:43.3720002Z","type":"sample"}
{"channel":"rr","display":56.390977443609025,"mu":0,"quality":"OUT_OF_RANGE","raw":280.1,"sigma":1.5,"state":"IDLE","t":"2026-07-16T11:27:43.4103163Z","type":"sample"}
{"channel":"rr","display":56.390977443609025,"mu":0,"quality":"OUT_OF_RANGE","raw":279.1,"sigma":1.5,"state":"IDLE","t":"2026-07-16T11:27:43.4501432Z","type":"sample"}
{"channel":"gsr","display":3877.4,"mu":0,"quality":"OK","raw":3877.4,"sigma":10,"state":"IDLE","t":"2026-07-16T11:27:43.4644564Z","type":"sample"}
{"channel":"hr","display":0,"mu":0,"quality":"OUT_OF_RANGE","raw":0,"sigma":3,"state":"IDLE","t":"2026-07-16T11:27:43.4644564Z","type":"sample"}
{"channel":"rr","display":56.390977443609025,"mu":0,"quality":"OUT_OF_RANGE","raw":279.7,"sigma":1.5,"state":"IDLE","t":"2026-07-16T11:27:43.4901394Z","type":"sample"}
{"channel":"rr","display":56.390977443609025,"mu":0,"quality":"OUT_OF_RANGE","raw":279.8,"sigma":1.5,"state":"IDLE","t":"2026-07-16T11:27:43.5300197Z","type":"sample"}
{"channel":"gsr","display":3876.9,"mu":0,"quality":"OK","raw":3876.9,"sigma":10,"state":"IDLE","t":"2026-07-16T11:27:43.5620053Z","type":"sample"}
{"channel":"rr","display":56.390977443609025,"mu":0,"quality":"OUT_OF_RANGE","raw":279.9,"sigma":1.5,"state":"IDLE","t":"2026-07-16T11:27:43.5703653Z","type":"sample"}
{"channel":"rr","display":56.390977443609025,"mu":0,"quality":"OUT_OF_RANGE","raw":279.2,"sigma":1.5,"state":"IDLE","t":"2026-07-16T11:27:43.6108374Z","type":"sample"}
{"channel":"rr","display":56.390977443609025,"mu":0,"quality":"OUT_OF_RANGE","raw":279.2,"sigma":1.5,"state":"IDLE","t":"2026-07-16T11:27:43.6507944Z","type":"sample"}
{"channel":"gsr","display":3878.7,"mu":0,"quality":"OK","raw":3878.7,"sigma":10,"state":"IDLE","t":"2026-07-16T11:27:43.664609Z","type":"sample"}
{"address":"/cue/p/start","args":null,"channel":"system","dir":"out","t":"2026-07-16T11:27:43.6807879Z","type":"osc"}
{"channel":"rr","display":56.390977443609025,"mu":0,"quality":"OUT_OF_RANGE","raw":279.1,"sigma":1.5,"state":"IDLE","t":"2026-07-16T11:27:43.6902795Z","type":"sample"}
{"channel":"rr","display":56.390977443609025,"mu":0,"quality":"OUT_OF_RANGE","raw":280.1,"sigma":1.5,"state":"IDLE","t":"2026-07-16T11:27:43.7252534Z","type":"sample"}
{"channel":"gsr","display":3882.6,"mu":0,"quality":"OK","raw":3882.6,"sigma":10,"state":"IDLE","t":"2026-07-16T11:27:43.7608283Z","type":"sample"}
{"channel":"rr","display":56.390977443609025,"mu":0,"quality":"OUT_OF_RANGE","raw":279.8,"sigma":1.5,"state":"IDLE","t":"2026-07-16T11:27:43.7711662Z","type":"sample"}
{"channel":"rr","display":56.390977443609025,"mu":0,"quality":"OUT_OF_RANGE","raw":279.8,"sigma":1.5,"state":"IDLE","t":"2026-07-16T11:27:43.8099873Z","type":"sample"}
{"channel":"rr","display":56.390977443609025,"mu":0,"quality":"OUT_OF_RANGE","raw":280.1,"sigma":1.5,"state":"IDLE","t":"2026-07-16T11:27:43.8500672Z","type":"sample"}
{"channel":"gsr","display":3881.2,"mu":0,"quality":"OK","raw":3881.2,"sigma":10,"state":"IDLE","t":"2026-07-16T11:27:43.864882Z","type":"sample"}
{"channel":"rr","display":56.390977443609025,"mu":0,"quality":"OUT_OF_RANGE","raw":279.5,"sigma":1.5,"state":"IDLE","t":"2026-07-16T11:27:43.890309Z","type":"sample"}
{"channel":"rr","display":56.390977443609025,"mu":0,"quality":"OUT_OF_RANGE","raw":279.5,"sigma":1.5,"state":"IDLE","t":"2026-07-16T11:27:43.9303967Z","type":"sample"}
{"channel":"gsr","display":3887.2,"mu":0,"quality":"OK","raw":3887.2,"sigma":10,"state":"IDLE","t":"2026-07-16T11:27:43.9648302Z","type":"sample"}
{"channel":"hr","display":0,"mu":0,"quality":"OUT_OF_RANGE","raw":0,"sigma":3,"state":"IDLE","t":"2026-07-16T11:27:43.9653755Z","type":"sample"}
{"channel":"rr","display":56.390977443609025,"mu":0,"quality":"OUT_OF_RANGE","raw":279.4,"sigma":1.5,"state":"IDLE","t":"2026-07-16T11:27:43.9702555Z","type":"sample"}
{"channel":"rr","display":56.390977443609025,"mu":0,"quality":"OUT_OF_RANGE","raw":279.2,"sigma":1.5,"state":"IDLE","t":"2026-07-16T11:27:44.0103813Z","type":"sample"}
{"channel":"rr","display":56.390977443609025,"mu":0,"quality":"OUT_OF_RANGE","raw":280.6,"sigma":1.5,"state":"IDLE","t":"2026-07-16T11:27:44.0503072Z","type":"sample"}
{"channel":"gsr","display":3888.2,"mu":0,"quality":"OK","raw":3888.2,"sigma":10,"state":"IDLE","t":"2026-07-16T11:27:44.0645446Z","type":"sample"}
{"channel":"rr","display":56.390977443609025,"mu":0,"quality":"OUT_OF_RANGE","raw":279.9,"sigma":1.5,"state":"IDLE","t":"2026-07-16T11:27:44.0902599Z","type":"sample"}
{"channel":"rr","display":56.390977443609025,"mu":0,"quality":"OUT_OF_RANGE","raw":279.5,"sigma":1.5,"state":"IDLE","t":"2026-07-16T11:27:44.1303506Z","type":"sample"}
{"channel":"gsr","display":3887.6,"mu":0,"quality":"OK","raw":3887.6,"sigma":10,"state":"IDLE","t":"2026-07-16T11:27:44.1623904Z","type":"sample"}
{"channel":"rr","display":56.390977443609025,"mu":0,"quality":"OUT_OF_RANGE","raw":279.1,"sigma":1.5,"state":"IDLE","t":"2026-07-16T11:27:44.1703924Z","type":"sample"}
{"channel":"rr","display":56.390977443609025,"mu":0,"quality":"OUT_OF_RANGE","raw":280.1,"sigma":1.5,"state":"IDLE","t":"2026-07-16T11:27:44.2101746Z","type":"sample"}
{"channel":"rr","display":56.390977443609025,"mu":0,"quality":"OUT_OF_RANGE","raw":279.9,"sigma":1.5,"state":"IDLE","t":"2026-07-16T11:27:44.2505604Z","type":"sample"}
{"channel":"gsr","display":3886.5,"mu":0,"quality":"OK","raw":3886.5,"sigma":10,"state":"IDLE","t":"2026-07-16T11:27:44.2645803Z","type":"sample"}
{"channel":"rr","display":56.390977443609025,"mu":0,"quality":"OUT_OF_RANGE","raw":279.1,"sigma":1.5,"state":"IDLE","t":"2026-07-16T11:27:44.2906434Z","type":"sample"}
{"channel":"rr","display":56.390977443609025,"mu":0,"quality":"OUT_OF_RANGE","raw":279.9,"sigma":1.5,"state":"IDLE","t":"2026-07-16T11:27:44.3304997Z","type":"sample"}
{"address":"/cue/g1/start","args":null,"channel":"system","dir":"out","t":"2026-07-16T11:27:44.3407944Z","type":"osc"}
{"channel":"gsr","display":3886.2,"mu":0,"quality":"OK","raw":3886.2,"sigma":10,"state":"IDLE","t":"2026-07-16T11:27:44.3625018Z","type":"sample"}
{"channel":"rr","display":56.390977443609025,"mu":0,"quality":"OUT_OF_RANGE","raw":279.8,"sigma":1.5,"state":"IDLE","t":"2026-07-16T11:27:44.3704632Z","type":"sample"}
{"channel":"rr","display":56.390977443609025,"mu":0,"quality":"OUT_OF_RANGE","raw":279.2,"sigma":1.5,"state":"IDLE","t":"2026-07-16T11:27:44.4101656Z","type":"sample"}
{"channel":"rr","display":56.390977443609025,"mu":0,"quality":"OUT_OF_RANGE","raw":280.1,"sigma":1.5,"state":"IDLE","t":"2026-07-16T11:27:44.4503237Z","type":"sample"}
{"channel":"gsr","display":3885.2,"mu":0,"quality":"OK","raw":3885.2,"sigma":10,"state":"IDLE","t":"2026-07-16T11:27:44.4641166Z","type":"sample"}
{"channel":"hr","display":0,"mu":0,"quality":"OUT_OF_RANGE","raw":0,"sigma":3,"state":"IDLE","t":"2026-07-16T11:27:44.4651372Z","type":"sample"}
{"channel":"rr","display":56.390977443609025,"mu":0,"quality":"OUT_OF_RANGE","raw":279.3,"sigma":1.5,"state":"IDLE","t":"2026-07-16T11:27:44.4899473Z","type":"sample"}
{"channel":"rr","display":56.390977443609025,"mu":0,"quality":"OUT_OF_RANGE","raw":280.2,"sigma":1.5,"state":"IDLE","t":"2026-07-16T11:27:44.5303865Z","type":"sample"}
{"channel":"gsr","display":3886.9,"mu":0,"quality":"OK","raw":3886.9,"sigma":10,"state":"IDLE","t":"2026-07-16T11:27:44.5647153Z","type":"sample"}
{"channel":"rr","display":56.390977443609025,"mu":0,"quality":"OUT_OF_RANGE","raw":279.7,"sigma":1.5,"state":"IDLE","t":"2026-07-16T11:27:44.5703572Z","type":"sample"}
{"channel":"rr","display":56.390977443609025,"mu":0,"quality":"OUT_OF_RANGE","raw":278.7,"sigma":1.5,"state":"IDLE","t":"2026-07-16T11:27:44.6105125Z","type":"sample"}
{"channel":"rr","display":56.390977443609025,"mu":0,"quality":"OUT_OF_RANGE","raw":280.2,"sigma":1.5,"state":"IDLE","t":"2026-07-16T11:27:44.6502799Z","type":"sample"}
{"channel":"gsr","display":3891,"mu":0,"quality":"OK","raw":3891,"sigma":10,"state":"IDLE","t":"2026-07-16T11:27:44.662673Z","type":"sample"}
{"address":"/cue/p/start","args":null,"channel":"system","dir":"out","t":"2026-07-16T11:27:44.6810237Z","type":"osc"}
{"channel":"rr","display":56.390977443609025,"mu":0,"quality":"OUT_OF_RANGE","raw":279.7,"sigma":1.5,"state":"IDLE","t":"2026-07-16T11:27:44.690079Z","type":"sample"}
{"channel":"rr","display":56.390977443609025,"mu":0,"quality":"OUT_OF_RANGE","raw":280.5,"sigma":1.5,"state":"IDLE","t":"2026-07-16T11:27:44.7302147Z","type":"sample"}
{"channel":"gsr","display":3888.1,"mu":0,"quality":"OK","raw":3888.1,"sigma":10,"state":"IDLE","t":"2026-07-16T11:27:44.7604198Z","type":"sample"}
{"channel":"rr","display":56.390977443609025,"mu":0,"quality":"OUT_OF_RANGE","raw":280.1,"sigma":1.5,"state":"IDLE","t":"2026-07-16T11:27:44.7703068Z","type":"sample"}
{"channel":"rr","display":56.390977443609025,"mu":0,"quality":"OUT_OF_RANGE","raw":279.6,"sigma":1.5,"state":"IDLE","t":"2026-07-16T11:27:44.8100599Z","type":"sample"}
{"channel":"rr","display":56.390977443609025,"mu":0,"quality":"OUT_OF_RANGE","raw":279.5,"sigma":1.5,"state":"IDLE","t":"2026-07-16T11:27:44.8498957Z","type":"sample"}
{"channel":"gsr","display":3887.6,"mu":0,"quality":"OK","raw":3887.6,"sigma":10,"state":"IDLE","t":"2026-07-16T11:27:44.8646467Z","type":"sample"}
{"channel":"rr","display":56.390977443609025,"mu":0,"quality":"OUT_OF_RANGE","raw":279.1,"sigma":1.5,"state":"IDLE","t":"2026-07-16T11:27:44.8905421Z","type":"sample"}
{"channel":"rr","display":56.390977443609025,"mu":0,"quality":"OUT_OF_RANGE","raw":280.2,"sigma":1.5,"state":"IDLE","t":"2026-07-16T11:27:44.930489Z","type":"sample"}
{"channel":"gsr","display":3890.4,"mu":0,"quality":"OK","raw":3890.4,"sigma":10,"state":"IDLE","t":"2026-07-16T11:27:44.9644775Z","type":"sample"}
{"channel":"hr","display":0,"mu":0,"quality":"OUT_OF_RANGE","raw":0,"sigma":3,"state":"IDLE","t":"2026-07-16T11:27:44.9655546Z","type":"sample"}
{"channel":"rr","display":56.390977443609025,"mu":0,"quality":"OUT_OF_RANGE","raw":279.5,"sigma":1.5,"state":"IDLE","t":"2026-07-16T11:27:44.9707648Z","type":"sample"}
{"channel":"rr","display":56.390977443609025,"mu":0,"quality":"OUT_OF_RANGE","raw":279.2,"sigma":1.5,"state":"IDLE","t":"2026-07-16T11:27:45.0106482Z","type":"sample"}
{"channel":"rr","display":56.390977443609025,"mu":0,"quality":"OUT_OF_RANGE","raw":279.1,"sigma":1.5,"state":"IDLE","t":"2026-07-16T11:27:45.0505093Z","type":"sample"}
{"channel":"gsr","display":3885.9,"mu":0,"quality":"OK","raw":3885.9,"sigma":10,"state":"IDLE","t":"2026-07-16T11:27:45.0648306Z","type":"sample"}
{"channel":"rr","display":56.390977443609025,"mu":0,"quality":"OUT_OF_RANGE","raw":279.1,"sigma":1.5,"state":"IDLE","t":"2026-07-16T11:27:45.0900925Z","type":"sample"}
{"channel":"rr","display":56.390977443609025,"mu":0,"quality":"OUT_OF_RANGE","raw":279.7,"sigma":1.5,"state":"IDLE","t":"2026-07-16T11:27:45.1301499Z","type":"sample"}
{"channel":"gsr","display":3886.4,"mu":0,"quality":"OK","raw":3886.4,"sigma":10,"state":"IDLE","t":"2026-07-16T11:27:45.1623418Z","type":"sample"}
{"channel":"rr","display":56.390977443609025,"mu":0,"quality":"OUT_OF_RANGE","raw":279.1,"sigma":1.5,"state":"IDLE","t":"2026-07-16T11:27:45.1701743Z","type":"sample"}
{"channel":"rr","display":56.390977443609025,"mu":0,"quality":"OUT_OF_RANGE","raw":280.2,"sigma":1.5,"state":"IDLE","t":"2026-07-16T11:27:45.2102469Z","type":"sample"}
{"channel":"rr","display":56.390977443609025,"mu":0,"quality":"OUT_OF_RANGE","raw":279.9,"sigma":1.5,"state":"IDLE","t":"2026-07-16T11:27:45.2506153Z","type":"sample"}
{"channel":"gsr","display":3886.2,"mu":0,"quality":"OK","raw":3886.2,"sigma":10,"state":"IDLE","t":"2026-07-16T11:27:45.2601621Z","type":"sample"}
{"channel":"rr","display":56.390977443609025,"mu":0,"quality":"OUT_OF_RANGE","raw":279.7,"sigma":1.5,"state":"IDLE","t":"2026-07-16T11:27:45.2911428Z","type":"sample"}
{"channel":"rr","display":56.390977443609025,"mu":0,"quality":"OUT_OF_RANGE","raw":279.9,"sigma":1.5,"state":"IDLE","t":"2026-07-16T11:27:45.3301342Z","type":"sample"}
{"address":"/cue/g1/start","args":null,"channel":"system","dir":"out","t":"2026-07-16T11:27:45.3460286Z","type":"osc"}
{"channel":"gsr","display":3886.8,"mu":0,"quality":"OK","raw":3886.8,"sigma":10,"state":"IDLE","t":"2026-07-16T11:27:45.364712Z","type":"sample"}
{"channel":"rr","display":56.390977443609025,"mu":0,"quality":"OUT_OF_RANGE","raw":279.7,"sigma":1.5,"state":"IDLE","t":"2026-07-16T11:27:45.3702022Z","type":"sample"}
{"channel":"rr","display":56.390977443609025,"mu":0,"quality":"OUT_OF_RANGE","raw":280.2,"sigma":1.5,"state":"IDLE","t":"2026-07-16T11:27:45.4101138Z","type":"sample"}
{"channel":"rr","display":56.390977443609025,"mu":0,"quality":"OUT_OF_RANGE","raw":279.5,"sigma":1.5,"state":"IDLE","t":"2026-07-16T11:27:45.4501672Z","type":"sample"}
{"channel":"gsr","display":3887.5,"mu":0,"quality":"OK","raw":3887.5,"sigma":10,"state":"IDLE","t":"2026-07-16T11:27:45.4643856Z","type":"sample"}
{"channel":"hr","display":0,"mu":0,"quality":"OUT_OF_RANGE","raw":0,"sigma":3,"state":"IDLE","t":"2026-07-16T11:27:45.4659849Z","type":"sample"}
{"channel":"rr","display":56.81818181818182,"mu":0,"quality":"OUT_OF_RANGE","raw":279.9,"sigma":1.5,"state":"IDLE","t":"2026-07-16T11:27:45.4903627Z","type":"sample"}
{"channel":"rr","display":56.81818181818182,"mu":0,"quality":"OUT_OF_RANGE","raw":278.9,"sigma":1.5,"state":"IDLE","t":"2026-07-16T11:27:45.5304125Z","type":"sample"}
{"channel":"gsr","display":3887.6,"mu":0,"quality":"OK","raw":3887.6,"sigma":10,"state":"IDLE","t":"2026-07-16T11:27:45.5602625Z","type":"sample"}
{"channel":"rr","display":56.81818181818182,"mu":0,"quality":"OUT_OF_RANGE","raw":279.9,"sigma":1.5,"state":"IDLE","t":"2026-07-16T11:27:45.5708093Z","type":"sample"}
{"channel":"rr","display":56.81818181818182,"mu":0,"quality":"OUT_OF_RANGE","raw":279,"sigma":1.5,"state":"IDLE","t":"2026-07-16T11:27:45.6105084Z","type":"sample"}
{"channel":"rr","display":56.81818181818182,"mu":0,"quality":"OUT_OF_RANGE","raw":280.6,"sigma":1.5,"state":"IDLE","t":"2026-07-16T11:27:45.6503633Z","type":"sample"}
{"channel":"gsr","display":3887.7,"mu":0,"quality":"OK","raw":3887.7,"sigma":10,"state":"IDLE","t":"2026-07-16T11:27:45.6645436Z","type":"sample"}
{"address":"/cue/p/start","args":null,"channel":"system","dir":"out","t":"2026-07-16T11:27:45.6809083Z","type":"osc"}
{"channel":"rr","display":56.81818181818182,"mu":0,"quality":"OUT_OF_RANGE","raw":280,"sigma":1.5,"state":"IDLE","t":"2026-07-16T11:27:45.6904019Z","type":"sample"}
{"channel":"rr","display":56.81818181818182,"mu":0,"quality":"OUT_OF_RANGE","raw":279.6,"sigma":1.5,"state":"IDLE","t":"2026-07-16T11:27:45.7302858Z","type":"sample"}
{"channel":"gsr","display":3887.7,"mu":0,"quality":"OK","raw":3887.7,"sigma":10,"state":"IDLE","t":"2026-07-16T11:27:45.7647478Z","type":"sample"}
{"channel":"rr","display":56.81818181818182,"mu":0,"quality":"OUT_OF_RANGE","raw":280.3,"sigma":1.5,"state":"IDLE","t":"2026-07-16T11:27:45.7707371Z","type":"sample"}
{"channel":"rr","display":56.81818181818182,"mu":0,"quality":"OUT_OF_RANGE","raw":279,"sigma":1.5,"state":"IDLE","t":"2026-07-16T11:27:45.8106595Z","type":"sample"}
{"channel":"rr","display":56.81818181818182,"mu":0,"quality":"OUT_OF_RANGE","raw":279.8,"sigma":1.5,"state":"IDLE","t":"2026-07-16T11:27:45.850064Z","type":"sample"}
{"channel":"gsr","display":3885.8,"mu":0,"quality":"OK","raw":3885.8,"sigma":10,"state":"IDLE","t":"2026-07-16T11:27:45.8639429Z","type":"sample"}
{"channel":"rr","display":56.81818181818182,"mu":0,"quality":"OUT_OF_RANGE","raw":279.6,"sigma":1.5,"state":"IDLE","t":"2026-07-16T11:27:45.8899152Z","type":"sample"}
{"channel":"rr","display":56.81818181818182,"mu":0,"quality":"OUT_OF_RANGE","raw":280.4,"sigma":1.5,"state":"IDLE","t":"2026-07-16T11:27:45.9302557Z","type":"sample"}
{"channel":"gsr","display":3890.6,"mu":0,"quality":"OK","raw":3890.6,"sigma":10,"state":"IDLE","t":"2026-07-16T11:27:45.9645772Z","type":"sample"}
{"channel":"hr","display":0,"mu":0,"quality":"OUT_OF_RANGE","raw":0,"sigma":3,"state":"IDLE","t":"2026-07-16T11:27:45.9651358Z","type":"sample"}
{"channel":"rr","display":56.81818181818182,"mu":0,"quality":"OUT_OF_RANGE","raw":279.5,"sigma":1.5,"state":"IDLE","t":"2026-07-16T11:27:45.9704794Z","type":"sample"}
{"channel":"rr","display":56.81818181818182,"mu":0,"quality":"OUT_OF_RANGE","raw":279.8,"sigma":1.5,"state":"IDLE","t":"2026-07-16T11:27:46.0104191Z","type":"sample"}
{"channel":"rr","display":56.81818181818182,"mu":0,"quality":"OUT_OF_RANGE","raw":279.6,"sigma":1.5,"state":"IDLE","t":"2026-07-16T11:27:46.0503395Z","type":"sample"}
{"channel":"gsr","display":3888.4,"mu":0,"quality":"OK","raw":3888.4,"sigma":10,"state":"IDLE","t":"2026-07-16T11:27:46.0647132Z","type":"sample"}
{"channel":"rr","display":56.81818181818182,"mu":0,"quality":"OUT_OF_RANGE","raw":279.8,"sigma":1.5,"state":"IDLE","t":"2026-07-16T11:27:46.0900566Z","type":"sample"}
{"channel":"rr","display":56.81818181818182,"mu":0,"quality":"OUT_OF_RANGE","raw":278.9,"sigma":1.5,"state":"IDLE","t":"2026-07-16T11:27:46.1304057Z","type":"sample"}
{"channel":"gsr","display":3886.1,"mu":0,"quality":"OK","raw":3886.1,"sigma":10,"state":"IDLE","t":"2026-07-16T11:27:46.1600429Z","type":"sample"}
{"channel":"rr","display":56.81818181818182,"mu":0,"quality":"OUT_OF_RANGE","raw":279.8,"sigma":1.5,"state":"IDLE","t":"2026-07-16T11:27:46.1707158Z","type":"sample"}
{"channel":"rr","display":56.81818181818182,"mu":0,"quality":"OUT_OF_RANGE","raw":279.6,"sigma":1.5,"state":"IDLE","t":"2026-07-16T11:27:46.2102835Z","type":"sample"}
{"channel":"rr","display":56.81818181818182,"mu":0,"quality":"OUT_OF_RANGE","raw":279.6,"sigma":1.5,"state":"IDLE","t":"2026-07-16T11:27:46.2502941Z","type":"sample"}
{"channel":"gsr","display":3885.7,"mu":0,"quality":"OK","raw":3885.7,"sigma":10,"state":"IDLE","t":"2026-07-16T11:27:46.2645948Z","type":"sample"}
{"channel":"rr","display":56.81818181818182,"mu":0,"quality":"OUT_OF_RANGE","raw":279.5,"sigma":1.5,"state":"IDLE","t":"2026-07-16T11:27:46.2901168Z","type":"sample"}
{"channel":"rr","display":56.81818181818182,"mu":0,"quality":"OUT_OF_RANGE","raw":279.4,"sigma":1.5,"state":"IDLE","t":"2026-07-16T11:27:46.3303064Z","type":"sample"}
{"address":"/cue/g1/start","args":null,"channel":"system","dir":"out","t":"2026-07-16T11:27:46.3512302Z","type":"osc"}
{"channel":"gsr","display":3885.2,"mu":0,"quality":"OK","raw":3885.2,"sigma":10,"state":"IDLE","t":"2026-07-16T11:27:46.3648144Z","type":"sample"}
{"channel":"rr","display":56.81818181818182,"mu":0,"quality":"OUT_OF_RANGE","raw":279.7,"sigma":1.5,"state":"IDLE","t":"2026-07-16T11:27:46.3706176Z","type":"sample"}
{"channel":"rr","display":56.81818181818182,"mu":0,"quality":"OUT_OF_RANGE","raw":279.7,"sigma":1.5,"state":"IDLE","t":"2026-07-16T11:27:46.4101265Z","type":"sample"}
{"channel":"rr","display":56.81818181818182,"mu":0,"quality":"OUT_OF_RANGE","raw":280.3,"sigma":1.5,"state":"IDLE","t":"2026-07-16T11:27:46.4502975Z","type":"sample"}
{"channel":"gsr","display":3886.8,"mu":0,"quality":"OK","raw":3886.8,"sigma":10,"state":"IDLE","t":"2026-07-16T11:27:46.4645638Z","type":"sample"}
{"channel":"hr","display":0,"mu":0,"quality":"OUT_OF_RANGE","raw":0,"sigma":3,"state":"IDLE","t":"2026-07-16T11:27:46.4658082Z","type":"sample"}
{"channel":"rr","display":56.81818181818182,"mu":0,"quality":"OUT_OF_RANGE","raw":279.8,"sigma":1.5,"state":"IDLE","t":"2026-07-16T11:27:46.4905683Z","type":"sample"}
{"channel":"rr","display":56.81818181818182,"mu":0,"quality":"OUT_OF_RANGE","raw":279.8,"sigma":1.5,"state":"IDLE","t":"2026-07-16T11:27:46.5303584Z","type":"sample"}
{"channel":"gsr","display":3886.9,"mu":0,"quality":"OK","raw":3886.9,"sigma":10,"state":"IDLE","t":"2026-07-16T11:27:46.5648012Z","type":"sample"}
{"channel":"rr","display":56.81818181818182,"mu":0,"quality":"OUT_OF_RANGE","raw":279.6,"sigma":1.5,"state":"IDLE","t":"2026-07-16T11:27:46.5702606Z","type":"sample"}
{"channel":"rr","display":56.81818181818182,"mu":0,"quality":"OUT_OF_RANGE","raw":279.6,"sigma":1.5,"state":"IDLE","t":"2026-07-16T11:27:46.6106715Z","type":"sample"}
{"channel":"rr","display":56.81818181818182,"mu":0,"quality":"OUT_OF_RANGE","raw":279.1,"sigma":1.5,"state":"IDLE","t":"2026-07-16T11:27:46.6506924Z","type":"sample"}
{"channel":"gsr","display":3887.3,"mu":0,"quality":"OK","raw":3887.3,"sigma":10,"state":"IDLE","t":"2026-07-16T11:27:46.6647029Z","type":"sample"}
{"address":"/cue/p/start","args":null,"channel":"system","dir":"out","t":"2026-07-16T11:27:46.6808368Z","type":"osc"}
{"channel":"rr","display":56.81818181818182,"mu":0,"quality":"OUT_OF_RANGE","raw":279.4,"sigma":1.5,"state":"IDLE","t":"2026-07-16T11:27:46.6901198Z","type":"sample"}
{"channel":"rr","display":56.81818181818182,"mu":0,"quality":"OUT_OF_RANGE","raw":279.2,"sigma":1.5,"state":"IDLE","t":"2026-07-16T11:27:46.7308826Z","type":"sample"}
{"channel":"gsr","display":3886.9,"mu":0,"quality":"OK","raw":3886.9,"sigma":10,"state":"IDLE","t":"2026-07-16T11:27:46.7621169Z","type":"sample"}
{"channel":"rr","display":56.81818181818182,"mu":0,"quality":"OUT_OF_RANGE","raw":279.4,"sigma":1.5,"state":"IDLE","t":"2026-07-16T11:27:46.7702689Z","type":"sample"}
{"channel":"rr","display":56.81818181818182,"mu":0,"quality":"OUT_OF_RANGE","raw":279.4,"sigma":1.5,"state":"IDLE","t":"2026-07-16T11:27:46.8106804Z","type":"sample"}
{"channel":"rr","display":56.81818181818182,"mu":0,"quality":"OUT_OF_RANGE","raw":279.6,"sigma":1.5,"state":"IDLE","t":"2026-07-16T11:27:46.8502537Z","type":"sample"}
{"channel":"gsr","display":3885,"mu":0,"quality":"OK","raw":3885,"sigma":10,"state":"IDLE","t":"2026-07-16T11:27:46.8637431Z","type":"sample"}
{"channel":"rr","display":56.81818181818182,"mu":0,"quality":"OUT_OF_RANGE","raw":279.2,"sigma":1.5,"state":"IDLE","t":"2026-07-16T11:27:46.890008Z","type":"sample"}
{"channel":"rr","display":56.81818181818182,"mu":0,"quality":"OUT_OF_RANGE","raw":278.5,"sigma":1.5,"state":"IDLE","t":"2026-07-16T11:27:46.9298966Z","type":"sample"}
{"channel":"gsr","display":3887.5,"mu":0,"quality":"OK","raw":3887.5,"sigma":10,"state":"IDLE","t":"2026-07-16T11:27:46.9604947Z","type":"sample"}
{"channel":"hr","display":0,"mu":0,"quality":"OUT_OF_RANGE","raw":0,"sigma":3,"state":"IDLE","t":"2026-07-16T11:27:46.9654587Z","type":"sample"}
{"channel":"rr","display":52.083333333333336,"mu":0,"quality":"OUT_OF_RANGE","raw":279.8,"sigma":1.5,"state":"IDLE","t":"2026-07-16T11:27:46.970639Z","type":"sample"}
{"channel":"rr","display":52.083333333333336,"mu":0,"quality":"OUT_OF_RANGE","raw":279.9,"sigma":1.5,"state":"IDLE","t":"2026-07-16T11:27:47.0100613Z","type":"sample"}
{"channel":"rr","display":52.083333333333336,"mu":0,"quality":"OUT_OF_RANGE","raw":280.6,"sigma":1.5,"state":"IDLE","t":"2026-07-16T11:27:47.0502508Z","type":"sample"}
{"channel":"gsr","display":3889.4,"mu":0,"quality":"OK","raw":3889.4,"sigma":10,"state":"IDLE","t":"2026-07-16T11:27:47.0646112Z","type":"sample"}
{"channel":"rr","display":52.083333333333336,"mu":0,"quality":"OUT_OF_RANGE","raw":280.1,"sigma":1.5,"state":"IDLE","t":"2026-07-16T11:27:47.0905728Z","type":"sample"}
{"channel":"rr","display":52.083333333333336,"mu":0,"quality":"OUT_OF_RANGE","raw":279.6,"sigma":1.5,"state":"IDLE","t":"2026-07-16T11:27:47.1299814Z","type":"sample"}
{"channel":"gsr","display":3886.5,"mu":0,"quality":"OK","raw":3886.5,"sigma":10,"state":"IDLE","t":"2026-07-16T11:27:47.1645977Z","type":"sample"}
{"channel":"rr","display":52.083333333333336,"mu":0,"quality":"OUT_OF_RANGE","raw":280,"sigma":1.5,"state":"IDLE","t":"2026-07-16T11:27:47.170504Z","type":"sample"}
{"channel":"rr","display":52.083333333333336,"mu":0,"quality":"OUT_OF_RANGE","raw":279.9,"sigma":1.5,"state":"IDLE","t":"2026-07-16T11:27:47.2102552Z","type":"sample"}
{"channel":"rr","display":52.083333333333336,"mu":0,"quality":"OUT_OF_RANGE","raw":280.4,"sigma":1.5,"state":"IDLE","t":"2026-07-16T11:27:47.2500729Z","type":"sample"}
{"channel":"gsr","display":3884.5,"mu":0,"quality":"OK","raw":3884.5,"sigma":10,"state":"IDLE","t":"2026-07-16T11:27:47.2635959Z","type":"sample"}
{"channel":"rr","display":52.083333333333336,"mu":0,"quality":"OUT_OF_RANGE","raw":279.8,"sigma":1.5,"state":"IDLE","t":"2026-07-16T11:27:47.2900231Z","type":"sample"}
{"channel":"rr","display":52.083333333333336,"mu":0,"quality":"OUT_OF_RANGE","raw":279.1,"sigma":1.5,"state":"IDLE","t":"2026-07-16T11:27:47.3301394Z","type":"sample"}
{"address":"/cue/g1/start","args":null,"channel":"system","dir":"out","t":"2026-07-16T11:27:47.3631127Z","type":"osc"}
{"channel":"gsr","display":3878.3,"mu":0,"quality":"OK","raw":3878.3,"sigma":10,"state":"IDLE","t":"2026-07-16T11:27:47.3648158Z","type":"sample"}
{"channel":"rr","display":52.083333333333336,"mu":0,"quality":"OUT_OF_RANGE","raw":279.1,"sigma":1.5,"state":"IDLE","t":"2026-07-16T11:27:47.3703257Z","type":"sample"}
{"channel":"rr","display":52.083333333333336,"mu":0,"quality":"OUT_OF_RANGE","raw":279.6,"sigma":1.5,"state":"IDLE","t":"2026-07-16T11:27:47.4105314Z","type":"sample"}
{"channel":"rr","display":52.083333333333336,"mu":0,"quality":"OUT_OF_RANGE","raw":279.5,"sigma":1.5,"state":"IDLE","t":"2026-07-16T11:27:47.4507336Z","type":"sample"}
{"channel":"gsr","display":3875.7,"mu":0,"quality":"OK","raw":3875.7,"sigma":10,"state":"IDLE","t":"2026-07-16T11:27:47.4633722Z","type":"sample"}
{"channel":"hr","display":0,"mu":0,"quality":"OUT_OF_RANGE","raw":0,"sigma":3,"state":"IDLE","t":"2026-07-16T11:27:47.4649316Z","type":"sample"}
{"channel":"rr","display":52.083333333333336,"mu":0,"quality":"OUT_OF_RANGE","raw":279.9,"sigma":1.5,"state":"IDLE","t":"2026-07-16T11:27:47.490276Z","type":"sample"}
{"channel":"rr","display":52.083333333333336,"mu":0,"quality":"OUT_OF_RANGE","raw":279.1,"sigma":1.5,"state":"IDLE","t":"2026-07-16T11:27:47.5304602Z","type":"sample"}
{"channel":"gsr","display":3875.1,"mu":0,"quality":"OK","raw":3875.1,"sigma":10,"state":"IDLE","t":"2026-07-16T11:27:47.563636Z","type":"sample"}
{"channel":"rr","display":52.083333333333336,"mu":0,"quality":"OUT_OF_RANGE","raw":279.1,"sigma":1.5,"state":"IDLE","t":"2026-07-16T11:27:47.570276Z","type":"sample"}
{"channel":"rr","display":52.083333333333336,"mu":0,"quality":"OUT_OF_RANGE","raw":280.1,"sigma":1.5,"state":"IDLE","t":"2026-07-16T11:27:47.6102428Z","type":"sample"}
{"channel":"rr","display":52.083333333333336,"mu":0,"quality":"OUT_OF_RANGE","raw":279.4,"sigma":1.5,"state":"IDLE","t":"2026-07-16T11:27:47.6500902Z","type":"sample"}
{"channel":"gsr","display":3873.2,"mu":0,"quality":"OK","raw":3873.2,"sigma":10,"state":"IDLE","t":"2026-07-16T11:27:47.6646772Z","type":"sample"}
{"address":"/cue/p/start","args":null,"channel":"system","dir":"out","t":"2026-07-16T11:27:47.6809369Z","type":"osc"}
{"channel":"rr","display":52.083333333333336,"mu":0,"quality":"OUT_OF_RANGE","raw":279.8,"sigma":1.5,"state":"IDLE","t":"2026-07-16T11:27:47.6900706Z","type":"sample"}
{"channel":"rr","display":52.083333333333336,"mu":0,"quality":"OUT_OF_RANGE","raw":280,"sigma":1.5,"state":"IDLE","t":"2026-07-16T11:27:47.7301Z","type":"sample"}
{"channel":"gsr","display":3871.5,"mu":0,"quality":"OK","raw":3871.5,"sigma":10,"state":"IDLE","t":"2026-07-16T11:27:47.7644701Z","type":"sample"}
{"channel":"rr","display":52.083333333333336,"mu":0,"quality":"OUT_OF_RANGE","raw":280,"sigma":1.5,"state":"IDLE","t":"2026-07-16T11:27:47.7704947Z","type":"sample"}
{"channel":"rr","display":52.083333333333336,"mu":0,"quality":"OUT_OF_RANGE","raw":279.5,"sigma":1.5,"state":"IDLE","t":"2026-07-16T11:27:47.8104149Z","type":"sample"}
{"channel":"rr","display":52.083333333333336,"mu":0,"quality":"OUT_OF_RANGE","raw":279.6,"sigma":1.5,"state":"IDLE","t":"2026-07-16T11:27:47.8504098Z","type":"sample"}
{"channel":"gsr","display":3866.8,"mu":0,"quality":"OK","raw":3866.8,"sigma":10,"state":"IDLE","t":"2026-07-16T11:27:47.8644619Z","type":"sample"}
{"channel":"rr","display":52.083333333333336,"mu":0,"quality":"OUT_OF_RANGE","raw":280.3,"sigma":1.5,"state":"IDLE","t":"2026-07-16T11:27:47.8903603Z","type":"sample"}
{"channel":"rr","display":52.083333333333336,"mu":0,"quality":"OUT_OF_RANGE","raw":279.9,"sigma":1.5,"state":"IDLE","t":"2026-07-16T11:27:47.9300804Z","type":"sample"}
{"channel":"gsr","display":3863.1,"mu":0,"quality":"OK","raw":3863.1,"sigma":10,"state":"IDLE","t":"2026-07-16T11:27:47.9648048Z","type":"sample"}
{"channel":"hr","display":0,"mu":0,"quality":"OUT_OF_RANGE","raw":0,"sigma":3,"state":"IDLE","t":"2026-07-16T11:27:47.9653609Z","type":"sample"}
{"channel":"rr","display":52.083333333333336,"mu":0,"quality":"OUT_OF_RANGE","raw":279.8,"sigma":1.5,"state":"IDLE","t":"2026-07-16T11:27:47.9704468Z","type":"sample"}
{"channel":"rr","display":52.083333333333336,"mu":0,"quality":"OUT_OF_RANGE","raw":279.7,"sigma":1.5,"state":"IDLE","t":"2026-07-16T11:27:48.0099818Z","type":"sample"}
{"channel":"rr","display":52.083333333333336,"mu":0,"quality":"OUT_OF_RANGE","raw":279.8,"sigma":1.5,"state":"IDLE","t":"2026-07-16T11:27:48.0506593Z","type":"sample"}
{"channel":"gsr","display":3862.3,"mu":0,"quality":"OK","raw":3862.3,"sigma":10,"state":"IDLE","t":"2026-07-16T11:27:48.0647685Z","type":"sample"}
{"channel":"rr","display":52.083333333333336,"mu":0,"quality":"OUT_OF_RANGE","raw":279.6,"sigma":1.5,"state":"IDLE","t":"2026-07-16T11:27:48.0902489Z","type":"sample"}
{"channel":"rr","display":52.083333333333336,"mu":0,"quality":"OUT_OF_RANGE","raw":279.4,"sigma":1.5,"state":"IDLE","t":"2026-07-16T11:27:48.1306139Z","type":"sample"}
{"channel":"gsr","display":3858,"mu":0,"quality":"OK","raw":3858,"sigma":10,"state":"IDLE","t":"2026-07-16T11:27:48.1643617Z","type":"sample"}
{"channel":"rr","display":52.083333333333336,"mu":0,"quality":"OUT_OF_RANGE","raw":278.8,"sigma":1.5,"state":"IDLE","t":"2026-07-16T11:27:48.1701458Z","type":"sample"}
{"channel":"rr","display":50.33557046979866,"mu":0,"quality":"OUT_OF_RANGE","raw":279.7,"sigma":1.5,"state":"IDLE","t":"2026-07-16T11:27:48.2101595Z","type":"sample"}
{"channel":"rr","display":50.33557046979866,"mu":0,"quality":"OUT_OF_RANGE","raw":279.5,"sigma":1.5,"state":"IDLE","t":"2026-07-16T11:27:48.2501322Z","type":"sample"}
{"channel":"gsr","display":3853.4,"mu":0,"quality":"OK","raw":3853.4,"sigma":10,"state":"IDLE","t":"2026-07-16T11:27:48.2646103Z","type":"sample"}
{"channel":"rr","display":50.33557046979866,"mu":0,"quality":"OUT_OF_RANGE","raw":279.3,"sigma":1.5,"state":"IDLE","t":"2026-07-16T11:27:48.2900739Z","type":"sample"}
{"channel":"rr","display":50.33557046979866,"mu":0,"quality":"OUT_OF_RANGE","raw":280.1,"sigma":1.5,"state":"IDLE","t":"2026-07-16T11:27:48.3298699Z","type":"sample"}
{"channel":"gsr","display":3850.3,"mu":0,"quality":"OK","raw":3850.3,"sigma":10,"state":"IDLE","t":"2026-07-16T11:27:48.3647244Z","type":"sample"}
{"channel":"rr","display":50.33557046979866,"mu":0,"quality":"OUT_OF_RANGE","raw":279.6,"sigma":1.5,"state":"IDLE","t":"2026-07-16T11:27:48.3705113Z","type":"sample"}
{"address":"/cue/g1/start","args":null,"channel":"system","dir":"out","t":"2026-07-16T11:27:48.3812279Z","type":"osc"}
{"channel":"rr","display":50.33557046979866,"mu":0,"quality":"OUT_OF_RANGE","raw":279,"sigma":1.5,"state":"IDLE","t":"2026-07-16T11:27:48.4106986Z","type":"sample"}
{"channel":"rr","display":50.33557046979866,"mu":0,"quality":"OUT_OF_RANGE","raw":279.9,"sigma":1.5,"state":"IDLE","t":"2026-07-16T11:27:48.4500909Z","type":"sample"}
{"channel":"gsr","display":3847,"mu":0,"quality":"OK","raw":3847,"sigma":10,"state":"IDLE","t":"2026-07-16T11:27:48.4601779Z","type":"sample"}
{"channel":"hr","display":0,"mu":0,"quality":"OUT_OF_RANGE","raw":0,"sigma":3,"state":"IDLE","t":"2026-07-16T11:27:48.4601779Z","type":"sample"}
{"channel":"rr","display":50.33557046979866,"mu":0,"quality":"OUT_OF_RANGE","raw":279.6,"sigma":1.5,"state":"IDLE","t":"2026-07-16T11:27:48.4903445Z","type":"sample"}
{"channel":"rr","display":50.33557046979866,"mu":0,"quality":"OUT_OF_RANGE","raw":279.4,"sigma":1.5,"state":"IDLE","t":"2026-07-16T11:27:48.5300953Z","type":"sample"}
{"channel":"gsr","display":3845.3,"mu":0,"quality":"OK","raw":3845.3,"sigma":10,"state":"IDLE","t":"2026-07-16T11:27:48.5608479Z","type":"sample"}
{"channel":"rr","display":50.33557046979866,"mu":0,"quality":"OUT_OF_RANGE","raw":280,"sigma":1.5,"state":"IDLE","t":"2026-07-16T11:27:48.5702899Z","type":"sample"}
{"channel":"rr","display":50.33557046979866,"mu":0,"quality":"OUT_OF_RANGE","raw":279.4,"sigma":1.5,"state":"IDLE","t":"2026-07-16T11:27:48.6101052Z","type":"sample"}
{"channel":"rr","display":50.33557046979866,"mu":0,"quality":"OUT_OF_RANGE","raw":280,"sigma":1.5,"state":"IDLE","t":"2026-07-16T11:27:48.6502064Z","type":"sample"}
{"channel":"gsr","display":3845.2,"mu":0,"quality":"OK","raw":3845.2,"sigma":10,"state":"IDLE","t":"2026-07-16T11:27:48.6645884Z","type":"sample"}
{"address":"/cue/p/start","args":null,"channel":"system","dir":"out","t":"2026-07-16T11:27:48.680797Z","type":"osc"}
{"channel":"rr","display":50.33557046979866,"mu":0,"quality":"OUT_OF_RANGE","raw":279.6,"sigma":1.5,"state":"IDLE","t":"2026-07-16T11:27:48.6903155Z","type":"sample"}
{"channel":"rr","display":50.33557046979866,"mu":0,"quality":"OUT_OF_RANGE","raw":279.9,"sigma":1.5,"state":"IDLE","t":"2026-07-16T11:27:48.7307389Z","type":"sample"}
{"channel":"gsr","display":3842.4,"mu":0,"quality":"OK","raw":3842.4,"sigma":10,"state":"IDLE","t":"2026-07-16T11:27:48.7647448Z","type":"sample"}
{"channel":"rr","display":50.33557046979866,"mu":0,"quality":"OUT_OF_RANGE","raw":280.2,"sigma":1.5,"state":"IDLE","t":"2026-07-16T11:27:48.770419Z","type":"sample"}
{"channel":"rr","display":50.33557046979866,"mu":0,"quality":"OUT_OF_RANGE","raw":279.1,"sigma":1.5,"state":"IDLE","t":"2026-07-16T11:27:48.8103246Z","type":"sample"}
{"channel":"rr","display":50.33557046979866,"mu":0,"quality":"OUT_OF_RANGE","raw":280.1,"sigma":1.5,"state":"IDLE","t":"2026-07-16T11:27:48.8501777Z","type":"sample"}
{"channel":"gsr","display":3841.2,"mu":0,"quality":"OK","raw":3841.2,"sigma":10,"state":"IDLE","t":"2026-07-16T11:27:48.8645571Z","type":"sample"}
{"channel":"rr","display":50.33557046979866,"mu":0,"quality":"OUT_OF_RANGE","raw":279.7,"sigma":1.5,"state":"IDLE","t":"2026-07-16T11:27:48.8900164Z","type":"sample"}
{"channel":"rr","display":50.33557046979866,"mu":0,"quality":"OUT_OF_RANGE","raw":280,"sigma":1.5,"state":"IDLE","t":"2026-07-16T11:27:48.9304735Z","type":"sample"}
{"channel":"gsr","display":3841.8,"mu":0,"quality":"OK","raw":3841.8,"sigma":10,"state":"IDLE","t":"2026-07-16T11:27:48.9644966Z","type":"sample"}
{"channel":"hr","display":0,"mu":0,"quality":"OUT_OF_RANGE","raw":0,"sigma":3,"state":"IDLE","t":"2026-07-16T11:27:48.9644966Z","type":"sample"}
{"channel":"rr","display":50.33557046979866,"mu":0,"quality":"OUT_OF_RANGE","raw":279.9,"sigma":1.5,"state":"IDLE","t":"2026-07-16T11:27:48.9702287Z","type":"sample"}
{"channel":"rr","display":50.33557046979866,"mu":0,"quality":"OUT_OF_RANGE","raw":279.2,"sigma":1.5,"state":"IDLE","t":"2026-07-16T11:27:49.0102911Z","type":"sample"}
{"channel":"rr","display":50.33557046979866,"mu":0,"quality":"OUT_OF_RANGE","raw":279.1,"sigma":1.5,"state":"IDLE","t":"2026-07-16T11:27:49.0500831Z","type":"sample"}
{"channel":"gsr","display":3838.1,"mu":0,"quality":"OK","raw":3838.1,"sigma":10,"state":"IDLE","t":"2026-07-16T11:27:49.0600684Z","type":"sample"}
{"channel":"rr","display":50.33557046979866,"mu":0,"quality":"OUT_OF_RANGE","raw":280.5,"sigma":1.5,"state":"IDLE","t":"2026-07-16T11:27:49.0904833Z","type":"sample"}
{"channel":"rr","display":50.33557046979866,"mu":0,"quality":"OUT_OF_RANGE","raw":279.8,"sigma":1.5,"state":"IDLE","t":"2026-07-16T11:27:49.1305875Z","type":"sample"}
{"channel":"gsr","display":3835,"mu":0,"quality":"OK","raw":3835,"sigma":10,"state":"IDLE","t":"2026-07-16T11:27:49.1638149Z","type":"sample"}
{"channel":"rr","display":50.33557046979866,"mu":0,"quality":"OUT_OF_RANGE","raw":279.5,"sigma":1.5,"state":"IDLE","t":"2026-07-16T11:27:49.1704028Z","type":"sample"}
{"channel":"rr","display":51.724137931034484,"mu":0,"quality":"OUT_OF_RANGE","raw":279.8,"sigma":1.5,"state":"IDLE","t":"2026-07-16T11:27:49.2103015Z","type":"sample"}
{"channel":"rr","display":51.724137931034484,"mu":0,"quality":"OUT_OF_RANGE","raw":280,"sigma":1.5,"state":"IDLE","t":"2026-07-16T11:27:49.250288Z","type":"sample"}
{"channel":"gsr","display":3834.1,"mu":0,"quality":"OK","raw":3834.1,"sigma":10,"state":"IDLE","t":"2026-07-16T11:27:49.2646084Z","type":"sample"}
{"channel":"rr","display":51.724137931034484,"mu":0,"quality":"OUT_OF_RANGE","raw":278.8,"sigma":1.5,"state":"IDLE","t":"2026-07-16T11:27:49.2902146Z","type":"sample"}
{"channel":"rr","display":51.724137931034484,"mu":0,"quality":"OUT_OF_RANGE","raw":279.9,"sigma":1.5,"state":"IDLE","t":"2026-07-16T11:27:49.3303536Z","type":"sample"}
{"channel":"gsr","display":3834.8,"mu":0,"quality":"OK","raw":3834.8,"sigma":10,"state":"IDLE","t":"2026-07-16T11:27:49.3647996Z","type":"sample"}
{"channel":"rr","display":51.724137931034484,"mu":0,"quality":"OUT_OF_RANGE","raw":279.7,"sigma":1.5,"state":"IDLE","t":"2026-07-16T11:27:49.3705503Z","type":"sample"}
{"address":"/cue/g1/start","args":null,"channel":"system","dir":"out","t":"2026-07-16T11:27:49.3896828Z","type":"osc"}
{"channel":"rr","display":51.724137931034484,"mu":0,"quality":"OUT_OF_RANGE","raw":280.4,"sigma":1.5,"state":"IDLE","t":"2026-07-16T11:27:49.4104137Z","type":"sample"}
{"channel":"rr","display":51.724137931034484,"mu":0,"quality":"OUT_OF_RANGE","raw":279.6,"sigma":1.5,"state":"IDLE","t":"2026-07-16T11:27:49.4503635Z","type":"sample"}
{"channel":"gsr","display":3830.8,"mu":0,"quality":"OK","raw":3830.8,"sigma":10,"state":"IDLE","t":"2026-07-16T11:27:49.4644373Z","type":"sample"}
{"channel":"hr","display":0,"mu":0,"quality":"OUT_OF_RANGE","raw":0,"sigma":3,"state":"IDLE","t":"2026-07-16T11:27:49.4649652Z","type":"sample"}
{"channel":"rr","display":51.724137931034484,"mu":0,"quality":"OUT_OF_RANGE","raw":279.6,"sigma":1.5,"state":"IDLE","t":"2026-07-16T11:27:49.4900575Z","type":"sample"}
{"channel":"rr","display":51.724137931034484,"mu":0,"quality":"OUT_OF_RANGE","raw":279.8,"sigma":1.5,"state":"IDLE","t":"2026-07-16T11:27:49.5300551Z","type":"sample"}
{"channel":"gsr","display":3832.7,"mu":0,"quality":"OK","raw":3832.7,"sigma":10,"state":"IDLE","t":"2026-07-16T11:27:49.5628979Z","type":"sample"}
{"channel":"rr","display":51.724137931034484,"mu":0,"quality":"OUT_OF_RANGE","raw":279.4,"sigma":1.5,"state":"IDLE","t":"2026-07-16T11:27:49.5701871Z","type":"sample"}
{"channel":"rr","display":51.724137931034484,"mu":0,"quality":"OUT_OF_RANGE","raw":280,"sigma":1.5,"state":"IDLE","t":"2026-07-16T11:27:49.6100642Z","type":"sample"}
{"channel":"rr","display":51.724137931034484,"mu":0,"quality":"OUT_OF_RANGE","raw":280.1,"sigma":1.5,"state":"IDLE","t":"2026-07-16T11:27:49.650707Z","type":"sample"}
{"channel":"gsr","display":3829,"mu":0,"quality":"OK","raw":3829,"sigma":10,"state":"IDLE","t":"2026-07-16T11:27:49.6646312Z","type":"sample"}
{"address":"/cue/p/start","args":null,"channel":"system","dir":"out","t":"2026-07-16T11:27:49.681101Z","type":"osc"}
{"channel":"rr","display":51.724137931034484,"mu":0,"quality":"OUT_OF_RANGE","raw":279.6,"sigma":1.5,"state":"IDLE","t":"2026-07-16T11:27:49.6899303Z","type":"sample"}
{"channel":"rr","display":51.724137931034484,"mu":0,"quality":"OUT_OF_RANGE","raw":279.8,"sigma":1.5,"state":"IDLE","t":"2026-07-16T11:27:49.7302378Z","type":"sample"}
{"channel":"gsr","display":3829.1,"mu":0,"quality":"OK","raw":3829.1,"sigma":10,"state":"IDLE","t":"2026-07-16T11:27:49.764696Z","type":"sample"}
{"channel":"rr","display":51.724137931034484,"mu":0,"quality":"OUT_OF_RANGE","raw":279.2,"sigma":1.5,"state":"IDLE","t":"2026-07-16T11:27:49.770203Z","type":"sample"}
{"channel":"rr","display":51.724137931034484,"mu":0,"quality":"OUT_OF_RANGE","raw":280.2,"sigma":1.5,"state":"IDLE","t":"2026-07-16T11:27:49.8103045Z","type":"sample"}
{"channel":"rr","display":51.724137931034484,"mu":0,"quality":"OUT_OF_RANGE","raw":280.1,"sigma":1.5,"state":"IDLE","t":"2026-07-16T11:27:49.8501238Z","type":"sample"}
{"channel":"gsr","display":3825,"mu":0,"quality":"OK","raw":3825,"sigma":10,"state":"IDLE","t":"2026-07-16T11:27:49.8636788Z","type":"sample"}
{"channel":"rr","display":51.724137931034484,"mu":0,"quality":"OUT_OF_RANGE","raw":279.4,"sigma":1.5,"state":"IDLE","t":"2026-07-16T11:27:49.8901148Z","type":"sample"}
{"channel":"rr","display":51.724137931034484,"mu":0,"quality":"OUT_OF_RANGE","raw":279.8,"sigma":1.5,"state":"IDLE","t":"2026-07-16T11:27:49.9302661Z","type":"sample"}
{"channel":"gsr","display":3821.8,"mu":0,"quality":"OK","raw":3821.8,"sigma":10,"state":"IDLE","t":"2026-07-16T11:27:49.9646606Z","type":"sample"}
{"channel":"hr","display":0,"mu":0,"quality":"OUT_OF_RANGE","raw":0,"sigma":3,"state":"IDLE","t":"2026-07-16T11:27:49.9657708Z","type":"sample"}
{"channel":"rr","display":51.724137931034484,"mu":0,"quality":"OUT_OF_RANGE","raw":279.7,"sigma":1.5,"state":"IDLE","t":"2026-07-16T11:27:49.970349Z","type":"sample"}
{"channel":"rr","display":51.724137931034484,"mu":0,"quality":"OUT_OF_RANGE","raw":279.9,"sigma":1.5,"state":"IDLE","t":"2026-07-16T11:27:50.0106795Z","type":"sample"}
{"channel":"rr","display":51.724137931034484,"mu":0,"quality":"OUT_OF_RANGE","raw":280,"sigma":1.5,"state":"IDLE","t":"2026-07-16T11:27:50.0506252Z","type":"sample"}
{"channel":"gsr","display":3821.7,"mu":0,"quality":"OK","raw":3821.7,"sigma":10,"state":"IDLE","t":"2026-07-16T11:27:50.0634259Z","type":"sample"}
{"channel":"rr","display":51.724137931034484,"mu":0,"quality":"OUT_OF_RANGE","raw":279.8,"sigma":1.5,"state":"IDLE","t":"2026-07-16T11:27:50.0905546Z","type":"sample"}
{"channel":"rr","display":51.724137931034484,"mu":0,"quality":"OUT_OF_RANGE","raw":279.8,"sigma":1.5,"state":"IDLE","t":"2026-07-16T11:27:50.1302081Z","type":"sample"}
{"channel":"gsr","display":3820.9,"mu":0,"quality":"OK","raw":3820.9,"sigma":10,"state":"IDLE","t":"2026-07-16T11:27:50.1605722Z","type":"sample"}
{"channel":"rr","display":51.724137931034484,"mu":0,"quality":"OUT_OF_RANGE","raw":280.2,"sigma":1.5,"state":"IDLE","t":"2026-07-16T11:27:50.170258Z","type":"sample"}
{"channel":"rr","display":51.724137931034484,"mu":0,"quality":"OUT_OF_RANGE","raw":279.9,"sigma":1.5,"state":"IDLE","t":"2026-07-16T11:27:50.2102243Z","type":"sample"}
{"channel":"rr","display":51.724137931034484,"mu":0,"quality":"OUT_OF_RANGE","raw":279.2,"sigma":1.5,"state":"IDLE","t":"2026-07-16T11:27:50.2503291Z","type":"sample"}
{"channel":"gsr","display":3818.8,"mu":0,"quality":"OK","raw":3818.8,"sigma":10,"state":"IDLE","t":"2026-07-16T11:27:50.2648659Z","type":"sample"}
{"channel":"rr","display":51.36986301369863,"mu":0,"quality":"OUT_OF_RANGE","raw":279.8,"sigma":1.5,"state":"IDLE","t":"2026-07-16T11:27:50.2903538Z","type":"sample"}
{"channel":"rr","display":51.36986301369863,"mu":0,"quality":"OUT_OF_RANGE","raw":280.1,"sigma":1.5,"state":"IDLE","t":"2026-07-16T11:27:50.3306117Z","type":"sample"}
{"channel":"gsr","display":3818.4,"mu":0,"quality":"OK","raw":3818.4,"sigma":10,"state":"IDLE","t":"2026-07-16T11:27:50.3642992Z","type":"sample"}
{"channel":"rr","display":51.36986301369863,"mu":0,"quality":"OUT_OF_RANGE","raw":279.6,"sigma":1.5,"state":"IDLE","t":"2026-07-16T11:27:50.3701963Z","type":"sample"}
{"address":"/cue/g1/start","args":null,"channel":"system","dir":"out","t":"2026-07-16T11:27:50.4041691Z","type":"osc"}
{"channel":"rr","display":51.36986301369863,"mu":0,"quality":"OUT_OF_RANGE","raw":279.8,"sigma":1.5,"state":"IDLE","t":"2026-07-16T11:27:50.4104735Z","type":"sample"}
{"channel":"rr","display":51.36986301369863,"mu":0,"quality":"OUT_OF_RANGE","raw":280,"sigma":1.5,"state":"IDLE","t":"2026-07-16T11:27:50.4501538Z","type":"sample"}
{"channel":"gsr","display":3819.9,"mu":0,"quality":"OK","raw":3819.9,"sigma":10,"state":"IDLE","t":"2026-07-16T11:27:50.4632452Z","type":"sample"}
{"channel":"hr","display":0,"mu":0,"quality":"OUT_OF_RANGE","raw":0,"sigma":3,"state":"IDLE","t":"2026-07-16T11:27:50.4653559Z","type":"sample"}
{"channel":"rr","display":51.36986301369863,"mu":0,"quality":"OUT_OF_RANGE","raw":279.4,"sigma":1.5,"state":"IDLE","t":"2026-07-16T11:27:50.4900449Z","type":"sample"}
{"channel":"rr","display":51.36986301369863,"mu":0,"quality":"OUT_OF_RANGE","raw":279.7,"sigma":1.5,"state":"IDLE","t":"2026-07-16T11:27:50.5304143Z","type":"sample"}
{"channel":"gsr","display":3817.2,"mu":0,"quality":"OK","raw":3817.2,"sigma":10,"state":"IDLE","t":"2026-07-16T11:27:50.5623297Z","type":"sample"}
{"channel":"rr","display":51.36986301369863,"mu":0,"quality":"OUT_OF_RANGE","raw":280.4,"sigma":1.5,"state":"IDLE","t":"2026-07-16T11:27:50.5702508Z","type":"sample"}
{"channel":"rr","display":51.36986301369863,"mu":0,"quality":"OUT_OF_RANGE","raw":280.4,"sigma":1.5,"state":"IDLE","t":"2026-07-16T11:27:50.6102854Z","type":"sample"}
{"channel":"rr","display":51.36986301369863,"mu":0,"quality":"OUT_OF_RANGE","raw":279.5,"sigma":1.5,"state":"IDLE","t":"2026-07-16T11:27:50.6504311Z","type":"sample"}
{"channel":"gsr","display":3816.8,"mu":0,"quality":"OK","raw":3816.8,"sigma":10,"state":"IDLE","t":"2026-07-16T11:27:50.664682Z","type":"sample"}
{"address":"/cue/p/start","args":null,"channel":"system","dir":"out","t":"2026-07-16T11:27:50.681046Z","type":"osc"}
{"channel":"rr","display":51.36986301369863,"mu":0,"quality":"OUT_OF_RANGE","raw":279.6,"sigma":1.5,"state":"IDLE","t":"2026-07-16T11:27:50.6902113Z","type":"sample"}
{"channel":"rr","display":51.36986301369863,"mu":0,"quality":"OUT_OF_RANGE","raw":280.5,"sigma":1.5,"state":"IDLE","t":"2026-07-16T11:27:50.7304167Z","type":"sample"}
{"channel":"gsr","display":3815.6,"mu":0,"quality":"OK","raw":3815.6,"sigma":10,"state":"IDLE","t":"2026-07-16T11:27:50.7649064Z","type":"sample"}
{"channel":"rr","display":51.36986301369863,"mu":0,"quality":"OUT_OF_RANGE","raw":279.5,"sigma":1.5,"state":"IDLE","t":"2026-07-16T11:27:50.7701681Z","type":"sample"}
{"channel":"rr","display":51.36986301369863,"mu":0,"quality":"OUT_OF_RANGE","raw":279.9,"sigma":1.5,"state":"IDLE","t":"2026-07-16T11:27:50.8099438Z","type":"sample"}
{"channel":"rr","display":51.36986301369863,"mu":0,"quality":"OUT_OF_RANGE","raw":280.1,"sigma":1.5,"state":"IDLE","t":"2026-07-16T11:27:50.8499955Z","type":"sample"}
{"channel":"gsr","display":3812,"mu":0,"quality":"OK","raw":3812,"sigma":10,"state":"IDLE","t":"2026-07-16T11:27:50.8646983Z","type":"sample"}
{"channel":"rr","display":51.36986301369863,"mu":0,"quality":"OUT_OF_RANGE","raw":279.8,"sigma":1.5,"state":"IDLE","t":"2026-07-16T11:27:50.8902794Z","type":"sample"}
{"channel":"rr","display":51.36986301369863,"mu":0,"quality":"OUT_OF_RANGE","raw":280.2,"sigma":1.5,"state":"IDLE","t":"2026-07-16T11:27:50.9302302Z","type":"sample"}
{"channel":"gsr","display":3807.4,"mu":0,"quality":"OK","raw":3807.4,"sigma":10,"state":"IDLE","t":"2026-07-16T11:27:50.964745Z","type":"sample"}
{"channel":"hr","display":0,"mu":0,"quality":"OUT_OF_RANGE","raw":0,"sigma":3,"state":"IDLE","t":"2026-07-16T11:27:50.9654606Z","type":"sample"}
{"channel":"rr","display":51.36986301369863,"mu":0,"quality":"OUT_OF_RANGE","raw":279.9,"sigma":1.5,"state":"IDLE","t":"2026-07-16T11:27:50.9706237Z","type":"sample"}
{"channel":"rr","display":51.36986301369863,"mu":0,"quality":"OUT_OF_RANGE","raw":279.6,"sigma":1.5,"state":"IDLE","t":"2026-07-16T11:27:51.0103619Z","type":"sample"}
{"channel":"rr","display":51.36986301369863,"mu":0,"quality":"OUT_OF_RANGE","raw":279.3,"sigma":1.5,"state":"IDLE","t":"2026-07-16T11:27:51.0506199Z","type":"sample"}
{"channel":"gsr","display":3803.7,"mu":0,"quality":"OK","raw":3803.7,"sigma":10,"state":"IDLE","t":"2026-07-16T11:27:51.0612421Z","type":"sample"}
{"channel":"rr","display":51.36986301369863,"mu":0,"quality":"OUT_OF_RANGE","raw":279.5,"sigma":1.5,"state":"IDLE","t":"2026-07-16T11:27:51.0902034Z","type":"sample"}
{"channel":"rr","display":51.36986301369863,"mu":0,"quality":"OUT_OF_RANGE","raw":280.1,"sigma":1.5,"state":"IDLE","t":"2026-07-16T11:27:51.1299405Z","type":"sample"}
{"channel":"gsr","display":3797.1,"mu":0,"quality":"OK","raw":3797.1,"sigma":10,"state":"IDLE","t":"2026-07-16T11:27:51.1645724Z","type":"sample"}
{"channel":"rr","display":51.36986301369863,"mu":0,"quality":"OUT_OF_RANGE","raw":279.4,"sigma":1.5,"state":"IDLE","t":"2026-07-16T11:27:51.1707609Z","type":"sample"}
{"channel":"rr","display":51.36986301369863,"mu":0,"quality":"OUT_OF_RANGE","raw":279.8,"sigma":1.5,"state":"IDLE","t":"2026-07-16T11:27:51.2099022Z","type":"sample"}
{"channel":"rr","display":51.36986301369863,"mu":0,"quality":"OUT_OF_RANGE","raw":278.6,"sigma":1.5,"state":"IDLE","t":"2026-07-16T11:27:51.2505742Z","type":"sample"}
{"channel":"gsr","display":3790.1,"mu":0,"quality":"OK","raw":3790.1,"sigma":10,"state":"IDLE","t":"2026-07-16T11:27:51.2647977Z","type":"sample"}
{"channel":"rr","display":51.724137931034484,"mu":0,"quality":"OUT_OF_RANGE","raw":280,"sigma":1.5,"state":"IDLE","t":"2026-07-16T11:27:51.2904539Z","type":"sample"}
{"channel":"rr","display":51.724137931034484,"mu":0,"quality":"OUT_OF_RANGE","raw":280.4,"sigma":1.5,"state":"IDLE","t":"2026-07-16T11:27:51.3302631Z","type":"sample"}
{"channel":"gsr","display":3782.8,"mu":0,"quality":"OK","raw":3782.8,"sigma":10,"state":"IDLE","t":"2026-07-16T11:27:51.3647817Z","type":"sample"}
{"channel":"rr","display":51.724137931034484,"mu":0,"quality":"OUT_OF_RANGE","raw":279.8,"sigma":1.5,"state":"IDLE","t":"2026-07-16T11:27:51.3703825Z","type":"sample"}
{"address":"/cue/g1/start","args":null,"channel":"system","dir":"out","t":"2026-07-16T11:27:51.4100425Z","type":"osc"}
{"channel":"rr","display":51.724137931034484,"mu":0,"quality":"OUT_OF_RANGE","raw":279,"sigma":1.5,"state":"IDLE","t":"2026-07-16T11:27:51.4106299Z","type":"sample"}
{"channel":"rr","display":51.724137931034484,"mu":0,"quality":"OUT_OF_RANGE","raw":279.2,"sigma":1.5,"state":"IDLE","t":"2026-07-16T11:27:51.4499194Z","type":"sample"}
{"channel":"gsr","display":3772.2,"mu":0,"quality":"OK","raw":3772.2,"sigma":10,"state":"IDLE","t":"2026-07-16T11:27:51.4648016Z","type":"sample"}
{"channel":"hr","display":0,"mu":0,"quality":"OUT_OF_RANGE","raw":0,"sigma":3,"state":"IDLE","t":"2026-07-16T11:27:51.4653298Z","type":"sample"}
{"channel":"rr","display":51.724137931034484,"mu":0,"quality":"OUT_OF_RANGE","raw":279.2,"sigma":1.5,"state":"IDLE","t":"2026-07-16T11:27:51.4901957Z","type":"sample"}
{"channel":"rr","display":51.724137931034484,"mu":0,"quality":"OUT_OF_RANGE","raw":280.2,"sigma":1.5,"state":"IDLE","t":"2026-07-16T11:27:51.5299489Z","type":"sample"}
{"channel":"gsr","display":3760.2,"mu":0,"quality":"OK","raw":3760.2,"sigma":10,"state":"IDLE","t":"2026-07-16T11:27:51.5629241Z","type":"sample"}
{"channel":"rr","display":51.724137931034484,"mu":0,"quality":"OUT_OF_RANGE","raw":279.7,"sigma":1.5,"state":"IDLE","t":"2026-07-16T11:27:51.5708011Z","type":"sample"}
{"channel":"rr","display":51.724137931034484,"mu":0,"quality":"OUT_OF_RANGE","raw":280,"sigma":1.5,"state":"IDLE","t":"2026-07-16T11:27:51.6103361Z","type":"sample"}
{"channel":"rr","display":51.724137931034484,"mu":0,"quality":"OUT_OF_RANGE","raw":279.7,"sigma":1.5,"state":"IDLE","t":"2026-07-16T11:27:51.6504922Z","type":"sample"}
{"channel":"gsr","display":3748.2,"mu":0,"quality":"OK","raw":3748.2,"sigma":10,"state":"IDLE","t":"2026-07-16T11:27:51.6602662Z","type":"sample"}
{"address":"/cue/p/start","args":null,"channel":"system","dir":"out","t":"2026-07-16T11:27:51.6812494Z","type":"osc"}
{"channel":"rr","display":51.724137931034484,"mu":0,"quality":"OUT_OF_RANGE","raw":279.8,"sigma":1.5,"state":"IDLE","t":"2026-07-16T11:27:51.6904613Z","type":"sample"}
{"channel":"rr","display":51.724137931034484,"mu":0,"quality":"OUT_OF_RANGE","raw":279.4,"sigma":1.5,"state":"IDLE","t":"2026-07-16T11:27:51.7302057Z","type":"sample"}
{"channel":"gsr","display":3739.1,"mu":0,"quality":"OK","raw":3739.1,"sigma":10,"state":"IDLE","t":"2026-07-16T11:27:51.7609741Z","type":"sample"}
{"channel":"rr","display":51.724137931034484,"mu":0,"quality":"OUT_OF_RANGE","raw":278.6,"sigma":1.5,"state":"IDLE","t":"2026-07-16T11:27:51.770697Z","type":"sample"}
{"channel":"rr","display":51.724137931034484,"mu":0,"quality":"OUT_OF_RANGE","raw":279.4,"sigma":1.5,"state":"IDLE","t":"2026-07-16T11:27:51.8103311Z","type":"sample"}
{"channel":"rr","display":51.724137931034484,"mu":0,"quality":"OUT_OF_RANGE","raw":279.9,"sigma":1.5,"state":"IDLE","t":"2026-07-16T11:27:51.8500316Z","type":"sample"}
{"channel":"gsr","display":3728.8,"mu":0,"quality":"OK","raw":3728.8,"sigma":10,"state":"IDLE","t":"2026-07-16T11:27:51.8647518Z","type":"sample"}
{"channel":"rr","display":51.724137931034484,"mu":0,"quality":"OUT_OF_RANGE","raw":279.5,"sigma":1.5,"state":"IDLE","t":"2026-07-16T11:27:51.8902763Z","type":"sample"}
{"channel":"rr","display":51.724137931034484,"mu":0,"quality":"OUT_OF_RANGE","raw":279.2,"sigma":1.5,"state":"IDLE","t":"2026-07-16T11:27:51.9304619Z","type":"sample"}
{"channel":"gsr","display":3721.2,"mu":0,"quality":"OK","raw":3721.2,"sigma":10,"state":"IDLE","t":"2026-07-16T11:27:51.964795Z","type":"sample"}
{"channel":"hr","display":0,"mu":0,"quality":"OUT_OF_RANGE","raw":0,"sigma":3,"state":"IDLE","t":"2026-07-16T11:27:51.9653549Z","type":"sample"}
{"channel":"rr","display":51.724137931034484,"mu":0,"quality":"OUT_OF_RANGE","raw":279.4,"sigma":1.5,"state":"IDLE","t":"2026-07-16T11:27:51.9703858Z","type":"sample"}
{"channel":"rr","display":51.724137931034484,"mu":0,"quality":"OUT_OF_RANGE","raw":279.9,"sigma":1.5,"state":"IDLE","t":"2026-07-16T11:27:52.0102266Z","type":"sample"}
{"channel":"rr","display":51.724137931034484,"mu":0,"quality":"OUT_OF_RANGE","raw":279.6,"sigma":1.5,"state":"IDLE","t":"2026-07-16T11:27:52.0501482Z","type":"sample"}
{"channel":"gsr","display":3709.8,"mu":0,"quality":"OK","raw":3709.8,"sigma":10,"state":"IDLE","t":"2026-07-16T11:27:52.0628576Z","type":"sample"}
{"channel":"rr","display":51.724137931034484,"mu":0,"quality":"OUT_OF_RANGE","raw":279.2,"sigma":1.5,"state":"IDLE","t":"2026-07-16T11:27:52.09011Z","type":"sample"}
{"channel":"rr","display":51.724137931034484,"mu":0,"quality":"OUT_OF_RANGE","raw":279.3,"sigma":1.5,"state":"IDLE","t":"2026-07-16T11:27:52.1300833Z","type":"sample"}
{"channel":"gsr","display":3704.2,"mu":0,"quality":"OK","raw":3704.2,"sigma":10,"state":"IDLE","t":"2026-07-16T11:27:52.1648711Z","type":"sample"}
{"channel":"rr","display":51.724137931034484,"mu":0,"quality":"OUT_OF_RANGE","raw":280.6,"sigma":1.5,"state":"IDLE","t":"2026-07-16T11:27:52.1703939Z","type":"sample"}
{"channel":"rr","display":51.724137931034484,"mu":0,"quality":"OUT_OF_RANGE","raw":280.6,"sigma":1.5,"state":"IDLE","t":"2026-07-16T11:27:52.2103584Z","type":"sample"}
{"channel":"rr","display":51.724137931034484,"mu":0,"quality":"OUT_OF_RANGE","raw":279.2,"sigma":1.5,"state":"IDLE","t":"2026-07-16T11:27:52.2505862Z","type":"sample"}
{"channel":"gsr","display":3693.5,"mu":0,"quality":"OK","raw":3693.5,"sigma":10,"state":"IDLE","t":"2026-07-16T11:27:52.2618186Z","type":"sample"}
{"channel":"rr","display":56.390977443609025,"mu":0,"quality":"OUT_OF_RANGE","raw":280.4,"sigma":1.5,"state":"IDLE","t":"2026-07-16T11:27:52.2901036Z","type":"sample"}
{"channel":"rr","display":56.390977443609025,"mu":0,"quality":"OUT_OF_RANGE","raw":279.4,"sigma":1.5,"state":"IDLE","t":"2026-07-16T11:27:52.3305443Z","type":"sample"}
{"channel":"gsr","display":3682.3,"mu":0,"quality":"OK","raw":3682.3,"sigma":10,"state":"IDLE","t":"2026-07-16T11:27:52.3648487Z","type":"sample"}
{"channel":"rr","display":56.390977443609025,"mu":0,"quality":"OUT_OF_RANGE","raw":279.7,"sigma":1.5,"state":"IDLE","t":"2026-07-16T11:27:52.3704132Z","type":"sample"}
{"channel":"rr","display":56.390977443609025,"mu":0,"quality":"OUT_OF_RANGE","raw":279.7,"sigma":1.5,"state":"IDLE","t":"2026-07-16T11:27:52.410327Z","type":"sample"}
{"address":"/cue/g1/start","args":null,"channel":"system","dir":"out","t":"2026-07-16T11:27:52.4259015Z","type":"osc"}
{"channel":"rr","display":56.390977443609025,"mu":0,"quality":"OUT_OF_RANGE","raw":280.1,"sigma":1.5,"state":"IDLE","t":"2026-07-16T11:27:52.4506052Z","type":"sample"}
{"channel":"gsr","display":3674.7,"mu":0,"quality":"OK","raw":3674.7,"sigma":10,"state":"IDLE","t":"2026-07-16T11:27:52.464764Z","type":"sample"}
{"channel":"hr","display":0,"mu":0,"quality":"OUT_OF_RANGE","raw":0,"sigma":3,"state":"IDLE","t":"2026-07-16T11:27:52.4653227Z","type":"sample"}
{"channel":"rr","display":56.390977443609025,"mu":0,"quality":"OUT_OF_RANGE","raw":279.8,"sigma":1.5,"state":"IDLE","t":"2026-07-16T11:27:52.4902441Z","type":"sample"}
{"channel":"rr","display":56.390977443609025,"mu":0,"quality":"OUT_OF_RANGE","raw":279.8,"sigma":1.5,"state":"IDLE","t":"2026-07-16T11:27:52.5306691Z","type":"sample"}
{"channel":"gsr","display":3671.6,"mu":0,"quality":"OK","raw":3671.6,"sigma":10,"state":"IDLE","t":"2026-07-16T11:27:52.5599886Z","type":"sample"}
{"channel":"rr","display":56.390977443609025,"mu":0,"quality":"OUT_OF_RANGE","raw":278.5,"sigma":1.5,"state":"IDLE","t":"2026-07-16T11:27:52.5705101Z","type":"sample"}
{"channel":"rr","display":56.390977443609025,"mu":0,"quality":"OUT_OF_RANGE","raw":280.8,"sigma":1.5,"state":"IDLE","t":"2026-07-16T11:27:52.6107339Z","type":"sample"}
{"channel":"rr","display":56.390977443609025,"mu":0,"quality":"OUT_OF_RANGE","raw":279.7,"sigma":1.5,"state":"IDLE","t":"2026-07-16T11:27:52.6500393Z","type":"sample"}
{"channel":"gsr","display":3662.5,"mu":0,"quality":"OK","raw":3662.5,"sigma":10,"state":"IDLE","t":"2026-07-16T11:27:52.6631836Z","type":"sample"}
{"address":"/cue/p/start","args":null,"channel":"system","dir":"out","t":"2026-07-16T11:27:52.6807689Z","type":"osc"}
{"channel":"rr","display":56.390977443609025,"mu":0,"quality":"OUT_OF_RANGE","raw":279.1,"sigma":1.5,"state":"IDLE","t":"2026-07-16T11:27:52.6902305Z","type":"sample"}
{"channel":"rr","display":56.390977443609025,"mu":0,"quality":"OUT_OF_RANGE","raw":280,"sigma":1.5,"state":"IDLE","t":"2026-07-16T11:27:52.7299891Z","type":"sample"}
{"channel":"gsr","display":3664.2,"mu":0,"quality":"OK","raw":3664.2,"sigma":10,"state":"IDLE","t":"2026-07-16T11:27:52.7646561Z","type":"sample"}
{"channel":"rr","display":56.390977443609025,"mu":0,"quality":"OUT_OF_RANGE","raw":279.2,"sigma":1.5,"state":"IDLE","t":"2026-07-16T11:27:52.7701263Z","type":"sample"}
{"channel":"rr","display":56.390977443609025,"mu":0,"quality":"OUT_OF_RANGE","raw":279.4,"sigma":1.5,"state":"IDLE","t":"2026-07-16T11:27:52.8102382Z","type":"sample"}
{"channel":"rr","display":56.390977443609025,"mu":0,"quality":"OUT_OF_RANGE","raw":279.6,"sigma":1.5,"state":"IDLE","t":"2026-07-16T11:27:52.8500127Z","type":"sample"}
{"channel":"gsr","display":3658.8,"mu":0,"quality":"OK","raw":3658.8,"sigma":10,"state":"IDLE","t":"2026-07-16T11:27:52.8638764Z","type":"sample"}
{"channel":"rr","display":56.390977443609025,"mu":0,"quality":"OUT_OF_RANGE","raw":279.4,"sigma":1.5,"state":"IDLE","t":"2026-07-16T11:27:52.8902917Z","type":"sample"}
{"channel":"rr","display":56.390977443609025,"mu":0,"quality":"OUT_OF_RANGE","raw":279.9,"sigma":1.5,"state":"IDLE","t":"2026-07-16T11:27:52.9304247Z","type":"sample"}
{"channel":"gsr","display":3657.1,"mu":0,"quality":"OK","raw":3657.1,"sigma":10,"state":"IDLE","t":"2026-07-16T11:27:52.9622072Z","type":"sample"}
{"channel":"hr","display":0,"mu":0,"quality":"OUT_OF_RANGE","raw":0,"sigma":3,"state":"IDLE","t":"2026-07-16T11:27:52.9653324Z","type":"sample"}
{"channel":"rr","display":56.390977443609025,"mu":0,"quality":"OUT_OF_RANGE","raw":279.4,"sigma":1.5,"state":"IDLE","t":"2026-07-16T11:27:52.9705899Z","type":"sample"}
{"channel":"rr","display":56.390977443609025,"mu":0,"quality":"OUT_OF_RANGE","raw":279.3,"sigma":1.5,"state":"IDLE","t":"2026-07-16T11:27:53.0101773Z","type":"sample"}
{"channel":"rr","display":56.390977443609025,"mu":0,"quality":"OUT_OF_RANGE","raw":279.1,"sigma":1.5,"state":"IDLE","t":"2026-07-16T11:27:53.0503341Z","type":"sample"}
{"channel":"gsr","display":3654.8,"mu":0,"quality":"OK","raw":3654.8,"sigma":10,"state":"IDLE","t":"2026-07-16T11:27:53.0611322Z","type":"sample"}
{"channel":"rr","display":56.390977443609025,"mu":0,"quality":"OUT_OF_RANGE","raw":280.1,"sigma":1.5,"state":"IDLE","t":"2026-07-16T11:27:53.0903816Z","type":"sample"}
{"channel":"rr","display":56.390977443609025,"mu":0,"quality":"OUT_OF_RANGE","raw":279.5,"sigma":1.5,"state":"IDLE","t":"2026-07-16T11:27:53.1301286Z","type":"sample"}
{"channel":"gsr","display":3653.4,"mu":0,"quality":"OK","raw":3653.4,"sigma":10,"state":"IDLE","t":"2026-07-16T11:27:53.1603543Z","type":"sample"}
{"channel":"rr","display":56.390977443609025,"mu":0,"quality":"OUT_OF_RANGE","raw":279.9,"sigma":1.5,"state":"IDLE","t":"2026-07-16T11:27:53.1703367Z","type":"sample"}
{"channel":"rr","display":56.390977443609025,"mu":0,"quality":"OUT_OF_RANGE","raw":278.6,"sigma":1.5,"state":"IDLE","t":"2026-07-16T11:27:53.2106731Z","type":"sample"}
{"channel":"rr","display":56.390977443609025,"mu":0,"quality":"OUT_OF_RANGE","raw":279.1,"sigma":1.5,"state":"IDLE","t":"2026-07-16T11:27:53.2503651Z","type":"sample"}
{"channel":"gsr","display":3654.7,"mu":0,"quality":"OK","raw":3654.7,"sigma":10,"state":"IDLE","t":"2026-07-16T11:27:53.2645363Z","type":"sample"}
{"channel":"rr","display":56.390977443609025,"mu":0,"quality":"OUT_OF_RANGE","raw":279.3,"sigma":1.5,"state":"IDLE","t":"2026-07-16T11:27:53.2902131Z","type":"sample"}
{"channel":"rr","display":56.390977443609025,"mu":0,"quality":"OUT_OF_RANGE","raw":279.4,"sigma":1.5,"state":"IDLE","t":"2026-07-16T11:27:53.3301572Z","type":"sample"}
{"channel":"gsr","display":3655.1,"mu":0,"quality":"OK","raw":3655.1,"sigma":10,"state":"IDLE","t":"2026-07-16T11:27:53.3602723Z","type":"sample"}
{"channel":"rr","display":58.13953488372093,"mu":0,"quality":"OUT_OF_RANGE","raw":280.1,"sigma":1.5,"state":"IDLE","t":"2026-07-16T11:27:53.3702936Z","type":"sample"}
{"channel":"rr","display":58.13953488372093,"mu":0,"quality":"OUT_OF_RANGE","raw":279.1,"sigma":1.5,"state":"IDLE","t":"2026-07-16T11:27:53.4103111Z","type":"sample"}
{"address":"/cue/g1/start","args":null,"channel":"system","dir":"out","t":"2026-07-16T11:27:53.4357917Z","type":"osc"}
{"channel":"rr","display":58.13953488372093,"mu":0,"quality":"OUT_OF_RANGE","raw":279.1,"sigma":1.5,"state":"IDLE","t":"2026-07-16T11:27:53.4499101Z","type":"sample"}
{"channel":"gsr","display":3654.2,"mu":0,"quality":"OK","raw":3654.2,"sigma":10,"state":"IDLE","t":"2026-07-16T11:27:53.4615232Z","type":"sample"}
{"channel":"hr","display":0,"mu":0,"quality":"OUT_OF_RANGE","raw":0,"sigma":3,"state":"IDLE","t":"2026-07-16T11:27:53.4650556Z","type":"sample"}
{"channel":"rr","display":58.13953488372093,"mu":0,"quality":"OUT_OF_RANGE","raw":279.4,"sigma":1.5,"state":"IDLE","t":"2026-07-16T11:27:53.4902651Z","type":"sample"}
{"channel":"rr","display":58.13953488372093,"mu":0,"quality":"OUT_OF_RANGE","raw":279.6,"sigma":1.5,"state":"IDLE","t":"2026-07-16T11:27:53.5304688Z","type":"sample"}
{"channel":"gsr","display":3653.7,"mu":0,"quality":"OK","raw":3653.7,"sigma":10,"state":"IDLE","t":"2026-07-16T11:27:53.5647127Z","type":"sample"}
{"channel":"rr","display":58.13953488372093,"mu":0,"quality":"OUT_OF_RANGE","raw":279.8,"sigma":1.5,"state":"IDLE","t":"2026-07-16T11:27:53.5710047Z","type":"sample"}
{"channel":"rr","display":58.13953488372093,"mu":0,"quality":"OUT_OF_RANGE","raw":279.2,"sigma":1.5,"state":"IDLE","t":"2026-07-16T11:27:53.6105248Z","type":"sample"}
{"channel":"rr","display":58.13953488372093,"mu":0,"quality":"OUT_OF_RANGE","raw":279.7,"sigma":1.5,"state":"IDLE","t":"2026-07-16T11:27:53.6503441Z","type":"sample"}
{"channel":"gsr","display":3659.3,"mu":0,"quality":"OK","raw":3659.3,"sigma":10,"state":"IDLE","t":"2026-07-16T11:27:53.6604405Z","type":"sample"}
{"address":"/cue/p/start","args":null,"channel":"system","dir":"out","t":"2026-07-16T11:27:53.680619Z","type":"osc"}
{"channel":"rr","display":58.13953488372093,"mu":0,"quality":"OUT_OF_RANGE","raw":279.4,"sigma":1.5,"state":"IDLE","t":"2026-07-16T11:27:53.6899034Z","type":"sample"}
{"channel":"rr","display":58.13953488372093,"mu":0,"quality":"OUT_OF_RANGE","raw":279.4,"sigma":1.5,"state":"IDLE","t":"2026-07-16T11:27:53.7300989Z","type":"sample"}
{"channel":"gsr","display":3658.8,"mu":0,"quality":"OK","raw":3658.8,"sigma":10,"state":"IDLE","t":"2026-07-16T11:27:53.7639442Z","type":"sample"}
{"channel":"rr","display":58.13953488372093,"mu":0,"quality":"OUT_OF_RANGE","raw":279.7,"sigma":1.5,"state":"IDLE","t":"2026-07-16T11:27:53.7705118Z","type":"sample"}
{"channel":"rr","display":58.13953488372093,"mu":0,"quality":"OUT_OF_RANGE","raw":279.8,"sigma":1.5,"state":"IDLE","t":"2026-07-16T11:27:53.8101372Z","type":"sample"}
{"channel":"rr","display":58.13953488372093,"mu":0,"quality":"OUT_OF_RANGE","raw":278.9,"sigma":1.5,"state":"IDLE","t":"2026-07-16T11:27:53.8500657Z","type":"sample"}
{"channel":"gsr","display":3660.1,"mu":0,"quality":"OK","raw":3660.1,"sigma":10,"state":"IDLE","t":"2026-07-16T11:27:53.8647646Z","type":"sample"}
{"channel":"rr","display":58.13953488372093,"mu":0,"quality":"OUT_OF_RANGE","raw":279.8,"sigma":1.5,"state":"IDLE","t":"2026-07-16T11:27:53.890345Z","type":"sample"}
{"channel":"rr","display":58.13953488372093,"mu":0,"quality":"OUT_OF_RANGE","raw":279.9,"sigma":1.5,"state":"IDLE","t":"2026-07-16T11:27:53.9306163Z","type":"sample"}
{"channel":"gsr","display":3663.4,"mu":0,"quality":"OK","raw":3663.4,"sigma":10,"state":"IDLE","t":"2026-07-16T11:27:53.9604291Z","type":"sample"}
{"channel":"hr","display":0,"mu":0,"quality":"OUT_OF_RANGE","raw":0,"sigma":3,"state":"IDLE","t":"2026-07-16T11:27:53.9649049Z","type":"sample"}
{"channel":"rr","display":58.13953488372093,"mu":0,"quality":"OUT_OF_RANGE","raw":278.8,"sigma":1.5,"state":"IDLE","t":"2026-07-16T11:27:53.970365Z","type":"sample"}
{"channel":"rr","display":58.13953488372093,"mu":0,"quality":"OUT_OF_RANGE","raw":279.4,"sigma":1.5,"state":"IDLE","t":"2026-07-16T11:27:54.0099736Z","type":"sample"}
{"channel":"rr","display":58.13953488372093,"mu":0,"quality":"OUT_OF_RANGE","raw":278.8,"sigma":1.5,"state":"IDLE","t":"2026-07-16T11:27:54.0498737Z","type":"sample"}
{"channel":"gsr","display":3659.6,"mu":0,"quality":"OK","raw":3659.6,"sigma":10,"state":"IDLE","t":"2026-07-16T11:27:54.0645568Z","type":"sample"}
{"channel":"rr","display":58.13953488372093,"mu":0,"quality":"OUT_OF_RANGE","raw":280.1,"sigma":1.5,"state":"IDLE","t":"2026-07-16T11:27:54.0900586Z","type":"sample"}
{"channel":"rr","display":58.13953488372093,"mu":0,"quality":"OUT_OF_RANGE","raw":279.6,"sigma":1.5,"state":"IDLE","t":"2026-07-16T11:27:54.1303119Z","type":"sample"}
{"channel":"gsr","display":3666,"mu":0,"quality":"OK","raw":3666,"sigma":10,"state":"IDLE","t":"2026-07-16T11:27:54.1601896Z","type":"sample"}
{"channel":"rr","display":58.13953488372093,"mu":0,"quality":"OUT_OF_RANGE","raw":279.6,"sigma":1.5,"state":"IDLE","t":"2026-07-16T11:27:54.1702726Z","type":"sample"}
{"channel":"rr","display":58.13953488372093,"mu":0,"quality":"OUT_OF_RANGE","raw":278.9,"sigma":1.5,"state":"IDLE","t":"2026-07-16T11:27:54.2102998Z","type":"sample"}
{"channel":"rr","display":58.13953488372093,"mu":0,"quality":"OUT_OF_RANGE","raw":279.8,"sigma":1.5,"state":"IDLE","t":"2026-07-16T11:27:54.2502212Z","type":"sample"}
{"channel":"gsr","display":3666.1,"mu":0,"quality":"OK","raw":3666.1,"sigma":10,"state":"IDLE","t":"2026-07-16T11:27:54.2624117Z","type":"sample"}
{"channel":"rr","display":58.13953488372093,"mu":0,"quality":"OUT_OF_RANGE","raw":279.1,"sigma":1.5,"state":"IDLE","t":"2026-07-16T11:27:54.2901205Z","type":"sample"}
{"channel":"rr","display":58.13953488372093,"mu":0,"quality":"OUT_OF_RANGE","raw":279.7,"sigma":1.5,"state":"IDLE","t":"2026-07-16T11:27:54.3301033Z","type":"sample"}
{"channel":"gsr","display":3666.3,"mu":0,"quality":"OK","raw":3666.3,"sigma":10,"state":"IDLE","t":"2026-07-16T11:27:54.3603344Z","type":"sample"}
{"channel":"rr","display":58.13953488372093,"mu":0,"quality":"OUT_OF_RANGE","raw":279.9,"sigma":1.5,"state":"IDLE","t":"2026-07-16T11:27:54.3702594Z","type":"sample"}
{"channel":"rr","display":58.13953488372093,"mu":0,"quality":"OUT_OF_RANGE","raw":279.5,"sigma":1.5,"state":"IDLE","t":"2026-07-16T11:27:54.4102259Z","type":"sample"}
{"address":"/cue/g1/start","args":null,"channel":"system","dir":"out","t":"2026-07-16T11:27:54.4423022Z","type":"osc"}
{"channel":"rr","display":58.13953488372093,"mu":0,"quality":"OUT_OF_RANGE","raw":278.9,"sigma":1.5,"state":"IDLE","t":"2026-07-16T11:27:54.4500591Z","type":"sample"}
{"channel":"gsr","display":3668.4,"mu":0,"quality":"OK","raw":3668.4,"sigma":10,"state":"IDLE","t":"2026-07-16T11:27:54.4646183Z","type":"sample"}
{"channel":"hr","display":0,"mu":0,"quality":"OUT_OF_RANGE","raw":0,"sigma":3,"state":"IDLE","t":"2026-07-16T11:27:54.4646183Z","type":"sample"}
{"channel":"rr","display":56.81818181818182,"mu":0,"quality":"OUT_OF_RANGE","raw":279.8,"sigma":1.5,"state":"IDLE","t":"2026-07-16T11:27:54.4902837Z","type":"sample"}
{"channel":"rr","display":56.81818181818182,"mu":0,"quality":"OUT_OF_RANGE","raw":279.6,"sigma":1.5,"state":"IDLE","t":"2026-07-16T11:27:54.5301727Z","type":"sample"}
{"channel":"gsr","display":3668.5,"mu":0,"quality":"OK","raw":3668.5,"sigma":10,"state":"IDLE","t":"2026-07-16T11:27:54.5608586Z","type":"sample"}
{"channel":"rr","display":56.81818181818182,"mu":0,"quality":"OUT_OF_RANGE","raw":279.6,"sigma":1.5,"state":"IDLE","t":"2026-07-16T11:27:54.5704748Z","type":"sample"}
{"channel":"rr","display":56.81818181818182,"mu":0,"quality":"OUT_OF_RANGE","raw":279.8,"sigma":1.5,"state":"IDLE","t":"2026-07-16T11:27:54.6099858Z","type":"sample"}
{"channel":"rr","display":56.81818181818182,"mu":0,"quality":"OUT_OF_RANGE","raw":279.8,"sigma":1.5,"state":"IDLE","t":"2026-07-16T11:27:54.6503665Z","type":"sample"}
{"channel":"gsr","display":3670.7,"mu":0,"quality":"OK","raw":3670.7,"sigma":10,"state":"IDLE","t":"2026-07-16T11:27:54.6606589Z","type":"sample"}
{"address":"/cue/p/start","args":null,"channel":"system","dir":"out","t":"2026-07-16T11:27:54.6812204Z","type":"osc"}
{"channel":"rr","display":56.81818181818182,"mu":0,"quality":"OUT_OF_RANGE","raw":279.9,"sigma":1.5,"state":"IDLE","t":"2026-07-16T11:27:54.690096Z","type":"sample"}
{"channel":"rr","display":56.81818181818182,"mu":0,"quality":"OUT_OF_RANGE","raw":279.4,"sigma":1.5,"state":"IDLE","t":"2026-07-16T11:27:54.7304821Z","type":"sample"}
{"channel":"gsr","display":3671.7,"mu":0,"quality":"OK","raw":3671.7,"sigma":10,"state":"IDLE","t":"2026-07-16T11:27:54.763361Z","type":"sample"}
{"channel":"rr","display":56.81818181818182,"mu":0,"quality":"OUT_OF_RANGE","raw":280.7,"sigma":1.5,"state":"IDLE","t":"2026-07-16T11:27:54.7702878Z","type":"sample"}
{"channel":"rr","display":56.81818181818182,"mu":0,"quality":"OUT_OF_RANGE","raw":279.9,"sigma":1.5,"state":"IDLE","t":"2026-07-16T11:27:54.8103844Z","type":"sample"}
{"channel":"rr","display":56.81818181818182,"mu":0,"quality":"OUT_OF_RANGE","raw":278.9,"sigma":1.5,"state":"IDLE","t":"2026-07-16T11:27:54.8502266Z","type":"sample"}
{"channel":"gsr","display":3670.9,"mu":0,"quality":"OK","raw":3670.9,"sigma":10,"state":"IDLE","t":"2026-07-16T11:27:54.8646338Z","type":"sample"}
{"channel":"rr","display":56.81818181818182,"mu":0,"quality":"OUT_OF_RANGE","raw":279.6,"sigma":1.5,"state":"IDLE","t":"2026-07-16T11:27:54.8903257Z","type":"sample"}
{"channel":"rr","display":56.81818181818182,"mu":0,"quality":"OUT_OF_RANGE","raw":279.4,"sigma":1.5,"state":"IDLE","t":"2026-07-16T11:27:54.9305373Z","type":"sample"}
{"channel":"gsr","display":3673.3,"mu":0,"quality":"OK","raw":3673.3,"sigma":10,"state":"IDLE","t":"2026-07-16T11:27:54.9611121Z","type":"sample"}
{"channel":"hr","display":0,"mu":0,"quality":"OUT_OF_RANGE","raw":0,"sigma":3,"state":"IDLE","t":"2026-07-16T11:27:54.9652909Z","type":"sample"}
{"channel":"rr","display":56.81818181818182,"mu":0,"quality":"OUT_OF_RANGE","raw":279.4,"sigma":1.5,"state":"IDLE","t":"2026-07-16T11:27:54.9702966Z","type":"sample"}
{"channel":"rr","display":56.81818181818182,"mu":0,"quality":"OUT_OF_RANGE","raw":279.6,"sigma":1.5,"state":"IDLE","t":"2026-07-16T11:27:55.0100958Z","type":"sample"}
{"channel":"rr","display":56.81818181818182,"mu":0,"quality":"OUT_OF_RANGE","raw":280.6,"sigma":1.5,"state":"IDLE","t":"2026-07-16T11:27:55.0505898Z","type":"sample"}
{"channel":"gsr","display":3668.3,"mu":0,"quality":"OK","raw":3668.3,"sigma":10,"state":"IDLE","t":"2026-07-16T11:27:55.0640218Z","type":"sample"}
{"channel":"rr","display":56.81818181818182,"mu":0,"quality":"OUT_OF_RANGE","raw":279.5,"sigma":1.5,"state":"IDLE","t":"2026-07-16T11:27:55.0903538Z","type":"sample"}
{"channel":"rr","display":56.81818181818182,"mu":0,"quality":"OUT_OF_RANGE","raw":279.8,"sigma":1.5,"state":"IDLE","t":"2026-07-16T11:27:55.1302859Z","type":"sample"}
{"channel":"gsr","display":3667.1,"mu":0,"quality":"OK","raw":3667.1,"sigma":10,"state":"IDLE","t":"2026-07-16T11:27:55.1638864Z","type":"sample"}
{"channel":"rr","display":56.81818181818182,"mu":0,"quality":"OUT_OF_RANGE","raw":279.9,"sigma":1.5,"state":"IDLE","t":"2026-07-16T11:27:55.1702673Z","type":"sample"}
{"channel":"rr","display":56.81818181818182,"mu":0,"quality":"OUT_OF_RANGE","raw":280.1,"sigma":1.5,"state":"IDLE","t":"2026-07-16T11:27:55.2101818Z","type":"sample"}
{"channel":"rr","display":56.81818181818182,"mu":0,"quality":"OUT_OF_RANGE","raw":279.1,"sigma":1.5,"state":"IDLE","t":"2026-07-16T11:27:55.2501045Z","type":"sample"}
{"channel":"gsr","display":3674.8,"mu":0,"quality":"OK","raw":3674.8,"sigma":10,"state":"IDLE","t":"2026-07-16T11:27:55.2646913Z","type":"sample"}
{"channel":"rr","display":56.81818181818182,"mu":0,"quality":"OUT_OF_RANGE","raw":280.9,"sigma":1.5,"state":"IDLE","t":"2026-07-16T11:27:55.2903879Z","type":"sample"}
{"channel":"rr","display":56.81818181818182,"mu":0,"quality":"OUT_OF_RANGE","raw":279.4,"sigma":1.5,"state":"IDLE","t":"2026-07-16T11:27:55.3300592Z","type":"sample"}
{"channel":"gsr","display":3676.5,"mu":0,"quality":"OK","raw":3676.5,"sigma":10,"state":"IDLE","t":"2026-07-16T11:27:55.3616218Z","type":"sample"}
{"channel":"rr","display":56.81818181818182,"mu":0,"quality":"OUT_OF_RANGE","raw":279.9,"sigma":1.5,"state":"IDLE","t":"2026-07-16T11:27:55.3701781Z","type":"sample"}
{"channel":"rr","display":56.81818181818182,"mu":0,"quality":"OUT_OF_RANGE","raw":280.1,"sigma":1.5,"state":"IDLE","t":"2026-07-16T11:27:55.410519Z","type":"sample"}
{"channel":"rr","display":56.81818181818182,"mu":0,"quality":"OUT_OF_RANGE","raw":280,"sigma":1.5,"state":"IDLE","t":"2026-07-16T11:27:55.4500645Z","type":"sample"}
{"address":"/cue/g1/start","args":null,"channel":"system","dir":"out","t":"2026-07-16T11:27:55.4526423Z","type":"osc"}
{"channel":"gsr","display":3674.8,"mu":0,"quality":"OK","raw":3674.8,"sigma":10,"state":"IDLE","t":"2026-07-16T11:27:55.4645325Z","type":"sample"}
{"channel":"hr","display":0,"mu":0,"quality":"OUT_OF_RANGE","raw":0,"sigma":3,"state":"IDLE","t":"2026-07-16T11:27:55.4650653Z","type":"sample"}
{"channel":"rr","display":56.81818181818182,"mu":0,"quality":"OUT_OF_RANGE","raw":280,"sigma":1.5,"state":"IDLE","t":"2026-07-16T11:27:55.4905193Z","type":"sample"}
{"channel":"rr","display":56.81818181818182,"mu":0,"quality":"OUT_OF_RANGE","raw":280,"sigma":1.5,"state":"IDLE","t":"2026-07-16T11:27:55.5305559Z","type":"sample"}
{"channel":"gsr","display":3674.2,"mu":0,"quality":"OK","raw":3674.2,"sigma":10,"state":"IDLE","t":"2026-07-16T11:27:55.5646218Z","type":"sample"}
{"channel":"rr","display":56.81818181818182,"mu":0,"quality":"OUT_OF_RANGE","raw":279.6,"sigma":1.5,"state":"IDLE","t":"2026-07-16T11:27:55.5712108Z","type":"sample"}
{"channel":"rr","display":56.81818181818182,"mu":0,"quality":"OUT_OF_RANGE","raw":279.1,"sigma":1.5,"state":"IDLE","t":"2026-07-16T11:27:55.6099022Z","type":"sample"}
{"channel":"rr","display":55.97014925373134,"mu":0,"quality":"OUT_OF_RANGE","raw":280,"sigma":1.5,"state":"IDLE","t":"2026-07-16T11:27:55.6499339Z","type":"sample"}
{"channel":"gsr","display":3673,"mu":0,"quality":"OK","raw":3673,"sigma":10,"state":"IDLE","t":"2026-07-16T11:27:55.6647096Z","type":"sample"}
{"address":"/cue/p/start","args":null,"channel":"system","dir":"out","t":"2026-07-16T11:27:55.6813707Z","type":"osc"}
{"channel":"rr","display":55.97014925373134,"mu":0,"quality":"OUT_OF_RANGE","raw":281,"sigma":1.5,"state":"IDLE","t":"2026-07-16T11:27:55.6903042Z","type":"sample"}
{"channel":"rr","display":55.97014925373134,"mu":0,"quality":"OUT_OF_RANGE","raw":279.8,"sigma":1.5,"state":"IDLE","t":"2026-07-16T11:27:55.7304333Z","type":"sample"}
{"channel":"gsr","display":3671.5,"mu":0,"quality":"OK","raw":3671.5,"sigma":10,"state":"IDLE","t":"2026-07-16T11:27:55.7619904Z","type":"sample"}
{"channel":"rr","display":55.97014925373134,"mu":0,"quality":"OUT_OF_RANGE","raw":279.4,"sigma":1.5,"state":"IDLE","t":"2026-07-16T11:27:55.7703445Z","type":"sample"}
{"channel":"rr","display":55.97014925373134,"mu":0,"quality":"OUT_OF_RANGE","raw":279.2,"sigma":1.5,"state":"IDLE","t":"2026-07-16T11:27:55.8105121Z","type":"sample"}
{"channel":"rr","display":55.97014925373134,"mu":0,"quality":"OUT_OF_RANGE","raw":279.8,"sigma":1.5,"state":"IDLE","t":"2026-07-16T11:27:55.850278Z","type":"sample"}
{"channel":"gsr","display":3668.8,"mu":0,"quality":"OK","raw":3668.8,"sigma":10,"state":"IDLE","t":"2026-07-16T11:27:55.8646386Z","type":"sample"}
{"channel":"rr","display":55.97014925373134,"mu":0,"quality":"OUT_OF_RANGE","raw":279.7,"sigma":1.5,"state":"IDLE","t":"2026-07-16T11:27:55.8903962Z","type":"sample"}
{"channel":"rr","display":55.97014925373134,"mu":0,"quality":"OUT_OF_RANGE","raw":279.6,"sigma":1.5,"state":"IDLE","t":"2026-07-16T11:27:55.9299433Z","type":"sample"}
{"channel":"gsr","display":3665.8,"mu":0,"quality":"OK","raw":3665.8,"sigma":10,"state":"IDLE","t":"2026-07-16T11:27:55.9638839Z","type":"sample"}
{"channel":"hr","display":0,"mu":0,"quality":"OUT_OF_RANGE","raw":0,"sigma":3,"state":"IDLE","t":"2026-07-16T11:27:55.9649096Z","type":"sample"}
{"channel":"rr","display":55.97014925373134,"mu":0,"quality":"OUT_OF_RANGE","raw":280,"sigma":1.5,"state":"IDLE","t":"2026-07-16T11:27:55.9706194Z","type":"sample"}
{"channel":"rr","display":55.97014925373134,"mu":0,"quality":"OUT_OF_RANGE","raw":279.5,"sigma":1.5,"state":"IDLE","t":"2026-07-16T11:27:56.0103761Z","type":"sample"}
{"channel":"rr","display":55.97014925373134,"mu":0,"quality":"OUT_OF_RANGE","raw":279.9,"sigma":1.5,"state":"IDLE","t":"2026-07-16T11:27:56.0503261Z","type":"sample"}
{"channel":"gsr","display":3659.1,"mu":0,"quality":"OK","raw":3659.1,"sigma":10,"state":"IDLE","t":"2026-07-16T11:27:56.0645761Z","type":"sample"}
{"channel":"rr","display":55.97014925373134,"mu":0,"quality":"OUT_OF_RANGE","raw":279.9,"sigma":1.5,"state":"IDLE","t":"2026-07-16T11:27:56.0903932Z","type":"sample"}
{"channel":"rr","display":55.97014925373134,"mu":0,"quality":"OUT_OF_RANGE","raw":279.5,"sigma":1.5,"state":"IDLE","t":"2026-07-16T11:27:56.1304768Z","type":"sample"}
{"channel":"gsr","display":3649.6,"mu":0,"quality":"OK","raw":3649.6,"sigma":10,"state":"IDLE","t":"2026-07-16T11:27:56.1646204Z","type":"sample"}
{"channel":"rr","display":55.97014925373134,"mu":0,"quality":"OUT_OF_RANGE","raw":279.5,"sigma":1.5,"state":"IDLE","t":"2026-07-16T11:27:56.170081Z","type":"sample"}
{"channel":"rr","display":55.97014925373134,"mu":0,"quality":"OUT_OF_RANGE","raw":279.9,"sigma":1.5,"state":"IDLE","t":"2026-07-16T11:27:56.2100945Z","type":"sample"}
{"channel":"rr","display":55.97014925373134,"mu":0,"quality":"OUT_OF_RANGE","raw":280.4,"sigma":1.5,"state":"IDLE","t":"2026-07-16T11:27:56.2500391Z","type":"sample"}
{"channel":"gsr","display":3638.8,"mu":0,"quality":"OK","raw":3638.8,"sigma":10,"state":"IDLE","t":"2026-07-16T11:27:56.2647414Z","type":"sample"}
{"channel":"rr","display":55.97014925373134,"mu":0,"quality":"OUT_OF_RANGE","raw":279.8,"sigma":1.5,"state":"IDLE","t":"2026-07-16T11:27:56.290649Z","type":"sample"}
{"channel":"rr","display":55.97014925373134,"mu":0,"quality":"OUT_OF_RANGE","raw":278.8,"sigma":1.5,"state":"IDLE","t":"2026-07-16T11:27:56.3306794Z","type":"sample"}
{"channel":"gsr","display":3626,"mu":0,"quality":"OK","raw":3626,"sigma":10,"state":"IDLE","t":"2026-07-16T11:27:56.3647496Z","type":"sample"}
{"channel":"rr","display":55.97014925373134,"mu":0,"quality":"OUT_OF_RANGE","raw":278.8,"sigma":1.5,"state":"IDLE","t":"2026-07-16T11:27:56.3703069Z","type":"sample"}
{"channel":"rr","display":55.97014925373134,"mu":0,"quality":"OUT_OF_RANGE","raw":279.7,"sigma":1.5,"state":"IDLE","t":"2026-07-16T11:27:56.4103617Z","type":"sample"}
{"channel":"rr","display":55.97014925373134,"mu":0,"quality":"OUT_OF_RANGE","raw":278.9,"sigma":1.5,"state":"IDLE","t":"2026-07-16T11:27:56.4504836Z","type":"sample"}
{"address":"/cue/g1/start","args":null,"channel":"system","dir":"out","t":"2026-07-16T11:27:56.4618631Z","type":"osc"}
{"channel":"gsr","display":3618.7,"mu":0,"quality":"OK","raw":3618.7,"sigma":10,"state":"IDLE","t":"2026-07-16T11:27:56.4645122Z","type":"sample"}
{"channel":"hr","display":0,"mu":0,"quality":"OUT_OF_RANGE","raw":0,"sigma":3,"state":"IDLE","t":"2026-07-16T11:27:56.4651111Z","type":"sample"}
{"channel":"rr","display":55.97014925373134,"mu":0,"quality":"OUT_OF_RANGE","raw":279.2,"sigma":1.5,"state":"IDLE","t":"2026-07-16T11:27:56.4902726Z","type":"sample"}
{"channel":"rr","display":55.97014925373134,"mu":0,"quality":"OUT_OF_RANGE","raw":280.1,"sigma":1.5,"state":"IDLE","t":"2026-07-16T11:27:56.5302567Z","type":"sample"}
{"channel":"gsr","display":3603.7,"mu":0,"quality":"OK","raw":3603.7,"sigma":10,"state":"IDLE","t":"2026-07-16T11:27:56.5637355Z","type":"sample"}
{"channel":"rr","display":55.97014925373134,"mu":0,"quality":"OUT_OF_RANGE","raw":279.5,"sigma":1.5,"state":"IDLE","t":"2026-07-16T11:27:56.5700424Z","type":"sample"}
{"channel":"rr","display":55.97014925373134,"mu":0,"quality":"OUT_OF_RANGE","raw":280.2,"sigma":1.5,"state":"IDLE","t":"2026-07-16T11:27:56.6103353Z","type":"sample"}
{"channel":"rr","display":55.97014925373134,"mu":0,"quality":"OUT_OF_RANGE","raw":279.9,"sigma":1.5,"state":"IDLE","t":"2026-07-16T11:27:56.6504684Z","type":"sample"}
{"channel":"gsr","display":3587.7,"mu":0,"quality":"OK","raw":3587.7,"sigma":10,"state":"IDLE","t":"2026-07-16T11:27:56.6623287Z","type":"sample"}
{"address":"/cue/p/start","args":null,"channel":"system","dir":"out","t":"2026-07-16T11:27:56.6809968Z","type":"osc"}
{"channel":"rr","display":55.97014925373134,"mu":0,"quality":"OUT_OF_RANGE","raw":279.2,"sigma":1.5,"state":"IDLE","t":"2026-07-16T11:27:56.6904624Z","type":"sample"}
{"channel":"rr","display":55.14705882352941,"mu":0,"quality":"OUT_OF_RANGE","raw":280.1,"sigma":1.5,"state":"IDLE","t":"2026-07-16T11:27:56.7306461Z","type":"sample"}
{"channel":"gsr","display":3573,"mu":0,"quality":"OK","raw":3573,"sigma":10,"state":"IDLE","t":"2026-07-16T11:27:56.7646237Z","type":"sample"}
{"channel":"rr","display":55.14705882352941,"mu":0,"quality":"OUT_OF_RANGE","raw":279.1,"sigma":1.5,"state":"IDLE","t":"2026-07-16T11:27:56.7704404Z","type":"sample"}
{"channel":"rr","display":55.14705882352941,"mu":0,"quality":"OUT_OF_RANGE","raw":278.8,"sigma":1.5,"state":"IDLE","t":"2026-07-16T11:27:56.8103673Z","type":"sample"}
{"channel":"rr","display":55.14705882352941,"mu":0,"quality":"OUT_OF_RANGE","raw":279.4,"sigma":1.5,"state":"IDLE","t":"2026-07-16T11:27:56.8501302Z","type":"sample"}
{"channel":"gsr","display":3551.9,"mu":0,"quality":"OK","raw":3551.9,"sigma":10,"state":"IDLE","t":"2026-07-16T11:27:56.8636592Z","type":"sample"}
{"channel":"rr","display":55.14705882352941,"mu":0,"quality":"OUT_OF_RANGE","raw":279.4,"sigma":1.5,"state":"IDLE","t":"2026-07-16T11:27:56.8905347Z","type":"sample"}
{"channel":"rr","display":55.14705882352941,"mu":0,"quality":"OUT_OF_RANGE","raw":280.4,"sigma":1.5,"state":"IDLE","t":"2026-07-16T11:27:56.93Z","type":"sample"}
{"channel":"gsr","display":3534,"mu":0,"quality":"OK","raw":3534,"sigma":10,"state":"IDLE","t":"2026-07-16T11:27:56.963448Z","type":"sample"}
{"channel":"hr","display":0,"mu":0,"quality":"OUT_OF_RANGE","raw":0,"sigma":3,"state":"IDLE","t":"2026-07-16T11:27:56.9649785Z","type":"sample"}
{"channel":"rr","display":55.14705882352941,"mu":0,"quality":"OUT_OF_RANGE","raw":280.2,"sigma":1.5,"state":"IDLE","t":"2026-07-16T11:27:56.9704762Z","type":"sample"}
{"channel":"rr","display":55.14705882352941,"mu":0,"quality":"OUT_OF_RANGE","raw":280.2,"sigma":1.5,"state":"IDLE","t":"2026-07-16T11:27:57.0106078Z","type":"sample"}
{"channel":"rr","display":55.14705882352941,"mu":0,"quality":"OUT_OF_RANGE","raw":279.9,"sigma":1.5,"state":"IDLE","t":"2026-07-16T11:27:57.0509136Z","type":"sample"}
{"channel":"gsr","display":3512.2,"mu":0,"quality":"OK","raw":3512.2,"sigma":10,"state":"IDLE","t":"2026-07-16T11:27:57.0638237Z","type":"sample"}
{"channel":"rr","display":55.14705882352941,"mu":0,"quality":"OUT_OF_RANGE","raw":280,"sigma":1.5,"state":"IDLE","t":"2026-07-16T11:27:57.0905321Z","type":"sample"}
{"channel":"rr","display":55.14705882352941,"mu":0,"quality":"OUT_OF_RANGE","raw":278.7,"sigma":1.5,"state":"IDLE","t":"2026-07-16T11:27:57.1305119Z","type":"sample"}
{"channel":"gsr","display":3491.1,"mu":0,"quality":"OK","raw":3491.1,"sigma":10,"state":"IDLE","t":"2026-07-16T11:27:57.1648289Z","type":"sample"}
{"channel":"rr","display":55.14705882352941,"mu":0,"quality":"OUT_OF_RANGE","raw":279.2,"sigma":1.5,"state":"IDLE","t":"2026-07-16T11:27:57.170175Z","type":"sample"}
{"channel":"rr","display":55.14705882352941,"mu":0,"quality":"OUT_OF_RANGE","raw":278.9,"sigma":1.5,"state":"IDLE","t":"2026-07-16T11:27:57.210305Z","type":"sample"}
{"channel":"rr","display":55.14705882352941,"mu":0,"quality":"OUT_OF_RANGE","raw":279.2,"sigma":1.5,"state":"IDLE","t":"2026-07-16T11:27:57.2499441Z","type":"sample"}
{"channel":"gsr","display":3479.4,"mu":0,"quality":"OK","raw":3479.4,"sigma":10,"state":"IDLE","t":"2026-07-16T11:27:57.2606613Z","type":"sample"}
{"channel":"rr","display":55.14705882352941,"mu":0,"quality":"OUT_OF_RANGE","raw":280.4,"sigma":1.5,"state":"IDLE","t":"2026-07-16T11:27:57.2902151Z","type":"sample"}
{"channel":"rr","display":55.14705882352941,"mu":0,"quality":"OUT_OF_RANGE","raw":279.1,"sigma":1.5,"state":"IDLE","t":"2026-07-16T11:27:57.3303694Z","type":"sample"}
{"channel":"gsr","display":3466.5,"mu":0,"quality":"OK","raw":3466.5,"sigma":10,"state":"IDLE","t":"2026-07-16T11:27:57.364617Z","type":"sample"}
{"channel":"rr","display":55.14705882352941,"mu":0,"quality":"OUT_OF_RANGE","raw":278.9,"sigma":1.5,"state":"IDLE","t":"2026-07-16T11:27:57.3712483Z","type":"sample"}
{"channel":"rr","display":55.14705882352941,"mu":0,"quality":"OUT_OF_RANGE","raw":279,"sigma":1.5,"state":"IDLE","t":"2026-07-16T11:27:57.4100435Z","type":"sample"}
{"channel":"rr","display":55.14705882352941,"mu":0,"quality":"OUT_OF_RANGE","raw":280.4,"sigma":1.5,"state":"IDLE","t":"2026-07-16T11:27:57.4503778Z","type":"sample"}
{"channel":"gsr","display":3445.8,"mu":0,"quality":"OK","raw":3445.8,"sigma":10,"state":"IDLE","t":"2026-07-16T11:27:57.4599542Z","type":"sample"}
{"channel":"hr","display":0,"mu":0,"quality":"OUT_OF_RANGE","raw":0,"sigma":3,"state":"IDLE","t":"2026-07-16T11:27:57.4648667Z","type":"sample"}
{"address":"/cue/g1/start","args":null,"channel":"system","dir":"out","t":"2026-07-16T11:27:57.4771128Z","type":"osc"}
{"channel":"rr","display":55.14705882352941,"mu":0,"quality":"OUT_OF_RANGE","raw":280.4,"sigma":1.5,"state":"IDLE","t":"2026-07-16T11:27:57.4901327Z","type":"sample"}
{"channel":"rr","display":55.14705882352941,"mu":0,"quality":"OUT_OF_RANGE","raw":279.8,"sigma":1.5,"state":"IDLE","t":"2026-07-16T11:27:57.530187Z","type":"sample"}
{"channel":"gsr","display":3418.4,"mu":0,"quality":"OK","raw":3418.4,"sigma":10,"state":"IDLE","t":"2026-07-16T11:27:57.5608347Z","type":"sample"}
{"channel":"rr","display":55.14705882352941,"mu":0,"quality":"OUT_OF_RANGE","raw":279.6,"sigma":1.5,"state":"IDLE","t":"2026-07-16T11:27:57.5702565Z","type":"sample"}
{"channel":"rr","display":55.14705882352941,"mu":0,"quality":"OUT_OF_RANGE","raw":280.1,"sigma":1.5,"state":"IDLE","t":"2026-07-16T11:27:57.609999Z","type":"sample"}
{"channel":"rr","display":55.14705882352941,"mu":0,"quality":"OUT_OF_RANGE","raw":279.9,"sigma":1.5,"state":"IDLE","t":"2026-07-16T11:27:57.6501032Z","type":"sample"}
{"channel":"gsr","display":3402.7,"mu":0,"quality":"OK","raw":3402.7,"sigma":10,"state":"IDLE","t":"2026-07-16T11:27:57.6644907Z","type":"sample"}
{"address":"/cue/p/start","args":null,"channel":"system","dir":"out","t":"2026-07-16T11:27:57.680923Z","type":"osc"}
{"channel":"rr","display":55.14705882352941,"mu":0,"quality":"OUT_OF_RANGE","raw":279.9,"sigma":1.5,"state":"IDLE","t":"2026-07-16T11:27:57.6899352Z","type":"sample"}
{"channel":"rr","display":55.14705882352941,"mu":0,"quality":"OUT_OF_RANGE","raw":280.7,"sigma":1.5,"state":"IDLE","t":"2026-07-16T11:27:57.7304844Z","type":"sample"}
{"channel":"gsr","display":3372,"mu":0,"quality":"OK","raw":3372,"sigma":10,"state":"IDLE","t":"2026-07-16T11:27:57.7647144Z","type":"sample"}
{"channel":"rr","display":55.14705882352941,"mu":0,"quality":"OUT_OF_RANGE","raw":280.3,"sigma":1.5,"state":"IDLE","t":"2026-07-16T11:27:57.7704828Z","type":"sample"}
{"channel":"rr","display":55.14705882352941,"mu":0,"quality":"OUT_OF_RANGE","raw":279.8,"sigma":1.5,"state":"IDLE","t":"2026-07-16T11:27:57.8099296Z","type":"sample"}
{"channel":"rr","display":55.14705882352941,"mu":0,"quality":"OUT_OF_RANGE","raw":280.1,"sigma":1.5,"state":"IDLE","t":"2026-07-16T11:27:57.8503718Z","type":"sample"}
{"channel":"gsr","display":3340.8,"mu":0,"quality":"OK","raw":3340.8,"sigma":10,"state":"IDLE","t":"2026-07-16T11:27:57.8644656Z","type":"sample"}
{"channel":"rr","display":55.14705882352941,"mu":0,"quality":"OUT_OF_RANGE","raw":279.8,"sigma":1.5,"state":"IDLE","t":"2026-07-16T11:27:57.8900372Z","type":"sample"}
{"channel":"rr","display":55.14705882352941,"mu":0,"quality":"OUT_OF_RANGE","raw":279.7,"sigma":1.5,"state":"IDLE","t":"2026-07-16T11:27:57.9305829Z","type":"sample"}
{"channel":"gsr","display":3325.2,"mu":0,"quality":"OK","raw":3325.2,"sigma":10,"state":"IDLE","t":"2026-07-16T11:27:57.9647773Z","type":"sample"}
{"channel":"hr","display":0,"mu":0,"quality":"OUT_OF_RANGE","raw":0,"sigma":3,"state":"IDLE","t":"2026-07-16T11:27:57.9653123Z","type":"sample"}
{"channel":"rr","display":55.14705882352941,"mu":0,"quality":"OUT_OF_RANGE","raw":279.5,"sigma":1.5,"state":"IDLE","t":"2026-07-16T11:27:57.9707435Z","type":"sample"}
{"channel":"rr","display":55.14705882352941,"mu":0,"quality":"OUT_OF_RANGE","raw":279.4,"sigma":1.5,"state":"IDLE","t":"2026-07-16T11:27:58.0099357Z","type":"sample"}
{"channel":"rr","display":52.083333333333336,"mu":0,"quality":"OUT_OF_RANGE","raw":280.1,"sigma":1.5,"state":"IDLE","t":"2026-07-16T11:27:58.0503002Z","type":"sample"}
{"channel":"gsr","display":3345.4,"mu":0,"quality":"OK","raw":3345.4,"sigma":10,"state":"IDLE","t":"2026-07-16T11:27:58.0645813Z","type":"sample"}
{"channel":"rr","display":52.083333333333336,"mu":0,"quality":"OUT_OF_RANGE","raw":279.8,"sigma":1.5,"state":"IDLE","t":"2026-07-16T11:27:58.090238Z","type":"sample"}
{"channel":"rr","display":52.083333333333336,"mu":0,"quality":"OUT_OF_RANGE","raw":278.7,"sigma":1.5,"state":"IDLE","t":"2026-07-16T11:27:58.1312113Z","type":"sample"}
{"channel":"gsr","display":3421.7,"mu":0,"quality":"OK","raw":3421.7,"sigma":10,"state":"IDLE","t":"2026-07-16T11:27:58.1621467Z","type":"sample"}
{"channel":"rr","display":52.083333333333336,"mu":0,"quality":"OUT_OF_RANGE","raw":280.4,"sigma":1.5,"state":"IDLE","t":"2026-07-16T11:27:58.1701063Z","type":"sample"}
{"channel":"rr","display":52.083333333333336,"mu":0,"quality":"OUT_OF_RANGE","raw":280,"sigma":1.5,"state":"IDLE","t":"2026-07-16T11:27:58.2103323Z","type":"sample"}
{"channel":"rr","display":52.083333333333336,"mu":0,"quality":"OUT_OF_RANGE","raw":280,"sigma":1.5,"state":"IDLE","t":"2026-07-16T11:27:58.2499591Z","type":"sample"}
{"channel":"gsr","display":3570.5,"mu":0,"quality":"OK","raw":3570.5,"sigma":10,"state":"IDLE","t":"2026-07-16T11:27:58.2645422Z","type":"sample"}
{"channel":"rr","display":52.083333333333336,"mu":0,"quality":"OUT_OF_RANGE","raw":279.8,"sigma":1.5,"state":"IDLE","t":"2026-07-16T11:27:58.2902726Z","type":"sample"}
{"channel":"rr","display":52.083333333333336,"mu":0,"quality":"OUT_OF_RANGE","raw":280,"sigma":1.5,"state":"IDLE","t":"2026-07-16T11:27:58.3303254Z","type":"sample"}
{"channel":"gsr","display":3781,"mu":0,"quality":"OK","raw":3781,"sigma":10,"state":"IDLE","t":"2026-07-16T11:27:58.3601744Z","type":"sample"}
{"channel":"rr","display":52.083333333333336,"mu":0,"quality":"OUT_OF_RANGE","raw":280.8,"sigma":1.5,"state":"IDLE","t":"2026-07-16T11:27:58.3703939Z","type":"sample"}
{"channel":"rr","display":52.083333333333336,"mu":0,"quality":"OUT_OF_RANGE","raw":280.1,"sigma":1.5,"state":"IDLE","t":"2026-07-16T11:27:58.4101478Z","type":"sample"}
{"channel":"rr","display":52.083333333333336,"mu":0,"quality":"OUT_OF_RANGE","raw":280,"sigma":1.5,"state":"IDLE","t":"2026-07-16T11:27:58.4503114Z","type":"sample"}
{"channel":"gsr","event":"quality_change","quality":"OUT_OF_RANGE","t":"2026-07-16T11:27:58.4645386Z","type":"event"}
{"channel":"gsr","display":0,"mu":0,"quality":"OUT_OF_RANGE","raw":4066.3,"sigma":10,"state":"IDLE","t":"2026-07-16T11:27:58.4645386Z","type":"sample"}
{"channel":"hr","display":0,"mu":0,"quality":"OUT_OF_RANGE","raw":0,"sigma":3,"state":"IDLE","t":"2026-07-16T11:27:58.4651806Z","type":"sample"}
{"channel":"rr","display":52.083333333333336,"mu":0,"quality":"OUT_OF_RANGE","raw":279.7,"sigma":1.5,"state":"IDLE","t":"2026-07-16T11:27:58.4903959Z","type":"sample"}
{"channel":"rr","display":52.083333333333336,"mu":0,"quality":"OUT_OF_RANGE","raw":279.2,"sigma":1.5,"state":"IDLE","t":"2026-07-16T11:27:58.530379Z","type":"sample"}
{"channel":"gsr","display":0,"mu":0,"quality":"OUT_OF_RANGE","raw":4095,"sigma":10,"state":"IDLE","t":"2026-07-16T11:27:58.5604263Z","type":"sample"}
{"channel":"rr","display":52.083333333333336,"mu":0,"quality":"OUT_OF_RANGE","raw":279.8,"sigma":1.5,"state":"IDLE","t":"2026-07-16T11:27:58.5705017Z","type":"sample"}
{"channel":"rr","display":52.083333333333336,"mu":0,"quality":"OUT_OF_RANGE","raw":279.5,"sigma":1.5,"state":"IDLE","t":"2026-07-16T11:27:58.6101707Z","type":"sample"}
{"channel":"rr","display":52.083333333333336,"mu":0,"quality":"OUT_OF_RANGE","raw":280.2,"sigma":1.5,"state":"IDLE","t":"2026-07-16T11:27:58.65069Z","type":"sample"}
{"channel":"gsr","display":0,"mu":0,"quality":"OUT_OF_RANGE","raw":4095,"sigma":10,"state":"IDLE","t":"2026-07-16T11:27:58.6646786Z","type":"sample"}
{"address":"/cue/p/start","args":null,"channel":"system","dir":"out","t":"2026-07-16T11:27:58.6875271Z","type":"osc"}
{"channel":"rr","display":52.083333333333336,"mu":0,"quality":"OUT_OF_RANGE","raw":279.6,"sigma":1.5,"state":"IDLE","t":"2026-07-16T11:27:58.6901602Z","type":"sample"}
{"channel":"rr","display":52.083333333333336,"mu":0,"quality":"OUT_OF_RANGE","raw":279.8,"sigma":1.5,"state":"IDLE","t":"2026-07-16T11:27:58.7299134Z","type":"sample"}
{"channel":"gsr","display":0,"mu":0,"quality":"OUT_OF_RANGE","raw":4095,"sigma":10,"state":"IDLE","t":"2026-07-16T11:27:58.7638206Z","type":"sample"}
{"channel":"rr","display":52.083333333333336,"mu":0,"quality":"OUT_OF_RANGE","raw":279.6,"sigma":1.5,"state":"IDLE","t":"2026-07-16T11:27:58.7702179Z","type":"sample"}
{"channel":"rr","display":52.083333333333336,"mu":0,"quality":"OUT_OF_RANGE","raw":279.9,"sigma":1.5,"state":"IDLE","t":"2026-07-16T11:27:58.8102936Z","type":"sample"}
{"channel":"rr","display":52.083333333333336,"mu":0,"quality":"OUT_OF_RANGE","raw":279.8,"sigma":1.5,"state":"IDLE","t":"2026-07-16T11:27:58.8501975Z","type":"sample"}
{"channel":"gsr","display":0,"mu":0,"quality":"OUT_OF_RANGE","raw":4095,"sigma":10,"state":"IDLE","t":"2026-07-16T11:27:58.8637679Z","type":"sample"}
{"channel":"rr","display":52.083333333333336,"mu":0,"quality":"OUT_OF_RANGE","raw":280.2,"sigma":1.5,"state":"IDLE","t":"2026-07-16T11:27:58.8905317Z","type":"sample"}
{"channel":"rr","display":52.083333333333336,"mu":0,"quality":"OUT_OF_RANGE","raw":280,"sigma":1.5,"state":"IDLE","t":"2026-07-16T11:27:58.9304479Z","type":"sample"}
{"channel":"gsr","display":0,"mu":0,"quality":"OUT_OF_RANGE","raw":4095,"sigma":10,"state":"IDLE","t":"2026-07-16T11:27:58.9628048Z","type":"sample"}
{"channel":"hr","display":0,"mu":0,"quality":"OUT_OF_RANGE","raw":0,"sigma":3,"state":"IDLE","t":"2026-07-16T11:27:58.9653768Z","type":"sample"}
{"channel":"rr","display":52.083333333333336,"mu":0,"quality":"OUT_OF_RANGE","raw":279.4,"sigma":1.5,"state":"IDLE","t":"2026-07-16T11:27:58.9704355Z","type":"sample"}
{"channel":"rr","display":52.083333333333336,"mu":0,"quality":"OUT_OF_RANGE","raw":279.8,"sigma":1.5,"state":"IDLE","t":"2026-07-16T11:27:59.0103527Z","type":"sample"}
{"channel":"rr","display":52.083333333333336,"mu":0,"quality":"OUT_OF_RANGE","raw":279.5,"sigma":1.5,"state":"IDLE","t":"2026-07-16T11:27:59.0503703Z","type":"sample"}
{"channel":"gsr","display":0,"mu":0,"quality":"OUT_OF_RANGE","raw":4095,"sigma":10,"state":"IDLE","t":"2026-07-16T11:27:59.064615Z","type":"sample"}
{"channel":"rr","display":52.44755244755245,"mu":0,"quality":"OUT_OF_RANGE","raw":280,"sigma":1.5,"state":"IDLE","t":"2026-07-16T11:27:59.0902648Z","type":"sample"}
{"channel":"rr","display":52.44755244755245,"mu":0,"quality":"OUT_OF_RANGE","raw":279.1,"sigma":1.5,"state":"IDLE","t":"2026-07-16T11:27:59.1299537Z","type":"sample"}
{"channel":"gsr","display":0,"mu":0,"quality":"OUT_OF_RANGE","raw":4095,"sigma":10,"state":"IDLE","t":"2026-07-16T11:27:59.1605677Z","type":"sample"}
{"channel":"rr","display":52.44755244755245,"mu":0,"quality":"OUT_OF_RANGE","raw":280.2,"sigma":1.5,"state":"IDLE","t":"2026-07-16T11:27:59.17051Z","type":"sample"}
{"channel":"rr","display":52.44755244755245,"mu":0,"quality":"OUT_OF_RANGE","raw":279.9,"sigma":1.5,"state":"IDLE","t":"2026-07-16T11:27:59.2099763Z","type":"sample"}
{"channel":"rr","display":52.44755244755245,"mu":0,"quality":"OUT_OF_RANGE","raw":280.1,"sigma":1.5,"state":"IDLE","t":"2026-07-16T11:27:59.2504125Z","type":"sample"}
{"channel":"gsr","display":0,"mu":0,"quality":"OUT_OF_RANGE","raw":4095,"sigma":10,"state":"IDLE","t":"2026-07-16T11:27:59.2611327Z","type":"sample"}
{"channel":"rr","display":52.44755244755245,"mu":0,"quality":"OUT_OF_RANGE","raw":280.2,"sigma":1.5,"state":"IDLE","t":"2026-07-16T11:27:59.2903092Z","type":"sample"}
{"channel":"rr","display":52.44755244755245,"mu":0,"quality":"OUT_OF_RANGE","raw":279.9,"sigma":1.5,"state":"IDLE","t":"2026-07-16T11:27:59.3304598Z","type":"sample"}
{"channel":"gsr","display":0,"mu":0,"quality":"OUT_OF_RANGE","raw":4095,"sigma":10,"state":"IDLE","t":"2026-07-16T11:27:59.3634945Z","type":"sample"}
{"channel":"rr","display":52.44755244755245,"mu":0,"quality":"OUT_OF_RANGE","raw":279.6,"sigma":1.5,"state":"IDLE","t":"2026-07-16T11:27:59.3709449Z","type":"sample"}
{"channel":"rr","display":52.44755244755245,"mu":0,"quality":"OUT_OF_RANGE","raw":279,"sigma":1.5,"state":"IDLE","t":"2026-07-16T11:27:59.4100097Z","type":"sample"}
{"channel":"rr","display":52.44755244755245,"mu":0,"quality":"OUT_OF_RANGE","raw":279.4,"sigma":1.5,"state":"IDLE","t":"2026-07-16T11:27:59.4501756Z","type":"sample"}
{"channel":"gsr","display":0,"mu":0,"quality":"OUT_OF_RANGE","raw":4095,"sigma":10,"state":"IDLE","t":"2026-07-16T11:27:59.4603259Z","type":"sample"}
{"channel":"hr","display":0,"mu":0,"quality":"OUT_OF_RANGE","raw":0,"sigma":3,"state":"IDLE","t":"2026-07-16T11:27:59.4648716Z","type":"sample"}
{"channel":"rr","display":52.44755244755245,"mu":0,"quality":"OUT_OF_RANGE","raw":279.6,"sigma":1.5,"state":"IDLE","t":"2026-07-16T11:27:59.4902302Z","type":"sample"}
{"channel":"rr","display":52.44755244755245,"mu":0,"quality":"OUT_OF_RANGE","raw":279.4,"sigma":1.5,"state":"IDLE","t":"2026-07-16T11:27:59.5304511Z","type":"sample"}
{"channel":"gsr","display":0,"mu":0,"quality":"OUT_OF_RANGE","raw":4095,"sigma":10,"state":"IDLE","t":"2026-07-16T11:27:59.5647216Z","type":"sample"}
{"channel":"rr","display":52.44755244755245,"mu":0,"quality":"OUT_OF_RANGE","raw":280.4,"sigma":1.5,"state":"IDLE","t":"2026-07-16T11:27:59.5702465Z","type":"sample"}
{"channel":"rr","display":52.44755244755245,"mu":0,"quality":"OUT_OF_RANGE","raw":279.9,"sigma":1.5,"state":"IDLE","t":"2026-07-16T11:27:59.6106306Z","type":"sample"}
{"channel":"rr","display":52.44755244755245,"mu":0,"quality":"OUT_OF_RANGE","raw":280.5,"sigma":1.5,"state":"IDLE","t":"2026-07-16T11:27:59.6503714Z","type":"sample"}
{"channel":"gsr","display":0,"mu":0,"quality":"OUT_OF_RANGE","raw":4095,"sigma":10,"state":"IDLE","t":"2026-07-16T11:27:59.6601427Z","type":"sample"}
{"address":"/cue/p/start","args":null,"channel":"system","dir":"out","t":"2026-07-16T11:27:59.6810636Z","type":"osc"}
{"channel":"rr","display":52.44755244755245,"mu":0,"quality":"OUT_OF_RANGE","raw":279.5,"sigma":1.5,"state":"IDLE","t":"2026-07-16T11:27:59.6903236Z","type":"sample"}
{"channel":"rr","display":52.44755244755245,"mu":0,"quality":"OUT_OF_RANGE","raw":279,"sigma":1.5,"state":"IDLE","t":"2026-07-16T11:27:59.7302762Z","type":"sample"}
{"channel":"gsr","display":0,"mu":0,"quality":"OUT_OF_RANGE","raw":4095,"sigma":10,"state":"IDLE","t":"2026-07-16T11:27:59.7647103Z","type":"sample"}
{"channel":"rr","display":52.44755244755245,"mu":0,"quality":"OUT_OF_RANGE","raw":279.1,"sigma":1.5,"state":"IDLE","t":"2026-07-16T11:27:59.7703852Z","type":"sample"}
{"channel":"rr","display":52.44755244755245,"mu":0,"quality":"OUT_OF_RANGE","raw":279.6,"sigma":1.5,"state":"IDLE","t":"2026-07-16T11:27:59.8105786Z","type":"sample"}
{"channel":"rr","display":52.44755244755245,"mu":0,"quality":"OUT_OF_RANGE","raw":278.6,"sigma":1.5,"state":"IDLE","t":"2026-07-16T11:27:59.8501995Z","type":"sample"}
{"channel":"gsr","display":0,"mu":0,"quality":"OUT_OF_RANGE","raw":4095,"sigma":10,"state":"IDLE","t":"2026-07-16T11:27:59.8637451Z","type":"sample"}
{"channel":"rr","display":52.44755244755245,"mu":0,"quality":"OUT_OF_RANGE","raw":280.1,"sigma":1.5,"state":"IDLE","t":"2026-07-16T11:27:59.8905275Z","type":"sample"}
{"channel":"rr","display":52.44755244755245,"mu":0,"quality":"OUT_OF_RANGE","raw":279.2,"sigma":1.5,"state":"IDLE","t":"2026-07-16T11:27:59.9313123Z","type":"sample"}
{"channel":"gsr","display":0,"mu":0,"quality":"OUT_OF_RANGE","raw":4095,"sigma":10,"state":"IDLE","t":"2026-07-16T11:27:59.9647388Z","type":"sample"}
{"channel":"hr","display":0,"mu":0,"quality":"OUT_OF_RANGE","raw":0,"sigma":3,"state":"IDLE","t":"2026-07-16T11:27:59.9647388Z","type":"sample"}
{"channel":"rr","display":52.44755244755245,"mu":0,"quality":"OUT_OF_RANGE","raw":280.1,"sigma":1.5,"state":"IDLE","t":"2026-07-16T11:27:59.9703283Z","type":"sample"}
{"channel":"rr","display":52.44755244755245,"mu":0,"quality":"OUT_OF_RANGE","raw":280.1,"sigma":1.5,"state":"IDLE","t":"2026-07-16T11:28:00.0099408Z","type":"sample"}
{"channel":"rr","display":52.44755244755245,"mu":0,"quality":"OUT_OF_RANGE","raw":280,"sigma":1.5,"state":"IDLE","t":"2026-07-16T11:28:00.0505039Z","type":"sample"}
{"channel":"gsr","display":0,"mu":0,"quality":"OUT_OF_RANGE","raw":4095,"sigma":10,"state":"IDLE","t":"2026-07-16T11:28:00.0613862Z","type":"sample"}
{"channel":"rr","display":52.44755244755245,"mu":0,"quality":"OUT_OF_RANGE","raw":279.9,"sigma":1.5,"state":"IDLE","t":"2026-07-16T11:28:00.0901082Z","type":"sample"}
{"channel":"rr","display":52.44755244755245,"mu":0,"quality":"OUT_OF_RANGE","raw":279.9,"sigma":1.5,"state":"IDLE","t":"2026-07-16T11:28:00.1301403Z","type":"sample"}
{"channel":"gsr","display":0,"mu":0,"quality":"OUT_OF_RANGE","raw":4095,"sigma":10,"state":"IDLE","t":"2026-07-16T11:28:00.1646445Z","type":"sample"}
{"channel":"rr","display":52.44755244755245,"mu":0,"quality":"OUT_OF_RANGE","raw":280.1,"sigma":1.5,"state":"IDLE","t":"2026-07-16T11:28:00.1702285Z","type":"sample"}
{"channel":"rr","display":52.44755244755245,"mu":0,"quality":"OUT_OF_RANGE","raw":279.7,"sigma":1.5,"state":"IDLE","t":"2026-07-16T11:28:00.2099945Z","type":"sample"}
{"channel":"rr","display":52.44755244755245,"mu":0,"quality":"OUT_OF_RANGE","raw":279.2,"sigma":1.5,"state":"IDLE","t":"2026-07-16T11:28:00.2504457Z","type":"sample"}
{"channel":"gsr","display":0,"mu":0,"quality":"OUT_OF_RANGE","raw":4095,"sigma":10,"state":"IDLE","t":"2026-07-16T11:28:00.2601001Z","type":"sample"}
{"channel":"rr","display":52.44755244755245,"mu":0,"quality":"OUT_OF_RANGE","raw":279.1,"sigma":1.5,"state":"IDLE","t":"2026-07-16T11:28:00.2903476Z","type":"sample"}
{"channel":"rr","display":52.44755244755245,"mu":0,"quality":"OUT_OF_RANGE","raw":279.6,"sigma":1.5,"state":"IDLE","t":"2026-07-16T11:28:00.3303263Z","type":"sample"}
{"channel":"gsr","display":0,"mu":0,"quality":"OUT_OF_RANGE","raw":4095,"sigma":10,"state":"IDLE","t":"2026-07-16T11:28:00.3644887Z","type":"sample"}
{"channel":"rr","display":52.44755244755245,"mu":0,"quality":"OUT_OF_RANGE","raw":279.4,"sigma":1.5,"state":"IDLE","t":"2026-07-16T11:28:00.3700462Z","type":"sample"}
{"channel":"rr","display":52.44755244755245,"mu":0,"quality":"OUT_OF_RANGE","raw":278.8,"sigma":1.5,"state":"IDLE","t":"2026-07-16T11:28:00.410394Z","type":"sample"}
{"channel":"rr","display":52.44755244755245,"mu":0,"quality":"OUT_OF_RANGE","raw":279.6,"sigma":1.5,"state":"IDLE","t":"2026-07-16T11:28:00.4502727Z","type":"sample"}
{"channel":"gsr","display":0,"mu":0,"quality":"OUT_OF_RANGE","raw":4095,"sigma":10,"state":"IDLE","t":"2026-07-16T11:28:00.4646733Z","type":"sample"}
{"channel":"hr","display":0,"mu":0,"quality":"OUT_OF_RANGE","raw":0,"sigma":3,"state":"IDLE","t":"2026-07-16T11:28:00.4651973Z","type":"sample"}
{"channel":"rr","display":50,"mu":0,"quality":"OUT_OF_RANGE","raw":279.9,"sigma":1.5,"state":"IDLE","t":"2026-07-16T11:28:00.4902189Z","type":"sample"}
{"channel":"rr","display":50,"mu":0,"quality":"OUT_OF_RANGE","raw":280.2,"sigma":1.5,"state":"IDLE","t":"2026-07-16T11:28:00.5302851Z","type":"sample"}
{"channel":"gsr","event":"quality_change","quality":"OK","t":"2026-07-16T11:28:00.5620773Z","type":"event"}
{"channel":"gsr","display":3818.4,"mu":0,"quality":"OK","raw":3818.4,"sigma":10,"state":"IDLE","t":"2026-07-16T11:28:00.5620773Z","type":"sample"}
{"channel":"rr","display":50,"mu":0,"quality":"OUT_OF_RANGE","raw":279.1,"sigma":1.5,"state":"IDLE","t":"2026-07-16T11:28:00.5700408Z","type":"sample"}
{"address":"/cue/g1/start","args":null,"channel":"system","dir":"out","t":"2026-07-16T11:28:00.6029951Z","type":"osc"}
{"channel":"rr","display":50,"mu":0,"quality":"OUT_OF_RANGE","raw":280.2,"sigma":1.5,"state":"IDLE","t":"2026-07-16T11:28:00.6101317Z","type":"sample"}
{"channel":"rr","display":50,"mu":0,"quality":"OUT_OF_RANGE","raw":278.6,"sigma":1.5,"state":"IDLE","t":"2026-07-16T11:28:00.6502889Z","type":"sample"}
{"channel":"gsr","display":3437.4,"mu":0,"quality":"OK","raw":3437.4,"sigma":10,"state":"IDLE","t":"2026-07-16T11:28:00.6602726Z","type":"sample"}
{"address":"/cue/p/start","args":null,"channel":"system","dir":"out","t":"2026-07-16T11:28:00.6811876Z","type":"osc"}
{"channel":"rr","display":50,"mu":0,"quality":"OUT_OF_RANGE","raw":279.8,"sigma":1.5,"state":"IDLE","t":"2026-07-16T11:28:00.6899667Z","type":"sample"}
{"channel":"rr","display":50,"mu":0,"quality":"OUT_OF_RANGE","raw":278.8,"sigma":1.5,"state":"IDLE","t":"2026-07-16T11:28:00.7303372Z","type":"sample"}
{"channel":"gsr","display":3296.5,"mu":0,"quality":"OK","raw":3296.5,"sigma":10,"state":"IDLE","t":"2026-07-16T11:28:00.7642042Z","type":"sample"}
{"channel":"rr","display":50,"mu":0,"quality":"OUT_OF_RANGE","raw":279.8,"sigma":1.5,"state":"IDLE","t":"2026-07-16T11:28:00.7702101Z","type":"sample"}
{"channel":"rr","display":50,"mu":0,"quality":"OUT_OF_RANGE","raw":279.8,"sigma":1.5,"state":"IDLE","t":"2026-07-16T11:28:00.8102931Z","type":"sample"}
{"channel":"rr","display":50,"mu":0,"quality":"OUT_OF_RANGE","raw":280.1,"sigma":1.5,"state":"IDLE","t":"2026-07-16T11:28:00.85049Z","type":"sample"}
{"channel":"gsr","display":3339.6,"mu":0,"quality":"OK","raw":3339.6,"sigma":10,"state":"IDLE","t":"2026-07-16T11:28:00.8638918Z","type":"sample"}
{"channel":"rr","display":50,"mu":0,"quality":"OUT_OF_RANGE","raw":280.3,"sigma":1.5,"state":"IDLE","t":"2026-07-16T11:28:00.8904498Z","type":"sample"}
{"channel":"rr","display":50,"mu":0,"quality":"OUT_OF_RANGE","raw":279.8,"sigma":1.5,"state":"IDLE","t":"2026-07-16T11:28:00.9301905Z","type":"sample"}
{"channel":"gsr","display":3497.9,"mu":0,"quality":"OK","raw":3497.9,"sigma":10,"state":"IDLE","t":"2026-07-16T11:28:00.9603366Z","type":"sample"}
{"channel":"hr","display":0,"mu":0,"quality":"OUT_OF_RANGE","raw":0,"sigma":3,"state":"IDLE","t":"2026-07-16T11:28:00.9603366Z","type":"sample"}
{"channel":"rr","display":50,"mu":0,"quality":"OUT_OF_RANGE","raw":279.4,"sigma":1.5,"state":"IDLE","t":"2026-07-16T11:28:00.9704391Z","type":"sample"}
{"channel":"rr","display":50,"mu":0,"quality":"OUT_OF_RANGE","raw":279.8,"sigma":1.5,"state":"IDLE","t":"2026-07-16T11:28:01.0100577Z","type":"sample"}
{"channel":"rr","display":50,"mu":0,"quality":"OUT_OF_RANGE","raw":279.1,"sigma":1.5,"state":"IDLE","t":"2026-07-16T11:28:01.0501019Z","type":"sample"}
{"channel":"gsr","display":3593.8,"mu":0,"quality":"OK","raw":3593.8,"sigma":10,"state":"IDLE","t":"2026-07-16T11:28:01.0644205Z","type":"sample"}
{"channel":"rr","display":50,"mu":0,"quality":"OUT_OF_RANGE","raw":280.7,"sigma":1.5,"state":"IDLE","t":"2026-07-16T11:28:01.0901153Z","type":"sample"}
{"channel":"rr","display":50,"mu":0,"quality":"OUT_OF_RANGE","raw":280.5,"sigma":1.5,"state":"IDLE","t":"2026-07-16T11:28:01.1303482Z","type":"sample"}
{"channel":"gsr","display":3197.8,"mu":0,"quality":"OK","raw":3197.8,"sigma":10,"state":"IDLE","t":"2026-07-16T11:28:01.159999Z","type":"sample"}
{"channel":"rr","display":50,"mu":0,"quality":"OUT_OF_RANGE","raw":279.4,"sigma":1.5,"state":"IDLE","t":"2026-07-16T11:28:01.1702234Z","type":"sample"}
{"channel":"rr","display":50,"mu":0,"quality":"OUT_OF_RANGE","raw":280,"sigma":1.5,"state":"IDLE","t":"2026-07-16T11:28:01.2104558Z","type":"sample"}
{"channel":"rr","display":50,"mu":0,"quality":"OUT_OF_RANGE","raw":279.6,"sigma":1.5,"state":"IDLE","t":"2026-07-16T11:28:01.2501582Z","type":"sample"}
{"channel":"gsr","display":3174.3,"mu":0,"quality":"OK","raw":3174.3,"sigma":10,"state":"IDLE","t":"2026-07-16T11:28:01.2645401Z","type":"sample"}
{"channel":"rr","display":50,"mu":0,"quality":"OUT_OF_RANGE","raw":280.3,"sigma":1.5,"state":"IDLE","t":"2026-07-16T11:28:01.2902982Z","type":"sample"}
{"channel":"rr","display":50,"mu":0,"quality":"OUT_OF_RANGE","raw":279.8,"sigma":1.5,"state":"IDLE","t":"2026-07-16T11:28:01.3301754Z","type":"sample"}
{"channel":"gsr","display":3385,"mu":0,"quality":"OK","raw":3385,"sigma":10,"state":"IDLE","t":"2026-07-16T11:28:01.3629548Z","type":"sample"}
{"channel":"rr","display":50,"mu":0,"quality":"OUT_OF_RANGE","raw":280.1,"sigma":1.5,"state":"IDLE","t":"2026-07-16T11:28:01.3703672Z","type":"sample"}
{"channel":"rr","display":50,"mu":0,"quality":"OUT_OF_RANGE","raw":278.7,"sigma":1.5,"state":"IDLE","t":"2026-07-16T11:28:01.4102592Z","type":"sample"}
{"channel":"rr","display":50,"mu":0,"quality":"OUT_OF_RANGE","raw":280,"sigma":1.5,"state":"IDLE","t":"2026-07-16T11:28:01.4499181Z","type":"sample"}
{"channel":"gsr","display":3495.7,"mu":0,"quality":"OK","raw":3495.7,"sigma":10,"state":"IDLE","t":"2026-07-16T11:28:01.4645654Z","type":"sample"}
{"channel":"hr","display":0,"mu":0,"quality":"OUT_OF_RANGE","raw":0,"sigma":3,"state":"IDLE","t":"2026-07-16T11:28:01.4652222Z","type":"sample"}
{"channel":"rr","display":50,"mu":0,"quality":"OUT_OF_RANGE","raw":279.4,"sigma":1.5,"state":"IDLE","t":"2026-07-16T11:28:01.4902738Z","type":"sample"}
{"channel":"rr","display":51.02040816326531,"mu":0,"quality":"OUT_OF_RANGE","raw":280.8,"sigma":1.5,"state":"IDLE","t":"2026-07-16T11:28:01.5305933Z","type":"sample"}
{"channel":"gsr","display":3555.3,"mu":0,"quality":"OK","raw":3555.3,"sigma":10,"state":"IDLE","t":"2026-07-16T11:28:01.5644908Z","type":"sample"}
{"channel":"rr","display":51.02040816326531,"mu":0,"quality":"OUT_OF_RANGE","raw":279.9,"sigma":1.5,"state":"IDLE","t":"2026-07-16T11:28:01.570373Z","type":"sample"}
{"address":"/cue/g1/start","args":null,"channel":"system","dir":"out","t":"2026-07-16T11:28:01.6072389Z","type":"osc"}
{"channel":"rr","display":51.02040816326531,"mu":0,"quality":"OUT_OF_RANGE","raw":279.6,"sigma":1.5,"state":"IDLE","t":"2026-07-16T11:28:01.6104503Z","type":"sample"}
{"channel":"rr","display":51.02040816326531,"mu":0,"quality":"OUT_OF_RANGE","raw":279.3,"sigma":1.5,"state":"IDLE","t":"2026-07-16T11:28:01.6500807Z","type":"sample"}
{"channel":"gsr","display":3650.1,"mu":0,"quality":"OK","raw":3650.1,"sigma":10,"state":"IDLE","t":"2026-07-16T11:28:01.6626389Z","type":"sample"}
{"address":"/cue/p/start","args":null,"channel":"system","dir":"out","t":"2026-07-16T11:28:01.6810073Z","type":"osc"}
{"channel":"rr","display":51.02040816326531,"mu":0,"quality":"OUT_OF_RANGE","raw":279.9,"sigma":1.5,"state":"IDLE","t":"2026-07-16T11:28:01.689949Z","type":"sample"}
{"channel":"rr","display":51.02040816326531,"mu":0,"quality":"OUT_OF_RANGE","raw":280.3,"sigma":1.5,"state":"IDLE","t":"2026-07-16T11:28:01.7299499Z","type":"sample"}
{"channel":"gsr","display":3798.3,"mu":0,"quality":"OK","raw":3798.3,"sigma":10,"state":"IDLE","t":"2026-07-16T11:28:01.7609347Z","type":"sample"}
{"channel":"rr","display":51.02040816326531,"mu":0,"quality":"OUT_OF_RANGE","raw":279.7,"sigma":1.5,"state":"IDLE","t":"2026-07-16T11:28:01.7704384Z","type":"sample"}
{"channel":"rr","display":51.02040816326531,"mu":0,"quality":"OUT_OF_RANGE","raw":280.2,"sigma":1.5,"state":"IDLE","t":"2026-07-16T11:28:01.8101216Z","type":"sample"}
{"channel":"rr","display":51.02040816326531,"mu":0,"quality":"OUT_OF_RANGE","raw":280.3,"sigma":1.5,"state":"IDLE","t":"2026-07-16T11:28:01.8503793Z","type":"sample"}
{"channel":"gsr","display":3897.4,"mu":0,"quality":"OK","raw":3897.4,"sigma":10,"state":"IDLE","t":"2026-07-16T11:28:01.8635951Z","type":"sample"}
{"channel":"rr","display":51.02040816326531,"mu":0,"quality":"OUT_OF_RANGE","raw":279.3,"sigma":1.5,"state":"IDLE","t":"2026-07-16T11:28:01.8902185Z","type":"sample"}
{"channel":"rr","display":51.02040816326531,"mu":0,"quality":"OUT_OF_RANGE","raw":279.9,"sigma":1.5,"state":"IDLE","t":"2026-07-16T11:28:01.9305761Z","type":"sample"}
{"channel":"gsr","display":3942,"mu":0,"quality":"OK","raw":3942,"sigma":10,"state":"IDLE","t":"2026-07-16T11:28:01.9614698Z","type":"sample"}
{"channel":"hr","display":0,"mu":0,"quality":"OUT_OF_RANGE","raw":0,"sigma":3,"state":"IDLE","t":"2026-07-16T11:28:01.9653071Z","type":"sample"}
{"channel":"rr","display":51.02040816326531,"mu":0,"quality":"OUT_OF_RANGE","raw":280.1,"sigma":1.5,"state":"IDLE","t":"2026-07-16T11:28:01.9701999Z","type":"sample"}
{"channel":"rr","display":51.02040816326531,"mu":0,"quality":"OUT_OF_RANGE","raw":279.2,"sigma":1.5,"state":"IDLE","t":"2026-07-16T11:28:02.0100899Z","type":"sample"}
{"channel":"rr","display":51.02040816326531,"mu":0,"quality":"OUT_OF_RANGE","raw":279.2,"sigma":1.5,"state":"IDLE","t":"2026-07-16T11:28:02.050366Z","type":"sample"}
{"channel":"gsr","display":3964.6,"mu":0,"quality":"OK","raw":3964.6,"sigma":10,"state":"IDLE","t":"2026-07-16T11:28:02.0641811Z","type":"sample"}
{"channel":"rr","display":51.02040816326531,"mu":0,"quality":"OUT_OF_RANGE","raw":280.3,"sigma":1.5,"state":"IDLE","t":"2026-07-16T11:28:02.0903461Z","type":"sample"}
{"channel":"rr","display":51.02040816326531,"mu":0,"quality":"OUT_OF_RANGE","raw":279.7,"sigma":1.5,"state":"IDLE","t":"2026-07-16T11:28:02.130075Z","type":"sample"}
{"channel":"gsr","display":3962.7,"mu":0,"quality":"OK","raw":3962.7,"sigma":10,"state":"IDLE","t":"2026-07-16T11:28:02.1610679Z","type":"sample"}
{"channel":"rr","display":51.02040816326531,"mu":0,"quality":"OUT_OF_RANGE","raw":279.9,"sigma":1.5,"state":"IDLE","t":"2026-07-16T11:28:02.1706599Z","type":"sample"}
{"channel":"rr","display":51.02040816326531,"mu":0,"quality":"OUT_OF_RANGE","raw":278.8,"sigma":1.5,"state":"IDLE","t":"2026-07-16T11:28:02.2100947Z","type":"sample"}
{"channel":"rr","display":51.02040816326531,"mu":0,"quality":"OUT_OF_RANGE","raw":280.1,"sigma":1.5,"state":"IDLE","t":"2026-07-16T11:28:02.2499178Z","type":"sample"}
{"channel":"gsr","display":4049.2,"mu":0,"quality":"OK","raw":4049.2,"sigma":10,"state":"IDLE","t":"2026-07-16T11:28:02.2602058Z","type":"sample"}
{"channel":"rr","display":51.02040816326531,"mu":0,"quality":"OUT_OF_RANGE","raw":279.2,"sigma":1.5,"state":"IDLE","t":"2026-07-16T11:28:02.2902621Z","type":"sample"}
{"channel":"rr","display":51.02040816326531,"mu":0,"quality":"OUT_OF_RANGE","raw":280.2,"sigma":1.5,"state":"IDLE","t":"2026-07-16T11:28:02.3300338Z","type":"sample"}
{"channel":"gsr","event":"quality_change","quality":"OUT_OF_RANGE","t":"2026-07-16T11:28:02.3607715Z","type":"event"}
{"channel":"gsr","display":0,"mu":0,"quality":"OUT_OF_RANGE","raw":4095,"sigma":10,"state":"IDLE","t":"2026-07-16T11:28:02.3607715Z","type":"sample"}
{"channel":"rr","display":51.02040816326531,"mu":0,"quality":"OUT_OF_RANGE","raw":279.2,"sigma":1.5,"state":"IDLE","t":"2026-07-16T11:28:02.3702584Z","type":"sample"}
{"channel":"rr","display":51.02040816326531,"mu":0,"quality":"OUT_OF_RANGE","raw":280,"sigma":1.5,"state":"IDLE","t":"2026-07-16T11:28:02.4100297Z","type":"sample"}
{"channel":"rr","display":51.02040816326531,"mu":0,"quality":"OUT_OF_RANGE","raw":279,"sigma":1.5,"state":"IDLE","t":"2026-07-16T11:28:02.4503013Z","type":"sample"}
{"channel":"gsr","display":0,"mu":0,"quality":"OUT_OF_RANGE","raw":4095,"sigma":10,"state":"IDLE","t":"2026-07-16T11:28:02.4640803Z","type":"sample"}
{"channel":"hr","display":0,"mu":0,"quality":"OUT_OF_RANGE","raw":0,"sigma":3,"state":"IDLE","t":"2026-07-16T11:28:02.4651223Z","type":"sample"}
{"channel":"rr","display":51.02040816326531,"mu":0,"quality":"OUT_OF_RANGE","raw":280,"sigma":1.5,"state":"IDLE","t":"2026-07-16T11:28:02.4902949Z","type":"sample"}
{"channel":"rr","display":51.02040816326531,"mu":0,"quality":"OUT_OF_RANGE","raw":279.3,"sigma":1.5,"state":"IDLE","t":"2026-07-16T11:28:02.5304478Z","type":"sample"}
{"channel":"gsr","display":0,"mu":0,"quality":"OUT_OF_RANGE","raw":4095,"sigma":10,"state":"IDLE","t":"2026-07-16T11:28:02.5631231Z","type":"sample"}
{"channel":"rr","display":51.02040816326531,"mu":0,"quality":"OUT_OF_RANGE","raw":279.4,"sigma":1.5,"state":"IDLE","t":"2026-07-16T11:28:02.5704049Z","type":"sample"}
{"channel":"rr","display":51.02040816326531,"mu":0,"quality":"OUT_OF_RANGE","raw":279.5,"sigma":1.5,"state":"IDLE","t":"2026-07-16T11:28:02.6100216Z","type":"sample"}
{"channel":"rr","display":51.02040816326531,"mu":0,"quality":"OUT_OF_RANGE","raw":279.2,"sigma":1.5,"state":"IDLE","t":"2026-07-16T11:28:02.6503938Z","type":"sample"}
{"channel":"gsr","display":0,"mu":0,"quality":"OUT_OF_RANGE","raw":4095,"sigma":10,"state":"IDLE","t":"2026-07-16T11:28:02.6637459Z","type":"sample"}
{"address":"/cue/p/start","args":null,"channel":"system","dir":"out","t":"2026-07-16T11:28:02.6817055Z","type":"osc"}
{"channel":"rr","display":51.02040816326531,"mu":0,"quality":"OUT_OF_RANGE","raw":279.6,"sigma":1.5,"state":"IDLE","t":"2026-07-16T11:28:02.6903119Z","type":"sample"}
{"channel":"rr","display":50,"mu":0,"quality":"OUT_OF_RANGE","raw":280.4,"sigma":1.5,"state":"IDLE","t":"2026-07-16T11:28:02.7300435Z","type":"sample"}
{"channel":"gsr","display":0,"mu":0,"quality":"OUT_OF_RANGE","raw":4095,"sigma":10,"state":"IDLE","t":"2026-07-16T11:28:02.7601977Z","type":"sample"}
{"channel":"rr","display":50,"mu":0,"quality":"OUT_OF_RANGE","raw":279.6,"sigma":1.5,"state":"IDLE","t":"2026-07-16T11:28:02.7701153Z","type":"sample"}
{"channel":"rr","display":50,"mu":0,"quality":"OUT_OF_RANGE","raw":279.5,"sigma":1.5,"state":"IDLE","t":"2026-07-16T11:28:02.8106799Z","type":"sample"}
{"channel":"rr","display":50,"mu":0,"quality":"OUT_OF_RANGE","raw":278.9,"sigma":1.5,"state":"IDLE","t":"2026-07-16T11:28:02.8503496Z","type":"sample"}
{"channel":"gsr","display":0,"mu":0,"quality":"OUT_OF_RANGE","raw":4095,"sigma":10,"state":"IDLE","t":"2026-07-16T11:28:02.8638164Z","type":"sample"}
{"channel":"rr","display":50,"mu":0,"quality":"OUT_OF_RANGE","raw":279.1,"sigma":1.5,"state":"IDLE","t":"2026-07-16T11:28:02.8903464Z","type":"sample"}
{"channel":"rr","display":50,"mu":0,"quality":"OUT_OF_RANGE","raw":279.7,"sigma":1.5,"state":"IDLE","t":"2026-07-16T11:28:02.9302378Z","type":"sample"}
{"channel":"gsr","display":0,"mu":0,"quality":"OUT_OF_RANGE","raw":4095,"sigma":10,"state":"IDLE","t":"2026-07-16T11:28:02.9647197Z","type":"sample"}
{"channel":"hr","display":0,"mu":0,"quality":"OUT_OF_RANGE","raw":0,"sigma":3,"state":"IDLE","t":"2026-07-16T11:28:02.9647197Z","type":"sample"}
{"channel":"rr","display":50,"mu":0,"quality":"OUT_OF_RANGE","raw":278.6,"sigma":1.5,"state":"IDLE","t":"2026-07-16T11:28:02.9702548Z","type":"sample"}
{"channel":"rr","display":50,"mu":0,"quality":"OUT_OF_RANGE","raw":280,"sigma":1.5,"state":"IDLE","t":"2026-07-16T11:28:03.0104138Z","type":"sample"}
{"channel":"rr","display":50,"mu":0,"quality":"OUT_OF_RANGE","raw":279,"sigma":1.5,"state":"IDLE","t":"2026-07-16T11:28:03.0503425Z","type":"sample"}
{"channel":"gsr","display":0,"mu":0,"quality":"OUT_OF_RANGE","raw":4095,"sigma":10,"state":"IDLE","t":"2026-07-16T11:28:03.0642033Z","type":"sample"}
{"channel":"rr","display":50,"mu":0,"quality":"OUT_OF_RANGE","raw":280,"sigma":1.5,"state":"IDLE","t":"2026-07-16T11:28:03.0900706Z","type":"sample"}
{"channel":"rr","display":50,"mu":0,"quality":"OUT_OF_RANGE","raw":280,"sigma":1.5,"state":"IDLE","t":"2026-07-16T11:28:03.1303063Z","type":"sample"}
{"channel":"gsr","display":0,"mu":0,"quality":"OUT_OF_RANGE","raw":4095,"sigma":10,"state":"IDLE","t":"2026-07-16T11:28:03.1600909Z","type":"sample"}
{"channel":"rr","display":50,"mu":0,"quality":"OUT_OF_RANGE","raw":279.8,"sigma":1.5,"state":"IDLE","t":"2026-07-16T11:28:03.1703038Z","type":"sample"}
{"channel":"rr","display":50,"mu":0,"quality":"OUT_OF_RANGE","raw":278.9,"sigma":1.5,"state":"IDLE","t":"2026-07-16T11:28:03.2101061Z","type":"sample"}
{"channel":"rr","display":50,"mu":0,"quality":"OUT_OF_RANGE","raw":279.8,"sigma":1.5,"state":"IDLE","t":"2026-07-16T11:28:03.250176Z","type":"sample"}
{"channel":"gsr","display":0,"mu":0,"quality":"OUT_OF_RANGE","raw":4095,"sigma":10,"state":"IDLE","t":"2026-07-16T11:28:03.2617017Z","type":"sample"}
{"channel":"rr","display":50,"mu":0,"quality":"OUT_OF_RANGE","raw":279.6,"sigma":1.5,"state":"IDLE","t":"2026-07-16T11:28:03.289971Z","type":"sample"}
{"channel":"rr","display":50,"mu":0,"quality":"OUT_OF_RANGE","raw":279.6,"sigma":1.5,"state":"IDLE","t":"2026-07-16T11:28:03.3299169Z","type":"sample"}
{"channel":"gsr","display":0,"mu":0,"quality":"OUT_OF_RANGE","raw":4095,"sigma":10,"state":"IDLE","t":"2026-07-16T11:28:03.3604339Z","type":"sample"}
{"channel":"rr","display":50,"mu":0,"quality":"OUT_OF_RANGE","raw":278.9,"sigma":1.5,"state":"IDLE","t":"2026-07-16T11:28:03.3703954Z","type":"sample"}
{"channel":"rr","display":50,"mu":0,"quality":"OUT_OF_RANGE","raw":279.3,"sigma":1.5,"state":"IDLE","t":"2026-07-16T11:28:03.4101277Z","type":"sample"}
{"channel":"rr","display":50,"mu":0,"quality":"OUT_OF_RANGE","raw":279.3,"sigma":1.5,"state":"IDLE","t":"2026-07-16T11:28:03.4506619Z","type":"sample"}
{"channel":"gsr","display":0,"mu":0,"quality":"OUT_OF_RANGE","raw":4095,"sigma":10,"state":"IDLE","t":"2026-07-16T11:28:03.4645554Z","type":"sample"}
{"channel":"hr","display":0,"mu":0,"quality":"OUT_OF_RANGE","raw":0,"sigma":3,"state":"IDLE","t":"2026-07-16T11:28:03.4650885Z","type":"sample"}
{"channel":"rr","display":50,"mu":0,"quality":"OUT_OF_RANGE","raw":279.2,"sigma":1.5,"state":"IDLE","t":"2026-07-16T11:28:03.4905012Z","type":"sample"}
{"channel":"rr","display":50,"mu":0,"quality":"OUT_OF_RANGE","raw":279.8,"sigma":1.5,"state":"IDLE","t":"2026-07-16T11:28:03.5305096Z","type":"sample"}
{"channel":"gsr","display":0,"mu":0,"quality":"OUT_OF_RANGE","raw":4095,"sigma":10,"state":"IDLE","t":"2026-07-16T11:28:03.5640479Z","type":"sample"}
{"channel":"rr","display":50,"mu":0,"quality":"OUT_OF_RANGE","raw":280,"sigma":1.5,"state":"IDLE","t":"2026-07-16T11:28:03.5702857Z","type":"sample"}
{"channel":"rr","display":50,"mu":0,"quality":"OUT_OF_RANGE","raw":280.2,"sigma":1.5,"state":"IDLE","t":"2026-07-16T11:28:03.6103237Z","type":"sample"}
{"channel":"rr","display":50,"mu":0,"quality":"OUT_OF_RANGE","raw":279.9,"sigma":1.5,"state":"IDLE","t":"2026-07-16T11:28:03.6499357Z","type":"sample"}
{"channel":"gsr","display":0,"mu":0,"quality":"OUT_OF_RANGE","raw":4095,"sigma":10,"state":"IDLE","t":"2026-07-16T11:28:03.6646372Z","type":"sample"}
{"address":"/cue/p/start","args":null,"channel":"system","dir":"out","t":"2026-07-16T11:28:03.6818802Z","type":"osc"}
{"channel":"rr","display":50,"mu":0,"quality":"OUT_OF_RANGE","raw":279.3,"sigma":1.5,"state":"IDLE","t":"2026-07-16T11:28:03.6900065Z","type":"sample"}
{"channel":"rr","display":52.816901408450704,"mu":0,"quality":"OUT_OF_RANGE","raw":279.9,"sigma":1.5,"state":"IDLE","t":"2026-07-16T11:28:03.730392Z","type":"sample"}
{"channel":"gsr","display":0,"mu":0,"quality":"OUT_OF_RANGE","raw":4095,"sigma":10,"state":"IDLE","t":"2026-07-16T11:28:03.76464Z","type":"sample"}
{"channel":"rr","display":52.816901408450704,"mu":0,"quality":"OUT_OF_RANGE","raw":279.9,"sigma":1.5,"state":"IDLE","t":"2026-07-16T11:28:03.7702513Z","type":"sample"}
{"channel":"rr","display":52.816901408450704,"mu":0,"quality":"OUT_OF_RANGE","raw":279.4,"sigma":1.5,"state":"IDLE","t":"2026-07-16T11:28:03.8103458Z","type":"sample"}
{"channel":"rr","display":52.816901408450704,"mu":0,"quality":"OUT_OF_RANGE","raw":279.6,"sigma":1.5,"state":"IDLE","t":"2026-07-16T11:28:03.8503089Z","type":"sample"}
{"channel":"gsr","display":0,"mu":0,"quality":"OUT_OF_RANGE","raw":4095,"sigma":10,"state":"IDLE","t":"2026-07-16T11:28:03.8641464Z","type":"sample"}
{"channel":"rr","display":52.816901408450704,"mu":0,"quality":"OUT_OF_RANGE","raw":279.5,"sigma":1.5,"state":"IDLE","t":"2026-07-16T11:28:03.890267Z","type":"sample"}
{"channel":"rr","display":52.816901408450704,"mu":0,"quality":"OUT_OF_RANGE","raw":279.2,"sigma":1.5,"state":"IDLE","t":"2026-07-16T11:28:03.9301736Z","type":"sample"}
{"channel":"gsr","display":0,"mu":0,"quality":"OUT_OF_RANGE","raw":4095,"sigma":10,"state":"IDLE","t":"2026-07-16T11:28:03.9645945Z","type":"sample"}
{"channel":"hr","display":0,"mu":0,"quality":"OUT_OF_RANGE","raw":0,"sigma":3,"state":"IDLE","t":"2026-07-16T11:28:03.9652366Z","type":"sample"}
{"channel":"rr","display":52.816901408450704,"mu":0,"quality":"OUT_OF_RANGE","raw":279.3,"sigma":1.5,"state":"IDLE","t":"2026-07-16T11:28:03.9705962Z","type":"sample"}
{"channel":"rr","display":52.816901408450704,"mu":0,"quality":"OUT_OF_RANGE","raw":279.8,"sigma":1.5,"state":"IDLE","t":"2026-07-16T11:28:04.0101758Z","type":"sample"}
{"channel":"rr","display":52.816901408450704,"mu":0,"quality":"OUT_OF_RANGE","raw":280.2,"sigma":1.5,"state":"IDLE","t":"2026-07-16T11:28:04.0503656Z","type":"sample"}
{"channel":"gsr","display":0,"mu":0,"quality":"OUT_OF_RANGE","raw":4095,"sigma":10,"state":"IDLE","t":"2026-07-16T11:28:04.0645854Z","type":"sample"}
{"channel":"rr","display":52.816901408450704,"mu":0,"quality":"OUT_OF_RANGE","raw":279.6,"sigma":1.5,"state":"IDLE","t":"2026-07-16T11:28:04.090317Z","type":"sample"}
{"channel":"rr","display":52.816901408450704,"mu":0,"quality":"OUT_OF_RANGE","raw":279.9,"sigma":1.5,"state":"IDLE","t":"2026-07-16T11:28:04.1305156Z","type":"sample"}
{"channel":"gsr","display":0,"mu":0,"quality":"OUT_OF_RANGE","raw":4095,"sigma":10,"state":"IDLE","t":"2026-07-16T11:28:04.1600163Z","type":"sample"}
{"channel":"rr","display":52.816901408450704,"mu":0,"quality":"OUT_OF_RANGE","raw":279.4,"sigma":1.5,"state":"IDLE","t":"2026-07-16T11:28:04.1702885Z","type":"sample"}
{"channel":"rr","display":52.816901408450704,"mu":0,"quality":"OUT_OF_RANGE","raw":279.9,"sigma":1.5,"state":"IDLE","t":"2026-07-16T11:28:04.2102337Z","type":"sample"}
{"channel":"rr","display":52.816901408450704,"mu":0,"quality":"OUT_OF_RANGE","raw":279.9,"sigma":1.5,"state":"IDLE","t":"2026-07-16T11:28:04.2498746Z","type":"sample"}
{"channel":"gsr","display":0,"mu":0,"quality":"OUT_OF_RANGE","raw":4095,"sigma":10,"state":"IDLE","t":"2026-07-16T11:28:04.2609123Z","type":"sample"}
{"channel":"rr","display":52.816901408450704,"mu":0,"quality":"OUT_OF_RANGE","raw":280.1,"sigma":1.5,"state":"IDLE","t":"2026-07-16T11:28:04.2901006Z","type":"sample"}
{"channel":"rr","display":52.816901408450704,"mu":0,"quality":"OUT_OF_RANGE","raw":279.4,"sigma":1.5,"state":"IDLE","t":"2026-07-16T11:28:04.3301531Z","type":"sample"}
{"channel":"gsr","display":0,"mu":0,"quality":"OUT_OF_RANGE","raw":4095,"sigma":10,"state":"IDLE","t":"2026-07-16T11:28:04.3642151Z","type":"sample"}
{"channel":"rr","display":52.816901408450704,"mu":0,"quality":"OUT_OF_RANGE","raw":279.3,"sigma":1.5,"state":"IDLE","t":"2026-07-16T11:28:04.3702006Z","type":"sample"}
{"channel":"rr","display":52.816901408450704,"mu":0,"quality":"OUT_OF_RANGE","raw":280,"sigma":1.5,"state":"IDLE","t":"2026-07-16T11:28:04.4103107Z","type":"sample"}
{"channel":"rr","display":52.816901408450704,"mu":0,"quality":"OUT_OF_RANGE","raw":279.7,"sigma":1.5,"state":"IDLE","t":"2026-07-16T11:28:04.4502568Z","type":"sample"}
{"channel":"gsr","display":0,"mu":0,"quality":"OUT_OF_RANGE","raw":4095,"sigma":10,"state":"IDLE","t":"2026-07-16T11:28:04.4613265Z","type":"sample"}
{"channel":"hr","display":0,"mu":0,"quality":"OUT_OF_RANGE","raw":0,"sigma":3,"state":"IDLE","t":"2026-07-16T11:28:04.4648546Z","type":"sample"}
{"channel":"rr","display":52.816901408450704,"mu":0,"quality":"OUT_OF_RANGE","raw":278.9,"sigma":1.5,"state":"IDLE","t":"2026-07-16T11:28:04.4899608Z","type":"sample"}
{"channel":"rr","display":52.816901408450704,"mu":0,"quality":"OUT_OF_RANGE","raw":279.3,"sigma":1.5,"state":"IDLE","t":"2026-07-16T11:28:04.5300874Z","type":"sample"}
{"channel":"gsr","display":0,"mu":0,"quality":"OUT_OF_RANGE","raw":4095,"sigma":10,"state":"IDLE","t":"2026-07-16T11:28:04.5604723Z","type":"sample"}
{"channel":"rr","display":52.816901408450704,"mu":0,"quality":"OUT_OF_RANGE","raw":279.9,"sigma":1.5,"state":"IDLE","t":"2026-07-16T11:28:04.5706201Z","type":"sample"}
{"channel":"rr","display":52.816901408450704,"mu":0,"quality":"OUT_OF_RANGE","raw":279.4,"sigma":1.5,"state":"IDLE","t":"2026-07-16T11:28:04.6099385Z","type":"sample"}
{"channel":"rr","display":52.816901408450704,"mu":0,"quality":"OUT_OF_RANGE","raw":279.7,"sigma":1.5,"state":"IDLE","t":"2026-07-16T11:28:04.650376Z","type":"sample"}
{"channel":"gsr","display":0,"mu":0,"quality":"OUT_OF_RANGE","raw":4095,"sigma":10,"state":"IDLE","t":"2026-07-16T11:28:04.6643033Z","type":"sample"}
{"address":"/cue/p/start","args":null,"channel":"system","dir":"out","t":"2026-07-16T11:28:04.683334Z","type":"osc"}
{"channel":"rr","display":52.816901408450704,"mu":0,"quality":"OUT_OF_RANGE","raw":280.3,"sigma":1.5,"state":"IDLE","t":"2026-07-16T11:28:04.6903702Z","type":"sample"}
{"channel":"rr","display":52.816901408450704,"mu":0,"quality":"OUT_OF_RANGE","raw":279.9,"sigma":1.5,"state":"IDLE","t":"2026-07-16T11:28:04.7305143Z","type":"sample"}
{"channel":"gsr","display":0,"mu":0,"quality":"OUT_OF_RANGE","raw":4095,"sigma":10,"state":"IDLE","t":"2026-07-16T11:28:04.7645089Z","type":"sample"}
{"channel":"rr","display":52.816901408450704,"mu":0,"quality":"OUT_OF_RANGE","raw":279.3,"sigma":1.5,"state":"IDLE","t":"2026-07-16T11:28:04.7700575Z","type":"sample"}
{"channel":"rr","display":52.44755244755245,"mu":0,"quality":"OUT_OF_RANGE","raw":279.8,"sigma":1.5,"state":"IDLE","t":"2026-07-16T11:28:04.810365Z","type":"sample"}
{"channel":"rr","display":52.44755244755245,"mu":0,"quality":"OUT_OF_RANGE","raw":279.8,"sigma":1.5,"state":"IDLE","t":"2026-07-16T11:28:04.8500422Z","type":"sample"}
{"channel":"gsr","display":0,"mu":0,"quality":"OUT_OF_RANGE","raw":4095,"sigma":10,"state":"IDLE","t":"2026-07-16T11:28:04.8643021Z","type":"sample"}
{"channel":"rr","display":52.44755244755245,"mu":0,"quality":"OUT_OF_RANGE","raw":280.2,"sigma":1.5,"state":"IDLE","t":"2026-07-16T11:28:04.8903381Z","type":"sample"}
{"channel":"rr","display":52.44755244755245,"mu":0,"quality":"OUT_OF_RANGE","raw":280.1,"sigma":1.5,"state":"IDLE","t":"2026-07-16T11:28:04.9302964Z","type":"sample"}
{"channel":"gsr","display":0,"mu":0,"quality":"OUT_OF_RANGE","raw":4095,"sigma":10,"state":"IDLE","t":"2026-07-16T11:28:04.9611831Z","type":"sample"}
{"channel":"hr","display":0,"mu":0,"quality":"OUT_OF_RANGE","raw":0,"sigma":3,"state":"IDLE","t":"2026-07-16T11:28:04.9647999Z","type":"sample"}
{"channel":"rr","display":52.44755244755245,"mu":0,"quality":"OUT_OF_RANGE","raw":279.1,"sigma":1.5,"state":"IDLE","t":"2026-07-16T11:28:04.9702784Z","type":"sample"}
{"channel":"rr","display":52.44755244755245,"mu":0,"quality":"OUT_OF_RANGE","raw":280.2,"sigma":1.5,"state":"IDLE","t":"2026-07-16T11:28:05.0105076Z","type":"sample"}
{"channel":"rr","display":52.44755244755245,"mu":0,"quality":"OUT_OF_RANGE","raw":279.9,"sigma":1.5,"state":"IDLE","t":"2026-07-16T11:28:05.050435Z","type":"sample"}
{"channel":"gsr","display":0,"mu":0,"quality":"OUT_OF_RANGE","raw":4095,"sigma":10,"state":"IDLE","t":"2026-07-16T11:28:05.0602182Z","type":"sample"}
{"channel":"rr","display":52.44755244755245,"mu":0,"quality":"OUT_OF_RANGE","raw":279.4,"sigma":1.5,"state":"IDLE","t":"2026-07-16T11:28:05.0904429Z","type":"sample"}
{"channel":"rr","display":52.44755244755245,"mu":0,"quality":"OUT_OF_RANGE","raw":280.1,"sigma":1.5,"state":"IDLE","t":"2026-07-16T11:28:05.130661Z","type":"sample"}
{"channel":"gsr","display":0,"mu":0,"quality":"OUT_OF_RANGE","raw":4094.6,"sigma":10,"state":"IDLE","t":"2026-07-16T11:28:05.1650657Z","type":"sample"}
{"channel":"rr","display":52.44755244755245,"mu":0,"quality":"OUT_OF_RANGE","raw":279.8,"sigma":1.5,"state":"IDLE","t":"2026-07-16T11:28:05.170292Z","type":"sample"}
{"channel":"rr","display":52.44755244755245,"mu":0,"quality":"OUT_OF_RANGE","raw":280.1,"sigma":1.5,"state":"IDLE","t":"2026-07-16T11:28:05.2106777Z","type":"sample"}
{"channel":"rr","display":52.44755244755245,"mu":0,"quality":"OUT_OF_RANGE","raw":278.9,"sigma":1.5,"state":"IDLE","t":"2026-07-16T11:28:05.2499793Z","type":"sample"}
{"channel":"gsr","event":"quality_change","quality":"OK","t":"2026-07-16T11:28:05.2626216Z","type":"event"}
{"channel":"gsr","display":4038.7,"mu":0,"quality":"OK","raw":4038.7,"sigma":10,"state":"IDLE","t":"2026-07-16T11:28:05.2646431Z","type":"sample"}
{"channel":"rr","display":52.44755244755245,"mu":0,"quality":"OUT_OF_RANGE","raw":279.9,"sigma":1.5,"state":"IDLE","t":"2026-07-16T11:28:05.290305Z","type":"sample"}
{"address":"/cue/g1/start","args":null,"channel":"system","dir":"out","t":"2026-07-16T11:28:05.3295187Z","type":"osc"}
{"channel":"rr","display":52.44755244755245,"mu":0,"quality":"OUT_OF_RANGE","raw":278.9,"sigma":1.5,"state":"IDLE","t":"2026-07-16T11:28:05.3306155Z","type":"sample"}
{"channel":"gsr","display":3984.2,"mu":0,"quality":"OK","raw":3984.2,"sigma":10,"state":"IDLE","t":"2026-07-16T11:28:05.36449Z","type":"sample"}
{"channel":"rr","display":52.44755244755245,"mu":0,"quality":"OUT_OF_RANGE","raw":279.4,"sigma":1.5,"state":"IDLE","t":"2026-07-16T11:28:05.3705264Z","type":"sample"}
{"channel":"rr","display":52.44755244755245,"mu":0,"quality":"OUT_OF_RANGE","raw":280.8,"sigma":1.5,"state":"IDLE","t":"2026-07-16T11:28:05.4103577Z","type":"sample"}
{"channel":"rr","display":52.44755244755245,"mu":0,"quality":"OUT_OF_RANGE","raw":279.9,"sigma":1.5,"state":"IDLE","t":"2026-07-16T11:28:05.4503121Z","type":"sample"}
{"channel":"gsr","display":3946.1,"mu":0,"quality":"OK","raw":3946.1,"sigma":10,"state":"IDLE","t":"2026-07-16T11:28:05.4645009Z","type":"sample"}
{"channel":"hr","display":0,"mu":0,"quality":"OUT_OF_RANGE","raw":0,"sigma":3,"state":"IDLE","t":"2026-07-16T11:28:05.4651193Z","type":"sample"}
{"channel":"rr","display":52.44755244755245,"mu":0,"quality":"OUT_OF_RANGE","raw":280.1,"sigma":1.5,"state":"IDLE","t":"2026-07-16T11:28:05.4902834Z","type":"sample"}
{"channel":"rr","display":52.44755244755245,"mu":0,"quality":"OUT_OF_RANGE","raw":279.8,"sigma":1.5,"state":"IDLE","t":"2026-07-16T11:28:05.5303228Z","type":"sample"}
{"channel":"gsr","display":3923,"mu":0,"quality":"OK","raw":3923,"sigma":10,"state":"IDLE","t":"2026-07-16T11:28:05.564475Z","type":"sample"}
{"channel":"rr","display":52.44755244755245,"mu":0,"quality":"OUT_OF_RANGE","raw":279.2,"sigma":1.5,"state":"IDLE","t":"2026-07-16T11:28:05.5702614Z","type":"sample"}
{"channel":"rr","display":52.44755244755245,"mu":0,"quality":"OUT_OF_RANGE","raw":279.6,"sigma":1.5,"state":"IDLE","t":"2026-07-16T11:28:05.6099474Z","type":"sample"}
{"channel":"rr","display":52.44755244755245,"mu":0,"quality":"OUT_OF_RANGE","raw":278.9,"sigma":1.5,"state":"IDLE","t":"2026-07-16T11:28:05.649936Z","type":"sample"}
{"channel":"gsr","display":3912.4,"mu":0,"quality":"OK","raw":3912.4,"sigma":10,"state":"IDLE","t":"2026-07-16T11:28:05.6600994Z","type":"sample"}
{"address":"/cue/p/start","args":null,"channel":"system","dir":"out","t":"2026-07-16T11:28:05.6821455Z","type":"osc"}
{"channel":"rr","display":52.44755244755245,"mu":0,"quality":"OUT_OF_RANGE","raw":280.4,"sigma":1.5,"state":"IDLE","t":"2026-07-16T11:28:05.6902581Z","type":"sample"}
{"channel":"rr","display":52.44755244755245,"mu":0,"quality":"OUT_OF_RANGE","raw":279.4,"sigma":1.5,"state":"IDLE","t":"2026-07-16T11:28:05.7299154Z","type":"sample"}
{"channel":"gsr","display":3896.8,"mu":0,"quality":"OK","raw":3896.8,"sigma":10,"state":"IDLE","t":"2026-07-16T11:28:05.7645759Z","type":"sample"}
{"channel":"rr","display":52.44755244755245,"mu":0,"quality":"OUT_OF_RANGE","raw":279.1,"sigma":1.5,"state":"IDLE","t":"2026-07-16T11:28:05.7701129Z","type":"sample"}
{"channel":"rr","display":52.44755244755245,"mu":0,"quality":"OUT_OF_RANGE","raw":279.4,"sigma":1.5,"state":"IDLE","t":"2026-07-16T11:28:05.8103606Z","type":"sample"}
{"channel":"rr","display":52.44755244755245,"mu":0,"quality":"OUT_OF_RANGE","raw":279.4,"sigma":1.5,"state":"IDLE","t":"2026-07-16T11:28:05.8503367Z","type":"sample"}
{"channel":"gsr","display":3887.1,"mu":0,"quality":"OK","raw":3887.1,"sigma":10,"state":"IDLE","t":"2026-07-16T11:28:05.8635181Z","type":"sample"}
{"channel":"rr","display":52.44755244755245,"mu":0,"quality":"OUT_OF_RANGE","raw":279.6,"sigma":1.5,"state":"IDLE","t":"2026-07-16T11:28:05.8899779Z","type":"sample"}
{"channel":"rr","display":55.14705882352941,"mu":0,"quality":"OUT_OF_RANGE","raw":279.9,"sigma":1.5,"state":"IDLE","t":"2026-07-16T11:28:05.9302818Z","type":"sample"}
{"channel":"gsr","display":3883.8,"mu":0,"quality":"OK","raw":3883.8,"sigma":10,"state":"IDLE","t":"2026-07-16T11:28:05.9638479Z","type":"sample"}
{"channel":"hr","display":0,"mu":0,"quality":"OUT_OF_RANGE","raw":0,"sigma":3,"state":"IDLE","t":"2026-07-16T11:28:05.9654705Z","type":"sample"}
{"channel":"rr","display":55.14705882352941,"mu":0,"quality":"OUT_OF_RANGE","raw":280.2,"sigma":1.5,"state":"IDLE","t":"2026-07-16T11:28:05.9703883Z","type":"sample"}
{"channel":"rr","display":55.14705882352941,"mu":0,"quality":"OUT_OF_RANGE","raw":279.9,"sigma":1.5,"state":"IDLE","t":"2026-07-16T11:28:06.010334Z","type":"sample"}
{"channel":"rr","display":55.14705882352941,"mu":0,"quality":"OUT_OF_RANGE","raw":280.2,"sigma":1.5,"state":"IDLE","t":"2026-07-16T11:28:06.0502873Z","type":"sample"}
{"channel":"gsr","display":3879.4,"mu":0,"quality":"OK","raw":3879.4,"sigma":10,"state":"IDLE","t":"2026-07-16T11:28:06.0622172Z","type":"sample"}
{"channel":"rr","display":55.14705882352941,"mu":0,"quality":"OUT_OF_RANGE","raw":279.8,"sigma":1.5,"state":"IDLE","t":"2026-07-16T11:28:06.0904837Z","type":"sample"}
{"channel":"rr","display":55.14705882352941,"mu":0,"quality":"OUT_OF_RANGE","raw":280.2,"sigma":1.5,"state":"IDLE","t":"2026-07-16T11:28:06.1300706Z","type":"sample"}
{"channel":"gsr","display":3872.4,"mu":0,"quality":"OK","raw":3872.4,"sigma":10,"state":"IDLE","t":"2026-07-16T11:28:06.1644835Z","type":"sample"}
{"channel":"rr","display":55.14705882352941,"mu":0,"quality":"OUT_OF_RANGE","raw":279.6,"sigma":1.5,"state":"IDLE","t":"2026-07-16T11:28:06.1775615Z","type":"sample"}
{"channel":"rr","display":55.14705882352941,"mu":0,"quality":"OUT_OF_RANGE","raw":280.4,"sigma":1.5,"state":"IDLE","t":"2026-07-16T11:28:06.2103416Z","type":"sample"}
{"channel":"rr","display":55.14705882352941,"mu":0,"quality":"OUT_OF_RANGE","raw":279.6,"sigma":1.5,"state":"IDLE","t":"2026-07-16T11:28:06.2501149Z","type":"sample"}
{"channel":"gsr","display":3871,"mu":0,"quality":"OK","raw":3871,"sigma":10,"state":"IDLE","t":"2026-07-16T11:28:06.2645542Z","type":"sample"}
{"channel":"rr","display":55.14705882352941,"mu":0,"quality":"OUT_OF_RANGE","raw":280.4,"sigma":1.5,"state":"IDLE","t":"2026-07-16T11:28:06.2902765Z","type":"sample"}
{"channel":"rr","display":55.14705882352941,"mu":0,"quality":"OUT_OF_RANGE","raw":279.9,"sigma":1.5,"state":"IDLE","t":"2026-07-16T11:28:06.3302463Z","type":"sample"}
{"address":"/cue/g1/start","args":null,"channel":"system","dir":"out","t":"2026-07-16T11:28:06.3470788Z","type":"osc"}
{"channel":"gsr","display":3878.1,"mu":0,"quality":"OK","raw":3878.1,"sigma":10,"state":"IDLE","t":"2026-07-16T11:28:06.3612017Z","type":"sample"}
{"channel":"rr","display":55.14705882352941,"mu":0,"quality":"OUT_OF_RANGE","raw":279.4,"sigma":1.5,"state":"IDLE","t":"2026-07-16T11:28:06.3702011Z","type":"sample"}
{"channel":"rr","display":55.14705882352941,"mu":0,"quality":"OUT_OF_RANGE","raw":279.2,"sigma":1.5,"state":"IDLE","t":"2026-07-16T11:28:06.4099635Z","type":"sample"}
{"channel":"rr","display":55.14705882352941,"mu":0,"quality":"OUT_OF_RANGE","raw":280.3,"sigma":1.5,"state":"IDLE","t":"2026-07-16T11:28:06.4499013Z","type":"sample"}
{"channel":"gsr","display":3870.6,"mu":0,"quality":"OK","raw":3870.6,"sigma":10,"state":"IDLE","t":"2026-07-16T11:28:06.4641018Z","type":"sample"}
{"channel":"hr","display":0,"mu":0,"quality":"OUT_OF_RANGE","raw":0,"sigma":3,"state":"IDLE","t":"2026-07-16T11:28:06.4651864Z","type":"sample"}
{"channel":"rr","display":55.14705882352941,"mu":0,"quality":"OUT_OF_RANGE","raw":279.9,"sigma":1.5,"state":"IDLE","t":"2026-07-16T11:28:06.4903329Z","type":"sample"}
{"channel":"rr","display":55.14705882352941,"mu":0,"quality":"OUT_OF_RANGE","raw":279.5,"sigma":1.5,"state":"IDLE","t":"2026-07-16T11:28:06.5307869Z","type":"sample"}
{"channel":"gsr","display":3861.7,"mu":0,"quality":"OK","raw":3861.7,"sigma":10,"state":"IDLE","t":"2026-07-16T11:28:06.5646423Z","type":"sample"}
{"channel":"rr","display":55.14705882352941,"mu":0,"quality":"OUT_OF_RANGE","raw":279.2,"sigma":1.5,"state":"IDLE","t":"2026-07-16T11:28:06.5699417Z","type":"sample"}
{"channel":"rr","display":55.14705882352941,"mu":0,"quality":"OUT_OF_RANGE","raw":279.9,"sigma":1.5,"state":"IDLE","t":"2026-07-16T11:28:06.6103809Z","type":"sample"}
{"channel":"rr","display":55.14705882352941,"mu":0,"quality":"OUT_OF_RANGE","raw":279.9,"sigma":1.5,"state":"IDLE","t":"2026-07-16T11:28:06.6501373Z","type":"sample"}
{"channel":"gsr","display":3858.2,"mu":0,"quality":"OK","raw":3858.2,"sigma":10,"state":"IDLE","t":"2026-07-16T11:28:06.6600763Z","type":"sample"}
{"address":"/cue/p/start","args":null,"channel":"system","dir":"out","t":"2026-07-16T11:28:06.6810733Z","type":"osc"}
{"channel":"rr","display":55.14705882352941,"mu":0,"quality":"OUT_OF_RANGE","raw":279.3,"sigma":1.5,"state":"IDLE","t":"2026-07-16T11:28:06.6903496Z","type":"sample"}
{"channel":"rr","display":55.14705882352941,"mu":0,"quality":"OUT_OF_RANGE","raw":280.1,"sigma":1.5,"state":"IDLE","t":"2026-07-16T11:28:06.730224Z","type":"sample"}
{"channel":"gsr","display":3854.6,"mu":0,"quality":"OK","raw":3854.6,"sigma":10,"state":"IDLE","t":"2026-07-16T11:28:06.7625521Z","type":"sample"}
{"channel":"rr","display":55.14705882352941,"mu":0,"quality":"OUT_OF_RANGE","raw":279.4,"sigma":1.5,"state":"IDLE","t":"2026-07-16T11:28:06.7700457Z","type":"sample"}
{"channel":"rr","display":55.14705882352941,"mu":0,"quality":"OUT_OF_RANGE","raw":279.9,"sigma":1.5,"state":"IDLE","t":"2026-07-16T11:28:06.8102178Z","type":"sample"}
{"channel":"rr","display":55.14705882352941,"mu":0,"quality":"OUT_OF_RANGE","raw":280.2,"sigma":1.5,"state":"IDLE","t":"2026-07-16T11:28:06.8500732Z","type":"sample"}
{"channel":"gsr","display":3853.4,"mu":0,"quality":"OK","raw":3853.4,"sigma":10,"state":"IDLE","t":"2026-07-16T11:28:06.8635376Z","type":"sample"}
{"channel":"rr","display":55.14705882352941,"mu":0,"quality":"OUT_OF_RANGE","raw":279.9,"sigma":1.5,"state":"IDLE","t":"2026-07-16T11:28:06.8901871Z","type":"sample"}
{"channel":"rr","display":55.14705882352941,"mu":0,"quality":"OUT_OF_RANGE","raw":280.3,"sigma":1.5,"state":"IDLE","t":"2026-07-16T11:28:06.9302886Z","type":"sample"}
{"channel":"gsr","display":3847.2,"mu":0,"quality":"OK","raw":3847.2,"sigma":10,"state":"IDLE","t":"2026-07-16T11:28:06.9647705Z","type":"sample"}
{"channel":"hr","display":0,"mu":0,"quality":"OUT_OF_RANGE","raw":0,"sigma":3,"state":"IDLE","t":"2026-07-16T11:28:06.9650724Z","type":"sample"}
{"channel":"rr","display":55.14705882352941,"mu":0,"quality":"OUT_OF_RANGE","raw":279.7,"sigma":1.5,"state":"IDLE","t":"2026-07-16T11:28:06.9707341Z","type":"sample"}
{"channel":"rr","display":55.14705882352941,"mu":0,"quality":"OUT_OF_RANGE","raw":279.2,"sigma":1.5,"state":"IDLE","t":"2026-07-16T11:28:07.0104766Z","type":"sample"}
{"channel":"rr","display":54.34782608695652,"mu":0,"quality":"OUT_OF_RANGE","raw":279.8,"sigma":1.5,"state":"IDLE","t":"2026-07-16T11:28:07.0503787Z","type":"sample"}
{"channel":"gsr","display":3837.2,"mu":0,"quality":"OK","raw":3837.2,"sigma":10,"state":"IDLE","t":"2026-07-16T11:28:07.0646008Z","type":"sample"}
{"channel":"rr","display":54.34782608695652,"mu":0,"quality":"OUT_OF_RANGE","raw":279.8,"sigma":1.5,"state":"IDLE","t":"2026-07-16T11:28:07.0907628Z","type":"sample"}
{"channel":"rr","display":54.34782608695652,"mu":0,"quality":"OUT_OF_RANGE","raw":279.6,"sigma":1.5,"state":"IDLE","t":"2026-07-16T11:28:07.1300391Z","type":"sample"}
{"channel":"gsr","display":3825.5,"mu":0,"quality":"OK","raw":3825.5,"sigma":10,"state":"IDLE","t":"2026-07-16T11:28:07.1649879Z","type":"sample"}
{"channel":"rr","display":54.34782608695652,"mu":0,"quality":"OUT_OF_RANGE","raw":280,"sigma":1.5,"state":"IDLE","t":"2026-07-16T11:28:07.1704652Z","type":"sample"}
{"channel":"rr","display":54.34782608695652,"mu":0,"quality":"OUT_OF_RANGE","raw":280.2,"sigma":1.5,"state":"IDLE","t":"2026-07-16T11:28:07.2099973Z","type":"sample"}
{"channel":"rr","display":54.34782608695652,"mu":0,"quality":"OUT_OF_RANGE","raw":279.6,"sigma":1.5,"state":"IDLE","t":"2026-07-16T11:28:07.2503038Z","type":"sample"}
{"channel":"gsr","display":3809.1,"mu":0,"quality":"OK","raw":3809.1,"sigma":10,"state":"IDLE","t":"2026-07-16T11:28:07.2632466Z","type":"sample"}
{"channel":"rr","display":54.34782608695652,"mu":0,"quality":"OUT_OF_RANGE","raw":279.9,"sigma":1.5,"state":"IDLE","t":"2026-07-16T11:28:07.2900304Z","type":"sample"}
{"channel":"rr","display":54.34782608695652,"mu":0,"quality":"OUT_OF_RANGE","raw":279.7,"sigma":1.5,"state":"IDLE","t":"2026-07-16T11:28:07.3299008Z","type":"sample"}
{"address":"/cue/g1/start","args":null,"channel":"system","dir":"out","t":"2026-07-16T11:28:07.3506763Z","type":"osc"}
{"channel":"gsr","display":3794.4,"mu":0,"quality":"OK","raw":3794.4,"sigma":10,"state":"IDLE","t":"2026-07-16T11:28:07.3631549Z","type":"sample"}
{"channel":"rr","display":54.34782608695652,"mu":0,"quality":"OUT_OF_RANGE","raw":280.3,"sigma":1.5,"state":"IDLE","t":"2026-07-16T11:28:07.3712687Z","type":"sample"}
{"channel":"rr","display":54.34782608695652,"mu":0,"quality":"OUT_OF_RANGE","raw":280.7,"sigma":1.5,"state":"IDLE","t":"2026-07-16T11:28:07.4104228Z","type":"sample"}
{"channel":"rr","display":54.34782608695652,"mu":0,"quality":"OUT_OF_RANGE","raw":280.4,"sigma":1.5,"state":"IDLE","t":"2026-07-16T11:28:07.4503527Z","type":"sample"}
{"channel":"gsr","display":3783.2,"mu":0,"quality":"OK","raw":3783.2,"sigma":10,"state":"IDLE","t":"2026-07-16T11:28:07.4634775Z","type":"sample"}
{"channel":"hr","display":0,"mu":0,"quality":"OUT_OF_RANGE","raw":0,"sigma":3,"state":"IDLE","t":"2026-07-16T11:28:07.4650032Z","type":"sample"}
{"channel":"rr","display":54.34782608695652,"mu":0,"quality":"OUT_OF_RANGE","raw":280.1,"sigma":1.5,"state":"IDLE","t":"2026-07-16T11:28:07.4903196Z","type":"sample"}
{"channel":"rr","display":54.34782608695652,"mu":0,"quality":"OUT_OF_RANGE","raw":279.2,"sigma":1.5,"state":"IDLE","t":"2026-07-16T11:28:07.5302746Z","type":"sample"}
{"channel":"gsr","display":3777.1,"mu":0,"quality":"OK","raw":3777.1,"sigma":10,"state":"IDLE","t":"2026-07-16T11:28:07.5647342Z","type":"sample"}
{"channel":"rr","display":54.34782608695652,"mu":0,"quality":"OUT_OF_RANGE","raw":279.9,"sigma":1.5,"state":"IDLE","t":"2026-07-16T11:28:07.5703342Z","type":"sample"}
{"channel":"rr","display":54.34782608695652,"mu":0,"quality":"OUT_OF_RANGE","raw":279.8,"sigma":1.5,"state":"IDLE","t":"2026-07-16T11:28:07.6102059Z","type":"sample"}
{"channel":"rr","display":54.34782608695652,"mu":0,"quality":"OUT_OF_RANGE","raw":280.5,"sigma":1.5,"state":"IDLE","t":"2026-07-16T11:28:07.6503369Z","type":"sample"}
{"channel":"gsr","display":3760.5,"mu":0,"quality":"OK","raw":3760.5,"sigma":10,"state":"IDLE","t":"2026-07-16T11:28:07.6602153Z","type":"sample"}
{"address":"/cue/p/start","args":null,"channel":"system","dir":"out","t":"2026-07-16T11:28:07.6811201Z","type":"osc"}
{"channel":"rr","display":54.34782608695652,"mu":0,"quality":"OUT_OF_RANGE","raw":280.4,"sigma":1.5,"state":"IDLE","t":"2026-07-16T11:28:07.6904445Z","type":"sample"}
{"channel":"rr","display":54.34782608695652,"mu":0,"quality":"OUT_OF_RANGE","raw":279.9,"sigma":1.5,"state":"IDLE","t":"2026-07-16T11:28:07.7302641Z","type":"sample"}
{"channel":"gsr","display":3748.1,"mu":0,"quality":"OK","raw":3748.1,"sigma":10,"state":"IDLE","t":"2026-07-16T11:28:07.7628432Z","type":"sample"}
{"channel":"rr","display":54.34782608695652,"mu":0,"quality":"OUT_OF_RANGE","raw":279.9,"sigma":1.5,"state":"IDLE","t":"2026-07-16T11:28:07.7704482Z","type":"sample"}
{"channel":"rr","display":54.34782608695652,"mu":0,"quality":"OUT_OF_RANGE","raw":280.2,"sigma":1.5,"state":"IDLE","t":"2026-07-16T11:28:07.8101242Z","type":"sample"}
{"channel":"rr","display":54.34782608695652,"mu":0,"quality":"OUT_OF_RANGE","raw":279.8,"sigma":1.5,"state":"IDLE","t":"2026-07-16T11:28:07.8501561Z","type":"sample"}
{"channel":"gsr","display":3730.2,"mu":0,"quality":"OK","raw":3730.2,"sigma":10,"state":"IDLE","t":"2026-07-16T11:28:07.8638246Z","type":"sample"}
{"channel":"rr","display":54.34782608695652,"mu":0,"quality":"OUT_OF_RANGE","raw":279.7,"sigma":1.5,"state":"IDLE","t":"2026-07-16T11:28:07.8901328Z","type":"sample"}
{"channel":"rr","display":54.34782608695652,"mu":0,"quality":"OUT_OF_RANGE","raw":280.4,"sigma":1.5,"state":"IDLE","t":"2026-07-16T11:28:07.9302963Z","type":"sample"}
{"channel":"gsr","display":3708.8,"mu":0,"quality":"OK","raw":3708.8,"sigma":10,"state":"IDLE","t":"2026-07-16T11:28:07.9601117Z","type":"sample"}
{"channel":"hr","display":0,"mu":0,"quality":"OUT_OF_RANGE","raw":0,"sigma":3,"state":"IDLE","t":"2026-07-16T11:28:07.9649069Z","type":"sample"}
{"channel":"rr","display":54.34782608695652,"mu":0,"quality":"OUT_OF_RANGE","raw":279.7,"sigma":1.5,"state":"IDLE","t":"2026-07-16T11:28:07.9704563Z","type":"sample"}
{"channel":"rr","display":54.34782608695652,"mu":0,"quality":"OUT_OF_RANGE","raw":279.6,"sigma":1.5,"state":"IDLE","t":"2026-07-16T11:28:08.010369Z","type":"sample"}
{"channel":"rr","display":56.390977443609025,"mu":0,"quality":"OUT_OF_RANGE","raw":280.3,"sigma":1.5,"state":"IDLE","t":"2026-07-16T11:28:08.0499343Z","type":"sample"}
{"channel":"gsr","display":3697.9,"mu":0,"quality":"OK","raw":3697.9,"sigma":10,"state":"IDLE","t":"2026-07-16T11:28:08.0615932Z","type":"sample"}
{"channel":"rr","display":56.390977443609025,"mu":0,"quality":"OUT_OF_RANGE","raw":279.6,"sigma":1.5,"state":"IDLE","t":"2026-07-16T11:28:08.0901672Z","type":"sample"}
{"channel":"rr","display":56.390977443609025,"mu":0,"quality":"OUT_OF_RANGE","raw":280.3,"sigma":1.5,"state":"IDLE","t":"2026-07-16T11:28:08.1301641Z","type":"sample"}
{"channel":"gsr","display":3688.9,"mu":0,"quality":"OK","raw":3688.9,"sigma":10,"state":"IDLE","t":"2026-07-16T11:28:08.1648955Z","type":"sample"}
{"channel":"rr","display":56.390977443609025,"mu":0,"quality":"OUT_OF_RANGE","raw":279.2,"sigma":1.5,"state":"IDLE","t":"2026-07-16T11:28:08.1699367Z","type":"sample"}
{"channel":"rr","display":56.390977443609025,"mu":0,"quality":"OUT_OF_RANGE","raw":280.3,"sigma":1.5,"state":"IDLE","t":"2026-07-16T11:28:08.210131Z","type":"sample"}
{"channel":"rr","display":56.390977443609025,"mu":0,"quality":"OUT_OF_RANGE","raw":279.5,"sigma":1.5,"state":"IDLE","t":"2026-07-16T11:28:08.2505115Z","type":"sample"}
{"channel":"gsr","display":3679.9,"mu":0,"quality":"OK","raw":3679.9,"sigma":10,"state":"IDLE","t":"2026-07-16T11:28:08.263645Z","type":"sample"}
{"channel":"rr","display":56.390977443609025,"mu":0,"quality":"OUT_OF_RANGE","raw":280.3,"sigma":1.5,"state":"IDLE","t":"2026-07-16T11:28:08.28993Z","type":"sample"}
{"channel":"rr","display":56.390977443609025,"mu":0,"quality":"OUT_OF_RANGE","raw":279.7,"sigma":1.5,"state":"IDLE","t":"2026-07-16T11:28:08.330264Z","type":"sample"}
{"address":"/cue/g1/start","args":null,"channel":"system","dir":"out","t":"2026-07-16T11:28:08.3630157Z","type":"osc"}
{"channel":"gsr","display":3667.4,"mu":0,"quality":"OK","raw":3667.4,"sigma":10,"state":"IDLE","t":"2026-07-16T11:28:08.3641063Z","type":"sample"}
{"channel":"rr","display":56.390977443609025,"mu":0,"quality":"OUT_OF_RANGE","raw":280.1,"sigma":1.5,"state":"IDLE","t":"2026-07-16T11:28:08.3702175Z","type":"sample"}
{"channel":"rr","display":56.390977443609025,"mu":0,"quality":"OUT_OF_RANGE","raw":279.1,"sigma":1.5,"state":"IDLE","t":"2026-07-16T11:28:08.4104351Z","type":"sample"}
{"channel":"rr","display":56.390977443609025,"mu":0,"quality":"OUT_OF_RANGE","raw":278.4,"sigma":1.5,"state":"IDLE","t":"2026-07-16T11:28:08.4502796Z","type":"sample"}
{"channel":"gsr","display":3663.5,"mu":0,"quality":"OK","raw":3663.5,"sigma":10,"state":"IDLE","t":"2026-07-16T11:28:08.4607556Z","type":"sample"}
{"channel":"hr","display":0,"mu":0,"quality":"OUT_OF_RANGE","raw":0,"sigma":3,"state":"IDLE","t":"2026-07-16T11:28:08.4653753Z","type":"sample"}
{"channel":"rr","display":56.390977443609025,"mu":0,"quality":"OUT_OF_RANGE","raw":279.8,"sigma":1.5,"state":"IDLE","t":"2026-07-16T11:28:08.4900956Z","type":"sample"}
{"channel":"rr","display":56.390977443609025,"mu":0,"quality":"OUT_OF_RANGE","raw":280.1,"sigma":1.5,"state":"IDLE","t":"2026-07-16T11:28:08.5303911Z","type":"sample"}
{"channel":"gsr","display":3662.5,"mu":0,"quality":"OK","raw":3662.5,"sigma":10,"state":"IDLE","t":"2026-07-16T11:28:08.5645119Z","type":"sample"}
{"channel":"rr","display":56.390977443609025,"mu":0,"quality":"OUT_OF_RANGE","raw":280.2,"sigma":1.5,"state":"IDLE","t":"2026-07-16T11:28:08.5704404Z","type":"sample"}
{"channel":"rr","display":56.390977443609025,"mu":0,"quality":"OUT_OF_RANGE","raw":280.1,"sigma":1.5,"state":"IDLE","t":"2026-07-16T11:28:08.6103924Z","type":"sample"}
{"channel":"rr","display":56.390977443609025,"mu":0,"quality":"OUT_OF_RANGE","raw":280.2,"sigma":1.5,"state":"IDLE","t":"2026-07-16T11:28:08.6502641Z","type":"sample"}
{"channel":"gsr","display":3664.3,"mu":0,"quality":"OK","raw":3664.3,"sigma":10,"state":"IDLE","t":"2026-07-16T11:28:08.6599952Z","type":"sample"}
{"address":"/cue/p/start","args":null,"channel":"system","dir":"out","t":"2026-07-16T11:28:08.6814446Z","type":"osc"}
{"channel":"rr","display":56.390977443609025,"mu":0,"quality":"OUT_OF_RANGE","raw":280.2,"sigma":1.5,"state":"IDLE","t":"2026-07-16T11:28:08.6903642Z","type":"sample"}
{"channel":"rr","display":56.390977443609025,"mu":0,"quality":"OUT_OF_RANGE","raw":279.6,"sigma":1.5,"state":"IDLE","t":"2026-07-16T11:28:08.7303003Z","type":"sample"}
{"channel":"gsr","display":3661.4,"mu":0,"quality":"OK","raw":3661.4,"sigma":10,"state":"IDLE","t":"2026-07-16T11:28:08.764771Z","type":"sample"}
{"channel":"rr","display":56.390977443609025,"mu":0,"quality":"OUT_OF_RANGE","raw":280.1,"sigma":1.5,"state":"IDLE","t":"2026-07-16T11:28:08.7702792Z","type":"sample"}
{"channel":"rr","display":56.390977443609025,"mu":0,"quality":"OUT_OF_RANGE","raw":280.2,"sigma":1.5,"state":"IDLE","t":"2026-07-16T11:28:08.8101848Z","type":"sample"}
{"channel":"rr","display":56.390977443609025,"mu":0,"quality":"OUT_OF_RANGE","raw":279.1,"sigma":1.5,"state":"IDLE","t":"2026-07-16T11:28:08.8501927Z","type":"sample"}
{"channel":"gsr","display":3663.2,"mu":0,"quality":"OK","raw":3663.2,"sigma":10,"state":"IDLE","t":"2026-07-16T11:28:08.8638218Z","type":"sample"}
{"channel":"rr","display":56.390977443609025,"mu":0,"quality":"OUT_OF_RANGE","raw":279.2,"sigma":1.5,"state":"IDLE","t":"2026-07-16T11:28:08.8904229Z","type":"sample"}
{"channel":"rr","display":56.390977443609025,"mu":0,"quality":"OUT_OF_RANGE","raw":280.1,"sigma":1.5,"state":"IDLE","t":"2026-07-16T11:28:08.9307078Z","type":"sample"}
{"channel":"gsr","display":3654.7,"mu":0,"quality":"OK","raw":3654.7,"sigma":10,"state":"IDLE","t":"2026-07-16T11:28:08.9643648Z","type":"sample"}
{"channel":"hr","display":0,"mu":0,"quality":"OUT_OF_RANGE","raw":0,"sigma":3,"state":"IDLE","t":"2026-07-16T11:28:08.9651483Z","type":"sample"}
{"channel":"rr","display":56.390977443609025,"mu":0,"quality":"OUT_OF_RANGE","raw":280.4,"sigma":1.5,"state":"IDLE","t":"2026-07-16T11:28:08.9705039Z","type":"sample"}
{"channel":"rr","display":56.390977443609025,"mu":0,"quality":"OUT_OF_RANGE","raw":279.9,"sigma":1.5,"state":"IDLE","t":"2026-07-16T11:28:09.0102651Z","type":"sample"}
{"channel":"rr","display":56.390977443609025,"mu":0,"quality":"OUT_OF_RANGE","raw":279.1,"sigma":1.5,"state":"IDLE","t":"2026-07-16T11:28:09.05036Z","type":"sample"}
{"channel":"gsr","display":3663.1,"mu":0,"quality":"OK","raw":3663.1,"sigma":10,"state":"IDLE","t":"2026-07-16T11:28:09.064687Z","type":"sample"}
{"channel":"rr","display":56.390977443609025,"mu":0,"quality":"OUT_OF_RANGE","raw":278.6,"sigma":1.5,"state":"IDLE","t":"2026-07-16T11:28:09.0904309Z","type":"sample"}
{"channel":"rr","display":56.390977443609025,"mu":0,"quality":"OUT_OF_RANGE","raw":279.3,"sigma":1.5,"state":"IDLE","t":"2026-07-16T11:28:09.1303083Z","type":"sample"}
{"channel":"gsr","display":3662.1,"mu":0,"quality":"OK","raw":3662.1,"sigma":10,"state":"IDLE","t":"2026-07-16T11:28:09.1636895Z","type":"sample"}
{"channel":"rr","display":56.390977443609025,"mu":0,"quality":"OUT_OF_RANGE","raw":279.6,"sigma":1.5,"state":"IDLE","t":"2026-07-16T11:28:09.1705162Z","type":"sample"}
{"channel":"rr","display":54.74452554744526,"mu":0,"quality":"OUT_OF_RANGE","raw":280.4,"sigma":1.5,"state":"IDLE","t":"2026-07-16T11:28:09.2100621Z","type":"sample"}
{"channel":"rr","display":54.74452554744526,"mu":0,"quality":"OUT_OF_RANGE","raw":279.3,"sigma":1.5,"state":"IDLE","t":"2026-07-16T11:28:09.2501696Z","type":"sample"}
{"channel":"gsr","display":3655.7,"mu":0,"quality":"OK","raw":3655.7,"sigma":10,"state":"IDLE","t":"2026-07-16T11:28:09.2636378Z","type":"sample"}
{"channel":"rr","display":54.74452554744526,"mu":0,"quality":"OUT_OF_RANGE","raw":278.9,"sigma":1.5,"state":"IDLE","t":"2026-07-16T11:28:09.2902496Z","type":"sample"}
{"channel":"rr","display":54.74452554744526,"mu":0,"quality":"OUT_OF_RANGE","raw":279.9,"sigma":1.5,"state":"IDLE","t":"2026-07-16T11:28:09.3303899Z","type":"sample"}
{"channel":"gsr","display":3658.3,"mu":0,"quality":"OK","raw":3658.3,"sigma":10,"state":"IDLE","t":"2026-07-16T11:28:09.3638069Z","type":"sample"}
{"channel":"rr","display":54.74452554744526,"mu":0,"quality":"OUT_OF_RANGE","raw":278.8,"sigma":1.5,"state":"IDLE","t":"2026-07-16T11:28:09.3702683Z","type":"sample"}
{"address":"/cue/g1/start","args":null,"channel":"system","dir":"out","t":"2026-07-16T11:28:09.3825751Z","type":"osc"}
{"channel":"rr","display":54.74452554744526,"mu":0,"quality":"OUT_OF_RANGE","raw":279.9,"sigma":1.5,"state":"IDLE","t":"2026-07-16T11:28:09.4102728Z","type":"sample"}
{"channel":"rr","display":54.74452554744526,"mu":0,"quality":"OUT_OF_RANGE","raw":279.6,"sigma":1.5,"state":"IDLE","t":"2026-07-16T11:28:09.4503754Z","type":"sample"}
{"channel":"gsr","display":3652.4,"mu":0,"quality":"OK","raw":3652.4,"sigma":10,"state":"IDLE","t":"2026-07-16T11:28:09.4636957Z","type":"sample"}
{"channel":"hr","display":0,"mu":0,"quality":"OUT_OF_RANGE","raw":0,"sigma":3,"state":"IDLE","t":"2026-07-16T11:28:09.4649499Z","type":"sample"}
{"channel":"rr","display":54.74452554744526,"mu":0,"quality":"OUT_OF_RANGE","raw":280.1,"sigma":1.5,"state":"IDLE","t":"2026-07-16T11:28:09.490236Z","type":"sample"}
{"channel":"rr","display":54.74452554744526,"mu":0,"quality":"OUT_OF_RANGE","raw":279.6,"sigma":1.5,"state":"IDLE","t":"2026-07-16T11:28:09.5303117Z","type":"sample"}
{"channel":"gsr","display":3656.5,"mu":0,"quality":"OK","raw":3656.5,"sigma":10,"state":"IDLE","t":"2026-07-16T11:28:09.5643822Z","type":"sample"}
{"channel":"rr","display":54.74452554744526,"mu":0,"quality":"OUT_OF_RANGE","raw":279.4,"sigma":1.5,"state":"IDLE","t":"2026-07-16T11:28:09.5693688Z","type":"sample"}
{"channel":"rr","display":54.74452554744526,"mu":0,"quality":"OUT_OF_RANGE","raw":280.2,"sigma":1.5,"state":"IDLE","t":"2026-07-16T11:28:09.610147Z","type":"sample"}
{"channel":"rr","display":54.74452554744526,"mu":0,"quality":"OUT_OF_RANGE","raw":279.6,"sigma":1.5,"state":"IDLE","t":"2026-07-16T11:28:09.6501475Z","type":"sample"}
{"channel":"gsr","display":3658.5,"mu":0,"quality":"OK","raw":3658.5,"sigma":10,"state":"IDLE","t":"2026-07-16T11:28:09.6643774Z","type":"sample"}
{"address":"/cue/p/start","args":null,"channel":"system","dir":"out","t":"2026-07-16T11:28:09.6810514Z","type":"osc"}
{"channel":"rr","display":54.74452554744526,"mu":0,"quality":"OUT_OF_RANGE","raw":280.1,"sigma":1.5,"state":"IDLE","t":"2026-07-16T11:28:09.6901046Z","type":"sample"}
{"channel":"rr","display":54.74452554744526,"mu":0,"quality":"OUT_OF_RANGE","raw":279.8,"sigma":1.5,"state":"IDLE","t":"2026-07-16T11:28:09.7303616Z","type":"sample"}
{"channel":"gsr","display":3659.6,"mu":0,"quality":"OK","raw":3659.6,"sigma":10,"state":"IDLE","t":"2026-07-16T11:28:09.7637169Z","type":"sample"}
{"channel":"rr","display":54.74452554744526,"mu":0,"quality":"OUT_OF_RANGE","raw":280.1,"sigma":1.5,"state":"IDLE","t":"2026-07-16T11:28:09.7704954Z","type":"sample"}
{"channel":"rr","display":54.74452554744526,"mu":0,"quality":"OUT_OF_RANGE","raw":280,"sigma":1.5,"state":"IDLE","t":"2026-07-16T11:28:09.8105224Z","type":"sample"}
{"channel":"rr","display":54.74452554744526,"mu":0,"quality":"OUT_OF_RANGE","raw":280.4,"sigma":1.5,"state":"IDLE","t":"2026-07-16T11:28:09.8502328Z","type":"sample"}
{"channel":"gsr","display":3658.9,"mu":0,"quality":"OK","raw":3658.9,"sigma":10,"state":"IDLE","t":"2026-07-16T11:28:09.8645262Z","type":"sample"}
{"channel":"rr","display":54.74452554744526,"mu":0,"quality":"OUT_OF_RANGE","raw":279.6,"sigma":1.5,"state":"IDLE","t":"2026-07-16T11:28:09.8903561Z","type":"sample"}
{"channel":"rr","display":54.74452554744526,"mu":0,"quality":"OUT_OF_RANGE","raw":280.1,"sigma":1.5,"state":"IDLE","t":"2026-07-16T11:28:09.9303185Z","type":"sample"}
{"channel":"gsr","display":3664.3,"mu":0,"quality":"OK","raw":3664.3,"sigma":10,"state":"IDLE","t":"2026-07-16T11:28:09.9642127Z","type":"sample"}
{"channel":"hr","display":0,"mu":0,"quality":"OUT_OF_RANGE","raw":0,"sigma":3,"state":"IDLE","t":"2026-07-16T11:28:09.9647288Z","type":"sample"}
{"channel":"rr","display":54.74452554744526,"mu":0,"quality":"OUT_OF_RANGE","raw":280.2,"sigma":1.5,"state":"IDLE","t":"2026-07-16T11:28:09.9699634Z","type":"sample"}
{"channel":"rr","display":54.74452554744526,"mu":0,"quality":"OUT_OF_RANGE","raw":281,"sigma":1.5,"state":"IDLE","t":"2026-07-16T11:28:10.0104999Z","type":"sample"}
{"channel":"rr","display":54.74452554744526,"mu":0,"quality":"OUT_OF_RANGE","raw":279.8,"sigma":1.5,"state":"IDLE","t":"2026-07-16T11:28:10.0502507Z","type":"sample"}
{"channel":"gsr","display":3656.7,"mu":0,"quality":"OK","raw":3656.7,"sigma":10,"state":"IDLE","t":"2026-07-16T11:28:10.0637397Z","type":"sample"}
{"channel":"rr","display":54.74452554744526,"mu":0,"quality":"OUT_OF_RANGE","raw":280.1,"sigma":1.5,"state":"IDLE","t":"2026-07-16T11:28:10.090255Z","type":"sample"}
{"channel":"rr","display":54.74452554744526,"mu":0,"quality":"OUT_OF_RANGE","raw":280.4,"sigma":1.5,"state":"IDLE","t":"2026-07-16T11:28:10.1303949Z","type":"sample"}
{"channel":"gsr","display":3656.3,"mu":0,"quality":"OK","raw":3656.3,"sigma":10,"state":"IDLE","t":"2026-07-16T11:28:10.1637497Z","type":"sample"}
{"channel":"rr","display":54.74452554744526,"mu":0,"quality":"OUT_OF_RANGE","raw":279.9,"sigma":1.5,"state":"IDLE","t":"2026-07-16T11:28:10.1700219Z","type":"sample"}
{"channel":"rr","display":54.74452554744526,"mu":0,"quality":"OUT_OF_RANGE","raw":279.9,"sigma":1.5,"state":"IDLE","t":"2026-07-16T11:28:10.2102695Z","type":"sample"}
{"channel":"rr","display":54.74452554744526,"mu":0,"quality":"OUT_OF_RANGE","raw":279.1,"sigma":1.5,"state":"IDLE","t":"2026-07-16T11:28:10.2502179Z","type":"sample"}
{"channel":"gsr","display":3661.5,"mu":0,"quality":"OK","raw":3661.5,"sigma":10,"state":"IDLE","t":"2026-07-16T11:28:10.2639452Z","type":"sample"}
{"channel":"rr","display":54.74452554744526,"mu":0,"quality":"OUT_OF_RANGE","raw":280.2,"sigma":1.5,"state":"IDLE","t":"2026-07-16T11:28:10.2902209Z","type":"sample"}
{"channel":"rr","display":54.74452554744526,"mu":0,"quality":"OUT_OF_RANGE","raw":279,"sigma":1.5,"state":"IDLE","t":"2026-07-16T11:28:10.3306065Z","type":"sample"}
{"channel":"gsr","display":3661.2,"mu":0,"quality":"OK","raw":3661.2,"sigma":10,"state":"IDLE","t":"2026-07-16T11:28:10.3639392Z","type":"sample"}
{"channel":"rr","display":54.74452554744526,"mu":0,"quality":"OUT_OF_RANGE","raw":279.1,"sigma":1.5,"state":"IDLE","t":"2026-07-16T11:28:10.3700236Z","type":"sample"}
{"address":"/cue/g1/start","args":null,"channel":"system","dir":"out","t":"2026-07-16T11:28:10.402073Z","type":"osc"}
{"channel":"rr","display":54.74452554744526,"mu":0,"quality":"OUT_OF_RANGE","raw":280.5,"sigma":1.5,"state":"IDLE","t":"2026-07-16T11:28:10.41006Z","type":"sample"}
{"channel":"rr","display":54.74452554744526,"mu":0,"quality":"OUT_OF_RANGE","raw":279.2,"sigma":1.5,"state":"IDLE","t":"2026-07-16T11:28:10.4502833Z","type":"sample"}
{"channel":"gsr","display":3659.6,"mu":0,"quality":"OK","raw":3659.6,"sigma":10,"state":"IDLE","t":"2026-07-16T11:28:10.4642693Z","type":"sample"}
{"channel":"hr","display":0,"mu":0,"quality":"OUT_OF_RANGE","raw":0,"sigma":3,"state":"IDLE","t":"2026-07-16T11:28:10.4642693Z","type":"sample"}
{"channel":"rr","display":54.74452554744526,"mu":0,"quality":"OUT_OF_RANGE","raw":280.1,"sigma":1.5,"state":"IDLE","t":"2026-07-16T11:28:10.4903432Z","type":"sample"}
{"channel":"rr","display":54.74452554744526,"mu":0,"quality":"OUT_OF_RANGE","raw":279.9,"sigma":1.5,"state":"IDLE","t":"2026-07-16T11:28:10.5305055Z","type":"sample"}
{"channel":"gsr","display":3658.2,"mu":0,"quality":"OK","raw":3658.2,"sigma":10,"state":"IDLE","t":"2026-07-16T11:28:10.5637181Z","type":"sample"}
{"channel":"rr","display":54.74452554744526,"mu":0,"quality":"OUT_OF_RANGE","raw":280.2,"sigma":1.5,"state":"IDLE","t":"2026-07-16T11:28:10.5701792Z","type":"sample"}
{"channel":"rr","display":54.74452554744526,"mu":0,"quality":"OUT_OF_RANGE","raw":279.1,"sigma":1.5,"state":"IDLE","t":"2026-07-16T11:28:10.6103451Z","type":"sample"}
{"channel":"rr","display":54.74452554744526,"mu":0,"quality":"OUT_OF_RANGE","raw":280.5,"sigma":1.5,"state":"IDLE","t":"2026-07-16T11:28:10.6502849Z","type":"sample"}
{"channel":"gsr","display":3662.5,"mu":0,"quality":"OK","raw":3662.5,"sigma":10,"state":"IDLE","t":"2026-07-16T11:28:10.6647676Z","type":"sample"}
{"address":"/cue/p/start","args":null,"channel":"system","dir":"out","t":"2026-07-16T11:28:10.6809942Z","type":"osc"}
{"channel":"rr","display":54.74452554744526,"mu":0,"quality":"OUT_OF_RANGE","raw":279.9,"sigma":1.5,"state":"IDLE","t":"2026-07-16T11:28:10.6902081Z","type":"sample"}
{"channel":"rr","display":54.74452554744526,"mu":0,"quality":"OUT_OF_RANGE","raw":279.1,"sigma":1.5,"state":"IDLE","t":"2026-07-16T11:28:10.7301253Z","type":"sample"}
{"channel":"gsr","display":3663.5,"mu":0,"quality":"OK","raw":3663.5,"sigma":10,"state":"IDLE","t":"2026-07-16T11:28:10.7634864Z","type":"sample"}
{"channel":"rr","display":54.74452554744526,"mu":0,"quality":"OUT_OF_RANGE","raw":279.1,"sigma":1.5,"state":"IDLE","t":"2026-07-16T11:28:10.770231Z","type":"sample"}
{"channel":"rr","display":54.74452554744526,"mu":0,"quality":"OUT_OF_RANGE","raw":280.3,"sigma":1.5,"state":"IDLE","t":"2026-07-16T11:28:10.8101694Z","type":"sample"}
{"channel":"rr","display":54.74452554744526,"mu":0,"quality":"OUT_OF_RANGE","raw":279.2,"sigma":1.5,"state":"IDLE","t":"2026-07-16T11:28:10.8504642Z","type":"sample"}
{"channel":"gsr","display":3666.7,"mu":0,"quality":"OK","raw":3666.7,"sigma":10,"state":"IDLE","t":"2026-07-16T11:28:10.8642599Z","type":"sample"}
{"channel":"rr","display":54.74452554744526,"mu":0,"quality":"OUT_OF_RANGE","raw":278.9,"sigma":1.5,"state":"IDLE","t":"2026-07-16T11:28:10.8902342Z","type":"sample"}
{"channel":"rr","display":54.74452554744526,"mu":0,"quality":"OUT_OF_RANGE","raw":280,"sigma":1.5,"state":"IDLE","t":"2026-07-16T11:28:10.9302375Z","type":"sample"}
{"channel":"gsr","display":3665.2,"mu":0,"quality":"OK","raw":3665.2,"sigma":10,"state":"IDLE","t":"2026-07-16T11:28:10.9638005Z","type":"sample"}
{"channel":"hr","display":0,"mu":0,"quality":"OUT_OF_RANGE","raw":0,"sigma":3,"state":"IDLE","t":"2026-07-16T11:28:10.9648054Z","type":"sample"}
{"channel":"rr","display":54.74452554744526,"mu":0,"quality":"OUT_OF_RANGE","raw":280.1,"sigma":1.5,"state":"IDLE","t":"2026-07-16T11:28:10.9702885Z","type":"sample"}
{"channel":"rr","display":54.74452554744526,"mu":0,"quality":"OUT_OF_RANGE","raw":280.4,"sigma":1.5,"state":"IDLE","t":"2026-07-16T11:28:11.0103469Z","type":"sample"}
{"channel":"rr","display":54.74452554744526,"mu":0,"quality":"OUT_OF_RANGE","raw":280.2,"sigma":1.5,"state":"IDLE","t":"2026-07-16T11:28:11.0502307Z","type":"sample"}
{"channel":"gsr","display":3674.7,"mu":0,"quality":"OK","raw":3674.7,"sigma":10,"state":"IDLE","t":"2026-07-16T11:28:11.0643026Z","type":"sample"}
{"channel":"rr","display":54.74452554744526,"mu":0,"quality":"OUT_OF_RANGE","raw":279.2,"sigma":1.5,"state":"IDLE","t":"2026-07-16T11:28:11.0902189Z","type":"sample"}
{"channel":"rr","display":54.74452554744526,"mu":0,"quality":"OUT_OF_RANGE","raw":279.6,"sigma":1.5,"state":"IDLE","t":"2026-07-16T11:28:11.130792Z","type":"sample"}
{"channel":"gsr","display":3674.5,"mu":0,"quality":"OK","raw":3674.5,"sigma":10,"state":"IDLE","t":"2026-07-16T11:28:11.1653684Z","type":"sample"}
{"channel":"rr","display":54.74452554744526,"mu":0,"quality":"OUT_OF_RANGE","raw":279.4,"sigma":1.5,"state":"IDLE","t":"2026-07-16T11:28:11.1704284Z","type":"sample"}
{"channel":"rr","display":54.74452554744526,"mu":0,"quality":"OUT_OF_RANGE","raw":280.1,"sigma":1.5,"state":"IDLE","t":"2026-07-16T11:28:11.2103961Z","type":"sample"}
{"channel":"rr","display":54.74452554744526,"mu":0,"quality":"OUT_OF_RANGE","raw":279.6,"sigma":1.5,"state":"IDLE","t":"2026-07-16T11:28:11.2501605Z","type":"sample"}
{"channel":"gsr","display":3675.7,"mu":0,"quality":"OK","raw":3675.7,"sigma":10,"state":"IDLE","t":"2026-07-16T11:28:11.2642632Z","type":"sample"}
{"channel":"rr","display":54.74452554744526,"mu":0,"quality":"OUT_OF_RANGE","raw":278.8,"sigma":1.5,"state":"IDLE","t":"2026-07-16T11:28:11.2904174Z","type":"sample"}
{"channel":"rr","display":54.74452554744526,"mu":0,"quality":"OUT_OF_RANGE","raw":279.6,"sigma":1.5,"state":"IDLE","t":"2026-07-16T11:28:11.3301619Z","type":"sample"}
{"channel":"gsr","display":3681,"mu":0,"quality":"OK","raw":3681,"sigma":10,"state":"IDLE","t":"2026-07-16T11:28:11.3649118Z","type":"sample"}
{"channel":"rr","display":55.14705882352941,"mu":0,"quality":"OUT_OF_RANGE","raw":279.8,"sigma":1.5,"state":"IDLE","t":"2026-07-16T11:28:11.3701642Z","type":"sample"}
{"address":"/cue/g1/start","args":null,"channel":"system","dir":"out","t":"2026-07-16T11:28:11.4066795Z","type":"osc"}
{"channel":"rr","display":55.14705882352941,"mu":0,"quality":"OUT_OF_RANGE","raw":279.9,"sigma":1.5,"state":"IDLE","t":"2026-07-16T11:28:11.4102596Z","type":"sample"}
{"channel":"rr","display":55.14705882352941,"mu":0,"quality":"OUT_OF_RANGE","raw":279.1,"sigma":1.5,"state":"IDLE","t":"2026-07-16T11:28:11.4500696Z","type":"sample"}
{"channel":"gsr","display":3680.8,"mu":0,"quality":"OK","raw":3680.8,"sigma":10,"state":"IDLE","t":"2026-07-16T11:28:11.4638381Z","type":"sample"}
{"channel":"hr","display":0,"mu":0,"quality":"OUT_OF_RANGE","raw":0,"sigma":3,"state":"IDLE","t":"2026-07-16T11:28:11.4650744Z","type":"sample"}
{"channel":"rr","display":55.14705882352941,"mu":0,"quality":"OUT_OF_RANGE","raw":279.9,"sigma":1.5,"state":"IDLE","t":"2026-07-16T11:28:11.4900087Z","type":"sample"}
{"channel":"rr","display":55.14705882352941,"mu":0,"quality":"OUT_OF_RANGE","raw":279.6,"sigma":1.5,"state":"IDLE","t":"2026-07-16T11:28:11.530974Z","type":"sample"}
{"channel":"gsr","display":3682.2,"mu":0,"quality":"OK","raw":3682.2,"sigma":10,"state":"IDLE","t":"2026-07-16T11:28:11.5652114Z","type":"sample"}
{"channel":"rr","display":55.14705882352941,"mu":0,"quality":"OUT_OF_RANGE","raw":279.3,"sigma":1.5,"state":"IDLE","t":"2026-07-16T11:28:11.5703767Z","type":"sample"}
{"channel":"rr","display":55.14705882352941,"mu":0,"quality":"OUT_OF_RANGE","raw":279.9,"sigma":1.5,"state":"IDLE","t":"2026-07-16T11:28:11.6102285Z","type":"sample"}
{"channel":"rr","display":55.14705882352941,"mu":0,"quality":"OUT_OF_RANGE","raw":279.9,"sigma":1.5,"state":"IDLE","t":"2026-07-16T11:28:11.6499895Z","type":"sample"}
{"channel":"gsr","display":3686.1,"mu":0,"quality":"OK","raw":3686.1,"sigma":10,"state":"IDLE","t":"2026-07-16T11:28:11.6637874Z","type":"sample"}
{"address":"/cue/p/start","args":null,"channel":"system","dir":"out","t":"2026-07-16T11:28:11.6830833Z","type":"osc"}
{"channel":"rr","display":55.14705882352941,"mu":0,"quality":"OUT_OF_RANGE","raw":279.5,"sigma":1.5,"state":"IDLE","t":"2026-07-16T11:28:11.6900038Z","type":"sample"}
{"channel":"rr","display":55.14705882352941,"mu":0,"quality":"OUT_OF_RANGE","raw":279.2,"sigma":1.5,"state":"IDLE","t":"2026-07-16T11:28:11.7305962Z","type":"sample"}
{"channel":"gsr","display":3689.9,"mu":0,"quality":"OK","raw":3689.9,"sigma":10,"state":"IDLE","t":"2026-07-16T11:28:11.7646481Z","type":"sample"}
{"channel":"rr","display":55.14705882352941,"mu":0,"quality":"OUT_OF_RANGE","raw":279.4,"sigma":1.5,"state":"IDLE","t":"2026-07-16T11:28:11.7703289Z","type":"sample"}
{"channel":"rr","display":55.14705882352941,"mu":0,"quality":"OUT_OF_RANGE","raw":279.9,"sigma":1.5,"state":"IDLE","t":"2026-07-16T11:28:11.8104638Z","type":"sample"}
{"channel":"rr","display":55.14705882352941,"mu":0,"quality":"OUT_OF_RANGE","raw":280,"sigma":1.5,"state":"IDLE","t":"2026-07-16T11:28:11.8507356Z","type":"sample"}
{"channel":"gsr","display":3693,"mu":0,"quality":"OK","raw":3693,"sigma":10,"state":"IDLE","t":"2026-07-16T11:28:11.864899Z","type":"sample"}
{"channel":"rr","display":55.14705882352941,"mu":0,"quality":"OUT_OF_RANGE","raw":279.6,"sigma":1.5,"state":"IDLE","t":"2026-07-16T11:28:11.8902026Z","type":"sample"}
{"channel":"rr","display":55.14705882352941,"mu":0,"quality":"OUT_OF_RANGE","raw":279.7,"sigma":1.5,"state":"IDLE","t":"2026-07-16T11:28:11.9301341Z","type":"sample"}
{"channel":"gsr","display":3691.2,"mu":0,"quality":"OK","raw":3691.2,"sigma":10,"state":"IDLE","t":"2026-07-16T11:28:11.964543Z","type":"sample"}
{"channel":"hr","display":0,"mu":0,"quality":"OUT_OF_RANGE","raw":0,"sigma":3,"state":"IDLE","t":"2026-07-16T11:28:11.9651445Z","type":"sample"}
{"channel":"rr","display":55.14705882352941,"mu":0,"quality":"OUT_OF_RANGE","raw":279.9,"sigma":1.5,"state":"IDLE","t":"2026-07-16T11:28:11.9703673Z","type":"sample"}
{"channel":"rr","display":55.14705882352941,"mu":0,"quality":"OUT_OF_RANGE","raw":279.4,"sigma":1.5,"state":"IDLE","t":"2026-07-16T11:28:12.0100706Z","type":"sample"}
{"channel":"rr","display":55.14705882352941,"mu":0,"quality":"OUT_OF_RANGE","raw":279.8,"sigma":1.5,"state":"IDLE","t":"2026-07-16T11:28:12.0503165Z","type":"sample"}
{"channel":"gsr","display":3698.6,"mu":0,"quality":"OK","raw":3698.6,"sigma":10,"state":"IDLE","t":"2026-07-16T11:28:12.0639729Z","type":"sample"}
{"channel":"rr","display":55.14705882352941,"mu":0,"quality":"OUT_OF_RANGE","raw":280.7,"sigma":1.5,"state":"IDLE","t":"2026-07-16T11:28:12.0902338Z","type":"sample"}
{"channel":"rr","display":55.14705882352941,"mu":0,"quality":"OUT_OF_RANGE","raw":279.8,"sigma":1.5,"state":"IDLE","t":"2026-07-16T11:28:12.1307228Z","type":"sample"}
{"channel":"gsr","display":3698.1,"mu":0,"quality":"OK","raw":3698.1,"sigma":10,"state":"IDLE","t":"2026-07-16T11:28:12.1653227Z","type":"sample"}
{"channel":"rr","display":55.14705882352941,"mu":0,"quality":"OUT_OF_RANGE","raw":279.5,"sigma":1.5,"state":"IDLE","t":"2026-07-16T11:28:12.1703921Z","type":"sample"}
{"channel":"rr","display":55.14705882352941,"mu":0,"quality":"OUT_OF_RANGE","raw":279.6,"sigma":1.5,"state":"IDLE","t":"2026-07-16T11:28:12.2099772Z","type":"sample"}
{"channel":"rr","display":55.14705882352941,"mu":0,"quality":"OUT_OF_RANGE","raw":280.5,"sigma":1.5,"state":"IDLE","t":"2026-07-16T11:28:12.2501256Z","type":"sample"}
{"channel":"gsr","display":3698.2,"mu":0,"quality":"OK","raw":3698.2,"sigma":10,"state":"IDLE","t":"2026-07-16T11:28:12.2613867Z","type":"sample"}
{"channel":"rr","display":55.14705882352941,"mu":0,"quality":"OUT_OF_RANGE","raw":280.5,"sigma":1.5,"state":"IDLE","t":"2026-07-16T11:28:12.2903813Z","type":"sample"}
{"channel":"rr","display":55.14705882352941,"mu":0,"quality":"OUT_OF_RANGE","raw":279.4,"sigma":1.5,"state":"IDLE","t":"2026-07-16T11:28:12.3302615Z","type":"sample"}
{"channel":"gsr","display":3701.6,"mu":0,"quality":"OK","raw":3701.6,"sigma":10,"state":"IDLE","t":"2026-07-16T11:28:12.3636352Z","type":"sample"}
{"channel":"rr","display":56.390977443609025,"mu":0,"quality":"OUT_OF_RANGE","raw":280.1,"sigma":1.5,"state":"IDLE","t":"2026-07-16T11:28:12.3697806Z","type":"sample"}
{"channel":"rr","display":56.390977443609025,"mu":0,"quality":"OUT_OF_RANGE","raw":280.2,"sigma":1.5,"state":"IDLE","t":"2026-07-16T11:28:12.4102482Z","type":"sample"}
{"address":"/cue/g1/start","args":null,"channel":"system","dir":"out","t":"2026-07-16T11:28:12.4123887Z","type":"osc"}
{"channel":"rr","display":56.390977443609025,"mu":0,"quality":"OUT_OF_RANGE","raw":279.9,"sigma":1.5,"state":"IDLE","t":"2026-07-16T11:28:12.4503652Z","type":"sample"}
{"channel":"gsr","display":3703.4,"mu":0,"quality":"OK","raw":3703.4,"sigma":10,"state":"IDLE","t":"2026-07-16T11:28:12.4642694Z","type":"sample"}
{"channel":"hr","display":0,"mu":0,"quality":"OUT_OF_RANGE","raw":0,"sigma":3,"state":"IDLE","t":"2026-07-16T11:28:12.4647941Z","type":"sample"}
{"channel":"rr","display":56.390977443609025,"mu":0,"quality":"OUT_OF_RANGE","raw":280.1,"sigma":1.5,"state":"IDLE","t":"2026-07-16T11:28:12.4903272Z","type":"sample"}
{"channel":"rr","display":56.390977443609025,"mu":0,"quality":"OUT_OF_RANGE","raw":279.2,"sigma":1.5,"state":"IDLE","t":"2026-07-16T11:28:12.5302179Z","type":"sample"}
{"channel":"gsr","display":3700.1,"mu":0,"quality":"OK","raw":3700.1,"sigma":10,"state":"IDLE","t":"2026-07-16T11:28:12.5645579Z","type":"sample"}
{"channel":"rr","display":56.390977443609025,"mu":0,"quality":"OUT_OF_RANGE","raw":280.3,"sigma":1.5,"state":"IDLE","t":"2026-07-16T11:28:12.5706687Z","type":"sample"}
{"channel":"rr","display":56.390977443609025,"mu":0,"quality":"OUT_OF_RANGE","raw":280.2,"sigma":1.5,"state":"IDLE","t":"2026-07-16T11:28:12.6103395Z","type":"sample"}
{"channel":"rr","display":56.390977443609025,"mu":0,"quality":"OUT_OF_RANGE","raw":279.7,"sigma":1.5,"state":"IDLE","t":"2026-07-16T11:28:12.6503388Z","type":"sample"}
{"channel":"gsr","display":3709.9,"mu":0,"quality":"OK","raw":3709.9,"sigma":10,"state":"IDLE","t":"2026-07-16T11:28:12.6644979Z","type":"sample"}
{"address":"/cue/p/start","args":null,"channel":"system","dir":"out","t":"2026-07-16T11:28:12.6806762Z","type":"osc"}
{"channel":"rr","display":56.390977443609025,"mu":0,"quality":"OUT_OF_RANGE","raw":279.6,"sigma":1.5,"state":"IDLE","t":"2026-07-16T11:28:12.6900912Z","type":"sample"}
{"channel":"rr","display":56.390977443609025,"mu":0,"quality":"OUT_OF_RANGE","raw":279.8,"sigma":1.5,"state":"IDLE","t":"2026-07-16T11:28:12.730435Z","type":"sample"}
{"channel":"gsr","display":3704.8,"mu":0,"quality":"OK","raw":3704.8,"sigma":10,"state":"IDLE","t":"2026-07-16T11:28:12.7638018Z","type":"sample"}
{"channel":"rr","display":56.390977443609025,"mu":0,"quality":"OUT_OF_RANGE","raw":280.2,"sigma":1.5,"state":"IDLE","t":"2026-07-16T11:28:12.7699699Z","type":"sample"}
{"channel":"rr","display":56.390977443609025,"mu":0,"quality":"OUT_OF_RANGE","raw":279.4,"sigma":1.5,"state":"IDLE","t":"2026-07-16T11:28:12.8101562Z","type":"sample"}
{"channel":"rr","display":56.390977443609025,"mu":0,"quality":"OUT_OF_RANGE","raw":278.9,"sigma":1.5,"state":"IDLE","t":"2026-07-16T11:28:12.8502057Z","type":"sample"}
{"channel":"gsr","display":3707.2,"mu":0,"quality":"OK","raw":3707.2,"sigma":10,"state":"IDLE","t":"2026-07-16T11:28:12.8643138Z","type":"sample"}
{"channel":"rr","display":56.390977443609025,"mu":0,"quality":"OUT_OF_RANGE","raw":279.6,"sigma":1.5,"state":"IDLE","t":"2026-07-16T11:28:12.8901796Z","type":"sample"}
{"channel":"rr","display":56.390977443609025,"mu":0,"quality":"OUT_OF_RANGE","raw":279.9,"sigma":1.5,"state":"IDLE","t":"2026-07-16T11:28:12.9302808Z","type":"sample"}
{"channel":"gsr","display":3710.3,"mu":0,"quality":"OK","raw":3710.3,"sigma":10,"state":"IDLE","t":"2026-07-16T11:28:12.9642972Z","type":"sample"}
{"channel":"hr","display":0,"mu":0,"quality":"OUT_OF_RANGE","raw":0,"sigma":3,"state":"IDLE","t":"2026-07-16T11:28:12.9648799Z","type":"sample"}
{"channel":"rr","display":56.390977443609025,"mu":0,"quality":"OUT_OF_RANGE","raw":279.8,"sigma":1.5,"state":"IDLE","t":"2026-07-16T11:28:12.9700442Z","type":"sample"}
{"channel":"rr","display":56.390977443609025,"mu":0,"quality":"OUT_OF_RANGE","raw":280.2,"sigma":1.5,"state":"IDLE","t":"2026-07-16T11:28:13.0101257Z","type":"sample"}
{"channel":"rr","display":56.390977443609025,"mu":0,"quality":"OUT_OF_RANGE","raw":279.9,"sigma":1.5,"state":"IDLE","t":"2026-07-16T11:28:13.0502062Z","type":"sample"}
{"channel":"gsr","display":3712.5,"mu":0,"quality":"OK","raw":3712.5,"sigma":10,"state":"IDLE","t":"2026-07-16T11:28:13.0640782Z","type":"sample"}
{"channel":"rr","display":56.390977443609025,"mu":0,"quality":"OUT_OF_RANGE","raw":278.8,"sigma":1.5,"state":"IDLE","t":"2026-07-16T11:28:13.0900974Z","type":"sample"}
{"channel":"rr","display":56.390977443609025,"mu":0,"quality":"OUT_OF_RANGE","raw":279.2,"sigma":1.5,"state":"IDLE","t":"2026-07-16T11:28:13.1302636Z","type":"sample"}
{"channel":"gsr","display":3713.9,"mu":0,"quality":"OK","raw":3713.9,"sigma":10,"state":"IDLE","t":"2026-07-16T11:28:13.1645668Z","type":"sample"}
{"channel":"rr","display":56.390977443609025,"mu":0,"quality":"OUT_OF_RANGE","raw":280.2,"sigma":1.5,"state":"IDLE","t":"2026-07-16T11:28:13.1698607Z","type":"sample"}
{"channel":"rr","display":56.390977443609025,"mu":0,"quality":"OUT_OF_RANGE","raw":278.9,"sigma":1.5,"state":"IDLE","t":"2026-07-16T11:28:13.2102356Z","type":"sample"}
{"channel":"rr","display":56.390977443609025,"mu":0,"quality":"OUT_OF_RANGE","raw":279.1,"sigma":1.5,"state":"IDLE","t":"2026-07-16T11:28:13.2503874Z","type":"sample"}
{"channel":"gsr","display":3712.9,"mu":0,"quality":"OK","raw":3712.9,"sigma":10,"state":"IDLE","t":"2026-07-16T11:28:13.263684Z","type":"sample"}
{"channel":"rr","display":56.390977443609025,"mu":0,"quality":"OUT_OF_RANGE","raw":279.9,"sigma":1.5,"state":"IDLE","t":"2026-07-16T11:28:13.2901001Z","type":"sample"}
{"channel":"rr","display":56.390977443609025,"mu":0,"quality":"OUT_OF_RANGE","raw":279.1,"sigma":1.5,"state":"IDLE","t":"2026-07-16T11:28:13.3302797Z","type":"sample"}
{"channel":"gsr","display":3707.9,"mu":0,"quality":"OK","raw":3707.9,"sigma":10,"state":"IDLE","t":"2026-07-16T11:28:13.364075Z","type":"sample"}
{"channel":"rr","display":56.390977443609025,"mu":0,"quality":"OUT_OF_RANGE","raw":279.1,"sigma":1.5,"state":"IDLE","t":"2026-07-16T11:28:13.3702687Z","type":"sample"}
{"channel":"rr","display":55.97014925373134,"mu":0,"quality":"OUT_OF_RANGE","raw":280,"sigma":1.5,"state":"IDLE","t":"2026-07-16T11:28:13.4100202Z","type":"sample"}
{"address":"/cue/g1/start","args":null,"channel":"system","dir":"out","t":"2026-07-16T11:28:13.4229259Z","type":"osc"}
{"channel":"rr","display":55.97014925373134,"mu":0,"quality":"OUT_OF_RANGE","raw":279.8,"sigma":1.5,"state":"IDLE","t":"2026-07-16T11:28:13.4501875Z","type":"sample"}
{"channel":"gsr","display":3711.2,"mu":0,"quality":"OK","raw":3711.2,"sigma":10,"state":"IDLE","t":"2026-07-16T11:28:13.4601132Z","type":"sample"}
{"channel":"hr","display":0,"mu":0,"quality":"OUT_OF_RANGE","raw":0,"sigma":3,"state":"IDLE","t":"2026-07-16T11:28:13.4601132Z","type":"sample"}
{"channel":"rr","display":55.97014925373134,"mu":0,"quality":"OUT_OF_RANGE","raw":279.8,"sigma":1.5,"state":"IDLE","t":"2026-07-16T11:28:13.4906565Z","type":"sample"}
{"channel":"rr","display":55.97014925373134,"mu":0,"quality":"OUT_OF_RANGE","raw":278.9,"sigma":1.5,"state":"IDLE","t":"2026-07-16T11:28:13.5300801Z","type":"sample"}
{"channel":"gsr","display":3713.2,"mu":0,"quality":"OK","raw":3713.2,"sigma":10,"state":"IDLE","t":"2026-07-16T11:28:13.5624024Z","type":"sample"}
{"channel":"rr","display":55.97014925373134,"mu":0,"quality":"OUT_OF_RANGE","raw":279.4,"sigma":1.5,"state":"IDLE","t":"2026-07-16T11:28:13.5700706Z","type":"sample"}
{"channel":"rr","display":55.97014925373134,"mu":0,"quality":"OUT_OF_RANGE","raw":280.4,"sigma":1.5,"state":"IDLE","t":"2026-07-16T11:28:13.6093401Z","type":"sample"}
{"channel":"rr","display":55.97014925373134,"mu":0,"quality":"OUT_OF_RANGE","raw":279.6,"sigma":1.5,"state":"IDLE","t":"2026-07-16T11:28:13.6505287Z","type":"sample"}
{"channel":"gsr","display":3713.2,"mu":0,"quality":"OK","raw":3713.2,"sigma":10,"state":"IDLE","t":"2026-07-16T11:28:13.6644637Z","type":"sample"}
{"address":"/cue/p/start","args":null,"channel":"system","dir":"out","t":"2026-07-16T11:28:13.6807936Z","type":"osc"}
{"channel":"rr","display":55.97014925373134,"mu":0,"quality":"OUT_OF_RANGE","raw":279.4,"sigma":1.5,"state":"IDLE","t":"2026-07-16T11:28:13.69024Z","type":"sample"}
{"channel":"rr","display":55.97014925373134,"mu":0,"quality":"OUT_OF_RANGE","raw":279.6,"sigma":1.5,"state":"IDLE","t":"2026-07-16T11:28:13.7302188Z","type":"sample"}
{"channel":"gsr","display":3714.3,"mu":0,"quality":"OK","raw":3714.3,"sigma":10,"state":"IDLE","t":"2026-07-16T11:28:13.7603368Z","type":"sample"}
{"channel":"rr","display":55.97014925373134,"mu":0,"quality":"OUT_OF_RANGE","raw":279.5,"sigma":1.5,"state":"IDLE","t":"2026-07-16T11:28:13.7700677Z","type":"sample"}
{"channel":"rr","display":55.97014925373134,"mu":0,"quality":"OUT_OF_RANGE","raw":279.4,"sigma":1.5,"state":"IDLE","t":"2026-07-16T11:28:13.8100556Z","type":"sample"}
{"channel":"rr","display":55.97014925373134,"mu":0,"quality":"OUT_OF_RANGE","raw":278.6,"sigma":1.5,"state":"IDLE","t":"2026-07-16T11:28:13.8503936Z","type":"sample"}
{"channel":"gsr","display":3715.3,"mu":0,"quality":"OK","raw":3715.3,"sigma":10,"state":"IDLE","t":"2026-07-16T11:28:13.8634988Z","type":"sample"}
{"channel":"rr","display":55.97014925373134,"mu":0,"quality":"OUT_OF_RANGE","raw":280.1,"sigma":1.5,"state":"IDLE","t":"2026-07-16T11:28:13.8899153Z","type":"sample"}
{"channel":"rr","display":55.97014925373134,"mu":0,"quality":"OUT_OF_RANGE","raw":279.6,"sigma":1.5,"state":"IDLE","t":"2026-07-16T11:28:13.9299882Z","type":"sample"}
{"channel":"gsr","display":3714,"mu":0,"quality":"OK","raw":3714,"sigma":10,"state":"IDLE","t":"2026-07-16T11:28:13.9620495Z","type":"sample"}
{"channel":"hr","display":0,"mu":0,"quality":"OUT_OF_RANGE","raw":0,"sigma":3,"state":"IDLE","t":"2026-07-16T11:28:13.965368Z","type":"sample"}
{"channel":"rr","display":55.97014925373134,"mu":0,"quality":"OUT_OF_RANGE","raw":279.9,"sigma":1.5,"state":"IDLE","t":"2026-07-16T11:28:13.9702688Z","type":"sample"}
{"channel":"rr","display":55.97014925373134,"mu":0,"quality":"OUT_OF_RANGE","raw":279.9,"sigma":1.5,"state":"IDLE","t":"2026-07-16T11:28:14.0097224Z","type":"sample"}
{"channel":"rr","display":55.97014925373134,"mu":0,"quality":"OUT_OF_RANGE","raw":278.7,"sigma":1.5,"state":"IDLE","t":"2026-07-16T11:28:14.0501883Z","type":"sample"}
{"channel":"gsr","display":3709.5,"mu":0,"quality":"OK","raw":3709.5,"sigma":10,"state":"IDLE","t":"2026-07-16T11:28:14.0639022Z","type":"sample"}
{"channel":"rr","display":55.97014925373134,"mu":0,"quality":"OUT_OF_RANGE","raw":279.8,"sigma":1.5,"state":"IDLE","t":"2026-07-16T11:28:14.0905664Z","type":"sample"}
{"channel":"rr","display":55.97014925373134,"mu":0,"quality":"OUT_OF_RANGE","raw":279.9,"sigma":1.5,"state":"IDLE","t":"2026-07-16T11:28:14.1302453Z","type":"sample"}
{"channel":"gsr","display":3710.5,"mu":0,"quality":"OK","raw":3710.5,"sigma":10,"state":"IDLE","t":"2026-07-16T11:28:14.1645666Z","type":"sample"}
{"channel":"rr","display":55.97014925373134,"mu":0,"quality":"OUT_OF_RANGE","raw":279.8,"sigma":1.5,"state":"IDLE","t":"2026-07-16T11:28:14.1702816Z","type":"sample"}
{"channel":"rr","display":55.97014925373134,"mu":0,"quality":"OUT_OF_RANGE","raw":279.6,"sigma":1.5,"state":"IDLE","t":"2026-07-16T11:28:14.2100615Z","type":"sample"}
{"channel":"rr","display":55.97014925373134,"mu":0,"quality":"OUT_OF_RANGE","raw":280.2,"sigma":1.5,"state":"IDLE","t":"2026-07-16T11:28:14.2504555Z","type":"sample"}
{"channel":"gsr","display":3705.7,"mu":0,"quality":"OK","raw":3705.7,"sigma":10,"state":"IDLE","t":"2026-07-16T11:28:14.264548Z","type":"sample"}
{"channel":"rr","display":55.97014925373134,"mu":0,"quality":"OUT_OF_RANGE","raw":279.3,"sigma":1.5,"state":"IDLE","t":"2026-07-16T11:28:14.2903527Z","type":"sample"}
{"channel":"rr","display":55.97014925373134,"mu":0,"quality":"OUT_OF_RANGE","raw":278.8,"sigma":1.5,"state":"IDLE","t":"2026-07-16T11:28:14.3300039Z","type":"sample"}
{"channel":"gsr","display":3701,"mu":0,"quality":"OK","raw":3701,"sigma":10,"state":"IDLE","t":"2026-07-16T11:28:14.3599342Z","type":"sample"}
{"channel":"rr","display":55.97014925373134,"mu":0,"quality":"OUT_OF_RANGE","raw":279.4,"sigma":1.5,"state":"IDLE","t":"2026-07-16T11:28:14.3702626Z","type":"sample"}
{"channel":"rr","display":57.69230769230769,"mu":0,"quality":"OUT_OF_RANGE","raw":280,"sigma":1.5,"state":"IDLE","t":"2026-07-16T11:28:14.4101847Z","type":"sample"}
{"address":"/cue/g1/start","args":null,"channel":"system","dir":"out","t":"2026-07-16T11:28:14.4307331Z","type":"osc"}
{"channel":"rr","display":57.69230769230769,"mu":0,"quality":"OUT_OF_RANGE","raw":279.9,"sigma":1.5,"state":"IDLE","t":"2026-07-16T11:28:14.4493199Z","type":"sample"}
{"channel":"gsr","display":3702,"mu":0,"quality":"OK","raw":3702,"sigma":10,"state":"IDLE","t":"2026-07-16T11:28:14.4624235Z","type":"sample"}
{"channel":"hr","display":0,"mu":0,"quality":"OUT_OF_RANGE","raw":0,"sigma":3,"state":"IDLE","t":"2026-07-16T11:28:14.4649454Z","type":"sample"}
{"channel":"rr","display":57.69230769230769,"mu":0,"quality":"OUT_OF_RANGE","raw":280.8,"sigma":1.5,"state":"IDLE","t":"2026-07-16T11:28:14.4901319Z","type":"sample"}
{"channel":"rr","display":57.69230769230769,"mu":0,"quality":"OUT_OF_RANGE","raw":278.8,"sigma":1.5,"state":"IDLE","t":"2026-07-16T11:28:14.5299994Z","type":"sample"}
{"channel":"gsr","display":3698.2,"mu":0,"quality":"OK","raw":3698.2,"sigma":10,"state":"IDLE","t":"2026-07-16T11:28:14.5643533Z","type":"sample"}
{"channel":"rr","display":57.69230769230769,"mu":0,"quality":"OUT_OF_RANGE","raw":279.8,"sigma":1.5,"state":"IDLE","t":"2026-07-16T11:28:14.5701082Z","type":"sample"}
{"channel":"rr","display":57.69230769230769,"mu":0,"quality":"OUT_OF_RANGE","raw":279.4,"sigma":1.5,"state":"IDLE","t":"2026-07-16T11:28:14.6101645Z","type":"sample"}
{"channel":"rr","display":57.69230769230769,"mu":0,"quality":"OUT_OF_RANGE","raw":279.8,"sigma":1.5,"state":"IDLE","t":"2026-07-16T11:28:14.6503343Z","type":"sample"}
{"channel":"gsr","display":3697.8,"mu":0,"quality":"OK","raw":3697.8,"sigma":10,"state":"IDLE","t":"2026-07-16T11:28:14.6603287Z","type":"sample"}
{"address":"/cue/p/start","args":null,"channel":"system","dir":"out","t":"2026-07-16T11:28:14.6810134Z","type":"osc"}
{"channel":"rr","display":57.69230769230769,"mu":0,"quality":"OUT_OF_RANGE","raw":280.4,"sigma":1.5,"state":"IDLE","t":"2026-07-16T11:28:14.6902236Z","type":"sample"}
{"channel":"rr","display":57.69230769230769,"mu":0,"quality":"OUT_OF_RANGE","raw":279.5,"sigma":1.5,"state":"IDLE","t":"2026-07-16T11:28:14.730225Z","type":"sample"}
{"channel":"gsr","display":3698.2,"mu":0,"quality":"OK","raw":3698.2,"sigma":10,"state":"IDLE","t":"2026-07-16T11:28:14.7604581Z","type":"sample"}
{"channel":"rr","display":57.69230769230769,"mu":0,"quality":"OUT_OF_RANGE","raw":280.4,"sigma":1.5,"state":"IDLE","t":"2026-07-16T11:28:14.7700727Z","type":"sample"}
{"channel":"rr","display":57.69230769230769,"mu":0,"quality":"OUT_OF_RANGE","raw":279.8,"sigma":1.5,"state":"IDLE","t":"2026-07-16T11:28:14.8102175Z","type":"sample"}
{"channel":"rr","display":57.69230769230769,"mu":0,"quality":"OUT_OF_RANGE","raw":280.7,"sigma":1.5,"state":"IDLE","t":"2026-07-16T11:28:14.8499628Z","type":"sample"}
{"channel":"gsr","display":3693.7,"mu":0,"quality":"OK","raw":3693.7,"sigma":10,"state":"IDLE","t":"2026-07-16T11:28:14.8644531Z","type":"sample"}
{"channel":"rr","display":57.69230769230769,"mu":0,"quality":"OUT_OF_RANGE","raw":279.4,"sigma":1.5,"state":"IDLE","t":"2026-07-16T11:28:14.8902887Z","type":"sample"}
{"channel":"rr","display":57.69230769230769,"mu":0,"quality":"OUT_OF_RANGE","raw":279,"sigma":1.5,"state":"IDLE","t":"2026-07-16T11:28:14.93025Z","type":"sample"}
{"channel":"gsr","display":3692.8,"mu":0,"quality":"OK","raw":3692.8,"sigma":10,"state":"IDLE","t":"2026-07-16T11:28:14.9634046Z","type":"sample"}
{"channel":"hr","display":0,"mu":0,"quality":"OUT_OF_RANGE","raw":0,"sigma":3,"state":"IDLE","t":"2026-07-16T11:28:14.965445Z","type":"sample"}
{"channel":"rr","display":57.69230769230769,"mu":0,"quality":"OUT_OF_RANGE","raw":279.6,"sigma":1.5,"state":"IDLE","t":"2026-07-16T11:28:14.970461Z","type":"sample"}
{"channel":"rr","display":57.69230769230769,"mu":0,"quality":"OUT_OF_RANGE","raw":280.2,"sigma":1.5,"state":"IDLE","t":"2026-07-16T11:28:15.0103272Z","type":"sample"}
{"channel":"rr","display":57.69230769230769,"mu":0,"quality":"OUT_OF_RANGE","raw":280,"sigma":1.5,"state":"IDLE","t":"2026-07-16T11:28:15.0501697Z","type":"sample"}
{"channel":"gsr","display":3693.7,"mu":0,"quality":"OK","raw":3693.7,"sigma":10,"state":"IDLE","t":"2026-07-16T11:28:15.0606337Z","type":"sample"}
{"channel":"rr","display":57.69230769230769,"mu":0,"quality":"OUT_OF_RANGE","raw":280.3,"sigma":1.5,"state":"IDLE","t":"2026-07-16T11:28:15.0898195Z","type":"sample"}
{"channel":"rr","display":57.69230769230769,"mu":0,"quality":"OUT_OF_RANGE","raw":279.7,"sigma":1.5,"state":"IDLE","t":"2026-07-16T11:28:15.1303636Z","type":"sample"}
{"channel":"gsr","display":3694.7,"mu":0,"quality":"OK","raw":3694.7,"sigma":10,"state":"IDLE","t":"2026-07-16T11:28:15.1632586Z","type":"sample"}
{"channel":"rr","display":57.69230769230769,"mu":0,"quality":"OUT_OF_RANGE","raw":279.4,"sigma":1.5,"state":"IDLE","t":"2026-07-16T11:28:15.1721673Z","type":"sample"}
{"channel":"rr","display":57.69230769230769,"mu":0,"quality":"OUT_OF_RANGE","raw":279.2,"sigma":1.5,"state":"IDLE","t":"2026-07-16T11:28:15.2102004Z","type":"sample"}
{"channel":"rr","display":57.69230769230769,"mu":0,"quality":"OUT_OF_RANGE","raw":280.2,"sigma":1.5,"state":"IDLE","t":"2026-07-16T11:28:15.2500447Z","type":"sample"}
{"channel":"gsr","display":3695.3,"mu":0,"quality":"OK","raw":3695.3,"sigma":10,"state":"IDLE","t":"2026-07-16T11:28:15.2641917Z","type":"sample"}
{"channel":"rr","display":57.69230769230769,"mu":0,"quality":"OUT_OF_RANGE","raw":280.6,"sigma":1.5,"state":"IDLE","t":"2026-07-16T11:28:15.2902598Z","type":"sample"}
{"channel":"rr","display":57.69230769230769,"mu":0,"quality":"OUT_OF_RANGE","raw":279.7,"sigma":1.5,"state":"IDLE","t":"2026-07-16T11:28:15.3298866Z","type":"sample"}
{"channel":"gsr","display":3696.4,"mu":0,"quality":"OK","raw":3696.4,"sigma":10,"state":"IDLE","t":"2026-07-16T11:28:15.3649243Z","type":"sample"}
{"channel":"rr","display":57.69230769230769,"mu":0,"quality":"OUT_OF_RANGE","raw":279.8,"sigma":1.5,"state":"IDLE","t":"2026-07-16T11:28:15.3702754Z","type":"sample"}
{"channel":"rr","display":57.69230769230769,"mu":0,"quality":"OUT_OF_RANGE","raw":279.7,"sigma":1.5,"state":"IDLE","t":"2026-07-16T11:28:15.4092827Z","type":"sample"}
{"address":"/cue/g1/start","args":null,"channel":"system","dir":"out","t":"2026-07-16T11:28:15.4454803Z","type":"osc"}
{"channel":"rr","display":57.69230769230769,"mu":0,"quality":"OUT_OF_RANGE","raw":279.1,"sigma":1.5,"state":"IDLE","t":"2026-07-16T11:28:15.4497872Z","type":"sample"}
{"channel":"gsr","display":3697.9,"mu":0,"quality":"OK","raw":3697.9,"sigma":10,"state":"IDLE","t":"2026-07-16T11:28:15.462168Z","type":"sample"}
{"channel":"hr","display":0,"mu":0,"quality":"OUT_OF_RANGE","raw":0,"sigma":3,"state":"IDLE","t":"2026-07-16T11:28:15.465007Z","type":"sample"}
{"channel":"rr","display":57.69230769230769,"mu":0,"quality":"OUT_OF_RANGE","raw":279.8,"sigma":1.5,"state":"IDLE","t":"2026-07-16T11:28:15.4899503Z","type":"sample"}
{"channel":"rr","display":57.69230769230769,"mu":0,"quality":"OUT_OF_RANGE","raw":280.1,"sigma":1.5,"state":"IDLE","t":"2026-07-16T11:28:15.530348Z","type":"sample"}
{"channel":"gsr","display":3697.6,"mu":0,"quality":"OK","raw":3697.6,"sigma":10,"state":"IDLE","t":"2026-07-16T11:28:15.5603386Z","type":"sample"}
{"channel":"rr","display":57.69230769230769,"mu":0,"quality":"OUT_OF_RANGE","raw":279.8,"sigma":1.5,"state":"IDLE","t":"2026-07-16T11:28:15.5703932Z","type":"sample"}
{"channel":"rr","display":57.69230769230769,"mu":0,"quality":"OUT_OF_RANGE","raw":279.8,"sigma":1.5,"state":"IDLE","t":"2026-07-16T11:28:15.6101993Z","type":"sample"}
{"channel":"rr","display":57.69230769230769,"mu":0,"quality":"OUT_OF_RANGE","raw":279,"sigma":1.5,"state":"IDLE","t":"2026-07-16T11:28:15.6500772Z","type":"sample"}
{"channel":"gsr","display":3700.6,"mu":0,"quality":"OK","raw":3700.6,"sigma":10,"state":"IDLE","t":"2026-07-16T11:28:15.6640799Z","type":"sample"}
{"address":"/cue/p/start","args":null,"channel":"system","dir":"out","t":"2026-07-16T11:28:15.6812065Z","type":"osc"}
{"channel":"rr","display":57.69230769230769,"mu":0,"quality":"OUT_OF_RANGE","raw":279.9,"sigma":1.5,"state":"IDLE","t":"2026-07-16T11:28:15.6900064Z","type":"sample"}
{"channel":"rr","display":57.69230769230769,"mu":0,"quality":"OUT_OF_RANGE","raw":279.4,"sigma":1.5,"state":"IDLE","t":"2026-07-16T11:28:15.7303499Z","type":"sample"}
{"channel":"gsr","display":3698.9,"mu":0,"quality":"OK","raw":3698.9,"sigma":10,"state":"IDLE","t":"2026-07-16T11:28:15.7626641Z","type":"sample"}
{"channel":"rr","display":57.69230769230769,"mu":0,"quality":"OUT_OF_RANGE","raw":279.4,"sigma":1.5,"state":"IDLE","t":"2026-07-16T11:28:15.7693474Z","type":"sample"}
{"channel":"rr","display":57.69230769230769,"mu":0,"quality":"OUT_OF_RANGE","raw":280.1,"sigma":1.5,"state":"IDLE","t":"2026-07-16T11:28:15.8099742Z","type":"sample"}
{"channel":"rr","display":57.69230769230769,"mu":0,"quality":"OUT_OF_RANGE","raw":280.4,"sigma":1.5,"state":"IDLE","t":"2026-07-16T11:28:15.8473792Z","type":"sample"}
{"channel":"gsr","display":3702.9,"mu":0,"quality":"OK","raw":3702.9,"sigma":10,"state":"IDLE","t":"2026-07-16T11:28:15.8640095Z","type":"sample"}
{"channel":"rr","display":57.69230769230769,"mu":0,"quality":"OUT_OF_RANGE","raw":279.8,"sigma":1.5,"state":"IDLE","t":"2026-07-16T11:28:15.8903383Z","type":"sample"}
{"channel":"rr","display":57.69230769230769,"mu":0,"quality":"OUT_OF_RANGE","raw":279.3,"sigma":1.5,"state":"IDLE","t":"2026-07-16T11:28:15.929922Z","type":"sample"}
{"channel":"gsr","display":3698.9,"mu":0,"quality":"OK","raw":3698.9,"sigma":10,"state":"IDLE","t":"2026-07-16T11:28:15.9628674Z","type":"sample"}
{"channel":"hr","display":0,"mu":0,"quality":"OUT_OF_RANGE","raw":0,"sigma":3,"state":"IDLE","t":"2026-07-16T11:28:15.9648761Z","type":"sample"}
{"channel":"rr","display":57.69230769230769,"mu":0,"quality":"OUT_OF_RANGE","raw":280.9,"sigma":1.5,"state":"IDLE","t":"2026-07-16T11:28:15.9703642Z","type":"sample"}
{"channel":"rr","display":57.69230769230769,"mu":0,"quality":"OUT_OF_RANGE","raw":279.8,"sigma":1.5,"state":"IDLE","t":"2026-07-16T11:28:16.0105896Z","type":"sample"}
{"channel":"rr","display":57.69230769230769,"mu":0,"quality":"OUT_OF_RANGE","raw":280.4,"sigma":1.5,"state":"IDLE","t":"2026-07-16T11:28:16.0493419Z","type":"sample"}
{"channel":"gsr","display":3706.5,"mu":0,"quality":"OK","raw":3706.5,"sigma":10,"state":"IDLE","t":"2026-07-16T11:28:16.0608835Z","type":"sample"}
{"channel":"rr","display":57.69230769230769,"mu":0,"quality":"OUT_OF_RANGE","raw":279.9,"sigma":1.5,"state":"IDLE","t":"2026-07-16T11:28:16.0903138Z","type":"sample"}
{"channel":"rr","display":57.69230769230769,"mu":0,"quality":"OUT_OF_RANGE","raw":279.6,"sigma":1.5,"state":"IDLE","t":"2026-07-16T11:28:16.1293043Z","type":"sample"}
{"channel":"gsr","display":3702.8,"mu":0,"quality":"OK","raw":3702.8,"sigma":10,"state":"IDLE","t":"2026-07-16T11:28:16.1645421Z","type":"sample"}
{"channel":"rr","display":57.69230769230769,"mu":0,"quality":"OUT_OF_RANGE","raw":279.2,"sigma":1.5,"state":"IDLE","t":"2026-07-16T11:28:16.1702689Z","type":"sample"}
{"channel":"rr","display":57.69230769230769,"mu":0,"quality":"OUT_OF_RANGE","raw":280.1,"sigma":1.5,"state":"IDLE","t":"2026-07-16T11:28:16.2103811Z","type":"sample"}
{"channel":"rr","display":57.69230769230769,"mu":0,"quality":"OUT_OF_RANGE","raw":279.9,"sigma":1.5,"state":"IDLE","t":"2026-07-16T11:28:16.2502918Z","type":"sample"}
{"channel":"gsr","display":3705.7,"mu":0,"quality":"OK","raw":3705.7,"sigma":10,"state":"IDLE","t":"2026-07-16T11:28:16.2609307Z","type":"sample"}
{"channel":"rr","display":57.69230769230769,"mu":0,"quality":"OUT_OF_RANGE","raw":279.1,"sigma":1.5,"state":"IDLE","t":"2026-07-16T11:28:16.2901388Z","type":"sample"}
{"channel":"rr","display":57.69230769230769,"mu":0,"quality":"OUT_OF_RANGE","raw":279.9,"sigma":1.5,"state":"IDLE","t":"2026-07-16T11:28:16.330392Z","type":"sample"}
{"channel":"gsr","display":3704.8,"mu":0,"quality":"OK","raw":3704.8,"sigma":10,"state":"IDLE","t":"2026-07-16T11:28:16.3627655Z","type":"sample"}
{"channel":"rr","display":57.69230769230769,"mu":0,"quality":"OUT_OF_RANGE","raw":280.3,"sigma":1.5,"state":"IDLE","t":"2026-07-16T11:28:16.3702129Z","type":"sample"}
{"channel":"rr","display":57.69230769230769,"mu":0,"quality":"OUT_OF_RANGE","raw":280.3,"sigma":1.5,"state":"IDLE","t":"2026-07-16T11:28:16.4093673Z","type":"sample"}
{"channel":"rr","display":57.69230769230769,"mu":0,"quality":"OUT_OF_RANGE","raw":280.1,"sigma":1.5,"state":"IDLE","t":"2026-07-16T11:28:16.4504451Z","type":"sample"}
{"address":"/cue/g1/start","args":null,"channel":"system","dir":"out","t":"2026-07-16T11:28:16.4510135Z","type":"osc"}
{"channel":"gsr","display":3705,"mu":0,"quality":"OK","raw":3705,"sigma":10,"state":"IDLE","t":"2026-07-16T11:28:16.4643823Z","type":"sample"}
{"channel":"hr","display":0,"mu":0,"quality":"OUT_OF_RANGE","raw":0,"sigma":3,"state":"IDLE","t":"2026-07-16T11:28:16.4649072Z","type":"sample"}
{"channel":"rr","display":57.69230769230769,"mu":0,"quality":"OUT_OF_RANGE","raw":279.8,"sigma":1.5,"state":"IDLE","t":"2026-07-16T11:28:16.4901805Z","type":"sample"}
{"channel":"rr","display":57.69230769230769,"mu":0,"quality":"OUT_OF_RANGE","raw":279.9,"sigma":1.5,"state":"IDLE","t":"2026-07-16T11:28:16.5303075Z","type":"sample"}
{"channel":"gsr","display":3705.9,"mu":0,"quality":"OK","raw":3705.9,"sigma":10,"state":"IDLE","t":"2026-07-16T11:28:16.560356Z","type":"sample"}
{"channel":"rr","display":57.69230769230769,"mu":0,"quality":"OUT_OF_RANGE","raw":280.6,"sigma":1.5,"state":"IDLE","t":"2026-07-16T11:28:16.5700652Z","type":"sample"}
{"channel":"rr","display":57.69230769230769,"mu":0,"quality":"OUT_OF_RANGE","raw":279.8,"sigma":1.5,"state":"IDLE","t":"2026-07-16T11:28:16.6101438Z","type":"sample"}
{"channel":"rr","display":57.69230769230769,"mu":0,"quality":"OUT_OF_RANGE","raw":278.9,"sigma":1.5,"state":"IDLE","t":"2026-07-16T11:28:16.6502696Z","type":"sample"}
{"channel":"gsr","display":3707.8,"mu":0,"quality":"OK","raw":3707.8,"sigma":10,"state":"IDLE","t":"2026-07-16T11:28:16.6603706Z","type":"sample"}
{"address":"/cue/p/start","args":null,"channel":"system","dir":"out","t":"2026-07-16T11:28:16.6812235Z","type":"osc"}
{"channel":"rr","display":57.69230769230769,"mu":0,"quality":"OUT_OF_RANGE","raw":278.8,"sigma":1.5,"state":"IDLE","t":"2026-07-16T11:28:16.6901879Z","type":"sample"}
{"channel":"rr","display":57.69230769230769,"mu":0,"quality":"OUT_OF_RANGE","raw":278.9,"sigma":1.5,"state":"IDLE","t":"2026-07-16T11:28:16.72936Z","type":"sample"}
{"channel":"gsr","display":3708.6,"mu":0,"quality":"OK","raw":3708.6,"sigma":10,"state":"IDLE","t":"2026-07-16T11:28:16.764407Z","type":"sample"}
{"channel":"rr","display":57.69230769230769,"mu":0,"quality":"OUT_OF_RANGE","raw":279.6,"sigma":1.5,"state":"IDLE","t":"2026-07-16T11:28:16.7702661Z","type":"sample"}
{"channel":"rr","display":57.69230769230769,"mu":0,"quality":"OUT_OF_RANGE","raw":279.2,"sigma":1.5,"state":"IDLE","t":"2026-07-16T11:28:16.8103547Z","type":"sample"}
{"channel":"rr","display":54.74452554744526,"mu":0,"quality":"OUT_OF_RANGE","raw":280.5,"sigma":1.5,"state":"IDLE","t":"2026-07-16T11:28:16.8503582Z","type":"sample"}
{"channel":"gsr","display":3708.6,"mu":0,"quality":"OK","raw":3708.6,"sigma":10,"state":"IDLE","t":"2026-07-16T11:28:16.8635501Z","type":"sample"}
{"channel":"rr","display":54.74452554744526,"mu":0,"quality":"OUT_OF_RANGE","raw":280.2,"sigma":1.5,"state":"IDLE","t":"2026-07-16T11:28:16.8902575Z","type":"sample"}
{"channel":"rr","display":54.74452554744526,"mu":0,"quality":"OUT_OF_RANGE","raw":279.3,"sigma":1.5,"state":"IDLE","t":"2026-07-16T11:28:16.9304052Z","type":"sample"}
{"channel":"gsr","display":3703.6,"mu":0,"quality":"OK","raw":3703.6,"sigma":10,"state":"IDLE","t":"2026-07-16T11:28:16.9619986Z","type":"sample"}
{"channel":"hr","display":0,"mu":0,"quality":"OUT_OF_RANGE","raw":0,"sigma":3,"state":"IDLE","t":"2026-07-16T11:28:16.9653851Z","type":"sample"}
{"channel":"rr","display":54.74452554744526,"mu":0,"quality":"OUT_OF_RANGE","raw":280.1,"sigma":1.5,"state":"IDLE","t":"2026-07-16T11:28:16.9702609Z","type":"sample"}
{"channel":"rr","display":54.74452554744526,"mu":0,"quality":"OUT_OF_RANGE","raw":279.8,"sigma":1.5,"state":"IDLE","t":"2026-07-16T11:28:17.0100038Z","type":"sample"}
{"channel":"rr","display":54.74452554744526,"mu":0,"quality":"OUT_OF_RANGE","raw":280.4,"sigma":1.5,"state":"IDLE","t":"2026-07-16T11:28:17.0501498Z","type":"sample"}
{"channel":"gsr","display":3707,"mu":0,"quality":"OK","raw":3707,"sigma":10,"state":"IDLE","t":"2026-07-16T11:28:17.0608128Z","type":"sample"}
{"channel":"rr","display":54.74452554744526,"mu":0,"quality":"OUT_OF_RANGE","raw":279.8,"sigma":1.5,"state":"IDLE","t":"2026-07-16T11:28:17.0893536Z","type":"sample"}
{"channel":"rr","display":54.74452554744526,"mu":0,"quality":"OUT_OF_RANGE","raw":279.8,"sigma":1.5,"state":"IDLE","t":"2026-07-16T11:28:17.129959Z","type":"sample"}
{"channel":"gsr","display":3705.5,"mu":0,"quality":"OK","raw":3705.5,"sigma":10,"state":"IDLE","t":"2026-07-16T11:28:17.165699Z","type":"sample"}
{"channel":"rr","display":54.74452554744526,"mu":0,"quality":"OUT_OF_RANGE","raw":279.6,"sigma":1.5,"state":"IDLE","t":"2026-07-16T11:28:17.1700681Z","type":"sample"}
{"channel":"rr","display":54.74452554744526,"mu":0,"quality":"OUT_OF_RANGE","raw":278.6,"sigma":1.5,"state":"IDLE","t":"2026-07-16T11:28:17.2102238Z","type":"sample"}
{"channel":"rr","display":54.74452554744526,"mu":0,"quality":"OUT_OF_RANGE","raw":280.3,"sigma":1.5,"state":"IDLE","t":"2026-07-16T11:28:17.2503308Z","type":"sample"}
{"channel":"gsr","display":3704.7,"mu":0,"quality":"OK","raw":3704.7,"sigma":10,"state":"IDLE","t":"2026-07-16T11:28:17.2612575Z","type":"sample"}
{"channel":"rr","display":54.74452554744526,"mu":0,"quality":"OUT_OF_RANGE","raw":278.8,"sigma":1.5,"state":"IDLE","t":"2026-07-16T11:28:17.2902494Z","type":"sample"}
{"channel":"rr","display":54.74452554744526,"mu":0,"quality":"OUT_OF_RANGE","raw":279.6,"sigma":1.5,"state":"IDLE","t":"2026-07-16T11:28:17.3301502Z","type":"sample"}
{"channel":"gsr","display":3708.8,"mu":0,"quality":"OK","raw":3708.8,"sigma":10,"state":"IDLE","t":"2026-07-16T11:28:17.3649846Z","type":"sample"}
{"channel":"rr","display":54.74452554744526,"mu":0,"quality":"OUT_OF_RANGE","raw":279,"sigma":1.5,"state":"IDLE","t":"2026-07-16T11:28:17.3702036Z","type":"sample"}
{"channel":"rr","display":54.74452554744526,"mu":0,"quality":"OUT_OF_RANGE","raw":279.7,"sigma":1.5,"state":"IDLE","t":"2026-07-16T11:28:17.409877Z","type":"sample"}
{"channel":"rr","display":54.74452554744526,"mu":0,"quality":"OUT_OF_RANGE","raw":279.5,"sigma":1.5,"state":"IDLE","t":"2026-07-16T11:28:17.4493149Z","type":"sample"}
{"address":"/cue/g1/start","args":null,"channel":"system","dir":"out","t":"2026-07-16T11:28:17.4630607Z","type":"osc"}
{"channel":"gsr","display":3711.1,"mu":0,"quality":"OK","raw":3711.1,"sigma":10,"state":"IDLE","t":"2026-07-16T11:28:17.4643862Z","type":"sample"}
{"channel":"hr","display":0,"mu":0,"quality":"OUT_OF_RANGE","raw":0,"sigma":3,"state":"IDLE","t":"2026-07-16T11:28:17.4649116Z","type":"sample"}
{"channel":"rr","display":54.74452554744526,"mu":0,"quality":"OUT_OF_RANGE","raw":280.4,"sigma":1.5,"state":"IDLE","t":"2026-07-16T11:28:17.4898987Z","type":"sample"}
{"channel":"rr","display":54.74452554744526,"mu":0,"quality":"OUT_OF_RANGE","raw":279.6,"sigma":1.5,"state":"IDLE","t":"2026-07-16T11:28:17.5293171Z","type":"sample"}
{"channel":"gsr","display":3707.1,"mu":0,"quality":"OK","raw":3707.1,"sigma":10,"state":"IDLE","t":"2026-07-16T11:28:17.563282Z","type":"sample"}
{"channel":"rr","display":54.74452554744526,"mu":0,"quality":"OUT_OF_RANGE","raw":279.2,"sigma":1.5,"state":"IDLE","t":"2026-07-16T11:28:17.5700037Z","type":"sample"}
{"channel":"rr","display":54.74452554744526,"mu":0,"quality":"OUT_OF_RANGE","raw":280.7,"sigma":1.5,"state":"IDLE","t":"2026-07-16T11:28:17.6102383Z","type":"sample"}
{"channel":"rr","display":54.74452554744526,"mu":0,"quality":"OUT_OF_RANGE","raw":279.4,"sigma":1.5,"state":"IDLE","t":"2026-07-16T11:28:17.6501616Z","type":"sample"}
{"channel":"gsr","display":3707.1,"mu":0,"quality":"OK","raw":3707.1,"sigma":10,"state":"IDLE","t":"2026-07-16T11:28:17.6642632Z","type":"sample"}
{"address":"/cue/p/start","args":null,"channel":"system","dir":"out","t":"2026-07-16T11:28:17.6812337Z","type":"osc"}
{"channel":"rr","display":54.74452554744526,"mu":0,"quality":"OUT_OF_RANGE","raw":279.6,"sigma":1.5,"state":"IDLE","t":"2026-07-16T11:28:17.6902404Z","type":"sample"}
{"channel":"rr","display":54.74452554744526,"mu":0,"quality":"OUT_OF_RANGE","raw":279.9,"sigma":1.5,"state":"IDLE","t":"2026-07-16T11:28:17.7299896Z","type":"sample"}
{"channel":"gsr","display":3708.3,"mu":0,"quality":"OK","raw":3708.3,"sigma":10,"state":"IDLE","t":"2026-07-16T11:28:17.7645107Z","type":"sample"}
{"channel":"rr","display":54.74452554744526,"mu":0,"quality":"OUT_OF_RANGE","raw":279.8,"sigma":1.5,"state":"IDLE","t":"2026-07-16T11:28:17.7698822Z","type":"sample"}
{"channel":"rr","display":54.74452554744526,"mu":0,"quality":"OUT_OF_RANGE","raw":279.6,"sigma":1.5,"state":"IDLE","t":"2026-07-16T11:28:17.8105225Z","type":"sample"}
{"channel":"rr","display":54.74452554744526,"mu":0,"quality":"OUT_OF_RANGE","raw":280,"sigma":1.5,"state":"IDLE","t":"2026-07-16T11:28:17.8503661Z","type":"sample"}
{"channel":"gsr","display":3703.5,"mu":0,"quality":"OK","raw":3703.5,"sigma":10,"state":"IDLE","t":"2026-07-16T11:28:17.8645929Z","type":"sample"}
{"channel":"rr","display":54.74452554744526,"mu":0,"quality":"OUT_OF_RANGE","raw":279.4,"sigma":1.5,"state":"IDLE","t":"2026-07-16T11:28:17.8903515Z","type":"sample"}
{"channel":"rr","display":54.74452554744526,"mu":0,"quality":"OUT_OF_RANGE","raw":279.8,"sigma":1.5,"state":"IDLE","t":"2026-07-16T11:28:17.9302506Z","type":"sample"}
{"channel":"gsr","display":3706.7,"mu":0,"quality":"OK","raw":3706.7,"sigma":10,"state":"IDLE","t":"2026-07-16T11:28:17.9642897Z","type":"sample"}
{"channel":"hr","display":0,"mu":0,"quality":"OUT_OF_RANGE","raw":0,"sigma":3,"state":"IDLE","t":"2026-07-16T11:28:17.9653145Z","type":"sample"}
{"channel":"rr","display":54.74452554744526,"mu":0,"quality":"OUT_OF_RANGE","raw":278.9,"sigma":1.5,"state":"IDLE","t":"2026-07-16T11:28:17.9700297Z","type":"sample"}
{"channel":"rr","display":54.74452554744526,"mu":0,"quality":"OUT_OF_RANGE","raw":278.9,"sigma":1.5,"state":"IDLE","t":"2026-07-16T11:28:18.0092777Z","type":"sample"}
{"channel":"rr","display":54.74452554744526,"mu":0,"quality":"OUT_OF_RANGE","raw":279.2,"sigma":1.5,"state":"IDLE","t":"2026-07-16T11:28:18.0505371Z","type":"sample"}
{"channel":"gsr","display":3704.5,"mu":0,"quality":"OK","raw":3704.5,"sigma":10,"state":"IDLE","t":"2026-07-16T11:28:18.0632317Z","type":"sample"}
{"channel":"rr","display":54.74452554744526,"mu":0,"quality":"OUT_OF_RANGE","raw":279.2,"sigma":1.5,"state":"IDLE","t":"2026-07-16T11:28:18.0899581Z","type":"sample"}
{"channel":"rr","display":54.74452554744526,"mu":0,"quality":"OUT_OF_RANGE","raw":279.1,"sigma":1.5,"state":"IDLE","t":"2026-07-16T11:28:18.1304403Z","type":"sample"}
{"channel":"gsr","display":3709.8,"mu":0,"quality":"OK","raw":3709.8,"sigma":10,"state":"IDLE","t":"2026-07-16T11:28:18.1649093Z","type":"sample"}
{"channel":"rr","display":54.74452554744526,"mu":0,"quality":"OUT_OF_RANGE","raw":280.1,"sigma":1.5,"state":"IDLE","t":"2026-07-16T11:28:18.1703501Z","type":"sample"}
{"channel":"rr","display":54.74452554744526,"mu":0,"quality":"OUT_OF_RANGE","raw":280.3,"sigma":1.5,"state":"IDLE","t":"2026-07-16T11:28:18.2102376Z","type":"sample"}
{"channel":"rr","display":54.74452554744526,"mu":0,"quality":"OUT_OF_RANGE","raw":280.6,"sigma":1.5,"state":"IDLE","t":"2026-07-16T11:28:18.2500197Z","type":"sample"}
{"channel":"gsr","display":3710.8,"mu":0,"quality":"OK","raw":3710.8,"sigma":10,"state":"IDLE","t":"2026-07-16T11:28:18.2645745Z","type":"sample"}
{"channel":"rr","display":54.74452554744526,"mu":0,"quality":"OUT_OF_RANGE","raw":279.8,"sigma":1.5,"state":"IDLE","t":"2026-07-16T11:28:18.2904061Z","type":"sample"}
{"channel":"rr","display":54.74452554744526,"mu":0,"quality":"OUT_OF_RANGE","raw":279.6,"sigma":1.5,"state":"IDLE","t":"2026-07-16T11:28:18.3309168Z","type":"sample"}
{"channel":"gsr","display":3705.7,"mu":0,"quality":"OK","raw":3705.7,"sigma":10,"state":"IDLE","t":"2026-07-16T11:28:18.3629895Z","type":"sample"}
{"channel":"rr","display":54.74452554744526,"mu":0,"quality":"OUT_OF_RANGE","raw":279.6,"sigma":1.5,"state":"IDLE","t":"2026-07-16T11:28:18.3701948Z","type":"sample"}
{"channel":"rr","display":54.74452554744526,"mu":0,"quality":"OUT_OF_RANGE","raw":279.1,"sigma":1.5,"state":"IDLE","t":"2026-07-16T11:28:18.4102727Z","type":"sample"}
{"channel":"rr","display":54.74452554744526,"mu":0,"quality":"OUT_OF_RANGE","raw":279.8,"sigma":1.5,"state":"IDLE","t":"2026-07-16T11:28:18.4501394Z","type":"sample"}
{"channel":"gsr","display":3703.6,"mu":0,"quality":"OK","raw":3703.6,"sigma":10,"state":"IDLE","t":"2026-07-16T11:28:18.4639534Z","type":"sample"}
{"channel":"hr","display":0,"mu":0,"quality":"OUT_OF_RANGE","raw":0,"sigma":3,"state":"IDLE","t":"2026-07-16T11:28:18.4649656Z","type":"sample"}
{"address":"/cue/g1/start","args":null,"channel":"system","dir":"out","t":"2026-07-16T11:28:18.4842039Z","type":"osc"}
{"channel":"rr","display":54.74452554744526,"mu":0,"quality":"OUT_OF_RANGE","raw":280.8,"sigma":1.5,"state":"IDLE","t":"2026-07-16T11:28:18.4902845Z","type":"sample"}
{"channel":"rr","display":54.74452554744526,"mu":0,"quality":"OUT_OF_RANGE","raw":279.8,"sigma":1.5,"state":"IDLE","t":"2026-07-16T11:28:18.5302232Z","type":"sample"}
{"channel":"gsr","display":3704.5,"mu":0,"quality":"OK","raw":3704.5,"sigma":10,"state":"IDLE","t":"2026-07-16T11:28:18.5642733Z","type":"sample"}
{"channel":"rr","display":54.74452554744526,"mu":0,"quality":"OUT_OF_RANGE","raw":279.9,"sigma":1.5,"state":"IDLE","t":"2026-07-16T11:28:18.5700028Z","type":"sample"}
{"channel":"rr","display":54.74452554744526,"mu":0,"quality":"OUT_OF_RANGE","raw":280.2,"sigma":1.5,"state":"IDLE","t":"2026-07-16T11:28:18.6101548Z","type":"sample"}
{"channel":"rr","display":54.74452554744526,"mu":0,"quality":"OUT_OF_RANGE","raw":279.6,"sigma":1.5,"state":"IDLE","t":"2026-07-16T11:28:18.6500672Z","type":"sample"}
{"channel":"gsr","display":3702.3,"mu":0,"quality":"OK","raw":3702.3,"sigma":10,"state":"IDLE","t":"2026-07-16T11:28:18.6644832Z","type":"sample"}
{"address":"/cue/p/start","args":null,"channel":"system","dir":"out","t":"2026-07-16T11:28:18.6808142Z","type":"osc"}
{"channel":"rr","display":54.74452554744526,"mu":0,"quality":"OUT_OF_RANGE","raw":280.6,"sigma":1.5,"state":"IDLE","t":"2026-07-16T11:28:18.6900954Z","type":"sample"}
{"channel":"rr","display":54.74452554744526,"mu":0,"quality":"OUT_OF_RANGE","raw":279.4,"sigma":1.5,"state":"IDLE","t":"2026-07-16T11:28:18.7304103Z","type":"sample"}
{"channel":"gsr","display":3702,"mu":0,"quality":"OK","raw":3702,"sigma":10,"state":"IDLE","t":"2026-07-16T11:28:18.7610548Z","type":"sample"}
{"channel":"rr","display":54.74452554744526,"mu":0,"quality":"OUT_OF_RANGE","raw":279.9,"sigma":1.5,"state":"IDLE","t":"2026-07-16T11:28:18.7698301Z","type":"sample"}
{"channel":"rr","display":54.74452554744526,"mu":0,"quality":"OUT_OF_RANGE","raw":280.4,"sigma":1.5,"state":"IDLE","t":"2026-07-16T11:28:18.8099991Z","type":"sample"}
{"channel":"rr","display":54.74452554744526,"mu":0,"quality":"OUT_OF_RANGE","raw":279.6,"sigma":1.5,"state":"IDLE","t":"2026-07-16T11:28:18.8503177Z","type":"sample"}
{"channel":"gsr","display":3706,"mu":0,"quality":"OK","raw":3706,"sigma":10,"state":"IDLE","t":"2026-07-16T11:28:18.8639087Z","type":"sample"}
{"channel":"rr","display":54.74452554744526,"mu":0,"quality":"OUT_OF_RANGE","raw":279.8,"sigma":1.5,"state":"IDLE","t":"2026-07-16T11:28:18.8898997Z","type":"sample"}
{"channel":"rr","display":54.74452554744526,"mu":0,"quality":"OUT_OF_RANGE","raw":280,"sigma":1.5,"state":"IDLE","t":"2026-07-16T11:28:18.9300029Z","type":"sample"}
{"channel":"gsr","display":3702.9,"mu":0,"quality":"OK","raw":3702.9,"sigma":10,"state":"IDLE","t":"2026-07-16T11:28:18.9637963Z","type":"sample"}
{"channel":"hr","display":0,"mu":0,"quality":"OUT_OF_RANGE","raw":0,"sigma":3,"state":"IDLE","t":"2026-07-16T11:28:18.9648179Z","type":"sample"}
{"channel":"rr","display":54.74452554744526,"mu":0,"quality":"OUT_OF_RANGE","raw":279.4,"sigma":1.5,"state":"IDLE","t":"2026-07-16T11:28:18.9700026Z","type":"sample"}
{"channel":"rr","display":54.74452554744526,"mu":0,"quality":"OUT_OF_RANGE","raw":279.9,"sigma":1.5,"state":"IDLE","t":"2026-07-16T11:28:19.0093529Z","type":"sample"}
{"channel":"rr","display":54.74452554744526,"mu":0,"quality":"OUT_OF_RANGE","raw":278.8,"sigma":1.5,"state":"IDLE","t":"2026-07-16T11:28:19.0501257Z","type":"sample"}
{"channel":"gsr","display":3708.8,"mu":0,"quality":"OK","raw":3708.8,"sigma":10,"state":"IDLE","t":"2026-07-16T11:28:19.0607279Z","type":"sample"}
{"channel":"rr","display":54.74452554744526,"mu":0,"quality":"OUT_OF_RANGE","raw":279.4,"sigma":1.5,"state":"IDLE","t":"2026-07-16T11:28:19.0901006Z","type":"sample"}
{"channel":"rr","display":54.74452554744526,"mu":0,"quality":"OUT_OF_RANGE","raw":279.7,"sigma":1.5,"state":"IDLE","t":"2026-07-16T11:28:19.13037Z","type":"sample"}
{"channel":"gsr","display":3706.2,"mu":0,"quality":"OK","raw":3706.2,"sigma":10,"state":"IDLE","t":"2026-07-16T11:28:19.1603894Z","type":"sample"}
{"channel":"rr","display":54.74452554744526,"mu":0,"quality":"OUT_OF_RANGE","raw":279.4,"sigma":1.5,"state":"IDLE","t":"2026-07-16T11:28:19.169915Z","type":"sample"}
{"channel":"rr","display":54.74452554744526,"mu":0,"quality":"OUT_OF_RANGE","raw":279.2,"sigma":1.5,"state":"IDLE","t":"2026-07-16T11:28:19.2101905Z","type":"sample"}
{"channel":"rr","display":54.74452554744526,"mu":0,"quality":"OUT_OF_RANGE","raw":279.3,"sigma":1.5,"state":"IDLE","t":"2026-07-16T11:28:19.2501413Z","type":"sample"}
{"channel":"gsr","display":3708.3,"mu":0,"quality":"OK","raw":3708.3,"sigma":10,"state":"IDLE","t":"2026-07-16T11:28:19.2638252Z","type":"sample"}
{"channel":"rr","display":54.74452554744526,"mu":0,"quality":"OUT_OF_RANGE","raw":280.1,"sigma":1.5,"state":"IDLE","t":"2026-07-16T11:28:19.2901263Z","type":"sample"}
{"channel":"rr","display":54.74452554744526,"mu":0,"quality":"OUT_OF_RANGE","raw":279.4,"sigma":1.5,"state":"IDLE","t":"2026-07-16T11:28:19.3302105Z","type":"sample"}
{"channel":"gsr","display":3708.2,"mu":0,"quality":"OK","raw":3708.2,"sigma":10,"state":"IDLE","t":"2026-07-16T11:28:19.3606506Z","type":"sample"}
{"channel":"rr","display":54.74452554744526,"mu":0,"quality":"OUT_OF_RANGE","raw":280.2,"sigma":1.5,"state":"IDLE","t":"2026-07-16T11:28:19.3700383Z","type":"sample"}
{"channel":"rr","display":54.74452554744526,"mu":0,"quality":"OUT_OF_RANGE","raw":279.9,"sigma":1.5,"state":"IDLE","t":"2026-07-16T11:28:19.4103167Z","type":"sample"}
{"channel":"rr","display":54.74452554744526,"mu":0,"quality":"OUT_OF_RANGE","raw":279.4,"sigma":1.5,"state":"IDLE","t":"2026-07-16T11:28:19.4501045Z","type":"sample"}
{"channel":"gsr","display":3711.1,"mu":0,"quality":"OK","raw":3711.1,"sigma":10,"state":"IDLE","t":"2026-07-16T11:28:19.4626465Z","type":"sample"}
{"channel":"hr","display":0,"mu":0,"quality":"OUT_OF_RANGE","raw":0,"sigma":3,"state":"IDLE","t":"2026-07-16T11:28:19.4646721Z","type":"sample"}
{"address":"/cue/g1/start","args":null,"channel":"system","dir":"out","t":"2026-07-16T11:28:19.4902407Z","type":"osc"}
{"channel":"rr","display":54.74452554744526,"mu":0,"quality":"OUT_OF_RANGE","raw":279.7,"sigma":1.5,"state":"IDLE","t":"2026-07-16T11:28:19.4902407Z","type":"sample"}
{"channel":"rr","display":54.74452554744526,"mu":0,"quality":"OUT_OF_RANGE","raw":280,"sigma":1.5,"state":"IDLE","t":"2026-07-16T11:28:19.5301931Z","type":"sample"}
{"channel":"gsr","display":3711.3,"mu":0,"quality":"OK","raw":3711.3,"sigma":10,"state":"IDLE","t":"2026-07-16T11:28:19.5645181Z","type":"sample"}
{"channel":"rr","display":54.74452554744526,"mu":0,"quality":"OUT_OF_RANGE","raw":279.8,"sigma":1.5,"state":"IDLE","t":"2026-07-16T11:28:19.5699772Z","type":"sample"}
{"channel":"rr","display":54.74452554744526,"mu":0,"quality":"OUT_OF_RANGE","raw":280,"sigma":1.5,"state":"IDLE","t":"2026-07-16T11:28:19.6100689Z","type":"sample"}
{"channel":"rr","display":54.74452554744526,"mu":0,"quality":"OUT_OF_RANGE","raw":279.6,"sigma":1.5,"state":"IDLE","t":"2026-07-16T11:28:19.650268Z","type":"sample"}
{"channel":"gsr","display":3709.2,"mu":0,"quality":"OK","raw":3709.2,"sigma":10,"state":"IDLE","t":"2026-07-16T11:28:19.6607337Z","type":"sample"}
{"address":"/cue/p/start","args":null,"channel":"system","dir":"out","t":"2026-07-16T11:28:19.6808493Z","type":"osc"}
{"channel":"rr","display":54.74452554744526,"mu":0,"quality":"OUT_OF_RANGE","raw":279.8,"sigma":1.5,"state":"IDLE","t":"2026-07-16T11:28:19.6899951Z","type":"sample"}
{"channel":"rr","display":54.74452554744526,"mu":0,"quality":"OUT_OF_RANGE","raw":279.6,"sigma":1.5,"state":"IDLE","t":"2026-07-16T11:28:19.7316995Z","type":"sample"}
{"channel":"gsr","display":3711.8,"mu":0,"quality":"OK","raw":3711.8,"sigma":10,"state":"IDLE","t":"2026-07-16T11:28:19.7644656Z","type":"sample"}
{"channel":"rr","display":54.74452554744526,"mu":0,"quality":"OUT_OF_RANGE","raw":280.7,"sigma":1.5,"state":"IDLE","t":"2026-07-16T11:28:19.7701462Z","type":"sample"}
{"channel":"rr","display":54.74452554744526,"mu":0,"quality":"OUT_OF_RANGE","raw":279.8,"sigma":1.5,"state":"IDLE","t":"2026-07-16T11:28:19.8102531Z","type":"sample"}
{"channel":"rr","display":54.74452554744526,"mu":0,"quality":"OUT_OF_RANGE","raw":279.9,"sigma":1.5,"state":"IDLE","t":"2026-07-16T11:28:19.8503917Z","type":"sample"}
{"channel":"gsr","display":3716.2,"mu":0,"quality":"OK","raw":3716.2,"sigma":10,"state":"IDLE","t":"2026-07-16T11:28:19.863767Z","type":"sample"}
{"channel":"rr","display":54.74452554744526,"mu":0,"quality":"OUT_OF_RANGE","raw":279.8,"sigma":1.5,"state":"IDLE","t":"2026-07-16T11:28:19.8904819Z","type":"sample"}
{"channel":"rr","display":54.74452554744526,"mu":0,"quality":"OUT_OF_RANGE","raw":279.9,"sigma":1.5,"state":"IDLE","t":"2026-07-16T11:28:19.9298802Z","type":"sample"}
{"channel":"gsr","display":3712.6,"mu":0,"quality":"OK","raw":3712.6,"sigma":10,"state":"IDLE","t":"2026-07-16T11:28:19.9638736Z","type":"sample"}
{"channel":"hr","display":0,"mu":0,"quality":"OUT_OF_RANGE","raw":0,"sigma":3,"state":"IDLE","t":"2026-07-16T11:28:19.9653961Z","type":"sample"}
{"channel":"rr","display":54.74452554744526,"mu":0,"quality":"OUT_OF_RANGE","raw":279.1,"sigma":1.5,"state":"IDLE","t":"2026-07-16T11:28:19.9699283Z","type":"sample"}
{"channel":"rr","display":54.74452554744526,"mu":0,"quality":"OUT_OF_RANGE","raw":279.6,"sigma":1.5,"state":"IDLE","t":"2026-07-16T11:28:20.0093602Z","type":"sample"}
{"channel":"rr","display":54.74452554744526,"mu":0,"quality":"OUT_OF_RANGE","raw":279.7,"sigma":1.5,"state":"IDLE","t":"2026-07-16T11:28:20.0501797Z","type":"sample"}
{"channel":"gsr","display":3713.7,"mu":0,"quality":"OK","raw":3713.7,"sigma":10,"state":"IDLE","t":"2026-07-16T11:28:20.0602831Z","type":"sample"}
{"channel":"rr","display":54.74452554744526,"mu":0,"quality":"OUT_OF_RANGE","raw":279.6,"sigma":1.5,"state":"IDLE","t":"2026-07-16T11:28:20.0901385Z","type":"sample"}
{"channel":"rr","display":52.44755244755245,"mu":0,"quality":"OUT_OF_RANGE","raw":280.1,"sigma":1.5,"state":"IDLE","t":"2026-07-16T11:28:20.1303171Z","type":"sample"}
{"channel":"gsr","display":3716.1,"mu":0,"quality":"OK","raw":3716.1,"sigma":10,"state":"IDLE","t":"2026-07-16T11:28:20.1600744Z","type":"sample"}
{"channel":"rr","display":52.44755244755245,"mu":0,"quality":"OUT_OF_RANGE","raw":278.9,"sigma":1.5,"state":"IDLE","t":"2026-07-16T11:28:20.1699918Z","type":"sample"}
{"channel":"rr","display":52.44755244755245,"mu":0,"quality":"OUT_OF_RANGE","raw":279.5,"sigma":1.5,"state":"IDLE","t":"2026-07-16T11:28:20.210039Z","type":"sample"}
{"channel":"rr","display":52.44755244755245,"mu":0,"quality":"OUT_OF_RANGE","raw":279.6,"sigma":1.5,"state":"IDLE","t":"2026-07-16T11:28:20.2499955Z","type":"sample"}
{"channel":"gsr","display":3715.5,"mu":0,"quality":"OK","raw":3715.5,"sigma":10,"state":"IDLE","t":"2026-07-16T11:28:20.2616364Z","type":"sample"}
{"channel":"rr","display":52.44755244755245,"mu":0,"quality":"OUT_OF_RANGE","raw":280.4,"sigma":1.5,"state":"IDLE","t":"2026-07-16T11:28:20.2903053Z","type":"sample"}
{"channel":"rr","display":52.44755244755245,"mu":0,"quality":"OUT_OF_RANGE","raw":279.2,"sigma":1.5,"state":"IDLE","t":"2026-07-16T11:28:20.3302415Z","type":"sample"}
{"channel":"gsr","display":3716.7,"mu":0,"quality":"OK","raw":3716.7,"sigma":10,"state":"IDLE","t":"2026-07-16T11:28:20.3601018Z","type":"sample"}
{"channel":"rr","display":52.44755244755245,"mu":0,"quality":"OUT_OF_RANGE","raw":280.1,"sigma":1.5,"state":"IDLE","t":"2026-07-16T11:28:20.3701488Z","type":"sample"}
{"channel":"rr","display":52.44755244755245,"mu":0,"quality":"OUT_OF_RANGE","raw":279.2,"sigma":1.5,"state":"IDLE","t":"2026-07-16T11:28:20.4103374Z","type":"sample"}
{"channel":"rr","display":52.44755244755245,"mu":0,"quality":"OUT_OF_RANGE","raw":279.9,"sigma":1.5,"state":"IDLE","t":"2026-07-16T11:28:20.450463Z","type":"sample"}
{"channel":"gsr","display":3721.6,"mu":0,"quality":"OK","raw":3721.6,"sigma":10,"state":"IDLE","t":"2026-07-16T11:28:20.459986Z","type":"sample"}
{"channel":"hr","display":0,"mu":0,"quality":"OUT_OF_RANGE","raw":0,"sigma":3,"state":"IDLE","t":"2026-07-16T11:28:20.464592Z","type":"sample"}
{"channel":"rr","display":52.44755244755245,"mu":0,"quality":"OUT_OF_RANGE","raw":279.6,"sigma":1.5,"state":"IDLE","t":"2026-07-16T11:28:20.4903209Z","type":"sample"}
{"address":"/cue/g1/start","args":null,"channel":"system","dir":"out","t":"2026-07-16T11:28:20.5018636Z","type":"osc"}
{"channel":"rr","display":52.44755244755245,"mu":0,"quality":"OUT_OF_RANGE","raw":279.2,"sigma":1.5,"state":"IDLE","t":"2026-07-16T11:28:20.5293587Z","type":"sample"}
{"channel":"gsr","display":3720.4,"mu":0,"quality":"OK","raw":3720.4,"sigma":10,"state":"IDLE","t":"2026-07-16T11:28:20.5612332Z","type":"sample"}
{"channel":"rr","display":52.44755244755245,"mu":0,"quality":"OUT_OF_RANGE","raw":280.5,"sigma":1.5,"state":"IDLE","t":"2026-07-16T11:28:20.5699377Z","type":"sample"}
{"channel":"rr","display":52.44755244755245,"mu":0,"quality":"OUT_OF_RANGE","raw":279.8,"sigma":1.5,"state":"IDLE","t":"2026-07-16T11:28:20.6093108Z","type":"sample"}
{"channel":"rr","display":52.44755244755245,"mu":0,"quality":"OUT_OF_RANGE","raw":279.2,"sigma":1.5,"state":"IDLE","t":"2026-07-16T11:28:20.6500021Z","type":"sample"}
{"channel":"gsr","display":3722.4,"mu":0,"quality":"OK","raw":3722.4,"sigma":10,"state":"IDLE","t":"2026-07-16T11:28:20.6639266Z","type":"sample"}
{"address":"/cue/p/start","args":null,"channel":"system","dir":"out","t":"2026-07-16T11:28:20.6807414Z","type":"osc"}
{"channel":"rr","display":52.44755244755245,"mu":0,"quality":"OUT_OF_RANGE","raw":279.1,"sigma":1.5,"state":"IDLE","t":"2026-07-16T11:28:20.6902285Z","type":"sample"}
{"channel":"rr","display":52.44755244755245,"mu":0,"quality":"OUT_OF_RANGE","raw":279.1,"sigma":1.5,"state":"IDLE","t":"2026-07-16T11:28:20.7302347Z","type":"sample"}
{"channel":"gsr","display":3720.1,"mu":0,"quality":"OK","raw":3720.1,"sigma":10,"state":"IDLE","t":"2026-07-16T11:28:20.763044Z","type":"sample"}
{"channel":"rr","display":52.44755244755245,"mu":0,"quality":"OUT_OF_RANGE","raw":279.6,"sigma":1.5,"state":"IDLE","t":"2026-07-16T11:28:20.770315Z","type":"sample"}
{"channel":"rr","display":52.44755244755245,"mu":0,"quality":"OUT_OF_RANGE","raw":279.6,"sigma":1.5,"state":"IDLE","t":"2026-07-16T11:28:20.8101874Z","type":"sample"}
{"channel":"rr","display":52.44755244755245,"mu":0,"quality":"OUT_OF_RANGE","raw":279.6,"sigma":1.5,"state":"IDLE","t":"2026-07-16T11:28:20.8499402Z","type":"sample"}
{"channel":"gsr","display":3724.3,"mu":0,"quality":"OK","raw":3724.3,"sigma":10,"state":"IDLE","t":"2026-07-16T11:28:20.8640689Z","type":"sample"}
{"channel":"rr","display":52.44755244755245,"mu":0,"quality":"OUT_OF_RANGE","raw":280.1,"sigma":1.5,"state":"IDLE","t":"2026-07-16T11:28:20.8898767Z","type":"sample"}
{"channel":"rr","display":52.44755244755245,"mu":0,"quality":"OUT_OF_RANGE","raw":279.2,"sigma":1.5,"state":"IDLE","t":"2026-07-16T11:28:20.930268Z","type":"sample"}
{"channel":"gsr","display":3725.8,"mu":0,"quality":"OK","raw":3725.8,"sigma":10,"state":"IDLE","t":"2026-07-16T11:28:20.9638478Z","type":"sample"}
{"channel":"hr","display":0,"mu":0,"quality":"OUT_OF_RANGE","raw":0,"sigma":3,"state":"IDLE","t":"2026-07-16T11:28:20.9648457Z","type":"sample"}
{"channel":"rr","display":52.44755244755245,"mu":0,"quality":"OUT_OF_RANGE","raw":280,"sigma":1.5,"state":"IDLE","t":"2026-07-16T11:28:20.9702066Z","type":"sample"}
{"channel":"rr","display":52.44755244755245,"mu":0,"quality":"OUT_OF_RANGE","raw":279.1,"sigma":1.5,"state":"IDLE","t":"2026-07-16T11:28:21.010223Z","type":"sample"}
{"channel":"rr","display":52.44755244755245,"mu":0,"quality":"OUT_OF_RANGE","raw":279.9,"sigma":1.5,"state":"IDLE","t":"2026-07-16T11:28:21.050361Z","type":"sample"}
{"channel":"gsr","display":3728.8,"mu":0,"quality":"OK","raw":3728.8,"sigma":10,"state":"IDLE","t":"2026-07-16T11:28:21.0616277Z","type":"sample"}
{"channel":"rr","display":52.44755244755245,"mu":0,"quality":"OUT_OF_RANGE","raw":279.6,"sigma":1.5,"state":"IDLE","t":"2026-07-16T11:28:21.0902452Z","type":"sample"}
{"channel":"rr","display":52.44755244755245,"mu":0,"quality":"OUT_OF_RANGE","raw":279.6,"sigma":1.5,"state":"IDLE","t":"2026-07-16T11:28:21.1303053Z","type":"sample"}
{"channel":"gsr","display":3726.4,"mu":0,"quality":"OK","raw":3726.4,"sigma":10,"state":"IDLE","t":"2026-07-16T11:28:21.1605873Z","type":"sample"}
{"channel":"rr","display":52.816901408450704,"mu":0,"quality":"OUT_OF_RANGE","raw":279.9,"sigma":1.5,"state":"IDLE","t":"2026-07-16T11:28:21.1702987Z","type":"sample"}
{"channel":"rr","display":52.816901408450704,"mu":0,"quality":"OUT_OF_RANGE","raw":279.6,"sigma":1.5,"state":"IDLE","t":"2026-07-16T11:28:21.209332Z","type":"sample"}
{"channel":"rr","display":52.816901408450704,"mu":0,"quality":"OUT_OF_RANGE","raw":280.4,"sigma":1.5,"state":"IDLE","t":"2026-07-16T11:28:21.2492645Z","type":"sample"}
{"channel":"gsr","display":3728.4,"mu":0,"quality":"OK","raw":3728.4,"sigma":10,"state":"IDLE","t":"2026-07-16T11:28:21.2627527Z","type":"sample"}
{"channel":"rr","display":52.816901408450704,"mu":0,"quality":"OUT_OF_RANGE","raw":279.6,"sigma":1.5,"state":"IDLE","t":"2026-07-16T11:28:21.2899423Z","type":"sample"}
{"channel":"rr","display":52.816901408450704,"mu":0,"quality":"OUT_OF_RANGE","raw":279.8,"sigma":1.5,"state":"IDLE","t":"2026-07-16T11:28:21.3292366Z","type":"sample"}
{"channel":"gsr","display":3730.6,"mu":0,"quality":"OK","raw":3730.6,"sigma":10,"state":"IDLE","t":"2026-07-16T11:28:21.3642293Z","type":"sample"}
{"channel":"rr","display":52.816901408450704,"mu":0,"quality":"OUT_OF_RANGE","raw":279.8,"sigma":1.5,"state":"IDLE","t":"2026-07-16T11:28:21.3698048Z","type":"sample"}
{"channel":"rr","display":52.816901408450704,"mu":0,"quality":"OUT_OF_RANGE","raw":279.3,"sigma":1.5,"state":"IDLE","t":"2026-07-16T11:28:21.4102291Z","type":"sample"}
{"channel":"rr","display":52.816901408450704,"mu":0,"quality":"OUT_OF_RANGE","raw":278.4,"sigma":1.5,"state":"IDLE","t":"2026-07-16T11:28:21.4503391Z","type":"sample"}
{"channel":"gsr","display":3730.1,"mu":0,"quality":"OK","raw":3730.1,"sigma":10,"state":"IDLE","t":"2026-07-16T11:28:21.4631032Z","type":"sample"}
{"channel":"hr","display":0,"mu":0,"quality":"OUT_OF_RANGE","raw":0,"sigma":3,"state":"IDLE","t":"2026-07-16T11:28:21.4653365Z","type":"sample"}
{"channel":"rr","display":52.816901408450704,"mu":0,"quality":"OUT_OF_RANGE","raw":278.9,"sigma":1.5,"state":"IDLE","t":"2026-07-16T11:28:21.4903045Z","type":"sample"}
{"address":"/cue/g1/start","args":null,"channel":"system","dir":"out","t":"2026-07-16T11:28:21.5069779Z","type":"osc"}
{"channel":"rr","display":52.816901408450704,"mu":0,"quality":"OUT_OF_RANGE","raw":279.4,"sigma":1.5,"state":"IDLE","t":"2026-07-16T11:28:21.5302702Z","type":"sample"}
{"channel":"gsr","display":3735.2,"mu":0,"quality":"OK","raw":3735.2,"sigma":10,"state":"IDLE","t":"2026-07-16T11:28:21.5622656Z","type":"sample"}
{"channel":"rr","display":52.816901408450704,"mu":0,"quality":"OUT_OF_RANGE","raw":279.7,"sigma":1.5,"state":"IDLE","t":"2026-07-16T11:28:21.5699836Z","type":"sample"}
{"channel":"rr","display":52.816901408450704,"mu":0,"quality":"OUT_OF_RANGE","raw":279.9,"sigma":1.5,"state":"IDLE","t":"2026-07-16T11:28:21.6098065Z","type":"sample"}
{"channel":"rr","display":52.816901408450704,"mu":0,"quality":"OUT_OF_RANGE","raw":280.8,"sigma":1.5,"state":"IDLE","t":"2026-07-16T11:28:21.649299Z","type":"sample"}
{"channel":"gsr","display":3735.2,"mu":0,"quality":"OK","raw":3735.2,"sigma":10,"state":"IDLE","t":"2026-07-16T11:28:21.6603395Z","type":"sample"}
{"address":"/cue/p/start","args":null,"channel":"system","dir":"out","t":"2026-07-16T11:28:21.6810407Z","type":"osc"}
{"channel":"rr","display":52.816901408450704,"mu":0,"quality":"OUT_OF_RANGE","raw":279.6,"sigma":1.5,"state":"IDLE","t":"2026-07-16T11:28:21.6900712Z","type":"sample"}
{"channel":"rr","display":52.816901408450704,"mu":0,"quality":"OUT_OF_RANGE","raw":279.9,"sigma":1.5,"state":"IDLE","t":"2026-07-16T11:28:21.7301584Z","type":"sample"}
{"channel":"gsr","display":3739.6,"mu":0,"quality":"OK","raw":3739.6,"sigma":10,"state":"IDLE","t":"2026-07-16T11:28:21.7599666Z","type":"sample"}
{"channel":"rr","display":52.816901408450704,"mu":0,"quality":"OUT_OF_RANGE","raw":279.2,"sigma":1.5,"state":"IDLE","t":"2026-07-16T11:28:21.7699768Z","type":"sample"}
{"channel":"rr","display":52.816901408450704,"mu":0,"quality":"OUT_OF_RANGE","raw":279.6,"sigma":1.5,"state":"IDLE","t":"2026-07-16T11:28:21.8098138Z","type":"sample"}
{"channel":"rr","display":52.816901408450704,"mu":0,"quality":"OUT_OF_RANGE","raw":280.2,"sigma":1.5,"state":"IDLE","t":"2026-07-16T11:28:21.850069Z","type":"sample"}
{"channel":"gsr","display":3738,"mu":0,"quality":"OK","raw":3738,"sigma":10,"state":"IDLE","t":"2026-07-16T11:28:21.8634577Z","type":"sample"}
{"channel":"rr","display":52.816901408450704,"mu":0,"quality":"OUT_OF_RANGE","raw":280.2,"sigma":1.5,"state":"IDLE","t":"2026-07-16T11:28:21.8902873Z","type":"sample"}
{"channel":"rr","display":52.816901408450704,"mu":0,"quality":"OUT_OF_RANGE","raw":279.4,"sigma":1.5,"state":"IDLE","t":"2026-07-16T11:28:21.9302279Z","type":"sample"}
{"channel":"gsr","display":3742.2,"mu":0,"quality":"OK","raw":3742.2,"sigma":10,"state":"IDLE","t":"2026-07-16T11:28:21.962438Z","type":"sample"}
{"channel":"hr","display":0,"mu":0,"quality":"OUT_OF_RANGE","raw":0,"sigma":3,"state":"IDLE","t":"2026-07-16T11:28:21.9650975Z","type":"sample"}
{"channel":"rr","display":52.816901408450704,"mu":0,"quality":"OUT_OF_RANGE","raw":279.6,"sigma":1.5,"state":"IDLE","t":"2026-07-16T11:28:21.9701775Z","type":"sample"}
{"channel":"rr","display":52.816901408450704,"mu":0,"quality":"OUT_OF_RANGE","raw":280.7,"sigma":1.5,"state":"IDLE","t":"2026-07-16T11:28:22.0100854Z","type":"sample"}
{"channel":"rr","display":52.816901408450704,"mu":0,"quality":"OUT_OF_RANGE","raw":278.9,"sigma":1.5,"state":"IDLE","t":"2026-07-16T11:28:22.0492376Z","type":"sample"}
{"channel":"gsr","display":3742.4,"mu":0,"quality":"OK","raw":3742.4,"sigma":10,"state":"IDLE","t":"2026-07-16T11:28:22.0620675Z","type":"sample"}
{"channel":"rr","display":52.816901408450704,"mu":0,"quality":"OUT_OF_RANGE","raw":279.9,"sigma":1.5,"state":"IDLE","t":"2026-07-16T11:28:22.0901864Z","type":"sample"}
{"channel":"rr","display":52.816901408450704,"mu":0,"quality":"OUT_OF_RANGE","raw":279.3,"sigma":1.5,"state":"IDLE","t":"2026-07-16T11:28:22.1301962Z","type":"sample"}
{"channel":"gsr","display":3744.5,"mu":0,"quality":"OK","raw":3744.5,"sigma":10,"state":"IDLE","t":"2026-07-16T11:28:22.1604632Z","type":"sample"}
{"channel":"rr","display":56.390977443609025,"mu":0,"quality":"OUT_OF_RANGE","raw":280.9,"sigma":1.5,"state":"IDLE","t":"2026-07-16T11:28:22.1699045Z","type":"sample"}
{"channel":"rr","display":56.390977443609025,"mu":0,"quality":"OUT_OF_RANGE","raw":279.2,"sigma":1.5,"state":"IDLE","t":"2026-07-16T11:28:22.2099067Z","type":"sample"}
{"channel":"rr","display":56.390977443609025,"mu":0,"quality":"OUT_OF_RANGE","raw":279.3,"sigma":1.5,"state":"IDLE","t":"2026-07-16T11:28:22.2500113Z","type":"sample"}
{"channel":"gsr","display":3746,"mu":0,"quality":"OK","raw":3746,"sigma":10,"state":"IDLE","t":"2026-07-16T11:28:22.2641189Z","type":"sample"}
{"channel":"rr","display":56.390977443609025,"mu":0,"quality":"OUT_OF_RANGE","raw":280.5,"sigma":1.5,"state":"IDLE","t":"2026-07-16T11:28:22.2901004Z","type":"sample"}
{"channel":"rr","display":56.390977443609025,"mu":0,"quality":"OUT_OF_RANGE","raw":280.2,"sigma":1.5,"state":"IDLE","t":"2026-07-16T11:28:22.3304065Z","type":"sample"}
{"channel":"gsr","display":3745.1,"mu":0,"quality":"OK","raw":3745.1,"sigma":10,"state":"IDLE","t":"2026-07-16T11:28:22.3627973Z","type":"sample"}
{"channel":"rr","display":56.390977443609025,"mu":0,"quality":"OUT_OF_RANGE","raw":280,"sigma":1.5,"state":"IDLE","t":"2026-07-16T11:28:22.3697829Z","type":"sample"}
{"channel":"rr","display":56.390977443609025,"mu":0,"quality":"OUT_OF_RANGE","raw":279.4,"sigma":1.5,"state":"IDLE","t":"2026-07-16T11:28:22.4102451Z","type":"sample"}
{"channel":"rr","display":56.390977443609025,"mu":0,"quality":"OUT_OF_RANGE","raw":279.8,"sigma":1.5,"state":"IDLE","t":"2026-07-16T11:28:22.4500976Z","type":"sample"}
{"channel":"gsr","display":3747.7,"mu":0,"quality":"OK","raw":3747.7,"sigma":10,"state":"IDLE","t":"2026-07-16T11:28:22.4645614Z","type":"sample"}
{"channel":"hr","display":0,"mu":0,"quality":"OUT_OF_RANGE","raw":0,"sigma":3,"state":"IDLE","t":"2026-07-16T11:28:22.4645614Z","type":"sample"}
{"channel":"rr","display":56.390977443609025,"mu":0,"quality":"OUT_OF_RANGE","raw":279.2,"sigma":1.5,"state":"IDLE","t":"2026-07-16T11:28:22.4899256Z","type":"sample"}
{"address":"/cue/g1/start","args":null,"channel":"system","dir":"out","t":"2026-07-16T11:28:22.5179876Z","type":"osc"}
{"channel":"rr","display":56.390977443609025,"mu":0,"quality":"OUT_OF_RANGE","raw":280.1,"sigma":1.5,"state":"IDLE","t":"2026-07-16T11:28:22.5300435Z","type":"sample"}
{"channel":"gsr","display":3750.7,"mu":0,"quality":"OK","raw":3750.7,"sigma":10,"state":"IDLE","t":"2026-07-16T11:28:22.5641336Z","type":"sample"}
{"channel":"rr","display":56.390977443609025,"mu":0,"quality":"OUT_OF_RANGE","raw":279.1,"sigma":1.5,"state":"IDLE","t":"2026-07-16T11:28:22.5703798Z","type":"sample"}
{"channel":"rr","display":56.390977443609025,"mu":0,"quality":"OUT_OF_RANGE","raw":279.8,"sigma":1.5,"state":"IDLE","t":"2026-07-16T11:28:22.6101663Z","type":"sample"}
{"channel":"rr","display":56.390977443609025,"mu":0,"quality":"OUT_OF_RANGE","raw":279.6,"sigma":1.5,"state":"IDLE","t":"2026-07-16T11:28:22.6492131Z","type":"sample"}
{"channel":"gsr","display":3751.9,"mu":0,"quality":"OK","raw":3751.9,"sigma":10,"state":"IDLE","t":"2026-07-16T11:28:22.6601223Z","type":"sample"}
{"address":"/cue/p/start","args":null,"channel":"system","dir":"out","t":"2026-07-16T11:28:22.6812153Z","type":"osc"}
{"channel":"rr","display":56.390977443609025,"mu":0,"quality":"OUT_OF_RANGE","raw":280.1,"sigma":1.5,"state":"IDLE","t":"2026-07-16T11:28:22.6900866Z","type":"sample"}
{"channel":"rr","display":56.390977443609025,"mu":0,"quality":"OUT_OF_RANGE","raw":279.6,"sigma":1.5,"state":"IDLE","t":"2026-07-16T11:28:22.730222Z","type":"sample"}
{"channel":"gsr","display":3750.5,"mu":0,"quality":"OK","raw":3750.5,"sigma":10,"state":"IDLE","t":"2026-07-16T11:28:22.7608003Z","type":"sample"}
{"channel":"rr","display":56.390977443609025,"mu":0,"quality":"OUT_OF_RANGE","raw":280.3,"sigma":1.5,"state":"IDLE","t":"2026-07-16T11:28:22.7693561Z","type":"sample"}
{"channel":"rr","display":56.390977443609025,"mu":0,"quality":"OUT_OF_RANGE","raw":278.9,"sigma":1.5,"state":"IDLE","t":"2026-07-16T11:28:22.8101889Z","type":"sample"}
{"channel":"rr","display":56.390977443609025,"mu":0,"quality":"OUT_OF_RANGE","raw":279.8,"sigma":1.5,"state":"IDLE","t":"2026-07-16T11:28:22.8507563Z","type":"sample"}
{"channel":"gsr","display":3756.8,"mu":0,"quality":"OK","raw":3756.8,"sigma":10,"state":"IDLE","t":"2026-07-16T11:28:22.8634909Z","type":"sample"}
{"channel":"rr","display":56.390977443609025,"mu":0,"quality":"OUT_OF_RANGE","raw":279.8,"sigma":1.5,"state":"IDLE","t":"2026-07-16T11:28:22.8902062Z","type":"sample"}
{"channel":"rr","display":56.390977443609025,"mu":0,"quality":"OUT_OF_RANGE","raw":280.1,"sigma":1.5,"state":"IDLE","t":"2026-07-16T11:28:22.9302956Z","type":"sample"}
{"channel":"gsr","display":3753.4,"mu":0,"quality":"OK","raw":3753.4,"sigma":10,"state":"IDLE","t":"2026-07-16T11:28:22.9599004Z","type":"sample"}
{"channel":"hr","display":0,"mu":0,"quality":"OUT_OF_RANGE","raw":0,"sigma":3,"state":"IDLE","t":"2026-07-16T11:28:22.9646008Z","type":"sample"}
{"channel":"rr","display":56.390977443609025,"mu":0,"quality":"OUT_OF_RANGE","raw":280,"sigma":1.5,"state":"IDLE","t":"2026-07-16T11:28:22.9701389Z","type":"sample"}
{"channel":"rr","display":56.390977443609025,"mu":0,"quality":"OUT_OF_RANGE","raw":279.4,"sigma":1.5,"state":"IDLE","t":"2026-07-16T11:28:23.0102044Z","type":"sample"}
{"channel":"rr","display":56.390977443609025,"mu":0,"quality":"OUT_OF_RANGE","raw":279.2,"sigma":1.5,"state":"IDLE","t":"2026-07-16T11:28:23.0501172Z","type":"sample"}
{"channel":"gsr","display":3755.7,"mu":0,"quality":"OK","raw":3755.7,"sigma":10,"state":"IDLE","t":"2026-07-16T11:28:23.0636767Z","type":"sample"}
{"channel":"rr","display":56.390977443609025,"mu":0,"quality":"OUT_OF_RANGE","raw":278.7,"sigma":1.5,"state":"IDLE","t":"2026-07-16T11:28:23.0900387Z","type":"sample"}
{"channel":"rr","display":56.390977443609025,"mu":0,"quality":"OUT_OF_RANGE","raw":279.2,"sigma":1.5,"state":"IDLE","t":"2026-07-16T11:28:23.1299825Z","type":"sample"}
{"channel":"gsr","display":3756.7,"mu":0,"quality":"OK","raw":3756.7,"sigma":10,"state":"IDLE","t":"2026-07-16T11:28:23.1642387Z","type":"sample"}
{"channel":"rr","display":56.390977443609025,"mu":0,"quality":"OUT_OF_RANGE","raw":280.1,"sigma":1.5,"state":"IDLE","t":"2026-07-16T11:28:23.1697395Z","type":"sample"}
{"channel":"rr","display":56.390977443609025,"mu":0,"quality":"OUT_OF_RANGE","raw":278.5,"sigma":1.5,"state":"IDLE","t":"2026-07-16T11:28:23.2093504Z","type":"sample"}
{"channel":"rr","display":56.390977443609025,"mu":0,"quality":"OUT_OF_RANGE","raw":279.9,"sigma":1.5,"state":"IDLE","t":"2026-07-16T11:28:23.2502293Z","type":"sample"}
{"channel":"gsr","display":3755.6,"mu":0,"quality":"OK","raw":3755.6,"sigma":10,"state":"IDLE","t":"2026-07-16T11:28:23.2643434Z","type":"sample"}
{"channel":"rr","display":56.390977443609025,"mu":0,"quality":"OUT_OF_RANGE","raw":278.4,"sigma":1.5,"state":"IDLE","t":"2026-07-16T11:28:23.2892399Z","type":"sample"}
{"channel":"rr","display":56.390977443609025,"mu":0,"quality":"OUT_OF_RANGE","raw":279.6,"sigma":1.5,"state":"IDLE","t":"2026-07-16T11:28:23.3302226Z","type":"sample"}
{"channel":"gsr","display":3754,"mu":0,"quality":"OK","raw":3754,"sigma":10,"state":"IDLE","t":"2026-07-16T11:28:23.363578Z","type":"sample"}
{"channel":"rr","display":56.390977443609025,"mu":0,"quality":"OUT_OF_RANGE","raw":279.6,"sigma":1.5,"state":"IDLE","t":"2026-07-16T11:28:23.3701976Z","type":"sample"}
{"channel":"rr","display":56.390977443609025,"mu":0,"quality":"OUT_OF_RANGE","raw":279.3,"sigma":1.5,"state":"IDLE","t":"2026-07-16T11:28:23.4098821Z","type":"sample"}
{"channel":"rr","display":56.390977443609025,"mu":0,"quality":"OUT_OF_RANGE","raw":280.1,"sigma":1.5,"state":"IDLE","t":"2026-07-16T11:28:23.4492961Z","type":"sample"}
{"channel":"gsr","display":3756.4,"mu":0,"quality":"OK","raw":3756.4,"sigma":10,"state":"IDLE","t":"2026-07-16T11:28:23.4637093Z","type":"sample"}
{"channel":"hr","display":0,"mu":0,"quality":"OUT_OF_RANGE","raw":0,"sigma":3,"state":"IDLE","t":"2026-07-16T11:28:23.4647224Z","type":"sample"}
{"channel":"rr","display":56.390977443609025,"mu":0,"quality":"OUT_OF_RANGE","raw":278.9,"sigma":1.5,"state":"IDLE","t":"2026-07-16T11:28:23.490117Z","type":"sample"}
{"address":"/cue/g1/start","args":null,"channel":"system","dir":"out","t":"2026-07-16T11:28:23.5215354Z","type":"osc"}
{"channel":"rr","display":56.390977443609025,"mu":0,"quality":"OUT_OF_RANGE","raw":279.1,"sigma":1.5,"state":"IDLE","t":"2026-07-16T11:28:23.52974Z","type":"sample"}
{"channel":"gsr","display":3761,"mu":0,"quality":"OK","raw":3761,"sigma":10,"state":"IDLE","t":"2026-07-16T11:28:23.5603292Z","type":"sample"}
{"channel":"rr","display":56.390977443609025,"mu":0,"quality":"OUT_OF_RANGE","raw":280.2,"sigma":1.5,"state":"IDLE","t":"2026-07-16T11:28:23.5714931Z","type":"sample"}
{"channel":"rr","display":56.390977443609025,"mu":0,"quality":"OUT_OF_RANGE","raw":280,"sigma":1.5,"state":"IDLE","t":"2026-07-16T11:28:23.6102029Z","type":"sample"}
{"channel":"rr","display":56.390977443609025,"mu":0,"quality":"OUT_OF_RANGE","raw":279.6,"sigma":1.5,"state":"IDLE","t":"2026-07-16T11:28:23.6502052Z","type":"sample"}
{"channel":"gsr","display":3758.2,"mu":0,"quality":"OK","raw":3758.2,"sigma":10,"state":"IDLE","t":"2026-07-16T11:28:23.6623724Z","type":"sample"}
{"address":"/cue/p/start","args":null,"channel":"system","dir":"out","t":"2026-07-16T11:28:23.6813107Z","type":"osc"}
{"channel":"rr","display":56.390977443609025,"mu":0,"quality":"OUT_OF_RANGE","raw":279.3,"sigma":1.5,"state":"IDLE","t":"2026-07-16T11:28:23.6893538Z","type":"sample"}
{"channel":"rr","display":56.390977443609025,"mu":0,"quality":"OUT_OF_RANGE","raw":279.8,"sigma":1.5,"state":"IDLE","t":"2026-07-16T11:28:23.7300686Z","type":"sample"}
{"channel":"gsr","display":3757.5,"mu":0,"quality":"OK","raw":3757.5,"sigma":10,"state":"IDLE","t":"2026-07-16T11:28:23.7605768Z","type":"sample"}
{"channel":"rr","display":56.390977443609025,"mu":0,"quality":"OUT_OF_RANGE","raw":280.4,"sigma":1.5,"state":"IDLE","t":"2026-07-16T11:28:23.770083Z","type":"sample"}
{"channel":"rr","display":56.390977443609025,"mu":0,"quality":"OUT_OF_RANGE","raw":279.5,"sigma":1.5,"state":"IDLE","t":"2026-07-16T11:28:23.8102355Z","type":"sample"}
{"channel":"rr","display":56.390977443609025,"mu":0,"quality":"OUT_OF_RANGE","raw":279.6,"sigma":1.5,"state":"IDLE","t":"2026-07-16T11:28:23.8493414Z","type":"sample"}
{"channel":"gsr","display":3756.8,"mu":0,"quality":"OK","raw":3756.8,"sigma":10,"state":"IDLE","t":"2026-07-16T11:28:23.8643962Z","type":"sample"}
{"channel":"rr","display":56.390977443609025,"mu":0,"quality":"OUT_OF_RANGE","raw":280.1,"sigma":1.5,"state":"IDLE","t":"2026-07-16T11:28:23.8900742Z","type":"sample"}
{"channel":"rr","display":56.390977443609025,"mu":0,"quality":"OUT_OF_RANGE","raw":279.5,"sigma":1.5,"state":"IDLE","t":"2026-07-16T11:28:23.9301557Z","type":"sample"}
{"channel":"gsr","display":3758.3,"mu":0,"quality":"OK","raw":3758.3,"sigma":10,"state":"IDLE","t":"2026-07-16T11:28:23.9602613Z","type":"sample"}
{"channel":"hr","display":0,"mu":0,"quality":"OUT_OF_RANGE","raw":0,"sigma":3,"state":"IDLE","t":"2026-07-16T11:28:23.9602613Z","type":"sample"}
{"channel":"rr","display":56.390977443609025,"mu":0,"quality":"OUT_OF_RANGE","raw":279.2,"sigma":1.5,"state":"IDLE","t":"2026-07-16T11:28:23.9701651Z","type":"sample"}
{"channel":"rr","display":56.390977443609025,"mu":0,"quality":"OUT_OF_RANGE","raw":279.1,"sigma":1.5,"state":"IDLE","t":"2026-07-16T11:28:24.0103363Z","type":"sample"}
{"channel":"rr","display":56.390977443609025,"mu":0,"quality":"OUT_OF_RANGE","raw":279.3,"sigma":1.5,"state":"IDLE","t":"2026-07-16T11:28:24.0498911Z","type":"sample"}
{"channel":"gsr","display":3758.5,"mu":0,"quality":"OK","raw":3758.5,"sigma":10,"state":"IDLE","t":"2026-07-16T11:28:24.0602711Z","type":"sample"}
{"channel":"rr","display":56.390977443609025,"mu":0,"quality":"OUT_OF_RANGE","raw":279.8,"sigma":1.5,"state":"IDLE","t":"2026-07-16T11:28:24.0901227Z","type":"sample"}
{"channel":"rr","display":56.390977443609025,"mu":0,"quality":"OUT_OF_RANGE","raw":279,"sigma":1.5,"state":"IDLE","t":"2026-07-16T11:28:24.1298776Z","type":"sample"}
{"channel":"gsr","display":3760.9,"mu":0,"quality":"OK","raw":3760.9,"sigma":10,"state":"IDLE","t":"2026-07-16T11:28:24.1639585Z","type":"sample"}
{"channel":"rr","display":56.390977443609025,"mu":0,"quality":"OUT_OF_RANGE","raw":279.7,"sigma":1.5,"state":"IDLE","t":"2026-07-16T11:28:24.1719017Z","type":"sample"}
{"channel":"rr","display":56.390977443609025,"mu":0,"quality":"OUT_OF_RANGE","raw":280.1,"sigma":1.5,"state":"IDLE","t":"2026-07-16T11:28:24.2092955Z","type":"sample"}
{"channel":"rr","display":56.390977443609025,"mu":0,"quality":"OUT_OF_RANGE","raw":279.5,"sigma":1.5,"state":"IDLE","t":"2026-07-16T11:28:24.2500908Z","type":"sample"}
{"channel":"gsr","display":3756.9,"mu":0,"quality":"OK","raw":3756.9,"sigma":10,"state":"IDLE","t":"2026-07-16T11:28:24.2603408Z","type":"sample"}
{"channel":"rr","display":56.390977443609025,"mu":0,"quality":"OUT_OF_RANGE","raw":279.8,"sigma":1.5,"state":"IDLE","t":"2026-07-16T11:28:24.2892732Z","type":"sample"}
{"channel":"rr","display":56.390977443609025,"mu":0,"quality":"OUT_OF_RANGE","raw":279.2,"sigma":1.5,"state":"IDLE","t":"2026-07-16T11:28:24.3302632Z","type":"sample"}
{"channel":"gsr","display":3758.7,"mu":0,"quality":"OK","raw":3758.7,"sigma":10,"state":"IDLE","t":"2026-07-16T11:28:24.360609Z","type":"sample"}
{"channel":"rr","display":56.390977443609025,"mu":0,"quality":"OUT_OF_RANGE","raw":280.2,"sigma":1.5,"state":"IDLE","t":"2026-07-16T11:28:24.3703339Z","type":"sample"}
{"channel":"rr","display":56.390977443609025,"mu":0,"quality":"OUT_OF_RANGE","raw":280.4,"sigma":1.5,"state":"IDLE","t":"2026-07-16T11:28:24.4101294Z","type":"sample"}
{"channel":"rr","display":56.390977443609025,"mu":0,"quality":"OUT_OF_RANGE","raw":279.4,"sigma":1.5,"state":"IDLE","t":"2026-07-16T11:28:24.4500623Z","type":"sample"}
{"channel":"gsr","display":3758.8,"mu":0,"quality":"OK","raw":3758.8,"sigma":10,"state":"IDLE","t":"2026-07-16T11:28:24.46391Z","type":"sample"}
{"channel":"hr","display":0,"mu":0,"quality":"OUT_OF_RANGE","raw":0,"sigma":3,"state":"IDLE","t":"2026-07-16T11:28:24.4650562Z","type":"sample"}
{"channel":"rr","display":56.390977443609025,"mu":0,"quality":"OUT_OF_RANGE","raw":279.5,"sigma":1.5,"state":"IDLE","t":"2026-07-16T11:28:24.4899619Z","type":"sample"}
{"address":"/cue/g1/start","args":null,"channel":"system","dir":"out","t":"2026-07-16T11:28:24.5257066Z","type":"osc"}
{"channel":"rr","display":56.390977443609025,"mu":0,"quality":"OUT_OF_RANGE","raw":279.3,"sigma":1.5,"state":"IDLE","t":"2026-07-16T11:28:24.5301962Z","type":"sample"}
{"channel":"gsr","display":3759.9,"mu":0,"quality":"OK","raw":3759.9,"sigma":10,"state":"IDLE","t":"2026-07-16T11:28:24.5600454Z","type":"sample"}
{"channel":"rr","display":56.390977443609025,"mu":0,"quality":"OUT_OF_RANGE","raw":280.3,"sigma":1.5,"state":"IDLE","t":"2026-07-16T11:28:24.5699266Z","type":"sample"}
{"channel":"rr","display":56.390977443609025,"mu":0,"quality":"OUT_OF_RANGE","raw":280.2,"sigma":1.5,"state":"IDLE","t":"2026-07-16T11:28:24.6093627Z","type":"sample"}
{"channel":"rr","display":56.390977443609025,"mu":0,"quality":"OUT_OF_RANGE","raw":279.9,"sigma":1.5,"state":"IDLE","t":"2026-07-16T11:28:24.6507917Z","type":"sample"}
{"channel":"gsr","display":3760,"mu":0,"quality":"OK","raw":3760,"sigma":10,"state":"IDLE","t":"2026-07-16T11:28:24.6630333Z","type":"sample"}
{"address":"/cue/p/start","args":null,"channel":"system","dir":"out","t":"2026-07-16T11:28:24.6816996Z","type":"osc"}
{"channel":"rr","display":56.390977443609025,"mu":0,"quality":"OUT_OF_RANGE","raw":280.1,"sigma":1.5,"state":"IDLE","t":"2026-07-16T11:28:24.6899997Z","type":"sample"}
{"channel":"rr","display":56.390977443609025,"mu":0,"quality":"OUT_OF_RANGE","raw":279.9,"sigma":1.5,"state":"IDLE","t":"2026-07-16T11:28:24.7302488Z","type":"sample"}
{"channel":"gsr","display":3764.2,"mu":0,"quality":"OK","raw":3764.2,"sigma":10,"state":"IDLE","t":"2026-07-16T11:28:24.7607989Z","type":"sample"}
{"channel":"rr","display":56.390977443609025,"mu":0,"quality":"OUT_OF_RANGE","raw":279.8,"sigma":1.5,"state":"IDLE","t":"2026-07-16T11:28:24.7705054Z","type":"sample"}
{"channel":"rr","display":56.390977443609025,"mu":0,"quality":"OUT_OF_RANGE","raw":279.6,"sigma":1.5,"state":"IDLE","t":"2026-07-16T11:28:24.8102703Z","type":"sample"}
{"channel":"rr","display":56.390977443609025,"mu":0,"quality":"OUT_OF_RANGE","raw":279.7,"sigma":1.5,"state":"IDLE","t":"2026-07-16T11:28:24.8500586Z","type":"sample"}
{"channel":"gsr","display":3764,"mu":0,"quality":"OK","raw":3764,"sigma":10,"state":"IDLE","t":"2026-07-16T11:28:24.8637344Z","type":"sample"}
{"channel":"rr","display":56.390977443609025,"mu":0,"quality":"OUT_OF_RANGE","raw":278.8,"sigma":1.5,"state":"IDLE","t":"2026-07-16T11:28:24.8906899Z","type":"sample"}
{"channel":"rr","display":56.390977443609025,"mu":0,"quality":"OUT_OF_RANGE","raw":279.7,"sigma":1.5,"state":"IDLE","t":"2026-07-16T11:28:24.9303392Z","type":"sample"}
{"channel":"gsr","display":3767.2,"mu":0,"quality":"OK","raw":3767.2,"sigma":10,"state":"IDLE","t":"2026-07-16T11:28:24.9643726Z","type":"sample"}
{"channel":"hr","display":0,"mu":0,"quality":"OUT_OF_RANGE","raw":0,"sigma":3,"state":"IDLE","t":"2026-07-16T11:28:24.9649663Z","type":"sample"}
{"channel":"rr","display":56.390977443609025,"mu":0,"quality":"OUT_OF_RANGE","raw":279.5,"sigma":1.5,"state":"IDLE","t":"2026-07-16T11:28:24.9700624Z","type":"sample"}
{"channel":"rr","display":56.390977443609025,"mu":0,"quality":"OUT_OF_RANGE","raw":279.3,"sigma":1.5,"state":"IDLE","t":"2026-07-16T11:28:25.0098955Z","type":"sample"}
{"channel":"rr","display":56.390977443609025,"mu":0,"quality":"OUT_OF_RANGE","raw":279.2,"sigma":1.5,"state":"IDLE","t":"2026-07-16T11:28:25.0502Z","type":"sample"}
{"channel":"gsr","display":3767.7,"mu":0,"quality":"OK","raw":3767.7,"sigma":10,"state":"IDLE","t":"2026-07-16T11:28:25.0602894Z","type":"sample"}
{"channel":"rr","display":56.390977443609025,"mu":0,"quality":"OUT_OF_RANGE","raw":279.4,"sigma":1.5,"state":"IDLE","t":"2026-07-16T11:28:25.0901212Z","type":"sample"}
{"channel":"rr","display":56.390977443609025,"mu":0,"quality":"OUT_OF_RANGE","raw":279.2,"sigma":1.5,"state":"IDLE","t":"2026-07-16T11:28:25.1300502Z","type":"sample"}
{"channel":"gsr","display":3766.2,"mu":0,"quality":"OK","raw":3766.2,"sigma":10,"state":"IDLE","t":"2026-07-16T11:28:25.1639288Z","type":"sample"}
{"channel":"rr","display":56.390977443609025,"mu":0,"quality":"OUT_OF_RANGE","raw":279.6,"sigma":1.5,"state":"IDLE","t":"2026-07-16T11:28:25.1699329Z","type":"sample"}
{"channel":"rr","display":56.390977443609025,"mu":0,"quality":"OUT_OF_RANGE","raw":279.4,"sigma":1.5,"state":"IDLE","t":"2026-07-16T11:28:25.2102062Z","type":"sample"}
{"channel":"rr","display":58.59375,"mu":0,"quality":"OUT_OF_RANGE","raw":279.8,"sigma":1.5,"state":"IDLE","t":"2026-07-16T11:28:25.250114Z","type":"sample"}
{"channel":"gsr","display":3766.5,"mu":0,"quality":"OK","raw":3766.5,"sigma":10,"state":"IDLE","t":"2026-07-16T11:28:25.26197Z","type":"sample"}
{"channel":"rr","display":58.59375,"mu":0,"quality":"OUT_OF_RANGE","raw":280,"sigma":1.5,"state":"IDLE","t":"2026-07-16T11:28:25.2898997Z","type":"sample"}
{"channel":"rr","display":58.59375,"mu":0,"quality":"OUT_OF_RANGE","raw":279.8,"sigma":1.5,"state":"IDLE","t":"2026-07-16T11:28:25.3302135Z","type":"sample"}
{"channel":"gsr","display":3771.1,"mu":0,"quality":"OK","raw":3771.1,"sigma":10,"state":"IDLE","t":"2026-07-16T11:28:25.3603117Z","type":"sample"}
{"channel":"rr","display":58.59375,"mu":0,"quality":"OUT_OF_RANGE","raw":279.8,"sigma":1.5,"state":"IDLE","t":"2026-07-16T11:28:25.3699575Z","type":"sample"}
{"channel":"rr","display":58.59375,"mu":0,"quality":"OUT_OF_RANGE","raw":279.8,"sigma":1.5,"state":"IDLE","t":"2026-07-16T11:28:25.4102817Z","type":"sample"}
{"channel":"rr","display":58.59375,"mu":0,"quality":"OUT_OF_RANGE","raw":279.8,"sigma":1.5,"state":"IDLE","t":"2026-07-16T11:28:25.450237Z","type":"sample"}
{"channel":"gsr","display":3771.3,"mu":0,"quality":"OK","raw":3771.3,"sigma":10,"state":"IDLE","t":"2026-07-16T11:28:25.4639404Z","type":"sample"}
{"channel":"hr","display":0,"mu":0,"quality":"OUT_OF_RANGE","raw":0,"sigma":3,"state":"IDLE","t":"2026-07-16T11:28:25.465138Z","type":"sample"}
{"channel":"rr","display":58.59375,"mu":0,"quality":"OUT_OF_RANGE","raw":280.2,"sigma":1.5,"state":"IDLE","t":"2026-07-16T11:28:25.490285Z","type":"sample"}
{"channel":"rr","display":58.59375,"mu":0,"quality":"OUT_OF_RANGE","raw":278.2,"sigma":1.5,"state":"IDLE","t":"2026-07-16T11:28:25.5293517Z","type":"sample"}
{"address":"/cue/g1/start","args":null,"channel":"system","dir":"out","t":"2026-07-16T11:28:25.5340114Z","type":"osc"}
{"channel":"gsr","display":3770.5,"mu":0,"quality":"OK","raw":3770.5,"sigma":10,"state":"IDLE","t":"2026-07-16T11:28:25.5603506Z","type":"sample"}
{"channel":"rr","display":58.59375,"mu":0,"quality":"OUT_OF_RANGE","raw":279.7,"sigma":1.5,"state":"IDLE","t":"2026-07-16T11:28:25.5698479Z","type":"sample"}
{"channel":"rr","display":58.59375,"mu":0,"quality":"OUT_OF_RANGE","raw":279.6,"sigma":1.5,"state":"IDLE","t":"2026-07-16T11:28:25.6092984Z","type":"sample"}
{"channel":"rr","display":58.59375,"mu":0,"quality":"OUT_OF_RANGE","raw":279.8,"sigma":1.5,"state":"IDLE","t":"2026-07-16T11:28:25.6500463Z","type":"sample"}
{"channel":"gsr","display":3774.8,"mu":0,"quality":"OK","raw":3774.8,"sigma":10,"state":"IDLE","t":"2026-07-16T11:28:25.6620962Z","type":"sample"}
{"address":"/cue/p/start","args":null,"channel":"system","dir":"out","t":"2026-07-16T11:28:25.6812088Z","type":"osc"}
{"channel":"rr","display":58.59375,"mu":0,"quality":"OUT_OF_RANGE","raw":279.8,"sigma":1.5,"state":"IDLE","t":"2026-07-16T11:28:25.6902036Z","type":"sample"}
{"channel":"rr","display":58.59375,"mu":0,"quality":"OUT_OF_RANGE","raw":280.1,"sigma":1.5,"state":"IDLE","t":"2026-07-16T11:28:25.7298773Z","type":"sample"}
{"channel":"gsr","display":3773.5,"mu":0,"quality":"OK","raw":3773.5,"sigma":10,"state":"IDLE","t":"2026-07-16T11:28:25.7608471Z","type":"sample"}
{"channel":"rr","display":58.59375,"mu":0,"quality":"OUT_OF_RANGE","raw":279.3,"sigma":1.5,"state":"IDLE","t":"2026-07-16T11:28:25.7701455Z","type":"sample"}
{"channel":"rr","display":58.59375,"mu":0,"quality":"OUT_OF_RANGE","raw":280.6,"sigma":1.5,"state":"IDLE","t":"2026-07-16T11:28:25.8101567Z","type":"sample"}
{"channel":"rr","display":58.59375,"mu":0,"quality":"OUT_OF_RANGE","raw":279.8,"sigma":1.5,"state":"IDLE","t":"2026-07-16T11:28:25.8498389Z","type":"sample"}
{"channel":"gsr","display":3777.4,"mu":0,"quality":"OK","raw":3777.4,"sigma":10,"state":"IDLE","t":"2026-07-16T11:28:25.8638713Z","type":"sample"}
{"channel":"rr","display":58.59375,"mu":0,"quality":"OUT_OF_RANGE","raw":280.2,"sigma":1.5,"state":"IDLE","t":"2026-07-16T11:28:25.8898781Z","type":"sample"}
{"channel":"rr","display":58.59375,"mu":0,"quality":"OUT_OF_RANGE","raw":279.1,"sigma":1.5,"state":"IDLE","t":"2026-07-16T11:28:25.9302856Z","type":"sample"}
{"channel":"gsr","display":3778,"mu":0,"quality":"OK","raw":3778,"sigma":10,"state":"IDLE","t":"2026-07-16T11:28:25.9638502Z","type":"sample"}
{"channel":"hr","display":0,"mu":0,"quality":"OUT_OF_RANGE","raw":0,"sigma":3,"state":"IDLE","t":"2026-07-16T11:28:25.9648603Z","type":"sample"}
{"channel":"rr","display":58.59375,"mu":0,"quality":"OUT_OF_RANGE","raw":279.3,"sigma":1.5,"state":"IDLE","t":"2026-07-16T11:28:25.9700961Z","type":"sample"}
{"channel":"rr","display":58.59375,"mu":0,"quality":"OUT_OF_RANGE","raw":279.7,"sigma":1.5,"state":"IDLE","t":"2026-07-16T11:28:26.0102243Z","type":"sample"}
{"channel":"rr","display":58.59375,"mu":0,"quality":"OUT_OF_RANGE","raw":279.9,"sigma":1.5,"state":"IDLE","t":"2026-07-16T11:28:26.0499576Z","type":"sample"}
{"channel":"gsr","display":3778.2,"mu":0,"quality":"OK","raw":3778.2,"sigma":10,"state":"IDLE","t":"2026-07-16T11:28:26.0642125Z","type":"sample"}
{"channel":"rr","display":58.59375,"mu":0,"quality":"OUT_OF_RANGE","raw":279.9,"sigma":1.5,"state":"IDLE","t":"2026-07-16T11:28:26.0902224Z","type":"sample"}
{"channel":"rr","display":58.59375,"mu":0,"quality":"OUT_OF_RANGE","raw":279.8,"sigma":1.5,"state":"IDLE","t":"2026-07-16T11:28:26.1301608Z","type":"sample"}
{"channel":"gsr","display":3780.3,"mu":0,"quality":"OK","raw":3780.3,"sigma":10,"state":"IDLE","t":"2026-07-16T11:28:26.1600712Z","type":"sample"}
{"channel":"rr","display":58.59375,"mu":0,"quality":"OUT_OF_RANGE","raw":279.9,"sigma":1.5,"state":"IDLE","t":"2026-07-16T11:28:26.1698918Z","type":"sample"}
{"channel":"rr","display":58.59375,"mu":0,"quality":"OUT_OF_RANGE","raw":279.8,"sigma":1.5,"state":"IDLE","t":"2026-07-16T11:28:26.2099666Z","type":"sample"}
{"channel":"rr","display":58.59375,"mu":0,"quality":"OUT_OF_RANGE","raw":279.8,"sigma":1.5,"state":"IDLE","t":"2026-07-16T11:28:26.2500992Z","type":"sample"}
{"channel":"gsr","display":3781.2,"mu":0,"quality":"OK","raw":3781.2,"sigma":10,"state":"IDLE","t":"2026-07-16T11:28:26.2603174Z","type":"sample"}
{"channel":"rr","display":58.59375,"mu":0,"quality":"OUT_OF_RANGE","raw":279.2,"sigma":1.5,"state":"IDLE","t":"2026-07-16T11:28:26.2901718Z","type":"sample"}
{"channel":"rr","display":58.13953488372093,"mu":0,"quality":"OUT_OF_RANGE","raw":279.9,"sigma":1.5,"state":"IDLE","t":"2026-07-16T11:28:26.330355Z","type":"sample"}
{"channel":"gsr","display":3789.1,"mu":0,"quality":"OK","raw":3789.1,"sigma":10,"state":"IDLE","t":"2026-07-16T11:28:26.3642905Z","type":"sample"}
{"channel":"rr","display":58.13953488372093,"mu":0,"quality":"OUT_OF_RANGE","raw":279.4,"sigma":1.5,"state":"IDLE","t":"2026-07-16T11:28:26.3698675Z","type":"sample"}
{"channel":"rr","display":58.13953488372093,"mu":0,"quality":"OUT_OF_RANGE","raw":279.9,"sigma":1.5,"state":"IDLE","t":"2026-07-16T11:28:26.4100784Z","type":"sample"}
{"channel":"rr","display":58.13953488372093,"mu":0,"quality":"OUT_OF_RANGE","raw":280.3,"sigma":1.5,"state":"IDLE","t":"2026-07-16T11:28:26.4499104Z","type":"sample"}
{"channel":"gsr","display":3785.6,"mu":0,"quality":"OK","raw":3785.6,"sigma":10,"state":"IDLE","t":"2026-07-16T11:28:26.4632869Z","type":"sample"}
{"channel":"hr","display":0,"mu":0,"quality":"OUT_OF_RANGE","raw":0,"sigma":3,"state":"IDLE","t":"2026-07-16T11:28:26.4647954Z","type":"sample"}
{"channel":"rr","display":58.13953488372093,"mu":0,"quality":"OUT_OF_RANGE","raw":279.9,"sigma":1.5,"state":"IDLE","t":"2026-07-16T11:28:26.490243Z","type":"sample"}
{"channel":"rr","display":58.13953488372093,"mu":0,"quality":"OUT_OF_RANGE","raw":280.4,"sigma":1.5,"state":"IDLE","t":"2026-07-16T11:28:26.5299957Z","type":"sample"}
{"address":"/cue/g1/start","args":null,"channel":"system","dir":"out","t":"2026-07-16T11:28:26.5415046Z","type":"osc"}
{"channel":"gsr","display":3785.8,"mu":0,"quality":"OK","raw":3785.8,"sigma":10,"state":"IDLE","t":"2026-07-16T11:28:26.5613618Z","type":"sample"}
{"channel":"rr","display":58.13953488372093,"mu":0,"quality":"OUT_OF_RANGE","raw":279.8,"sigma":1.5,"state":"IDLE","t":"2026-07-16T11:28:26.5704085Z","type":"sample"}
{"channel":"rr","display":58.13953488372093,"mu":0,"quality":"OUT_OF_RANGE","raw":280.1,"sigma":1.5,"state":"IDLE","t":"2026-07-16T11:28:26.6102237Z","type":"sample"}
{"channel":"rr","display":58.13953488372093,"mu":0,"quality":"OUT_OF_RANGE","raw":280.1,"sigma":1.5,"state":"IDLE","t":"2026-07-16T11:28:26.6509356Z","type":"sample"}
{"channel":"gsr","display":3788.6,"mu":0,"quality":"OK","raw":3788.6,"sigma":10,"state":"IDLE","t":"2026-07-16T11:28:26.6606073Z","type":"sample"}
{"address":"/cue/p/start","args":null,"channel":"system","dir":"out","t":"2026-07-16T11:28:26.682929Z","type":"osc"}
{"channel":"rr","display":58.13953488372093,"mu":0,"quality":"OUT_OF_RANGE","raw":279.5,"sigma":1.5,"state":"IDLE","t":"2026-07-16T11:28:26.690211Z","type":"sample"}
{"channel":"rr","display":58.13953488372093,"mu":0,"quality":"OUT_OF_RANGE","raw":279.9,"sigma":1.5,"state":"IDLE","t":"2026-07-16T11:28:26.730165Z","type":"sample"}
{"channel":"gsr","display":3778.8,"mu":0,"quality":"OK","raw":3778.8,"sigma":10,"state":"IDLE","t":"2026-07-16T11:28:26.7639043Z","type":"sample"}
{"channel":"rr","display":58.13953488372093,"mu":0,"quality":"OUT_OF_RANGE","raw":279.8,"sigma":1.5,"state":"IDLE","t":"2026-07-16T11:28:26.7699537Z","type":"sample"}
{"channel":"rr","display":58.13953488372093,"mu":0,"quality":"OUT_OF_RANGE","raw":279.6,"sigma":1.5,"state":"IDLE","t":"2026-07-16T11:28:26.8102019Z","type":"sample"}
{"channel":"rr","display":58.13953488372093,"mu":0,"quality":"OUT_OF_RANGE","raw":279.4,"sigma":1.5,"state":"IDLE","t":"2026-07-16T11:28:26.8498405Z","type":"sample"}
{"channel":"gsr","display":3787.5,"mu":0,"quality":"OK","raw":3787.5,"sigma":10,"state":"IDLE","t":"2026-07-16T11:28:26.8634911Z","type":"sample"}
{"channel":"rr","display":58.13953488372093,"mu":0,"quality":"OUT_OF_RANGE","raw":279.3,"sigma":1.5,"state":"IDLE","t":"2026-07-16T11:28:26.8902468Z","type":"sample"}
{"channel":"rr","display":58.13953488372093,"mu":0,"quality":"OUT_OF_RANGE","raw":278.8,"sigma":1.5,"state":"IDLE","t":"2026-07-16T11:28:26.9293483Z","type":"sample"}
{"channel":"gsr","display":3793,"mu":0,"quality":"OK","raw":3793,"sigma":10,"state":"IDLE","t":"2026-07-16T11:28:26.9634478Z","type":"sample"}
{"channel":"hr","display":0,"mu":0,"quality":"OUT_OF_RANGE","raw":0,"sigma":3,"state":"IDLE","t":"2026-07-16T11:28:26.9649607Z","type":"sample"}
{"channel":"rr","display":58.13953488372093,"mu":0,"quality":"OUT_OF_RANGE","raw":280.1,"sigma":1.5,"state":"IDLE","t":"2026-07-16T11:28:26.9704526Z","type":"sample"}
{"channel":"rr","display":58.13953488372093,"mu":0,"quality":"OUT_OF_RANGE","raw":279.8,"sigma":1.5,"state":"IDLE","t":"2026-07-16T11:28:27.010122Z","type":"sample"}
{"channel":"rr","display":58.13953488372093,"mu":0,"quality":"OUT_OF_RANGE","raw":278.8,"sigma":1.5,"state":"IDLE","t":"2026-07-16T11:28:27.0502343Z","type":"sample"}
{"channel":"gsr","display":3792.9,"mu":0,"quality":"OK","raw":3792.9,"sigma":10,"state":"IDLE","t":"2026-07-16T11:28:27.0611949Z","type":"sample"}
{"channel":"rr","display":58.13953488372093,"mu":0,"quality":"OUT_OF_RANGE","raw":279.2,"sigma":1.5,"state":"IDLE","t":"2026-07-16T11:28:27.0907606Z","type":"sample"}
{"channel":"rr","display":58.13953488372093,"mu":0,"quality":"OUT_OF_RANGE","raw":279.5,"sigma":1.5,"state":"IDLE","t":"2026-07-16T11:28:27.129923Z","type":"sample"}
{"channel":"gsr","display":3790.6,"mu":0,"quality":"OK","raw":3790.6,"sigma":10,"state":"IDLE","t":"2026-07-16T11:28:27.1614361Z","type":"sample"}
{"channel":"rr","display":58.13953488372093,"mu":0,"quality":"OUT_OF_RANGE","raw":279.7,"sigma":1.5,"state":"IDLE","t":"2026-07-16T11:28:27.1703652Z","type":"sample"}
{"channel":"rr","display":58.13953488372093,"mu":0,"quality":"OUT_OF_RANGE","raw":279.9,"sigma":1.5,"state":"IDLE","t":"2026-07-16T11:28:27.2092798Z","type":"sample"}
{"channel":"rr","display":58.13953488372093,"mu":0,"quality":"OUT_OF_RANGE","raw":279.2,"sigma":1.5,"state":"IDLE","t":"2026-07-16T11:28:27.2503387Z","type":"sample"}
{"channel":"gsr","display":3792.3,"mu":0,"quality":"OK","raw":3792.3,"sigma":10,"state":"IDLE","t":"2026-07-16T11:28:27.2640699Z","type":"sample"}
{"channel":"rr","display":58.13953488372093,"mu":0,"quality":"OUT_OF_RANGE","raw":279.9,"sigma":1.5,"state":"IDLE","t":"2026-07-16T11:28:27.2900348Z","type":"sample"}
{"channel":"rr","display":58.13953488372093,"mu":0,"quality":"OUT_OF_RANGE","raw":279.1,"sigma":1.5,"state":"IDLE","t":"2026-07-16T11:28:27.3292751Z","type":"sample"}
{"channel":"gsr","display":3794,"mu":0,"quality":"OK","raw":3794,"sigma":10,"state":"IDLE","t":"2026-07-16T11:28:27.3618343Z","type":"sample"}
{"channel":"rr","display":57.69230769230769,"mu":0,"quality":"OUT_OF_RANGE","raw":279.8,"sigma":1.5,"state":"IDLE","t":"2026-07-16T11:28:27.3693644Z","type":"sample"}
{"channel":"rr","display":57.69230769230769,"mu":0,"quality":"OUT_OF_RANGE","raw":280.1,"sigma":1.5,"state":"IDLE","t":"2026-07-16T11:28:27.4098852Z","type":"sample"}
{"channel":"rr","display":57.69230769230769,"mu":0,"quality":"OUT_OF_RANGE","raw":280.2,"sigma":1.5,"state":"IDLE","t":"2026-07-16T11:28:27.4504431Z","type":"sample"}
{"channel":"gsr","display":3798,"mu":0,"quality":"OK","raw":3798,"sigma":10,"state":"IDLE","t":"2026-07-16T11:28:27.4621281Z","type":"sample"}
{"channel":"hr","display":0,"mu":0,"quality":"OUT_OF_RANGE","raw":0,"sigma":3,"state":"IDLE","t":"2026-07-16T11:28:27.4649852Z","type":"sample"}
{"channel":"rr","display":57.69230769230769,"mu":0,"quality":"OUT_OF_RANGE","raw":279.9,"sigma":1.5,"state":"IDLE","t":"2026-07-16T11:28:27.4902787Z","type":"sample"}
{"channel":"rr","display":57.69230769230769,"mu":0,"quality":"OUT_OF_RANGE","raw":279.9,"sigma":1.5,"state":"IDLE","t":"2026-07-16T11:28:27.5293553Z","type":"sample"}
{"address":"/cue/g1/start","args":null,"channel":"system","dir":"out","t":"2026-07-16T11:28:27.5454271Z","type":"osc"}
{"channel":"gsr","display":3798.5,"mu":0,"quality":"OK","raw":3798.5,"sigma":10,"state":"IDLE","t":"2026-07-16T11:28:27.5605987Z","type":"sample"}
{"channel":"rr","display":57.69230769230769,"mu":0,"quality":"OUT_OF_RANGE","raw":279.4,"sigma":1.5,"state":"IDLE","t":"2026-07-16T11:28:27.5699788Z","type":"sample"}
{"channel":"rr","display":57.69230769230769,"mu":0,"quality":"OUT_OF_RANGE","raw":279.5,"sigma":1.5,"state":"IDLE","t":"2026-07-16T11:28:27.6099843Z","type":"sample"}
{"channel":"rr","display":57.69230769230769,"mu":0,"quality":"OUT_OF_RANGE","raw":279.6,"sigma":1.5,"state":"IDLE","t":"2026-07-16T11:28:27.6457271Z","type":"sample"}
{"channel":"gsr","display":3799.2,"mu":0,"quality":"OK","raw":3799.2,"sigma":10,"state":"IDLE","t":"2026-07-16T11:28:27.6602309Z","type":"sample"}
{"address":"/cue/p/start","args":null,"channel":"system","dir":"out","t":"2026-07-16T11:28:27.6810686Z","type":"osc"}
{"channel":"rr","display":57.69230769230769,"mu":0,"quality":"OUT_OF_RANGE","raw":279.8,"sigma":1.5,"state":"IDLE","t":"2026-07-16T11:28:27.6893271Z","type":"sample"}
{"channel":"rr","display":57.69230769230769,"mu":0,"quality":"OUT_OF_RANGE","raw":279.2,"sigma":1.5,"state":"IDLE","t":"2026-07-16T11:28:27.7292777Z","type":"sample"}
{"channel":"gsr","display":3800.8,"mu":0,"quality":"OK","raw":3800.8,"sigma":10,"state":"IDLE","t":"2026-07-16T11:28:27.7644519Z","type":"sample"}
{"channel":"rr","display":57.69230769230769,"mu":0,"quality":"OUT_OF_RANGE","raw":280.2,"sigma":1.5,"state":"IDLE","t":"2026-07-16T11:28:27.7699365Z","type":"sample"}
{"channel":"rr","display":57.69230769230769,"mu":0,"quality":"OUT_OF_RANGE","raw":279.6,"sigma":1.5,"state":"IDLE","t":"2026-07-16T11:28:27.810185Z","type":"sample"}
{"channel":"rr","display":57.69230769230769,"mu":0,"quality":"OUT_OF_RANGE","raw":280.1,"sigma":1.5,"state":"IDLE","t":"2026-07-16T11:28:27.8497813Z","type":"sample"}
{"channel":"gsr","display":3802.5,"mu":0,"quality":"OK","raw":3802.5,"sigma":10,"state":"IDLE","t":"2026-07-16T11:28:27.8643164Z","type":"sample"}
{"channel":"rr","display":57.69230769230769,"mu":0,"quality":"OUT_OF_RANGE","raw":279.7,"sigma":1.5,"state":"IDLE","t":"2026-07-16T11:28:27.890237Z","type":"sample"}
{"channel":"rr","display":57.69230769230769,"mu":0,"quality":"OUT_OF_RANGE","raw":279.8,"sigma":1.5,"state":"IDLE","t":"2026-07-16T11:28:27.9298409Z","type":"sample"}
{"channel":"gsr","display":3802.7,"mu":0,"quality":"OK","raw":3802.7,"sigma":10,"state":"IDLE","t":"2026-07-16T11:28:27.9603305Z","type":"sample"}
{"channel":"hr","display":0,"mu":0,"quality":"OUT_OF_RANGE","raw":0,"sigma":3,"state":"IDLE","t":"2026-07-16T11:28:27.9653302Z","type":"sample"}
{"channel":"rr","display":57.69230769230769,"mu":0,"quality":"OUT_OF_RANGE","raw":279.5,"sigma":1.5,"state":"IDLE","t":"2026-07-16T11:28:27.9699807Z","type":"sample"}
{"channel":"rr","display":57.69230769230769,"mu":0,"quality":"OUT_OF_RANGE","raw":279.9,"sigma":1.5,"state":"IDLE","t":"2026-07-16T11:28:28.0101855Z","type":"sample"}
{"channel":"rr","display":57.69230769230769,"mu":0,"quality":"OUT_OF_RANGE","raw":280.1,"sigma":1.5,"state":"IDLE","t":"2026-07-16T11:28:28.0502192Z","type":"sample"}
{"channel":"gsr","display":3800.5,"mu":0,"quality":"OK","raw":3800.5,"sigma":10,"state":"IDLE","t":"2026-07-16T11:28:28.0637928Z","type":"sample"}
{"channel":"rr","display":57.69230769230769,"mu":0,"quality":"OUT_OF_RANGE","raw":279.3,"sigma":1.5,"state":"IDLE","t":"2026-07-16T11:28:28.0901544Z","type":"sample"}
{"channel":"rr","display":57.69230769230769,"mu":0,"quality":"OUT_OF_RANGE","raw":278.8,"sigma":1.5,"state":"IDLE","t":"2026-07-16T11:28:28.1300474Z","type":"sample"}
{"channel":"gsr","display":3804.3,"mu":0,"quality":"OK","raw":3804.3,"sigma":10,"state":"IDLE","t":"2026-07-16T11:28:28.1613283Z","type":"sample"}
{"channel":"rr","display":57.69230769230769,"mu":0,"quality":"OUT_OF_RANGE","raw":279.9,"sigma":1.5,"state":"IDLE","t":"2026-07-16T11:28:28.1702066Z","type":"sample"}
{"channel":"rr","display":57.69230769230769,"mu":0,"quality":"OUT_OF_RANGE","raw":280.9,"sigma":1.5,"state":"IDLE","t":"2026-07-16T11:28:28.2099317Z","type":"sample"}
{"channel":"rr","display":57.69230769230769,"mu":0,"quality":"OUT_OF_RANGE","raw":279.6,"sigma":1.5,"state":"IDLE","t":"2026-07-16T11:28:28.2496341Z","type":"sample"}
{"channel":"gsr","display":3802.8,"mu":0,"quality":"OK","raw":3802.8,"sigma":10,"state":"IDLE","t":"2026-07-16T11:28:28.2634943Z","type":"sample"}
{"channel":"rr","display":57.69230769230769,"mu":0,"quality":"OUT_OF_RANGE","raw":279.7,"sigma":1.5,"state":"IDLE","t":"2026-07-16T11:28:28.2900048Z","type":"sample"}
{"channel":"rr","display":57.69230769230769,"mu":0,"quality":"OUT_OF_RANGE","raw":279.6,"sigma":1.5,"state":"IDLE","t":"2026-07-16T11:28:28.3300538Z","type":"sample"}
{"channel":"gsr","display":3802.9,"mu":0,"quality":"OK","raw":3802.9,"sigma":10,"state":"IDLE","t":"2026-07-16T11:28:28.3639953Z","type":"sample"}
{"channel":"rr","display":57.69230769230769,"mu":0,"quality":"OUT_OF_RANGE","raw":279.7,"sigma":1.5,"state":"IDLE","t":"2026-07-16T11:28:28.3702369Z","type":"sample"}
{"channel":"rr","display":57.69230769230769,"mu":0,"quality":"OUT_OF_RANGE","raw":280.2,"sigma":1.5,"state":"IDLE","t":"2026-07-16T11:28:28.4092888Z","type":"sample"}
{"channel":"rr","display":57.69230769230769,"mu":0,"quality":"OUT_OF_RANGE","raw":280.2,"sigma":1.5,"state":"IDLE","t":"2026-07-16T11:28:28.4502053Z","type":"sample"}
{"channel":"gsr","display":3802.4,"mu":0,"quality":"OK","raw":3802.4,"sigma":10,"state":"IDLE","t":"2026-07-16T11:28:28.4602665Z","type":"sample"}
{"channel":"hr","display":0,"mu":0,"quality":"OUT_OF_RANGE","raw":0,"sigma":3,"state":"IDLE","t":"2026-07-16T11:28:28.4648998Z","type":"sample"}
{"channel":"rr","display":57.69230769230769,"mu":0,"quality":"OUT_OF_RANGE","raw":279.5,"sigma":1.5,"state":"IDLE","t":"2026-07-16T11:28:28.4901287Z","type":"sample"}
{"channel":"rr","display":57.69230769230769,"mu":0,"quality":"OUT_OF_RANGE","raw":279.5,"sigma":1.5,"state":"IDLE","t":"2026-07-16T11:28:28.5292407Z","type":"sample"}
{"address":"/cue/g1/start","args":null,"channel":"system","dir":"out","t":"2026-07-16T11:28:28.5501172Z","type":"osc"}
{"channel":"gsr","display":3803.4,"mu":0,"quality":"OK","raw":3803.4,"sigma":10,"state":"IDLE","t":"2026-07-16T11:28:28.5611262Z","type":"sample"}
{"channel":"rr","display":57.69230769230769,"mu":0,"quality":"OUT_OF_RANGE","raw":279.7,"sigma":1.5,"state":"IDLE","t":"2026-07-16T11:28:28.5703105Z","type":"sample"}
{"channel":"rr","display":57.69230769230769,"mu":0,"quality":"OUT_OF_RANGE","raw":279.9,"sigma":1.5,"state":"IDLE","t":"2026-07-16T11:28:28.6093597Z","type":"sample"}
{"channel":"rr","display":57.69230769230769,"mu":0,"quality":"OUT_OF_RANGE","raw":278.6,"sigma":1.5,"state":"IDLE","t":"2026-07-16T11:28:28.6501921Z","type":"sample"}
{"channel":"gsr","display":3804.6,"mu":0,"quality":"OK","raw":3804.6,"sigma":10,"state":"IDLE","t":"2026-07-16T11:28:28.6609875Z","type":"sample"}
{"address":"/cue/p/start","args":null,"channel":"system","dir":"out","t":"2026-07-16T11:28:28.6810389Z","type":"osc"}
{"channel":"rr","display":57.69230769230769,"mu":0,"quality":"OUT_OF_RANGE","raw":280.2,"sigma":1.5,"state":"IDLE","t":"2026-07-16T11:28:28.6893584Z","type":"sample"}
{"channel":"rr","display":57.69230769230769,"mu":0,"quality":"OUT_OF_RANGE","raw":279.7,"sigma":1.5,"state":"IDLE","t":"2026-07-16T11:28:28.7300738Z","type":"sample"}
{"channel":"gsr","display":3806.2,"mu":0,"quality":"OK","raw":3806.2,"sigma":10,"state":"IDLE","t":"2026-07-16T11:28:28.7633122Z","type":"sample"}
{"channel":"rr","display":57.69230769230769,"mu":0,"quality":"OUT_OF_RANGE","raw":279.8,"sigma":1.5,"state":"IDLE","t":"2026-07-16T11:28:28.7700854Z","type":"sample"}
{"channel":"rr","display":57.69230769230769,"mu":0,"quality":"OUT_OF_RANGE","raw":279.7,"sigma":1.5,"state":"IDLE","t":"2026-07-16T11:28:28.8103209Z","type":"sample"}
{"channel":"rr","display":57.69230769230769,"mu":0,"quality":"OUT_OF_RANGE","raw":279.2,"sigma":1.5,"state":"IDLE","t":"2026-07-16T11:28:28.8504349Z","type":"sample"}
{"channel":"gsr","display":3805.3,"mu":0,"quality":"OK","raw":3805.3,"sigma":10,"state":"IDLE","t":"2026-07-16T11:28:28.8638729Z","type":"sample"}
{"channel":"rr","display":57.69230769230769,"mu":0,"quality":"OUT_OF_RANGE","raw":280.2,"sigma":1.5,"state":"IDLE","t":"2026-07-16T11:28:28.8901712Z","type":"sample"}
{"channel":"rr","display":57.69230769230769,"mu":0,"quality":"OUT_OF_RANGE","raw":280.2,"sigma":1.5,"state":"IDLE","t":"2026-07-16T11:28:28.9301435Z","type":"sample"}
{"channel":"gsr","display":3808.6,"mu":0,"quality":"OK","raw":3808.6,"sigma":10,"state":"IDLE","t":"2026-07-16T11:28:28.9624379Z","type":"sample"}
{"channel":"hr","display":0,"mu":0,"quality":"OUT_OF_RANGE","raw":0,"sigma":3,"state":"IDLE","t":"2026-07-16T11:28:28.9650391Z","type":"sample"}
{"channel":"rr","display":57.69230769230769,"mu":0,"quality":"OUT_OF_RANGE","raw":279.1,"sigma":1.5,"state":"IDLE","t":"2026-07-16T11:28:28.9701355Z","type":"sample"}
{"channel":"rr","display":57.69230769230769,"mu":0,"quality":"OUT_OF_RANGE","raw":279.3,"sigma":1.5,"state":"IDLE","t":"2026-07-16T11:28:29.0098464Z","type":"sample"}
{"channel":"rr","display":57.69230769230769,"mu":0,"quality":"OUT_OF_RANGE","raw":279.8,"sigma":1.5,"state":"IDLE","t":"2026-07-16T11:28:29.0492976Z","type":"sample"}
{"channel":"gsr","display":3808,"mu":0,"quality":"OK","raw":3808,"sigma":10,"state":"IDLE","t":"2026-07-16T11:28:29.0616289Z","type":"sample"}
{"channel":"rr","display":57.69230769230769,"mu":0,"quality":"OUT_OF_RANGE","raw":280.3,"sigma":1.5,"state":"IDLE","t":"2026-07-16T11:28:29.090005Z","type":"sample"}
{"channel":"rr","display":57.69230769230769,"mu":0,"quality":"OUT_OF_RANGE","raw":280.8,"sigma":1.5,"state":"IDLE","t":"2026-07-16T11:28:29.130228Z","type":"sample"}
{"channel":"gsr","display":3812,"mu":0,"quality":"OK","raw":3812,"sigma":10,"state":"IDLE","t":"2026-07-16T11:28:29.163621Z","type":"sample"}
{"channel":"rr","display":57.69230769230769,"mu":0,"quality":"OUT_OF_RANGE","raw":279.1,"sigma":1.5,"state":"IDLE","t":"2026-07-16T11:28:29.1699763Z","type":"sample"}
{"channel":"rr","display":57.69230769230769,"mu":0,"quality":"OUT_OF_RANGE","raw":280.1,"sigma":1.5,"state":"IDLE","t":"2026-07-16T11:28:29.2101818Z","type":"sample"}
{"channel":"rr","display":57.69230769230769,"mu":0,"quality":"OUT_OF_RANGE","raw":279.1,"sigma":1.5,"state":"IDLE","t":"2026-07-16T11:28:29.2505737Z","type":"sample"}
{"channel":"gsr","display":3810.8,"mu":0,"quality":"OK","raw":3810.8,"sigma":10,"state":"IDLE","t":"2026-07-16T11:28:29.262247Z","type":"sample"}
{"channel":"rr","display":57.69230769230769,"mu":0,"quality":"OUT_OF_RANGE","raw":279.4,"sigma":1.5,"state":"IDLE","t":"2026-07-16T11:28:29.289915Z","type":"sample"}
{"channel":"rr","display":57.69230769230769,"mu":0,"quality":"OUT_OF_RANGE","raw":280.1,"sigma":1.5,"state":"IDLE","t":"2026-07-16T11:28:29.3301971Z","type":"sample"}
{"channel":"gsr","display":3812.2,"mu":0,"quality":"OK","raw":3812.2,"sigma":10,"state":"IDLE","t":"2026-07-16T11:28:29.3632703Z","type":"sample"}
{"channel":"rr","display":57.69230769230769,"mu":0,"quality":"OUT_OF_RANGE","raw":280.1,"sigma":1.5,"state":"IDLE","t":"2026-07-16T11:28:29.3697074Z","type":"sample"}
{"channel":"rr","display":57.69230769230769,"mu":0,"quality":"OUT_OF_RANGE","raw":279.6,"sigma":1.5,"state":"IDLE","t":"2026-07-16T11:28:29.4098882Z","type":"sample"}
{"channel":"rr","display":57.69230769230769,"mu":0,"quality":"OUT_OF_RANGE","raw":279.4,"sigma":1.5,"state":"IDLE","t":"2026-07-16T11:28:29.4501857Z","type":"sample"}
{"channel":"gsr","display":3815.6,"mu":0,"quality":"OK","raw":3815.6,"sigma":10,"state":"IDLE","t":"2026-07-16T11:28:29.4645406Z","type":"sample"}
{"channel":"hr","display":0,"mu":0,"quality":"OUT_OF_RANGE","raw":0,"sigma":3,"state":"IDLE","t":"2026-07-16T11:28:29.4645406Z","type":"sample"}
{"channel":"rr","display":57.69230769230769,"mu":0,"quality":"OUT_OF_RANGE","raw":279.4,"sigma":1.5,"state":"IDLE","t":"2026-07-16T11:28:29.4901324Z","type":"sample"}
{"channel":"rr","display":57.69230769230769,"mu":0,"quality":"OUT_OF_RANGE","raw":279.2,"sigma":1.5,"state":"IDLE","t":"2026-07-16T11:28:29.5304102Z","type":"sample"}
{"channel":"gsr","display":3817.7,"mu":0,"quality":"OK","raw":3817.7,"sigma":10,"state":"IDLE","t":"2026-07-16T11:28:29.5640946Z","type":"sample"}
{"address":"/cue/g1/start","args":null,"channel":"system","dir":"out","t":"2026-07-16T11:28:29.5646698Z","type":"osc"}
{"channel":"rr","display":55.97014925373134,"mu":0,"quality":"OUT_OF_RANGE","raw":280.1,"sigma":1.5,"state":"IDLE","t":"2026-07-16T11:28:29.5697722Z","type":"sample"}
{"channel":"rr","display":55.97014925373134,"mu":0,"quality":"OUT_OF_RANGE","raw":279.2,"sigma":1.5,"state":"IDLE","t":"2026-07-16T11:28:29.6100956Z","type":"sample"}
{"channel":"rr","display":55.97014925373134,"mu":0,"quality":"OUT_OF_RANGE","raw":280.3,"sigma":1.5,"state":"IDLE","t":"2026-07-16T11:28:29.6507281Z","type":"sample"}
{"channel":"gsr","display":3815.1,"mu":0,"quality":"OK","raw":3815.1,"sigma":10,"state":"IDLE","t":"2026-07-16T11:28:29.6639558Z","type":"sample"}
{"address":"/cue/p/start","args":null,"channel":"system","dir":"out","t":"2026-07-16T11:28:29.6811556Z","type":"osc"}
{"channel":"rr","display":55.97014925373134,"mu":0,"quality":"OUT_OF_RANGE","raw":279.2,"sigma":1.5,"state":"IDLE","t":"2026-07-16T11:28:29.6908108Z","type":"sample"}
{"channel":"rr","display":55.97014925373134,"mu":0,"quality":"OUT_OF_RANGE","raw":280.6,"sigma":1.5,"state":"IDLE","t":"2026-07-16T11:28:29.7301534Z","type":"sample"}
{"channel":"gsr","display":3817.2,"mu":0,"quality":"OK","raw":3817.2,"sigma":10,"state":"IDLE","t":"2026-07-16T11:28:29.7641986Z","type":"sample"}
{"channel":"rr","display":55.97014925373134,"mu":0,"quality":"OUT_OF_RANGE","raw":279.5,"sigma":1.5,"state":"IDLE","t":"2026-07-16T11:28:29.7698345Z","type":"sample"}
{"channel":"rr","display":55.97014925373134,"mu":0,"quality":"OUT_OF_RANGE","raw":279.2,"sigma":1.5,"state":"IDLE","t":"2026-07-16T11:28:29.8098232Z","type":"sample"}
{"channel":"rr","display":55.97014925373134,"mu":0,"quality":"OUT_OF_RANGE","raw":280.2,"sigma":1.5,"state":"IDLE","t":"2026-07-16T11:28:29.8501043Z","type":"sample"}
{"channel":"gsr","display":3819.8,"mu":0,"quality":"OK","raw":3819.8,"sigma":10,"state":"IDLE","t":"2026-07-16T11:28:29.8637431Z","type":"sample"}
{"channel":"rr","display":55.97014925373134,"mu":0,"quality":"OUT_OF_RANGE","raw":280.2,"sigma":1.5,"state":"IDLE","t":"2026-07-16T11:28:29.8896556Z","type":"sample"}
{"channel":"rr","display":55.97014925373134,"mu":0,"quality":"OUT_OF_RANGE","raw":279.9,"sigma":1.5,"state":"IDLE","t":"2026-07-16T11:28:29.9293384Z","type":"sample"}
{"channel":"gsr","display":3819.8,"mu":0,"quality":"OK","raw":3819.8,"sigma":10,"state":"IDLE","t":"2026-07-16T11:28:29.9633171Z","type":"sample"}
{"channel":"hr","display":0,"mu":0,"quality":"OUT_OF_RANGE","raw":0,"sigma":3,"state":"IDLE","t":"2026-07-16T11:28:29.9651642Z","type":"sample"}
{"channel":"rr","display":55.97014925373134,"mu":0,"quality":"OUT_OF_RANGE","raw":279.7,"sigma":1.5,"state":"IDLE","t":"2026-07-16T11:28:29.9703211Z","type":"sample"}
{"channel":"rr","display":55.97014925373134,"mu":0,"quality":"OUT_OF_RANGE","raw":280.3,"sigma":1.5,"state":"IDLE","t":"2026-07-16T11:28:30.0099626Z","type":"sample"}
{"channel":"rr","display":55.97014925373134,"mu":0,"quality":"OUT_OF_RANGE","raw":280.2,"sigma":1.5,"state":"IDLE","t":"2026-07-16T11:28:30.0500421Z","type":"sample"}
{"channel":"gsr","display":3825.1,"mu":0,"quality":"OK","raw":3825.1,"sigma":10,"state":"IDLE","t":"2026-07-16T11:28:30.0618326Z","type":"sample"}
{"channel":"rr","display":55.97014925373134,"mu":0,"quality":"OUT_OF_RANGE","raw":279.1,"sigma":1.5,"state":"IDLE","t":"2026-07-16T11:28:30.0899837Z","type":"sample"}
{"channel":"rr","display":55.97014925373134,"mu":0,"quality":"OUT_OF_RANGE","raw":279.4,"sigma":1.5,"state":"IDLE","t":"2026-07-16T11:28:30.1301338Z","type":"sample"}
{"channel":"gsr","display":3825.8,"mu":0,"quality":"OK","raw":3825.8,"sigma":10,"state":"IDLE","t":"2026-07-16T11:28:30.1635415Z","type":"sample"}
{"channel":"rr","display":55.97014925373134,"mu":0,"quality":"OUT_OF_RANGE","raw":279.3,"sigma":1.5,"state":"IDLE","t":"2026-07-16T11:28:30.1701792Z","type":"sample"}
{"channel":"rr","display":55.97014925373134,"mu":0,"quality":"OUT_OF_RANGE","raw":279.6,"sigma":1.5,"state":"IDLE","t":"2026-07-16T11:28:30.2101378Z","type":"sample"}
{"channel":"rr","display":55.97014925373134,"mu":0,"quality":"OUT_OF_RANGE","raw":279.8,"sigma":1.5,"state":"IDLE","t":"2026-07-16T11:28:30.2503777Z","type":"sample"}
{"channel":"gsr","display":3825.9,"mu":0,"quality":"OK","raw":3825.9,"sigma":10,"state":"IDLE","t":"2026-07-16T11:28:30.2605774Z","type":"sample"}
{"channel":"rr","display":55.97014925373134,"mu":0,"quality":"OUT_OF_RANGE","raw":279.6,"sigma":1.5,"state":"IDLE","t":"2026-07-16T11:28:30.2893297Z","type":"sample"}
{"channel":"rr","display":55.97014925373134,"mu":0,"quality":"OUT_OF_RANGE","raw":278.8,"sigma":1.5,"state":"IDLE","t":"2026-07-16T11:28:30.3304632Z","type":"sample"}
{"channel":"gsr","display":3822.1,"mu":0,"quality":"OK","raw":3822.1,"sigma":10,"state":"IDLE","t":"2026-07-16T11:28:30.3619811Z","type":"sample"}
{"channel":"rr","display":55.97014925373134,"mu":0,"quality":"OUT_OF_RANGE","raw":279.2,"sigma":1.5,"state":"IDLE","t":"2026-07-16T11:28:30.3698176Z","type":"sample"}
{"channel":"rr","display":55.97014925373134,"mu":0,"quality":"OUT_OF_RANGE","raw":279.5,"sigma":1.5,"state":"IDLE","t":"2026-07-16T11:28:30.4101834Z","type":"sample"}
{"channel":"rr","display":55.97014925373134,"mu":0,"quality":"OUT_OF_RANGE","raw":279.6,"sigma":1.5,"state":"IDLE","t":"2026-07-16T11:28:30.4497945Z","type":"sample"}
{"channel":"gsr","display":3829.1,"mu":0,"quality":"OK","raw":3829.1,"sigma":10,"state":"IDLE","t":"2026-07-16T11:28:30.4642481Z","type":"sample"}
{"channel":"hr","display":0,"mu":0,"quality":"OUT_OF_RANGE","raw":0,"sigma":3,"state":"IDLE","t":"2026-07-16T11:28:30.4649725Z","type":"sample"}
{"channel":"rr","display":55.97014925373134,"mu":0,"quality":"OUT_OF_RANGE","raw":279.9,"sigma":1.5,"state":"IDLE","t":"2026-07-16T11:28:30.4902326Z","type":"sample"}
{"channel":"rr","display":55.97014925373134,"mu":0,"quality":"OUT_OF_RANGE","raw":279.5,"sigma":1.5,"state":"IDLE","t":"2026-07-16T11:28:30.5306403Z","type":"sample"}
{"channel":"gsr","display":3828.9,"mu":0,"quality":"OK","raw":3828.9,"sigma":10,"state":"IDLE","t":"2026-07-16T11:28:30.5615629Z","type":"sample"}
{"channel":"rr","display":56.390977443609025,"mu":0,"quality":"OUT_OF_RANGE","raw":280.2,"sigma":1.5,"state":"IDLE","t":"2026-07-16T11:28:30.5700718Z","type":"sample"}
{"address":"/cue/g1/start","args":null,"channel":"system","dir":"out","t":"2026-07-16T11:28:30.5891471Z","type":"osc"}
{"channel":"rr","display":56.390977443609025,"mu":0,"quality":"OUT_OF_RANGE","raw":279.6,"sigma":1.5,"state":"IDLE","t":"2026-07-16T11:28:30.6101626Z","type":"sample"}
{"channel":"rr","display":56.390977443609025,"mu":0,"quality":"OUT_OF_RANGE","raw":280.3,"sigma":1.5,"state":"IDLE","t":"2026-07-16T11:28:30.6507255Z","type":"sample"}
{"channel":"gsr","display":3829.2,"mu":0,"quality":"OK","raw":3829.2,"sigma":10,"state":"IDLE","t":"2026-07-16T11:28:30.6602203Z","type":"sample"}
{"address":"/cue/p/start","args":null,"channel":"system","dir":"out","t":"2026-07-16T11:28:30.6812416Z","type":"osc"}
{"channel":"rr","display":56.390977443609025,"mu":0,"quality":"OUT_OF_RANGE","raw":279.3,"sigma":1.5,"state":"IDLE","t":"2026-07-16T11:28:30.6902091Z","type":"sample"}
{"channel":"rr","display":56.390977443609025,"mu":0,"quality":"OUT_OF_RANGE","raw":279.2,"sigma":1.5,"state":"IDLE","t":"2026-07-16T11:28:30.7301775Z","type":"sample"}
{"channel":"gsr","display":3830.3,"mu":0,"quality":"OK","raw":3830.3,"sigma":10,"state":"IDLE","t":"2026-07-16T11:28:30.7608729Z","type":"sample"}
{"channel":"rr","display":56.390977443609025,"mu":0,"quality":"OUT_OF_RANGE","raw":279.8,"sigma":1.5,"state":"IDLE","t":"2026-07-16T11:28:30.770309Z","type":"sample"}
{"channel":"rr","display":56.390977443609025,"mu":0,"quality":"OUT_OF_RANGE","raw":280.1,"sigma":1.5,"state":"IDLE","t":"2026-07-16T11:28:30.8091778Z","type":"sample"}
{"channel":"rr","display":56.390977443609025,"mu":0,"quality":"OUT_OF_RANGE","raw":279.7,"sigma":1.5,"state":"IDLE","t":"2026-07-16T11:28:30.8497827Z","type":"sample"}
{"channel":"gsr","display":3831.5,"mu":0,"quality":"OK","raw":3831.5,"sigma":10,"state":"IDLE","t":"2026-07-16T11:28:30.8641609Z","type":"sample"}
{"channel":"rr","display":56.390977443609025,"mu":0,"quality":"OUT_OF_RANGE","raw":279.9,"sigma":1.5,"state":"IDLE","t":"2026-07-16T11:28:30.8898713Z","type":"sample"}
{"channel":"rr","display":56.390977443609025,"mu":0,"quality":"OUT_OF_RANGE","raw":280.4,"sigma":1.5,"state":"IDLE","t":"2026-07-16T11:28:30.9292803Z","type":"sample"}
{"channel":"gsr","display":3832.2,"mu":0,"quality":"OK","raw":3832.2,"sigma":10,"state":"IDLE","t":"2026-07-16T11:28:30.9644338Z","type":"sample"}
{"channel":"hr","display":0,"mu":0,"quality":"OUT_OF_RANGE","raw":0,"sigma":3,"state":"IDLE","t":"2026-07-16T11:28:30.9647631Z","type":"sample"}
{"channel":"rr","display":56.390977443609025,"mu":0,"quality":"OUT_OF_RANGE","raw":279.2,"sigma":1.5,"state":"IDLE","t":"2026-07-16T11:28:30.9702981Z","type":"sample"}
{"channel":"rr","display":56.390977443609025,"mu":0,"quality":"OUT_OF_RANGE","raw":279.8,"sigma":1.5,"state":"IDLE","t":"2026-07-16T11:28:31.0098831Z","type":"sample"}
{"channel":"rr","display":56.390977443609025,"mu":0,"quality":"OUT_OF_RANGE","raw":279.8,"sigma":1.5,"state":"IDLE","t":"2026-07-16T11:28:31.0501388Z","type":"sample"}
{"channel":"gsr","display":3837.3,"mu":0,"quality":"OK","raw":3837.3,"sigma":10,"state":"IDLE","t":"2026-07-16T11:28:31.0637851Z","type":"sample"}
{"channel":"rr","display":56.390977443609025,"mu":0,"quality":"OUT_OF_RANGE","raw":279.4,"sigma":1.5,"state":"IDLE","t":"2026-07-16T11:28:31.0900746Z","type":"sample"}
{"channel":"rr","display":56.390977443609025,"mu":0,"quality":"OUT_OF_RANGE","raw":280.1,"sigma":1.5,"state":"IDLE","t":"2026-07-16T11:28:31.1301153Z","type":"sample"}
{"channel":"gsr","display":3834.2,"mu":0,"quality":"OK","raw":3834.2,"sigma":10,"state":"IDLE","t":"2026-07-16T11:28:31.1618242Z","type":"sample"}
{"channel":"rr","display":56.390977443609025,"mu":0,"quality":"OUT_OF_RANGE","raw":279.8,"sigma":1.5,"state":"IDLE","t":"2026-07-16T11:28:31.16994Z","type":"sample"}
{"channel":"rr","display":56.390977443609025,"mu":0,"quality":"OUT_OF_RANGE","raw":279.2,"sigma":1.5,"state":"IDLE","t":"2026-07-16T11:28:31.2099528Z","type":"sample"}
{"channel":"rr","display":56.390977443609025,"mu":0,"quality":"OUT_OF_RANGE","raw":280.4,"sigma":1.5,"state":"IDLE","t":"2026-07-16T11:28:31.2505237Z","type":"sample"}
{"channel":"gsr","display":3836.5,"mu":0,"quality":"OK","raw":3836.5,"sigma":10,"state":"IDLE","t":"2026-07-16T11:28:31.260394Z","type":"sample"}
{"channel":"rr","display":56.390977443609025,"mu":0,"quality":"OUT_OF_RANGE","raw":279.6,"sigma":1.5,"state":"IDLE","t":"2026-07-16T11:28:31.2899044Z","type":"sample"}
{"channel":"rr","display":56.390977443609025,"mu":0,"quality":"OUT_OF_RANGE","raw":280.1,"sigma":1.5,"state":"IDLE","t":"2026-07-16T11:28:31.3301566Z","type":"sample"}
{"channel":"gsr","display":3833.7,"mu":0,"quality":"OK","raw":3833.7,"sigma":10,"state":"IDLE","t":"2026-07-16T11:28:31.362563Z","type":"sample"}
{"channel":"rr","display":56.390977443609025,"mu":0,"quality":"OUT_OF_RANGE","raw":279.7,"sigma":1.5,"state":"IDLE","t":"2026-07-16T11:28:31.3696256Z","type":"sample"}
{"channel":"rr","display":56.390977443609025,"mu":0,"quality":"OUT_OF_RANGE","raw":279.9,"sigma":1.5,"state":"IDLE","t":"2026-07-16T11:28:31.4098831Z","type":"sample"}
{"channel":"rr","display":56.390977443609025,"mu":0,"quality":"OUT_OF_RANGE","raw":279.9,"sigma":1.5,"state":"IDLE","t":"2026-07-16T11:28:31.4500439Z","type":"sample"}
{"channel":"gsr","display":3836.9,"mu":0,"quality":"OK","raw":3836.9,"sigma":10,"state":"IDLE","t":"2026-07-16T11:28:31.4610546Z","type":"sample"}
{"channel":"hr","display":0,"mu":0,"quality":"OUT_OF_RANGE","raw":0,"sigma":3,"state":"IDLE","t":"2026-07-16T11:28:31.4646638Z","type":"sample"}
{"channel":"rr","display":56.390977443609025,"mu":0,"quality":"OUT_OF_RANGE","raw":279.9,"sigma":1.5,"state":"IDLE","t":"2026-07-16T11:28:31.4901395Z","type":"sample"}
{"channel":"rr","display":56.390977443609025,"mu":0,"quality":"OUT_OF_RANGE","raw":280.1,"sigma":1.5,"state":"IDLE","t":"2026-07-16T11:28:31.529947Z","type":"sample"}
{"channel":"gsr","display":3834.8,"mu":0,"quality":"OK","raw":3834.8,"sigma":10,"state":"IDLE","t":"2026-07-16T11:28:31.5602352Z","type":"sample"}
{"channel":"rr","display":56.390977443609025,"mu":0,"quality":"OUT_OF_RANGE","raw":279.6,"sigma":1.5,"state":"IDLE","t":"2026-07-16T11:28:31.5702282Z","type":"sample"}
{"address":"/cue/g1/start","args":null,"channel":"system","dir":"out","t":"2026-07-16T11:28:31.6000565Z","type":"osc"}
{"channel":"rr","display":56.81818181818182,"mu":0,"quality":"OUT_OF_RANGE","raw":280.5,"sigma":1.5,"state":"IDLE","t":"2026-07-16T11:28:31.6093286Z","type":"sample"}
{"channel":"rr","display":56.81818181818182,"mu":0,"quality":"OUT_OF_RANGE","raw":279.9,"sigma":1.5,"state":"IDLE","t":"2026-07-16T11:28:31.6493267Z","type":"sample"}
{"channel":"gsr","display":3834.2,"mu":0,"quality":"OK","raw":3834.2,"sigma":10,"state":"IDLE","t":"2026-07-16T11:28:31.6610581Z","type":"sample"}
{"address":"/cue/p/start","args":null,"channel":"system","dir":"out","t":"2026-07-16T11:28:31.6807334Z","type":"osc"}
{"channel":"rr","display":56.81818181818182,"mu":0,"quality":"OUT_OF_RANGE","raw":279.6,"sigma":1.5,"state":"IDLE","t":"2026-07-16T11:28:31.6900391Z","type":"sample"}
{"channel":"rr","display":56.81818181818182,"mu":0,"quality":"OUT_OF_RANGE","raw":280.2,"sigma":1.5,"state":"IDLE","t":"2026-07-16T11:28:31.7301966Z","type":"sample"}
{"channel":"gsr","display":3832.3,"mu":0,"quality":"OK","raw":3832.3,"sigma":10,"state":"IDLE","t":"2026-07-16T11:28:31.7611505Z","type":"sample"}
{"channel":"rr","display":56.81818181818182,"mu":0,"quality":"OUT_OF_RANGE","raw":279.5,"sigma":1.5,"state":"IDLE","t":"2026-07-16T11:28:31.7700507Z","type":"sample"}
{"channel":"rr","display":56.81818181818182,"mu":0,"quality":"OUT_OF_RANGE","raw":279.6,"sigma":1.5,"state":"IDLE","t":"2026-07-16T11:28:31.8100539Z","type":"sample"}
{"channel":"rr","display":56.81818181818182,"mu":0,"quality":"OUT_OF_RANGE","raw":279.1,"sigma":1.5,"state":"IDLE","t":"2026-07-16T11:28:31.8500146Z","type":"sample"}
{"channel":"gsr","display":3833.5,"mu":0,"quality":"OK","raw":3833.5,"sigma":10,"state":"IDLE","t":"2026-07-16T11:28:31.8636479Z","type":"sample"}
{"channel":"rr","display":56.81818181818182,"mu":0,"quality":"OUT_OF_RANGE","raw":279.9,"sigma":1.5,"state":"IDLE","t":"2026-07-16T11:28:31.8898794Z","type":"sample"}
{"channel":"rr","display":56.81818181818182,"mu":0,"quality":"OUT_OF_RANGE","raw":279.6,"sigma":1.5,"state":"IDLE","t":"2026-07-16T11:28:31.930083Z","type":"sample"}
{"channel":"gsr","display":3834.4,"mu":0,"quality":"OK","raw":3834.4,"sigma":10,"state":"IDLE","t":"2026-07-16T11:28:31.9632041Z","type":"sample"}
{"channel":"hr","display":0,"mu":0,"quality":"OUT_OF_RANGE","raw":0,"sigma":3,"state":"IDLE","t":"2026-07-16T11:28:31.9647534Z","type":"sample"}
{"channel":"rr","display":56.81818181818182,"mu":0,"quality":"OUT_OF_RANGE","raw":280.9,"sigma":1.5,"state":"IDLE","t":"2026-07-16T11:28:31.969821Z","type":"sample"}
{"channel":"rr","display":56.81818181818182,"mu":0,"quality":"OUT_OF_RANGE","raw":279.8,"sigma":1.5,"state":"IDLE","t":"2026-07-16T11:28:32.0091984Z","type":"sample"}
{"channel":"rr","display":56.81818181818182,"mu":0,"quality":"OUT_OF_RANGE","raw":279.7,"sigma":1.5,"state":"IDLE","t":"2026-07-16T11:28:32.0493416Z","type":"sample"}
{"channel":"gsr","display":3833,"mu":0,"quality":"OK","raw":3833,"sigma":10,"state":"IDLE","t":"2026-07-16T11:28:32.0635815Z","type":"sample"}
{"channel":"rr","display":56.81818181818182,"mu":0,"quality":"OUT_OF_RANGE","raw":279.4,"sigma":1.5,"state":"IDLE","t":"2026-07-16T11:28:32.0892376Z","type":"sample"}
{"channel":"rr","display":56.81818181818182,"mu":0,"quality":"OUT_OF_RANGE","raw":279.6,"sigma":1.5,"state":"IDLE","t":"2026-07-16T11:28:32.13024Z","type":"sample"}
{"channel":"gsr","display":3834.6,"mu":0,"quality":"OK","raw":3834.6,"sigma":10,"state":"IDLE","t":"2026-07-16T11:28:32.1617782Z","type":"sample"}
{"channel":"rr","display":56.81818181818182,"mu":0,"quality":"OUT_OF_RANGE","raw":279.9,"sigma":1.5,"state":"IDLE","t":"2026-07-16T11:28:32.1700305Z","type":"sample"}
{"channel":"rr","display":56.81818181818182,"mu":0,"quality":"OUT_OF_RANGE","raw":280.8,"sigma":1.5,"state":"IDLE","t":"2026-07-16T11:28:32.2101071Z","type":"sample"}
{"channel":"rr","display":56.81818181818182,"mu":0,"quality":"OUT_OF_RANGE","raw":279.3,"sigma":1.5,"state":"IDLE","t":"2026-07-16T11:28:32.2493365Z","type":"sample"}
{"channel":"gsr","display":3829.5,"mu":0,"quality":"OK","raw":3829.5,"sigma":10,"state":"IDLE","t":"2026-07-16T11:28:32.2601773Z","type":"sample"}
{"channel":"rr","display":56.81818181818182,"mu":0,"quality":"OUT_OF_RANGE","raw":280.1,"sigma":1.5,"state":"IDLE","t":"2026-07-16T11:28:32.2898752Z","type":"sample"}
{"channel":"rr","display":56.81818181818182,"mu":0,"quality":"OUT_OF_RANGE","raw":279.4,"sigma":1.5,"state":"IDLE","t":"2026-07-16T11:28:32.3293219Z","type":"sample"}
{"channel":"gsr","display":3827.9,"mu":0,"quality":"OK","raw":3827.9,"sigma":10,"state":"IDLE","t":"2026-07-16T11:28:32.3605286Z","type":"sample"}
{"channel":"rr","display":56.81818181818182,"mu":0,"quality":"OUT_OF_RANGE","raw":279,"sigma":1.5,"state":"IDLE","t":"2026-07-16T11:28:32.3699731Z","type":"sample"}
{"channel":"rr","display":56.81818181818182,"mu":0,"quality":"OUT_OF_RANGE","raw":279.4,"sigma":1.5,"state":"IDLE","t":"2026-07-16T11:28:32.4098758Z","type":"sample"}
{"channel":"rr","display":56.81818181818182,"mu":0,"quality":"OUT_OF_RANGE","raw":279.8,"sigma":1.5,"state":"IDLE","t":"2026-07-16T11:28:32.4497211Z","type":"sample"}
{"channel":"gsr","display":3829.9,"mu":0,"quality":"OK","raw":3829.9,"sigma":10,"state":"IDLE","t":"2026-07-16T11:28:32.4603969Z","type":"sample"}
{"channel":"hr","display":0,"mu":0,"quality":"OUT_OF_RANGE","raw":0,"sigma":3,"state":"IDLE","t":"2026-07-16T11:28:32.4649455Z","type":"sample"}
{"channel":"rr","display":56.81818181818182,"mu":0,"quality":"OUT_OF_RANGE","raw":279.6,"sigma":1.5,"state":"IDLE","t":"2026-07-16T11:28:32.4900903Z","type":"sample"}
{"channel":"rr","display":56.81818181818182,"mu":0,"quality":"OUT_OF_RANGE","raw":279.4,"sigma":1.5,"state":"IDLE","t":"2026-07-16T11:28:32.5299843Z","type":"sample"}
{"channel":"gsr","display":3829.4,"mu":0,"quality":"OK","raw":3829.4,"sigma":10,"state":"IDLE","t":"2026-07-16T11:28:32.5624518Z","type":"sample"}
{"channel":"rr","display":56.81818181818182,"mu":0,"quality":"OUT_OF_RANGE","raw":279.4,"sigma":1.5,"state":"IDLE","t":"2026-07-16T11:28:32.5699632Z","type":"sample"}
{"address":"/cue/g1/start","args":null,"channel":"system","dir":"out","t":"2026-07-16T11:28:32.6044383Z","type":"osc"}
{"channel":"rr","display":56.81818181818182,"mu":0,"quality":"OUT_OF_RANGE","raw":278.4,"sigma":1.5,"state":"IDLE","t":"2026-07-16T11:28:32.6100394Z","type":"sample"}
{"channel":"rr","display":56.81818181818182,"mu":0,"quality":"OUT_OF_RANGE","raw":279.5,"sigma":1.5,"state":"IDLE","t":"2026-07-16T11:28:32.6499226Z","type":"sample"}
{"channel":"gsr","display":3826,"mu":0,"quality":"OK","raw":3826,"sigma":10,"state":"IDLE","t":"2026-07-16T11:28:32.6641536Z","type":"sample"}
{"address":"/cue/p/start","args":null,"channel":"system","dir":"out","t":"2026-07-16T11:28:32.6812114Z","type":"osc"}
{"channel":"rr","display":56.390977443609025,"mu":0,"quality":"OUT_OF_RANGE","raw":280.4,"sigma":1.5,"state":"IDLE","t":"2026-07-16T11:28:32.6899163Z","type":"sample"}
{"channel":"rr","display":56.390977443609025,"mu":0,"quality":"OUT_OF_RANGE","raw":279.9,"sigma":1.5,"state":"IDLE","t":"2026-07-16T11:28:32.7299787Z","type":"sample"}
{"channel":"gsr","display":3828.4,"mu":0,"quality":"OK","raw":3828.4,"sigma":10,"state":"IDLE","t":"2026-07-16T11:28:32.7639149Z","type":"sample"}
{"channel":"rr","display":56.390977443609025,"mu":0,"quality":"OUT_OF_RANGE","raw":279.7,"sigma":1.5,"state":"IDLE","t":"2026-07-16T11:28:32.7698406Z","type":"sample"}
{"channel":"rr","display":56.390977443609025,"mu":0,"quality":"OUT_OF_RANGE","raw":279.4,"sigma":1.5,"state":"IDLE","t":"2026-07-16T11:28:32.810004Z","type":"sample"}
{"channel":"rr","display":56.390977443609025,"mu":0,"quality":"OUT_OF_RANGE","raw":280.1,"sigma":1.5,"state":"IDLE","t":"2026-07-16T11:28:32.8500892Z","type":"sample"}
{"channel":"gsr","display":3824.8,"mu":0,"quality":"OK","raw":3824.8,"sigma":10,"state":"IDLE","t":"2026-07-16T11:28:32.8634726Z","type":"sample"}
{"channel":"rr","display":56.390977443609025,"mu":0,"quality":"OUT_OF_RANGE","raw":279.8,"sigma":1.5,"state":"IDLE","t":"2026-07-16T11:28:32.8901736Z","type":"sample"}
{"channel":"rr","display":56.390977443609025,"mu":0,"quality":"OUT_OF_RANGE","raw":279.6,"sigma":1.5,"state":"IDLE","t":"2026-07-16T11:28:32.9300432Z","type":"sample"}
{"channel":"gsr","display":3827.2,"mu":0,"quality":"OK","raw":3827.2,"sigma":10,"state":"IDLE","t":"2026-07-16T11:28:32.9612687Z","type":"sample"}
{"channel":"hr","display":0,"mu":0,"quality":"OUT_OF_RANGE","raw":0,"sigma":3,"state":"IDLE","t":"2026-07-16T11:28:32.9647237Z","type":"sample"}
{"channel":"rr","display":56.390977443609025,"mu":0,"quality":"OUT_OF_RANGE","raw":280.8,"sigma":1.5,"state":"IDLE","t":"2026-07-16T11:28:32.9698181Z","type":"sample"}
{"channel":"rr","display":56.390977443609025,"mu":0,"quality":"OUT_OF_RANGE","raw":279.8,"sigma":1.5,"state":"IDLE","t":"2026-07-16T11:28:33.0102421Z","type":"sample"}
{"channel":"rr","display":56.390977443609025,"mu":0,"quality":"OUT_OF_RANGE","raw":279.2,"sigma":1.5,"state":"IDLE","t":"2026-07-16T11:28:33.0501937Z","type":"sample"}
{"channel":"gsr","display":3824.2,"mu":0,"quality":"OK","raw":3824.2,"sigma":10,"state":"IDLE","t":"2026-07-16T11:28:33.0608231Z","type":"sample"}
{"channel":"rr","display":56.390977443609025,"mu":0,"quality":"OUT_OF_RANGE","raw":280.2,"sigma":1.5,"state":"IDLE","t":"2026-07-16T11:28:33.0900816Z","type":"sample"}
{"channel":"rr","display":56.390977443609025,"mu":0,"quality":"OUT_OF_RANGE","raw":279.7,"sigma":1.5,"state":"IDLE","t":"2026-07-16T11:28:33.1298742Z","type":"sample"}
{"channel":"gsr","display":3827.8,"mu":0,"quality":"OK","raw":3827.8,"sigma":10,"state":"IDLE","t":"2026-07-16T11:28:33.1603627Z","type":"sample"}
{"channel":"rr","display":56.390977443609025,"mu":0,"quality":"OUT_OF_RANGE","raw":278.7,"sigma":1.5,"state":"IDLE","t":"2026-07-16T11:28:33.1697488Z","type":"sample"}
{"channel":"rr","display":56.390977443609025,"mu":0,"quality":"OUT_OF_RANGE","raw":278.9,"sigma":1.5,"state":"IDLE","t":"2026-07-16T11:28:33.2100625Z","type":"sample"}
{"channel":"rr","display":56.390977443609025,"mu":0,"quality":"OUT_OF_RANGE","raw":279.4,"sigma":1.5,"state":"IDLE","t":"2026-07-16T11:28:33.2492589Z","type":"sample"}
{"channel":"gsr","display":3824.8,"mu":0,"quality":"OK","raw":3824.8,"sigma":10,"state":"IDLE","t":"2026-07-16T11:28:33.260116Z","type":"sample"}
{"channel":"rr","display":56.390977443609025,"mu":0,"quality":"OUT_OF_RANGE","raw":279.9,"sigma":1.5,"state":"IDLE","t":"2026-07-16T11:28:33.2898045Z","type":"sample"}
{"channel":"rr","display":56.390977443609025,"mu":0,"quality":"OUT_OF_RANGE","raw":280.3,"sigma":1.5,"state":"IDLE","t":"2026-07-16T11:28:33.3301178Z","type":"sample"}
{"channel":"gsr","display":3828.9,"mu":0,"quality":"OK","raw":3828.9,"sigma":10,"state":"IDLE","t":"2026-07-16T11:28:33.3602546Z","type":"sample"}
{"channel":"rr","display":56.390977443609025,"mu":0,"quality":"OUT_OF_RANGE","raw":279.6,"sigma":1.5,"state":"IDLE","t":"2026-07-16T11:28:33.3699878Z","type":"sample"}
{"channel":"rr","display":56.390977443609025,"mu":0,"quality":"OUT_OF_RANGE","raw":280.8,"sigma":1.5,"state":"IDLE","t":"2026-07-16T11:28:33.4092095Z","type":"sample"}
{"channel":"rr","display":56.390977443609025,"mu":0,"quality":"OUT_OF_RANGE","raw":279.8,"sigma":1.5,"state":"IDLE","t":"2026-07-16T11:28:33.4498003Z","type":"sample"}
{"channel":"gsr","display":3825.2,"mu":0,"quality":"OK","raw":3825.2,"sigma":10,"state":"IDLE","t":"2026-07-16T11:28:33.4609823Z","type":"sample"}
{"channel":"hr","display":0,"mu":0,"quality":"OUT_OF_RANGE","raw":0,"sigma":3,"state":"IDLE","t":"2026-07-16T11:28:33.4609823Z","type":"sample"}
{"channel":"rr","display":56.390977443609025,"mu":0,"quality":"OUT_OF_RANGE","raw":279.9,"sigma":1.5,"state":"IDLE","t":"2026-07-16T11:28:33.4902238Z","type":"sample"}
{"channel":"rr","display":56.390977443609025,"mu":0,"quality":"OUT_OF_RANGE","raw":279.2,"sigma":1.5,"state":"IDLE","t":"2026-07-16T11:28:33.5304073Z","type":"sample"}
{"channel":"gsr","display":3827.2,"mu":0,"quality":"OK","raw":3827.2,"sigma":10,"state":"IDLE","t":"2026-07-16T11:28:33.5613817Z","type":"sample"}
{"channel":"rr","display":56.390977443609025,"mu":0,"quality":"OUT_OF_RANGE","raw":279.5,"sigma":1.5,"state":"IDLE","t":"2026-07-16T11:28:33.5698408Z","type":"sample"}
{"channel":"rr","display":56.390977443609025,"mu":0,"quality":"OUT_OF_RANGE","raw":279.5,"sigma":1.5,"state":"IDLE","t":"2026-07-16T11:28:33.6099458Z","type":"sample"}
{"address":"/cue/g1/start","args":null,"channel":"system","dir":"out","t":"2026-07-16T11:28:33.6109867Z","type":"osc"}
{"channel":"rr","display":56.390977443609025,"mu":0,"quality":"OUT_OF_RANGE","raw":279.6,"sigma":1.5,"state":"IDLE","t":"2026-07-16T11:28:33.6497478Z","type":"sample"}
{"channel":"gsr","display":3829.2,"mu":0,"quality":"OK","raw":3829.2,"sigma":10,"state":"IDLE","t":"2026-07-16T11:28:33.6630589Z","type":"sample"}
{"address":"/cue/p/start","args":null,"channel":"system","dir":"out","t":"2026-07-16T11:28:33.6809774Z","type":"osc"}
{"channel":"rr","display":56.390977443609025,"mu":0,"quality":"OUT_OF_RANGE","raw":280.5,"sigma":1.5,"state":"IDLE","t":"2026-07-16T11:28:33.6899353Z","type":"sample"}
{"channel":"rr","display":56.390977443609025,"mu":0,"quality":"OUT_OF_RANGE","raw":279.7,"sigma":1.5,"state":"IDLE","t":"2026-07-16T11:28:33.7300557Z","type":"sample"}
{"channel":"gsr","display":3827.3,"mu":0,"quality":"OK","raw":3827.3,"sigma":10,"state":"IDLE","t":"2026-07-16T11:28:33.7643687Z","type":"sample"}
{"channel":"rr","display":56.390977443609025,"mu":0,"quality":"OUT_OF_RANGE","raw":280,"sigma":1.5,"state":"IDLE","t":"2026-07-16T11:28:33.7698548Z","type":"sample"}
{"channel":"rr","display":56.390977443609025,"mu":0,"quality":"OUT_OF_RANGE","raw":279.8,"sigma":1.5,"state":"IDLE","t":"2026-07-16T11:28:33.8102418Z","type":"sample"}
{"channel":"rr","display":56.390977443609025,"mu":0,"quality":"OUT_OF_RANGE","raw":279.4,"sigma":1.5,"state":"IDLE","t":"2026-07-16T11:28:33.8502212Z","type":"sample"}
{"channel":"gsr","display":3831.5,"mu":0,"quality":"OK","raw":3831.5,"sigma":10,"state":"IDLE","t":"2026-07-16T11:28:33.863861Z","type":"sample"}
{"channel":"rr","display":56.390977443609025,"mu":0,"quality":"OUT_OF_RANGE","raw":279.6,"sigma":1.5,"state":"IDLE","t":"2026-07-16T11:28:33.8898821Z","type":"sample"}
{"channel":"rr","display":56.390977443609025,"mu":0,"quality":"OUT_OF_RANGE","raw":280.1,"sigma":1.5,"state":"IDLE","t":"2026-07-16T11:28:33.9293054Z","type":"sample"}
{"channel":"gsr","display":3827.9,"mu":0,"quality":"OK","raw":3827.9,"sigma":10,"state":"IDLE","t":"2026-07-16T11:28:33.9621719Z","type":"sample"}
{"channel":"hr","display":0,"mu":0,"quality":"OUT_OF_RANGE","raw":0,"sigma":3,"state":"IDLE","t":"2026-07-16T11:28:33.9651789Z","type":"sample"}
{"channel":"rr","display":56.390977443609025,"mu":0,"quality":"OUT_OF_RANGE","raw":279.1,"sigma":1.5,"state":"IDLE","t":"2026-07-16T11:28:33.9698058Z","type":"sample"}
{"channel":"rr","display":56.390977443609025,"mu":0,"quality":"OUT_OF_RANGE","raw":280.2,"sigma":1.5,"state":"IDLE","t":"2026-07-16T11:28:34.0092593Z","type":"sample"}
{"channel":"rr","display":56.390977443609025,"mu":0,"quality":"OUT_OF_RANGE","raw":279.6,"sigma":1.5,"state":"IDLE","t":"2026-07-16T11:28:34.0500735Z","type":"sample"}
{"channel":"gsr","display":3831.8,"mu":0,"quality":"OK","raw":3831.8,"sigma":10,"state":"IDLE","t":"2026-07-16T11:28:34.0603753Z","type":"sample"}
{"channel":"rr","display":56.390977443609025,"mu":0,"quality":"OUT_OF_RANGE","raw":278.6,"sigma":1.5,"state":"IDLE","t":"2026-07-16T11:28:34.0891664Z","type":"sample"}
{"channel":"rr","display":56.390977443609025,"mu":0,"quality":"OUT_OF_RANGE","raw":279.9,"sigma":1.5,"state":"IDLE","t":"2026-07-16T11:28:34.1299083Z","type":"sample"}
{"channel":"gsr","display":3830.1,"mu":0,"quality":"OK","raw":3830.1,"sigma":10,"state":"IDLE","t":"2026-07-16T11:28:34.1638097Z","type":"sample"}
{"channel":"rr","display":56.390977443609025,"mu":0,"quality":"OUT_OF_RANGE","raw":279.5,"sigma":1.5,"state":"IDLE","t":"2026-07-16T11:28:34.1697678Z","type":"sample"}
{"channel":"rr","display":56.390977443609025,"mu":0,"quality":"OUT_OF_RANGE","raw":278.9,"sigma":1.5,"state":"IDLE","t":"2026-07-16T11:28:34.2099465Z","type":"sample"}
{"channel":"rr","display":56.390977443609025,"mu":0,"quality":"OUT_OF_RANGE","raw":280.1,"sigma":1.5,"state":"IDLE","t":"2026-07-16T11:28:34.2497732Z","type":"sample"}
{"channel":"gsr","display":3833,"mu":0,"quality":"OK","raw":3833,"sigma":10,"state":"IDLE","t":"2026-07-16T11:28:34.2641975Z","type":"sample"}
{"channel":"rr","display":56.390977443609025,"mu":0,"quality":"OUT_OF_RANGE","raw":280.1,"sigma":1.5,"state":"IDLE","t":"2026-07-16T11:28:34.2898587Z","type":"sample"}
{"channel":"rr","display":56.390977443609025,"mu":0,"quality":"OUT_OF_RANGE","raw":279.1,"sigma":1.5,"state":"IDLE","t":"2026-07-16T11:28:34.3299987Z","type":"sample"}
{"channel":"gsr","display":3835.8,"mu":0,"quality":"OK","raw":3835.8,"sigma":10,"state":"IDLE","t":"2026-07-16T11:28:34.3603182Z","type":"sample"}
{"channel":"rr","display":56.390977443609025,"mu":0,"quality":"OUT_OF_RANGE","raw":280.1,"sigma":1.5,"state":"IDLE","t":"2026-07-16T11:28:34.3696933Z","type":"sample"}
{"channel":"rr","display":56.390977443609025,"mu":0,"quality":"OUT_OF_RANGE","raw":279.4,"sigma":1.5,"state":"IDLE","t":"2026-07-16T11:28:34.4098821Z","type":"sample"}
{"channel":"rr","display":56.390977443609025,"mu":0,"quality":"OUT_OF_RANGE","raw":279.9,"sigma":1.5,"state":"IDLE","t":"2026-07-16T11:28:34.4501108Z","type":"sample"}
{"channel":"gsr","display":3836.2,"mu":0,"quality":"OK","raw":3836.2,"sigma":10,"state":"IDLE","t":"2026-07-16T11:28:34.4603583Z","type":"sample"}
{"channel":"hr","display":0,"mu":0,"quality":"OUT_OF_RANGE","raw":0,"sigma":3,"state":"IDLE","t":"2026-07-16T11:28:34.4648458Z","type":"sample"}
{"channel":"rr","display":56.390977443609025,"mu":0,"quality":"OUT_OF_RANGE","raw":279.9,"sigma":1.5,"state":"IDLE","t":"2026-07-16T11:28:34.4901834Z","type":"sample"}
{"channel":"rr","display":56.390977443609025,"mu":0,"quality":"OUT_OF_RANGE","raw":281,"sigma":1.5,"state":"IDLE","t":"2026-07-16T11:28:34.5293618Z","type":"sample"}
{"channel":"gsr","display":3841.8,"mu":0,"quality":"OK","raw":3841.8,"sigma":10,"state":"IDLE","t":"2026-07-16T11:28:34.560163Z","type":"sample"}
{"channel":"rr","display":56.390977443609025,"mu":0,"quality":"OUT_OF_RANGE","raw":280.4,"sigma":1.5,"state":"IDLE","t":"2026-07-16T11:28:34.573949Z","type":"sample"}
{"channel":"rr","display":56.390977443609025,"mu":0,"quality":"OUT_OF_RANGE","raw":280.3,"sigma":1.5,"state":"IDLE","t":"2026-07-16T11:28:34.610147Z","type":"sample"}
{"address":"/cue/g1/start","args":null,"channel":"system","dir":"out","t":"2026-07-16T11:28:34.6216037Z","type":"osc"}
{"channel":"rr","display":56.390977443609025,"mu":0,"quality":"OUT_OF_RANGE","raw":279.2,"sigma":1.5,"state":"IDLE","t":"2026-07-16T11:28:34.6501361Z","type":"sample"}
{"channel":"gsr","display":3845.6,"mu":0,"quality":"OK","raw":3845.6,"sigma":10,"state":"IDLE","t":"2026-07-16T11:28:34.6607315Z","type":"sample"}
{"address":"/cue/p/start","args":null,"channel":"system","dir":"out","t":"2026-07-16T11:28:34.6807505Z","type":"osc"}
{"channel":"rr","display":58.59375,"mu":0,"quality":"OUT_OF_RANGE","raw":281,"sigma":1.5,"state":"IDLE","t":"2026-07-16T11:28:34.6899278Z","type":"sample"}
{"channel":"rr","display":58.59375,"mu":0,"quality":"OUT_OF_RANGE","raw":280.5,"sigma":1.5,"state":"IDLE","t":"2026-07-16T11:28:34.7291528Z","type":"sample"}
{"channel":"gsr","display":3847,"mu":0,"quality":"OK","raw":3847,"sigma":10,"state":"IDLE","t":"2026-07-16T11:28:34.7641588Z","type":"sample"}
{"channel":"rr","display":58.59375,"mu":0,"quality":"OUT_OF_RANGE","raw":279.8,"sigma":1.5,"state":"IDLE","t":"2026-07-16T11:28:34.7700798Z","type":"sample"}
{"channel":"rr","display":58.59375,"mu":0,"quality":"OUT_OF_RANGE","raw":279,"sigma":1.5,"state":"IDLE","t":"2026-07-16T11:28:34.8101376Z","type":"sample"}
{"channel":"rr","display":58.59375,"mu":0,"quality":"OUT_OF_RANGE","raw":279.9,"sigma":1.5,"state":"IDLE","t":"2026-07-16T11:28:34.8501688Z","type":"sample"}
{"channel":"gsr","display":3852.2,"mu":0,"quality":"OK","raw":3852.2,"sigma":10,"state":"IDLE","t":"2026-07-16T11:28:34.8637765Z","type":"sample"}
{"channel":"rr","display":58.59375,"mu":0,"quality":"OUT_OF_RANGE","raw":280.2,"sigma":1.5,"state":"IDLE","t":"2026-07-16T11:28:34.8898787Z","type":"sample"}
{"channel":"rr","display":58.59375,"mu":0,"quality":"OUT_OF_RANGE","raw":279.2,"sigma":1.5,"state":"IDLE","t":"2026-07-16T11:28:34.9297815Z","type":"sample"}
{"channel":"gsr","display":3855.9,"mu":0,"quality":"OK","raw":3855.9,"sigma":10,"state":"IDLE","t":"2026-07-16T11:28:34.9643702Z","type":"sample"}
{"channel":"hr","display":0,"mu":0,"quality":"OUT_OF_RANGE","raw":0,"sigma":3,"state":"IDLE","t":"2026-07-16T11:28:34.9649381Z","type":"sample"}
{"channel":"rr","display":58.59375,"mu":0,"quality":"OUT_OF_RANGE","raw":279.2,"sigma":1.5,"state":"IDLE","t":"2026-07-16T11:28:34.9700847Z","type":"sample"}
{"channel":"rr","display":58.59375,"mu":0,"quality":"OUT_OF_RANGE","raw":280.4,"sigma":1.5,"state":"IDLE","t":"2026-07-16T11:28:35.0093419Z","type":"sample"}
{"channel":"rr","display":58.59375,"mu":0,"quality":"OUT_OF_RANGE","raw":279.6,"sigma":1.5,"state":"IDLE","t":"2026-07-16T11:28:35.0500227Z","type":"sample"}
{"channel":"gsr","display":3863.2,"mu":0,"quality":"OK","raw":3863.2,"sigma":10,"state":"IDLE","t":"2026-07-16T11:28:35.0617882Z","type":"sample"}
{"channel":"rr","display":58.59375,"mu":0,"quality":"OUT_OF_RANGE","raw":279.6,"sigma":1.5,"state":"IDLE","t":"2026-07-16T11:28:35.0891828Z","type":"sample"}
{"channel":"rr","display":58.59375,"mu":0,"quality":"OUT_OF_RANGE","raw":278.3,"sigma":1.5,"state":"IDLE","t":"2026-07-16T11:28:35.1291771Z","type":"sample"}
{"channel":"gsr","display":3878.2,"mu":0,"quality":"OK","raw":3878.2,"sigma":10,"state":"IDLE","t":"2026-07-16T11:28:35.1602059Z","type":"sample"}
{"channel":"rr","display":58.59375,"mu":0,"quality":"OUT_OF_RANGE","raw":280.2,"sigma":1.5,"state":"IDLE","t":"2026-07-16T11:28:35.1701931Z","type":"sample"}
{"channel":"rr","display":58.59375,"mu":0,"quality":"OUT_OF_RANGE","raw":279.2,"sigma":1.5,"state":"IDLE","t":"2026-07-16T11:28:35.2092061Z","type":"sample"}
{"channel":"rr","display":58.59375,"mu":0,"quality":"OUT_OF_RANGE","raw":279.9,"sigma":1.5,"state":"IDLE","t":"2026-07-16T11:28:35.2500315Z","type":"sample"}
{"channel":"gsr","display":3888.7,"mu":0,"quality":"OK","raw":3888.7,"sigma":10,"state":"IDLE","t":"2026-07-16T11:28:35.2638829Z","type":"sample"}
{"channel":"rr","display":58.59375,"mu":0,"quality":"OUT_OF_RANGE","raw":279.6,"sigma":1.5,"state":"IDLE","t":"2026-07-16T11:28:35.2898327Z","type":"sample"}
{"channel":"rr","display":58.59375,"mu":0,"quality":"OUT_OF_RANGE","raw":279.4,"sigma":1.5,"state":"IDLE","t":"2026-07-16T11:28:35.3292796Z","type":"sample"}
{"channel":"gsr","display":3903.2,"mu":0,"quality":"OK","raw":3903.2,"sigma":10,"state":"IDLE","t":"2026-07-16T11:28:35.3606908Z","type":"sample"}
{"channel":"rr","display":58.59375,"mu":0,"quality":"OUT_OF_RANGE","raw":279.9,"sigma":1.5,"state":"IDLE","t":"2026-07-16T11:28:35.3693429Z","type":"sample"}
{"channel":"rr","display":58.59375,"mu":0,"quality":"OUT_OF_RANGE","raw":280.2,"sigma":1.5,"state":"IDLE","t":"2026-07-16T11:28:35.4100922Z","type":"sample"}
{"channel":"rr","display":58.59375,"mu":0,"quality":"OUT_OF_RANGE","raw":279.4,"sigma":1.5,"state":"IDLE","t":"2026-07-16T11:28:35.4501554Z","type":"sample"}
{"channel":"gsr","display":3912.2,"mu":0,"quality":"OK","raw":3912.2,"sigma":10,"state":"IDLE","t":"2026-07-16T11:28:35.4634874Z","type":"sample"}
{"channel":"hr","display":0,"mu":0,"quality":"OUT_OF_RANGE","raw":0,"sigma":3,"state":"IDLE","t":"2026-07-16T11:28:35.4634874Z","type":"sample"}
{"channel":"rr","display":58.59375,"mu":0,"quality":"OUT_OF_RANGE","raw":279.1,"sigma":1.5,"state":"IDLE","t":"2026-07-16T11:28:35.490127Z","type":"sample"}
{"channel":"rr","display":58.59375,"mu":0,"quality":"OUT_OF_RANGE","raw":280.2,"sigma":1.5,"state":"IDLE","t":"2026-07-16T11:28:35.5293132Z","type":"sample"}
{"channel":"gsr","display":3905.4,"mu":0,"quality":"OK","raw":3905.4,"sigma":10,"state":"IDLE","t":"2026-07-16T11:28:35.56071Z","type":"sample"}
{"channel":"rr","display":58.59375,"mu":0,"quality":"OUT_OF_RANGE","raw":279.9,"sigma":1.5,"state":"IDLE","t":"2026-07-16T11:28:35.5700301Z","type":"sample"}
{"channel":"rr","display":58.59375,"mu":0,"quality":"OUT_OF_RANGE","raw":279.1,"sigma":1.5,"state":"IDLE","t":"2026-07-16T11:28:35.6092717Z","type":"sample"}
{"address":"/cue/g1/start","args":null,"channel":"system","dir":"out","t":"2026-07-16T11:28:35.6281346Z","type":"osc"}
{"channel":"rr","display":58.59375,"mu":0,"quality":"OUT_OF_RANGE","raw":279,"sigma":1.5,"state":"IDLE","t":"2026-07-16T11:28:35.6502932Z","type":"sample"}
{"channel":"gsr","display":3916.2,"mu":0,"quality":"OK","raw":3916.2,"sigma":10,"state":"IDLE","t":"2026-07-16T11:28:35.6602365Z","type":"sample"}
{"address":"/cue/p/start","args":null,"channel":"system","dir":"out","t":"2026-07-16T11:28:35.6815156Z","type":"osc"}
{"channel":"rr","display":58.59375,"mu":0,"quality":"OUT_OF_RANGE","raw":280.4,"sigma":1.5,"state":"IDLE","t":"2026-07-16T11:28:35.6893207Z","type":"sample"}
{"channel":"rr","display":58.59375,"mu":0,"quality":"OUT_OF_RANGE","raw":278.9,"sigma":1.5,"state":"IDLE","t":"2026-07-16T11:28:35.7293082Z","type":"sample"}
{"channel":"gsr","display":3965.5,"mu":0,"quality":"OK","raw":3965.5,"sigma":10,"state":"IDLE","t":"2026-07-16T11:28:35.7639533Z","type":"sample"}
{"channel":"rr","display":58.59375,"mu":0,"quality":"OUT_OF_RANGE","raw":279.4,"sigma":1.5,"state":"IDLE","t":"2026-07-16T11:28:35.7697145Z","type":"sample"}
{"channel":"rr","display":58.59375,"mu":0,"quality":"OUT_OF_RANGE","raw":279,"sigma":1.5,"state":"IDLE","t":"2026-07-16T11:28:35.8092808Z","type":"sample"}
{"channel":"rr","display":58.59375,"mu":0,"quality":"OUT_OF_RANGE","raw":279.4,"sigma":1.5,"state":"IDLE","t":"2026-07-16T11:28:35.8501972Z","type":"sample"}
{"channel":"gsr","display":4016.3,"mu":0,"quality":"OK","raw":4016.3,"sigma":10,"state":"IDLE","t":"2026-07-16T11:28:35.8641521Z","type":"sample"}
{"channel":"rr","display":58.59375,"mu":0,"quality":"OUT_OF_RANGE","raw":280.1,"sigma":1.5,"state":"IDLE","t":"2026-07-16T11:28:35.8901777Z","type":"sample"}
{"channel":"rr","display":58.59375,"mu":0,"quality":"OUT_OF_RANGE","raw":279.2,"sigma":1.5,"state":"IDLE","t":"2026-07-16T11:28:35.9291689Z","type":"sample"}
{"channel":"gsr","display":4054.1,"mu":0,"quality":"OK","raw":4054.1,"sigma":10,"state":"IDLE","t":"2026-07-16T11:28:35.9605427Z","type":"sample"}
{"channel":"hr","display":0,"mu":0,"quality":"OUT_OF_RANGE","raw":0,"sigma":3,"state":"IDLE","t":"2026-07-16T11:28:35.9605427Z","type":"sample"}
{"channel":"rr","display":58.59375,"mu":0,"quality":"OUT_OF_RANGE","raw":278.9,"sigma":1.5,"state":"IDLE","t":"2026-07-16T11:28:35.9698837Z","type":"sample"}
{"channel":"rr","display":58.59375,"mu":0,"quality":"OUT_OF_RANGE","raw":280.1,"sigma":1.5,"state":"IDLE","t":"2026-07-16T11:28:36.0098503Z","type":"sample"}
{"channel":"rr","display":58.59375,"mu":0,"quality":"OUT_OF_RANGE","raw":280.3,"sigma":1.5,"state":"IDLE","t":"2026-07-16T11:28:36.0493393Z","type":"sample"}
{"channel":"gsr","event":"quality_change","quality":"OUT_OF_RANGE","t":"2026-07-16T11:28:36.0623593Z","type":"event"}
{"channel":"gsr","display":0,"mu":0,"quality":"OUT_OF_RANGE","raw":4072.1,"sigma":10,"state":"IDLE","t":"2026-07-16T11:28:36.0623593Z","type":"sample"}
{"channel":"rr","display":58.59375,"mu":0,"quality":"OUT_OF_RANGE","raw":279.9,"sigma":1.5,"state":"IDLE","t":"2026-07-16T11:28:36.0896592Z","type":"sample"}
{"channel":"rr","display":58.59375,"mu":0,"quality":"OUT_OF_RANGE","raw":279.9,"sigma":1.5,"state":"IDLE","t":"2026-07-16T11:28:36.1293117Z","type":"sample"}
{"channel":"gsr","display":0,"mu":0,"quality":"OUT_OF_RANGE","raw":4089.6,"sigma":10,"state":"IDLE","t":"2026-07-16T11:28:36.1600964Z","type":"sample"}
{"channel":"rr","display":58.59375,"mu":0,"quality":"OUT_OF_RANGE","raw":279.9,"sigma":1.5,"state":"IDLE","t":"2026-07-16T11:28:36.1693642Z","type":"sample"}
{"channel":"rr","display":58.59375,"mu":0,"quality":"OUT_OF_RANGE","raw":279.4,"sigma":1.5,"state":"IDLE","t":"2026-07-16T11:28:36.2100147Z","type":"sample"}
{"channel":"rr","display":58.59375,"mu":0,"quality":"OUT_OF_RANGE","raw":279.9,"sigma":1.5,"state":"IDLE","t":"2026-07-16T11:28:36.2508268Z","type":"sample"}
{"channel":"gsr","display":0,"mu":0,"quality":"OUT_OF_RANGE","raw":4092.2,"sigma":10,"state":"IDLE","t":"2026-07-16T11:28:36.2607748Z","type":"sample"}
{"channel":"rr","display":58.59375,"mu":0,"quality":"OUT_OF_RANGE","raw":279.1,"sigma":1.5,"state":"IDLE","t":"2026-07-16T11:28:36.2902259Z","type":"sample"}
{"channel":"rr","display":58.59375,"mu":0,"quality":"OUT_OF_RANGE","raw":280.1,"sigma":1.5,"state":"IDLE","t":"2026-07-16T11:28:36.3294398Z","type":"sample"}
{"channel":"gsr","display":0,"mu":0,"quality":"OUT_OF_RANGE","raw":4087.7,"sigma":10,"state":"IDLE","t":"2026-07-16T11:28:36.3600218Z","type":"sample"}
{"channel":"rr","display":58.59375,"mu":0,"quality":"OUT_OF_RANGE","raw":279.4,"sigma":1.5,"state":"IDLE","t":"2026-07-16T11:28:36.3698211Z","type":"sample"}
{"channel":"rr","display":58.59375,"mu":0,"quality":"OUT_OF_RANGE","raw":279.8,"sigma":1.5,"state":"IDLE","t":"2026-07-16T11:28:36.4098836Z","type":"sample"}
{"channel":"rr","display":58.59375,"mu":0,"quality":"OUT_OF_RANGE","raw":279.2,"sigma":1.5,"state":"IDLE","t":"2026-07-16T11:28:36.4503272Z","type":"sample"}
{"channel":"gsr","display":3992.1,"mu":0,"quality":"OUT_OF_RANGE","raw":3992.1,"sigma":10,"state":"IDLE","t":"2026-07-16T11:28:36.4599327Z","type":"sample"}
{"channel":"hr","display":0,"mu":0,"quality":"OUT_OF_RANGE","raw":0,"sigma":3,"state":"IDLE","t":"2026-07-16T11:28:36.4599327Z","type":"sample"}
{"channel":"rr","display":58.59375,"mu":0,"quality":"OUT_OF_RANGE","raw":279.7,"sigma":1.5,"state":"IDLE","t":"2026-07-16T11:28:36.48934Z","type":"sample"}
{"channel":"rr","display":58.59375,"mu":0,"quality":"OUT_OF_RANGE","raw":280.4,"sigma":1.5,"state":"IDLE","t":"2026-07-16T11:28:36.5300453Z","type":"sample"}
{"channel":"gsr","display":3934.7,"mu":0,"quality":"OUT_OF_RANGE","raw":3934.7,"sigma":10,"state":"IDLE","t":"2026-07-16T11:28:36.5606852Z","type":"sample"}
{"channel":"rr","display":58.59375,"mu":0,"quality":"OUT_OF_RANGE","raw":279.8,"sigma":1.5,"state":"IDLE","t":"2026-07-16T11:28:36.5700038Z","type":"sample"}
{"channel":"rr","display":58.59375,"mu":0,"quality":"OUT_OF_RANGE","raw":279.2,"sigma":1.5,"state":"IDLE","t":"2026-07-16T11:28:36.6102448Z","type":"sample"}
{"channel":"rr","display":58.59375,"mu":0,"quality":"OUT_OF_RANGE","raw":280,"sigma":1.5,"state":"IDLE","t":"2026-07-16T11:28:36.6497475Z","type":"sample"}
{"channel":"gsr","display":3914.7,"mu":0,"quality":"OUT_OF_RANGE","raw":3914.7,"sigma":10,"state":"IDLE","t":"2026-07-16T11:28:36.6606842Z","type":"sample"}
{"address":"/cue/p/start","args":null,"channel":"system","dir":"out","t":"2026-07-16T11:28:36.681481Z","type":"osc"}
{"channel":"rr","display":58.59375,"mu":0,"quality":"OUT_OF_RANGE","raw":279.2,"sigma":1.5,"state":"IDLE","t":"2026-07-16T11:28:36.6893148Z","type":"sample"}
{"channel":"rr","display":58.59375,"mu":0,"quality":"OUT_OF_RANGE","raw":280,"sigma":1.5,"state":"IDLE","t":"2026-07-16T11:28:36.7301895Z","type":"sample"}
{"channel":"gsr","display":3891.1,"mu":0,"quality":"OUT_OF_RANGE","raw":3891.1,"sigma":10,"state":"IDLE","t":"2026-07-16T11:28:36.7601195Z","type":"sample"}
{"channel":"rr","display":58.59375,"mu":0,"quality":"OUT_OF_RANGE","raw":280.1,"sigma":1.5,"state":"IDLE","t":"2026-07-16T11:28:36.7702502Z","type":"sample"}
{"channel":"rr","display":58.59375,"mu":0,"quality":"OUT_OF_RANGE","raw":280.6,"sigma":1.5,"state":"IDLE","t":"2026-07-16T11:28:36.8102229Z","type":"sample"}
{"channel":"rr","display":58.59375,"mu":0,"quality":"OUT_OF_RANGE","raw":280,"sigma":1.5,"state":"IDLE","t":"2026-07-16T11:28:36.8506869Z","type":"sample"}
{"channel":"gsr","display":3877.9,"mu":0,"quality":"OUT_OF_RANGE","raw":3877.9,"sigma":10,"state":"IDLE","t":"2026-07-16T11:28:36.8643024Z","type":"sample"}
{"channel":"rr","display":58.59375,"mu":0,"quality":"OUT_OF_RANGE","raw":279.9,"sigma":1.5,"state":"IDLE","t":"2026-07-16T11:28:36.8898753Z","type":"sample"}
{"channel":"rr","display":58.59375,"mu":0,"quality":"OUT_OF_RANGE","raw":279.4,"sigma":1.5,"state":"IDLE","t":"2026-07-16T11:28:36.9299596Z","type":"sample"}
{"channel":"gsr","display":3866.7,"mu":0,"quality":"OUT_OF_RANGE","raw":3866.7,"sigma":10,"state":"IDLE","t":"2026-07-16T11:28:36.9637686Z","type":"sample"}
{"channel":"hr","display":0,"mu":0,"quality":"OUT_OF_RANGE","raw":0,"sigma":3,"state":"IDLE","t":"2026-07-16T11:28:36.9647785Z","type":"sample"}
{"channel":"rr","display":58.59375,"mu":0,"quality":"OUT_OF_RANGE","raw":280.2,"sigma":1.5,"state":"IDLE","t":"2026-07-16T11:28:36.9702547Z","type":"sample"}
{"channel":"rr","display":58.59375,"mu":0,"quality":"OUT_OF_RANGE","raw":280.2,"sigma":1.5,"state":"IDLE","t":"2026-07-16T11:28:37.00991Z","type":"sample"}
{"channel":"rr","display":58.59375,"mu":0,"quality":"OUT_OF_RANGE","raw":279.8,"sigma":1.5,"state":"IDLE","t":"2026-07-16T11:28:37.0501575Z","type":"sample"}
{"channel":"gsr","display":3868.6,"mu":0,"quality":"OUT_OF_RANGE","raw":3868.6,"sigma":10,"state":"IDLE","t":"2026-07-16T11:28:37.0613258Z","type":"sample"}
{"channel":"rr","display":58.59375,"mu":0,"quality":"OUT_OF_RANGE","raw":280.1,"sigma":1.5,"state":"IDLE","t":"2026-07-16T11:28:37.0899776Z","type":"sample"}
{"channel":"rr","display":58.59375,"mu":0,"quality":"OUT_OF_RANGE","raw":280.4,"sigma":1.5,"state":"IDLE","t":"2026-07-16T11:28:37.1300642Z","type":"sample"}
{"channel":"gsr","event":"quality_change","quality":"OK","t":"2026-07-16T11:28:37.1642944Z","type":"event"}
{"channel":"gsr","display":3854.5,"mu":0,"quality":"OK","raw":3854.5,"sigma":10,"state":"IDLE","t":"2026-07-16T11:28:37.1642944Z","type":"sample"}
{"channel":"rr","display":58.59375,"mu":0,"quality":"OUT_OF_RANGE","raw":278.8,"sigma":1.5,"state":"IDLE","t":"2026-07-16T11:28:37.170035Z","type":"sample"}
{"channel":"rr","display":58.59375,"mu":0,"quality":"OUT_OF_RANGE","raw":280,"sigma":1.5,"state":"IDLE","t":"2026-07-16T11:28:37.2093453Z","type":"sample"}
{"address":"/cue/g1/start","args":null,"channel":"system","dir":"out","t":"2026-07-16T11:28:37.2445114Z","type":"osc"}
{"channel":"rr","display":58.59375,"mu":0,"quality":"OUT_OF_RANGE","raw":279.8,"sigma":1.5,"state":"IDLE","t":"2026-07-16T11:28:37.250209Z","type":"sample"}
{"channel":"gsr","display":3851.5,"mu":0,"quality":"OK","raw":3851.5,"sigma":10,"state":"IDLE","t":"2026-07-16T11:28:37.2603504Z","type":"sample"}
{"channel":"rr","display":58.59375,"mu":0,"quality":"OUT_OF_RANGE","raw":279.1,"sigma":1.5,"state":"IDLE","t":"2026-07-16T11:28:37.2896151Z","type":"sample"}
{"channel":"rr","display":58.59375,"mu":0,"quality":"OUT_OF_RANGE","raw":278.9,"sigma":1.5,"state":"IDLE","t":"2026-07-16T11:28:37.3301448Z","type":"sample"}
{"channel":"gsr","display":3844.9,"mu":0,"quality":"OK","raw":3844.9,"sigma":10,"state":"IDLE","t":"2026-07-16T11:28:37.36418Z","type":"sample"}
{"channel":"rr","display":58.59375,"mu":0,"quality":"OUT_OF_RANGE","raw":279.2,"sigma":1.5,"state":"IDLE","t":"2026-07-16T11:28:37.3698306Z","type":"sample"}
{"channel":"rr","display":58.59375,"mu":0,"quality":"OUT_OF_RANGE","raw":280.7,"sigma":1.5,"state":"IDLE","t":"2026-07-16T11:28:37.4098746Z","type":"sample"}
{"channel":"rr","display":58.59375,"mu":0,"quality":"OUT_OF_RANGE","raw":279.4,"sigma":1.5,"state":"IDLE","t":"2026-07-16T11:28:37.4500422Z","type":"sample"}
{"channel":"gsr","display":3839.4,"mu":0,"quality":"OK","raw":3839.4,"sigma":10,"state":"IDLE","t":"2026-07-16T11:28:37.4602471Z","type":"sample"}
{"channel":"hr","display":0,"mu":0,"quality":"OUT_OF_RANGE","raw":0,"sigma":3,"state":"IDLE","t":"2026-07-16T11:28:37.4602471Z","type":"sample"}
{"channel":"rr","display":58.59375,"mu":0,"quality":"OUT_OF_RANGE","raw":279.6,"sigma":1.5,"state":"IDLE","t":"2026-07-16T11:28:37.4892818Z","type":"sample"}
{"channel":"rr","display":58.59375,"mu":0,"quality":"OUT_OF_RANGE","raw":279.4,"sigma":1.5,"state":"IDLE","t":"2026-07-16T11:28:37.5301279Z","type":"sample"}
{"channel":"gsr","display":3840.4,"mu":0,"quality":"OK","raw":3840.4,"sigma":10,"state":"IDLE","t":"2026-07-16T11:28:37.5622534Z","type":"sample"}
{"channel":"rr","display":58.59375,"mu":0,"quality":"OUT_OF_RANGE","raw":279.1,"sigma":1.5,"state":"IDLE","t":"2026-07-16T11:28:37.5698277Z","type":"sample"}
{"channel":"rr","display":58.59375,"mu":0,"quality":"OUT_OF_RANGE","raw":280.2,"sigma":1.5,"state":"IDLE","t":"2026-07-16T11:28:37.6103509Z","type":"sample"}
{"channel":"rr","display":58.59375,"mu":0,"quality":"OUT_OF_RANGE","raw":279.8,"sigma":1.5,"state":"IDLE","t":"2026-07-16T11:28:37.6505266Z","type":"sample"}
{"channel":"gsr","display":3830.9,"mu":0,"quality":"OK","raw":3830.9,"sigma":10,"state":"IDLE","t":"2026-07-16T11:28:37.6600527Z","type":"sample"}
{"address":"/cue/p/start","args":null,"channel":"system","dir":"out","t":"2026-07-16T11:28:37.6810609Z","type":"osc"}
{"channel":"rr","display":58.59375,"mu":0,"quality":"OUT_OF_RANGE","raw":280.1,"sigma":1.5,"state":"IDLE","t":"2026-07-16T11:28:37.6900114Z","type":"sample"}
{"channel":"rr","display":58.59375,"mu":0,"quality":"OUT_OF_RANGE","raw":280.1,"sigma":1.5,"state":"IDLE","t":"2026-07-16T11:28:37.7293645Z","type":"sample"}
{"channel":"gsr","display":3821.1,"mu":0,"quality":"OK","raw":3821.1,"sigma":10,"state":"IDLE","t":"2026-07-16T11:28:37.7639559Z","type":"sample"}
{"channel":"rr","display":58.59375,"mu":0,"quality":"OUT_OF_RANGE","raw":279.4,"sigma":1.5,"state":"IDLE","t":"2026-07-16T11:28:37.7700216Z","type":"sample"}
{"channel":"rr","display":58.59375,"mu":0,"quality":"OUT_OF_RANGE","raw":279.7,"sigma":1.5,"state":"IDLE","t":"2026-07-16T11:28:37.8099135Z","type":"sample"}
{"channel":"rr","display":58.59375,"mu":0,"quality":"OUT_OF_RANGE","raw":279.8,"sigma":1.5,"state":"IDLE","t":"2026-07-16T11:28:37.8504285Z","type":"sample"}
{"channel":"gsr","display":3814.7,"mu":0,"quality":"OK","raw":3814.7,"sigma":10,"state":"IDLE","t":"2026-07-16T11:28:37.8643132Z","type":"sample"}
{"channel":"rr","display":58.59375,"mu":0,"quality":"OUT_OF_RANGE","raw":280.1,"sigma":1.5,"state":"IDLE","t":"2026-07-16T11:28:37.8898783Z","type":"sample"}
{"channel":"rr","display":58.59375,"mu":0,"quality":"OUT_OF_RANGE","raw":279.6,"sigma":1.5,"state":"IDLE","t":"2026-07-16T11:28:37.9292713Z","type":"sample"}
{"channel":"gsr","display":3811.9,"mu":0,"quality":"OK","raw":3811.9,"sigma":10,"state":"IDLE","t":"2026-07-16T11:28:37.9605899Z","type":"sample"}
{"channel":"hr","display":0,"mu":0,"quality":"OUT_OF_RANGE","raw":0,"sigma":3,"state":"IDLE","t":"2026-07-16T11:28:37.9645669Z","type":"sample"}
{"channel":"rr","display":58.59375,"mu":0,"quality":"OUT_OF_RANGE","raw":279.5,"sigma":1.5,"state":"IDLE","t":"2026-07-16T11:28:37.9700214Z","type":"sample"}
{"channel":"rr","display":58.59375,"mu":0,"quality":"OUT_OF_RANGE","raw":279.8,"sigma":1.5,"state":"IDLE","t":"2026-07-16T11:28:38.0093538Z","type":"sample"}
{"channel":"rr","display":58.59375,"mu":0,"quality":"OUT_OF_RANGE","raw":280.1,"sigma":1.5,"state":"IDLE","t":"2026-07-16T11:28:38.0503657Z","type":"sample"}
{"channel":"gsr","display":3807.6,"mu":0,"quality":"OK","raw":3807.6,"sigma":10,"state":"IDLE","t":"2026-07-16T11:28:38.0603298Z","type":"sample"}
{"channel":"rr","display":58.59375,"mu":0,"quality":"OUT_OF_RANGE","raw":280.3,"sigma":1.5,"state":"IDLE","t":"2026-07-16T11:28:38.089109Z","type":"sample"}
{"channel":"rr","display":58.59375,"mu":0,"quality":"OUT_OF_RANGE","raw":279.8,"sigma":1.5,"state":"IDLE","t":"2026-07-16T11:28:38.1292984Z","type":"sample"}
{"channel":"gsr","display":3797.9,"mu":0,"quality":"OK","raw":3797.9,"sigma":10,"state":"IDLE","t":"2026-07-16T11:28:38.1634207Z","type":"sample"}
{"channel":"rr","display":58.59375,"mu":0,"quality":"OUT_OF_RANGE","raw":280.4,"sigma":1.5,"state":"IDLE","t":"2026-07-16T11:28:38.1701692Z","type":"sample"}
{"channel":"rr","display":58.59375,"mu":0,"quality":"OUT_OF_RANGE","raw":279.9,"sigma":1.5,"state":"IDLE","t":"2026-07-16T11:28:38.2100195Z","type":"sample"}
{"channel":"rr","display":58.59375,"mu":0,"quality":"OUT_OF_RANGE","raw":279.2,"sigma":1.5,"state":"IDLE","t":"2026-07-16T11:28:38.2500864Z","type":"sample"}
{"address":"/cue/g1/start","args":null,"channel":"system","dir":"out","t":"2026-07-16T11:28:38.2519401Z","type":"osc"}
{"channel":"gsr","display":3797.2,"mu":0,"quality":"OK","raw":3797.2,"sigma":10,"state":"IDLE","t":"2026-07-16T11:28:38.2638915Z","type":"sample"}
{"channel":"rr","display":58.59375,"mu":0,"quality":"OUT_OF_RANGE","raw":280.3,"sigma":1.5,"state":"IDLE","t":"2026-07-16T11:28:38.2899779Z","type":"sample"}
{"channel":"rr","display":58.59375,"mu":0,"quality":"OUT_OF_RANGE","raw":279.6,"sigma":1.5,"state":"IDLE","t":"2026-07-16T11:28:38.3294129Z","type":"sample"}
{"channel":"gsr","display":3792.9,"mu":0,"quality":"OK","raw":3792.9,"sigma":10,"state":"IDLE","t":"2026-07-16T11:28:38.3603528Z","type":"sample"}
{"channel":"rr","display":58.59375,"mu":0,"quality":"OUT_OF_RANGE","raw":280.2,"sigma":1.5,"state":"IDLE","t":"2026-07-16T11:28:38.3703751Z","type":"sample"}
{"channel":"rr","display":58.59375,"mu":0,"quality":"OUT_OF_RANGE","raw":279.9,"sigma":1.5,"state":"IDLE","t":"2026-07-16T11:28:38.4101809Z","type":"sample"}
{"channel":"rr","display":58.59375,"mu":0,"quality":"OUT_OF_RANGE","raw":279.4,"sigma":1.5,"state":"IDLE","t":"2026-07-16T11:28:38.4503837Z","type":"sample"}
{"channel":"gsr","display":3785.3,"mu":0,"quality":"OK","raw":3785.3,"sigma":10,"state":"IDLE","t":"2026-07-16T11:28:38.4610366Z","type":"sample"}
{"channel":"hr","display":0,"mu":0,"quality":"OUT_OF_RANGE","raw":0,"sigma":3,"state":"IDLE","t":"2026-07-16T11:28:38.4610366Z","type":"sample"}
{"channel":"rr","display":58.59375,"mu":0,"quality":"OUT_OF_RANGE","raw":279.9,"sigma":1.5,"state":"IDLE","t":"2026-07-16T11:28:38.4899566Z","type":"sample"}
{"channel":"rr","display":58.59375,"mu":0,"quality":"OUT_OF_RANGE","raw":280.4,"sigma":1.5,"state":"IDLE","t":"2026-07-16T11:28:38.5299128Z","type":"sample"}
{"channel":"gsr","display":3781.2,"mu":0,"quality":"OK","raw":3781.2,"sigma":10,"state":"IDLE","t":"2026-07-16T11:28:38.5625737Z","type":"sample"}
{"channel":"rr","display":58.59375,"mu":0,"quality":"OUT_OF_RANGE","raw":280.2,"sigma":1.5,"state":"IDLE","t":"2026-07-16T11:28:38.5698299Z","type":"sample"}
{"channel":"rr","display":58.59375,"mu":0,"quality":"OUT_OF_RANGE","raw":278.8,"sigma":1.5,"state":"IDLE","t":"2026-07-16T11:28:38.6091346Z","type":"sample"}
{"channel":"rr","display":58.59375,"mu":0,"quality":"OUT_OF_RANGE","raw":279.9,"sigma":1.5,"state":"IDLE","t":"2026-07-16T11:28:38.6503709Z","type":"sample"}
{"channel":"gsr","display":3779.8,"mu":0,"quality":"OK","raw":3779.8,"sigma":10,"state":"IDLE","t":"2026-07-16T11:28:38.660213Z","type":"sample"}
{"address":"/cue/p/start","args":null,"channel":"system","dir":"out","t":"2026-07-16T11:28:38.6811734Z","type":"osc"}
{"channel":"rr","display":58.59375,"mu":0,"quality":"OUT_OF_RANGE","raw":280.2,"sigma":1.5,"state":"IDLE","t":"2026-07-16T11:28:38.6900342Z","type":"sample"}
{"channel":"rr","display":58.59375,"mu":0,"quality":"OUT_OF_RANGE","raw":279.4,"sigma":1.5,"state":"IDLE","t":"2026-07-16T11:28:38.7300313Z","type":"sample"}
{"channel":"gsr","display":3774.8,"mu":0,"quality":"OK","raw":3774.8,"sigma":10,"state":"IDLE","t":"2026-07-16T11:28:38.7625629Z","type":"sample"}
{"channel":"rr","display":58.59375,"mu":0,"quality":"OUT_OF_RANGE","raw":280.2,"sigma":1.5,"state":"IDLE","t":"2026-07-16T11:28:38.770091Z","type":"sample"}
{"channel":"rr","display":58.59375,"mu":0,"quality":"OUT_OF_RANGE","raw":279.2,"sigma":1.5,"state":"IDLE","t":"2026-07-16T11:28:38.8100359Z","type":"sample"}
{"channel":"rr","display":58.59375,"mu":0,"quality":"OUT_OF_RANGE","raw":279.7,"sigma":1.5,"state":"IDLE","t":"2026-07-16T11:28:38.8493292Z","type":"sample"}
{"channel":"gsr","display":3773.2,"mu":0,"quality":"OK","raw":3773.2,"sigma":10,"state":"IDLE","t":"2026-07-16T11:28:38.86397Z","type":"sample"}
{"channel":"rr","display":58.59375,"mu":0,"quality":"OUT_OF_RANGE","raw":279.6,"sigma":1.5,"state":"IDLE","t":"2026-07-16T11:28:38.8898821Z","type":"sample"}
{"channel":"rr","display":57.25190839694657,"mu":0,"quality":"OUT_OF_RANGE","raw":280.2,"sigma":1.5,"state":"IDLE","t":"2026-07-16T11:28:38.9299439Z","type":"sample"}
{"channel":"gsr","display":3762.5,"mu":0,"quality":"OK","raw":3762.5,"sigma":10,"state":"IDLE","t":"2026-07-16T11:28:38.963394Z","type":"sample"}
{"channel":"hr","display":0,"mu":0,"quality":"OUT_OF_RANGE","raw":0,"sigma":3,"state":"IDLE","t":"2026-07-16T11:28:38.963394Z","type":"sample"}
{"channel":"rr","display":57.25190839694657,"mu":0,"quality":"OUT_OF_RANGE","raw":279.4,"sigma":1.5,"state":"IDLE","t":"2026-07-16T11:28:38.9700872Z","type":"sample"}
{"channel":"rr","display":57.25190839694657,"mu":0,"quality":"OUT_OF_RANGE","raw":279.3,"sigma":1.5,"state":"IDLE","t":"2026-07-16T11:28:39.0092766Z","type":"sample"}
{"channel":"rr","display":57.25190839694657,"mu":0,"quality":"OUT_OF_RANGE","raw":278.8,"sigma":1.5,"state":"IDLE","t":"2026-07-16T11:28:39.0499706Z","type":"sample"}
{"channel":"gsr","display":3760,"mu":0,"quality":"OK","raw":3760,"sigma":10,"state":"IDLE","t":"2026-07-16T11:28:39.0626214Z","type":"sample"}
{"channel":"rr","display":57.25190839694657,"mu":0,"quality":"OUT_OF_RANGE","raw":279.4,"sigma":1.5,"state":"IDLE","t":"2026-07-16T11:28:39.0898895Z","type":"sample"}
{"channel":"rr","display":57.25190839694657,"mu":0,"quality":"OUT_OF_RANGE","raw":279.6,"sigma":1.5,"state":"IDLE","t":"2026-07-16T11:28:39.1300341Z","type":"sample"}
{"channel":"gsr","display":3756.5,"mu":0,"quality":"OK","raw":3756.5,"sigma":10,"state":"IDLE","t":"2026-07-16T11:28:39.1610636Z","type":"sample"}
{"channel":"rr","display":57.25190839694657,"mu":0,"quality":"OUT_OF_RANGE","raw":280.2,"sigma":1.5,"state":"IDLE","t":"2026-07-16T11:28:39.1700991Z","type":"sample"}
{"channel":"rr","display":57.25190839694657,"mu":0,"quality":"OUT_OF_RANGE","raw":279.8,"sigma":1.5,"state":"IDLE","t":"2026-07-16T11:28:39.209939Z","type":"sample"}
{"channel":"rr","display":57.25190839694657,"mu":0,"quality":"OUT_OF_RANGE","raw":279.6,"sigma":1.5,"state":"IDLE","t":"2026-07-16T11:28:39.2502526Z","type":"sample"}
{"address":"/cue/g1/start","args":null,"channel":"system","dir":"out","t":"2026-07-16T11:28:39.2618741Z","type":"osc"}
{"channel":"gsr","display":3751.4,"mu":0,"quality":"OK","raw":3751.4,"sigma":10,"state":"IDLE","t":"2026-07-16T11:28:39.2639345Z","type":"sample"}
{"channel":"rr","display":57.25190839694657,"mu":0,"quality":"OUT_OF_RANGE","raw":279.8,"sigma":1.5,"state":"IDLE","t":"2026-07-16T11:28:39.290122Z","type":"sample"}
{"channel":"rr","display":57.25190839694657,"mu":0,"quality":"OUT_OF_RANGE","raw":280.8,"sigma":1.5,"state":"IDLE","t":"2026-07-16T11:28:39.3298255Z","type":"sample"}
{"channel":"gsr","display":3743.1,"mu":0,"quality":"OK","raw":3743.1,"sigma":10,"state":"IDLE","t":"2026-07-16T11:28:39.3620592Z","type":"sample"}
{"channel":"rr","display":57.25190839694657,"mu":0,"quality":"OUT_OF_RANGE","raw":279.8,"sigma":1.5,"state":"IDLE","t":"2026-07-16T11:28:39.3701454Z","type":"sample"}
{"channel":"rr","display":57.25190839694657,"mu":0,"quality":"OUT_OF_RANGE","raw":279.8,"sigma":1.5,"state":"IDLE","t":"2026-07-16T11:28:39.4099774Z","type":"sample"}
{"channel":"rr","display":57.25190839694657,"mu":0,"quality":"OUT_OF_RANGE","raw":279.4,"sigma":1.5,"state":"IDLE","t":"2026-07-16T11:28:39.4500788Z","type":"sample"}
{"channel":"gsr","display":3741.3,"mu":0,"quality":"OK","raw":3741.3,"sigma":10,"state":"IDLE","t":"2026-07-16T11:28:39.4644754Z","type":"sample"}
{"channel":"hr","display":0,"mu":0,"quality":"OUT_OF_RANGE","raw":0,"sigma":3,"state":"IDLE","t":"2026-07-16T11:28:39.4644754Z","type":"sample"}
{"channel":"rr","display":57.25190839694657,"mu":0,"quality":"OUT_OF_RANGE","raw":280.6,"sigma":1.5,"state":"IDLE","t":"2026-07-16T11:28:39.490054Z","type":"sample"}
{"channel":"rr","display":57.25190839694657,"mu":0,"quality":"OUT_OF_RANGE","raw":280.1,"sigma":1.5,"state":"IDLE","t":"2026-07-16T11:28:39.5300001Z","type":"sample"}
{"channel":"gsr","display":3734.8,"mu":0,"quality":"OK","raw":3734.8,"sigma":10,"state":"IDLE","t":"2026-07-16T11:28:39.5632272Z","type":"sample"}
{"channel":"rr","display":57.25190839694657,"mu":0,"quality":"OUT_OF_RANGE","raw":280.3,"sigma":1.5,"state":"IDLE","t":"2026-07-16T11:28:39.5700991Z","type":"sample"}
{"channel":"rr","display":57.25190839694657,"mu":0,"quality":"OUT_OF_RANGE","raw":279.8,"sigma":1.5,"state":"IDLE","t":"2026-07-16T11:28:39.609989Z","type":"sample"}
{"channel":"rr","display":57.25190839694657,"mu":0,"quality":"OUT_OF_RANGE","raw":279.2,"sigma":1.5,"state":"IDLE","t":"2026-07-16T11:28:39.6504304Z","type":"sample"}
{"channel":"gsr","display":3730.9,"mu":0,"quality":"OK","raw":3730.9,"sigma":10,"state":"IDLE","t":"2026-07-16T11:28:39.6630951Z","type":"sample"}
{"address":"/cue/p/start","args":null,"channel":"system","dir":"out","t":"2026-07-16T11:28:39.6807706Z","type":"osc"}
{"channel":"rr","display":57.25190839694657,"mu":0,"quality":"OUT_OF_RANGE","raw":279.8,"sigma":1.5,"state":"IDLE","t":"2026-07-16T11:28:39.6892492Z","type":"sample"}
{"channel":"rr","display":57.25190839694657,"mu":0,"quality":"OUT_OF_RANGE","raw":280.6,"sigma":1.5,"state":"IDLE","t":"2026-07-16T11:28:39.7293305Z","type":"sample"}
{"channel":"gsr","display":3726.6,"mu":0,"quality":"OK","raw":3726.6,"sigma":10,"state":"IDLE","t":"2026-07-16T11:28:39.7633957Z","type":"sample"}
{"channel":"rr","display":57.25190839694657,"mu":0,"quality":"OUT_OF_RANGE","raw":279.9,"sigma":1.5,"state":"IDLE","t":"2026-07-16T11:28:39.7701477Z","type":"sample"}
{"channel":"rr","display":57.25190839694657,"mu":0,"quality":"OUT_OF_RANGE","raw":280.1,"sigma":1.5,"state":"IDLE","t":"2026-07-16T11:28:39.8100842Z","type":"sample"}
{"channel":"rr","display":57.25190839694657,"mu":0,"quality":"OUT_OF_RANGE","raw":279.4,"sigma":1.5,"state":"IDLE","t":"2026-07-16T11:28:39.8502338Z","type":"sample"}
{"channel":"gsr","display":3726.7,"mu":0,"quality":"OK","raw":3726.7,"sigma":10,"state":"IDLE","t":"2026-07-16T11:28:39.8637961Z","type":"sample"}
{"channel":"rr","display":57.25190839694657,"mu":0,"quality":"OUT_OF_RANGE","raw":278.9,"sigma":1.5,"state":"IDLE","t":"2026-07-16T11:28:39.8900457Z","type":"sample"}
{"channel":"rr","display":57.25190839694657,"mu":0,"quality":"OUT_OF_RANGE","raw":280.4,"sigma":1.5,"state":"IDLE","t":"2026-07-16T11:28:39.9298099Z","type":"sample"}
{"channel":"gsr","display":3722.4,"mu":0,"quality":"OK","raw":3722.4,"sigma":10,"state":"IDLE","t":"2026-07-16T11:28:39.9641321Z","type":"sample"}
{"channel":"hr","display":0,"mu":0,"quality":"OUT_OF_RANGE","raw":0,"sigma":3,"state":"IDLE","t":"2026-07-16T11:28:39.9641321Z","type":"sample"}
{"channel":"rr","display":57.25190839694657,"mu":0,"quality":"OUT_OF_RANGE","raw":278.9,"sigma":1.5,"state":"IDLE","t":"2026-07-16T11:28:39.9701474Z","type":"sample"}
{"channel":"rr","display":57.25190839694657,"mu":0,"quality":"OUT_OF_RANGE","raw":279.6,"sigma":1.5,"state":"IDLE","t":"2026-07-16T11:28:40.0093764Z","type":"sample"}
{"channel":"rr","display":57.25190839694657,"mu":0,"quality":"OUT_OF_RANGE","raw":280.3,"sigma":1.5,"state":"IDLE","t":"2026-07-16T11:28:40.0493314Z","type":"sample"}
{"channel":"gsr","display":3714.4,"mu":0,"quality":"OK","raw":3714.4,"sigma":10,"state":"IDLE","t":"2026-07-16T11:28:40.0606941Z","type":"sample"}
{"channel":"rr","display":57.25190839694657,"mu":0,"quality":"OUT_OF_RANGE","raw":279.8,"sigma":1.5,"state":"IDLE","t":"2026-07-16T11:28:40.0893399Z","type":"sample"}
{"channel":"rr","display":57.25190839694657,"mu":0,"quality":"OUT_OF_RANGE","raw":280.3,"sigma":1.5,"state":"IDLE","t":"2026-07-16T11:28:40.1292222Z","type":"sample"}
{"channel":"gsr","display":3711.7,"mu":0,"quality":"OK","raw":3711.7,"sigma":10,"state":"IDLE","t":"2026-07-16T11:28:40.1605251Z","type":"sample"}
{"channel":"rr","display":57.25190839694657,"mu":0,"quality":"OUT_OF_RANGE","raw":279.1,"sigma":1.5,"state":"IDLE","t":"2026-07-16T11:28:40.1700222Z","type":"sample"}
{"channel":"rr","display":57.25190839694657,"mu":0,"quality":"OUT_OF_RANGE","raw":279.8,"sigma":1.5,"state":"IDLE","t":"2026-07-16T11:28:40.2093314Z","type":"sample"}
{"channel":"rr","display":57.25190839694657,"mu":0,"quality":"OUT_OF_RANGE","raw":279.2,"sigma":1.5,"state":"IDLE","t":"2026-07-16T11:28:40.2507856Z","type":"sample"}
{"channel":"gsr","display":3709.2,"mu":0,"quality":"OK","raw":3709.2,"sigma":10,"state":"IDLE","t":"2026-07-16T11:28:40.2600724Z","type":"sample"}
{"address":"/cue/g1/start","args":null,"channel":"system","dir":"out","t":"2026-07-16T11:28:40.2725625Z","type":"osc"}
{"channel":"rr","display":57.25190839694657,"mu":0,"quality":"OUT_OF_RANGE","raw":278.7,"sigma":1.5,"state":"IDLE","t":"2026-07-16T11:28:40.289244Z","type":"sample"}
{"channel":"rr","display":57.25190839694657,"mu":0,"quality":"OUT_OF_RANGE","raw":279.2,"sigma":1.5,"state":"IDLE","t":"2026-07-16T11:28:40.3293068Z","type":"sample"}
{"channel":"gsr","display":3700,"mu":0,"quality":"OK","raw":3700,"sigma":10,"state":"IDLE","t":"2026-07-16T11:28:40.363602Z","type":"sample"}
{"channel":"rr","display":57.25190839694657,"mu":0,"quality":"OUT_OF_RANGE","raw":279.9,"sigma":1.5,"state":"IDLE","t":"2026-07-16T11:28:40.3699427Z","type":"sample"}
{"channel":"rr","display":57.25190839694657,"mu":0,"quality":"OUT_OF_RANGE","raw":280.2,"sigma":1.5,"state":"IDLE","t":"2026-07-16T11:28:40.4096514Z","type":"sample"}
{"channel":"rr","display":57.25190839694657,"mu":0,"quality":"OUT_OF_RANGE","raw":279.9,"sigma":1.5,"state":"IDLE","t":"2026-07-16T11:28:40.4499614Z","type":"sample"}
{"channel":"gsr","display":3701,"mu":0,"quality":"OK","raw":3701,"sigma":10,"state":"IDLE","t":"2026-07-16T11:28:40.4629443Z","type":"sample"}
{"channel":"hr","display":0,"mu":0,"quality":"OUT_OF_RANGE","raw":0,"sigma":3,"state":"IDLE","t":"2026-07-16T11:28:40.4629443Z","type":"sample"}
{"channel":"rr","display":57.25190839694657,"mu":0,"quality":"OUT_OF_RANGE","raw":279.1,"sigma":1.5,"state":"IDLE","t":"2026-07-16T11:28:40.4893169Z","type":"sample"}
{"channel":"rr","display":57.25190839694657,"mu":0,"quality":"OUT_OF_RANGE","raw":280.1,"sigma":1.5,"state":"IDLE","t":"2026-07-16T11:28:40.530202Z","type":"sample"}
{"channel":"gsr","display":3700.1,"mu":0,"quality":"OK","raw":3700.1,"sigma":10,"state":"IDLE","t":"2026-07-16T11:28:40.5643521Z","type":"sample"}
{"channel":"rr","display":57.25190839694657,"mu":0,"quality":"OUT_OF_RANGE","raw":279.4,"sigma":1.5,"state":"IDLE","t":"2026-07-16T11:28:40.5699852Z","type":"sample"}
{"channel":"rr","display":57.25190839694657,"mu":0,"quality":"OUT_OF_RANGE","raw":279.9,"sigma":1.5,"state":"IDLE","t":"2026-07-16T11:28:40.6100751Z","type":"sample"}
{"channel":"rr","display":57.25190839694657,"mu":0,"quality":"OUT_OF_RANGE","raw":280.1,"sigma":1.5,"state":"IDLE","t":"2026-07-16T11:28:40.649119Z","type":"sample"}
{"channel":"gsr","display":3696.4,"mu":0,"quality":"OK","raw":3696.4,"sigma":10,"state":"IDLE","t":"2026-07-16T11:28:40.6608678Z","type":"sample"}
{"address":"/cue/p/start","args":null,"channel":"system","dir":"out","t":"2026-07-16T11:28:40.6843898Z","type":"osc"}
{"channel":"rr","display":57.25190839694657,"mu":0,"quality":"OUT_OF_RANGE","raw":280.2,"sigma":1.5,"state":"IDLE","t":"2026-07-16T11:28:40.690167Z","type":"sample"}
{"channel":"rr","display":57.25190839694657,"mu":0,"quality":"OUT_OF_RANGE","raw":280,"sigma":1.5,"state":"IDLE","t":"2026-07-16T11:28:40.7298884Z","type":"sample"}
{"channel":"gsr","display":3695.3,"mu":0,"quality":"OK","raw":3695.3,"sigma":10,"state":"IDLE","t":"2026-07-16T11:28:40.7606216Z","type":"sample"}
{"channel":"rr","display":57.25190839694657,"mu":0,"quality":"OUT_OF_RANGE","raw":279.8,"sigma":1.5,"state":"IDLE","t":"2026-07-16T11:28:40.7700238Z","type":"sample"}
{"channel":"rr","display":57.25190839694657,"mu":0,"quality":"OUT_OF_RANGE","raw":279.2,"sigma":1.5,"state":"IDLE","t":"2026-07-16T11:28:40.8101464Z","type":"sample"}
{"channel":"rr","display":57.25190839694657,"mu":0,"quality":"OUT_OF_RANGE","raw":280.1,"sigma":1.5,"state":"IDLE","t":"2026-07-16T11:28:40.8503844Z","type":"sample"}
{"channel":"gsr","display":3694.2,"mu":0,"quality":"OK","raw":3694.2,"sigma":10,"state":"IDLE","t":"2026-07-16T11:28:40.8639447Z","type":"sample"}
{"channel":"rr","display":57.25190839694657,"mu":0,"quality":"OUT_OF_RANGE","raw":280.7,"sigma":1.5,"state":"IDLE","t":"2026-07-16T11:28:40.8891875Z","type":"sample"}
{"channel":"rr","display":57.25190839694657,"mu":0,"quality":"OUT_OF_RANGE","raw":280.1,"sigma":1.5,"state":"IDLE","t":"2026-07-16T11:28:40.9294837Z","type":"sample"}
{"channel":"gsr","display":3736.4,"mu":0,"quality":"OK","raw":3736.4,"sigma":10,"state":"IDLE","t":"2026-07-16T11:28:40.9601196Z","type":"sample"}
{"channel":"hr","display":0,"mu":0,"quality":"OUT_OF_RANGE","raw":0,"sigma":3,"state":"IDLE","t":"2026-07-16T11:28:40.9648299Z","type":"sample"}
{"channel":"rr","display":57.25190839694657,"mu":0,"quality":"OUT_OF_RANGE","raw":280,"sigma":1.5,"state":"IDLE","t":"2026-07-16T11:28:40.9698289Z","type":"sample"}
{"channel":"rr","display":57.25190839694657,"mu":0,"quality":"OUT_OF_RANGE","raw":280.4,"sigma":1.5,"state":"IDLE","t":"2026-07-16T11:28:41.0099071Z","type":"sample"}
{"channel":"rr","display":57.25190839694657,"mu":0,"quality":"OUT_OF_RANGE","raw":279.4,"sigma":1.5,"state":"IDLE","t":"2026-07-16T11:28:41.0493545Z","type":"sample"}
{"channel":"gsr","display":3788.3,"mu":0,"quality":"OK","raw":3788.3,"sigma":10,"state":"IDLE","t":"2026-07-16T11:28:41.0638925Z","type":"sample"}
{"channel":"rr","display":57.25190839694657,"mu":0,"quality":"OUT_OF_RANGE","raw":279.2,"sigma":1.5,"state":"IDLE","t":"2026-07-16T11:28:41.0897027Z","type":"sample"}
{"channel":"rr","display":55.14705882352941,"mu":0,"quality":"OUT_OF_RANGE","raw":280.1,"sigma":1.5,"state":"IDLE","t":"2026-07-16T11:28:41.129986Z","type":"sample"}
{"channel":"gsr","display":3882.1,"mu":0,"quality":"OK","raw":3882.1,"sigma":10,"state":"IDLE","t":"2026-07-16T11:28:41.1621814Z","type":"sample"}
{"channel":"rr","display":55.14705882352941,"mu":0,"quality":"OUT_OF_RANGE","raw":280.1,"sigma":1.5,"state":"IDLE","t":"2026-07-16T11:28:41.169577Z","type":"sample"}
{"channel":"rr","display":55.14705882352941,"mu":0,"quality":"OUT_OF_RANGE","raw":279.4,"sigma":1.5,"state":"IDLE","t":"2026-07-16T11:28:41.2091204Z","type":"sample"}
{"channel":"rr","display":55.14705882352941,"mu":0,"quality":"OUT_OF_RANGE","raw":280.4,"sigma":1.5,"state":"IDLE","t":"2026-07-16T11:28:41.2492896Z","type":"sample"}
{"channel":"gsr","display":3793.2,"mu":0,"quality":"OK","raw":3793.2,"sigma":10,"state":"IDLE","t":"2026-07-16T11:28:41.2618586Z","type":"sample"}
{"address":"/cue/g1/start","args":null,"channel":"system","dir":"out","t":"2026-07-16T11:28:41.2845731Z","type":"osc"}
{"channel":"rr","display":55.14705882352941,"mu":0,"quality":"OUT_OF_RANGE","raw":280.6,"sigma":1.5,"state":"IDLE","t":"2026-07-16T11:28:41.2902182Z","type":"sample"}
{"channel":"rr","display":55.14705882352941,"mu":0,"quality":"OUT_OF_RANGE","raw":279,"sigma":1.5,"state":"IDLE","t":"2026-07-16T11:28:41.3292814Z","type":"sample"}
{"channel":"gsr","display":3732.9,"mu":0,"quality":"OK","raw":3732.9,"sigma":10,"state":"IDLE","t":"2026-07-16T11:28:41.3602673Z","type":"sample"}
{"channel":"rr","display":55.14705882352941,"mu":0,"quality":"OUT_OF_RANGE","raw":280.1,"sigma":1.5,"state":"IDLE","t":"2026-07-16T11:28:41.3699442Z","type":"sample"}
{"channel":"rr","display":55.14705882352941,"mu":0,"quality":"OUT_OF_RANGE","raw":279.3,"sigma":1.5,"state":"IDLE","t":"2026-07-16T11:28:41.4097483Z","type":"sample"}
{"channel":"rr","display":55.14705882352941,"mu":0,"quality":"OUT_OF_RANGE","raw":279.8,"sigma":1.5,"state":"IDLE","t":"2026-07-16T11:28:41.4496105Z","type":"sample"}
{"channel":"gsr","display":3704.5,"mu":0,"quality":"OK","raw":3704.5,"sigma":10,"state":"IDLE","t":"2026-07-16T11:28:41.4642258Z","type":"sample"}
{"channel":"hr","display":0,"mu":0,"quality":"OUT_OF_RANGE","raw":0,"sigma":3,"state":"IDLE","t":"2026-07-16T11:28:41.4647445Z","type":"sample"}
{"channel":"rr","display":55.14705882352941,"mu":0,"quality":"OUT_OF_RANGE","raw":279.8,"sigma":1.5,"state":"IDLE","t":"2026-07-16T11:28:41.4893075Z","type":"sample"}
{"channel":"rr","display":55.14705882352941,"mu":0,"quality":"OUT_OF_RANGE","raw":279.6,"sigma":1.5,"state":"IDLE","t":"2026-07-16T11:28:41.5299364Z","type":"sample"}
{"channel":"gsr","display":3688.4,"mu":0,"quality":"OK","raw":3688.4,"sigma":10,"state":"IDLE","t":"2026-07-16T11:28:41.5603282Z","type":"sample"}
{"channel":"rr","display":55.14705882352941,"mu":0,"quality":"OUT_OF_RANGE","raw":280.2,"sigma":1.5,"state":"IDLE","t":"2026-07-16T11:28:41.5700596Z","type":"sample"}
{"channel":"rr","display":55.14705882352941,"mu":0,"quality":"OUT_OF_RANGE","raw":279.5,"sigma":1.5,"state":"IDLE","t":"2026-07-16T11:28:41.6101252Z","type":"sample"}
{"channel":"rr","display":55.14705882352941,"mu":0,"quality":"OUT_OF_RANGE","raw":280.4,"sigma":1.5,"state":"IDLE","t":"2026-07-16T11:28:41.6500384Z","type":"sample"}
{"channel":"gsr","display":3677.8,"mu":0,"quality":"OK","raw":3677.8,"sigma":10,"state":"IDLE","t":"2026-07-16T11:28:41.6642919Z","type":"sample"}
{"address":"/cue/p/start","args":null,"channel":"system","dir":"out","t":"2026-07-16T11:28:41.6849324Z","type":"osc"}
{"channel":"rr","display":55.14705882352941,"mu":0,"quality":"OUT_OF_RANGE","raw":279.3,"sigma":1.5,"state":"IDLE","t":"2026-07-16T11:28:41.689765Z","type":"sample"}
{"channel":"rr","display":55.14705882352941,"mu":0,"quality":"OUT_OF_RANGE","raw":279.2,"sigma":1.5,"state":"IDLE","t":"2026-07-16T11:28:41.7301703Z","type":"sample"}
{"channel":"gsr","display":3668.7,"mu":0,"quality":"OK","raw":3668.7,"sigma":10,"state":"IDLE","t":"2026-07-16T11:28:41.7633484Z","type":"sample"}
{"channel":"rr","display":55.14705882352941,"mu":0,"quality":"OUT_OF_RANGE","raw":279.4,"sigma":1.5,"state":"IDLE","t":"2026-07-16T11:28:41.7701107Z","type":"sample"}
{"channel":"rr","display":55.14705882352941,"mu":0,"quality":"OUT_OF_RANGE","raw":280.3,"sigma":1.5,"state":"IDLE","t":"2026-07-16T11:28:41.8099254Z","type":"sample"}
{"channel":"rr","display":55.14705882352941,"mu":0,"quality":"OUT_OF_RANGE","raw":279.4,"sigma":1.5,"state":"IDLE","t":"2026-07-16T11:28:41.8491031Z","type":"sample"}
{"channel":"gsr","display":3663,"mu":0,"quality":"OK","raw":3663,"sigma":10,"state":"IDLE","t":"2026-07-16T11:28:41.8638016Z","type":"sample"}
{"channel":"rr","display":55.14705882352941,"mu":0,"quality":"OUT_OF_RANGE","raw":279.9,"sigma":1.5,"state":"IDLE","t":"2026-07-16T11:28:41.8892279Z","type":"sample"}
{"channel":"rr","display":55.14705882352941,"mu":0,"quality":"OUT_OF_RANGE","raw":280,"sigma":1.5,"state":"IDLE","t":"2026-07-16T11:28:41.9300502Z","type":"sample"}
{"channel":"gsr","display":3656.9,"mu":0,"quality":"OK","raw":3656.9,"sigma":10,"state":"IDLE","t":"2026-07-16T11:28:41.9607132Z","type":"sample"}
{"channel":"hr","display":0,"mu":0,"quality":"OUT_OF_RANGE","raw":0,"sigma":3,"state":"IDLE","t":"2026-07-16T11:28:41.9607132Z","type":"sample"}
{"channel":"rr","display":55.14705882352941,"mu":0,"quality":"OUT_OF_RANGE","raw":279.6,"sigma":1.5,"state":"IDLE","t":"2026-07-16T11:28:41.9700801Z","type":"sample"}
{"channel":"rr","display":55.14705882352941,"mu":0,"quality":"OUT_OF_RANGE","raw":279.2,"sigma":1.5,"state":"IDLE","t":"2026-07-16T11:28:42.0093045Z","type":"sample"}
{"channel":"rr","display":55.14705882352941,"mu":0,"quality":"OUT_OF_RANGE","raw":278.4,"sigma":1.5,"state":"IDLE","t":"2026-07-16T11:28:42.0492377Z","type":"sample"}
{"channel":"gsr","display":3653.9,"mu":0,"quality":"OK","raw":3653.9,"sigma":10,"state":"IDLE","t":"2026-07-16T11:28:42.0636001Z","type":"sample"}
{"channel":"rr","display":55.14705882352941,"mu":0,"quality":"OUT_OF_RANGE","raw":279.7,"sigma":1.5,"state":"IDLE","t":"2026-07-16T11:28:42.0898143Z","type":"sample"}
{"channel":"rr","display":55.14705882352941,"mu":0,"quality":"OUT_OF_RANGE","raw":279.5,"sigma":1.5,"state":"IDLE","t":"2026-07-16T11:28:42.1299564Z","type":"sample"}
{"channel":"gsr","display":3648,"mu":0,"quality":"OK","raw":3648,"sigma":10,"state":"IDLE","t":"2026-07-16T11:28:42.1599703Z","type":"sample"}
{"channel":"rr","display":55.14705882352941,"mu":0,"quality":"OUT_OF_RANGE","raw":280.9,"sigma":1.5,"state":"IDLE","t":"2026-07-16T11:28:42.1693588Z","type":"sample"}
{"channel":"rr","display":55.14705882352941,"mu":0,"quality":"OUT_OF_RANGE","raw":279.5,"sigma":1.5,"state":"IDLE","t":"2026-07-16T11:28:42.2092437Z","type":"sample"}
{"channel":"rr","display":55.14705882352941,"mu":0,"quality":"OUT_OF_RANGE","raw":280.4,"sigma":1.5,"state":"IDLE","t":"2026-07-16T11:28:42.2490559Z","type":"sample"}
{"channel":"gsr","display":3663.2,"mu":0,"quality":"OK","raw":3663.2,"sigma":10,"state":"IDLE","t":"2026-07-16T11:28:42.2609114Z","type":"sample"}
{"channel":"rr","display":55.14705882352941,"mu":0,"quality":"OUT_OF_RANGE","raw":279.8,"sigma":1.5,"state":"IDLE","t":"2026-07-16T11:28:42.2890869Z","type":"sample"}
{"address":"/cue/g1/start","args":null,"channel":"system","dir":"out","t":"2026-07-16T11:28:42.2990175Z","type":"osc"}
{"channel":"rr","display":55.14705882352941,"mu":0,"quality":"OUT_OF_RANGE","raw":279.7,"sigma":1.5,"state":"IDLE","t":"2026-07-16T11:28:42.3293055Z","type":"sample"}
{"channel":"gsr","display":3659.8,"mu":0,"quality":"OK","raw":3659.8,"sigma":10,"state":"IDLE","t":"2026-07-16T11:28:42.3603713Z","type":"sample"}
{"channel":"rr","display":55.14705882352941,"mu":0,"quality":"OUT_OF_RANGE","raw":280.2,"sigma":1.5,"state":"IDLE","t":"2026-07-16T11:28:42.3701028Z","type":"sample"}
{"channel":"rr","display":55.14705882352941,"mu":0,"quality":"OUT_OF_RANGE","raw":278.8,"sigma":1.5,"state":"IDLE","t":"2026-07-16T11:28:42.4092355Z","type":"sample"}
{"channel":"rr","display":55.14705882352941,"mu":0,"quality":"OUT_OF_RANGE","raw":279.7,"sigma":1.5,"state":"IDLE","t":"2026-07-16T11:28:42.449978Z","type":"sample"}
{"channel":"gsr","display":3664,"mu":0,"quality":"OK","raw":3664,"sigma":10,"state":"IDLE","t":"2026-07-16T11:28:42.4599091Z","type":"sample"}
{"channel":"hr","display":0,"mu":0,"quality":"OUT_OF_RANGE","raw":0,"sigma":3,"state":"IDLE","t":"2026-07-16T11:28:42.4599091Z","type":"sample"}
{"channel":"rr","display":55.14705882352941,"mu":0,"quality":"OUT_OF_RANGE","raw":279.6,"sigma":1.5,"state":"IDLE","t":"2026-07-16T11:28:42.4901793Z","type":"sample"}
{"channel":"rr","display":55.14705882352941,"mu":0,"quality":"OUT_OF_RANGE","raw":279.3,"sigma":1.5,"state":"IDLE","t":"2026-07-16T11:28:42.5298838Z","type":"sample"}
{"channel":"gsr","display":3662.1,"mu":0,"quality":"OK","raw":3662.1,"sigma":10,"state":"IDLE","t":"2026-07-16T11:28:42.5602732Z","type":"sample"}
{"channel":"rr","display":55.14705882352941,"mu":0,"quality":"OUT_OF_RANGE","raw":279.9,"sigma":1.5,"state":"IDLE","t":"2026-07-16T11:28:42.5695193Z","type":"sample"}
{"channel":"rr","display":55.14705882352941,"mu":0,"quality":"OUT_OF_RANGE","raw":279.6,"sigma":1.5,"state":"IDLE","t":"2026-07-16T11:28:42.6099512Z","type":"sample"}
{"channel":"rr","display":55.14705882352941,"mu":0,"quality":"OUT_OF_RANGE","raw":278.6,"sigma":1.5,"state":"IDLE","t":"2026-07-16T11:28:42.6493018Z","type":"sample"}
{"channel":"gsr","display":3661.3,"mu":0,"quality":"OK","raw":3661.3,"sigma":10,"state":"IDLE","t":"2026-07-16T11:28:42.6637969Z","type":"sample"}
{"address":"/cue/p/start","args":null,"channel":"system","dir":"out","t":"2026-07-16T11:28:42.6812985Z","type":"osc"}
{"channel":"rr","display":55.14705882352941,"mu":0,"quality":"OUT_OF_RANGE","raw":279.9,"sigma":1.5,"state":"IDLE","t":"2026-07-16T11:28:42.6899092Z","type":"sample"}
{"channel":"rr","display":55.14705882352941,"mu":0,"quality":"OUT_OF_RANGE","raw":279.9,"sigma":1.5,"state":"IDLE","t":"2026-07-16T11:28:42.7293054Z","type":"sample"}
{"channel":"gsr","display":3657.9,"mu":0,"quality":"OK","raw":3657.9,"sigma":10,"state":"IDLE","t":"2026-07-16T11:28:42.7639732Z","type":"sample"}
{"channel":"rr","display":55.14705882352941,"mu":0,"quality":"OUT_OF_RANGE","raw":280.4,"sigma":1.5,"state":"IDLE","t":"2026-07-16T11:28:42.7702273Z","type":"sample"}
{"channel":"rr","display":55.14705882352941,"mu":0,"quality":"OUT_OF_RANGE","raw":280.1,"sigma":1.5,"state":"IDLE","t":"2026-07-16T11:28:42.8096369Z","type":"sample"}
{"channel":"rr","display":55.14705882352941,"mu":0,"quality":"OUT_OF_RANGE","raw":279.1,"sigma":1.5,"state":"IDLE","t":"2026-07-16T11:28:42.8498992Z","type":"sample"}
{"channel":"gsr","display":3655.5,"mu":0,"quality":"OK","raw":3655.5,"sigma":10,"state":"IDLE","t":"2026-07-16T11:28:42.8638474Z","type":"sample"}
{"channel":"rr","display":55.14705882352941,"mu":0,"quality":"OUT_OF_RANGE","raw":279.2,"sigma":1.5,"state":"IDLE","t":"2026-07-16T11:28:42.8899533Z","type":"sample"}
{"channel":"rr","display":55.14705882352941,"mu":0,"quality":"OUT_OF_RANGE","raw":279.8,"sigma":1.5,"state":"IDLE","t":"2026-07-16T11:28:42.92917Z","type":"sample"}
{"channel":"gsr","display":3649.5,"mu":0,"quality":"OK","raw":3649.5,"sigma":10,"state":"IDLE","t":"2026-07-16T11:28:42.9605902Z","type":"sample"}
{"channel":"hr","display":0,"mu":0,"quality":"OUT_OF_RANGE","raw":0,"sigma":3,"state":"IDLE","t":"2026-07-16T11:28:42.9650394Z","type":"sample"}
{"channel":"rr","display":55.14705882352941,"mu":0,"quality":"OUT_OF_RANGE","raw":279.7,"sigma":1.5,"state":"IDLE","t":"2026-07-16T11:28:42.9696039Z","type":"sample"}
{"channel":"rr","display":55.14705882352941,"mu":0,"quality":"OUT_OF_RANGE","raw":280.5,"sigma":1.5,"state":"IDLE","t":"2026-07-16T11:28:43.0090204Z","type":"sample"}
{"channel":"rr","display":55.14705882352941,"mu":0,"quality":"OUT_OF_RANGE","raw":280.6,"sigma":1.5,"state":"IDLE","t":"2026-07-16T11:28:43.0492675Z","type":"sample"}
{"channel":"gsr","display":3645.8,"mu":0,"quality":"OK","raw":3645.8,"sigma":10,"state":"IDLE","t":"2026-07-16T11:28:43.0641244Z","type":"sample"}
{"channel":"rr","display":55.14705882352941,"mu":0,"quality":"OUT_OF_RANGE","raw":279.5,"sigma":1.5,"state":"IDLE","t":"2026-07-16T11:28:43.0890235Z","type":"sample"}
{"channel":"rr","display":55.14705882352941,"mu":0,"quality":"OUT_OF_RANGE","raw":280,"sigma":1.5,"state":"IDLE","t":"2026-07-16T11:28:43.1298993Z","type":"sample"}
{"channel":"gsr","display":3646.1,"mu":0,"quality":"OK","raw":3646.1,"sigma":10,"state":"IDLE","t":"2026-07-16T11:28:43.1599272Z","type":"sample"}
{"channel":"rr","display":55.14705882352941,"mu":0,"quality":"OUT_OF_RANGE","raw":279.1,"sigma":1.5,"state":"IDLE","t":"2026-07-16T11:28:43.1700984Z","type":"sample"}
{"channel":"rr","display":55.55555555555556,"mu":0,"quality":"OUT_OF_RANGE","raw":280.1,"sigma":1.5,"state":"IDLE","t":"2026-07-16T11:28:43.2091738Z","type":"sample"}
{"channel":"rr","display":55.55555555555556,"mu":0,"quality":"OUT_OF_RANGE","raw":279.7,"sigma":1.5,"state":"IDLE","t":"2026-07-16T11:28:43.2501377Z","type":"sample"}
{"channel":"gsr","display":3639.4,"mu":0,"quality":"OK","raw":3639.4,"sigma":10,"state":"IDLE","t":"2026-07-16T11:28:43.2640686Z","type":"sample"}
{"channel":"rr","display":55.55555555555556,"mu":0,"quality":"OUT_OF_RANGE","raw":279.6,"sigma":1.5,"state":"IDLE","t":"2026-07-16T11:28:43.2899833Z","type":"sample"}
{"address":"/cue/g1/start","args":null,"channel":"system","dir":"out","t":"2026-07-16T11:28:43.3049649Z","type":"osc"}
{"channel":"rr","display":55.55555555555556,"mu":0,"quality":"OUT_OF_RANGE","raw":279.9,"sigma":1.5,"state":"IDLE","t":"2026-07-16T11:28:43.3298778Z","type":"sample"}
{"channel":"gsr","display":3631.1,"mu":0,"quality":"OK","raw":3631.1,"sigma":10,"state":"IDLE","t":"2026-07-16T11:28:43.3608568Z","type":"sample"}
{"channel":"rr","display":55.55555555555556,"mu":0,"quality":"OUT_OF_RANGE","raw":279.5,"sigma":1.5,"state":"IDLE","t":"2026-07-16T11:28:43.3698474Z","type":"sample"}
{"channel":"rr","display":55.55555555555556,"mu":0,"quality":"OUT_OF_RANGE","raw":279.8,"sigma":1.5,"state":"IDLE","t":"2026-07-16T11:28:43.4092648Z","type":"sample"}
{"channel":"rr","display":55.55555555555556,"mu":0,"quality":"OUT_OF_RANGE","raw":279.5,"sigma":1.5,"state":"IDLE","t":"2026-07-16T11:28:43.4496874Z","type":"sample"}
{"channel":"gsr","display":3630.9,"mu":0,"quality":"OK","raw":3630.9,"sigma":10,"state":"IDLE","t":"2026-07-16T11:28:43.4600807Z","type":"sample"}
{"channel":"hr","display":0,"mu":0,"quality":"OUT_OF_RANGE","raw":0,"sigma":3,"state":"IDLE","t":"2026-07-16T11:28:43.4642405Z","type":"sample"}
{"channel":"rr","display":55.55555555555556,"mu":0,"quality":"OUT_OF_RANGE","raw":280.4,"sigma":1.5,"state":"IDLE","t":"2026-07-16T11:28:43.4899319Z","type":"sample"}
{"channel":"rr","display":55.55555555555556,"mu":0,"quality":"OUT_OF_RANGE","raw":278.9,"sigma":1.5,"state":"IDLE","t":"2026-07-16T11:28:43.5292333Z","type":"sample"}
{"channel":"gsr","display":3627.7,"mu":0,"quality":"OK","raw":3627.7,"sigma":10,"state":"IDLE","t":"2026-07-16T11:28:43.5612769Z","type":"sample"}
{"channel":"rr","display":55.55555555555556,"mu":0,"quality":"OUT_OF_RANGE","raw":279.9,"sigma":1.5,"state":"IDLE","t":"2026-07-16T11:28:43.5699217Z","type":"sample"}
{"channel":"rr","display":55.55555555555556,"mu":0,"quality":"OUT_OF_RANGE","raw":278.9,"sigma":1.5,"state":"IDLE","t":"2026-07-16T11:28:43.6099876Z","type":"sample"}
{"channel":"rr","display":55.55555555555556,"mu":0,"quality":"OUT_OF_RANGE","raw":279.6,"sigma":1.5,"state":"IDLE","t":"2026-07-16T11:28:43.6496161Z","type":"sample"}
{"channel":"gsr","display":3623.4,"mu":0,"quality":"OK","raw":3623.4,"sigma":10,"state":"IDLE","t":"2026-07-16T11:28:43.6639854Z","type":"sample"}
{"address":"/cue/p/start","args":null,"channel":"system","dir":"out","t":"2026-07-16T11:28:43.6811383Z","type":"osc"}
{"channel":"rr","display":55.55555555555556,"mu":0,"quality":"OUT_OF_RANGE","raw":280.1,"sigma":1.5,"state":"IDLE","t":"2026-07-16T11:28:43.6898331Z","type":"sample"}
{"channel":"rr","display":55.55555555555556,"mu":0,"quality":"OUT_OF_RANGE","raw":280.4,"sigma":1.5,"state":"IDLE","t":"2026-07-16T11:28:43.7291607Z","type":"sample"}
{"channel":"gsr","display":3617.2,"mu":0,"quality":"OK","raw":3617.2,"sigma":10,"state":"IDLE","t":"2026-07-16T11:28:43.7622997Z","type":"sample"}
{"channel":"rr","display":55.55555555555556,"mu":0,"quality":"OUT_OF_RANGE","raw":279.1,"sigma":1.5,"state":"IDLE","t":"2026-07-16T11:28:43.7696129Z","type":"sample"}
{"channel":"rr","display":55.55555555555556,"mu":0,"quality":"OUT_OF_RANGE","raw":280.7,"sigma":1.5,"state":"IDLE","t":"2026-07-16T11:28:43.809247Z","type":"sample"}
{"channel":"rr","display":55.55555555555556,"mu":0,"quality":"OUT_OF_RANGE","raw":279.7,"sigma":1.5,"state":"IDLE","t":"2026-07-16T11:28:43.8499535Z","type":"sample"}
{"channel":"gsr","display":3610.3,"mu":0,"quality":"OK","raw":3610.3,"sigma":10,"state":"IDLE","t":"2026-07-16T11:28:43.8637646Z","type":"sample"}
{"channel":"rr","display":55.55555555555556,"mu":0,"quality":"OUT_OF_RANGE","raw":279.9,"sigma":1.5,"state":"IDLE","t":"2026-07-16T11:28:43.8892224Z","type":"sample"}
{"channel":"rr","display":55.55555555555556,"mu":0,"quality":"OUT_OF_RANGE","raw":280.2,"sigma":1.5,"state":"IDLE","t":"2026-07-16T11:28:43.9300329Z","type":"sample"}
{"channel":"gsr","display":3606.2,"mu":0,"quality":"OK","raw":3606.2,"sigma":10,"state":"IDLE","t":"2026-07-16T11:28:43.960713Z","type":"sample"}
{"channel":"hr","display":0,"mu":0,"quality":"OUT_OF_RANGE","raw":0,"sigma":3,"state":"IDLE","t":"2026-07-16T11:28:43.960713Z","type":"sample"}
{"channel":"rr","display":55.55555555555556,"mu":0,"quality":"OUT_OF_RANGE","raw":280,"sigma":1.5,"state":"IDLE","t":"2026-07-16T11:28:43.9697649Z","type":"sample"}
{"channel":"rr","display":55.55555555555556,"mu":0,"quality":"OUT_OF_RANGE","raw":279.2,"sigma":1.5,"state":"IDLE","t":"2026-07-16T11:28:44.0091425Z","type":"sample"}
{"channel":"rr","display":55.55555555555556,"mu":0,"quality":"OUT_OF_RANGE","raw":280.2,"sigma":1.5,"state":"IDLE","t":"2026-07-16T11:28:44.0500963Z","type":"sample"}
{"channel":"gsr","display":3606.2,"mu":0,"quality":"OK","raw":3606.2,"sigma":10,"state":"IDLE","t":"2026-07-16T11:28:44.0599455Z","type":"sample"}
{"channel":"rr","display":55.55555555555556,"mu":0,"quality":"OUT_OF_RANGE","raw":279.1,"sigma":1.5,"state":"IDLE","t":"2026-07-16T11:28:44.0891752Z","type":"sample"}
{"channel":"rr","display":55.55555555555556,"mu":0,"quality":"OUT_OF_RANGE","raw":279.6,"sigma":1.5,"state":"IDLE","t":"2026-07-16T11:28:44.1293525Z","type":"sample"}
{"channel":"gsr","display":3602.3,"mu":0,"quality":"OK","raw":3602.3,"sigma":10,"state":"IDLE","t":"2026-07-16T11:28:44.1600883Z","type":"sample"}
{"channel":"rr","display":55.55555555555556,"mu":0,"quality":"OUT_OF_RANGE","raw":279.8,"sigma":1.5,"state":"IDLE","t":"2026-07-16T11:28:44.1696876Z","type":"sample"}
{"channel":"rr","display":55.55555555555556,"mu":0,"quality":"OUT_OF_RANGE","raw":279.4,"sigma":1.5,"state":"IDLE","t":"2026-07-16T11:28:44.2091136Z","type":"sample"}
{"channel":"rr","display":56.390977443609025,"mu":0,"quality":"OUT_OF_RANGE","raw":280,"sigma":1.5,"state":"IDLE","t":"2026-07-16T11:28:44.249722Z","type":"sample"}
{"channel":"gsr","display":3599,"mu":0,"quality":"OK","raw":3599,"sigma":10,"state":"IDLE","t":"2026-07-16T11:28:44.261131Z","type":"sample"}
{"channel":"rr","display":56.390977443609025,"mu":0,"quality":"OUT_OF_RANGE","raw":279.2,"sigma":1.5,"state":"IDLE","t":"2026-07-16T11:28:44.2901007Z","type":"sample"}
{"address":"/cue/g1/start","args":null,"channel":"system","dir":"out","t":"2026-07-16T11:28:44.3096142Z","type":"osc"}
{"channel":"rr","display":56.390977443609025,"mu":0,"quality":"OUT_OF_RANGE","raw":279.9,"sigma":1.5,"state":"IDLE","t":"2026-07-16T11:28:44.3293165Z","type":"sample"}
{"channel":"gsr","display":3594.4,"mu":0,"quality":"OK","raw":3594.4,"sigma":10,"state":"IDLE","t":"2026-07-16T11:28:44.3634761Z","type":"sample"}
{"channel":"rr","display":56.390977443609025,"mu":0,"quality":"OUT_OF_RANGE","raw":279.3,"sigma":1.5,"state":"IDLE","t":"2026-07-16T11:28:44.3699249Z","type":"sample"}
{"channel":"rr","display":56.390977443609025,"mu":0,"quality":"OUT_OF_RANGE","raw":279.7,"sigma":1.5,"state":"IDLE","t":"2026-07-16T11:28:44.4091281Z","type":"sample"}
{"channel":"rr","display":56.390977443609025,"mu":0,"quality":"OUT_OF_RANGE","raw":280.3,"sigma":1.5,"state":"IDLE","t":"2026-07-16T11:28:44.4500647Z","type":"sample"}
{"channel":"gsr","display":3599.3,"mu":0,"quality":"OK","raw":3599.3,"sigma":10,"state":"IDLE","t":"2026-07-16T11:28:44.4602345Z","type":"sample"}
{"channel":"hr","display":0,"mu":0,"quality":"OUT_OF_RANGE","raw":0,"sigma":3,"state":"IDLE","t":"2026-07-16T11:28:44.4602345Z","type":"sample"}
{"channel":"rr","display":56.390977443609025,"mu":0,"quality":"OUT_OF_RANGE","raw":279.5,"sigma":1.5,"state":"IDLE","t":"2026-07-16T11:28:44.4899032Z","type":"sample"}
{"channel":"rr","display":56.390977443609025,"mu":0,"quality":"OUT_OF_RANGE","raw":278.9,"sigma":1.5,"state":"IDLE","t":"2026-07-16T11:28:44.5298916Z","type":"sample"}
{"channel":"gsr","display":3587.6,"mu":0,"quality":"OK","raw":3587.6,"sigma":10,"state":"IDLE","t":"2026-07-16T11:28:44.5605861Z","type":"sample"}
{"channel":"rr","display":56.390977443609025,"mu":0,"quality":"OUT_OF_RANGE","raw":280.9,"sigma":1.5,"state":"IDLE","t":"2026-07-16T11:28:44.5700883Z","type":"sample"}
{"channel":"rr","display":56.390977443609025,"mu":0,"quality":"OUT_OF_RANGE","raw":279.7,"sigma":1.5,"state":"IDLE","t":"2026-07-16T11:28:44.609322Z","type":"sample"}
{"channel":"rr","display":56.390977443609025,"mu":0,"quality":"OUT_OF_RANGE","raw":279.9,"sigma":1.5,"state":"IDLE","t":"2026-07-16T11:28:44.649211Z","type":"sample"}
{"channel":"gsr","display":3593.6,"mu":0,"quality":"OK","raw":3593.6,"sigma":10,"state":"IDLE","t":"2026-07-16T11:28:44.660342Z","type":"sample"}
{"address":"/cue/p/start","args":null,"channel":"system","dir":"out","t":"2026-07-16T11:28:44.6807499Z","type":"osc"}
{"channel":"rr","display":56.390977443609025,"mu":0,"quality":"OUT_OF_RANGE","raw":279.8,"sigma":1.5,"state":"IDLE","t":"2026-07-16T11:28:44.6896028Z","type":"sample"}
{"channel":"rr","display":56.390977443609025,"mu":0,"quality":"OUT_OF_RANGE","raw":279.2,"sigma":1.5,"state":"IDLE","t":"2026-07-16T11:28:44.7299818Z","type":"sample"}
{"channel":"gsr","display":3591.7,"mu":0,"quality":"OK","raw":3591.7,"sigma":10,"state":"IDLE","t":"2026-07-16T11:28:44.7641919Z","type":"sample"}
{"channel":"rr","display":56.390977443609025,"mu":0,"quality":"OUT_OF_RANGE","raw":279.9,"sigma":1.5,"state":"IDLE","t":"2026-07-16T11:28:44.76982Z","type":"sample"}
{"channel":"rr","display":56.390977443609025,"mu":0,"quality":"OUT_OF_RANGE","raw":280.4,"sigma":1.5,"state":"IDLE","t":"2026-07-16T11:28:44.8102349Z","type":"sample"}
{"channel":"rr","display":56.390977443609025,"mu":0,"quality":"OUT_OF_RANGE","raw":279.3,"sigma":1.5,"state":"IDLE","t":"2026-07-16T11:28:44.8491742Z","type":"sample"}
{"channel":"gsr","display":3591.3,"mu":0,"quality":"OK","raw":3591.3,"sigma":10,"state":"IDLE","t":"2026-07-16T11:28:44.86271Z","type":"sample"}
{"channel":"rr","display":56.390977443609025,"mu":0,"quality":"OUT_OF_RANGE","raw":279.8,"sigma":1.5,"state":"IDLE","t":"2026-07-16T11:28:44.889059Z","type":"sample"}
{"channel":"rr","display":56.390977443609025,"mu":0,"quality":"OUT_OF_RANGE","raw":279.8,"sigma":1.5,"state":"IDLE","t":"2026-07-16T11:28:44.9291351Z","type":"sample"}
{"channel":"gsr","display":3590.2,"mu":0,"quality":"OK","raw":3590.2,"sigma":10,"state":"IDLE","t":"2026-07-16T11:28:44.9618996Z","type":"sample"}
{"channel":"hr","display":0,"mu":0,"quality":"OUT_OF_RANGE","raw":0,"sigma":3,"state":"IDLE","t":"2026-07-16T11:28:44.9618996Z","type":"sample"}
{"channel":"rr","display":56.390977443609025,"mu":0,"quality":"OUT_OF_RANGE","raw":279.2,"sigma":1.5,"state":"IDLE","t":"2026-07-16T11:28:44.9699155Z","type":"sample"}
{"channel":"rr","display":56.390977443609025,"mu":0,"quality":"OUT_OF_RANGE","raw":279.9,"sigma":1.5,"state":"IDLE","t":"2026-07-16T11:28:45.0099575Z","type":"sample"}
{"channel":"rr","display":56.390977443609025,"mu":0,"quality":"OUT_OF_RANGE","raw":279.9,"sigma":1.5,"state":"IDLE","t":"2026-07-16T11:28:45.0491732Z","type":"sample"}
{"channel":"gsr","display":3594,"mu":0,"quality":"OK","raw":3594,"sigma":10,"state":"IDLE","t":"2026-07-16T11:28:45.0599667Z","type":"sample"}
{"channel":"rr","display":56.390977443609025,"mu":0,"quality":"OUT_OF_RANGE","raw":279.9,"sigma":1.5,"state":"IDLE","t":"2026-07-16T11:28:45.0892644Z","type":"sample"}
{"channel":"rr","display":56.390977443609025,"mu":0,"quality":"OUT_OF_RANGE","raw":279.7,"sigma":1.5,"state":"IDLE","t":"2026-07-16T11:28:45.1292266Z","type":"sample"}
{"channel":"gsr","display":3587.1,"mu":0,"quality":"OK","raw":3587.1,"sigma":10,"state":"IDLE","t":"2026-07-16T11:28:45.1630741Z","type":"sample"}
{"channel":"rr","display":56.390977443609025,"mu":0,"quality":"OUT_OF_RANGE","raw":279.1,"sigma":1.5,"state":"IDLE","t":"2026-07-16T11:28:45.172512Z","type":"sample"}
{"channel":"rr","display":56.390977443609025,"mu":0,"quality":"OUT_OF_RANGE","raw":279,"sigma":1.5,"state":"IDLE","t":"2026-07-16T11:28:45.210051Z","type":"sample"}
{"channel":"rr","display":56.390977443609025,"mu":0,"quality":"OUT_OF_RANGE","raw":279.8,"sigma":1.5,"state":"IDLE","t":"2026-07-16T11:28:45.2500633Z","type":"sample"}
{"channel":"gsr","display":3586.1,"mu":0,"quality":"OK","raw":3586.1,"sigma":10,"state":"IDLE","t":"2026-07-16T11:28:45.2608456Z","type":"sample"}
{"channel":"rr","display":56.390977443609025,"mu":0,"quality":"OUT_OF_RANGE","raw":280.1,"sigma":1.5,"state":"IDLE","t":"2026-07-16T11:28:45.2891661Z","type":"sample"}
{"address":"/cue/g1/start","args":null,"channel":"system","dir":"out","t":"2026-07-16T11:28:45.3193974Z","type":"osc"}
{"channel":"rr","display":56.390977443609025,"mu":0,"quality":"OUT_OF_RANGE","raw":279.9,"sigma":1.5,"state":"IDLE","t":"2026-07-16T11:28:45.3292887Z","type":"sample"}
{"channel":"gsr","display":3585.8,"mu":0,"quality":"OK","raw":3585.8,"sigma":10,"state":"IDLE","t":"2026-07-16T11:28:45.3601277Z","type":"sample"}
{"channel":"rr","display":56.390977443609025,"mu":0,"quality":"OUT_OF_RANGE","raw":279.6,"sigma":1.5,"state":"IDLE","t":"2026-07-16T11:28:45.3700831Z","type":"sample"}
{"channel":"rr","display":56.390977443609025,"mu":0,"quality":"OUT_OF_RANGE","raw":280.5,"sigma":1.5,"state":"IDLE","t":"2026-07-16T11:28:45.410349Z","type":"sample"}
