{"addr":":5000","channel":"system","event":"listener_start","t":"2026-07-09T06:11:37.6781933Z","type":"event"}
{"channel":"rr","event":"quality_change","quality":"STUCK","t":"2026-07-09T06:11:37.7189654Z","type":"event"}
{"channel":"rr","display":0,"mu":0,"quality":"STUCK","raw":2073.2930469138737,"sigma":1.5,"state":"IDLE","t":"2026-07-09T06:11:37.7189654Z","type":"sample"}
{"addr":":8765","channel":"system","event":"osc_listening","t":"2026-07-09T06:11:37.7384977Z","type":"event"}
{"channel":"rr","display":0,"mu":0,"quality":"STUCK","raw":2122.8160760770124,"sigma":1.5,"state":"IDLE","t":"2026-07-09T06:11:37.7592064Z","type":"sample"}
{"channel":"rr","display":0,"mu":0,"quality":"STUCK","raw":2185.166974438497,"sigma":1.5,"state":"IDLE","t":"2026-07-09T06:11:37.7988115Z","type":"sample"}
{"channel":"rr","display":0,"mu":0,"quality":"STUCK","raw":2252.5400488460023,"sigma":1.5,"state":"IDLE","t":"2026-07-09T06:11:37.8391999Z","type":"sample"}
{"address":"/cue/r1/start","args":null,"channel":"system","dir":"out","t":"2026-07-09T06:11:37.8577416Z","type":"osc"}
{"channel":"rr","display":0,"mu":0,"quality":"STUCK","raw":2316.6101156001014,"sigma":1.5,"state":"IDLE","t":"2026-07-09T06:11:37.8789081Z","type":"sample"}
{"channel":"rr","display":0,"mu":0,"quality":"STUCK","raw":2386.347353605691,"sigma":1.5,"state":"IDLE","t":"2026-07-09T06:11:37.9191951Z","type":"sample"}
{"channel":"rr","display":0,"mu":0,"quality":"STUCK","raw":2469.631497977479,"sigma":1.5,"state":"IDLE","t":"2026-07-09T06:11:37.9591309Z","type":"sample"}
{"channel":"rr","display":0,"mu":0,"quality":"STUCK","raw":2536.63481721474,"sigma":1.5,"state":"IDLE","t":"2026-07-09T06:11:37.999415Z","type":"sample"}
{"channel":"rr","display":0,"mu":0,"quality":"STUCK","raw":2625.9232317191245,"sigma":1.5,"state":"IDLE","t":"2026-07-09T06:11:38.0390472Z","type":"sample"}
{"channel":"rr","display":0,"mu":0,"quality":"STUCK","raw":2665.3324093975702,"sigma":1.5,"state":"IDLE","t":"2026-07-09T06:11:38.0792258Z","type":"sample"}
{"channel":"rr","display":0,"mu":0,"quality":"STUCK","raw":2722.0783119087455,"sigma":1.5,"state":"IDLE","t":"2026-07-09T06:11:38.1187322Z","type":"sample"}
{"channel":"rr","display":0,"mu":0,"quality":"STUCK","raw":2775.2983772312878,"sigma":1.5,"state":"IDLE","t":"2026-07-09T06:11:38.1588261Z","type":"sample"}
{"channel":"rr","display":0,"mu":0,"quality":"STUCK","raw":2815.132469124047,"sigma":1.5,"state":"IDLE","t":"2026-07-09T06:11:38.198894Z","type":"sample"}
{"channel":"rr","display":0,"mu":0,"quality":"STUCK","raw":2899.9951139600453,"sigma":1.5,"state":"IDLE","t":"2026-07-09T06:11:38.2391999Z","type":"sample"}
{"channel":"rr","display":0,"mu":0,"quality":"STUCK","raw":2914.941506168976,"sigma":1.5,"state":"IDLE","t":"2026-07-09T06:11:38.2794052Z","type":"sample"}
{"channel":"rr","display":0,"mu":0,"quality":"STUCK","raw":2957.3837998993818,"sigma":1.5,"state":"IDLE","t":"2026-07-09T06:11:38.3189496Z","type":"sample"}
{"channel":"rr","display":0,"mu":0,"quality":"STUCK","raw":3044.5887344968605,"sigma":1.5,"state":"IDLE","t":"2026-07-09T06:11:38.3592012Z","type":"sample"}
{"channel":"rr","display":0,"mu":0,"quality":"STUCK","raw":3044.382220794807,"sigma":1.5,"state":"IDLE","t":"2026-07-09T06:11:38.399096Z","type":"sample"}
{"channel":"rr","display":0,"mu":0,"quality":"STUCK","raw":3103.3268720849646,"sigma":1.5,"state":"IDLE","t":"2026-07-09T06:11:38.4390233Z","type":"sample"}
{"channel":"rr","display":0,"mu":0,"quality":"STUCK","raw":3134.9793095000623,"sigma":1.5,"state":"IDLE","t":"2026-07-09T06:11:38.4787558Z","type":"sample"}
{"channel":"rr","display":0,"mu":0,"quality":"STUCK","raw":3166.7057462580674,"sigma":1.5,"state":"IDLE","t":"2026-07-09T06:11:38.5191726Z","type":"sample"}
{"channel":"rr","display":0,"mu":0,"quality":"STUCK","raw":3193.180766566045,"sigma":1.5,"state":"IDLE","t":"2026-07-09T06:11:38.5588631Z","type":"sample"}
{"channel":"rr","display":0,"mu":0,"quality":"STUCK","raw":3185.8430433145013,"sigma":1.5,"state":"IDLE","t":"2026-07-09T06:11:38.5990686Z","type":"sample"}
{"channel":"rr","display":0,"mu":0,"quality":"STUCK","raw":3233.7885267166575,"sigma":1.5,"state":"IDLE","t":"2026-07-09T06:11:38.6392087Z","type":"sample"}
{"channel":"rr","display":0,"mu":0,"quality":"STUCK","raw":3234.5609926365655,"sigma":1.5,"state":"IDLE","t":"2026-07-09T06:11:38.6791396Z","type":"sample"}
{"channel":"rr","display":0,"mu":0,"quality":"STUCK","raw":3221.395894870292,"sigma":1.5,"state":"IDLE","t":"2026-07-09T06:11:38.7191809Z","type":"sample"}
{"address":"/cue/p/start","args":null,"channel":"system","dir":"out","t":"2026-07-09T06:11:38.7401262Z","type":"osc"}
{"channel":"rr","display":0,"mu":0,"quality":"STUCK","raw":3254.1364759442336,"sigma":1.5,"state":"IDLE","t":"2026-07-09T06:11:38.7587526Z","type":"sample"}
{"channel":"rr","display":0,"mu":0,"quality":"STUCK","raw":3263.430908829133,"sigma":1.5,"state":"IDLE","t":"2026-07-09T06:11:38.7992261Z","type":"sample"}
{"channel":"rr","display":0,"mu":0,"quality":"STUCK","raw":3263.289956151059,"sigma":1.5,"state":"IDLE","t":"2026-07-09T06:11:38.8389544Z","type":"sample"}
{"address":"/cue/r1/start","args":null,"channel":"system","dir":"out","t":"2026-07-09T06:11:38.8613483Z","type":"osc"}
{"channel":"rr","display":0,"mu":0,"quality":"STUCK","raw":3248.918104989427,"sigma":1.5,"state":"IDLE","t":"2026-07-09T06:11:38.8789423Z","type":"sample"}
{"channel":"rr","display":0,"mu":0,"quality":"STUCK","raw":3230.2181102297627,"sigma":1.5,"state":"IDLE","t":"2026-07-09T06:11:38.919221Z","type":"sample"}
{"channel":"rr","display":0,"mu":0,"quality":"STUCK","raw":3232.7140882506433,"sigma":1.5,"state":"IDLE","t":"2026-07-09T06:11:38.9592163Z","type":"sample"}
{"channel":"rr","display":0,"mu":0,"quality":"STUCK","raw":3201.157633723059,"sigma":1.5,"state":"IDLE","t":"2026-07-09T06:11:38.9990631Z","type":"sample"}
{"channel":"rr","display":0,"mu":0,"quality":"STUCK","raw":3165.5980011828015,"sigma":1.5,"state":"IDLE","t":"2026-07-09T06:11:39.0390462Z","type":"sample"}
{"channel":"rr","display":0,"mu":0,"quality":"STUCK","raw":3154.4313382200226,"sigma":1.5,"state":"IDLE","t":"2026-07-09T06:11:39.0801059Z","type":"sample"}
{"channel":"rr","display":0,"mu":0,"quality":"STUCK","raw":3091.4400822100315,"sigma":1.5,"state":"IDLE","t":"2026-07-09T06:11:39.1190019Z","type":"sample"}
{"channel":"rr","display":0,"mu":0,"quality":"STUCK","raw":3077.70048972349,"sigma":1.5,"state":"IDLE","t":"2026-07-09T06:11:39.1589271Z","type":"sample"}
{"channel":"rr","display":0,"mu":0,"quality":"STUCK","raw":3038.2556981405405,"sigma":1.5,"state":"IDLE","t":"2026-07-09T06:11:39.1990271Z","type":"sample"}
{"channel":"rr","display":0,"mu":0,"quality":"STUCK","raw":3020.159817880203,"sigma":1.5,"state":"IDLE","t":"2026-07-09T06:11:39.239149Z","type":"sample"}
{"channel":"rr","display":0,"mu":0,"quality":"STUCK","raw":2940.179500515969,"sigma":1.5,"state":"IDLE","t":"2026-07-09T06:11:39.2788955Z","type":"sample"}
{"channel":"rr","display":0,"mu":0,"quality":"STUCK","raw":2882.0409966588404,"sigma":1.5,"state":"IDLE","t":"2026-07-09T06:11:39.3187614Z","type":"sample"}
{"channel":"rr","display":0,"mu":0,"quality":"STUCK","raw":2858.4013672251444,"sigma":1.5,"state":"IDLE","t":"2026-07-09T06:11:39.3592277Z","type":"sample"}
{"channel":"rr","display":0,"mu":0,"quality":"STUCK","raw":2775.6619266965645,"sigma":1.5,"state":"IDLE","t":"2026-07-09T06:11:39.3988797Z","type":"sample"}
{"channel":"rr","display":0,"mu":0,"quality":"STUCK","raw":2747.996306083697,"sigma":1.5,"state":"IDLE","t":"2026-07-09T06:11:39.4390408Z","type":"sample"}
{"channel":"rr","display":0,"mu":0,"quality":"STUCK","raw":2679.371745415186,"sigma":1.5,"state":"IDLE","t":"2026-07-09T06:11:39.479161Z","type":"sample"}
{"channel":"rr","display":0,"mu":0,"quality":"STUCK","raw":2640.404123061123,"sigma":1.5,"state":"IDLE","t":"2026-07-09T06:11:39.5192108Z","type":"sample"}
{"channel":"rr","display":0,"mu":0,"quality":"STUCK","raw":2568.524319523554,"sigma":1.5,"state":"IDLE","t":"2026-07-09T06:11:39.5593284Z","type":"sample"}
{"channel":"rr","display":0,"mu":0,"quality":"STUCK","raw":2502.654555939182,"sigma":1.5,"state":"IDLE","t":"2026-07-09T06:11:39.5987845Z","type":"sample"}
{"channel":"rr","display":0,"mu":0,"quality":"STUCK","raw":2423.893494626353,"sigma":1.5,"state":"IDLE","t":"2026-07-09T06:11:39.6390377Z","type":"sample"}
{"channel":"rr","display":0,"mu":0,"quality":"STUCK","raw":2347.732554608989,"sigma":1.5,"state":"IDLE","t":"2026-07-09T06:11:39.6790326Z","type":"sample"}
{"channel":"rr","display":0,"mu":0,"quality":"STUCK","raw":2271.4794993726337,"sigma":1.5,"state":"IDLE","t":"2026-07-09T06:11:39.7198822Z","type":"sample"}
{"address":"/cue/p/start","args":null,"channel":"system","dir":"out","t":"2026-07-09T06:11:39.7408925Z","type":"osc"}
{"channel":"rr","display":0,"mu":0,"quality":"STUCK","raw":2218.812049016237,"sigma":1.5,"state":"IDLE","t":"2026-07-09T06:11:39.7592081Z","type":"sample"}
{"channel":"rr","display":0,"mu":0,"quality":"STUCK","raw":2151.520093724244,"sigma":1.5,"state":"IDLE","t":"2026-07-09T06:11:39.7991388Z","type":"sample"}
{"channel":"rr","display":0,"mu":0,"quality":"STUCK","raw":2094.6014841819056,"sigma":1.5,"state":"IDLE","t":"2026-07-09T06:11:39.8390426Z","type":"sample"}
{"address":"/cue/r1/start","args":null,"channel":"system","dir":"out","t":"2026-07-09T06:11:39.8675287Z","type":"osc"}
{"channel":"rr","display":0,"mu":0,"quality":"STUCK","raw":2006.8884347165601,"sigma":1.5,"state":"IDLE","t":"2026-07-09T06:11:39.8790279Z","type":"sample"}
{"channel":"rr","display":0,"mu":0,"quality":"STUCK","raw":1934.603120008041,"sigma":1.5,"state":"IDLE","t":"2026-07-09T06:11:39.9189285Z","type":"sample"}
{"channel":"rr","display":0,"mu":0,"quality":"STUCK","raw":1878.966056968444,"sigma":1.5,"state":"IDLE","t":"2026-07-09T06:11:39.9588978Z","type":"sample"}
{"channel":"rr","display":0,"mu":0,"quality":"STUCK","raw":1800.6035199809608,"sigma":1.5,"state":"IDLE","t":"2026-07-09T06:11:39.9989478Z","type":"sample"}
{"channel":"rr","display":0,"mu":0,"quality":"STUCK","raw":1720.0426386676377,"sigma":1.5,"state":"IDLE","t":"2026-07-09T06:11:40.0390999Z","type":"sample"}
{"channel":"rr","display":0,"mu":0,"quality":"STUCK","raw":1686.3707971319002,"sigma":1.5,"state":"IDLE","t":"2026-07-09T06:11:40.0790951Z","type":"sample"}
{"channel":"rr","display":0,"mu":0,"quality":"STUCK","raw":1614.657141983337,"sigma":1.5,"state":"IDLE","t":"2026-07-09T06:11:40.1191873Z","type":"sample"}
{"channel":"rr","display":0,"mu":0,"quality":"STUCK","raw":1544.2522142016196,"sigma":1.5,"state":"IDLE","t":"2026-07-09T06:11:40.1594081Z","type":"sample"}
{"channel":"rr","display":0,"mu":0,"quality":"STUCK","raw":1476.9496024236842,"sigma":1.5,"state":"IDLE","t":"2026-07-09T06:11:40.1989063Z","type":"sample"}
{"channel":"rr","display":0,"mu":0,"quality":"STUCK","raw":1427.1255360603109,"sigma":1.5,"state":"IDLE","t":"2026-07-09T06:11:40.2391669Z","type":"sample"}
{"channel":"rr","display":0,"mu":0,"quality":"STUCK","raw":1358.5309549736392,"sigma":1.5,"state":"IDLE","t":"2026-07-09T06:11:40.2787785Z","type":"sample"}
{"channel":"rr","display":0,"mu":0,"quality":"STUCK","raw":1284.6450477113162,"sigma":1.5,"state":"IDLE","t":"2026-07-09T06:11:40.3189138Z","type":"sample"}
{"channel":"rr","display":0,"mu":0,"quality":"STUCK","raw":1252.3029267552129,"sigma":1.5,"state":"IDLE","t":"2026-07-09T06:11:40.3591352Z","type":"sample"}
{"channel":"rr","display":0,"mu":0,"quality":"STUCK","raw":1204.615569586397,"sigma":1.5,"state":"IDLE","t":"2026-07-09T06:11:40.3988676Z","type":"sample"}
{"channel":"rr","display":0,"mu":0,"quality":"STUCK","raw":1146.369542574581,"sigma":1.5,"state":"IDLE","t":"2026-07-09T06:11:40.4387637Z","type":"sample"}
{"channel":"rr","display":0,"mu":0,"quality":"STUCK","raw":1104.2442221885342,"sigma":1.5,"state":"IDLE","t":"2026-07-09T06:11:40.479155Z","type":"sample"}
{"channel":"rr","display":0,"mu":0,"quality":"STUCK","raw":1083.4582767864415,"sigma":1.5,"state":"IDLE","t":"2026-07-09T06:11:40.518899Z","type":"sample"}
{"channel":"rr","display":0,"mu":0,"quality":"STUCK","raw":1026.345097911086,"sigma":1.5,"state":"IDLE","t":"2026-07-09T06:11:40.559125Z","type":"sample"}
{"channel":"rr","display":0,"mu":0,"quality":"STUCK","raw":1008.1254997822552,"sigma":1.5,"state":"IDLE","t":"2026-07-09T06:11:40.5989775Z","type":"sample"}
{"channel":"rr","display":0,"mu":0,"quality":"STUCK","raw":948.6418433422078,"sigma":1.5,"state":"IDLE","t":"2026-07-09T06:11:40.6387902Z","type":"sample"}
{"channel":"rr","display":0,"mu":0,"quality":"STUCK","raw":940.4664250086502,"sigma":1.5,"state":"IDLE","t":"2026-07-09T06:11:40.679001Z","type":"sample"}
{"channel":"rr","display":0,"mu":0,"quality":"STUCK","raw":887.2499762777793,"sigma":1.5,"state":"IDLE","t":"2026-07-09T06:11:40.7192536Z","type":"sample"}
{"address":"/cue/p/start","args":null,"channel":"system","dir":"out","t":"2026-07-09T06:11:40.7399612Z","type":"osc"}
{"channel":"rr","display":0,"mu":0,"quality":"STUCK","raw":897.5847217773022,"sigma":1.5,"state":"IDLE","t":"2026-07-09T06:11:40.7587915Z","type":"sample"}
{"channel":"rr","display":0,"mu":0,"quality":"STUCK","raw":850.5216783013502,"sigma":1.5,"state":"IDLE","t":"2026-07-09T06:11:40.7994439Z","type":"sample"}
{"channel":"rr","display":0,"mu":0,"quality":"STUCK","raw":847.0139674522512,"sigma":1.5,"state":"IDLE","t":"2026-07-09T06:11:40.839359Z","type":"sample"}
{"address":"/cue/r1/start","args":null,"channel":"system","dir":"out","t":"2026-07-09T06:11:40.8724619Z","type":"osc"}
{"channel":"rr","display":0,"mu":0,"quality":"STUCK","raw":851.8745196641129,"sigma":1.5,"state":"IDLE","t":"2026-07-09T06:11:40.8793173Z","type":"sample"}
{"channel":"rr","display":0,"mu":0,"quality":"STUCK","raw":854.1707055948481,"sigma":1.5,"state":"IDLE","t":"2026-07-09T06:11:40.9190099Z","type":"sample"}
{"channel":"rr","display":0,"mu":0,"quality":"STUCK","raw":857.7808854152365,"sigma":1.5,"state":"IDLE","t":"2026-07-09T06:11:40.9591333Z","type":"sample"}
{"channel":"rr","display":0,"mu":0,"quality":"STUCK","raw":815.793494229908,"sigma":1.5,"state":"IDLE","t":"2026-07-09T06:11:40.9992013Z","type":"sample"}
{"channel":"rr","display":0,"mu":0,"quality":"STUCK","raw":844.6653917173895,"sigma":1.5,"state":"IDLE","t":"2026-07-09T06:11:41.0389498Z","type":"sample"}
{"channel":"rr","display":0,"mu":0,"quality":"STUCK","raw":910.9273564492557,"sigma":1.5,"state":"IDLE","t":"2026-07-09T06:11:41.0790255Z","type":"sample"}
{"channel":"rr","display":0,"mu":0,"quality":"STUCK","raw":874.1075094794368,"sigma":1.5,"state":"IDLE","t":"2026-07-09T06:11:41.118858Z","type":"sample"}
{"channel":"rr","display":0,"mu":0,"quality":"STUCK","raw":913.4401946745534,"sigma":1.5,"state":"IDLE","t":"2026-07-09T06:11:41.158828Z","type":"sample"}
{"channel":"rr","display":0,"mu":0,"quality":"STUCK","raw":916.1932250475,"sigma":1.5,"state":"IDLE","t":"2026-07-09T06:11:41.1991911Z","type":"sample"}
{"channel":"rr","display":0,"mu":0,"quality":"STUCK","raw":982.2099951411047,"sigma":1.5,"state":"IDLE","t":"2026-07-09T06:11:41.2390796Z","type":"sample"}
{"channel":"rr","display":0,"mu":0,"quality":"STUCK","raw":981.4166045177359,"sigma":1.5,"state":"IDLE","t":"2026-07-09T06:11:41.2790018Z","type":"sample"}
{"channel":"rr","display":0,"mu":0,"quality":"STUCK","raw":1031.2240416439015,"sigma":1.5,"state":"IDLE","t":"2026-07-09T06:11:41.3187078Z","type":"sample"}
{"channel":"rr","display":0,"mu":0,"quality":"STUCK","raw":1097.5694365080114,"sigma":1.5,"state":"IDLE","t":"2026-07-09T06:11:41.3592269Z","type":"sample"}
{"channel":"rr","display":0,"mu":0,"quality":"STUCK","raw":1085.0573130084006,"sigma":1.5,"state":"IDLE","t":"2026-07-09T06:11:41.3989808Z","type":"sample"}
{"channel":"rr","display":0,"mu":0,"quality":"STUCK","raw":1182.3508501729627,"sigma":1.5,"state":"IDLE","t":"2026-07-09T06:11:41.4390428Z","type":"sample"}
{"channel":"rr","display":0,"mu":0,"quality":"STUCK","raw":1237.1550992215546,"sigma":1.5,"state":"IDLE","t":"2026-07-09T06:11:41.4788888Z","type":"sample"}
{"channel":"rr","display":0,"mu":0,"quality":"STUCK","raw":1280.4762474805154,"sigma":1.5,"state":"IDLE","t":"2026-07-09T06:11:41.5192043Z","type":"sample"}
{"channel":"rr","display":0,"mu":0,"quality":"STUCK","raw":1316.262861881511,"sigma":1.5,"state":"IDLE","t":"2026-07-09T06:11:41.5589996Z","type":"sample"}
{"channel":"rr","display":0,"mu":0,"quality":"STUCK","raw":1405.5748249154587,"sigma":1.5,"state":"IDLE","t":"2026-07-09T06:11:41.5987793Z","type":"sample"}
{"channel":"rr","display":0,"mu":0,"quality":"STUCK","raw":1448.6028128439211,"sigma":1.5,"state":"IDLE","t":"2026-07-09T06:11:41.6389364Z","type":"sample"}
{"channel":"rr","display":0,"mu":0,"quality":"STUCK","raw":1511.8869079104306,"sigma":1.5,"state":"IDLE","t":"2026-07-09T06:11:41.6791925Z","type":"sample"}
{"channel":"rr","display":0,"mu":0,"quality":"STUCK","raw":1541.22181690699,"sigma":1.5,"state":"IDLE","t":"2026-07-09T06:11:41.7190754Z","type":"sample"}
{"address":"/cue/p/start","args":null,"channel":"system","dir":"out","t":"2026-07-09T06:11:41.7400298Z","type":"osc"}
{"channel":"rr","display":0,"mu":0,"quality":"STUCK","raw":1639.219121068303,"sigma":1.5,"state":"IDLE","t":"2026-07-09T06:11:41.7590986Z","type":"sample"}
{"channel":"rr","display":0,"mu":0,"quality":"STUCK","raw":1693.1794222674187,"sigma":1.5,"state":"IDLE","t":"2026-07-09T06:11:41.7992538Z","type":"sample"}
{"channel":"rr","display":0,"mu":0,"quality":"STUCK","raw":1758.2937175174554,"sigma":1.5,"state":"IDLE","t":"2026-07-09T06:11:41.839188Z","type":"sample"}
{"address":"/cue/r1/start","args":null,"channel":"system","dir":"out","t":"2026-07-09T06:11:41.8764146Z","type":"osc"}
{"channel":"rr","display":0,"mu":0,"quality":"STUCK","raw":1824.8612803156157,"sigma":1.5,"state":"IDLE","t":"2026-07-09T06:11:41.879102Z","type":"sample"}
{"channel":"rr","display":0,"mu":0,"quality":"STUCK","raw":1907.0200593022703,"sigma":1.5,"state":"IDLE","t":"2026-07-09T06:11:41.9189054Z","type":"sample"}
{"channel":"rr","display":0,"mu":0,"quality":"STUCK","raw":1982.351369326896,"sigma":1.5,"state":"IDLE","t":"2026-07-09T06:11:41.9591089Z","type":"sample"}
{"channel":"rr","display":0,"mu":0,"quality":"STUCK","raw":2041.0978432338334,"sigma":1.5,"state":"IDLE","t":"2026-07-09T06:11:41.9989257Z","type":"sample"}
{"channel":"rr","event":"quality_change","quality":"OK","t":"2026-07-09T06:11:42.0389424Z","type":"event"}
{"channel":"rr","display":0,"mu":0,"quality":"OK","raw":2126.9135588344507,"sigma":1.5,"state":"IDLE","t":"2026-07-09T06:11:42.0389424Z","type":"sample"}
{"channel":"rr","display":0,"mu":0,"quality":"OK","raw":2203.5118990585497,"sigma":1.5,"state":"IDLE","t":"2026-07-09T06:11:42.0790908Z","type":"sample"}
{"channel":"rr","display":0,"mu":0,"quality":"OK","raw":2233.3850179995907,"sigma":1.5,"state":"IDLE","t":"2026-07-09T06:11:42.1188828Z","type":"sample"}
{"channel":"rr","display":0,"mu":0,"quality":"OK","raw":2316.924740103943,"sigma":1.5,"state":"IDLE","t":"2026-07-09T06:11:42.1591275Z","type":"sample"}
{"channel":"rr","display":0,"mu":0,"quality":"OK","raw":2375.5276178691893,"sigma":1.5,"state":"IDLE","t":"2026-07-09T06:11:42.1990704Z","type":"sample"}
{"channel":"rr","display":0,"mu":0,"quality":"OK","raw":2460.00020692827,"sigma":1.5,"state":"IDLE","t":"2026-07-09T06:11:42.2392343Z","type":"sample"}
{"channel":"rr","display":0,"mu":0,"quality":"OK","raw":2513.2900761262676,"sigma":1.5,"state":"IDLE","t":"2026-07-09T06:11:42.2790579Z","type":"sample"}
{"channel":"rr","display":0,"mu":0,"quality":"OK","raw":2591.0452667780696,"sigma":1.5,"state":"IDLE","t":"2026-07-09T06:11:42.3188962Z","type":"sample"}
{"channel":"rr","display":0,"mu":0,"quality":"OK","raw":2663.626214340762,"sigma":1.5,"state":"IDLE","t":"2026-07-09T06:11:42.359168Z","type":"sample"}
{"channel":"rr","display":0,"mu":0,"quality":"OK","raw":2693.3426374546143,"sigma":1.5,"state":"IDLE","t":"2026-07-09T06:11:42.3989284Z","type":"sample"}
{"channel":"rr","display":0,"mu":0,"quality":"OK","raw":2779.470845773368,"sigma":1.5,"state":"IDLE","t":"2026-07-09T06:11:42.4388087Z","type":"sample"}
{"channel":"rr","display":0,"mu":0,"quality":"OK","raw":2824.189563662926,"sigma":1.5,"state":"IDLE","t":"2026-07-09T06:11:42.4787536Z","type":"sample"}
{"channel":"rr","display":0,"mu":0,"quality":"OK","raw":2859.7677690523456,"sigma":1.5,"state":"IDLE","t":"2026-07-09T06:11:42.5189665Z","type":"sample"}
{"channel":"rr","display":0,"mu":0,"quality":"OK","raw":2902.463721624382,"sigma":1.5,"state":"IDLE","t":"2026-07-09T06:11:42.5591673Z","type":"sample"}
{"channel":"rr","display":0,"mu":0,"quality":"OK","raw":2970.7323195982376,"sigma":1.5,"state":"IDLE","t":"2026-07-09T06:11:42.5990226Z","type":"sample"}
{"channel":"rr","display":0,"mu":0,"quality":"OK","raw":2993.9778264201277,"sigma":1.5,"state":"IDLE","t":"2026-07-09T06:11:42.6390272Z","type":"sample"}
{"channel":"rr","display":0,"mu":0,"quality":"OK","raw":3049.9798345263152,"sigma":1.5,"state":"IDLE","t":"2026-07-09T06:11:42.6790319Z","type":"sample"}
{"channel":"rr","display":0,"mu":0,"quality":"OK","raw":3077.8106341855773,"sigma":1.5,"state":"IDLE","t":"2026-07-09T06:11:42.718999Z","type":"sample"}
{"address":"/cue/p/start","args":null,"channel":"system","dir":"out","t":"2026-07-09T06:11:42.7394839Z","type":"osc"}
{"channel":"rr","display":0,"mu":0,"quality":"OK","raw":3099.1910516333664,"sigma":1.5,"state":"IDLE","t":"2026-07-09T06:11:42.7588825Z","type":"sample"}
{"channel":"rr","display":0,"mu":0,"quality":"OK","raw":3139.775026686685,"sigma":1.5,"state":"IDLE","t":"2026-07-09T06:11:42.7991694Z","type":"sample"}
{"channel":"rr","display":0,"mu":0,"quality":"OK","raw":3171.4859854741558,"sigma":1.5,"state":"IDLE","t":"2026-07-09T06:11:42.8391817Z","type":"sample"}
{"channel":"rr","display":0,"mu":0,"quality":"OK","raw":3216.020456337206,"sigma":1.5,"state":"IDLE","t":"2026-07-09T06:11:42.8789236Z","type":"sample"}
{"address":"/cue/r1/start","args":null,"channel":"system","dir":"out","t":"2026-07-09T06:11:42.887168Z","type":"osc"}
{"channel":"rr","display":0,"mu":0,"quality":"OK","raw":3222.4719331453593,"sigma":1.5,"state":"IDLE","t":"2026-07-09T06:11:42.9188762Z","type":"sample"}
{"channel":"rr","display":0,"mu":0,"quality":"OK","raw":3217.8557662803337,"sigma":1.5,"state":"IDLE","t":"2026-07-09T06:11:42.9587551Z","type":"sample"}
{"channel":"rr","display":0,"mu":0,"quality":"OK","raw":3244.7951568083313,"sigma":1.5,"state":"IDLE","t":"2026-07-09T06:11:42.998888Z","type":"sample"}
{"channel":"rr","display":0,"mu":0,"quality":"OK","raw":3245.221738440951,"sigma":1.5,"state":"IDLE","t":"2026-07-09T06:11:43.0390076Z","type":"sample"}
{"channel":"rr","display":0,"mu":0,"quality":"OK","raw":3244.665660967207,"sigma":1.5,"state":"IDLE","t":"2026-07-09T06:11:43.0791887Z","type":"sample"}
{"channel":"rr","display":0,"mu":0,"quality":"OK","raw":3258.282596819447,"sigma":1.5,"state":"IDLE","t":"2026-07-09T06:11:43.118936Z","type":"sample"}
{"channel":"rr","display":0,"mu":0,"quality":"OK","raw":3229.201606709304,"sigma":1.5,"state":"IDLE","t":"2026-07-09T06:11:43.1590156Z","type":"sample"}
{"channel":"rr","display":0,"mu":0,"quality":"OK","raw":3239.3394331783907,"sigma":1.5,"state":"IDLE","t":"2026-07-09T06:11:43.1992274Z","type":"sample"}
{"channel":"rr","display":0,"mu":0,"quality":"OK","raw":3206.9921932048296,"sigma":1.5,"state":"IDLE","t":"2026-07-09T06:11:43.2388042Z","type":"sample"}
{"channel":"rr","display":0,"mu":0,"quality":"OK","raw":3179.9016632598627,"sigma":1.5,"state":"IDLE","t":"2026-07-09T06:11:43.2791426Z","type":"sample"}
{"channel":"rr","display":0,"mu":0,"quality":"OK","raw":3164.5178327690705,"sigma":1.5,"state":"IDLE","t":"2026-07-09T06:11:43.3191336Z","type":"sample"}
{"channel":"rr","display":0,"mu":0,"quality":"OK","raw":3145.6799898489858,"sigma":1.5,"state":"IDLE","t":"2026-07-09T06:11:43.3591092Z","type":"sample"}
{"channel":"rr","display":0,"mu":0,"quality":"OK","raw":3132.3664761966215,"sigma":1.5,"state":"IDLE","t":"2026-07-09T06:11:43.3988798Z","type":"sample"}
{"channel":"rr","display":0,"mu":0,"quality":"OK","raw":3086.811028490802,"sigma":1.5,"state":"IDLE","t":"2026-07-09T06:11:43.4389893Z","type":"sample"}
{"channel":"rr","display":0,"mu":0,"quality":"OK","raw":3028.8090143581394,"sigma":1.5,"state":"IDLE","t":"2026-07-09T06:11:43.4788755Z","type":"sample"}
{"channel":"rr","display":0,"mu":0,"quality":"OK","raw":3007.623832976815,"sigma":1.5,"state":"IDLE","t":"2026-07-09T06:11:43.5189851Z","type":"sample"}
{"channel":"rr","display":0,"mu":0,"quality":"OK","raw":2909.889464615633,"sigma":1.5,"state":"IDLE","t":"2026-07-09T06:11:43.5590158Z","type":"sample"}
{"channel":"rr","display":0,"mu":0,"quality":"OK","raw":2907.9453614501404,"sigma":1.5,"state":"IDLE","t":"2026-07-09T06:11:43.5988179Z","type":"sample"}
{"channel":"rr","display":0,"mu":0,"quality":"OK","raw":2859.106536355228,"sigma":1.5,"state":"IDLE","t":"2026-07-09T06:11:43.6390951Z","type":"sample"}
{"channel":"rr","display":0,"mu":0,"quality":"OK","raw":2786.5936140560434,"sigma":1.5,"state":"IDLE","t":"2026-07-09T06:11:43.6788859Z","type":"sample"}
{"channel":"rr","display":0,"mu":0,"quality":"OK","raw":2747.689990886082,"sigma":1.5,"state":"IDLE","t":"2026-07-09T06:11:43.7189892Z","type":"sample"}
{"address":"/cue/p/start","args":null,"channel":"system","dir":"out","t":"2026-07-09T06:11:43.7403125Z","type":"osc"}
{"channel":"rr","display":0,"mu":0,"quality":"OK","raw":2683.7848982559435,"sigma":1.5,"state":"IDLE","t":"2026-07-09T06:11:43.759233Z","type":"sample"}
{"channel":"rr","display":0,"mu":0,"quality":"OK","raw":2639.2532585669655,"sigma":1.5,"state":"IDLE","t":"2026-07-09T06:11:43.7989725Z","type":"sample"}
{"channel":"rr","display":0,"mu":0,"quality":"OK","raw":2563.13719084218,"sigma":1.5,"state":"IDLE","t":"2026-07-09T06:11:43.8389327Z","type":"sample"}
{"channel":"rr","display":0,"mu":0,"quality":"OK","raw":2492.705523462275,"sigma":1.5,"state":"IDLE","t":"2026-07-09T06:11:43.8790225Z","type":"sample"}
{"address":"/cue/r1/start","args":null,"channel":"system","dir":"out","t":"2026-07-09T06:11:43.8940046Z","type":"osc"}
{"channel":"rr","display":0,"mu":0,"quality":"OK","raw":2432.392949513442,"sigma":1.5,"state":"IDLE","t":"2026-07-09T06:11:43.9188099Z","type":"sample"}
{"channel":"rr","display":0,"mu":0,"quality":"OK","raw":2375.43698293738,"sigma":1.5,"state":"IDLE","t":"2026-07-09T06:11:43.9590868Z","type":"sample"}
{"channel":"rr","display":0,"mu":0,"quality":"OK","raw":2292.3760704036144,"sigma":1.5,"state":"IDLE","t":"2026-07-09T06:11:43.9991659Z","type":"sample"}
{"channel":"rr","display":0,"mu":0,"quality":"OK","raw":2208.338886835897,"sigma":1.5,"state":"IDLE","t":"2026-07-09T06:11:44.0390554Z","type":"sample"}
{"channel":"rr","display":0,"mu":0,"quality":"OK","raw":2155.342873040502,"sigma":1.5,"state":"IDLE","t":"2026-07-09T06:11:44.0791895Z","type":"sample"}
{"channel":"rr","display":0,"mu":0,"quality":"OK","raw":2096.0935946529903,"sigma":1.5,"state":"IDLE","t":"2026-07-09T06:11:44.1190496Z","type":"sample"}
{"channel":"rr","display":0,"mu":0,"quality":"OK","raw":2003.043907480838,"sigma":1.5,"state":"IDLE","t":"2026-07-09T06:11:44.1590809Z","type":"sample"}
{"channel":"rr","display":0,"mu":0,"quality":"OK","raw":1929.8806752755988,"sigma":1.5,"state":"IDLE","t":"2026-07-09T06:11:44.1990799Z","type":"sample"}
{"channel":"rr","display":0,"mu":0,"quality":"OK","raw":1875.6697075458853,"sigma":1.5,"state":"IDLE","t":"2026-07-09T06:11:44.2387906Z","type":"sample"}
{"channel":"rr","display":0,"mu":0,"quality":"OK","raw":1828.1901045415011,"sigma":1.5,"state":"IDLE","t":"2026-07-09T06:11:44.2792297Z","type":"sample"}
{"channel":"rr","display":0,"mu":0,"quality":"OK","raw":1737.4728842897143,"sigma":1.5,"state":"IDLE","t":"2026-07-09T06:11:44.3191978Z","type":"sample"}
{"channel":"rr","display":0,"mu":0,"quality":"OK","raw":1641.351414032314,"sigma":1.5,"state":"IDLE","t":"2026-07-09T06:11:44.3587565Z","type":"sample"}
{"channel":"rr","display":0,"mu":0,"quality":"OK","raw":1584.8876441053872,"sigma":1.5,"state":"IDLE","t":"2026-07-09T06:11:44.3990414Z","type":"sample"}
{"channel":"rr","display":0,"mu":0,"quality":"OK","raw":1546.7565956000517,"sigma":1.5,"state":"IDLE","t":"2026-07-09T06:11:44.439026Z","type":"sample"}
{"channel":"rr","display":0,"mu":0,"quality":"OK","raw":1444.9666247571265,"sigma":1.5,"state":"IDLE","t":"2026-07-09T06:11:44.4792834Z","type":"sample"}
{"channel":"rr","display":0,"mu":0,"quality":"OK","raw":1444.9036863916247,"sigma":1.5,"state":"IDLE","t":"2026-07-09T06:11:44.5189257Z","type":"sample"}
{"channel":"rr","display":0,"mu":0,"quality":"OK","raw":1355.498974243417,"sigma":1.5,"state":"IDLE","t":"2026-07-09T06:11:44.5592508Z","type":"sample"}
{"channel":"rr","display":0,"mu":0,"quality":"OK","raw":1293.3598760296939,"sigma":1.5,"state":"IDLE","t":"2026-07-09T06:11:44.5991847Z","type":"sample"}
{"channel":"rr","display":0,"mu":0,"quality":"OK","raw":1242.6645018876754,"sigma":1.5,"state":"IDLE","t":"2026-07-09T06:11:44.6389101Z","type":"sample"}
{"channel":"rr","display":0,"mu":0,"quality":"OK","raw":1184.6778117597744,"sigma":1.5,"state":"IDLE","t":"2026-07-09T06:11:44.6791698Z","type":"sample"}
{"channel":"rr","display":0,"mu":0,"quality":"OK","raw":1159.913190481462,"sigma":1.5,"state":"IDLE","t":"2026-07-09T06:11:44.7188519Z","type":"sample"}
{"address":"/cue/p/start","args":null,"channel":"system","dir":"out","t":"2026-07-09T06:11:44.7400568Z","type":"osc"}
{"channel":"rr","display":0,"mu":0,"quality":"OK","raw":1105.6691383593284,"sigma":1.5,"state":"IDLE","t":"2026-07-09T06:11:44.7588097Z","type":"sample"}
{"channel":"rr","display":0,"mu":0,"quality":"OK","raw":1060.1133512107733,"sigma":1.5,"state":"IDLE","t":"2026-07-09T06:11:44.7988819Z","type":"sample"}
{"channel":"rr","display":0,"mu":0,"quality":"OK","raw":1048.476639386104,"sigma":1.5,"state":"IDLE","t":"2026-07-09T06:11:44.8391628Z","type":"sample"}
{"channel":"rr","display":0,"mu":0,"quality":"OK","raw":995.665569875162,"sigma":1.5,"state":"IDLE","t":"2026-07-09T06:11:44.8789693Z","type":"sample"}
{"address":"/cue/r1/start","args":null,"channel":"system","dir":"out","t":"2026-07-09T06:11:44.8985784Z","type":"osc"}
{"channel":"rr","display":0,"mu":0,"quality":"OK","raw":967.3064510971883,"sigma":1.5,"state":"IDLE","t":"2026-07-09T06:11:44.9187775Z","type":"sample"}
{"channel":"rr","display":0,"mu":0,"quality":"OK","raw":912.2650706063741,"sigma":1.5,"state":"IDLE","t":"2026-07-09T06:11:44.9591168Z","type":"sample"}
{"channel":"rr","display":0,"mu":0,"quality":"OK","raw":889.3686895952312,"sigma":1.5,"state":"IDLE","t":"2026-07-09T06:11:44.9988366Z","type":"sample"}
{"channel":"rr","display":0,"mu":0,"quality":"OK","raw":863.9586797097372,"sigma":1.5,"state":"IDLE","t":"2026-07-09T06:11:45.0390371Z","type":"sample"}
{"channel":"rr","display":0,"mu":0,"quality":"OK","raw":854.9115009253336,"sigma":1.5,"state":"IDLE","t":"2026-07-09T06:11:45.0793775Z","type":"sample"}
{"channel":"rr","display":0,"mu":0,"quality":"OK","raw":867.4541197400805,"sigma":1.5,"state":"IDLE","t":"2026-07-09T06:11:45.11887Z","type":"sample"}
{"channel":"rr","display":0,"mu":0,"quality":"OK","raw":836.229887648623,"sigma":1.5,"state":"IDLE","t":"2026-07-09T06:11:45.1591877Z","type":"sample"}
{"channel":"rr","display":0,"mu":0,"quality":"OK","raw":811.2724121900147,"sigma":1.5,"state":"IDLE","t":"2026-07-09T06:11:45.1991819Z","type":"sample"}
{"channel":"rr","display":0,"mu":0,"quality":"OK","raw":868.9982818636936,"sigma":1.5,"state":"IDLE","t":"2026-07-09T06:11:45.2388184Z","type":"sample"}
{"channel":"rr","display":0,"mu":0,"quality":"OK","raw":863.0276531234795,"sigma":1.5,"state":"IDLE","t":"2026-07-09T06:11:45.2790335Z","type":"sample"}
{"channel":"rr","display":0,"mu":0,"quality":"OK","raw":860.7266454133123,"sigma":1.5,"state":"IDLE","t":"2026-07-09T06:11:45.3191875Z","type":"sample"}
{"channel":"rr","display":0,"mu":0,"quality":"OK","raw":877.8610077875105,"sigma":1.5,"state":"IDLE","t":"2026-07-09T06:11:45.359221Z","type":"sample"}
{"channel":"rr","display":0,"mu":0,"quality":"OK","raw":900.1343563644139,"sigma":1.5,"state":"IDLE","t":"2026-07-09T06:11:45.3987695Z","type":"sample"}
{"channel":"rr","display":0,"mu":0,"quality":"OK","raw":917.6812522887975,"sigma":1.5,"state":"IDLE","t":"2026-07-09T06:11:45.4392218Z","type":"sample"}
{"channel":"rr","display":0,"mu":0,"quality":"OK","raw":949.9243400523071,"sigma":1.5,"state":"IDLE","t":"2026-07-09T06:11:45.4790972Z","type":"sample"}
{"channel":"rr","display":0,"mu":0,"quality":"OK","raw":956.9392537768717,"sigma":1.5,"state":"IDLE","t":"2026-07-09T06:11:45.5193012Z","type":"sample"}
{"channel":"rr","display":0,"mu":0,"quality":"OK","raw":995.8455233454079,"sigma":1.5,"state":"IDLE","t":"2026-07-09T06:11:45.5588408Z","type":"sample"}
{"channel":"rr","display":0,"mu":0,"quality":"OK","raw":1057.9073832621652,"sigma":1.5,"state":"IDLE","t":"2026-07-09T06:11:45.5993491Z","type":"sample"}
{"channel":"rr","display":0,"mu":0,"quality":"OK","raw":1082.5750207426568,"sigma":1.5,"state":"IDLE","t":"2026-07-09T06:11:45.6390353Z","type":"sample"}
{"channel":"rr","display":0,"mu":0,"quality":"OK","raw":1128.3538842472062,"sigma":1.5,"state":"IDLE","t":"2026-07-09T06:11:45.6792035Z","type":"sample"}
{"channel":"rr","display":0,"mu":0,"quality":"OK","raw":1162.3647584728901,"sigma":1.5,"state":"IDLE","t":"2026-07-09T06:11:45.7189359Z","type":"sample"}
{"address":"/cue/p/start","args":null,"channel":"system","dir":"out","t":"2026-07-09T06:11:45.7413807Z","type":"osc"}
{"channel":"rr","display":0,"mu":0,"quality":"OK","raw":1226.57287209905,"sigma":1.5,"state":"IDLE","t":"2026-07-09T06:11:45.7590389Z","type":"sample"}
{"channel":"rr","display":0,"mu":0,"quality":"OK","raw":1269.8630329763391,"sigma":1.5,"state":"IDLE","t":"2026-07-09T06:11:45.7992467Z","type":"sample"}
{"channel":"rr","display":0,"mu":0,"quality":"OK","raw":1335.2096063437841,"sigma":1.5,"state":"IDLE","t":"2026-07-09T06:11:45.8391416Z","type":"sample"}
{"channel":"rr","display":0,"mu":0,"quality":"OK","raw":1399.1866659689808,"sigma":1.5,"state":"IDLE","t":"2026-07-09T06:11:45.8828158Z","type":"sample"}
{"address":"/cue/r1/start","args":null,"channel":"system","dir":"out","t":"2026-07-09T06:11:45.9051142Z","type":"osc"}
{"channel":"rr","display":0,"mu":0,"quality":"OK","raw":1439.0341056370698,"sigma":1.5,"state":"IDLE","t":"2026-07-09T06:11:45.9191962Z","type":"sample"}
{"channel":"rr","display":0,"mu":0,"quality":"OK","raw":1519.8958917777022,"sigma":1.5,"state":"IDLE","t":"2026-07-09T06:11:45.9590536Z","type":"sample"}
{"channel":"rr","display":0,"mu":0,"quality":"OK","raw":1559.43385708015,"sigma":1.5,"state":"IDLE","t":"2026-07-09T06:11:45.9988083Z","type":"sample"}
{"channel":"rr","display":0,"mu":0,"quality":"OK","raw":1643.9739923161112,"sigma":1.5,"state":"IDLE","t":"2026-07-09T06:11:46.0391133Z","type":"sample"}
{"channel":"rr","display":0,"mu":0,"quality":"OK","raw":1682.1641633710983,"sigma":1.5,"state":"IDLE","t":"2026-07-09T06:11:46.0790998Z","type":"sample"}
{"channel":"rr","display":0,"mu":0,"quality":"OK","raw":1774.0047278905195,"sigma":1.5,"state":"IDLE","t":"2026-07-09T06:11:46.1191292Z","type":"sample"}
{"channel":"rr","display":0,"mu":0,"quality":"OK","raw":1842.384393565589,"sigma":1.5,"state":"IDLE","t":"2026-07-09T06:11:46.159073Z","type":"sample"}
{"channel":"rr","display":0,"mu":0,"quality":"OK","raw":1902.4780871859384,"sigma":1.5,"state":"IDLE","t":"2026-07-09T06:11:46.1987984Z","type":"sample"}
{"channel":"rr","display":0,"mu":0,"quality":"OK","raw":1971.5296357886987,"sigma":1.5,"state":"IDLE","t":"2026-07-09T06:11:46.2389533Z","type":"sample"}
{"channel":"rr","display":14.150943396226415,"mu":0,"quality":"OK","raw":2076.21631750601,"sigma":1.5,"state":"IDLE","t":"2026-07-09T06:11:46.2790075Z","type":"sample"}
{"channel":"rr","display":14.150943396226415,"mu":0,"quality":"OK","raw":2112.084717954908,"sigma":1.5,"state":"IDLE","t":"2026-07-09T06:11:46.3191808Z","type":"sample"}
{"channel":"rr","display":14.150943396226415,"mu":0,"quality":"OK","raw":2199.4054741531954,"sigma":1.5,"state":"IDLE","t":"2026-07-09T06:11:46.3595233Z","type":"sample"}
{"channel":"rr","display":14.150943396226415,"mu":0,"quality":"OK","raw":2237.5222423660607,"sigma":1.5,"state":"IDLE","t":"2026-07-09T06:11:46.3990362Z","type":"sample"}
{"channel":"rr","display":14.150943396226415,"mu":0,"quality":"OK","raw":2342.78055340298,"sigma":1.5,"state":"IDLE","t":"2026-07-09T06:11:46.4391422Z","type":"sample"}
{"channel":"rr","display":14.150943396226415,"mu":0,"quality":"OK","raw":2389.4536434159245,"sigma":1.5,"state":"IDLE","t":"2026-07-09T06:11:46.4792385Z","type":"sample"}
{"channel":"rr","display":14.150943396226415,"mu":0,"quality":"OK","raw":2441.969818149237,"sigma":1.5,"state":"IDLE","t":"2026-07-09T06:11:46.5192021Z","type":"sample"}
{"channel":"rr","display":14.150943396226415,"mu":0,"quality":"OK","raw":2510.230254916886,"sigma":1.5,"state":"IDLE","t":"2026-07-09T06:11:46.5591366Z","type":"sample"}
{"channel":"rr","display":14.150943396226415,"mu":0,"quality":"OK","raw":2588.2615592010043,"sigma":1.5,"state":"IDLE","t":"2026-07-09T06:11:46.5991369Z","type":"sample"}
{"channel":"rr","display":14.150943396226415,"mu":0,"quality":"OK","raw":2627.7380864058428,"sigma":1.5,"state":"IDLE","t":"2026-07-09T06:11:46.6388336Z","type":"sample"}
{"channel":"rr","display":14.150943396226415,"mu":0,"quality":"OK","raw":2738.446700451611,"sigma":1.5,"state":"IDLE","t":"2026-07-09T06:11:46.6789825Z","type":"sample"}
{"channel":"rr","display":14.150943396226415,"mu":0,"quality":"OK","raw":2772.0760722396985,"sigma":1.5,"state":"IDLE","t":"2026-07-09T06:11:46.7189543Z","type":"sample"}
{"address":"/cue/p/start","args":null,"channel":"system","dir":"out","t":"2026-07-09T06:11:46.7405607Z","type":"osc"}
{"channel":"rr","display":14.150943396226415,"mu":0,"quality":"OK","raw":2835.665639031663,"sigma":1.5,"state":"IDLE","t":"2026-07-09T06:11:46.7590993Z","type":"sample"}
{"channel":"rr","display":14.150943396226415,"mu":0,"quality":"OK","raw":2848.7308973736053,"sigma":1.5,"state":"IDLE","t":"2026-07-09T06:11:46.7991766Z","type":"sample"}
{"channel":"rr","display":14.150943396226415,"mu":0,"quality":"OK","raw":2932.9158617859007,"sigma":1.5,"state":"IDLE","t":"2026-07-09T06:11:46.8388469Z","type":"sample"}
{"channel":"rr","display":14.150943396226415,"mu":0,"quality":"OK","raw":2986.251638040558,"sigma":1.5,"state":"IDLE","t":"2026-07-09T06:11:46.8792262Z","type":"sample"}
{"address":"/cue/r19/start","args":null,"channel":"system","dir":"out","t":"2026-07-09T06:11:46.908854Z","type":"osc"}
{"channel":"rr","display":14.150943396226415,"mu":0,"quality":"OK","raw":3045.9290044083427,"sigma":1.5,"state":"IDLE","t":"2026-07-09T06:11:46.9188927Z","type":"sample"}
{"channel":"rr","display":14.150943396226415,"mu":0,"quality":"OK","raw":3048.3546883375534,"sigma":1.5,"state":"IDLE","t":"2026-07-09T06:11:46.9589052Z","type":"sample"}
{"channel":"rr","display":14.150943396226415,"mu":0,"quality":"OK","raw":3115.9326997470157,"sigma":1.5,"state":"IDLE","t":"2026-07-09T06:11:46.9988746Z","type":"sample"}
{"channel":"rr","display":14.150943396226415,"mu":0,"quality":"OK","raw":3127.683002138467,"sigma":1.5,"state":"IDLE","t":"2026-07-09T06:11:47.0390935Z","type":"sample"}
{"channel":"rr","display":14.150943396226415,"mu":0,"quality":"OK","raw":3142.2761608087703,"sigma":1.5,"state":"IDLE","t":"2026-07-09T06:11:47.0790545Z","type":"sample"}
{"channel":"rr","display":14.150943396226415,"mu":0,"quality":"OK","raw":3170.6911825764205,"sigma":1.5,"state":"IDLE","t":"2026-07-09T06:11:47.1191155Z","type":"sample"}
{"channel":"rr","display":14.150943396226415,"mu":0,"quality":"OK","raw":3213.973427456625,"sigma":1.5,"state":"IDLE","t":"2026-07-09T06:11:47.1588098Z","type":"sample"}
{"channel":"rr","display":14.150943396226415,"mu":0,"quality":"OK","raw":3224.9907078414476,"sigma":1.5,"state":"IDLE","t":"2026-07-09T06:11:47.1990677Z","type":"sample"}
{"channel":"rr","display":14.150943396226415,"mu":0,"quality":"OK","raw":3264.081514377824,"sigma":1.5,"state":"IDLE","t":"2026-07-09T06:11:47.2390327Z","type":"sample"}
{"channel":"rr","display":14.150943396226415,"mu":0,"quality":"OK","raw":3217.47515857386,"sigma":1.5,"state":"IDLE","t":"2026-07-09T06:11:47.2791125Z","type":"sample"}
{"channel":"rr","display":14.150943396226415,"mu":0,"quality":"OK","raw":3242.6000292485774,"sigma":1.5,"state":"IDLE","t":"2026-07-09T06:11:47.3191525Z","type":"sample"}
{"channel":"rr","display":14.150943396226415,"mu":0,"quality":"OK","raw":3260.7221256382068,"sigma":1.5,"state":"IDLE","t":"2026-07-09T06:11:47.3588197Z","type":"sample"}
{"channel":"rr","display":14.150943396226415,"mu":0,"quality":"OK","raw":3254.118522540959,"sigma":1.5,"state":"IDLE","t":"2026-07-09T06:11:47.399027Z","type":"sample"}
{"channel":"rr","display":14.150943396226415,"mu":0,"quality":"OK","raw":3219.6957756535708,"sigma":1.5,"state":"IDLE","t":"2026-07-09T06:11:47.4390468Z","type":"sample"}
{"channel":"rr","display":14.150943396226415,"mu":0,"quality":"OK","raw":3218.472569370246,"sigma":1.5,"state":"IDLE","t":"2026-07-09T06:11:47.4789547Z","type":"sample"}
{"channel":"rr","display":14.150943396226415,"mu":0,"quality":"OK","raw":3208.8334557277185,"sigma":1.5,"state":"IDLE","t":"2026-07-09T06:11:47.51893Z","type":"sample"}
{"channel":"rr","display":14.150943396226415,"mu":0,"quality":"OK","raw":3200.421463371649,"sigma":1.5,"state":"IDLE","t":"2026-07-09T06:11:47.5588309Z","type":"sample"}
{"channel":"rr","display":14.150943396226415,"mu":0,"quality":"OK","raw":3160.6920841886877,"sigma":1.5,"state":"IDLE","t":"2026-07-09T06:11:47.5989988Z","type":"sample"}
{"channel":"rr","display":14.150943396226415,"mu":0,"quality":"OK","raw":3150.7263271033166,"sigma":1.5,"state":"IDLE","t":"2026-07-09T06:11:47.6388847Z","type":"sample"}
{"channel":"rr","display":14.150943396226415,"mu":0,"quality":"OK","raw":3137.282185167923,"sigma":1.5,"state":"IDLE","t":"2026-07-09T06:11:47.6788244Z","type":"sample"}
{"channel":"rr","display":14.150943396226415,"mu":0,"quality":"OK","raw":3055.9182398620082,"sigma":1.5,"state":"IDLE","t":"2026-07-09T06:11:47.7188933Z","type":"sample"}
{"address":"/cue/p/start","args":null,"channel":"system","dir":"out","t":"2026-07-09T06:11:47.7398535Z","type":"osc"}
{"channel":"rr","display":14.150943396226415,"mu":0,"quality":"OK","raw":3009.7250548450133,"sigma":1.5,"state":"IDLE","t":"2026-07-09T06:11:47.7590758Z","type":"sample"}
{"channel":"rr","display":14.150943396226415,"mu":0,"quality":"OK","raw":2985.942564148011,"sigma":1.5,"state":"IDLE","t":"2026-07-09T06:11:47.7989348Z","type":"sample"}
{"channel":"rr","display":14.150943396226415,"mu":0,"quality":"OK","raw":2973.0184898150887,"sigma":1.5,"state":"IDLE","t":"2026-07-09T06:11:47.8389543Z","type":"sample"}
{"channel":"rr","display":14.150943396226415,"mu":0,"quality":"OK","raw":2918.6728737732606,"sigma":1.5,"state":"IDLE","t":"2026-07-09T06:11:47.8788528Z","type":"sample"}
{"channel":"rr","display":14.150943396226415,"mu":0,"quality":"OK","raw":2866.5165181369553,"sigma":1.5,"state":"IDLE","t":"2026-07-09T06:11:47.9191212Z","type":"sample"}
{"address":"/cue/r19/start","args":null,"channel":"system","dir":"out","t":"2026-07-09T06:11:47.9197768Z","type":"osc"}
{"channel":"rr","display":14.150943396226415,"mu":0,"quality":"OK","raw":2830.687677033885,"sigma":1.5,"state":"IDLE","t":"2026-07-09T06:11:47.9588439Z","type":"sample"}
{"channel":"rr","display":14.150943396226415,"mu":0,"quality":"OK","raw":2734.6051949645007,"sigma":1.5,"state":"IDLE","t":"2026-07-09T06:11:47.9988718Z","type":"sample"}
{"channel":"rr","display":14.150943396226415,"mu":0,"quality":"OK","raw":2696.849974073678,"sigma":1.5,"state":"IDLE","t":"2026-07-09T06:11:48.0389595Z","type":"sample"}
{"channel":"rr","display":14.150943396226415,"mu":0,"quality":"OK","raw":2618.138033078571,"sigma":1.5,"state":"IDLE","t":"2026-07-09T06:11:48.0793431Z","type":"sample"}
{"channel":"rr","display":14.150943396226415,"mu":0,"quality":"OK","raw":2553.660520135977,"sigma":1.5,"state":"IDLE","t":"2026-07-09T06:11:48.1190418Z","type":"sample"}
{"channel":"rr","display":14.150943396226415,"mu":0,"quality":"OK","raw":2484.4661734828114,"sigma":1.5,"state":"IDLE","t":"2026-07-09T06:11:48.1590605Z","type":"sample"}
{"channel":"rr","display":14.150943396226415,"mu":0,"quality":"OK","raw":2446.8825138509183,"sigma":1.5,"state":"IDLE","t":"2026-07-09T06:11:48.1989455Z","type":"sample"}
{"channel":"rr","display":14.150943396226415,"mu":0,"quality":"OK","raw":2364.216767868894,"sigma":1.5,"state":"IDLE","t":"2026-07-09T06:11:48.2392661Z","type":"sample"}
{"channel":"rr","display":14.150943396226415,"mu":0,"quality":"OK","raw":2306.1522661650743,"sigma":1.5,"state":"IDLE","t":"2026-07-09T06:11:48.2789402Z","type":"sample"}
{"channel":"rr","display":14.150943396226415,"mu":0,"quality":"OK","raw":2230.1762300837104,"sigma":1.5,"state":"IDLE","t":"2026-07-09T06:11:48.3190249Z","type":"sample"}
{"channel":"rr","display":14.150943396226415,"mu":0,"quality":"OK","raw":2158.1146628238885,"sigma":1.5,"state":"IDLE","t":"2026-07-09T06:11:48.3589921Z","type":"sample"}
{"channel":"rr","display":14.150943396226415,"mu":0,"quality":"OK","raw":2068.511254662824,"sigma":1.5,"state":"IDLE","t":"2026-07-09T06:11:48.3989766Z","type":"sample"}
{"channel":"rr","display":14.150943396226415,"mu":0,"quality":"OK","raw":2015.2243070770346,"sigma":1.5,"state":"IDLE","t":"2026-07-09T06:11:48.4387499Z","type":"sample"}
{"channel":"rr","display":14.150943396226415,"mu":0,"quality":"OK","raw":1947.2020904536553,"sigma":1.5,"state":"IDLE","t":"2026-07-09T06:11:48.4787467Z","type":"sample"}
{"channel":"rr","display":14.150943396226415,"mu":0,"quality":"OK","raw":1865.7456178777393,"sigma":1.5,"state":"IDLE","t":"2026-07-09T06:11:48.5188601Z","type":"sample"}
{"channel":"rr","display":14.150943396226415,"mu":0,"quality":"OK","raw":1836.502722774898,"sigma":1.5,"state":"IDLE","t":"2026-07-09T06:11:48.5591919Z","type":"sample"}
{"channel":"rr","display":14.150943396226415,"mu":0,"quality":"OK","raw":1756.8504042050768,"sigma":1.5,"state":"IDLE","t":"2026-07-09T06:11:48.5991953Z","type":"sample"}
{"channel":"rr","display":14.150943396226415,"mu":0,"quality":"OK","raw":1635.031997220767,"sigma":1.5,"state":"IDLE","t":"2026-07-09T06:11:48.6390322Z","type":"sample"}
{"channel":"rr","display":14.150943396226415,"mu":0,"quality":"OK","raw":1616.1407514855107,"sigma":1.5,"state":"IDLE","t":"2026-07-09T06:11:48.6794538Z","type":"sample"}
{"channel":"rr","display":14.150943396226415,"mu":0,"quality":"OK","raw":1540.0614347712612,"sigma":1.5,"state":"IDLE","t":"2026-07-09T06:11:48.719236Z","type":"sample"}
{"address":"/cue/p/start","args":null,"channel":"system","dir":"out","t":"2026-07-09T06:11:48.7417457Z","type":"osc"}
{"channel":"rr","display":14.150943396226415,"mu":0,"quality":"OK","raw":1495.249651004883,"sigma":1.5,"state":"IDLE","t":"2026-07-09T06:11:48.7587773Z","type":"sample"}
{"channel":"rr","display":14.150943396226415,"mu":0,"quality":"OK","raw":1420.39324341028,"sigma":1.5,"state":"IDLE","t":"2026-07-09T06:11:48.7988868Z","type":"sample"}
{"channel":"rr","display":14.150943396226415,"mu":0,"quality":"OK","raw":1376.5303708499528,"sigma":1.5,"state":"IDLE","t":"2026-07-09T06:11:48.8391939Z","type":"sample"}
{"channel":"rr","display":14.150943396226415,"mu":0,"quality":"OK","raw":1261.0516296991057,"sigma":1.5,"state":"IDLE","t":"2026-07-09T06:11:48.8789318Z","type":"sample"}
{"channel":"rr","display":14.150943396226415,"mu":0,"quality":"OK","raw":1250.3958641226634,"sigma":1.5,"state":"IDLE","t":"2026-07-09T06:11:48.9189904Z","type":"sample"}
{"address":"/cue/r19/start","args":null,"channel":"system","dir":"out","t":"2026-07-09T06:11:48.9296087Z","type":"osc"}
{"channel":"rr","display":14.150943396226415,"mu":0,"quality":"OK","raw":1176.2703861235968,"sigma":1.5,"state":"IDLE","t":"2026-07-09T06:11:48.9590741Z","type":"sample"}
{"channel":"rr","display":14.150943396226415,"mu":0,"quality":"OK","raw":1147.7633708598373,"sigma":1.5,"state":"IDLE","t":"2026-07-09T06:11:48.9990836Z","type":"sample"}
{"channel":"rr","display":14.150943396226415,"mu":0,"quality":"OK","raw":1098.3975001326116,"sigma":1.5,"state":"IDLE","t":"2026-07-09T06:11:49.0391581Z","type":"sample"}
{"channel":"rr","display":14.150943396226415,"mu":0,"quality":"OK","raw":1051.321643066206,"sigma":1.5,"state":"IDLE","t":"2026-07-09T06:11:49.0789814Z","type":"sample"}
{"channel":"rr","display":14.150943396226415,"mu":0,"quality":"OK","raw":1001.5561877028564,"sigma":1.5,"state":"IDLE","t":"2026-07-09T06:11:49.1188584Z","type":"sample"}
{"channel":"rr","display":14.150943396226415,"mu":0,"quality":"OK","raw":973.0279935717256,"sigma":1.5,"state":"IDLE","t":"2026-07-09T06:11:49.1587803Z","type":"sample"}
{"channel":"rr","display":14.150943396226415,"mu":0,"quality":"OK","raw":958.8675324140829,"sigma":1.5,"state":"IDLE","t":"2026-07-09T06:11:49.1993233Z","type":"sample"}
{"channel":"rr","display":14.150943396226415,"mu":0,"quality":"OK","raw":916.9098046805781,"sigma":1.5,"state":"IDLE","t":"2026-07-09T06:11:49.2390896Z","type":"sample"}
{"channel":"rr","display":14.150943396226415,"mu":0,"quality":"OK","raw":901.2922703630234,"sigma":1.5,"state":"IDLE","t":"2026-07-09T06:11:49.2788565Z","type":"sample"}
{"channel":"rr","display":14.150943396226415,"mu":0,"quality":"OK","raw":861.5675364832977,"sigma":1.5,"state":"IDLE","t":"2026-07-09T06:11:49.3188199Z","type":"sample"}
{"channel":"rr","display":14.150943396226415,"mu":0,"quality":"OK","raw":898.5163731663663,"sigma":1.5,"state":"IDLE","t":"2026-07-09T06:11:49.3592671Z","type":"sample"}
{"channel":"rr","display":14.150943396226415,"mu":0,"quality":"OK","raw":863.8246126859356,"sigma":1.5,"state":"IDLE","t":"2026-07-09T06:11:49.3989254Z","type":"sample"}
{"channel":"rr","display":14.150943396226415,"mu":0,"quality":"OK","raw":834.6264532140535,"sigma":1.5,"state":"IDLE","t":"2026-07-09T06:11:49.4390277Z","type":"sample"}
{"channel":"rr","display":14.150943396226415,"mu":0,"quality":"OK","raw":854.5586645327758,"sigma":1.5,"state":"IDLE","t":"2026-07-09T06:11:49.4789166Z","type":"sample"}
{"channel":"rr","display":14.150943396226415,"mu":0,"quality":"OK","raw":858.5407409874756,"sigma":1.5,"state":"IDLE","t":"2026-07-09T06:11:49.5189445Z","type":"sample"}
{"channel":"rr","display":14.150943396226415,"mu":0,"quality":"OK","raw":865.0012056395605,"sigma":1.5,"state":"IDLE","t":"2026-07-09T06:11:49.559052Z","type":"sample"}
{"channel":"rr","display":14.150943396226415,"mu":0,"quality":"OK","raw":857.7158703390405,"sigma":1.5,"state":"IDLE","t":"2026-07-09T06:11:49.599306Z","type":"sample"}
{"channel":"rr","display":14.150943396226415,"mu":0,"quality":"OK","raw":889.551430846393,"sigma":1.5,"state":"IDLE","t":"2026-07-09T06:11:49.6393746Z","type":"sample"}
{"channel":"rr","display":14.150943396226415,"mu":0,"quality":"OK","raw":884.248440440081,"sigma":1.5,"state":"IDLE","t":"2026-07-09T06:11:49.67918Z","type":"sample"}
{"channel":"rr","display":14.150943396226415,"mu":0,"quality":"OK","raw":921.1975446036345,"sigma":1.5,"state":"IDLE","t":"2026-07-09T06:11:49.7191131Z","type":"sample"}
{"address":"/cue/p/start","args":null,"channel":"system","dir":"out","t":"2026-07-09T06:11:49.7397669Z","type":"osc"}
{"channel":"rr","display":14.150943396226415,"mu":0,"quality":"OK","raw":922.8169639804223,"sigma":1.5,"state":"IDLE","t":"2026-07-09T06:11:49.7591065Z","type":"sample"}
{"channel":"rr","display":14.150943396226415,"mu":0,"quality":"OK","raw":973.7911238792399,"sigma":1.5,"state":"IDLE","t":"2026-07-09T06:11:49.7989687Z","type":"sample"}
{"channel":"rr","display":14.150943396226415,"mu":0,"quality":"OK","raw":997.115599215949,"sigma":1.5,"state":"IDLE","t":"2026-07-09T06:11:49.8391341Z","type":"sample"}
{"channel":"rr","display":14.150943396226415,"mu":0,"quality":"OK","raw":1034.6703001636665,"sigma":1.5,"state":"IDLE","t":"2026-07-09T06:11:49.8791057Z","type":"sample"}
{"channel":"rr","display":14.150943396226415,"mu":0,"quality":"OK","raw":1078.169980181713,"sigma":1.5,"state":"IDLE","t":"2026-07-09T06:11:49.9189733Z","type":"sample"}
{"address":"/cue/r19/start","args":null,"channel":"system","dir":"out","t":"2026-07-09T06:11:49.9335928Z","type":"osc"}
{"channel":"rr","display":14.150943396226415,"mu":0,"quality":"OK","raw":1132.22536665043,"sigma":1.5,"state":"IDLE","t":"2026-07-09T06:11:49.9590194Z","type":"sample"}
{"channel":"rr","display":14.150943396226415,"mu":0,"quality":"OK","raw":1166.080728306691,"sigma":1.5,"state":"IDLE","t":"2026-07-09T06:11:49.9989939Z","type":"sample"}
{"channel":"rr","display":14.150943396226415,"mu":0,"quality":"OK","raw":1227.9513136421976,"sigma":1.5,"state":"IDLE","t":"2026-07-09T06:11:50.0391051Z","type":"sample"}
{"channel":"rr","display":14.150943396226415,"mu":0,"quality":"OK","raw":1274.998721000813,"sigma":1.5,"state":"IDLE","t":"2026-07-09T06:11:50.078985Z","type":"sample"}
{"channel":"rr","display":14.150943396226415,"mu":0,"quality":"OK","raw":1319.2528354171368,"sigma":1.5,"state":"IDLE","t":"2026-07-09T06:11:50.1189859Z","type":"sample"}
{"channel":"rr","display":14.150943396226415,"mu":0,"quality":"OK","raw":1378.0268456092206,"sigma":1.5,"state":"IDLE","t":"2026-07-09T06:11:50.1589036Z","type":"sample"}
{"channel":"rr","display":14.150943396226415,"mu":0,"quality":"OK","raw":1440.8676542931796,"sigma":1.5,"state":"IDLE","t":"2026-07-09T06:11:50.1991342Z","type":"sample"}
{"channel":"rr","display":14.150943396226415,"mu":0,"quality":"OK","raw":1484.516389801485,"sigma":1.5,"state":"IDLE","t":"2026-07-09T06:11:50.2389383Z","type":"sample"}
{"channel":"rr","display":14.150943396226415,"mu":0,"quality":"OK","raw":1586.2142172995013,"sigma":1.5,"state":"IDLE","t":"2026-07-09T06:11:50.2791408Z","type":"sample"}
{"channel":"rr","display":14.150943396226415,"mu":0,"quality":"OK","raw":1625.1543191666594,"sigma":1.5,"state":"IDLE","t":"2026-07-09T06:11:50.3190864Z","type":"sample"}
{"channel":"rr","display":14.150943396226415,"mu":0,"quality":"OK","raw":1699.6892765395453,"sigma":1.5,"state":"IDLE","t":"2026-07-09T06:11:50.3590587Z","type":"sample"}
{"channel":"rr","display":14.150943396226415,"mu":0,"quality":"OK","raw":1764.410993513437,"sigma":1.5,"state":"IDLE","t":"2026-07-09T06:11:50.3992198Z","type":"sample"}
{"channel":"rr","display":14.150943396226415,"mu":0,"quality":"OK","raw":1873.141355894494,"sigma":1.5,"state":"IDLE","t":"2026-07-09T06:11:50.4395942Z","type":"sample"}
{"channel":"rr","display":14.150943396226415,"mu":0,"quality":"OK","raw":1908.5877340379611,"sigma":1.5,"state":"IDLE","t":"2026-07-09T06:11:50.4791364Z","type":"sample"}
{"channel":"rr","display":14.150943396226415,"mu":0,"quality":"OK","raw":1973.1476137829322,"sigma":1.5,"state":"IDLE","t":"2026-07-09T06:11:50.5191715Z","type":"sample"}
{"channel":"rr","display":14.150943396226415,"mu":0,"quality":"OK","raw":2046.1351620397047,"sigma":1.5,"state":"IDLE","t":"2026-07-09T06:11:50.5588425Z","type":"sample"}
{"channel":"rr","display":14.018691588785046,"mu":0,"quality":"OK","raw":2129.2928244592613,"sigma":1.5,"state":"IDLE","t":"2026-07-09T06:11:50.5987973Z","type":"sample"}
{"channel":"rr","display":14.018691588785046,"mu":0,"quality":"OK","raw":2173.712996168712,"sigma":1.5,"state":"IDLE","t":"2026-07-09T06:11:50.6391507Z","type":"sample"}
{"channel":"rr","display":14.018691588785046,"mu":0,"quality":"OK","raw":2254.677285514769,"sigma":1.5,"state":"IDLE","t":"2026-07-09T06:11:50.6790217Z","type":"sample"}
{"channel":"rr","display":14.018691588785046,"mu":0,"quality":"OK","raw":2331.8445486802725,"sigma":1.5,"state":"IDLE","t":"2026-07-09T06:11:50.7189062Z","type":"sample"}
{"address":"/cue/p/start","args":null,"channel":"system","dir":"out","t":"2026-07-09T06:11:50.7400239Z","type":"osc"}
{"channel":"rr","display":14.018691588785046,"mu":0,"quality":"OK","raw":2398.2649110445013,"sigma":1.5,"state":"IDLE","t":"2026-07-09T06:11:50.7591068Z","type":"sample"}
{"channel":"rr","display":14.018691588785046,"mu":0,"quality":"OK","raw":2447.5799744646956,"sigma":1.5,"state":"IDLE","t":"2026-07-09T06:11:50.799154Z","type":"sample"}
{"channel":"rr","display":14.018691588785046,"mu":0,"quality":"OK","raw":2540.538830925199,"sigma":1.5,"state":"IDLE","t":"2026-07-09T06:11:50.8391285Z","type":"sample"}
{"channel":"rr","display":14.018691588785046,"mu":0,"quality":"OK","raw":2622.6005680004714,"sigma":1.5,"state":"IDLE","t":"2026-07-09T06:11:50.8788418Z","type":"sample"}
{"channel":"rr","display":14.018691588785046,"mu":0,"quality":"OK","raw":2683.3699261608713,"sigma":1.5,"state":"IDLE","t":"2026-07-09T06:11:50.9190982Z","type":"sample"}
{"address":"/cue/r19/start","args":null,"channel":"system","dir":"out","t":"2026-07-09T06:11:50.9407223Z","type":"osc"}
{"channel":"rr","display":14.018691588785046,"mu":0,"quality":"OK","raw":2699.3939494755505,"sigma":1.5,"state":"IDLE","t":"2026-07-09T06:11:50.9589544Z","type":"sample"}
{"channel":"rr","display":14.018691588785046,"mu":0,"quality":"OK","raw":2784.563410444949,"sigma":1.5,"state":"IDLE","t":"2026-07-09T06:11:50.9987665Z","type":"sample"}
{"channel":"rr","display":14.018691588785046,"mu":0,"quality":"OK","raw":2862.103379181563,"sigma":1.5,"state":"IDLE","t":"2026-07-09T06:11:51.0390067Z","type":"sample"}
{"channel":"rr","display":14.018691588785046,"mu":0,"quality":"OK","raw":2859.0036799973386,"sigma":1.5,"state":"IDLE","t":"2026-07-09T06:11:51.0791159Z","type":"sample"}
{"channel":"rr","display":14.018691588785046,"mu":0,"quality":"OK","raw":2940.5228515595027,"sigma":1.5,"state":"IDLE","t":"2026-07-09T06:11:51.1187237Z","type":"sample"}
{"channel":"rr","display":14.018691588785046,"mu":0,"quality":"OK","raw":2961.917783662451,"sigma":1.5,"state":"IDLE","t":"2026-07-09T06:11:51.1591863Z","type":"sample"}
{"channel":"rr","display":14.018691588785046,"mu":0,"quality":"OK","raw":3052.4385858086694,"sigma":1.5,"state":"IDLE","t":"2026-07-09T06:11:51.1988863Z","type":"sample"}
{"channel":"rr","display":14.018691588785046,"mu":0,"quality":"OK","raw":3063.7279826229733,"sigma":1.5,"state":"IDLE","t":"2026-07-09T06:11:51.2392307Z","type":"sample"}
{"channel":"rr","display":14.018691588785046,"mu":0,"quality":"OK","raw":3115.659158846627,"sigma":1.5,"state":"IDLE","t":"2026-07-09T06:11:51.2788699Z","type":"sample"}
{"channel":"rr","display":14.018691588785046,"mu":0,"quality":"OK","raw":3130.5575778392276,"sigma":1.5,"state":"IDLE","t":"2026-07-09T06:11:51.3190896Z","type":"sample"}
{"channel":"rr","display":14.018691588785046,"mu":0,"quality":"OK","raw":3164.8453174976826,"sigma":1.5,"state":"IDLE","t":"2026-07-09T06:11:51.3590244Z","type":"sample"}
{"channel":"rr","display":14.018691588785046,"mu":0,"quality":"OK","raw":3176.6789188190423,"sigma":1.5,"state":"IDLE","t":"2026-07-09T06:11:51.3990592Z","type":"sample"}
{"channel":"rr","display":14.018691588785046,"mu":0,"quality":"OK","raw":3208.9046385469783,"sigma":1.5,"state":"IDLE","t":"2026-07-09T06:11:51.4387527Z","type":"sample"}
{"channel":"rr","display":14.018691588785046,"mu":0,"quality":"OK","raw":3205.50499500362,"sigma":1.5,"state":"IDLE","t":"2026-07-09T06:11:51.4790262Z","type":"sample"}
{"channel":"rr","display":14.018691588785046,"mu":0,"quality":"OK","raw":3219.758051037548,"sigma":1.5,"state":"IDLE","t":"2026-07-09T06:11:51.5188508Z","type":"sample"}
{"channel":"rr","display":14.018691588785046,"mu":0,"quality":"OK","raw":3261.130075429064,"sigma":1.5,"state":"IDLE","t":"2026-07-09T06:11:51.5592298Z","type":"sample"}
{"channel":"rr","display":14.018691588785046,"mu":0,"quality":"OK","raw":3230.299825670421,"sigma":1.5,"state":"IDLE","t":"2026-07-09T06:11:51.599123Z","type":"sample"}
{"channel":"rr","display":14.018691588785046,"mu":0,"quality":"OK","raw":3236.444418320567,"sigma":1.5,"state":"IDLE","t":"2026-07-09T06:11:51.6389541Z","type":"sample"}
{"channel":"rr","display":14.018691588785046,"mu":0,"quality":"OK","raw":3241.928013213347,"sigma":1.5,"state":"IDLE","t":"2026-07-09T06:11:51.6789375Z","type":"sample"}
{"channel":"rr","display":14.018691588785046,"mu":0,"quality":"OK","raw":3218.223806759544,"sigma":1.5,"state":"IDLE","t":"2026-07-09T06:11:51.7191441Z","type":"sample"}
{"address":"/cue/p/start","args":null,"channel":"system","dir":"out","t":"2026-07-09T06:11:51.7393955Z","type":"osc"}
{"channel":"rr","display":14.018691588785046,"mu":0,"quality":"OK","raw":3227.4859027341577,"sigma":1.5,"state":"IDLE","t":"2026-07-09T06:11:51.759001Z","type":"sample"}
{"channel":"rr","display":14.018691588785046,"mu":0,"quality":"OK","raw":3208.4455909908315,"sigma":1.5,"state":"IDLE","t":"2026-07-09T06:11:51.7988255Z","type":"sample"}
{"channel":"rr","display":14.018691588785046,"mu":0,"quality":"OK","raw":3165.3708028333003,"sigma":1.5,"state":"IDLE","t":"2026-07-09T06:11:51.8389687Z","type":"sample"}
{"channel":"rr","display":14.018691588785046,"mu":0,"quality":"OK","raw":3157.0046147374187,"sigma":1.5,"state":"IDLE","t":"2026-07-09T06:11:51.8789563Z","type":"sample"}
{"channel":"rr","display":14.018691588785046,"mu":0,"quality":"OK","raw":3139.7582130349483,"sigma":1.5,"state":"IDLE","t":"2026-07-09T06:11:51.9191989Z","type":"sample"}
{"address":"/cue/r19/start","args":null,"channel":"system","dir":"out","t":"2026-07-09T06:11:51.9465893Z","type":"osc"}
{"channel":"rr","display":14.018691588785046,"mu":0,"quality":"OK","raw":3119.972026073864,"sigma":1.5,"state":"IDLE","t":"2026-07-09T06:11:51.958972Z","type":"sample"}
{"channel":"rr","display":14.018691588785046,"mu":0,"quality":"OK","raw":3077.1717848570083,"sigma":1.5,"state":"IDLE","t":"2026-07-09T06:11:51.9988667Z","type":"sample"}
{"channel":"rr","display":14.018691588785046,"mu":0,"quality":"OK","raw":3046.23741481028,"sigma":1.5,"state":"IDLE","t":"2026-07-09T06:11:52.0390431Z","type":"sample"}
{"channel":"rr","display":14.018691588785046,"mu":0,"quality":"OK","raw":3002.635427601578,"sigma":1.5,"state":"IDLE","t":"2026-07-09T06:11:52.0791404Z","type":"sample"}
{"channel":"rr","display":14.018691588785046,"mu":0,"quality":"OK","raw":2946.7867679677042,"sigma":1.5,"state":"IDLE","t":"2026-07-09T06:11:52.1191941Z","type":"sample"}
{"channel":"rr","display":14.018691588785046,"mu":0,"quality":"OK","raw":2888.0559374531704,"sigma":1.5,"state":"IDLE","t":"2026-07-09T06:11:52.1589049Z","type":"sample"}
{"channel":"rr","display":14.018691588785046,"mu":0,"quality":"OK","raw":2850.4852811325463,"sigma":1.5,"state":"IDLE","t":"2026-07-09T06:11:52.1990699Z","type":"sample"}
{"channel":"rr","display":14.018691588785046,"mu":0,"quality":"OK","raw":2815.332874828547,"sigma":1.5,"state":"IDLE","t":"2026-07-09T06:11:52.2387539Z","type":"sample"}
{"channel":"rr","display":14.018691588785046,"mu":0,"quality":"OK","raw":2737.2431322754037,"sigma":1.5,"state":"IDLE","t":"2026-07-09T06:11:52.2789751Z","type":"sample"}
{"channel":"rr","display":14.018691588785046,"mu":0,"quality":"OK","raw":2667.8704356077133,"sigma":1.5,"state":"IDLE","t":"2026-07-09T06:11:52.3191188Z","type":"sample"}
{"channel":"rr","display":14.018691588785046,"mu":0,"quality":"OK","raw":2666.5385243197697,"sigma":1.5,"state":"IDLE","t":"2026-07-09T06:11:52.359186Z","type":"sample"}
{"channel":"rr","display":14.018691588785046,"mu":0,"quality":"OK","raw":2565.457490406909,"sigma":1.5,"state":"IDLE","t":"2026-07-09T06:11:52.3989416Z","type":"sample"}
{"channel":"rr","display":14.018691588785046,"mu":0,"quality":"OK","raw":2493.8050319330214,"sigma":1.5,"state":"IDLE","t":"2026-07-09T06:11:52.4389143Z","type":"sample"}
{"channel":"rr","display":14.018691588785046,"mu":0,"quality":"OK","raw":2419.3917860807455,"sigma":1.5,"state":"IDLE","t":"2026-07-09T06:11:52.4791822Z","type":"sample"}
{"channel":"rr","display":14.018691588785046,"mu":0,"quality":"OK","raw":2349.6652185373296,"sigma":1.5,"state":"IDLE","t":"2026-07-09T06:11:52.5192389Z","type":"sample"}
{"channel":"rr","display":14.018691588785046,"mu":0,"quality":"OK","raw":2290.9350311019675,"sigma":1.5,"state":"IDLE","t":"2026-07-09T06:11:52.5588773Z","type":"sample"}
{"channel":"rr","display":14.018691588785046,"mu":0,"quality":"OK","raw":2219.4646110867247,"sigma":1.5,"state":"IDLE","t":"2026-07-09T06:11:52.5990944Z","type":"sample"}
{"channel":"rr","display":14.018691588785046,"mu":0,"quality":"OK","raw":2175.288148088266,"sigma":1.5,"state":"IDLE","t":"2026-07-09T06:11:52.6392233Z","type":"sample"}
{"channel":"rr","display":14.018691588785046,"mu":0,"quality":"OK","raw":2085.38069979013,"sigma":1.5,"state":"IDLE","t":"2026-07-09T06:11:52.6791277Z","type":"sample"}
{"channel":"rr","display":14.018691588785046,"mu":0,"quality":"OK","raw":2013.7908049724738,"sigma":1.5,"state":"IDLE","t":"2026-07-09T06:11:52.7192052Z","type":"sample"}
{"address":"/cue/p/start","args":null,"channel":"system","dir":"out","t":"2026-07-09T06:11:52.7394367Z","type":"osc"}
{"channel":"rr","display":14.018691588785046,"mu":0,"quality":"OK","raw":1935.1743014122671,"sigma":1.5,"state":"IDLE","t":"2026-07-09T06:11:52.75876Z","type":"sample"}
{"channel":"rr","display":14.018691588785046,"mu":0,"quality":"OK","raw":1857.4554983652215,"sigma":1.5,"state":"IDLE","t":"2026-07-09T06:11:52.7990446Z","type":"sample"}
{"channel":"rr","display":14.018691588785046,"mu":0,"quality":"OK","raw":1779.4077845048832,"sigma":1.5,"state":"IDLE","t":"2026-07-09T06:11:52.8393014Z","type":"sample"}
{"channel":"rr","display":14.018691588785046,"mu":0,"quality":"OK","raw":1715.8619761086343,"sigma":1.5,"state":"IDLE","t":"2026-07-09T06:11:52.8791867Z","type":"sample"}
{"channel":"rr","display":14.018691588785046,"mu":0,"quality":"OK","raw":1664.0694405552022,"sigma":1.5,"state":"IDLE","t":"2026-07-09T06:11:52.9188752Z","type":"sample"}
{"address":"/cue/r19/start","args":null,"channel":"system","dir":"out","t":"2026-07-09T06:11:52.9577966Z","type":"osc"}
{"channel":"rr","display":14.018691588785046,"mu":0,"quality":"OK","raw":1608.3327221139184,"sigma":1.5,"state":"IDLE","t":"2026-07-09T06:11:52.9588479Z","type":"sample"}
{"channel":"rr","display":14.018691588785046,"mu":0,"quality":"OK","raw":1537.1492193253102,"sigma":1.5,"state":"IDLE","t":"2026-07-09T06:11:52.998981Z","type":"sample"}
{"channel":"rr","display":14.018691588785046,"mu":0,"quality":"OK","raw":1493.1803441157094,"sigma":1.5,"state":"IDLE","t":"2026-07-09T06:11:53.0389813Z","type":"sample"}
{"channel":"rr","display":14.018691588785046,"mu":0,"quality":"OK","raw":1401.715189037215,"sigma":1.5,"state":"IDLE","t":"2026-07-09T06:11:53.0789141Z","type":"sample"}
{"channel":"rr","display":14.018691588785046,"mu":0,"quality":"OK","raw":1344.9149746580324,"sigma":1.5,"state":"IDLE","t":"2026-07-09T06:11:53.1190848Z","type":"sample"}
{"channel":"rr","display":14.018691588785046,"mu":0,"quality":"OK","raw":1276.1990365079266,"sigma":1.5,"state":"IDLE","t":"2026-07-09T06:11:53.1588764Z","type":"sample"}
{"channel":"rr","display":14.018691588785046,"mu":0,"quality":"OK","raw":1246.7047041359085,"sigma":1.5,"state":"IDLE","t":"2026-07-09T06:11:53.1990462Z","type":"sample"}
{"channel":"rr","display":14.018691588785046,"mu":0,"quality":"OK","raw":1220.0765538589317,"sigma":1.5,"state":"IDLE","t":"2026-07-09T06:11:53.2391918Z","type":"sample"}
{"channel":"rr","display":14.018691588785046,"mu":0,"quality":"OK","raw":1155.5902298182707,"sigma":1.5,"state":"IDLE","t":"2026-07-09T06:11:53.2792013Z","type":"sample"}
{"channel":"rr","display":14.018691588785046,"mu":0,"quality":"OK","raw":1091.8794265529239,"sigma":1.5,"state":"IDLE","t":"2026-07-09T06:11:53.3190425Z","type":"sample"}
{"channel":"rr","display":14.018691588785046,"mu":0,"quality":"OK","raw":1039.2155809981757,"sigma":1.5,"state":"IDLE","t":"2026-07-09T06:11:53.3588279Z","type":"sample"}
{"channel":"rr","display":14.018691588785046,"mu":0,"quality":"OK","raw":1015.3473490317459,"sigma":1.5,"state":"IDLE","t":"2026-07-09T06:11:53.3990375Z","type":"sample"}
{"channel":"rr","display":14.018691588785046,"mu":0,"quality":"OK","raw":998.2253588332372,"sigma":1.5,"state":"IDLE","t":"2026-07-09T06:11:53.4390207Z","type":"sample"}
{"channel":"rr","display":14.018691588785046,"mu":0,"quality":"OK","raw":991.6932848812351,"sigma":1.5,"state":"IDLE","t":"2026-07-09T06:11:53.4791711Z","type":"sample"}
{"channel":"rr","display":14.018691588785046,"mu":0,"quality":"OK","raw":941.2539221081161,"sigma":1.5,"state":"IDLE","t":"2026-07-09T06:11:53.518997Z","type":"sample"}
{"channel":"rr","display":14.018691588785046,"mu":0,"quality":"OK","raw":906.1039274304651,"sigma":1.5,"state":"IDLE","t":"2026-07-09T06:11:53.5591112Z","type":"sample"}
{"channel":"rr","display":14.018691588785046,"mu":0,"quality":"OK","raw":868.499041901204,"sigma":1.5,"state":"IDLE","t":"2026-07-09T06:11:53.5988723Z","type":"sample"}
{"channel":"rr","display":14.018691588785046,"mu":0,"quality":"OK","raw":860.2266543180626,"sigma":1.5,"state":"IDLE","t":"2026-07-09T06:11:53.639121Z","type":"sample"}
{"channel":"rr","display":14.018691588785046,"mu":0,"quality":"OK","raw":818.2332932539372,"sigma":1.5,"state":"IDLE","t":"2026-07-09T06:11:53.678959Z","type":"sample"}
{"channel":"rr","display":14.018691588785046,"mu":0,"quality":"OK","raw":824.2987097438523,"sigma":1.5,"state":"IDLE","t":"2026-07-09T06:11:53.7188862Z","type":"sample"}
{"address":"/cue/p/start","args":null,"channel":"system","dir":"out","t":"2026-07-09T06:11:53.739964Z","type":"osc"}
{"channel":"rr","display":14.018691588785046,"mu":0,"quality":"OK","raw":840.9118827765875,"sigma":1.5,"state":"IDLE","t":"2026-07-09T06:11:53.7591928Z","type":"sample"}
{"channel":"rr","display":14.018691588785046,"mu":0,"quality":"OK","raw":848.0973251131053,"sigma":1.5,"state":"IDLE","t":"2026-07-09T06:11:53.7987962Z","type":"sample"}
{"channel":"rr","display":14.018691588785046,"mu":0,"quality":"OK","raw":854.434388706077,"sigma":1.5,"state":"IDLE","t":"2026-07-09T06:11:53.8389718Z","type":"sample"}
{"channel":"rr","display":14.018691588785046,"mu":0,"quality":"OK","raw":846.8364277767962,"sigma":1.5,"state":"IDLE","t":"2026-07-09T06:11:53.8790517Z","type":"sample"}
{"channel":"rr","display":14.018691588785046,"mu":0,"quality":"OK","raw":862.3330765209206,"sigma":1.5,"state":"IDLE","t":"2026-07-09T06:11:53.9187655Z","type":"sample"}
{"channel":"rr","display":14.018691588785046,"mu":0,"quality":"OK","raw":932.2459084480172,"sigma":1.5,"state":"IDLE","t":"2026-07-09T06:11:53.9589604Z","type":"sample"}
{"address":"/cue/r19/start","args":null,"channel":"system","dir":"out","t":"2026-07-09T06:11:53.9650176Z","type":"osc"}
{"channel":"rr","display":14.018691588785046,"mu":0,"quality":"OK","raw":909.7507108805312,"sigma":1.5,"state":"IDLE","t":"2026-07-09T06:11:53.999012Z","type":"sample"}
{"channel":"rr","display":14.018691588785046,"mu":0,"quality":"OK","raw":911.012453989275,"sigma":1.5,"state":"IDLE","t":"2026-07-09T06:11:54.039016Z","type":"sample"}
{"channel":"rr","display":14.018691588785046,"mu":0,"quality":"OK","raw":969.4927942752253,"sigma":1.5,"state":"IDLE","t":"2026-07-09T06:11:54.0789613Z","type":"sample"}
{"channel":"rr","display":14.018691588785046,"mu":0,"quality":"OK","raw":1008.313487056098,"sigma":1.5,"state":"IDLE","t":"2026-07-09T06:11:54.1190917Z","type":"sample"}
{"channel":"rr","display":14.018691588785046,"mu":0,"quality":"OK","raw":1041.082220307372,"sigma":1.5,"state":"IDLE","t":"2026-07-09T06:11:54.1592331Z","type":"sample"}
{"channel":"rr","display":14.018691588785046,"mu":0,"quality":"OK","raw":1085.5490194524255,"sigma":1.5,"state":"IDLE","t":"2026-07-09T06:11:54.1990079Z","type":"sample"}
{"channel":"rr","display":14.018691588785046,"mu":0,"quality":"OK","raw":1124.8142160875414,"sigma":1.5,"state":"IDLE","t":"2026-07-09T06:11:54.239193Z","type":"sample"}
{"channel":"rr","display":14.018691588785046,"mu":0,"quality":"OK","raw":1151.5221982687485,"sigma":1.5,"state":"IDLE","t":"2026-07-09T06:11:54.2789353Z","type":"sample"}
{"channel":"rr","display":14.018691588785046,"mu":0,"quality":"OK","raw":1244.8973032140254,"sigma":1.5,"state":"IDLE","t":"2026-07-09T06:11:54.3188869Z","type":"sample"}
{"channel":"rr","display":14.018691588785046,"mu":0,"quality":"OK","raw":1265.7846931376587,"sigma":1.5,"state":"IDLE","t":"2026-07-09T06:11:54.3592391Z","type":"sample"}
{"channel":"rr","display":14.018691588785046,"mu":0,"quality":"OK","raw":1344.3377609889399,"sigma":1.5,"state":"IDLE","t":"2026-07-09T06:11:54.3991633Z","type":"sample"}
{"channel":"rr","display":14.018691588785046,"mu":0,"quality":"OK","raw":1372.217260682395,"sigma":1.5,"state":"IDLE","t":"2026-07-09T06:11:54.4389351Z","type":"sample"}
{"channel":"rr","display":14.018691588785046,"mu":0,"quality":"OK","raw":1445.1554136005568,"sigma":1.5,"state":"IDLE","t":"2026-07-09T06:11:54.4788316Z","type":"sample"}
{"channel":"rr","display":14.018691588785046,"mu":0,"quality":"OK","raw":1487.607945067566,"sigma":1.5,"state":"IDLE","t":"2026-07-09T06:11:54.5190677Z","type":"sample"}
{"channel":"rr","display":14.018691588785046,"mu":0,"quality":"OK","raw":1535.7307513353553,"sigma":1.5,"state":"IDLE","t":"2026-07-09T06:11:54.5590055Z","type":"sample"}
{"channel":"rr","display":14.018691588785046,"mu":0,"quality":"OK","raw":1627.5984951405226,"sigma":1.5,"state":"IDLE","t":"2026-07-09T06:11:54.5992098Z","type":"sample"}
{"channel":"rr","display":14.018691588785046,"mu":0,"quality":"OK","raw":1688.934736030759,"sigma":1.5,"state":"IDLE","t":"2026-07-09T06:11:54.6391852Z","type":"sample"}
{"channel":"rr","display":14.018691588785046,"mu":0,"quality":"OK","raw":1765.703533412789,"sigma":1.5,"state":"IDLE","t":"2026-07-09T06:11:54.6788899Z","type":"sample"}
{"channel":"rr","display":14.018691588785046,"mu":0,"quality":"OK","raw":1812.1143069739223,"sigma":1.5,"state":"IDLE","t":"2026-07-09T06:11:54.7193616Z","type":"sample"}
{"address":"/cue/p/start","args":null,"channel":"system","dir":"out","t":"2026-07-09T06:11:54.740215Z","type":"osc"}
{"channel":"rr","display":14.018691588785046,"mu":0,"quality":"OK","raw":1878.8270516518448,"sigma":1.5,"state":"IDLE","t":"2026-07-09T06:11:54.7591154Z","type":"sample"}
{"channel":"rr","display":14.106583072100314,"mu":0,"quality":"OK","raw":1977.8709812406019,"sigma":1.5,"state":"IDLE","t":"2026-07-09T06:11:54.7990398Z","type":"sample"}
{"channel":"rr","display":14.106583072100314,"mu":0,"quality":"OK","raw":2045.4344379719832,"sigma":1.5,"state":"IDLE","t":"2026-07-09T06:11:54.8388611Z","type":"sample"}
{"channel":"rr","display":14.106583072100314,"mu":0,"quality":"OK","raw":2122.3407024262924,"sigma":1.5,"state":"IDLE","t":"2026-07-09T06:11:54.8788423Z","type":"sample"}
{"channel":"rr","display":14.106583072100314,"mu":0,"quality":"OK","raw":2188.978119025148,"sigma":1.5,"state":"IDLE","t":"2026-07-09T06:11:54.9188315Z","type":"sample"}
{"channel":"rr","display":14.106583072100314,"mu":0,"quality":"OK","raw":2247.580583760823,"sigma":1.5,"state":"IDLE","t":"2026-07-09T06:11:54.9592237Z","type":"sample"}
{"address":"/cue/r19/start","args":null,"channel":"system","dir":"out","t":"2026-07-09T06:11:54.9685512Z","type":"osc"}
{"channel":"rr","display":14.106583072100314,"mu":0,"quality":"OK","raw":2314.2422182680457,"sigma":1.5,"state":"IDLE","t":"2026-07-09T06:11:54.9989175Z","type":"sample"}
{"channel":"rr","display":14.106583072100314,"mu":0,"quality":"OK","raw":2409.887079226242,"sigma":1.5,"state":"IDLE","t":"2026-07-09T06:11:55.0387341Z","type":"sample"}
{"channel":"rr","display":14.106583072100314,"mu":0,"quality":"OK","raw":2467.924841816019,"sigma":1.5,"state":"IDLE","t":"2026-07-09T06:11:55.0788595Z","type":"sample"}
{"channel":"rr","display":14.106583072100314,"mu":0,"quality":"OK","raw":2528.579722635755,"sigma":1.5,"state":"IDLE","t":"2026-07-09T06:11:55.119118Z","type":"sample"}
{"channel":"rr","display":14.106583072100314,"mu":0,"quality":"OK","raw":2581.0328810470382,"sigma":1.5,"state":"IDLE","t":"2026-07-09T06:11:55.1590617Z","type":"sample"}
{"channel":"rr","display":14.106583072100314,"mu":0,"quality":"OK","raw":2628.771380466817,"sigma":1.5,"state":"IDLE","t":"2026-07-09T06:11:55.1991413Z","type":"sample"}
{"channel":"rr","display":14.106583072100314,"mu":0,"quality":"OK","raw":2724.696841756649,"sigma":1.5,"state":"IDLE","t":"2026-07-09T06:11:55.2391399Z","type":"sample"}
{"channel":"rr","display":14.106583072100314,"mu":0,"quality":"OK","raw":2762.9401640056253,"sigma":1.5,"state":"IDLE","t":"2026-07-09T06:11:55.2787705Z","type":"sample"}
{"channel":"rr","display":14.106583072100314,"mu":0,"quality":"OK","raw":2804.495131790553,"sigma":1.5,"state":"IDLE","t":"2026-07-09T06:11:55.3192298Z","type":"sample"}
{"channel":"rr","display":14.106583072100314,"mu":0,"quality":"OK","raw":2880.456887858765,"sigma":1.5,"state":"IDLE","t":"2026-07-09T06:11:55.3591384Z","type":"sample"}
{"channel":"rr","display":14.106583072100314,"mu":0,"quality":"OK","raw":2968.541084519976,"sigma":1.5,"state":"IDLE","t":"2026-07-09T06:11:55.3988895Z","type":"sample"}
{"channel":"rr","display":14.106583072100314,"mu":0,"quality":"OK","raw":2984.3124907769597,"sigma":1.5,"state":"IDLE","t":"2026-07-09T06:11:55.4391493Z","type":"sample"}
{"channel":"rr","display":14.106583072100314,"mu":0,"quality":"OK","raw":2992.4224186360675,"sigma":1.5,"state":"IDLE","t":"2026-07-09T06:11:55.4788061Z","type":"sample"}
{"channel":"rr","display":14.106583072100314,"mu":0,"quality":"OK","raw":3073.14427604517,"sigma":1.5,"state":"IDLE","t":"2026-07-09T06:11:55.519087Z","type":"sample"}
{"channel":"rr","display":14.106583072100314,"mu":0,"quality":"OK","raw":3113.163436960652,"sigma":1.5,"state":"IDLE","t":"2026-07-09T06:11:55.5590246Z","type":"sample"}
{"channel":"rr","display":14.106583072100314,"mu":0,"quality":"OK","raw":3117.169926535332,"sigma":1.5,"state":"IDLE","t":"2026-07-09T06:11:55.5988479Z","type":"sample"}
{"channel":"rr","display":14.106583072100314,"mu":0,"quality":"OK","raw":3155.709700165692,"sigma":1.5,"state":"IDLE","t":"2026-07-09T06:11:55.6392291Z","type":"sample"}
{"channel":"rr","display":14.106583072100314,"mu":0,"quality":"OK","raw":3136.187102820787,"sigma":1.5,"state":"IDLE","t":"2026-07-09T06:11:55.6787567Z","type":"sample"}
{"channel":"rr","display":14.106583072100314,"mu":0,"quality":"OK","raw":3209.107220771006,"sigma":1.5,"state":"IDLE","t":"2026-07-09T06:11:55.718898Z","type":"sample"}
{"address":"/cue/p/start","args":null,"channel":"system","dir":"out","t":"2026-07-09T06:11:55.7398337Z","type":"osc"}
{"channel":"rr","display":14.106583072100314,"mu":0,"quality":"OK","raw":3217.2918922135523,"sigma":1.5,"state":"IDLE","t":"2026-07-09T06:11:55.7589831Z","type":"sample"}
{"channel":"rr","display":14.106583072100314,"mu":0,"quality":"OK","raw":3233.8570822780866,"sigma":1.5,"state":"IDLE","t":"2026-07-09T06:11:55.7989143Z","type":"sample"}
{"channel":"rr","display":14.106583072100314,"mu":0,"quality":"OK","raw":3242.5927350142633,"sigma":1.5,"state":"IDLE","t":"2026-07-09T06:11:55.8389314Z","type":"sample"}
{"channel":"rr","display":14.106583072100314,"mu":0,"quality":"OK","raw":3264.374293282892,"sigma":1.5,"state":"IDLE","t":"2026-07-09T06:11:55.8788659Z","type":"sample"}
{"channel":"rr","display":14.106583072100314,"mu":0,"quality":"OK","raw":3227.0737979661276,"sigma":1.5,"state":"IDLE","t":"2026-07-09T06:11:55.9189146Z","type":"sample"}
{"channel":"rr","display":14.106583072100314,"mu":0,"quality":"OK","raw":3234.9585247968307,"sigma":1.5,"state":"IDLE","t":"2026-07-09T06:11:55.9592219Z","type":"sample"}
{"address":"/cue/r19/start","args":null,"channel":"system","dir":"out","t":"2026-07-09T06:11:55.9737127Z","type":"osc"}
{"channel":"rr","display":14.106583072100314,"mu":0,"quality":"OK","raw":3227.4403257762183,"sigma":1.5,"state":"IDLE","t":"2026-07-09T06:11:55.9989545Z","type":"sample"}
{"channel":"rr","display":14.106583072100314,"mu":0,"quality":"OK","raw":3218.357434318482,"sigma":1.5,"state":"IDLE","t":"2026-07-09T06:11:56.0388139Z","type":"sample"}
{"channel":"rr","display":14.106583072100314,"mu":0,"quality":"OK","raw":3190.6758086350023,"sigma":1.5,"state":"IDLE","t":"2026-07-09T06:11:56.0788338Z","type":"sample"}
{"channel":"rr","display":14.106583072100314,"mu":0,"quality":"OK","raw":3206.027927623858,"sigma":1.5,"state":"IDLE","t":"2026-07-09T06:11:56.1188891Z","type":"sample"}
{"channel":"rr","display":14.106583072100314,"mu":0,"quality":"OK","raw":3184.856140350787,"sigma":1.5,"state":"IDLE","t":"2026-07-09T06:11:56.1588176Z","type":"sample"}
{"channel":"rr","display":14.106583072100314,"mu":0,"quality":"OK","raw":3158.7534528024553,"sigma":1.5,"state":"IDLE","t":"2026-07-09T06:11:56.1988134Z","type":"sample"}
{"channel":"rr","display":14.106583072100314,"mu":0,"quality":"OK","raw":3101.091336392956,"sigma":1.5,"state":"IDLE","t":"2026-07-09T06:11:56.239161Z","type":"sample"}
{"channel":"rr","display":14.106583072100314,"mu":0,"quality":"OK","raw":3074.4498511306,"sigma":1.5,"state":"IDLE","t":"2026-07-09T06:11:56.2791587Z","type":"sample"}
{"channel":"rr","display":14.106583072100314,"mu":0,"quality":"OK","raw":3024.8392817622157,"sigma":1.5,"state":"IDLE","t":"2026-07-09T06:11:56.3192193Z","type":"sample"}
{"channel":"rr","display":14.106583072100314,"mu":0,"quality":"OK","raw":2991.2109058326155,"sigma":1.5,"state":"IDLE","t":"2026-07-09T06:11:56.3588694Z","type":"sample"}
{"channel":"rr","display":14.106583072100314,"mu":0,"quality":"OK","raw":2982.2437783854743,"sigma":1.5,"state":"IDLE","t":"2026-07-09T06:11:56.3989375Z","type":"sample"}
{"channel":"rr","display":14.106583072100314,"mu":0,"quality":"OK","raw":2911.5988231422116,"sigma":1.5,"state":"IDLE","t":"2026-07-09T06:11:56.438979Z","type":"sample"}
{"channel":"rr","display":14.106583072100314,"mu":0,"quality":"OK","raw":2848.406160265188,"sigma":1.5,"state":"IDLE","t":"2026-07-09T06:11:56.4791033Z","type":"sample"}
{"channel":"rr","display":14.106583072100314,"mu":0,"quality":"OK","raw":2766.6106971314857,"sigma":1.5,"state":"IDLE","t":"2026-07-09T06:11:56.5195244Z","type":"sample"}
{"channel":"rr","display":14.106583072100314,"mu":0,"quality":"OK","raw":2742.6004095097696,"sigma":1.5,"state":"IDLE","t":"2026-07-09T06:11:56.5588356Z","type":"sample"}
{"channel":"rr","display":14.106583072100314,"mu":0,"quality":"OK","raw":2688.5632190539404,"sigma":1.5,"state":"IDLE","t":"2026-07-09T06:11:56.5991432Z","type":"sample"}
{"channel":"rr","display":14.106583072100314,"mu":0,"quality":"OK","raw":2617.1166605928192,"sigma":1.5,"state":"IDLE","t":"2026-07-09T06:11:56.6391866Z","type":"sample"}
{"channel":"rr","display":14.106583072100314,"mu":0,"quality":"OK","raw":2549.777730930706,"sigma":1.5,"state":"IDLE","t":"2026-07-09T06:11:56.6790884Z","type":"sample"}
{"channel":"rr","display":14.106583072100314,"mu":0,"quality":"OK","raw":2493.6287603362684,"sigma":1.5,"state":"IDLE","t":"2026-07-09T06:11:56.7188476Z","type":"sample"}
{"address":"/cue/p/start","args":null,"channel":"system","dir":"out","t":"2026-07-09T06:11:56.7405925Z","type":"osc"}
{"channel":"rr","display":14.106583072100314,"mu":0,"quality":"OK","raw":2437.7983235156034,"sigma":1.5,"state":"IDLE","t":"2026-07-09T06:11:56.759087Z","type":"sample"}
{"channel":"rr","display":14.106583072100314,"mu":0,"quality":"OK","raw":2354.3687487028296,"sigma":1.5,"state":"IDLE","t":"2026-07-09T06:11:56.7990646Z","type":"sample"}
{"channel":"rr","display":14.106583072100314,"mu":0,"quality":"OK","raw":2282.733831030648,"sigma":1.5,"state":"IDLE","t":"2026-07-09T06:11:56.8390545Z","type":"sample"}
{"channel":"rr","display":14.106583072100314,"mu":0,"quality":"OK","raw":2234.7016368004283,"sigma":1.5,"state":"IDLE","t":"2026-07-09T06:11:56.8791571Z","type":"sample"}
{"channel":"rr","display":14.106583072100314,"mu":0,"quality":"OK","raw":2140.4144654792794,"sigma":1.5,"state":"IDLE","t":"2026-07-09T06:11:56.9191569Z","type":"sample"}
{"channel":"rr","display":14.106583072100314,"mu":0,"quality":"OK","raw":2082.0863419554234,"sigma":1.5,"state":"IDLE","t":"2026-07-09T06:11:56.9588185Z","type":"sample"}
{"address":"/cue/r19/start","args":null,"channel":"system","dir":"out","t":"2026-07-09T06:11:56.9772653Z","type":"osc"}
{"channel":"rr","display":14.106583072100314,"mu":0,"quality":"OK","raw":1999.9205241360742,"sigma":1.5,"state":"IDLE","t":"2026-07-09T06:11:56.998774Z","type":"sample"}
{"channel":"rr","display":14.106583072100314,"mu":0,"quality":"OK","raw":1946.057590363953,"sigma":1.5,"state":"IDLE","t":"2026-07-09T06:11:57.0390671Z","type":"sample"}
{"channel":"rr","display":14.106583072100314,"mu":0,"quality":"OK","raw":1885.2882165341646,"sigma":1.5,"state":"IDLE","t":"2026-07-09T06:11:57.0789489Z","type":"sample"}
{"channel":"rr","display":14.106583072100314,"mu":0,"quality":"OK","raw":1798.1426367525514,"sigma":1.5,"state":"IDLE","t":"2026-07-09T06:11:57.1190532Z","type":"sample"}
{"channel":"rr","display":14.106583072100314,"mu":0,"quality":"OK","raw":1742.084722231256,"sigma":1.5,"state":"IDLE","t":"2026-07-09T06:11:57.1588893Z","type":"sample"}
{"channel":"rr","display":14.106583072100314,"mu":0,"quality":"OK","raw":1681.9536626783845,"sigma":1.5,"state":"IDLE","t":"2026-07-09T06:11:57.1990633Z","type":"sample"}
{"channel":"rr","display":14.106583072100314,"mu":0,"quality":"OK","raw":1608.7156116412611,"sigma":1.5,"state":"IDLE","t":"2026-07-09T06:11:57.2389716Z","type":"sample"}
{"channel":"rr","display":14.106583072100314,"mu":0,"quality":"OK","raw":1522.495759572888,"sigma":1.5,"state":"IDLE","t":"2026-07-09T06:11:57.2792759Z","type":"sample"}
{"channel":"rr","display":14.106583072100314,"mu":0,"quality":"OK","raw":1480.0253749398382,"sigma":1.5,"state":"IDLE","t":"2026-07-09T06:11:57.3195982Z","type":"sample"}
{"channel":"rr","display":14.106583072100314,"mu":0,"quality":"OK","raw":1414.8181468966793,"sigma":1.5,"state":"IDLE","t":"2026-07-09T06:11:57.3590554Z","type":"sample"}
{"channel":"rr","display":14.106583072100314,"mu":0,"quality":"OK","raw":1348.1969946707784,"sigma":1.5,"state":"IDLE","t":"2026-07-09T06:11:57.3989638Z","type":"sample"}
{"channel":"rr","display":14.106583072100314,"mu":0,"quality":"OK","raw":1290.0739810973384,"sigma":1.5,"state":"IDLE","t":"2026-07-09T06:11:57.439188Z","type":"sample"}
{"channel":"rr","display":14.106583072100314,"mu":0,"quality":"OK","raw":1260.0055305985447,"sigma":1.5,"state":"IDLE","t":"2026-07-09T06:11:57.4791314Z","type":"sample"}
{"channel":"rr","display":14.106583072100314,"mu":0,"quality":"OK","raw":1208.742128848779,"sigma":1.5,"state":"IDLE","t":"2026-07-09T06:11:57.519078Z","type":"sample"}
{"channel":"rr","display":14.106583072100314,"mu":0,"quality":"OK","raw":1120.9646138768044,"sigma":1.5,"state":"IDLE","t":"2026-07-09T06:11:57.5592686Z","type":"sample"}
{"channel":"rr","display":14.106583072100314,"mu":0,"quality":"OK","raw":1112.7626999679098,"sigma":1.5,"state":"IDLE","t":"2026-07-09T06:11:57.5990111Z","type":"sample"}
{"channel":"rr","display":14.106583072100314,"mu":0,"quality":"OK","raw":1065.0818827068704,"sigma":1.5,"state":"IDLE","t":"2026-07-09T06:11:57.6395329Z","type":"sample"}
{"channel":"rr","display":14.106583072100314,"mu":0,"quality":"OK","raw":1025.699476385576,"sigma":1.5,"state":"IDLE","t":"2026-07-09T06:11:57.6791737Z","type":"sample"}
{"channel":"rr","display":14.106583072100314,"mu":0,"quality":"OK","raw":965.0880372641931,"sigma":1.5,"state":"IDLE","t":"2026-07-09T06:11:57.7191219Z","type":"sample"}
{"address":"/cue/p/start","args":null,"channel":"system","dir":"out","t":"2026-07-09T06:11:57.7398932Z","type":"osc"}
{"channel":"rr","display":14.106583072100314,"mu":0,"quality":"OK","raw":946.1008778879232,"sigma":1.5,"state":"IDLE","t":"2026-07-09T06:11:57.758852Z","type":"sample"}
{"channel":"rr","display":14.106583072100314,"mu":0,"quality":"OK","raw":930.6263049653644,"sigma":1.5,"state":"IDLE","t":"2026-07-09T06:11:57.7992438Z","type":"sample"}
{"channel":"rr","display":14.106583072100314,"mu":0,"quality":"OK","raw":915.4902897680249,"sigma":1.5,"state":"IDLE","t":"2026-07-09T06:11:57.839244Z","type":"sample"}
{"channel":"rr","display":14.106583072100314,"mu":0,"quality":"OK","raw":879.8540603887535,"sigma":1.5,"state":"IDLE","t":"2026-07-09T06:11:57.8789528Z","type":"sample"}
{"channel":"rr","display":14.106583072100314,"mu":0,"quality":"OK","raw":867.31998175035,"sigma":1.5,"state":"IDLE","t":"2026-07-09T06:11:57.9192984Z","type":"sample"}
{"channel":"rr","display":14.106583072100314,"mu":0,"quality":"OK","raw":894.1094910463806,"sigma":1.5,"state":"IDLE","t":"2026-07-09T06:11:57.9588277Z","type":"sample"}
{"address":"/cue/r19/start","args":null,"channel":"system","dir":"out","t":"2026-07-09T06:11:57.9879763Z","type":"osc"}
{"channel":"rr","display":14.106583072100314,"mu":0,"quality":"OK","raw":841.9862772084292,"sigma":1.5,"state":"IDLE","t":"2026-07-09T06:11:57.9991892Z","type":"sample"}
{"channel":"rr","display":14.106583072100314,"mu":0,"quality":"OK","raw":841.4779885483548,"sigma":1.5,"state":"IDLE","t":"2026-07-09T06:11:58.039188Z","type":"sample"}
{"channel":"rr","display":14.106583072100314,"mu":0,"quality":"OK","raw":846.9638117190392,"sigma":1.5,"state":"IDLE","t":"2026-07-09T06:11:58.0787233Z","type":"sample"}
{"channel":"rr","display":14.106583072100314,"mu":0,"quality":"OK","raw":864.351366696028,"sigma":1.5,"state":"IDLE","t":"2026-07-09T06:11:58.119164Z","type":"sample"}
{"channel":"rr","display":14.106583072100314,"mu":0,"quality":"OK","raw":873.959011031249,"sigma":1.5,"state":"IDLE","t":"2026-07-09T06:11:58.1592026Z","type":"sample"}
{"channel":"rr","display":14.106583072100314,"mu":0,"quality":"OK","raw":881.9136169280138,"sigma":1.5,"state":"IDLE","t":"2026-07-09T06:11:58.1989124Z","type":"sample"}
{"channel":"rr","display":14.106583072100314,"mu":0,"quality":"OK","raw":896.1433055137047,"sigma":1.5,"state":"IDLE","t":"2026-07-09T06:11:58.2388669Z","type":"sample"}
{"channel":"rr","display":14.106583072100314,"mu":0,"quality":"OK","raw":931.9747529375036,"sigma":1.5,"state":"IDLE","t":"2026-07-09T06:11:58.2790972Z","type":"sample"}
{"channel":"rr","display":14.106583072100314,"mu":0,"quality":"OK","raw":928.3600938966215,"sigma":1.5,"state":"IDLE","t":"2026-07-09T06:11:58.3189635Z","type":"sample"}
{"channel":"rr","display":14.106583072100314,"mu":0,"quality":"OK","raw":971.7009876459759,"sigma":1.5,"state":"IDLE","t":"2026-07-09T06:11:58.3589278Z","type":"sample"}
{"channel":"rr","display":14.106583072100314,"mu":0,"quality":"OK","raw":1021.5903695718104,"sigma":1.5,"state":"IDLE","t":"2026-07-09T06:11:58.3992756Z","type":"sample"}
{"channel":"rr","display":14.106583072100314,"mu":0,"quality":"OK","raw":1034.3192219410303,"sigma":1.5,"state":"IDLE","t":"2026-07-09T06:11:58.438832Z","type":"sample"}
{"channel":"rr","display":14.106583072100314,"mu":0,"quality":"OK","raw":1064.0728914963322,"sigma":1.5,"state":"IDLE","t":"2026-07-09T06:11:58.4790389Z","type":"sample"}
{"channel":"rr","display":14.106583072100314,"mu":0,"quality":"OK","raw":1120.1591404402013,"sigma":1.5,"state":"IDLE","t":"2026-07-09T06:11:58.5191843Z","type":"sample"}
{"channel":"rr","display":14.106583072100314,"mu":0,"quality":"OK","raw":1152.9092967944155,"sigma":1.5,"state":"IDLE","t":"2026-07-09T06:11:58.5590304Z","type":"sample"}
{"channel":"rr","display":14.106583072100314,"mu":0,"quality":"OK","raw":1220.02364792158,"sigma":1.5,"state":"IDLE","t":"2026-07-09T06:11:58.5990889Z","type":"sample"}
{"channel":"rr","display":14.106583072100314,"mu":0,"quality":"OK","raw":1285.7212097788654,"sigma":1.5,"state":"IDLE","t":"2026-07-09T06:11:58.6393366Z","type":"sample"}
{"channel":"rr","display":14.106583072100314,"mu":0,"quality":"OK","raw":1310.9739678633177,"sigma":1.5,"state":"IDLE","t":"2026-07-09T06:11:58.6787537Z","type":"sample"}
{"channel":"rr","display":14.106583072100314,"mu":0,"quality":"OK","raw":1401.2301253558196,"sigma":1.5,"state":"IDLE","t":"2026-07-09T06:11:58.7190893Z","type":"sample"}
{"address":"/cue/p/start","args":null,"channel":"system","dir":"out","t":"2026-07-09T06:11:58.7399643Z","type":"osc"}
{"channel":"rr","display":14.106583072100314,"mu":0,"quality":"OK","raw":1444.35645120109,"sigma":1.5,"state":"IDLE","t":"2026-07-09T06:11:58.7591655Z","type":"sample"}
{"channel":"rr","display":14.106583072100314,"mu":0,"quality":"OK","raw":1520.3039377574264,"sigma":1.5,"state":"IDLE","t":"2026-07-09T06:11:58.7989187Z","type":"sample"}
{"channel":"rr","display":14.106583072100314,"mu":0,"quality":"OK","raw":1548.5195336561112,"sigma":1.5,"state":"IDLE","t":"2026-07-09T06:11:58.8387662Z","type":"sample"}
{"channel":"rr","display":14.106583072100314,"mu":0,"quality":"OK","raw":1641.1371251257972,"sigma":1.5,"state":"IDLE","t":"2026-07-09T06:11:58.8791636Z","type":"sample"}
{"channel":"rr","display":14.106583072100314,"mu":0,"quality":"OK","raw":1700.2837206616316,"sigma":1.5,"state":"IDLE","t":"2026-07-09T06:11:58.9191659Z","type":"sample"}
{"channel":"rr","display":14.106583072100314,"mu":0,"quality":"OK","raw":1766.1713325755245,"sigma":1.5,"state":"IDLE","t":"2026-07-09T06:11:58.9589716Z","type":"sample"}
{"address":"/cue/r19/start","args":null,"channel":"system","dir":"out","t":"2026-07-09T06:11:58.9922963Z","type":"osc"}
{"channel":"rr","display":14.106583072100314,"mu":0,"quality":"OK","raw":1826.7712602300135,"sigma":1.5,"state":"IDLE","t":"2026-07-09T06:11:58.9987308Z","type":"sample"}
{"channel":"rr","display":14.106583072100314,"mu":0,"quality":"OK","raw":1880.7899421166521,"sigma":1.5,"state":"IDLE","t":"2026-07-09T06:11:59.0389838Z","type":"sample"}
{"channel":"rr","display":14.084507042253522,"mu":0,"quality":"OK","raw":1979.5794555602909,"sigma":1.5,"state":"IDLE","t":"2026-07-09T06:11:59.0787611Z","type":"sample"}
{"channel":"rr","display":14.084507042253522,"mu":0,"quality":"OK","raw":2046.9456200014474,"sigma":1.5,"state":"IDLE","t":"2026-07-09T06:11:59.1190665Z","type":"sample"}
{"channel":"rr","display":14.084507042253522,"mu":0,"quality":"OK","raw":2139.6640318663194,"sigma":1.5,"state":"IDLE","t":"2026-07-09T06:11:59.1588008Z","type":"sample"}
{"channel":"rr","display":14.084507042253522,"mu":0,"quality":"OK","raw":2198.4789068264886,"sigma":1.5,"state":"IDLE","t":"2026-07-09T06:11:59.1992472Z","type":"sample"}
{"channel":"rr","display":14.084507042253522,"mu":0,"quality":"OK","raw":2272.9286913063884,"sigma":1.5,"state":"IDLE","t":"2026-07-09T06:11:59.2391958Z","type":"sample"}
{"channel":"rr","display":14.084507042253522,"mu":0,"quality":"OK","raw":2320.565928272054,"sigma":1.5,"state":"IDLE","t":"2026-07-09T06:11:59.2791782Z","type":"sample"}
{"channel":"rr","display":14.084507042253522,"mu":0,"quality":"OK","raw":2388.3928777964147,"sigma":1.5,"state":"IDLE","t":"2026-07-09T06:11:59.3189864Z","type":"sample"}
{"channel":"rr","display":14.084507042253522,"mu":0,"quality":"OK","raw":2448.90536182216,"sigma":1.5,"state":"IDLE","t":"2026-07-09T06:11:59.3594025Z","type":"sample"}
{"channel":"rr","display":14.084507042253522,"mu":0,"quality":"OK","raw":2511.59244120963,"sigma":1.5,"state":"IDLE","t":"2026-07-09T06:11:59.3989888Z","type":"sample"}
{"channel":"rr","display":14.084507042253522,"mu":0,"quality":"OK","raw":2596.4538528012254,"sigma":1.5,"state":"IDLE","t":"2026-07-09T06:11:59.4393574Z","type":"sample"}
{"channel":"rr","display":14.084507042253522,"mu":0,"quality":"OK","raw":2672.6519956891184,"sigma":1.5,"state":"IDLE","t":"2026-07-09T06:11:59.4792458Z","type":"sample"}
{"channel":"rr","display":14.084507042253522,"mu":0,"quality":"OK","raw":2685.0164567140846,"sigma":1.5,"state":"IDLE","t":"2026-07-09T06:11:59.5191162Z","type":"sample"}
{"channel":"rr","display":14.084507042253522,"mu":0,"quality":"OK","raw":2784.478493679931,"sigma":1.5,"state":"IDLE","t":"2026-07-09T06:11:59.5590052Z","type":"sample"}
{"channel":"rr","display":14.084507042253522,"mu":0,"quality":"OK","raw":2852.5130231016396,"sigma":1.5,"state":"IDLE","t":"2026-07-09T06:11:59.5994921Z","type":"sample"}
{"channel":"rr","display":14.084507042253522,"mu":0,"quality":"OK","raw":2897.4785300353547,"sigma":1.5,"state":"IDLE","t":"2026-07-09T06:11:59.6391088Z","type":"sample"}
{"channel":"rr","display":14.084507042253522,"mu":0,"quality":"OK","raw":2940.548875506074,"sigma":1.5,"state":"IDLE","t":"2026-07-09T06:11:59.6793309Z","type":"sample"}
{"channel":"rr","display":14.084507042253522,"mu":0,"quality":"OK","raw":2973.3701199908496,"sigma":1.5,"state":"IDLE","t":"2026-07-09T06:11:59.7189443Z","type":"sample"}
{"address":"/cue/p/start","args":null,"channel":"system","dir":"out","t":"2026-07-09T06:11:59.740132Z","type":"osc"}
{"channel":"rr","display":14.084507042253522,"mu":0,"quality":"OK","raw":3016.93580854482,"sigma":1.5,"state":"IDLE","t":"2026-07-09T06:11:59.7591492Z","type":"sample"}
{"channel":"rr","display":14.084507042253522,"mu":0,"quality":"OK","raw":3050.71427296515,"sigma":1.5,"state":"IDLE","t":"2026-07-09T06:11:59.7991487Z","type":"sample"}
{"channel":"rr","display":14.084507042253522,"mu":0,"quality":"OK","raw":3110.5029991878077,"sigma":1.5,"state":"IDLE","t":"2026-07-09T06:11:59.8390238Z","type":"sample"}
{"channel":"rr","display":14.084507042253522,"mu":0,"quality":"OK","raw":3124.412375510288,"sigma":1.5,"state":"IDLE","t":"2026-07-09T06:11:59.8790864Z","type":"sample"}
{"channel":"rr","display":14.084507042253522,"mu":0,"quality":"OK","raw":3167.672465595662,"sigma":1.5,"state":"IDLE","t":"2026-07-09T06:11:59.9187973Z","type":"sample"}
{"channel":"rr","display":14.084507042253522,"mu":0,"quality":"OK","raw":3174.8196676143066,"sigma":1.5,"state":"IDLE","t":"2026-07-09T06:11:59.9592423Z","type":"sample"}
{"address":"/cue/r19/start","args":null,"channel":"system","dir":"out","t":"2026-07-09T06:11:59.9985182Z","type":"osc"}
{"channel":"rr","display":14.084507042253522,"mu":0,"quality":"OK","raw":3206.9585936557196,"sigma":1.5,"state":"IDLE","t":"2026-07-09T06:11:59.999064Z","type":"sample"}
{"channel":"rr","display":14.084507042253522,"mu":0,"quality":"OK","raw":3241.961189300709,"sigma":1.5,"state":"IDLE","t":"2026-07-09T06:12:00.0389732Z","type":"sample"}
{"channel":"rr","display":14.084507042253522,"mu":0,"quality":"OK","raw":3243.2151599837184,"sigma":1.5,"state":"IDLE","t":"2026-07-09T06:12:00.0791485Z","type":"sample"}
{"channel":"rr","display":14.084507042253522,"mu":0,"quality":"OK","raw":3240.3280397984486,"sigma":1.5,"state":"IDLE","t":"2026-07-09T06:12:00.1192392Z","type":"sample"}
{"channel":"rr","display":14.084507042253522,"mu":0,"quality":"OK","raw":3235.842270286923,"sigma":1.5,"state":"IDLE","t":"2026-07-09T06:12:00.1590688Z","type":"sample"}
{"channel":"rr","display":14.084507042253522,"mu":0,"quality":"OK","raw":3242.1531311144927,"sigma":1.5,"state":"IDLE","t":"2026-07-09T06:12:00.1989966Z","type":"sample"}
{"channel":"rr","display":14.084507042253522,"mu":0,"quality":"OK","raw":3244.379090549263,"sigma":1.5,"state":"IDLE","t":"2026-07-09T06:12:00.2391774Z","type":"sample"}
{"channel":"rr","display":14.084507042253522,"mu":0,"quality":"OK","raw":3218.2830877446945,"sigma":1.5,"state":"IDLE","t":"2026-07-09T06:12:00.2788614Z","type":"sample"}
{"channel":"rr","display":14.084507042253522,"mu":0,"quality":"OK","raw":3241.289750675685,"sigma":1.5,"state":"IDLE","t":"2026-07-09T06:12:00.3190252Z","type":"sample"}
{"channel":"rr","display":14.084507042253522,"mu":0,"quality":"OK","raw":3196.10093866233,"sigma":1.5,"state":"IDLE","t":"2026-07-09T06:12:00.3589603Z","type":"sample"}
{"channel":"rr","display":14.084507042253522,"mu":0,"quality":"OK","raw":3197.3844680299344,"sigma":1.5,"state":"IDLE","t":"2026-07-09T06:12:00.3989956Z","type":"sample"}
{"channel":"rr","display":14.084507042253522,"mu":0,"quality":"OK","raw":3205.4112978501257,"sigma":1.5,"state":"IDLE","t":"2026-07-09T06:12:00.4388282Z","type":"sample"}
{"channel":"rr","display":14.084507042253522,"mu":0,"quality":"OK","raw":3161.911173348048,"sigma":1.5,"state":"IDLE","t":"2026-07-09T06:12:00.479253Z","type":"sample"}
{"channel":"rr","display":14.084507042253522,"mu":0,"quality":"OK","raw":3110.2158735540993,"sigma":1.5,"state":"IDLE","t":"2026-07-09T06:12:00.5189463Z","type":"sample"}
{"channel":"rr","display":14.084507042253522,"mu":0,"quality":"OK","raw":3044.063389129976,"sigma":1.5,"state":"IDLE","t":"2026-07-09T06:12:00.5589243Z","type":"sample"}
{"channel":"rr","display":14.084507042253522,"mu":0,"quality":"OK","raw":3051.822929137703,"sigma":1.5,"state":"IDLE","t":"2026-07-09T06:12:00.5990851Z","type":"sample"}
{"channel":"rr","display":14.084507042253522,"mu":0,"quality":"OK","raw":2986.5641067758907,"sigma":1.5,"state":"IDLE","t":"2026-07-09T06:12:00.6388746Z","type":"sample"}
{"channel":"rr","display":14.084507042253522,"mu":0,"quality":"OK","raw":2950.428909486641,"sigma":1.5,"state":"IDLE","t":"2026-07-09T06:12:00.6792243Z","type":"sample"}
{"channel":"rr","display":14.084507042253522,"mu":0,"quality":"OK","raw":2921.5814053658205,"sigma":1.5,"state":"IDLE","t":"2026-07-09T06:12:00.719032Z","type":"sample"}
{"address":"/cue/p/start","args":null,"channel":"system","dir":"out","t":"2026-07-09T06:12:00.7399065Z","type":"osc"}
{"channel":"rr","display":14.084507042253522,"mu":0,"quality":"OK","raw":2859.8163224864456,"sigma":1.5,"state":"IDLE","t":"2026-07-09T06:12:00.7594676Z","type":"sample"}
{"channel":"rr","display":14.084507042253522,"mu":0,"quality":"OK","raw":2782.201611439674,"sigma":1.5,"state":"IDLE","t":"2026-07-09T06:12:00.7992483Z","type":"sample"}
{"channel":"rr","display":14.084507042253522,"mu":0,"quality":"OK","raw":2737.897150728023,"sigma":1.5,"state":"IDLE","t":"2026-07-09T06:12:00.8393245Z","type":"sample"}
{"channel":"rr","display":14.084507042253522,"mu":0,"quality":"OK","raw":2679.1463599328968,"sigma":1.5,"state":"IDLE","t":"2026-07-09T06:12:00.8788538Z","type":"sample"}
{"channel":"rr","display":14.084507042253522,"mu":0,"quality":"OK","raw":2631.5301925588915,"sigma":1.5,"state":"IDLE","t":"2026-07-09T06:12:00.9190992Z","type":"sample"}
{"channel":"rr","display":14.084507042253522,"mu":0,"quality":"OK","raw":2590.768977015313,"sigma":1.5,"state":"IDLE","t":"2026-07-09T06:12:00.958813Z","type":"sample"}
{"channel":"rr","display":14.084507042253522,"mu":0,"quality":"OK","raw":2497.904882025489,"sigma":1.5,"state":"IDLE","t":"2026-07-09T06:12:00.9992627Z","type":"sample"}
{"address":"/cue/r19/start","args":null,"channel":"system","dir":"out","t":"2026-07-09T06:12:01.0083485Z","type":"osc"}
{"channel":"rr","display":14.084507042253522,"mu":0,"quality":"OK","raw":2439.519389871053,"sigma":1.5,"state":"IDLE","t":"2026-07-09T06:12:01.0388251Z","type":"sample"}
{"channel":"rr","display":14.084507042253522,"mu":0,"quality":"OK","raw":2363.915014631354,"sigma":1.5,"state":"IDLE","t":"2026-07-09T06:12:01.0788183Z","type":"sample"}
{"channel":"rr","display":14.084507042253522,"mu":0,"quality":"OK","raw":2285.2799197663403,"sigma":1.5,"state":"IDLE","t":"2026-07-09T06:12:01.1190556Z","type":"sample"}
{"channel":"rr","display":14.084507042253522,"mu":0,"quality":"OK","raw":2206.5998448105825,"sigma":1.5,"state":"IDLE","t":"2026-07-09T06:12:01.1591749Z","type":"sample"}
{"channel":"rr","display":14.084507042253522,"mu":0,"quality":"OK","raw":2131.921556804415,"sigma":1.5,"state":"IDLE","t":"2026-07-09T06:12:01.1990071Z","type":"sample"}
{"channel":"rr","display":14.084507042253522,"mu":0,"quality":"OK","raw":2076.5427683596818,"sigma":1.5,"state":"IDLE","t":"2026-07-09T06:12:01.2389374Z","type":"sample"}
{"channel":"rr","display":14.084507042253522,"mu":0,"quality":"OK","raw":2048.558085063887,"sigma":1.5,"state":"IDLE","t":"2026-07-09T06:12:01.2789455Z","type":"sample"}
{"channel":"rr","display":14.084507042253522,"mu":0,"quality":"OK","raw":1928.9187388146627,"sigma":1.5,"state":"IDLE","t":"2026-07-09T06:12:01.3189836Z","type":"sample"}
{"channel":"rr","display":14.084507042253522,"mu":0,"quality":"OK","raw":1843.9078889882123,"sigma":1.5,"state":"IDLE","t":"2026-07-09T06:12:01.3593804Z","type":"sample"}
{"channel":"rr","display":14.084507042253522,"mu":0,"quality":"OK","raw":1823.8595025245625,"sigma":1.5,"state":"IDLE","t":"2026-07-09T06:12:01.3988292Z","type":"sample"}
{"channel":"rr","display":14.084507042253522,"mu":0,"quality":"OK","raw":1740.2829840620138,"sigma":1.5,"state":"IDLE","t":"2026-07-09T06:12:01.4391595Z","type":"sample"}
{"channel":"rr","display":14.084507042253522,"mu":0,"quality":"OK","raw":1673.0230607052154,"sigma":1.5,"state":"IDLE","t":"2026-07-09T06:12:01.4790283Z","type":"sample"}
{"channel":"rr","display":14.084507042253522,"mu":0,"quality":"OK","raw":1615.9883571121557,"sigma":1.5,"state":"IDLE","t":"2026-07-09T06:12:01.5187838Z","type":"sample"}
{"channel":"rr","display":14.084507042253522,"mu":0,"quality":"OK","raw":1518.2243113441154,"sigma":1.5,"state":"IDLE","t":"2026-07-09T06:12:01.5589946Z","type":"sample"}
{"channel":"rr","display":14.084507042253522,"mu":0,"quality":"OK","raw":1488.5430300713485,"sigma":1.5,"state":"IDLE","t":"2026-07-09T06:12:01.5989656Z","type":"sample"}
{"channel":"rr","display":14.084507042253522,"mu":0,"quality":"OK","raw":1410.9901940163254,"sigma":1.5,"state":"IDLE","t":"2026-07-09T06:12:01.6390725Z","type":"sample"}
{"channel":"rr","display":14.084507042253522,"mu":0,"quality":"OK","raw":1350.0632254566426,"sigma":1.5,"state":"IDLE","t":"2026-07-09T06:12:01.6791272Z","type":"sample"}
{"channel":"rr","display":14.084507042253522,"mu":0,"quality":"OK","raw":1298.7667801806751,"sigma":1.5,"state":"IDLE","t":"2026-07-09T06:12:01.7188331Z","type":"sample"}
{"address":"/cue/p/start","args":null,"channel":"system","dir":"out","t":"2026-07-09T06:12:01.7401373Z","type":"osc"}
{"channel":"rr","display":14.084507042253522,"mu":0,"quality":"OK","raw":1246.2480355468917,"sigma":1.5,"state":"IDLE","t":"2026-07-09T06:12:01.7588618Z","type":"sample"}
{"channel":"rr","display":14.084507042253522,"mu":0,"quality":"OK","raw":1222.3137850464784,"sigma":1.5,"state":"IDLE","t":"2026-07-09T06:12:01.7989176Z","type":"sample"}
{"channel":"rr","display":14.084507042253522,"mu":0,"quality":"OK","raw":1166.4270425502057,"sigma":1.5,"state":"IDLE","t":"2026-07-09T06:12:01.8392495Z","type":"sample"}
{"channel":"rr","display":14.084507042253522,"mu":0,"quality":"OK","raw":1123.012999858508,"sigma":1.5,"state":"IDLE","t":"2026-07-09T06:12:01.8789929Z","type":"sample"}
{"channel":"rr","display":14.084507042253522,"mu":0,"quality":"OK","raw":1064.4702864674373,"sigma":1.5,"state":"IDLE","t":"2026-07-09T06:12:01.9190495Z","type":"sample"}
{"channel":"rr","display":14.084507042253522,"mu":0,"quality":"OK","raw":1011.4561343559998,"sigma":1.5,"state":"IDLE","t":"2026-07-09T06:12:01.9591654Z","type":"sample"}
{"channel":"rr","display":14.084507042253522,"mu":0,"quality":"OK","raw":953.9588366185237,"sigma":1.5,"state":"IDLE","t":"2026-07-09T06:12:01.9992188Z","type":"sample"}
{"address":"/cue/r19/start","args":null,"channel":"system","dir":"out","t":"2026-07-09T06:12:02.0124521Z","type":"osc"}
{"channel":"rr","display":14.084507042253522,"mu":0,"quality":"OK","raw":969.3817093814669,"sigma":1.5,"state":"IDLE","t":"2026-07-09T06:12:02.0388842Z","type":"sample"}
{"channel":"rr","display":14.084507042253522,"mu":0,"quality":"OK","raw":929.7726759023785,"sigma":1.5,"state":"IDLE","t":"2026-07-09T06:12:02.0792094Z","type":"sample"}
{"channel":"rr","display":14.084507042253522,"mu":0,"quality":"OK","raw":898.5997629576282,"sigma":1.5,"state":"IDLE","t":"2026-07-09T06:12:02.1189548Z","type":"sample"}
{"channel":"rr","display":14.084507042253522,"mu":0,"quality":"OK","raw":886.8501264262941,"sigma":1.5,"state":"IDLE","t":"2026-07-09T06:12:02.1589823Z","type":"sample"}
{"channel":"rr","display":14.084507042253522,"mu":0,"quality":"OK","raw":881.1499023777351,"sigma":1.5,"state":"IDLE","t":"2026-07-09T06:12:02.1992249Z","type":"sample"}
{"channel":"rr","display":14.084507042253522,"mu":0,"quality":"OK","raw":838.7279167084675,"sigma":1.5,"state":"IDLE","t":"2026-07-09T06:12:02.2391241Z","type":"sample"}
{"channel":"rr","display":14.084507042253522,"mu":0,"quality":"OK","raw":863.706521063447,"sigma":1.5,"state":"IDLE","t":"2026-07-09T06:12:02.2787805Z","type":"sample"}
{"channel":"rr","display":14.084507042253522,"mu":0,"quality":"OK","raw":833.9898484144793,"sigma":1.5,"state":"IDLE","t":"2026-07-09T06:12:02.3190868Z","type":"sample"}
{"channel":"rr","display":14.084507042253522,"mu":0,"quality":"OK","raw":872.331701721901,"sigma":1.5,"state":"IDLE","t":"2026-07-09T06:12:02.359173Z","type":"sample"}
{"channel":"rr","display":14.084507042253522,"mu":0,"quality":"OK","raw":834.7099559180743,"sigma":1.5,"state":"IDLE","t":"2026-07-09T06:12:02.3988131Z","type":"sample"}
{"channel":"rr","display":14.084507042253522,"mu":0,"quality":"OK","raw":844.0132342383816,"sigma":1.5,"state":"IDLE","t":"2026-07-09T06:12:02.4390023Z","type":"sample"}
{"channel":"rr","display":14.084507042253522,"mu":0,"quality":"OK","raw":883.69883990049,"sigma":1.5,"state":"IDLE","t":"2026-07-09T06:12:02.4790413Z","type":"sample"}
{"channel":"rr","display":14.084507042253522,"mu":0,"quality":"OK","raw":858.2443967473515,"sigma":1.5,"state":"IDLE","t":"2026-07-09T06:12:02.5192022Z","type":"sample"}
{"channel":"rr","display":14.084507042253522,"mu":0,"quality":"OK","raw":936.434918078008,"sigma":1.5,"state":"IDLE","t":"2026-07-09T06:12:02.5590935Z","type":"sample"}
{"channel":"rr","display":14.084507042253522,"mu":0,"quality":"OK","raw":944.1640855665072,"sigma":1.5,"state":"IDLE","t":"2026-07-09T06:12:02.5989484Z","type":"sample"}
{"channel":"rr","display":14.084507042253522,"mu":0,"quality":"OK","raw":950.4830677541089,"sigma":1.5,"state":"IDLE","t":"2026-07-09T06:12:02.6391578Z","type":"sample"}
{"channel":"rr","display":14.084507042253522,"mu":0,"quality":"OK","raw":992.8426664612743,"sigma":1.5,"state":"IDLE","t":"2026-07-09T06:12:02.6790287Z","type":"sample"}
{"channel":"rr","display":14.084507042253522,"mu":0,"quality":"OK","raw":1037.482728842337,"sigma":1.5,"state":"IDLE","t":"2026-07-09T06:12:02.7192057Z","type":"sample"}
{"address":"/cue/p/start","args":null,"channel":"system","dir":"out","t":"2026-07-09T06:12:02.7391928Z","type":"osc"}
{"channel":"rr","display":14.084507042253522,"mu":0,"quality":"OK","raw":1062.2582519324246,"sigma":1.5,"state":"IDLE","t":"2026-07-09T06:12:02.7590699Z","type":"sample"}
{"channel":"rr","display":14.084507042253522,"mu":0,"quality":"OK","raw":1098.4867164132525,"sigma":1.5,"state":"IDLE","t":"2026-07-09T06:12:02.7991478Z","type":"sample"}
{"channel":"rr","display":14.084507042253522,"mu":0,"quality":"OK","raw":1147.7347749318221,"sigma":1.5,"state":"IDLE","t":"2026-07-09T06:12:02.8392533Z","type":"sample"}
{"channel":"rr","display":14.084507042253522,"mu":0,"quality":"OK","raw":1194.5798467208083,"sigma":1.5,"state":"IDLE","t":"2026-07-09T06:12:02.8790911Z","type":"sample"}
{"channel":"rr","display":14.084507042253522,"mu":0,"quality":"OK","raw":1248.5400660123826,"sigma":1.5,"state":"IDLE","t":"2026-07-09T06:12:02.9192391Z","type":"sample"}
{"channel":"rr","display":14.084507042253522,"mu":0,"quality":"OK","raw":1301.2304861506277,"sigma":1.5,"state":"IDLE","t":"2026-07-09T06:12:02.9590859Z","type":"sample"}
{"channel":"rr","display":14.084507042253522,"mu":0,"quality":"OK","raw":1410.9774487510615,"sigma":1.5,"state":"IDLE","t":"2026-07-09T06:12:02.9991492Z","type":"sample"}
{"address":"/cue/r19/start","args":null,"channel":"system","dir":"out","t":"2026-07-09T06:12:03.0230492Z","type":"osc"}
{"channel":"rr","display":14.084507042253522,"mu":0,"quality":"OK","raw":1429.725562659987,"sigma":1.5,"state":"IDLE","t":"2026-07-09T06:12:03.0394181Z","type":"sample"}
{"channel":"rr","display":14.084507042253522,"mu":0,"quality":"OK","raw":1488.033413086756,"sigma":1.5,"state":"IDLE","t":"2026-07-09T06:12:03.0791893Z","type":"sample"}
{"channel":"rr","display":14.084507042253522,"mu":0,"quality":"OK","raw":1553.6510338007902,"sigma":1.5,"state":"IDLE","t":"2026-07-09T06:12:03.1192227Z","type":"sample"}
{"channel":"rr","display":14.084507042253522,"mu":0,"quality":"OK","raw":1641.1782113588968,"sigma":1.5,"state":"IDLE","t":"2026-07-09T06:12:03.159019Z","type":"sample"}
{"channel":"rr","display":14.084507042253522,"mu":0,"quality":"OK","raw":1704.1029755663226,"sigma":1.5,"state":"IDLE","t":"2026-07-09T06:12:03.1991893Z","type":"sample"}
{"channel":"rr","display":14.084507042253522,"mu":0,"quality":"OK","raw":1760.007865470312,"sigma":1.5,"state":"IDLE","t":"2026-07-09T06:12:03.2392289Z","type":"sample"}
{"channel":"rr","display":14.084507042253522,"mu":0,"quality":"OK","raw":1821.386780134262,"sigma":1.5,"state":"IDLE","t":"2026-07-09T06:12:03.2789666Z","type":"sample"}
{"channel":"rr","display":14.084507042253522,"mu":0,"quality":"OK","raw":1919.7896629605889,"sigma":1.5,"state":"IDLE","t":"2026-07-09T06:12:03.3199741Z","type":"sample"}
{"channel":"rr","display":14.071294559099437,"mu":0,"quality":"OK","raw":1973.7214403979426,"sigma":1.5,"state":"IDLE","t":"2026-07-09T06:12:03.35893Z","type":"sample"}
{"channel":"rr","display":14.071294559099437,"mu":0,"quality":"OK","raw":2024.1922710046674,"sigma":1.5,"state":"IDLE","t":"2026-07-09T06:12:03.398927Z","type":"sample"}
{"channel":"rr","display":14.071294559099437,"mu":0,"quality":"OK","raw":2125.1216287662623,"sigma":1.5,"state":"IDLE","t":"2026-07-09T06:12:03.4388619Z","type":"sample"}
{"channel":"rr","display":14.071294559099437,"mu":0,"quality":"OK","raw":2188.336477165781,"sigma":1.5,"state":"IDLE","t":"2026-07-09T06:12:03.4789656Z","type":"sample"}
{"channel":"rr","display":14.071294559099437,"mu":0,"quality":"OK","raw":2263.322389391125,"sigma":1.5,"state":"IDLE","t":"2026-07-09T06:12:03.5188858Z","type":"sample"}
{"channel":"rr","display":14.071294559099437,"mu":0,"quality":"OK","raw":2312.637546130104,"sigma":1.5,"state":"IDLE","t":"2026-07-09T06:12:03.5591696Z","type":"sample"}
{"channel":"rr","display":14.071294559099437,"mu":0,"quality":"OK","raw":2407.7294758039598,"sigma":1.5,"state":"IDLE","t":"2026-07-09T06:12:03.5988583Z","type":"sample"}
{"channel":"rr","display":14.071294559099437,"mu":0,"quality":"OK","raw":2484.2946884895723,"sigma":1.5,"state":"IDLE","t":"2026-07-09T06:12:03.6389084Z","type":"sample"}
{"channel":"rr","display":14.071294559099437,"mu":0,"quality":"OK","raw":2528.966658331218,"sigma":1.5,"state":"IDLE","t":"2026-07-09T06:12:03.6789338Z","type":"sample"}
{"channel":"rr","display":14.071294559099437,"mu":0,"quality":"OK","raw":2594.204221769721,"sigma":1.5,"state":"IDLE","t":"2026-07-09T06:12:03.7192071Z","type":"sample"}
{"address":"/cue/p/start","args":null,"channel":"system","dir":"out","t":"2026-07-09T06:12:03.7392064Z","type":"osc"}
{"channel":"rr","display":14.071294559099437,"mu":0,"quality":"OK","raw":2659.493965466375,"sigma":1.5,"state":"IDLE","t":"2026-07-09T06:12:03.7592131Z","type":"sample"}
{"channel":"rr","display":14.071294559099437,"mu":0,"quality":"OK","raw":2662.788583928861,"sigma":1.5,"state":"IDLE","t":"2026-07-09T06:12:03.7989285Z","type":"sample"}
{"channel":"rr","display":14.071294559099437,"mu":0,"quality":"OK","raw":2758.001421157595,"sigma":1.5,"state":"IDLE","t":"2026-07-09T06:12:03.8394936Z","type":"sample"}
{"channel":"rr","display":14.071294559099437,"mu":0,"quality":"OK","raw":2853.9146210699932,"sigma":1.5,"state":"IDLE","t":"2026-07-09T06:12:03.8789164Z","type":"sample"}
{"channel":"rr","display":14.071294559099437,"mu":0,"quality":"OK","raw":2859.384607087862,"sigma":1.5,"state":"IDLE","t":"2026-07-09T06:12:03.918844Z","type":"sample"}
{"channel":"rr","display":14.071294559099437,"mu":0,"quality":"OK","raw":2929.6433790490205,"sigma":1.5,"state":"IDLE","t":"2026-07-09T06:12:03.9588169Z","type":"sample"}
{"channel":"rr","display":14.071294559099437,"mu":0,"quality":"OK","raw":2969.187780446132,"sigma":1.5,"state":"IDLE","t":"2026-07-09T06:12:03.9987673Z","type":"sample"}
{"address":"/cue/r19/start","args":null,"channel":"system","dir":"out","t":"2026-07-09T06:12:04.0275611Z","type":"osc"}
{"channel":"rr","display":14.071294559099437,"mu":0,"quality":"OK","raw":3017.7327138090386,"sigma":1.5,"state":"IDLE","t":"2026-07-09T06:12:04.038964Z","type":"sample"}
{"channel":"rr","display":14.071294559099437,"mu":0,"quality":"OK","raw":3050.8340341515436,"sigma":1.5,"state":"IDLE","t":"2026-07-09T06:12:04.0788656Z","type":"sample"}
{"channel":"rr","display":14.071294559099437,"mu":0,"quality":"OK","raw":3088.2473985334714,"sigma":1.5,"state":"IDLE","t":"2026-07-09T06:12:04.1193374Z","type":"sample"}
{"channel":"rr","display":14.071294559099437,"mu":0,"quality":"OK","raw":3122.34814598706,"sigma":1.5,"state":"IDLE","t":"2026-07-09T06:12:04.1590027Z","type":"sample"}
{"channel":"rr","display":14.071294559099437,"mu":0,"quality":"OK","raw":3139.2573532643464,"sigma":1.5,"state":"IDLE","t":"2026-07-09T06:12:04.1991559Z","type":"sample"}
{"channel":"rr","display":14.071294559099437,"mu":0,"quality":"OK","raw":3144.058679833915,"sigma":1.5,"state":"IDLE","t":"2026-07-09T06:12:04.2387843Z","type":"sample"}
{"channel":"rr","display":14.071294559099437,"mu":0,"quality":"OK","raw":3195.2073493964563,"sigma":1.5,"state":"IDLE","t":"2026-07-09T06:12:04.2793032Z","type":"sample"}
{"channel":"rr","display":14.071294559099437,"mu":0,"quality":"OK","raw":3214.120336217716,"sigma":1.5,"state":"IDLE","t":"2026-07-09T06:12:04.3190817Z","type":"sample"}
{"channel":"rr","display":14.071294559099437,"mu":0,"quality":"OK","raw":3238.934534688628,"sigma":1.5,"state":"IDLE","t":"2026-07-09T06:12:04.3591186Z","type":"sample"}
{"channel":"rr","display":14.071294559099437,"mu":0,"quality":"OK","raw":3230.67637923358,"sigma":1.5,"state":"IDLE","t":"2026-07-09T06:12:04.3993077Z","type":"sample"}
{"channel":"rr","display":14.071294559099437,"mu":0,"quality":"OK","raw":3243.7127685652495,"sigma":1.5,"state":"IDLE","t":"2026-07-09T06:12:04.4388206Z","type":"sample"}
{"channel":"rr","display":14.071294559099437,"mu":0,"quality":"OK","raw":3247.2324001781385,"sigma":1.5,"state":"IDLE","t":"2026-07-09T06:12:04.4787743Z","type":"sample"}
{"channel":"rr","display":14.071294559099437,"mu":0,"quality":"OK","raw":3248.9848321386357,"sigma":1.5,"state":"IDLE","t":"2026-07-09T06:12:04.5189474Z","type":"sample"}
{"channel":"rr","display":14.071294559099437,"mu":0,"quality":"OK","raw":3251.893525567507,"sigma":1.5,"state":"IDLE","t":"2026-07-09T06:12:04.5590001Z","type":"sample"}
{"channel":"rr","display":14.071294559099437,"mu":0,"quality":"OK","raw":3235.2240318844906,"sigma":1.5,"state":"IDLE","t":"2026-07-09T06:12:04.5989719Z","type":"sample"}
{"channel":"rr","display":14.071294559099437,"mu":0,"quality":"OK","raw":3205.6799928875666,"sigma":1.5,"state":"IDLE","t":"2026-07-09T06:12:04.6389934Z","type":"sample"}
{"channel":"rr","display":14.071294559099437,"mu":0,"quality":"OK","raw":3181.1187454508254,"sigma":1.5,"state":"IDLE","t":"2026-07-09T06:12:04.6791188Z","type":"sample"}
{"channel":"rr","display":14.071294559099437,"mu":0,"quality":"OK","raw":3171.1728593382595,"sigma":1.5,"state":"IDLE","t":"2026-07-09T06:12:04.7191636Z","type":"sample"}
{"address":"/cue/p/start","args":null,"channel":"system","dir":"out","t":"2026-07-09T06:12:04.7397154Z","type":"osc"}
{"channel":"rr","display":14.071294559099437,"mu":0,"quality":"OK","raw":3096.297250529745,"sigma":1.5,"state":"IDLE","t":"2026-07-09T06:12:04.7590823Z","type":"sample"}
{"channel":"rr","display":14.071294559099437,"mu":0,"quality":"OK","raw":3150.1052753147255,"sigma":1.5,"state":"IDLE","t":"2026-07-09T06:12:04.7989812Z","type":"sample"}
{"channel":"rr","display":14.071294559099437,"mu":0,"quality":"OK","raw":3070.080652795005,"sigma":1.5,"state":"IDLE","t":"2026-07-09T06:12:04.8390708Z","type":"sample"}
{"channel":"rr","display":14.071294559099437,"mu":0,"quality":"OK","raw":3037.84378263079,"sigma":1.5,"state":"IDLE","t":"2026-07-09T06:12:04.8789967Z","type":"sample"}
{"channel":"rr","display":14.071294559099437,"mu":0,"quality":"OK","raw":3001.933766183944,"sigma":1.5,"state":"IDLE","t":"2026-07-09T06:12:04.9191433Z","type":"sample"}
{"channel":"rr","display":14.071294559099437,"mu":0,"quality":"OK","raw":2977.3863817433316,"sigma":1.5,"state":"IDLE","t":"2026-07-09T06:12:04.9591769Z","type":"sample"}
{"channel":"rr","display":14.071294559099437,"mu":0,"quality":"OK","raw":2933.225982357664,"sigma":1.5,"state":"IDLE","t":"2026-07-09T06:12:04.9992352Z","type":"sample"}
{"address":"/cue/r19/start","args":null,"channel":"system","dir":"out","t":"2026-07-09T06:12:05.0319419Z","type":"osc"}
{"channel":"rr","display":14.071294559099437,"mu":0,"quality":"OK","raw":2850.040056099962,"sigma":1.5,"state":"IDLE","t":"2026-07-09T06:12:05.0391686Z","type":"sample"}
{"channel":"rr","display":14.071294559099437,"mu":0,"quality":"OK","raw":2772.3409518268422,"sigma":1.5,"state":"IDLE","t":"2026-07-09T06:12:05.0789924Z","type":"sample"}
{"channel":"rr","display":14.071294559099437,"mu":0,"quality":"OK","raw":2723.5771173419807,"sigma":1.5,"state":"IDLE","t":"2026-07-09T06:12:05.1192001Z","type":"sample"}
{"channel":"rr","display":14.071294559099437,"mu":0,"quality":"OK","raw":2695.578456068023,"sigma":1.5,"state":"IDLE","t":"2026-07-09T06:12:05.1592792Z","type":"sample"}
{"channel":"rr","display":14.071294559099437,"mu":0,"quality":"OK","raw":2604.610960624252,"sigma":1.5,"state":"IDLE","t":"2026-07-09T06:12:05.198854Z","type":"sample"}
{"channel":"rr","display":14.071294559099437,"mu":0,"quality":"OK","raw":2578.7733121022447,"sigma":1.5,"state":"IDLE","t":"2026-07-09T06:12:05.2391392Z","type":"sample"}
{"channel":"rr","display":14.071294559099437,"mu":0,"quality":"OK","raw":2486.189727363362,"sigma":1.5,"state":"IDLE","t":"2026-07-09T06:12:05.2790386Z","type":"sample"}
{"channel":"rr","display":14.071294559099437,"mu":0,"quality":"OK","raw":2436.5829825184283,"sigma":1.5,"state":"IDLE","t":"2026-07-09T06:12:05.3189519Z","type":"sample"}
{"channel":"rr","display":14.071294559099437,"mu":0,"quality":"OK","raw":2372.483344621252,"sigma":1.5,"state":"IDLE","t":"2026-07-09T06:12:05.3589474Z","type":"sample"}
{"channel":"rr","display":14.071294559099437,"mu":0,"quality":"OK","raw":2298.7268912196055,"sigma":1.5,"state":"IDLE","t":"2026-07-09T06:12:05.3991612Z","type":"sample"}
{"channel":"rr","display":14.071294559099437,"mu":0,"quality":"OK","raw":2232.9446667368707,"sigma":1.5,"state":"IDLE","t":"2026-07-09T06:12:05.4388194Z","type":"sample"}
{"channel":"rr","display":14.071294559099437,"mu":0,"quality":"OK","raw":2171.642895513554,"sigma":1.5,"state":"IDLE","t":"2026-07-09T06:12:05.4792542Z","type":"sample"}
{"channel":"rr","display":14.071294559099437,"mu":0,"quality":"OK","raw":2089.3955925413024,"sigma":1.5,"state":"IDLE","t":"2026-07-09T06:12:05.5188851Z","type":"sample"}
{"channel":"rr","display":14.071294559099437,"mu":0,"quality":"OK","raw":1995.7182878600067,"sigma":1.5,"state":"IDLE","t":"2026-07-09T06:12:05.5588175Z","type":"sample"}
{"channel":"rr","display":14.071294559099437,"mu":0,"quality":"OK","raw":1975.728957653944,"sigma":1.5,"state":"IDLE","t":"2026-07-09T06:12:05.5992283Z","type":"sample"}
{"channel":"rr","display":14.071294559099437,"mu":0,"quality":"OK","raw":1858.2899736720885,"sigma":1.5,"state":"IDLE","t":"2026-07-09T06:12:05.639231Z","type":"sample"}
{"channel":"rr","display":14.071294559099437,"mu":0,"quality":"OK","raw":1794.0173971049871,"sigma":1.5,"state":"IDLE","t":"2026-07-09T06:12:05.6788889Z","type":"sample"}
{"channel":"rr","display":14.071294559099437,"mu":0,"quality":"OK","raw":1702.1500085665214,"sigma":1.5,"state":"IDLE","t":"2026-07-09T06:12:05.7190522Z","type":"sample"}
{"address":"/cue/p/start","args":null,"channel":"system","dir":"out","t":"2026-07-09T06:12:05.739873Z","type":"osc"}
{"channel":"rr","display":14.071294559099437,"mu":0,"quality":"OK","raw":1668.6155717307079,"sigma":1.5,"state":"IDLE","t":"2026-07-09T06:12:05.7590129Z","type":"sample"}
{"channel":"rr","display":14.071294559099437,"mu":0,"quality":"OK","raw":1583.8027762153993,"sigma":1.5,"state":"IDLE","t":"2026-07-09T06:12:05.7987005Z","type":"sample"}
{"channel":"rr","display":14.071294559099437,"mu":0,"quality":"OK","raw":1550.2779313946114,"sigma":1.5,"state":"IDLE","t":"2026-07-09T06:12:05.8391607Z","type":"sample"}
{"channel":"rr","display":14.071294559099437,"mu":0,"quality":"OK","raw":1461.2234375550029,"sigma":1.5,"state":"IDLE","t":"2026-07-09T06:12:05.8794845Z","type":"sample"}
{"channel":"rr","display":14.071294559099437,"mu":0,"quality":"OK","raw":1409.2847884616149,"sigma":1.5,"state":"IDLE","t":"2026-07-09T06:12:05.9190782Z","type":"sample"}
{"channel":"rr","display":14.071294559099437,"mu":0,"quality":"OK","raw":1349.8763402670784,"sigma":1.5,"state":"IDLE","t":"2026-07-09T06:12:05.9593427Z","type":"sample"}
{"channel":"rr","display":14.071294559099437,"mu":0,"quality":"OK","raw":1295.1812299837768,"sigma":1.5,"state":"IDLE","t":"2026-07-09T06:12:05.9991564Z","type":"sample"}
{"address":"/cue/r19/start","args":null,"channel":"system","dir":"out","t":"2026-07-09T06:12:06.0365065Z","type":"osc"}
{"channel":"rr","display":14.071294559099437,"mu":0,"quality":"OK","raw":1241.7359776403514,"sigma":1.5,"state":"IDLE","t":"2026-07-09T06:12:06.0392314Z","type":"sample"}
{"channel":"rr","display":14.071294559099437,"mu":0,"quality":"OK","raw":1195.9256059852744,"sigma":1.5,"state":"IDLE","t":"2026-07-09T06:12:06.0788352Z","type":"sample"}
{"channel":"rr","display":14.071294559099437,"mu":0,"quality":"OK","raw":1190.163172247639,"sigma":1.5,"state":"IDLE","t":"2026-07-09T06:12:06.118836Z","type":"sample"}
{"channel":"rr","display":14.071294559099437,"mu":0,"quality":"OK","raw":1091.9394314174724,"sigma":1.5,"state":"IDLE","t":"2026-07-09T06:12:06.1590009Z","type":"sample"}
{"channel":"rr","display":14.071294559099437,"mu":0,"quality":"OK","raw":1067.972986575787,"sigma":1.5,"state":"IDLE","t":"2026-07-09T06:12:06.1989172Z","type":"sample"}
{"channel":"rr","display":14.071294559099437,"mu":0,"quality":"OK","raw":1006.3431574723973,"sigma":1.5,"state":"IDLE","t":"2026-07-09T06:12:06.2389914Z","type":"sample"}
{"channel":"rr","display":14.071294559099437,"mu":0,"quality":"OK","raw":980.5743224362352,"sigma":1.5,"state":"IDLE","t":"2026-07-09T06:12:06.2792624Z","type":"sample"}
{"channel":"rr","display":14.071294559099437,"mu":0,"quality":"OK","raw":954.1769527577135,"sigma":1.5,"state":"IDLE","t":"2026-07-09T06:12:06.3187929Z","type":"sample"}
{"channel":"rr","display":14.071294559099437,"mu":0,"quality":"OK","raw":944.9223196414263,"sigma":1.5,"state":"IDLE","t":"2026-07-09T06:12:06.3590016Z","type":"sample"}
{"channel":"rr","display":14.071294559099437,"mu":0,"quality":"OK","raw":891.3770225052808,"sigma":1.5,"state":"IDLE","t":"2026-07-09T06:12:06.3991261Z","type":"sample"}
{"channel":"rr","display":14.071294559099437,"mu":0,"quality":"OK","raw":867.3831906017759,"sigma":1.5,"state":"IDLE","t":"2026-07-09T06:12:06.439186Z","type":"sample"}
{"channel":"rr","display":14.071294559099437,"mu":0,"quality":"OK","raw":859.9647571148619,"sigma":1.5,"state":"IDLE","t":"2026-07-09T06:12:06.4792789Z","type":"sample"}
{"channel":"rr","display":14.071294559099437,"mu":0,"quality":"OK","raw":857.1737028372252,"sigma":1.5,"state":"IDLE","t":"2026-07-09T06:12:06.5191036Z","type":"sample"}
{"channel":"rr","display":14.071294559099437,"mu":0,"quality":"OK","raw":867.5644259683195,"sigma":1.5,"state":"IDLE","t":"2026-07-09T06:12:06.5588398Z","type":"sample"}
{"channel":"rr","display":14.071294559099437,"mu":0,"quality":"OK","raw":871.0644727433489,"sigma":1.5,"state":"IDLE","t":"2026-07-09T06:12:06.5991467Z","type":"sample"}
{"channel":"rr","display":14.071294559099437,"mu":0,"quality":"OK","raw":850.560354739398,"sigma":1.5,"state":"IDLE","t":"2026-07-09T06:12:06.6392135Z","type":"sample"}
{"channel":"rr","display":14.071294559099437,"mu":0,"quality":"OK","raw":854.1115893632066,"sigma":1.5,"state":"IDLE","t":"2026-07-09T06:12:06.678922Z","type":"sample"}
{"channel":"rr","display":14.071294559099437,"mu":0,"quality":"OK","raw":874.4078170011242,"sigma":1.5,"state":"IDLE","t":"2026-07-09T06:12:06.7188255Z","type":"sample"}
{"address":"/cue/p/start","args":null,"channel":"system","dir":"out","t":"2026-07-09T06:12:06.7404241Z","type":"osc"}
{"channel":"rr","display":14.071294559099437,"mu":0,"quality":"OK","raw":893.886397163774,"sigma":1.5,"state":"IDLE","t":"2026-07-09T06:12:06.758903Z","type":"sample"}
{"channel":"rr","display":14.071294559099437,"mu":0,"quality":"OK","raw":922.7549426355251,"sigma":1.5,"state":"IDLE","t":"2026-07-09T06:12:06.7989397Z","type":"sample"}
{"channel":"rr","display":14.071294559099437,"mu":0,"quality":"OK","raw":922.7151631662257,"sigma":1.5,"state":"IDLE","t":"2026-07-09T06:12:06.8389173Z","type":"sample"}
{"channel":"rr","display":14.071294559099437,"mu":0,"quality":"OK","raw":923.3052828080816,"sigma":1.5,"state":"IDLE","t":"2026-07-09T06:12:06.878876Z","type":"sample"}
{"channel":"rr","display":14.071294559099437,"mu":0,"quality":"OK","raw":960.243682028834,"sigma":1.5,"state":"IDLE","t":"2026-07-09T06:12:06.9190749Z","type":"sample"}
{"channel":"rr","display":14.071294559099437,"mu":0,"quality":"OK","raw":1031.1418764888913,"sigma":1.5,"state":"IDLE","t":"2026-07-09T06:12:06.9588562Z","type":"sample"}
{"channel":"rr","display":14.071294559099437,"mu":0,"quality":"OK","raw":1037.1926004068237,"sigma":1.5,"state":"IDLE","t":"2026-07-09T06:12:06.9991032Z","type":"sample"}
{"channel":"rr","display":14.071294559099437,"mu":0,"quality":"OK","raw":1031.6033142329682,"sigma":1.5,"state":"IDLE","t":"2026-07-09T06:12:07.0391547Z","type":"sample"}
{"address":"/cue/r19/start","args":null,"channel":"system","dir":"out","t":"2026-07-09T06:12:07.0402529Z","type":"osc"}
{"channel":"rr","display":14.071294559099437,"mu":0,"quality":"OK","raw":1110.1955882602506,"sigma":1.5,"state":"IDLE","t":"2026-07-09T06:12:07.0790016Z","type":"sample"}
{"channel":"rr","display":14.071294559099437,"mu":0,"quality":"OK","raw":1170.905876428363,"sigma":1.5,"state":"IDLE","t":"2026-07-09T06:12:07.1191783Z","type":"sample"}
{"channel":"rr","display":14.071294559099437,"mu":0,"quality":"OK","raw":1249.0185068331716,"sigma":1.5,"state":"IDLE","t":"2026-07-09T06:12:07.1591633Z","type":"sample"}
{"channel":"rr","display":14.071294559099437,"mu":0,"quality":"OK","raw":1275.846426392448,"sigma":1.5,"state":"IDLE","t":"2026-07-09T06:12:07.1990141Z","type":"sample"}
{"channel":"rr","display":14.071294559099437,"mu":0,"quality":"OK","raw":1348.06877468809,"sigma":1.5,"state":"IDLE","t":"2026-07-09T06:12:07.2389455Z","type":"sample"}
{"channel":"rr","display":14.071294559099437,"mu":0,"quality":"OK","raw":1389.990352350795,"sigma":1.5,"state":"IDLE","t":"2026-07-09T06:12:07.2791483Z","type":"sample"}
{"channel":"rr","display":14.071294559099437,"mu":0,"quality":"OK","raw":1418.6362989442528,"sigma":1.5,"state":"IDLE","t":"2026-07-09T06:12:07.3190078Z","type":"sample"}
{"channel":"rr","display":14.071294559099437,"mu":0,"quality":"OK","raw":1507.846079059288,"sigma":1.5,"state":"IDLE","t":"2026-07-09T06:12:07.3591798Z","type":"sample"}
{"channel":"rr","display":14.071294559099437,"mu":0,"quality":"OK","raw":1564.2417633586103,"sigma":1.5,"state":"IDLE","t":"2026-07-09T06:12:07.3992234Z","type":"sample"}
{"channel":"rr","display":14.071294559099437,"mu":0,"quality":"OK","raw":1621.521892787543,"sigma":1.5,"state":"IDLE","t":"2026-07-09T06:12:07.4389585Z","type":"sample"}
{"channel":"rr","display":14.071294559099437,"mu":0,"quality":"OK","raw":1708.9489075830588,"sigma":1.5,"state":"IDLE","t":"2026-07-09T06:12:07.4790221Z","type":"sample"}
{"channel":"rr","display":14.071294559099437,"mu":0,"quality":"OK","raw":1800.7100190884737,"sigma":1.5,"state":"IDLE","t":"2026-07-09T06:12:07.5191449Z","type":"sample"}
{"channel":"rr","display":14.071294559099437,"mu":0,"quality":"OK","raw":1838.0947492124005,"sigma":1.5,"state":"IDLE","t":"2026-07-09T06:12:07.5593242Z","type":"sample"}
{"channel":"rr","display":14.071294559099437,"mu":0,"quality":"OK","raw":1894.6752679604692,"sigma":1.5,"state":"IDLE","t":"2026-07-09T06:12:07.5992913Z","type":"sample"}
{"channel":"rr","display":14.044943820224718,"mu":0,"quality":"OK","raw":1976.0139577608409,"sigma":1.5,"state":"IDLE","t":"2026-07-09T06:12:07.6391032Z","type":"sample"}
{"channel":"rr","display":14.044943820224718,"mu":0,"quality":"OK","raw":2028.8151325126105,"sigma":1.5,"state":"IDLE","t":"2026-07-09T06:12:07.6791431Z","type":"sample"}
{"channel":"rr","display":14.044943820224718,"mu":0,"quality":"OK","raw":2120.172441418816,"sigma":1.5,"state":"IDLE","t":"2026-07-09T06:12:07.71927Z","type":"sample"}
{"address":"/cue/p/start","args":null,"channel":"system","dir":"out","t":"2026-07-09T06:12:07.7392898Z","type":"osc"}
{"channel":"rr","display":14.044943820224718,"mu":0,"quality":"OK","raw":2184.3804734940336,"sigma":1.5,"state":"IDLE","t":"2026-07-09T06:12:07.7591809Z","type":"sample"}
{"channel":"rr","display":14.044943820224718,"mu":0,"quality":"OK","raw":2249.15773121504,"sigma":1.5,"state":"IDLE","t":"2026-07-09T06:12:07.7989899Z","type":"sample"}
{"channel":"rr","display":14.044943820224718,"mu":0,"quality":"OK","raw":2315.8666881606405,"sigma":1.5,"state":"IDLE","t":"2026-07-09T06:12:07.8391952Z","type":"sample"}
{"channel":"rr","display":14.044943820224718,"mu":0,"quality":"OK","raw":2410.5435535384922,"sigma":1.5,"state":"IDLE","t":"2026-07-09T06:12:07.8789672Z","type":"sample"}
{"channel":"rr","display":14.044943820224718,"mu":0,"quality":"OK","raw":2465.7726224721296,"sigma":1.5,"state":"IDLE","t":"2026-07-09T06:12:07.9193601Z","type":"sample"}
{"channel":"rr","display":14.044943820224718,"mu":0,"quality":"OK","raw":2529.3683033863385,"sigma":1.5,"state":"IDLE","t":"2026-07-09T06:12:07.9587865Z","type":"sample"}
{"channel":"rr","display":14.044943820224718,"mu":0,"quality":"OK","raw":2586.6410904528616,"sigma":1.5,"state":"IDLE","t":"2026-07-09T06:12:07.998745Z","type":"sample"}
{"channel":"rr","display":14.044943820224718,"mu":0,"quality":"OK","raw":2660.6767800814,"sigma":1.5,"state":"IDLE","t":"2026-07-09T06:12:08.0392629Z","type":"sample"}
{"address":"/cue/r19/start","args":null,"channel":"system","dir":"out","t":"2026-07-09T06:12:08.0533753Z","type":"osc"}
{"channel":"rr","display":14.044943820224718,"mu":0,"quality":"OK","raw":2714.6123155462983,"sigma":1.5,"state":"IDLE","t":"2026-07-09T06:12:08.0787645Z","type":"sample"}
{"channel":"rr","display":14.044943820224718,"mu":0,"quality":"OK","raw":2786.5777056328775,"sigma":1.5,"state":"IDLE","t":"2026-07-09T06:12:08.1191192Z","type":"sample"}
{"channel":"rr","display":14.044943820224718,"mu":0,"quality":"OK","raw":2810.2374353868017,"sigma":1.5,"state":"IDLE","t":"2026-07-09T06:12:08.1590702Z","type":"sample"}
{"channel":"rr","display":14.044943820224718,"mu":0,"quality":"OK","raw":2870.6144499473126,"sigma":1.5,"state":"IDLE","t":"2026-07-09T06:12:08.1988364Z","type":"sample"}
{"channel":"rr","display":14.044943820224718,"mu":0,"quality":"OK","raw":2928.9557578254867,"sigma":1.5,"state":"IDLE","t":"2026-07-09T06:12:08.2388461Z","type":"sample"}
{"channel":"rr","display":14.044943820224718,"mu":0,"quality":"OK","raw":2974.8679979406566,"sigma":1.5,"state":"IDLE","t":"2026-07-09T06:12:08.278987Z","type":"sample"}
{"channel":"rr","display":14.044943820224718,"mu":0,"quality":"OK","raw":3018.86427887258,"sigma":1.5,"state":"IDLE","t":"2026-07-09T06:12:08.318877Z","type":"sample"}
{"channel":"rr","display":14.044943820224718,"mu":0,"quality":"OK","raw":3067.3334197851714,"sigma":1.5,"state":"IDLE","t":"2026-07-09T06:12:08.359064Z","type":"sample"}
{"channel":"rr","display":14.044943820224718,"mu":0,"quality":"OK","raw":3109.4395892722946,"sigma":1.5,"state":"IDLE","t":"2026-07-09T06:12:08.3990424Z","type":"sample"}
{"channel":"rr","display":14.044943820224718,"mu":0,"quality":"OK","raw":3122.5564604045503,"sigma":1.5,"state":"IDLE","t":"2026-07-09T06:12:08.438772Z","type":"sample"}
{"channel":"rr","display":14.044943820224718,"mu":0,"quality":"OK","raw":3140.581935268486,"sigma":1.5,"state":"IDLE","t":"2026-07-09T06:12:08.4789704Z","type":"sample"}
{"channel":"rr","display":14.044943820224718,"mu":0,"quality":"OK","raw":3178.853590443436,"sigma":1.5,"state":"IDLE","t":"2026-07-09T06:12:08.5187945Z","type":"sample"}
{"channel":"rr","display":14.044943820224718,"mu":0,"quality":"OK","raw":3194.4888110978272,"sigma":1.5,"state":"IDLE","t":"2026-07-09T06:12:08.5588452Z","type":"sample"}
{"channel":"rr","display":14.044943820224718,"mu":0,"quality":"OK","raw":3231.6126827451444,"sigma":1.5,"state":"IDLE","t":"2026-07-09T06:12:08.5988717Z","type":"sample"}
{"channel":"rr","display":14.044943820224718,"mu":0,"quality":"OK","raw":3212.4505067504283,"sigma":1.5,"state":"IDLE","t":"2026-07-09T06:12:08.6392401Z","type":"sample"}
{"channel":"rr","display":14.044943820224718,"mu":0,"quality":"OK","raw":3226.1818370911687,"sigma":1.5,"state":"IDLE","t":"2026-07-09T06:12:08.6790513Z","type":"sample"}
{"channel":"rr","display":14.044943820224718,"mu":0,"quality":"OK","raw":3245.9962584785894,"sigma":1.5,"state":"IDLE","t":"2026-07-09T06:12:08.7188825Z","type":"sample"}
{"address":"/cue/p/start","args":null,"channel":"system","dir":"out","t":"2026-07-09T06:12:08.739391Z","type":"osc"}
{"channel":"rr","display":14.044943820224718,"mu":0,"quality":"OK","raw":3248.5312136274897,"sigma":1.5,"state":"IDLE","t":"2026-07-09T06:12:08.7591966Z","type":"sample"}
{"channel":"rr","display":14.044943820224718,"mu":0,"quality":"OK","raw":3257.8388736926504,"sigma":1.5,"state":"IDLE","t":"2026-07-09T06:12:08.7992577Z","type":"sample"}
{"channel":"rr","display":14.044943820224718,"mu":0,"quality":"OK","raw":3219.90081126663,"sigma":1.5,"state":"IDLE","t":"2026-07-09T06:12:08.8392992Z","type":"sample"}
{"channel":"rr","display":14.044943820224718,"mu":0,"quality":"OK","raw":3234.42433420598,"sigma":1.5,"state":"IDLE","t":"2026-07-09T06:12:08.8790366Z","type":"sample"}
{"channel":"rr","display":14.044943820224718,"mu":0,"quality":"OK","raw":3208.9305472996907,"sigma":1.5,"state":"IDLE","t":"2026-07-09T06:12:08.9192358Z","type":"sample"}
{"channel":"rr","display":14.044943820224718,"mu":0,"quality":"OK","raw":3192.670738473092,"sigma":1.5,"state":"IDLE","t":"2026-07-09T06:12:08.9592342Z","type":"sample"}
{"channel":"rr","display":14.044943820224718,"mu":0,"quality":"OK","raw":3150.5119139438725,"sigma":1.5,"state":"IDLE","t":"2026-07-09T06:12:08.9989997Z","type":"sample"}
{"channel":"rr","display":14.044943820224718,"mu":0,"quality":"OK","raw":3158.741280374127,"sigma":1.5,"state":"IDLE","t":"2026-07-09T06:12:09.0390185Z","type":"sample"}
{"address":"/cue/r19/start","args":null,"channel":"system","dir":"out","t":"2026-07-09T06:12:09.057186Z","type":"osc"}
{"channel":"rr","display":14.044943820224718,"mu":0,"quality":"OK","raw":3128.6464413891513,"sigma":1.5,"state":"IDLE","t":"2026-07-09T06:12:09.0791808Z","type":"sample"}
{"channel":"rr","display":14.044943820224718,"mu":0,"quality":"OK","raw":3091.414476502086,"sigma":1.5,"state":"IDLE","t":"2026-07-09T06:12:09.1188281Z","type":"sample"}
{"channel":"rr","display":14.044943820224718,"mu":0,"quality":"OK","raw":3049.3698156134487,"sigma":1.5,"state":"IDLE","t":"2026-07-09T06:12:09.1588116Z","type":"sample"}
{"channel":"rr","display":14.044943820224718,"mu":0,"quality":"OK","raw":2995.491917367754,"sigma":1.5,"state":"IDLE","t":"2026-07-09T06:12:09.1993637Z","type":"sample"}
{"channel":"rr","display":14.044943820224718,"mu":0,"quality":"OK","raw":2937.333228957132,"sigma":1.5,"state":"IDLE","t":"2026-07-09T06:12:09.2390449Z","type":"sample"}
{"channel":"rr","display":14.044943820224718,"mu":0,"quality":"OK","raw":2909.1564158087945,"sigma":1.5,"state":"IDLE","t":"2026-07-09T06:12:09.2790502Z","type":"sample"}
{"channel":"rr","display":14.044943820224718,"mu":0,"quality":"OK","raw":2824.013920001097,"sigma":1.5,"state":"IDLE","t":"2026-07-09T06:12:09.3191435Z","type":"sample"}
{"channel":"rr","display":14.044943820224718,"mu":0,"quality":"OK","raw":2808.0222133420402,"sigma":1.5,"state":"IDLE","t":"2026-07-09T06:12:09.359213Z","type":"sample"}
{"channel":"rr","display":14.044943820224718,"mu":0,"quality":"OK","raw":2745.8097187500694,"sigma":1.5,"state":"IDLE","t":"2026-07-09T06:12:09.3988139Z","type":"sample"}
{"channel":"rr","display":14.044943820224718,"mu":0,"quality":"OK","raw":2701.087300313829,"sigma":1.5,"state":"IDLE","t":"2026-07-09T06:12:09.4390857Z","type":"sample"}
{"channel":"rr","display":14.044943820224718,"mu":0,"quality":"OK","raw":2605.8893629171157,"sigma":1.5,"state":"IDLE","t":"2026-07-09T06:12:09.4791541Z","type":"sample"}
{"channel":"rr","display":14.044943820224718,"mu":0,"quality":"OK","raw":2545.326278980011,"sigma":1.5,"state":"IDLE","t":"2026-07-09T06:12:09.5187918Z","type":"sample"}
{"channel":"rr","display":14.044943820224718,"mu":0,"quality":"OK","raw":2491.7132611700813,"sigma":1.5,"state":"IDLE","t":"2026-07-09T06:12:09.5589361Z","type":"sample"}
{"channel":"rr","display":14.044943820224718,"mu":0,"quality":"OK","raw":2416.557213543169,"sigma":1.5,"state":"IDLE","t":"2026-07-09T06:12:09.5989723Z","type":"sample"}
{"channel":"rr","display":14.044943820224718,"mu":0,"quality":"OK","raw":2351.0809054608762,"sigma":1.5,"state":"IDLE","t":"2026-07-09T06:12:09.638869Z","type":"sample"}
{"channel":"rr","display":14.044943820224718,"mu":0,"quality":"OK","raw":2306.8910803001145,"sigma":1.5,"state":"IDLE","t":"2026-07-09T06:12:09.6789908Z","type":"sample"}
{"channel":"rr","display":14.044943820224718,"mu":0,"quality":"OK","raw":2223.9319960341622,"sigma":1.5,"state":"IDLE","t":"2026-07-09T06:12:09.7191948Z","type":"sample"}
{"address":"/cue/p/start","args":null,"channel":"system","dir":"out","t":"2026-07-09T06:12:09.7401214Z","type":"osc"}
{"channel":"rr","display":14.044943820224718,"mu":0,"quality":"OK","raw":2165.9258811331038,"sigma":1.5,"state":"IDLE","t":"2026-07-09T06:12:09.758748Z","type":"sample"}
{"channel":"rr","display":14.044943820224718,"mu":0,"quality":"OK","raw":2080.658907508853,"sigma":1.5,"state":"IDLE","t":"2026-07-09T06:12:09.7989578Z","type":"sample"}
{"channel":"rr","display":14.044943820224718,"mu":0,"quality":"OK","raw":1991.6641455433783,"sigma":1.5,"state":"IDLE","t":"2026-07-09T06:12:09.8388761Z","type":"sample"}
{"channel":"rr","display":14.044943820224718,"mu":0,"quality":"OK","raw":1957.0315674693627,"sigma":1.5,"state":"IDLE","t":"2026-07-09T06:12:09.8788058Z","type":"sample"}
{"channel":"rr","display":14.044943820224718,"mu":0,"quality":"OK","raw":1867.1259141359797,"sigma":1.5,"state":"IDLE","t":"2026-07-09T06:12:09.9189514Z","type":"sample"}
{"channel":"rr","display":14.044943820224718,"mu":0,"quality":"OK","raw":1819.9856090859735,"sigma":1.5,"state":"IDLE","t":"2026-07-09T06:12:09.9594428Z","type":"sample"}
{"channel":"rr","display":14.044943820224718,"mu":0,"quality":"OK","raw":1716.1840780308112,"sigma":1.5,"state":"IDLE","t":"2026-07-09T06:12:09.9990931Z","type":"sample"}
{"channel":"rr","display":14.044943820224718,"mu":0,"quality":"OK","raw":1644.3907727757153,"sigma":1.5,"state":"IDLE","t":"2026-07-09T06:12:10.0395025Z","type":"sample"}
{"address":"/cue/r19/start","args":null,"channel":"system","dir":"out","t":"2026-07-09T06:12:10.06649Z","type":"osc"}
{"channel":"rr","display":14.044943820224718,"mu":0,"quality":"OK","raw":1627.0708612176866,"sigma":1.5,"state":"IDLE","t":"2026-07-09T06:12:10.0788637Z","type":"sample"}
{"channel":"rr","display":14.044943820224718,"mu":0,"quality":"OK","raw":1523.0627505024925,"sigma":1.5,"state":"IDLE","t":"2026-07-09T06:12:10.11899Z","type":"sample"}
{"channel":"rr","display":14.044943820224718,"mu":0,"quality":"OK","raw":1455.9548629790572,"sigma":1.5,"state":"IDLE","t":"2026-07-09T06:12:10.1590816Z","type":"sample"}
{"channel":"rr","display":14.044943820224718,"mu":0,"quality":"OK","raw":1420.678124641086,"sigma":1.5,"state":"IDLE","t":"2026-07-09T06:12:10.1990908Z","type":"sample"}
{"channel":"rr","display":14.044943820224718,"mu":0,"quality":"OK","raw":1360.4476594324815,"sigma":1.5,"state":"IDLE","t":"2026-07-09T06:12:10.2387774Z","type":"sample"}
{"channel":"rr","display":14.044943820224718,"mu":0,"quality":"OK","raw":1311.5682430515888,"sigma":1.5,"state":"IDLE","t":"2026-07-09T06:12:10.2789168Z","type":"sample"}
{"channel":"rr","display":14.044943820224718,"mu":0,"quality":"OK","raw":1231.2924820319674,"sigma":1.5,"state":"IDLE","t":"2026-07-09T06:12:10.3192569Z","type":"sample"}
{"channel":"rr","display":14.044943820224718,"mu":0,"quality":"OK","raw":1187.511203536688,"sigma":1.5,"state":"IDLE","t":"2026-07-09T06:12:10.3591926Z","type":"sample"}
{"channel":"rr","display":14.044943820224718,"mu":0,"quality":"OK","raw":1139.255861066575,"sigma":1.5,"state":"IDLE","t":"2026-07-09T06:12:10.3990047Z","type":"sample"}
{"channel":"rr","display":14.044943820224718,"mu":0,"quality":"OK","raw":1119.8806001147686,"sigma":1.5,"state":"IDLE","t":"2026-07-09T06:12:10.438884Z","type":"sample"}
{"channel":"rr","display":14.044943820224718,"mu":0,"quality":"OK","raw":1058.0907258568589,"sigma":1.5,"state":"IDLE","t":"2026-07-09T06:12:10.4791291Z","type":"sample"}
{"channel":"rr","display":14.044943820224718,"mu":0,"quality":"OK","raw":1016.223986136497,"sigma":1.5,"state":"IDLE","t":"2026-07-09T06:12:10.5189632Z","type":"sample"}
{"channel":"rr","display":14.044943820224718,"mu":0,"quality":"OK","raw":984.5911100950663,"sigma":1.5,"state":"IDLE","t":"2026-07-09T06:12:10.5589019Z","type":"sample"}
{"channel":"rr","display":14.044943820224718,"mu":0,"quality":"OK","raw":958.7610702379537,"sigma":1.5,"state":"IDLE","t":"2026-07-09T06:12:10.5991696Z","type":"sample"}
{"channel":"rr","display":14.044943820224718,"mu":0,"quality":"OK","raw":953.728459987293,"sigma":1.5,"state":"IDLE","t":"2026-07-09T06:12:10.6392473Z","type":"sample"}
{"channel":"rr","display":14.044943820224718,"mu":0,"quality":"OK","raw":927.5505753492496,"sigma":1.5,"state":"IDLE","t":"2026-07-09T06:12:10.6791668Z","type":"sample"}
{"channel":"rr","display":14.044943820224718,"mu":0,"quality":"OK","raw":879.5747971930573,"sigma":1.5,"state":"IDLE","t":"2026-07-09T06:12:10.7191907Z","type":"sample"}
{"address":"/cue/p/start","args":null,"channel":"system","dir":"out","t":"2026-07-09T06:12:10.7400511Z","type":"osc"}
{"channel":"rr","display":14.044943820224718,"mu":0,"quality":"OK","raw":886.3378046219573,"sigma":1.5,"state":"IDLE","t":"2026-07-09T06:12:10.7591601Z","type":"sample"}
{"channel":"rr","display":14.044943820224718,"mu":0,"quality":"OK","raw":866.0180631926008,"sigma":1.5,"state":"IDLE","t":"2026-07-09T06:12:10.7990947Z","type":"sample"}
{"channel":"rr","display":14.044943820224718,"mu":0,"quality":"OK","raw":833.9298019281229,"sigma":1.5,"state":"IDLE","t":"2026-07-09T06:12:10.8388906Z","type":"sample"}
{"channel":"rr","display":14.044943820224718,"mu":0,"quality":"OK","raw":842.2928789588599,"sigma":1.5,"state":"IDLE","t":"2026-07-09T06:12:10.8787572Z","type":"sample"}
{"channel":"rr","display":14.044943820224718,"mu":0,"quality":"OK","raw":858.2444959360553,"sigma":1.5,"state":"IDLE","t":"2026-07-09T06:12:10.9189035Z","type":"sample"}
{"channel":"rr","display":14.044943820224718,"mu":0,"quality":"OK","raw":859.5093809395574,"sigma":1.5,"state":"IDLE","t":"2026-07-09T06:12:10.958971Z","type":"sample"}
{"channel":"rr","display":14.044943820224718,"mu":0,"quality":"OK","raw":871.5859367666291,"sigma":1.5,"state":"IDLE","t":"2026-07-09T06:12:10.99907Z","type":"sample"}
{"channel":"rr","display":14.044943820224718,"mu":0,"quality":"OK","raw":888.6265233950838,"sigma":1.5,"state":"IDLE","t":"2026-07-09T06:12:11.0394221Z","type":"sample"}
{"address":"/cue/r19/start","args":null,"channel":"system","dir":"out","t":"2026-07-09T06:12:11.0713183Z","type":"osc"}
{"channel":"rr","display":14.044943820224718,"mu":0,"quality":"OK","raw":870.7092005237076,"sigma":1.5,"state":"IDLE","t":"2026-07-09T06:12:11.079155Z","type":"sample"}
{"channel":"rr","display":14.044943820224718,"mu":0,"quality":"OK","raw":892.2620133977864,"sigma":1.5,"state":"IDLE","t":"2026-07-09T06:12:11.1190872Z","type":"sample"}
{"channel":"rr","display":14.044943820224718,"mu":0,"quality":"OK","raw":953.6017029200082,"sigma":1.5,"state":"IDLE","t":"2026-07-09T06:12:11.1590274Z","type":"sample"}
{"channel":"rr","display":14.044943820224718,"mu":0,"quality":"OK","raw":993.8438821840624,"sigma":1.5,"state":"IDLE","t":"2026-07-09T06:12:11.1989322Z","type":"sample"}
{"channel":"rr","display":14.044943820224718,"mu":0,"quality":"OK","raw":991.5018018717211,"sigma":1.5,"state":"IDLE","t":"2026-07-09T06:12:11.239132Z","type":"sample"}
{"channel":"rr","display":14.044943820224718,"mu":0,"quality":"OK","raw":1038.2641150159252,"sigma":1.5,"state":"IDLE","t":"2026-07-09T06:12:11.2788727Z","type":"sample"}
{"channel":"rr","display":14.044943820224718,"mu":0,"quality":"OK","raw":1049.442711137557,"sigma":1.5,"state":"IDLE","t":"2026-07-09T06:12:11.3189055Z","type":"sample"}
{"channel":"rr","display":14.044943820224718,"mu":0,"quality":"OK","raw":1093.6512956749368,"sigma":1.5,"state":"IDLE","t":"2026-07-09T06:12:11.3588959Z","type":"sample"}
{"channel":"rr","display":14.044943820224718,"mu":0,"quality":"OK","raw":1183.4782197014583,"sigma":1.5,"state":"IDLE","t":"2026-07-09T06:12:11.3989942Z","type":"sample"}
{"channel":"rr","display":14.044943820224718,"mu":0,"quality":"OK","raw":1218.8141043355981,"sigma":1.5,"state":"IDLE","t":"2026-07-09T06:12:11.4392504Z","type":"sample"}
{"channel":"rr","display":14.044943820224718,"mu":0,"quality":"OK","raw":1286.2992485808077,"sigma":1.5,"state":"IDLE","t":"2026-07-09T06:12:11.4789112Z","type":"sample"}
{"channel":"rr","display":14.044943820224718,"mu":0,"quality":"OK","raw":1332.2703884511716,"sigma":1.5,"state":"IDLE","t":"2026-07-09T06:12:11.5190944Z","type":"sample"}
{"channel":"rr","display":14.044943820224718,"mu":0,"quality":"OK","raw":1407.2947662985548,"sigma":1.5,"state":"IDLE","t":"2026-07-09T06:12:11.5590348Z","type":"sample"}
{"channel":"rr","display":14.044943820224718,"mu":0,"quality":"OK","raw":1411.8964286672756,"sigma":1.5,"state":"IDLE","t":"2026-07-09T06:12:11.5989448Z","type":"sample"}
{"channel":"rr","display":14.044943820224718,"mu":0,"quality":"OK","raw":1521.837631087133,"sigma":1.5,"state":"IDLE","t":"2026-07-09T06:12:11.6392069Z","type":"sample"}
{"channel":"rr","display":14.044943820224718,"mu":0,"quality":"OK","raw":1576.5167772448822,"sigma":1.5,"state":"IDLE","t":"2026-07-09T06:12:11.6787364Z","type":"sample"}
{"channel":"rr","display":14.044943820224718,"mu":0,"quality":"OK","raw":1634.5537312241183,"sigma":1.5,"state":"IDLE","t":"2026-07-09T06:12:11.7191234Z","type":"sample"}
{"address":"/cue/p/start","args":null,"channel":"system","dir":"out","t":"2026-07-09T06:12:11.7428772Z","type":"osc"}
{"channel":"rr","display":14.044943820224718,"mu":0,"quality":"OK","raw":1697.4882825195632,"sigma":1.5,"state":"IDLE","t":"2026-07-09T06:12:11.7591652Z","type":"sample"}
{"channel":"rr","display":14.044943820224718,"mu":0,"quality":"OK","raw":1770.4064803050735,"sigma":1.5,"state":"IDLE","t":"2026-07-09T06:12:11.799037Z","type":"sample"}
{"channel":"rr","display":14.044943820224718,"mu":0,"quality":"OK","raw":1819.7785285968378,"sigma":1.5,"state":"IDLE","t":"2026-07-09T06:12:11.8389711Z","type":"sample"}
{"channel":"rr","display":14.044943820224718,"mu":0,"quality":"OK","raw":1928.4285572622023,"sigma":1.5,"state":"IDLE","t":"2026-07-09T06:12:11.8794598Z","type":"sample"}
{"channel":"rr","display":14.071294559099437,"mu":0,"quality":"OK","raw":1992.1969926045263,"sigma":1.5,"state":"IDLE","t":"2026-07-09T06:12:11.9190227Z","type":"sample"}
{"channel":"rr","display":14.071294559099437,"mu":0,"quality":"OK","raw":2046.5677186365947,"sigma":1.5,"state":"IDLE","t":"2026-07-09T06:12:11.9594278Z","type":"sample"}
{"channel":"rr","display":14.071294559099437,"mu":0,"quality":"OK","raw":2112.976460399334,"sigma":1.5,"state":"IDLE","t":"2026-07-09T06:12:11.99929Z","type":"sample"}
{"channel":"rr","display":14.071294559099437,"mu":0,"quality":"OK","raw":2173.427719714645,"sigma":1.5,"state":"IDLE","t":"2026-07-09T06:12:12.039031Z","type":"sample"}
{"address":"/cue/r19/start","args":null,"channel":"system","dir":"out","t":"2026-07-09T06:12:12.0756931Z","type":"osc"}
{"channel":"rr","display":14.071294559099437,"mu":0,"quality":"OK","raw":2283.0580369863096,"sigma":1.5,"state":"IDLE","t":"2026-07-09T06:12:12.0789123Z","type":"sample"}
{"channel":"rr","display":14.071294559099437,"mu":0,"quality":"OK","raw":2319.699643337325,"sigma":1.5,"state":"IDLE","t":"2026-07-09T06:12:12.1188363Z","type":"sample"}
{"channel":"rr","display":14.071294559099437,"mu":0,"quality":"OK","raw":2393.9155535565833,"sigma":1.5,"state":"IDLE","t":"2026-07-09T06:12:12.1590258Z","type":"sample"}
{"channel":"rr","display":14.071294559099437,"mu":0,"quality":"OK","raw":2442.246371184587,"sigma":1.5,"state":"IDLE","t":"2026-07-09T06:12:12.1993409Z","type":"sample"}
{"channel":"rr","display":14.071294559099437,"mu":0,"quality":"OK","raw":2520.8955353460715,"sigma":1.5,"state":"IDLE","t":"2026-07-09T06:12:12.2390804Z","type":"sample"}
{"channel":"rr","display":14.071294559099437,"mu":0,"quality":"OK","raw":2559.320095753611,"sigma":1.5,"state":"IDLE","t":"2026-07-09T06:12:12.2788609Z","type":"sample"}
{"channel":"rr","display":14.071294559099437,"mu":0,"quality":"OK","raw":2672.1754056206614,"sigma":1.5,"state":"IDLE","t":"2026-07-09T06:12:12.3191822Z","type":"sample"}
{"channel":"rr","display":14.071294559099437,"mu":0,"quality":"OK","raw":2710.1569274823473,"sigma":1.5,"state":"IDLE","t":"2026-07-09T06:12:12.359121Z","type":"sample"}
{"channel":"rr","display":14.071294559099437,"mu":0,"quality":"OK","raw":2789.8803679626217,"sigma":1.5,"state":"IDLE","t":"2026-07-09T06:12:12.399584Z","type":"sample"}
{"channel":"rr","display":14.071294559099437,"mu":0,"quality":"OK","raw":2845.674010511916,"sigma":1.5,"state":"IDLE","t":"2026-07-09T06:12:12.4389171Z","type":"sample"}
{"channel":"rr","display":14.071294559099437,"mu":0,"quality":"OK","raw":2873.9110993221852,"sigma":1.5,"state":"IDLE","t":"2026-07-09T06:12:12.4787778Z","type":"sample"}
{"channel":"rr","display":14.071294559099437,"mu":0,"quality":"OK","raw":2929.396965966088,"sigma":1.5,"state":"IDLE","t":"2026-07-09T06:12:12.5190082Z","type":"sample"}
{"channel":"rr","display":14.071294559099437,"mu":0,"quality":"OK","raw":2977.002467966108,"sigma":1.5,"state":"IDLE","t":"2026-07-09T06:12:12.5587496Z","type":"sample"}
{"channel":"rr","display":14.071294559099437,"mu":0,"quality":"OK","raw":3026.847085042782,"sigma":1.5,"state":"IDLE","t":"2026-07-09T06:12:12.5990563Z","type":"sample"}
{"channel":"rr","display":14.071294559099437,"mu":0,"quality":"OK","raw":3052.549428491615,"sigma":1.5,"state":"IDLE","t":"2026-07-09T06:12:12.6388868Z","type":"sample"}
{"channel":"rr","display":14.071294559099437,"mu":0,"quality":"OK","raw":3055.410968543982,"sigma":1.5,"state":"IDLE","t":"2026-07-09T06:12:12.6790649Z","type":"sample"}
{"channel":"rr","display":14.071294559099437,"mu":0,"quality":"OK","raw":3110.8376826257136,"sigma":1.5,"state":"IDLE","t":"2026-07-09T06:12:12.7188216Z","type":"sample"}
{"address":"/cue/p/start","args":null,"channel":"system","dir":"out","t":"2026-07-09T06:12:12.7392009Z","type":"osc"}
{"channel":"rr","display":14.071294559099437,"mu":0,"quality":"OK","raw":3156.422968221407,"sigma":1.5,"state":"IDLE","t":"2026-07-09T06:12:12.759214Z","type":"sample"}
{"channel":"rr","display":14.071294559099437,"mu":0,"quality":"OK","raw":3137.7217856176894,"sigma":1.5,"state":"IDLE","t":"2026-07-09T06:12:12.7991263Z","type":"sample"}
{"channel":"rr","display":14.071294559099437,"mu":0,"quality":"OK","raw":3209.8282963320057,"sigma":1.5,"state":"IDLE","t":"2026-07-09T06:12:12.8390053Z","type":"sample"}
{"channel":"rr","display":14.071294559099437,"mu":0,"quality":"OK","raw":3218.4369948445565,"sigma":1.5,"state":"IDLE","t":"2026-07-09T06:12:12.8789028Z","type":"sample"}
{"channel":"rr","display":14.071294559099437,"mu":0,"quality":"OK","raw":3241.4817704684506,"sigma":1.5,"state":"IDLE","t":"2026-07-09T06:12:12.9190453Z","type":"sample"}
{"channel":"rr","display":14.071294559099437,"mu":0,"quality":"OK","raw":3233.010532444587,"sigma":1.5,"state":"IDLE","t":"2026-07-09T06:12:12.9588226Z","type":"sample"}
{"channel":"rr","display":14.071294559099437,"mu":0,"quality":"OK","raw":3270.8339096811033,"sigma":1.5,"state":"IDLE","t":"2026-07-09T06:12:12.999331Z","type":"sample"}
{"channel":"rr","display":14.071294559099437,"mu":0,"quality":"OK","raw":3245.328156680222,"sigma":1.5,"state":"IDLE","t":"2026-07-09T06:12:13.0390839Z","type":"sample"}
{"channel":"rr","display":14.071294559099437,"mu":0,"quality":"OK","raw":3219.580211061585,"sigma":1.5,"state":"IDLE","t":"2026-07-09T06:12:13.0787783Z","type":"sample"}
{"address":"/cue/r19/start","args":null,"channel":"system","dir":"out","t":"2026-07-09T06:12:13.0955013Z","type":"osc"}
{"channel":"rr","display":14.071294559099437,"mu":0,"quality":"OK","raw":3230.0053933325316,"sigma":1.5,"state":"IDLE","t":"2026-07-09T06:12:13.1187876Z","type":"sample"}
{"channel":"rr","display":14.071294559099437,"mu":0,"quality":"OK","raw":3240.7183016550316,"sigma":1.5,"state":"IDLE","t":"2026-07-09T06:12:13.1591883Z","type":"sample"}
{"channel":"rr","display":14.071294559099437,"mu":0,"quality":"OK","raw":3206.746422821223,"sigma":1.5,"state":"IDLE","t":"2026-07-09T06:12:13.1991255Z","type":"sample"}
{"channel":"rr","display":14.071294559099437,"mu":0,"quality":"OK","raw":3210.923249971943,"sigma":1.5,"state":"IDLE","t":"2026-07-09T06:12:13.2389154Z","type":"sample"}
{"channel":"rr","display":14.071294559099437,"mu":0,"quality":"OK","raw":3166.209466182163,"sigma":1.5,"state":"IDLE","t":"2026-07-09T06:12:13.2792118Z","type":"sample"}
{"channel":"rr","display":14.071294559099437,"mu":0,"quality":"OK","raw":3147.387173290243,"sigma":1.5,"state":"IDLE","t":"2026-07-09T06:12:13.3192049Z","type":"sample"}
{"channel":"rr","display":14.071294559099437,"mu":0,"quality":"OK","raw":3101.8397169678224,"sigma":1.5,"state":"IDLE","t":"2026-07-09T06:12:13.3591682Z","type":"sample"}
{"channel":"rr","display":14.071294559099437,"mu":0,"quality":"OK","raw":3093.0235876233364,"sigma":1.5,"state":"IDLE","t":"2026-07-09T06:12:13.3993201Z","type":"sample"}
{"channel":"rr","display":14.071294559099437,"mu":0,"quality":"OK","raw":3037.8607165868484,"sigma":1.5,"state":"IDLE","t":"2026-07-09T06:12:13.4391238Z","type":"sample"}
{"channel":"rr","display":14.071294559099437,"mu":0,"quality":"OK","raw":2985.0290834428706,"sigma":1.5,"state":"IDLE","t":"2026-07-09T06:12:13.4788338Z","type":"sample"}
{"channel":"rr","display":14.071294559099437,"mu":0,"quality":"OK","raw":2950.5697266172533,"sigma":1.5,"state":"IDLE","t":"2026-07-09T06:12:13.5187411Z","type":"sample"}
{"channel":"rr","display":14.071294559099437,"mu":0,"quality":"OK","raw":2903.79895982351,"sigma":1.5,"state":"IDLE","t":"2026-07-09T06:12:13.5592708Z","type":"sample"}
{"channel":"rr","display":14.071294559099437,"mu":0,"quality":"OK","raw":2877.9660229053065,"sigma":1.5,"state":"IDLE","t":"2026-07-09T06:12:13.5990981Z","type":"sample"}
{"channel":"rr","display":14.071294559099437,"mu":0,"quality":"OK","raw":2806.321076403858,"sigma":1.5,"state":"IDLE","t":"2026-07-09T06:12:13.6388715Z","type":"sample"}
{"channel":"rr","display":14.071294559099437,"mu":0,"quality":"OK","raw":2736.8796627264624,"sigma":1.5,"state":"IDLE","t":"2026-07-09T06:12:13.6791101Z","type":"sample"}
{"channel":"rr","display":14.071294559099437,"mu":0,"quality":"OK","raw":2678.5617576636964,"sigma":1.5,"state":"IDLE","t":"2026-07-09T06:12:13.7191594Z","type":"sample"}
{"address":"/cue/p/start","args":null,"channel":"system","dir":"out","t":"2026-07-09T06:12:13.7398777Z","type":"osc"}
{"channel":"rr","display":14.071294559099437,"mu":0,"quality":"OK","raw":2614.3817479566965,"sigma":1.5,"state":"IDLE","t":"2026-07-09T06:12:13.7590904Z","type":"sample"}
{"channel":"rr","display":14.071294559099437,"mu":0,"quality":"OK","raw":2576.152491044511,"sigma":1.5,"state":"IDLE","t":"2026-07-09T06:12:13.7989111Z","type":"sample"}
{"channel":"rr","display":14.071294559099437,"mu":0,"quality":"OK","raw":2480.3653742578927,"sigma":1.5,"state":"IDLE","t":"2026-07-09T06:12:13.8390538Z","type":"sample"}
{"channel":"rr","display":14.071294559099437,"mu":0,"quality":"OK","raw":2403.0459774612796,"sigma":1.5,"state":"IDLE","t":"2026-07-09T06:12:13.878981Z","type":"sample"}
{"channel":"rr","display":14.071294559099437,"mu":0,"quality":"OK","raw":2357.8785379402198,"sigma":1.5,"state":"IDLE","t":"2026-07-09T06:12:13.9189892Z","type":"sample"}
{"channel":"rr","display":14.071294559099437,"mu":0,"quality":"OK","raw":2283.5931575584955,"sigma":1.5,"state":"IDLE","t":"2026-07-09T06:12:13.9590205Z","type":"sample"}
{"channel":"rr","display":14.071294559099437,"mu":0,"quality":"OK","raw":2211.1816042866258,"sigma":1.5,"state":"IDLE","t":"2026-07-09T06:12:13.9991916Z","type":"sample"}
{"channel":"rr","display":14.071294559099437,"mu":0,"quality":"OK","raw":2147.6585662452517,"sigma":1.5,"state":"IDLE","t":"2026-07-09T06:12:14.0390154Z","type":"sample"}
{"channel":"rr","display":14.071294559099437,"mu":0,"quality":"OK","raw":2082.2431932875256,"sigma":1.5,"state":"IDLE","t":"2026-07-09T06:12:14.0791131Z","type":"sample"}
{"address":"/cue/r19/start","args":null,"channel":"system","dir":"out","t":"2026-07-09T06:12:14.0994932Z","type":"osc"}
{"channel":"rr","display":14.071294559099437,"mu":0,"quality":"OK","raw":2026.877548357477,"sigma":1.5,"state":"IDLE","t":"2026-07-09T06:12:14.1188679Z","type":"sample"}
{"channel":"rr","display":14.071294559099437,"mu":0,"quality":"OK","raw":1952.590021090083,"sigma":1.5,"state":"IDLE","t":"2026-07-09T06:12:14.1590188Z","type":"sample"}
{"channel":"rr","display":14.071294559099437,"mu":0,"quality":"OK","raw":1878.7106586200007,"sigma":1.5,"state":"IDLE","t":"2026-07-09T06:12:14.1988098Z","type":"sample"}
{"channel":"rr","display":14.071294559099437,"mu":0,"quality":"OK","raw":1777.0219100294146,"sigma":1.5,"state":"IDLE","t":"2026-07-09T06:12:14.238939Z","type":"sample"}
{"channel":"rr","display":14.071294559099437,"mu":0,"quality":"OK","raw":1733.5366530713975,"sigma":1.5,"state":"IDLE","t":"2026-07-09T06:12:14.2788494Z","type":"sample"}
{"channel":"rr","display":14.071294559099437,"mu":0,"quality":"OK","raw":1665.0233518639507,"sigma":1.5,"state":"IDLE","t":"2026-07-09T06:12:14.3190309Z","type":"sample"}
{"channel":"rr","display":14.071294559099437,"mu":0,"quality":"OK","raw":1614.7280462035246,"sigma":1.5,"state":"IDLE","t":"2026-07-09T06:12:14.3591913Z","type":"sample"}
{"channel":"rr","display":14.071294559099437,"mu":0,"quality":"OK","raw":1563.8886067546932,"sigma":1.5,"state":"IDLE","t":"2026-07-09T06:12:14.3990241Z","type":"sample"}
{"channel":"rr","display":14.071294559099437,"mu":0,"quality":"OK","raw":1445.5480922156044,"sigma":1.5,"state":"IDLE","t":"2026-07-09T06:12:14.4389587Z","type":"sample"}
{"channel":"rr","display":14.071294559099437,"mu":0,"quality":"OK","raw":1416.9139510921284,"sigma":1.5,"state":"IDLE","t":"2026-07-09T06:12:14.4788205Z","type":"sample"}
{"channel":"rr","display":14.071294559099437,"mu":0,"quality":"OK","raw":1357.296163065921,"sigma":1.5,"state":"IDLE","t":"2026-07-09T06:12:14.5189408Z","type":"sample"}
{"channel":"rr","display":14.071294559099437,"mu":0,"quality":"OK","raw":1318.7866826161376,"sigma":1.5,"state":"IDLE","t":"2026-07-09T06:12:14.5591095Z","type":"sample"}
{"channel":"rr","display":14.071294559099437,"mu":0,"quality":"OK","raw":1247.415347249568,"sigma":1.5,"state":"IDLE","t":"2026-07-09T06:12:14.5989614Z","type":"sample"}
{"channel":"rr","display":14.071294559099437,"mu":0,"quality":"OK","raw":1180.6922839776892,"sigma":1.5,"state":"IDLE","t":"2026-07-09T06:12:14.6392428Z","type":"sample"}
{"channel":"rr","display":14.071294559099437,"mu":0,"quality":"OK","raw":1137.099698395466,"sigma":1.5,"state":"IDLE","t":"2026-07-09T06:12:14.6790858Z","type":"sample"}
{"channel":"rr","display":14.071294559099437,"mu":0,"quality":"OK","raw":1077.835746782277,"sigma":1.5,"state":"IDLE","t":"2026-07-09T06:12:14.7192549Z","type":"sample"}
{"address":"/cue/p/start","args":null,"channel":"system","dir":"out","t":"2026-07-09T06:12:14.7399859Z","type":"osc"}
{"channel":"rr","display":14.071294559099437,"mu":0,"quality":"OK","raw":1054.0072476147889,"sigma":1.5,"state":"IDLE","t":"2026-07-09T06:12:14.758921Z","type":"sample"}
{"channel":"rr","display":14.071294559099437,"mu":0,"quality":"OK","raw":1022.6004936666026,"sigma":1.5,"state":"IDLE","t":"2026-07-09T06:12:14.7990668Z","type":"sample"}
{"channel":"rr","display":14.071294559099437,"mu":0,"quality":"OK","raw":980.3325792195342,"sigma":1.5,"state":"IDLE","t":"2026-07-09T06:12:14.8393555Z","type":"sample"}
{"channel":"rr","display":14.071294559099437,"mu":0,"quality":"OK","raw":985.6599371103866,"sigma":1.5,"state":"IDLE","t":"2026-07-09T06:12:14.8790644Z","type":"sample"}
{"channel":"rr","display":14.071294559099437,"mu":0,"quality":"OK","raw":913.3661160253953,"sigma":1.5,"state":"IDLE","t":"2026-07-09T06:12:14.9194287Z","type":"sample"}
{"channel":"rr","display":14.071294559099437,"mu":0,"quality":"OK","raw":894.333072060101,"sigma":1.5,"state":"IDLE","t":"2026-07-09T06:12:14.958916Z","type":"sample"}
{"channel":"rr","display":14.071294559099437,"mu":0,"quality":"OK","raw":909.1433620742262,"sigma":1.5,"state":"IDLE","t":"2026-07-09T06:12:14.9990703Z","type":"sample"}
{"channel":"rr","display":14.071294559099437,"mu":0,"quality":"OK","raw":887.6647701754531,"sigma":1.5,"state":"IDLE","t":"2026-07-09T06:12:15.0389426Z","type":"sample"}
{"channel":"rr","display":14.071294559099437,"mu":0,"quality":"OK","raw":864.8485914634947,"sigma":1.5,"state":"IDLE","t":"2026-07-09T06:12:15.0790675Z","type":"sample"}
{"address":"/cue/r19/start","args":null,"channel":"system","dir":"out","t":"2026-07-09T06:12:15.1060131Z","type":"osc"}
{"channel":"rr","display":14.071294559099437,"mu":0,"quality":"OK","raw":834.0427999511725,"sigma":1.5,"state":"IDLE","t":"2026-07-09T06:12:15.1188115Z","type":"sample"}
{"channel":"rr","display":14.071294559099437,"mu":0,"quality":"OK","raw":874.4100085516109,"sigma":1.5,"state":"IDLE","t":"2026-07-09T06:12:15.1588447Z","type":"sample"}
{"channel":"rr","display":14.071294559099437,"mu":0,"quality":"OK","raw":848.5835542144392,"sigma":1.5,"state":"IDLE","t":"2026-07-09T06:12:15.1987764Z","type":"sample"}
{"channel":"rr","display":14.071294559099437,"mu":0,"quality":"OK","raw":854.5665051108956,"sigma":1.5,"state":"IDLE","t":"2026-07-09T06:12:15.2388649Z","type":"sample"}
{"channel":"rr","display":14.071294559099437,"mu":0,"quality":"OK","raw":860.2215617934164,"sigma":1.5,"state":"IDLE","t":"2026-07-09T06:12:15.2790635Z","type":"sample"}
{"channel":"rr","display":14.071294559099437,"mu":0,"quality":"OK","raw":861.9613942015043,"sigma":1.5,"state":"IDLE","t":"2026-07-09T06:12:15.3191055Z","type":"sample"}
{"channel":"rr","display":14.071294559099437,"mu":0,"quality":"OK","raw":879.4902726418262,"sigma":1.5,"state":"IDLE","t":"2026-07-09T06:12:15.3592416Z","type":"sample"}
{"channel":"rr","display":14.071294559099437,"mu":0,"quality":"OK","raw":914.8442860166108,"sigma":1.5,"state":"IDLE","t":"2026-07-09T06:12:15.3988597Z","type":"sample"}
{"channel":"rr","display":14.071294559099437,"mu":0,"quality":"OK","raw":926.9591601966621,"sigma":1.5,"state":"IDLE","t":"2026-07-09T06:12:15.4392196Z","type":"sample"}
{"channel":"rr","display":14.071294559099437,"mu":0,"quality":"OK","raw":967.7066296426525,"sigma":1.5,"state":"IDLE","t":"2026-07-09T06:12:15.479002Z","type":"sample"}
{"channel":"rr","display":14.071294559099437,"mu":0,"quality":"OK","raw":984.7771278405593,"sigma":1.5,"state":"IDLE","t":"2026-07-09T06:12:15.5189068Z","type":"sample"}
{"channel":"rr","display":14.071294559099437,"mu":0,"quality":"OK","raw":1061.283334895876,"sigma":1.5,"state":"IDLE","t":"2026-07-09T06:12:15.559067Z","type":"sample"}
{"channel":"rr","display":14.071294559099437,"mu":0,"quality":"OK","raw":1074.1188071375536,"sigma":1.5,"state":"IDLE","t":"2026-07-09T06:12:15.5987858Z","type":"sample"}
{"channel":"rr","display":14.071294559099437,"mu":0,"quality":"OK","raw":1117.1279923885604,"sigma":1.5,"state":"IDLE","t":"2026-07-09T06:12:15.6387669Z","type":"sample"}
{"channel":"rr","display":14.071294559099437,"mu":0,"quality":"OK","raw":1186.2885646340433,"sigma":1.5,"state":"IDLE","t":"2026-07-09T06:12:15.6789373Z","type":"sample"}
{"channel":"rr","display":14.071294559099437,"mu":0,"quality":"OK","raw":1241.2910256200576,"sigma":1.5,"state":"IDLE","t":"2026-07-09T06:12:15.7188839Z","type":"sample"}
{"address":"/cue/p/start","args":null,"channel":"system","dir":"out","t":"2026-07-09T06:12:15.7399259Z","type":"osc"}
{"channel":"rr","display":14.071294559099437,"mu":0,"quality":"OK","raw":1269.0880451174473,"sigma":1.5,"state":"IDLE","t":"2026-07-09T06:12:15.7595831Z","type":"sample"}
{"channel":"rr","display":14.071294559099437,"mu":0,"quality":"OK","raw":1309.3556613634366,"sigma":1.5,"state":"IDLE","t":"2026-07-09T06:12:15.7990722Z","type":"sample"}
{"channel":"rr","display":14.071294559099437,"mu":0,"quality":"OK","raw":1407.9558477988257,"sigma":1.5,"state":"IDLE","t":"2026-07-09T06:12:15.8392275Z","type":"sample"}
{"channel":"rr","display":14.071294559099437,"mu":0,"quality":"OK","raw":1443.3359371673228,"sigma":1.5,"state":"IDLE","t":"2026-07-09T06:12:15.8791349Z","type":"sample"}
{"channel":"rr","display":14.071294559099437,"mu":0,"quality":"OK","raw":1519.9239886400435,"sigma":1.5,"state":"IDLE","t":"2026-07-09T06:12:15.9191766Z","type":"sample"}
{"channel":"rr","display":14.071294559099437,"mu":0,"quality":"OK","raw":1559.8248715772545,"sigma":1.5,"state":"IDLE","t":"2026-07-09T06:12:15.9590915Z","type":"sample"}
{"channel":"rr","display":14.071294559099437,"mu":0,"quality":"OK","raw":1623.152245042986,"sigma":1.5,"state":"IDLE","t":"2026-07-09T06:12:15.9990445Z","type":"sample"}
{"channel":"rr","display":14.071294559099437,"mu":0,"quality":"OK","raw":1696.1132745333516,"sigma":1.5,"state":"IDLE","t":"2026-07-09T06:12:16.0387948Z","type":"sample"}
{"channel":"rr","display":14.071294559099437,"mu":0,"quality":"OK","raw":1767.5401543893342,"sigma":1.5,"state":"IDLE","t":"2026-07-09T06:12:16.0790585Z","type":"sample"}
{"address":"/cue/r19/start","args":null,"channel":"system","dir":"out","t":"2026-07-09T06:12:16.1164003Z","type":"osc"}
{"channel":"rr","display":14.071294559099437,"mu":0,"quality":"OK","raw":1851.3512383583247,"sigma":1.5,"state":"IDLE","t":"2026-07-09T06:12:16.1193336Z","type":"sample"}
{"channel":"rr","display":14.071294559099437,"mu":0,"quality":"OK","raw":1883.2518459270293,"sigma":1.5,"state":"IDLE","t":"2026-07-09T06:12:16.1589372Z","type":"sample"}
{"channel":"rr","display":14.018691588785046,"mu":0,"quality":"OK","raw":1977.5559318132496,"sigma":1.5,"state":"IDLE","t":"2026-07-09T06:12:16.1988927Z","type":"sample"}
{"channel":"rr","display":14.018691588785046,"mu":0,"quality":"OK","raw":2025.0003139297114,"sigma":1.5,"state":"IDLE","t":"2026-07-09T06:12:16.2389757Z","type":"sample"}
{"channel":"rr","display":14.018691588785046,"mu":0,"quality":"OK","raw":2125.207601601736,"sigma":1.5,"state":"IDLE","t":"2026-07-09T06:12:16.2790982Z","type":"sample"}
{"channel":"rr","display":14.018691588785046,"mu":0,"quality":"OK","raw":2205.5306250388194,"sigma":1.5,"state":"IDLE","t":"2026-07-09T06:12:16.3189661Z","type":"sample"}
{"channel":"rr","display":14.018691588785046,"mu":0,"quality":"OK","raw":2279.6249176448096,"sigma":1.5,"state":"IDLE","t":"2026-07-09T06:12:16.3588409Z","type":"sample"}
{"channel":"rr","display":14.018691588785046,"mu":0,"quality":"OK","raw":2306.3907562618524,"sigma":1.5,"state":"IDLE","t":"2026-07-09T06:12:16.3989789Z","type":"sample"}
{"channel":"rr","display":14.018691588785046,"mu":0,"quality":"OK","raw":2381.303538665814,"sigma":1.5,"state":"IDLE","t":"2026-07-09T06:12:16.4390895Z","type":"sample"}
{"channel":"rr","display":14.018691588785046,"mu":0,"quality":"OK","raw":2452.6912489588863,"sigma":1.5,"state":"IDLE","t":"2026-07-09T06:12:16.4789608Z","type":"sample"}
{"channel":"rr","display":14.018691588785046,"mu":0,"quality":"OK","raw":2536.007415064344,"sigma":1.5,"state":"IDLE","t":"2026-07-09T06:12:16.5189855Z","type":"sample"}
{"channel":"rr","display":14.018691588785046,"mu":0,"quality":"OK","raw":2585.649206197108,"sigma":1.5,"state":"IDLE","t":"2026-07-09T06:12:16.5590535Z","type":"sample"}
{"channel":"rr","display":14.018691588785046,"mu":0,"quality":"OK","raw":2646.3836474684713,"sigma":1.5,"state":"IDLE","t":"2026-07-09T06:12:16.5990624Z","type":"sample"}
{"channel":"rr","display":14.018691588785046,"mu":0,"quality":"OK","raw":2710.569687311005,"sigma":1.5,"state":"IDLE","t":"2026-07-09T06:12:16.6393121Z","type":"sample"}
{"channel":"rr","display":14.018691588785046,"mu":0,"quality":"OK","raw":2768.1395621704924,"sigma":1.5,"state":"IDLE","t":"2026-07-09T06:12:16.678949Z","type":"sample"}
{"channel":"rr","display":14.018691588785046,"mu":0,"quality":"OK","raw":2840.7384725195575,"sigma":1.5,"state":"IDLE","t":"2026-07-09T06:12:16.7191872Z","type":"sample"}
{"address":"/cue/p/start","args":null,"channel":"system","dir":"out","t":"2026-07-09T06:12:16.7394094Z","type":"osc"}
{"channel":"rr","display":14.018691588785046,"mu":0,"quality":"OK","raw":2863.655598648646,"sigma":1.5,"state":"IDLE","t":"2026-07-09T06:12:16.7589045Z","type":"sample"}
{"channel":"rr","display":14.018691588785046,"mu":0,"quality":"OK","raw":2894.655395969554,"sigma":1.5,"state":"IDLE","t":"2026-07-09T06:12:16.7989147Z","type":"sample"}
{"channel":"rr","display":14.018691588785046,"mu":0,"quality":"OK","raw":2978.612756077364,"sigma":1.5,"state":"IDLE","t":"2026-07-09T06:12:16.8389211Z","type":"sample"}
{"channel":"rr","display":14.018691588785046,"mu":0,"quality":"OK","raw":3010.9088026073014,"sigma":1.5,"state":"IDLE","t":"2026-07-09T06:12:16.8791511Z","type":"sample"}
{"channel":"rr","display":14.018691588785046,"mu":0,"quality":"OK","raw":3077.7418155677183,"sigma":1.5,"state":"IDLE","t":"2026-07-09T06:12:16.919251Z","type":"sample"}
{"channel":"rr","display":14.018691588785046,"mu":0,"quality":"OK","raw":3061.7234004070624,"sigma":1.5,"state":"IDLE","t":"2026-07-09T06:12:16.9589741Z","type":"sample"}
{"channel":"rr","display":14.018691588785046,"mu":0,"quality":"OK","raw":3127.194616840574,"sigma":1.5,"state":"IDLE","t":"2026-07-09T06:12:16.9987673Z","type":"sample"}
{"channel":"rr","display":14.018691588785046,"mu":0,"quality":"OK","raw":3149.53778634341,"sigma":1.5,"state":"IDLE","t":"2026-07-09T06:12:17.0389535Z","type":"sample"}
{"channel":"rr","display":14.018691588785046,"mu":0,"quality":"OK","raw":3173.4445508268886,"sigma":1.5,"state":"IDLE","t":"2026-07-09T06:12:17.0789067Z","type":"sample"}
{"channel":"rr","display":14.018691588785046,"mu":0,"quality":"OK","raw":3205.250438884446,"sigma":1.5,"state":"IDLE","t":"2026-07-09T06:12:17.1190406Z","type":"sample"}
{"address":"/cue/r19/start","args":null,"channel":"system","dir":"out","t":"2026-07-09T06:12:17.1203665Z","type":"osc"}
{"channel":"rr","display":14.018691588785046,"mu":0,"quality":"OK","raw":3212.1696557222795,"sigma":1.5,"state":"IDLE","t":"2026-07-09T06:12:17.1590205Z","type":"sample"}
{"channel":"rr","display":14.018691588785046,"mu":0,"quality":"OK","raw":3231.4369248505413,"sigma":1.5,"state":"IDLE","t":"2026-07-09T06:12:17.1990938Z","type":"sample"}
{"channel":"rr","display":14.018691588785046,"mu":0,"quality":"OK","raw":3268.797534881882,"sigma":1.5,"state":"IDLE","t":"2026-07-09T06:12:17.2387828Z","type":"sample"}
{"channel":"rr","display":14.018691588785046,"mu":0,"quality":"OK","raw":3267.7109393438895,"sigma":1.5,"state":"IDLE","t":"2026-07-09T06:12:17.2789629Z","type":"sample"}
{"channel":"rr","display":14.018691588785046,"mu":0,"quality":"OK","raw":3265.06874756982,"sigma":1.5,"state":"IDLE","t":"2026-07-09T06:12:17.3191508Z","type":"sample"}
{"channel":"rr","display":14.018691588785046,"mu":0,"quality":"OK","raw":3254.6651771630954,"sigma":1.5,"state":"IDLE","t":"2026-07-09T06:12:17.3592091Z","type":"sample"}
{"channel":"rr","display":14.018691588785046,"mu":0,"quality":"OK","raw":3234.4579008856344,"sigma":1.5,"state":"IDLE","t":"2026-07-09T06:12:17.3988751Z","type":"sample"}
{"channel":"rr","display":14.018691588785046,"mu":0,"quality":"OK","raw":3233.7329729461476,"sigma":1.5,"state":"IDLE","t":"2026-07-09T06:12:17.4391665Z","type":"sample"}
{"channel":"rr","display":14.018691588785046,"mu":0,"quality":"OK","raw":3214.429851650648,"sigma":1.5,"state":"IDLE","t":"2026-07-09T06:12:17.478969Z","type":"sample"}
{"channel":"rr","display":14.018691588785046,"mu":0,"quality":"OK","raw":3174.031697800404,"sigma":1.5,"state":"IDLE","t":"2026-07-09T06:12:17.519007Z","type":"sample"}
{"channel":"rr","display":14.018691588785046,"mu":0,"quality":"OK","raw":3159.9390359293247,"sigma":1.5,"state":"IDLE","t":"2026-07-09T06:12:17.5588413Z","type":"sample"}
{"channel":"rr","display":14.018691588785046,"mu":0,"quality":"OK","raw":3154.0128969353864,"sigma":1.5,"state":"IDLE","t":"2026-07-09T06:12:17.5987921Z","type":"sample"}
{"channel":"rr","display":14.018691588785046,"mu":0,"quality":"OK","raw":3097.7341082757866,"sigma":1.5,"state":"IDLE","t":"2026-07-09T06:12:17.6388994Z","type":"sample"}
{"channel":"rr","display":14.018691588785046,"mu":0,"quality":"OK","raw":3072.3391117704114,"sigma":1.5,"state":"IDLE","t":"2026-07-09T06:12:17.6792536Z","type":"sample"}
{"channel":"rr","display":14.018691588785046,"mu":0,"quality":"OK","raw":3041.4282408504055,"sigma":1.5,"state":"IDLE","t":"2026-07-09T06:12:17.7191578Z","type":"sample"}
{"address":"/cue/p/start","args":null,"channel":"system","dir":"out","t":"2026-07-09T06:12:17.7394419Z","type":"osc"}
{"channel":"rr","display":14.018691588785046,"mu":0,"quality":"OK","raw":2975.804712201526,"sigma":1.5,"state":"IDLE","t":"2026-07-09T06:12:17.7588583Z","type":"sample"}
{"channel":"rr","display":14.018691588785046,"mu":0,"quality":"OK","raw":2969.6927840426133,"sigma":1.5,"state":"IDLE","t":"2026-07-09T06:12:17.7990694Z","type":"sample"}
{"channel":"rr","display":14.018691588785046,"mu":0,"quality":"OK","raw":2899.3097332128486,"sigma":1.5,"state":"IDLE","t":"2026-07-09T06:12:17.8391569Z","type":"sample"}
{"channel":"rr","display":14.018691588785046,"mu":0,"quality":"OK","raw":2837.839806132278,"sigma":1.5,"state":"IDLE","t":"2026-07-09T06:12:17.878981Z","type":"sample"}
{"channel":"rr","display":14.018691588785046,"mu":0,"quality":"OK","raw":2809.708459364599,"sigma":1.5,"state":"IDLE","t":"2026-07-09T06:12:17.9189742Z","type":"sample"}
{"channel":"rr","display":14.018691588785046,"mu":0,"quality":"OK","raw":2738.1033002708873,"sigma":1.5,"state":"IDLE","t":"2026-07-09T06:12:17.9589852Z","type":"sample"}
{"channel":"rr","display":14.018691588785046,"mu":0,"quality":"OK","raw":2688.153791788293,"sigma":1.5,"state":"IDLE","t":"2026-07-09T06:12:17.9989939Z","type":"sample"}
{"channel":"rr","display":14.018691588785046,"mu":0,"quality":"OK","raw":2607.374528997704,"sigma":1.5,"state":"IDLE","t":"2026-07-09T06:12:18.0388745Z","type":"sample"}
{"channel":"rr","display":14.018691588785046,"mu":0,"quality":"OK","raw":2542.8735571600955,"sigma":1.5,"state":"IDLE","t":"2026-07-09T06:12:18.0788391Z","type":"sample"}
{"channel":"rr","display":14.018691588785046,"mu":0,"quality":"OK","raw":2486.111194539595,"sigma":1.5,"state":"IDLE","t":"2026-07-09T06:12:18.119114Z","type":"sample"}
{"address":"/cue/r19/start","args":null,"channel":"system","dir":"out","t":"2026-07-09T06:12:18.131682Z","type":"osc"}
{"channel":"rr","display":14.018691588785046,"mu":0,"quality":"OK","raw":2426.43963021891,"sigma":1.5,"state":"IDLE","t":"2026-07-09T06:12:18.1590527Z","type":"sample"}
{"channel":"rr","display":14.018691588785046,"mu":0,"quality":"OK","raw":2354.4079429166263,"sigma":1.5,"state":"IDLE","t":"2026-07-09T06:12:18.1989334Z","type":"sample"}
{"channel":"rr","display":14.018691588785046,"mu":0,"quality":"OK","raw":2282.874103048518,"sigma":1.5,"state":"IDLE","t":"2026-07-09T06:12:18.2391685Z","type":"sample"}
{"channel":"rr","display":14.018691588785046,"mu":0,"quality":"OK","raw":2237.4452180074904,"sigma":1.5,"state":"IDLE","t":"2026-07-09T06:12:18.2791758Z","type":"sample"}
{"channel":"rr","display":14.018691588785046,"mu":0,"quality":"OK","raw":2162.7191755107815,"sigma":1.5,"state":"IDLE","t":"2026-07-09T06:12:18.3191286Z","type":"sample"}
{"channel":"rr","display":14.018691588785046,"mu":0,"quality":"OK","raw":2089.9657899551667,"sigma":1.5,"state":"IDLE","t":"2026-07-09T06:12:18.3590131Z","type":"sample"}
{"channel":"rr","display":14.018691588785046,"mu":0,"quality":"OK","raw":2024.540824092227,"sigma":1.5,"state":"IDLE","t":"2026-07-09T06:12:18.3990061Z","type":"sample"}
{"channel":"rr","display":14.018691588785046,"mu":0,"quality":"OK","raw":1925.6930812250062,"sigma":1.5,"state":"IDLE","t":"2026-07-09T06:12:18.4388183Z","type":"sample"}
{"channel":"rr","display":14.018691588785046,"mu":0,"quality":"OK","raw":1880.1472910638317,"sigma":1.5,"state":"IDLE","t":"2026-07-09T06:12:18.479157Z","type":"sample"}
{"channel":"rr","display":14.018691588785046,"mu":0,"quality":"OK","raw":1785.204339884926,"sigma":1.5,"state":"IDLE","t":"2026-07-09T06:12:18.5190222Z","type":"sample"}
{"channel":"rr","display":14.018691588785046,"mu":0,"quality":"OK","raw":1727.1778263039519,"sigma":1.5,"state":"IDLE","t":"2026-07-09T06:12:18.5588677Z","type":"sample"}
{"channel":"rr","display":14.018691588785046,"mu":0,"quality":"OK","raw":1663.294286662434,"sigma":1.5,"state":"IDLE","t":"2026-07-09T06:12:18.5990162Z","type":"sample"}
{"channel":"rr","display":14.018691588785046,"mu":0,"quality":"OK","raw":1611.1440198893006,"sigma":1.5,"state":"IDLE","t":"2026-07-09T06:12:18.6393686Z","type":"sample"}
{"channel":"rr","display":14.018691588785046,"mu":0,"quality":"OK","raw":1542.2415889427398,"sigma":1.5,"state":"IDLE","t":"2026-07-09T06:12:18.6790007Z","type":"sample"}
{"channel":"rr","display":14.018691588785046,"mu":0,"quality":"OK","raw":1482.7832857517863,"sigma":1.5,"state":"IDLE","t":"2026-07-09T06:12:18.7192415Z","type":"sample"}
{"address":"/cue/p/start","args":null,"channel":"system","dir":"out","t":"2026-07-09T06:12:18.739437Z","type":"osc"}
{"channel":"rr","display":14.018691588785046,"mu":0,"quality":"OK","raw":1400.5856540449236,"sigma":1.5,"state":"IDLE","t":"2026-07-09T06:12:18.7590829Z","type":"sample"}
{"channel":"rr","display":14.018691588785046,"mu":0,"quality":"OK","raw":1345.4574760613984,"sigma":1.5,"state":"IDLE","t":"2026-07-09T06:12:18.7990996Z","type":"sample"}
{"channel":"rr","display":14.018691588785046,"mu":0,"quality":"OK","raw":1295.8935791393997,"sigma":1.5,"state":"IDLE","t":"2026-07-09T06:12:18.8389257Z","type":"sample"}
{"channel":"rr","display":14.018691588785046,"mu":0,"quality":"OK","raw":1213.5674987831667,"sigma":1.5,"state":"IDLE","t":"2026-07-09T06:12:18.8791505Z","type":"sample"}
{"channel":"rr","display":14.018691588785046,"mu":0,"quality":"OK","raw":1175.5729009012066,"sigma":1.5,"state":"IDLE","t":"2026-07-09T06:12:18.9193809Z","type":"sample"}
{"channel":"rr","display":14.018691588785046,"mu":0,"quality":"OK","raw":1147.420986677414,"sigma":1.5,"state":"IDLE","t":"2026-07-09T06:12:18.9591155Z","type":"sample"}
{"channel":"rr","display":14.018691588785046,"mu":0,"quality":"OK","raw":1117.4894279102305,"sigma":1.5,"state":"IDLE","t":"2026-07-09T06:12:18.9987954Z","type":"sample"}
{"channel":"rr","display":14.018691588785046,"mu":0,"quality":"OK","raw":1039.4552430028134,"sigma":1.5,"state":"IDLE","t":"2026-07-09T06:12:19.039002Z","type":"sample"}
{"channel":"rr","display":14.018691588785046,"mu":0,"quality":"OK","raw":1020.3562314066866,"sigma":1.5,"state":"IDLE","t":"2026-07-09T06:12:19.0791244Z","type":"sample"}
{"channel":"rr","display":14.018691588785046,"mu":0,"quality":"OK","raw":1011.7245280312194,"sigma":1.5,"state":"IDLE","t":"2026-07-09T06:12:19.1188942Z","type":"sample"}
{"address":"/cue/r19/start","args":null,"channel":"system","dir":"out","t":"2026-07-09T06:12:19.136908Z","type":"osc"}
{"channel":"rr","display":14.018691588785046,"mu":0,"quality":"OK","raw":937.2962107353578,"sigma":1.5,"state":"IDLE","t":"2026-07-09T06:12:19.1592278Z","type":"sample"}
{"channel":"rr","display":14.018691588785046,"mu":0,"quality":"OK","raw":919.9148341352521,"sigma":1.5,"state":"IDLE","t":"2026-07-09T06:12:19.1988646Z","type":"sample"}
{"channel":"rr","display":14.018691588785046,"mu":0,"quality":"OK","raw":877.429890597147,"sigma":1.5,"state":"IDLE","t":"2026-07-09T06:12:19.2391137Z","type":"sample"}
{"channel":"rr","display":14.018691588785046,"mu":0,"quality":"OK","raw":899.6562783402331,"sigma":1.5,"state":"IDLE","t":"2026-07-09T06:12:19.2788265Z","type":"sample"}
{"channel":"rr","display":14.018691588785046,"mu":0,"quality":"OK","raw":846.8616844358545,"sigma":1.5,"state":"IDLE","t":"2026-07-09T06:12:19.3192533Z","type":"sample"}
{"channel":"rr","display":14.018691588785046,"mu":0,"quality":"OK","raw":867.4386738407293,"sigma":1.5,"state":"IDLE","t":"2026-07-09T06:12:19.3592074Z","type":"sample"}
{"channel":"rr","display":14.018691588785046,"mu":0,"quality":"OK","raw":845.6465235484349,"sigma":1.5,"state":"IDLE","t":"2026-07-09T06:12:19.3990213Z","type":"sample"}
{"channel":"rr","display":14.018691588785046,"mu":0,"quality":"OK","raw":841.4623999245828,"sigma":1.5,"state":"IDLE","t":"2026-07-09T06:12:19.4391656Z","type":"sample"}
{"channel":"rr","display":14.018691588785046,"mu":0,"quality":"OK","raw":862.5559641232308,"sigma":1.5,"state":"IDLE","t":"2026-07-09T06:12:19.4788413Z","type":"sample"}
{"channel":"rr","display":14.018691588785046,"mu":0,"quality":"OK","raw":866.4547066457376,"sigma":1.5,"state":"IDLE","t":"2026-07-09T06:12:19.5188324Z","type":"sample"}
{"channel":"rr","display":14.018691588785046,"mu":0,"quality":"OK","raw":860.7091040202777,"sigma":1.5,"state":"IDLE","t":"2026-07-09T06:12:19.5590397Z","type":"sample"}
{"channel":"rr","display":14.018691588785046,"mu":0,"quality":"OK","raw":880.5716322820159,"sigma":1.5,"state":"IDLE","t":"2026-07-09T06:12:19.5992509Z","type":"sample"}
{"channel":"rr","display":14.018691588785046,"mu":0,"quality":"OK","raw":899.4810388219745,"sigma":1.5,"state":"IDLE","t":"2026-07-09T06:12:19.6391896Z","type":"sample"}
{"channel":"rr","display":14.018691588785046,"mu":0,"quality":"OK","raw":914.0539983865274,"sigma":1.5,"state":"IDLE","t":"2026-07-09T06:12:19.6792112Z","type":"sample"}
{"channel":"rr","display":14.018691588785046,"mu":0,"quality":"OK","raw":936.3959441026976,"sigma":1.5,"state":"IDLE","t":"2026-07-09T06:12:19.7191267Z","type":"sample"}
{"address":"/cue/p/start","args":null,"channel":"system","dir":"out","t":"2026-07-09T06:12:19.7409612Z","type":"osc"}
{"channel":"rr","display":14.018691588785046,"mu":0,"quality":"OK","raw":969.0333623568441,"sigma":1.5,"state":"IDLE","t":"2026-07-09T06:12:19.7590663Z","type":"sample"}
{"channel":"rr","display":14.018691588785046,"mu":0,"quality":"OK","raw":981.844621287539,"sigma":1.5,"state":"IDLE","t":"2026-07-09T06:12:19.7991116Z","type":"sample"}
{"channel":"rr","display":14.018691588785046,"mu":0,"quality":"OK","raw":1043.2100109725372,"sigma":1.5,"state":"IDLE","t":"2026-07-09T06:12:19.8389075Z","type":"sample"}
{"channel":"rr","display":14.018691588785046,"mu":0,"quality":"OK","raw":1066.430774771937,"sigma":1.5,"state":"IDLE","t":"2026-07-09T06:12:19.8789858Z","type":"sample"}
{"channel":"rr","display":14.018691588785046,"mu":0,"quality":"OK","raw":1115.0502549787007,"sigma":1.5,"state":"IDLE","t":"2026-07-09T06:12:19.9188812Z","type":"sample"}
{"channel":"rr","display":14.018691588785046,"mu":0,"quality":"OK","raw":1172.8073787368037,"sigma":1.5,"state":"IDLE","t":"2026-07-09T06:12:19.9589094Z","type":"sample"}
{"channel":"rr","display":14.018691588785046,"mu":0,"quality":"OK","raw":1212.8595145256525,"sigma":1.5,"state":"IDLE","t":"2026-07-09T06:12:19.9989181Z","type":"sample"}
{"channel":"rr","display":14.018691588785046,"mu":0,"quality":"OK","raw":1280.968618927795,"sigma":1.5,"state":"IDLE","t":"2026-07-09T06:12:20.0392345Z","type":"sample"}
{"channel":"rr","display":14.018691588785046,"mu":0,"quality":"OK","raw":1338.6121556890694,"sigma":1.5,"state":"IDLE","t":"2026-07-09T06:12:20.0789429Z","type":"sample"}
{"channel":"rr","display":14.018691588785046,"mu":0,"quality":"OK","raw":1393.6998081535367,"sigma":1.5,"state":"IDLE","t":"2026-07-09T06:12:20.1191252Z","type":"sample"}
{"address":"/cue/r19/start","args":null,"channel":"system","dir":"out","t":"2026-07-09T06:12:20.1404582Z","type":"osc"}
{"channel":"rr","display":14.018691588785046,"mu":0,"quality":"OK","raw":1446.725709675112,"sigma":1.5,"state":"IDLE","t":"2026-07-09T06:12:20.158911Z","type":"sample"}
{"channel":"rr","display":14.018691588785046,"mu":0,"quality":"OK","raw":1510.808086173084,"sigma":1.5,"state":"IDLE","t":"2026-07-09T06:12:20.1987644Z","type":"sample"}
{"channel":"rr","display":14.018691588785046,"mu":0,"quality":"OK","raw":1578.7668061421216,"sigma":1.5,"state":"IDLE","t":"2026-07-09T06:12:20.2389402Z","type":"sample"}
{"channel":"rr","display":14.018691588785046,"mu":0,"quality":"OK","raw":1619.276387945131,"sigma":1.5,"state":"IDLE","t":"2026-07-09T06:12:20.278966Z","type":"sample"}
{"channel":"rr","display":14.018691588785046,"mu":0,"quality":"OK","raw":1697.9635785062308,"sigma":1.5,"state":"IDLE","t":"2026-07-09T06:12:20.3191372Z","type":"sample"}
{"channel":"rr","display":14.018691588785046,"mu":0,"quality":"OK","raw":1789.390019888631,"sigma":1.5,"state":"IDLE","t":"2026-07-09T06:12:20.3592001Z","type":"sample"}
{"channel":"rr","display":14.018691588785046,"mu":0,"quality":"OK","raw":1877.4838127707571,"sigma":1.5,"state":"IDLE","t":"2026-07-09T06:12:20.3991937Z","type":"sample"}
{"channel":"rr","display":14.018691588785046,"mu":0,"quality":"OK","raw":1901.0185402168272,"sigma":1.5,"state":"IDLE","t":"2026-07-09T06:12:20.4391743Z","type":"sample"}
{"channel":"rr","display":14.018691588785046,"mu":0,"quality":"OK","raw":1949.3324725597745,"sigma":1.5,"state":"IDLE","t":"2026-07-09T06:12:20.4789819Z","type":"sample"}
{"channel":"rr","display":14.018691588785046,"mu":0,"quality":"OK","raw":2027.1781738863524,"sigma":1.5,"state":"IDLE","t":"2026-07-09T06:12:20.5190192Z","type":"sample"}
{"channel":"rr","display":14.018691588785046,"mu":0,"quality":"OK","raw":2115.9802846784273,"sigma":1.5,"state":"IDLE","t":"2026-07-09T06:12:20.5590312Z","type":"sample"}
{"channel":"rr","display":14.018691588785046,"mu":0,"quality":"OK","raw":2190.9239933771682,"sigma":1.5,"state":"IDLE","t":"2026-07-09T06:12:20.5991855Z","type":"sample"}
{"channel":"rr","display":14.018691588785046,"mu":0,"quality":"OK","raw":2259.930084216634,"sigma":1.5,"state":"IDLE","t":"2026-07-09T06:12:20.6389934Z","type":"sample"}
{"channel":"rr","display":14.018691588785046,"mu":0,"quality":"OK","raw":2338.3183635072305,"sigma":1.5,"state":"IDLE","t":"2026-07-09T06:12:20.6788651Z","type":"sample"}
{"channel":"rr","display":14.018691588785046,"mu":0,"quality":"OK","raw":2416.4078027520486,"sigma":1.5,"state":"IDLE","t":"2026-07-09T06:12:20.7193718Z","type":"sample"}
{"address":"/cue/p/start","args":null,"channel":"system","dir":"out","t":"2026-07-09T06:12:20.7399401Z","type":"osc"}
{"channel":"rr","display":14.018691588785046,"mu":0,"quality":"OK","raw":2454.027426858752,"sigma":1.5,"state":"IDLE","t":"2026-07-09T06:12:20.7591263Z","type":"sample"}
{"channel":"rr","display":14.018691588785046,"mu":0,"quality":"OK","raw":2534.7507438788243,"sigma":1.5,"state":"IDLE","t":"2026-07-09T06:12:20.7991397Z","type":"sample"}
{"channel":"rr","display":14.018691588785046,"mu":0,"quality":"OK","raw":2594.0080168933473,"sigma":1.5,"state":"IDLE","t":"2026-07-09T06:12:20.8391907Z","type":"sample"}
{"channel":"rr","display":14.018691588785046,"mu":0,"quality":"OK","raw":2661.9819565319713,"sigma":1.5,"state":"IDLE","t":"2026-07-09T06:12:20.8789361Z","type":"sample"}
{"channel":"rr","display":14.018691588785046,"mu":0,"quality":"OK","raw":2737.2418196976796,"sigma":1.5,"state":"IDLE","t":"2026-07-09T06:12:20.9191672Z","type":"sample"}
{"channel":"rr","display":14.018691588785046,"mu":0,"quality":"OK","raw":2766.601292669564,"sigma":1.5,"state":"IDLE","t":"2026-07-09T06:12:20.9591338Z","type":"sample"}
{"channel":"rr","display":14.018691588785046,"mu":0,"quality":"OK","raw":2824.8570253142843,"sigma":1.5,"state":"IDLE","t":"2026-07-09T06:12:20.9992205Z","type":"sample"}
{"channel":"rr","display":14.018691588785046,"mu":0,"quality":"OK","raw":2885.008660302474,"sigma":1.5,"state":"IDLE","t":"2026-07-09T06:12:21.0391921Z","type":"sample"}
{"channel":"rr","display":14.018691588785046,"mu":0,"quality":"OK","raw":2901.5004951559467,"sigma":1.5,"state":"IDLE","t":"2026-07-09T06:12:21.078895Z","type":"sample"}
{"channel":"rr","display":14.018691588785046,"mu":0,"quality":"OK","raw":2986.757512328978,"sigma":1.5,"state":"IDLE","t":"2026-07-09T06:12:21.1190658Z","type":"sample"}
{"address":"/cue/r19/start","args":null,"channel":"system","dir":"out","t":"2026-07-09T06:12:21.1522854Z","type":"osc"}
{"channel":"rr","display":14.018691588785046,"mu":0,"quality":"OK","raw":3023.1039010864465,"sigma":1.5,"state":"IDLE","t":"2026-07-09T06:12:21.1592105Z","type":"sample"}
{"channel":"rr","display":14.018691588785046,"mu":0,"quality":"OK","raw":3072.6045435767246,"sigma":1.5,"state":"IDLE","t":"2026-07-09T06:12:21.1994149Z","type":"sample"}
{"channel":"rr","display":14.018691588785046,"mu":0,"quality":"OK","raw":3099.603265320534,"sigma":1.5,"state":"IDLE","t":"2026-07-09T06:12:21.2389559Z","type":"sample"}
{"channel":"rr","display":14.018691588785046,"mu":0,"quality":"OK","raw":3140.603274616773,"sigma":1.5,"state":"IDLE","t":"2026-07-09T06:12:21.2792136Z","type":"sample"}
{"channel":"rr","display":14.018691588785046,"mu":0,"quality":"OK","raw":3169.1745033765183,"sigma":1.5,"state":"IDLE","t":"2026-07-09T06:12:21.318886Z","type":"sample"}
{"channel":"rr","display":14.018691588785046,"mu":0,"quality":"OK","raw":3180.39830041039,"sigma":1.5,"state":"IDLE","t":"2026-07-09T06:12:21.3592145Z","type":"sample"}
{"channel":"rr","display":14.018691588785046,"mu":0,"quality":"OK","raw":3175.059515445458,"sigma":1.5,"state":"IDLE","t":"2026-07-09T06:12:21.3990531Z","type":"sample"}
{"channel":"rr","display":14.018691588785046,"mu":0,"quality":"OK","raw":3214.540429369594,"sigma":1.5,"state":"IDLE","t":"2026-07-09T06:12:21.4391645Z","type":"sample"}
{"channel":"rr","display":14.018691588785046,"mu":0,"quality":"OK","raw":3254.337941423049,"sigma":1.5,"state":"IDLE","t":"2026-07-09T06:12:21.4790918Z","type":"sample"}
{"channel":"rr","display":14.018691588785046,"mu":0,"quality":"OK","raw":3237.9053712035634,"sigma":1.5,"state":"IDLE","t":"2026-07-09T06:12:21.5188925Z","type":"sample"}
{"channel":"rr","display":14.018691588785046,"mu":0,"quality":"OK","raw":3244.053891917985,"sigma":1.5,"state":"IDLE","t":"2026-07-09T06:12:21.5592485Z","type":"sample"}
{"channel":"rr","display":14.018691588785046,"mu":0,"quality":"OK","raw":3222.1218382359148,"sigma":1.5,"state":"IDLE","t":"2026-07-09T06:12:21.5988752Z","type":"sample"}
{"channel":"rr","display":14.018691588785046,"mu":0,"quality":"OK","raw":3228.7493944847847,"sigma":1.5,"state":"IDLE","t":"2026-07-09T06:12:21.6391588Z","type":"sample"}
{"channel":"rr","display":14.018691588785046,"mu":0,"quality":"OK","raw":3248.3737088263765,"sigma":1.5,"state":"IDLE","t":"2026-07-09T06:12:21.6791339Z","type":"sample"}
{"channel":"rr","display":14.018691588785046,"mu":0,"quality":"OK","raw":3231.1083019404173,"sigma":1.5,"state":"IDLE","t":"2026-07-09T06:12:21.7192254Z","type":"sample"}
{"address":"/cue/p/start","args":null,"channel":"system","dir":"out","t":"2026-07-09T06:12:21.7393128Z","type":"osc"}
{"channel":"rr","display":14.018691588785046,"mu":0,"quality":"OK","raw":3210.637867923475,"sigma":1.5,"state":"IDLE","t":"2026-07-09T06:12:21.7592001Z","type":"sample"}
{"channel":"rr","display":14.018691588785046,"mu":0,"quality":"OK","raw":3175.083122828099,"sigma":1.5,"state":"IDLE","t":"2026-07-09T06:12:21.7991854Z","type":"sample"}
{"channel":"rr","display":14.018691588785046,"mu":0,"quality":"OK","raw":3191.2796573342694,"sigma":1.5,"state":"IDLE","t":"2026-07-09T06:12:21.8389864Z","type":"sample"}
{"channel":"rr","display":14.018691588785046,"mu":0,"quality":"OK","raw":3146.4341973065248,"sigma":1.5,"state":"IDLE","t":"2026-07-09T06:12:21.8791311Z","type":"sample"}
{"channel":"rr","display":14.018691588785046,"mu":0,"quality":"OK","raw":3089.438965662693,"sigma":1.5,"state":"IDLE","t":"2026-07-09T06:12:21.9193789Z","type":"sample"}
{"channel":"rr","display":14.018691588785046,"mu":0,"quality":"OK","raw":3066.0641825152547,"sigma":1.5,"state":"IDLE","t":"2026-07-09T06:12:21.9593386Z","type":"sample"}
{"channel":"rr","display":14.018691588785046,"mu":0,"quality":"OK","raw":3040.593220590273,"sigma":1.5,"state":"IDLE","t":"2026-07-09T06:12:21.9989091Z","type":"sample"}
{"channel":"rr","display":14.018691588785046,"mu":0,"quality":"OK","raw":3027.163058934555,"sigma":1.5,"state":"IDLE","t":"2026-07-09T06:12:22.0389236Z","type":"sample"}
{"channel":"rr","display":14.018691588785046,"mu":0,"quality":"OK","raw":2949.1005003783553,"sigma":1.5,"state":"IDLE","t":"2026-07-09T06:12:22.0793485Z","type":"sample"}
{"channel":"rr","display":14.018691588785046,"mu":0,"quality":"OK","raw":2880.3437704380012,"sigma":1.5,"state":"IDLE","t":"2026-07-09T06:12:22.1191735Z","type":"sample"}
{"address":"/cue/r19/start","args":null,"channel":"system","dir":"out","t":"2026-07-09T06:12:22.1565515Z","type":"osc"}
{"channel":"rr","display":14.018691588785046,"mu":0,"quality":"OK","raw":2842.3129466664436,"sigma":1.5,"state":"IDLE","t":"2026-07-09T06:12:22.15919Z","type":"sample"}
{"channel":"rr","display":14.018691588785046,"mu":0,"quality":"OK","raw":2802.138587451402,"sigma":1.5,"state":"IDLE","t":"2026-07-09T06:12:22.1987918Z","type":"sample"}
{"channel":"rr","display":14.018691588785046,"mu":0,"quality":"OK","raw":2740.919011113264,"sigma":1.5,"state":"IDLE","t":"2026-07-09T06:12:22.2390037Z","type":"sample"}
{"channel":"rr","display":14.018691588785046,"mu":0,"quality":"OK","raw":2686.455454813648,"sigma":1.5,"state":"IDLE","t":"2026-07-09T06:12:22.2790083Z","type":"sample"}
{"channel":"rr","display":14.018691588785046,"mu":0,"quality":"OK","raw":2650.1219547701703,"sigma":1.5,"state":"IDLE","t":"2026-07-09T06:12:22.3193926Z","type":"sample"}
{"channel":"rr","display":14.018691588785046,"mu":0,"quality":"OK","raw":2547.7023261743666,"sigma":1.5,"state":"IDLE","t":"2026-07-09T06:12:22.3590794Z","type":"sample"}
{"channel":"rr","display":14.018691588785046,"mu":0,"quality":"OK","raw":2481.89913271274,"sigma":1.5,"state":"IDLE","t":"2026-07-09T06:12:22.3989366Z","type":"sample"}
{"channel":"rr","display":14.018691588785046,"mu":0,"quality":"OK","raw":2427.5012081530112,"sigma":1.5,"state":"IDLE","t":"2026-07-09T06:12:22.4390724Z","type":"sample"}
{"channel":"rr","display":14.018691588785046,"mu":0,"quality":"OK","raw":2369.549873228624,"sigma":1.5,"state":"IDLE","t":"2026-07-09T06:12:22.4791144Z","type":"sample"}
{"channel":"rr","display":14.018691588785046,"mu":0,"quality":"OK","raw":2280.4306372580445,"sigma":1.5,"state":"IDLE","t":"2026-07-09T06:12:22.5192414Z","type":"sample"}
{"channel":"rr","display":14.018691588785046,"mu":0,"quality":"OK","raw":2212.290127918071,"sigma":1.5,"state":"IDLE","t":"2026-07-09T06:12:22.5590353Z","type":"sample"}
{"channel":"rr","display":14.018691588785046,"mu":0,"quality":"OK","raw":2124.3550233343044,"sigma":1.5,"state":"IDLE","t":"2026-07-09T06:12:22.5990452Z","type":"sample"}
{"channel":"rr","display":14.018691588785046,"mu":0,"quality":"OK","raw":2093.2271668244252,"sigma":1.5,"state":"IDLE","t":"2026-07-09T06:12:22.639119Z","type":"sample"}
{"channel":"rr","display":14.018691588785046,"mu":0,"quality":"OK","raw":2011.2653079570287,"sigma":1.5,"state":"IDLE","t":"2026-07-09T06:12:22.6790196Z","type":"sample"}
{"channel":"rr","display":14.018691588785046,"mu":0,"quality":"OK","raw":1922.0399844739122,"sigma":1.5,"state":"IDLE","t":"2026-07-09T06:12:22.7191644Z","type":"sample"}
{"address":"/cue/p/start","args":null,"channel":"system","dir":"out","t":"2026-07-09T06:12:22.739985Z","type":"osc"}
{"channel":"rr","display":14.018691588785046,"mu":0,"quality":"OK","raw":1842.5012864386197,"sigma":1.5,"state":"IDLE","t":"2026-07-09T06:12:22.7588677Z","type":"sample"}
{"channel":"rr","display":14.018691588785046,"mu":0,"quality":"OK","raw":1808.8709571133088,"sigma":1.5,"state":"IDLE","t":"2026-07-09T06:12:22.7995997Z","type":"sample"}
{"channel":"rr","display":14.018691588785046,"mu":0,"quality":"OK","raw":1746.7373103097425,"sigma":1.5,"state":"IDLE","t":"2026-07-09T06:12:22.8395793Z","type":"sample"}
{"channel":"rr","display":14.018691588785046,"mu":0,"quality":"OK","raw":1671.157744515978,"sigma":1.5,"state":"IDLE","t":"2026-07-09T06:12:22.8789841Z","type":"sample"}
{"channel":"rr","display":14.018691588785046,"mu":0,"quality":"OK","raw":1582.9131062565236,"sigma":1.5,"state":"IDLE","t":"2026-07-09T06:12:22.9191965Z","type":"sample"}
{"channel":"rr","display":14.018691588785046,"mu":0,"quality":"OK","raw":1558.2256964698122,"sigma":1.5,"state":"IDLE","t":"2026-07-09T06:12:22.9589806Z","type":"sample"}
{"channel":"rr","display":14.018691588785046,"mu":0,"quality":"OK","raw":1483.4968113190396,"sigma":1.5,"state":"IDLE","t":"2026-07-09T06:12:22.9992498Z","type":"sample"}
{"channel":"rr","display":14.018691588785046,"mu":0,"quality":"OK","raw":1406.4668313211107,"sigma":1.5,"state":"IDLE","t":"2026-07-09T06:12:23.0388621Z","type":"sample"}
{"channel":"rr","display":14.018691588785046,"mu":0,"quality":"OK","raw":1370.4698908084727,"sigma":1.5,"state":"IDLE","t":"2026-07-09T06:12:23.07922Z","type":"sample"}
{"channel":"rr","display":14.018691588785046,"mu":0,"quality":"OK","raw":1297.1278682637794,"sigma":1.5,"state":"IDLE","t":"2026-07-09T06:12:23.1187647Z","type":"sample"}
{"channel":"rr","display":14.018691588785046,"mu":0,"quality":"OK","raw":1260.664199640915,"sigma":1.5,"state":"IDLE","t":"2026-07-09T06:12:23.159342Z","type":"sample"}
{"address":"/cue/r19/start","args":null,"channel":"system","dir":"out","t":"2026-07-09T06:12:23.1766287Z","type":"osc"}
{"channel":"rr","display":14.018691588785046,"mu":0,"quality":"OK","raw":1217.6954519395924,"sigma":1.5,"state":"IDLE","t":"2026-07-09T06:12:23.199235Z","type":"sample"}
{"channel":"rr","display":14.018691588785046,"mu":0,"quality":"OK","raw":1143.2818139436267,"sigma":1.5,"state":"IDLE","t":"2026-07-09T06:12:23.2392028Z","type":"sample"}
{"channel":"rr","display":14.018691588785046,"mu":0,"quality":"OK","raw":1095.267516612635,"sigma":1.5,"state":"IDLE","t":"2026-07-09T06:12:23.2792096Z","type":"sample"}
{"channel":"rr","display":14.018691588785046,"mu":0,"quality":"OK","raw":1082.2698787714373,"sigma":1.5,"state":"IDLE","t":"2026-07-09T06:12:23.3190436Z","type":"sample"}
{"channel":"rr","display":14.018691588785046,"mu":0,"quality":"OK","raw":1031.311927025374,"sigma":1.5,"state":"IDLE","t":"2026-07-09T06:12:23.3589388Z","type":"sample"}
{"channel":"rr","display":14.018691588785046,"mu":0,"quality":"OK","raw":971.4956931752843,"sigma":1.5,"state":"IDLE","t":"2026-07-09T06:12:23.3992409Z","type":"sample"}
{"channel":"rr","display":14.018691588785046,"mu":0,"quality":"OK","raw":983.5196287329642,"sigma":1.5,"state":"IDLE","t":"2026-07-09T06:12:23.4390068Z","type":"sample"}
{"channel":"rr","display":14.018691588785046,"mu":0,"quality":"OK","raw":931.8370572341153,"sigma":1.5,"state":"IDLE","t":"2026-07-09T06:12:23.4787775Z","type":"sample"}
{"channel":"rr","display":14.018691588785046,"mu":0,"quality":"OK","raw":912.3757752602966,"sigma":1.5,"state":"IDLE","t":"2026-07-09T06:12:23.519055Z","type":"sample"}
{"channel":"rr","display":14.018691588785046,"mu":0,"quality":"OK","raw":926.1824030968437,"sigma":1.5,"state":"IDLE","t":"2026-07-09T06:12:23.5591928Z","type":"sample"}
{"channel":"rr","display":14.018691588785046,"mu":0,"quality":"OK","raw":869.155964862173,"sigma":1.5,"state":"IDLE","t":"2026-07-09T06:12:23.5988566Z","type":"sample"}
{"channel":"rr","display":14.018691588785046,"mu":0,"quality":"OK","raw":863.2124773208518,"sigma":1.5,"state":"IDLE","t":"2026-07-09T06:12:23.6391544Z","type":"sample"}
{"channel":"rr","display":14.018691588785046,"mu":0,"quality":"OK","raw":855.5422579684653,"sigma":1.5,"state":"IDLE","t":"2026-07-09T06:12:23.6790401Z","type":"sample"}
{"channel":"rr","display":14.018691588785046,"mu":0,"quality":"OK","raw":847.2183634754308,"sigma":1.5,"state":"IDLE","t":"2026-07-09T06:12:23.7189471Z","type":"sample"}
{"address":"/cue/p/start","args":null,"channel":"system","dir":"out","t":"2026-07-09T06:12:23.7393531Z","type":"osc"}
{"channel":"rr","display":14.018691588785046,"mu":0,"quality":"OK","raw":827.700138358349,"sigma":1.5,"state":"IDLE","t":"2026-07-09T06:12:23.7589914Z","type":"sample"}
{"channel":"rr","display":14.018691588785046,"mu":0,"quality":"OK","raw":877.1505761045402,"sigma":1.5,"state":"IDLE","t":"2026-07-09T06:12:23.7992851Z","type":"sample"}
{"channel":"rr","display":14.018691588785046,"mu":0,"quality":"OK","raw":888.947578547949,"sigma":1.5,"state":"IDLE","t":"2026-07-09T06:12:23.8390446Z","type":"sample"}
{"channel":"rr","display":14.018691588785046,"mu":0,"quality":"OK","raw":875.8755112857169,"sigma":1.5,"state":"IDLE","t":"2026-07-09T06:12:23.878989Z","type":"sample"}
{"channel":"rr","display":14.018691588785046,"mu":0,"quality":"OK","raw":852.8110598445836,"sigma":1.5,"state":"IDLE","t":"2026-07-09T06:12:23.9190791Z","type":"sample"}
{"channel":"rr","display":14.018691588785046,"mu":0,"quality":"OK","raw":918.8673890340611,"sigma":1.5,"state":"IDLE","t":"2026-07-09T06:12:23.9589581Z","type":"sample"}
{"channel":"rr","display":14.018691588785046,"mu":0,"quality":"OK","raw":927.9012410536227,"sigma":1.5,"state":"IDLE","t":"2026-07-09T06:12:23.9991018Z","type":"sample"}
{"channel":"rr","display":14.018691588785046,"mu":0,"quality":"OK","raw":935.2111141665438,"sigma":1.5,"state":"IDLE","t":"2026-07-09T06:12:24.0387957Z","type":"sample"}
{"channel":"rr","display":14.018691588785046,"mu":0,"quality":"OK","raw":1014.0635855751251,"sigma":1.5,"state":"IDLE","t":"2026-07-09T06:12:24.0791362Z","type":"sample"}
{"channel":"rr","display":14.018691588785046,"mu":0,"quality":"OK","raw":1060.8148687421767,"sigma":1.5,"state":"IDLE","t":"2026-07-09T06:12:24.1190504Z","type":"sample"}
{"channel":"rr","display":14.018691588785046,"mu":0,"quality":"OK","raw":1052.2732219975308,"sigma":1.5,"state":"IDLE","t":"2026-07-09T06:12:24.1591591Z","type":"sample"}
{"address":"/cue/r19/start","args":null,"channel":"system","dir":"out","t":"2026-07-09T06:12:24.1803185Z","type":"osc"}
{"channel":"rr","display":14.018691588785046,"mu":0,"quality":"OK","raw":1132.0696987329495,"sigma":1.5,"state":"IDLE","t":"2026-07-09T06:12:24.1987544Z","type":"sample"}
{"channel":"rr","display":14.018691588785046,"mu":0,"quality":"OK","raw":1180.094028822262,"sigma":1.5,"state":"IDLE","t":"2026-07-09T06:12:24.2389605Z","type":"sample"}
{"channel":"rr","display":14.018691588785046,"mu":0,"quality":"OK","raw":1236.809932383466,"sigma":1.5,"state":"IDLE","t":"2026-07-09T06:12:24.2791636Z","type":"sample"}
{"channel":"rr","display":14.018691588785046,"mu":0,"quality":"OK","raw":1272.1636361307485,"sigma":1.5,"state":"IDLE","t":"2026-07-09T06:12:24.318868Z","type":"sample"}
{"channel":"rr","display":14.018691588785046,"mu":0,"quality":"OK","raw":1312.8855736233968,"sigma":1.5,"state":"IDLE","t":"2026-07-09T06:12:24.3591273Z","type":"sample"}
{"channel":"rr","display":14.018691588785046,"mu":0,"quality":"OK","raw":1366.4238013972206,"sigma":1.5,"state":"IDLE","t":"2026-07-09T06:12:24.3989762Z","type":"sample"}
{"channel":"rr","display":14.018691588785046,"mu":0,"quality":"OK","raw":1445.9943594852427,"sigma":1.5,"state":"IDLE","t":"2026-07-09T06:12:24.4389853Z","type":"sample"}
{"channel":"rr","display":14.018691588785046,"mu":0,"quality":"OK","raw":1516.7280722230028,"sigma":1.5,"state":"IDLE","t":"2026-07-09T06:12:24.479233Z","type":"sample"}
{"channel":"rr","display":14.018691588785046,"mu":0,"quality":"OK","raw":1535.59198110664,"sigma":1.5,"state":"IDLE","t":"2026-07-09T06:12:24.5189079Z","type":"sample"}
{"channel":"rr","display":14.018691588785046,"mu":0,"quality":"OK","raw":1625.5942848632308,"sigma":1.5,"state":"IDLE","t":"2026-07-09T06:12:24.5588397Z","type":"sample"}
{"channel":"rr","display":14.018691588785046,"mu":0,"quality":"OK","raw":1692.2216931725716,"sigma":1.5,"state":"IDLE","t":"2026-07-09T06:12:24.5987671Z","type":"sample"}
{"channel":"rr","display":14.018691588785046,"mu":0,"quality":"OK","raw":1795.5633743999224,"sigma":1.5,"state":"IDLE","t":"2026-07-09T06:12:24.6391507Z","type":"sample"}
{"channel":"rr","display":14.018691588785046,"mu":0,"quality":"OK","raw":1831.567729959949,"sigma":1.5,"state":"IDLE","t":"2026-07-09T06:12:24.6788234Z","type":"sample"}
{"channel":"rr","display":14.018691588785046,"mu":0,"quality":"OK","raw":1913.2642202900126,"sigma":1.5,"state":"IDLE","t":"2026-07-09T06:12:24.7190591Z","type":"sample"}
{"address":"/cue/p/start","args":null,"channel":"system","dir":"out","t":"2026-07-09T06:12:24.7400595Z","type":"osc"}
{"channel":"rr","display":14.018691588785046,"mu":0,"quality":"OK","raw":1972.5131514477127,"sigma":1.5,"state":"IDLE","t":"2026-07-09T06:12:24.7592443Z","type":"sample"}
{"channel":"rr","display":14.018691588785046,"mu":0,"quality":"OK","raw":2054.5217007722704,"sigma":1.5,"state":"IDLE","t":"2026-07-09T06:12:24.7992403Z","type":"sample"}
{"channel":"rr","display":14.018691588785046,"mu":0,"quality":"OK","raw":2134.536415468434,"sigma":1.5,"state":"IDLE","t":"2026-07-09T06:12:24.839283Z","type":"sample"}
{"channel":"rr","display":14.018691588785046,"mu":0,"quality":"OK","raw":2187.0037250318574,"sigma":1.5,"state":"IDLE","t":"2026-07-09T06:12:24.8789178Z","type":"sample"}
{"channel":"rr","display":14.018691588785046,"mu":0,"quality":"OK","raw":2276.3829907833647,"sigma":1.5,"state":"IDLE","t":"2026-07-09T06:12:24.9190902Z","type":"sample"}
{"channel":"rr","display":14.018691588785046,"mu":0,"quality":"OK","raw":2330.6235298497445,"sigma":1.5,"state":"IDLE","t":"2026-07-09T06:12:24.9591374Z","type":"sample"}
{"channel":"rr","display":14.018691588785046,"mu":0,"quality":"OK","raw":2402.56242639907,"sigma":1.5,"state":"IDLE","t":"2026-07-09T06:12:24.9987841Z","type":"sample"}
{"channel":"rr","display":14.018691588785046,"mu":0,"quality":"OK","raw":2469.225829601612,"sigma":1.5,"state":"IDLE","t":"2026-07-09T06:12:25.0392076Z","type":"sample"}
{"channel":"rr","display":14.018691588785046,"mu":0,"quality":"OK","raw":2530.536590076182,"sigma":1.5,"state":"IDLE","t":"2026-07-09T06:12:25.0792454Z","type":"sample"}
{"channel":"rr","display":14.018691588785046,"mu":0,"quality":"OK","raw":2584.777471001418,"sigma":1.5,"state":"IDLE","t":"2026-07-09T06:12:25.1190724Z","type":"sample"}
{"channel":"rr","display":14.018691588785046,"mu":0,"quality":"OK","raw":2629.5421538011915,"sigma":1.5,"state":"IDLE","t":"2026-07-09T06:12:25.1588555Z","type":"sample"}
{"address":"/cue/r19/start","args":null,"channel":"system","dir":"out","t":"2026-07-09T06:12:25.1890209Z","type":"osc"}
{"channel":"rr","display":14.018691588785046,"mu":0,"quality":"OK","raw":2740.272148808541,"sigma":1.5,"state":"IDLE","t":"2026-07-09T06:12:25.1990571Z","type":"sample"}
{"channel":"rr","display":14.018691588785046,"mu":0,"quality":"OK","raw":2743.862070359895,"sigma":1.5,"state":"IDLE","t":"2026-07-09T06:12:25.2392354Z","type":"sample"}
{"channel":"rr","display":14.018691588785046,"mu":0,"quality":"OK","raw":2813.2071535135956,"sigma":1.5,"state":"IDLE","t":"2026-07-09T06:12:25.2789656Z","type":"sample"}
{"channel":"rr","display":14.018691588785046,"mu":0,"quality":"OK","raw":2876.4663249572477,"sigma":1.5,"state":"IDLE","t":"2026-07-09T06:12:25.3192174Z","type":"sample"}
{"channel":"rr","display":14.018691588785046,"mu":0,"quality":"OK","raw":2947.9608930602835,"sigma":1.5,"state":"IDLE","t":"2026-07-09T06:12:25.3592108Z","type":"sample"}
{"channel":"rr","display":14.018691588785046,"mu":0,"quality":"OK","raw":2979.8915796754777,"sigma":1.5,"state":"IDLE","t":"2026-07-09T06:12:25.3991175Z","type":"sample"}
{"channel":"rr","display":14.018691588785046,"mu":0,"quality":"OK","raw":3011.065133446565,"sigma":1.5,"state":"IDLE","t":"2026-07-09T06:12:25.4391843Z","type":"sample"}
{"channel":"rr","display":14.018691588785046,"mu":0,"quality":"OK","raw":3054.628126091628,"sigma":1.5,"state":"IDLE","t":"2026-07-09T06:12:25.4789165Z","type":"sample"}
{"channel":"rr","display":14.018691588785046,"mu":0,"quality":"OK","raw":3117.6971402139125,"sigma":1.5,"state":"IDLE","t":"2026-07-09T06:12:25.5188966Z","type":"sample"}
{"channel":"rr","display":14.018691588785046,"mu":0,"quality":"OK","raw":3119.274898479712,"sigma":1.5,"state":"IDLE","t":"2026-07-09T06:12:25.5587371Z","type":"sample"}
{"channel":"rr","display":14.018691588785046,"mu":0,"quality":"OK","raw":3148.4135797675153,"sigma":1.5,"state":"IDLE","t":"2026-07-09T06:12:25.5992087Z","type":"sample"}
{"channel":"rr","display":14.018691588785046,"mu":0,"quality":"OK","raw":3168.613095003227,"sigma":1.5,"state":"IDLE","t":"2026-07-09T06:12:25.6391754Z","type":"sample"}
{"channel":"rr","display":14.018691588785046,"mu":0,"quality":"OK","raw":3174.707366034806,"sigma":1.5,"state":"IDLE","t":"2026-07-09T06:12:25.679133Z","type":"sample"}
{"channel":"rr","display":14.018691588785046,"mu":0,"quality":"OK","raw":3193.9903248336295,"sigma":1.5,"state":"IDLE","t":"2026-07-09T06:12:25.7190806Z","type":"sample"}
{"address":"/cue/p/start","args":null,"channel":"system","dir":"out","t":"2026-07-09T06:12:25.7400474Z","type":"osc"}
{"channel":"rr","display":14.018691588785046,"mu":0,"quality":"OK","raw":3220.437784432385,"sigma":1.5,"state":"IDLE","t":"2026-07-09T06:12:25.7588672Z","type":"sample"}
{"channel":"rr","display":14.018691588785046,"mu":0,"quality":"OK","raw":3233.5762284563452,"sigma":1.5,"state":"IDLE","t":"2026-07-09T06:12:25.7990609Z","type":"sample"}
{"channel":"rr","display":14.018691588785046,"mu":0,"quality":"OK","raw":3252.514040574332,"sigma":1.5,"state":"IDLE","t":"2026-07-09T06:12:25.839263Z","type":"sample"}
{"channel":"rr","display":14.018691588785046,"mu":0,"quality":"OK","raw":3238.8187719738967,"sigma":1.5,"state":"IDLE","t":"2026-07-09T06:12:25.8791215Z","type":"sample"}
{"channel":"rr","display":14.018691588785046,"mu":0,"quality":"OK","raw":3248.1213432399286,"sigma":1.5,"state":"IDLE","t":"2026-07-09T06:12:25.9190257Z","type":"sample"}
{"channel":"rr","display":14.018691588785046,"mu":0,"quality":"OK","raw":3251.4373827522413,"sigma":1.5,"state":"IDLE","t":"2026-07-09T06:12:25.9588087Z","type":"sample"}
{"channel":"rr","display":14.018691588785046,"mu":0,"quality":"OK","raw":3229.875570240603,"sigma":1.5,"state":"IDLE","t":"2026-07-09T06:12:25.9987793Z","type":"sample"}
{"channel":"rr","display":14.018691588785046,"mu":0,"quality":"OK","raw":3220.7033608553015,"sigma":1.5,"state":"IDLE","t":"2026-07-09T06:12:26.0391489Z","type":"sample"}
{"channel":"rr","display":14.018691588785046,"mu":0,"quality":"OK","raw":3197.427795274197,"sigma":1.5,"state":"IDLE","t":"2026-07-09T06:12:26.0791333Z","type":"sample"}
{"channel":"rr","display":14.018691588785046,"mu":0,"quality":"OK","raw":3180.149196779462,"sigma":1.5,"state":"IDLE","t":"2026-07-09T06:12:26.1189051Z","type":"sample"}
{"channel":"rr","display":14.018691588785046,"mu":0,"quality":"OK","raw":3157.337571500102,"sigma":1.5,"state":"IDLE","t":"2026-07-09T06:12:26.1589108Z","type":"sample"}
{"address":"/cue/r19/start","args":null,"channel":"system","dir":"out","t":"2026-07-09T06:12:26.1927953Z","type":"osc"}
{"channel":"rr","display":14.018691588785046,"mu":0,"quality":"OK","raw":3114.2305851819197,"sigma":1.5,"state":"IDLE","t":"2026-07-09T06:12:26.1991312Z","type":"sample"}
{"channel":"rr","display":14.018691588785046,"mu":0,"quality":"OK","raw":3066.335296196109,"sigma":1.5,"state":"IDLE","t":"2026-07-09T06:12:26.2390246Z","type":"sample"}
{"channel":"rr","display":14.018691588785046,"mu":0,"quality":"OK","raw":3038.0922425967756,"sigma":1.5,"state":"IDLE","t":"2026-07-09T06:12:26.2788458Z","type":"sample"}
{"channel":"rr","display":14.018691588785046,"mu":0,"quality":"OK","raw":3020.8332738085487,"sigma":1.5,"state":"IDLE","t":"2026-07-09T06:12:26.3191758Z","type":"sample"}
{"channel":"rr","display":14.018691588785046,"mu":0,"quality":"OK","raw":2974.261456549283,"sigma":1.5,"state":"IDLE","t":"2026-07-09T06:12:26.358827Z","type":"sample"}
{"channel":"rr","display":14.018691588785046,"mu":0,"quality":"OK","raw":2919.9302505170936,"sigma":1.5,"state":"IDLE","t":"2026-07-09T06:12:26.3989279Z","type":"sample"}
{"channel":"rr","display":14.018691588785046,"mu":0,"quality":"OK","raw":2871.0749673061414,"sigma":1.5,"state":"IDLE","t":"2026-07-09T06:12:26.4391814Z","type":"sample"}
{"channel":"rr","display":14.018691588785046,"mu":0,"quality":"OK","raw":2821.568337742315,"sigma":1.5,"state":"IDLE","t":"2026-07-09T06:12:26.4789049Z","type":"sample"}
{"channel":"rr","display":14.018691588785046,"mu":0,"quality":"OK","raw":2760.9028270485633,"sigma":1.5,"state":"IDLE","t":"2026-07-09T06:12:26.5190459Z","type":"sample"}
{"channel":"rr","display":14.018691588785046,"mu":0,"quality":"OK","raw":2692.7831891957903,"sigma":1.5,"state":"IDLE","t":"2026-07-09T06:12:26.5587889Z","type":"sample"}
{"channel":"rr","display":14.018691588785046,"mu":0,"quality":"OK","raw":2634.626713586497,"sigma":1.5,"state":"IDLE","t":"2026-07-09T06:12:26.5987799Z","type":"sample"}
{"channel":"rr","display":14.018691588785046,"mu":0,"quality":"OK","raw":2562.1910111610455,"sigma":1.5,"state":"IDLE","t":"2026-07-09T06:12:26.6389878Z","type":"sample"}
{"channel":"rr","display":14.018691588785046,"mu":0,"quality":"OK","raw":2498.4443820897454,"sigma":1.5,"state":"IDLE","t":"2026-07-09T06:12:26.6788518Z","type":"sample"}
{"channel":"rr","display":14.018691588785046,"mu":0,"quality":"OK","raw":2420.244627790182,"sigma":1.5,"state":"IDLE","t":"2026-07-09T06:12:26.719055Z","type":"sample"}
{"address":"/cue/p/start","args":null,"channel":"system","dir":"out","t":"2026-07-09T06:12:26.7397067Z","type":"osc"}
{"channel":"rr","display":14.018691588785046,"mu":0,"quality":"OK","raw":2374.351593631738,"sigma":1.5,"state":"IDLE","t":"2026-07-09T06:12:26.7593414Z","type":"sample"}
{"channel":"rr","display":14.018691588785046,"mu":0,"quality":"OK","raw":2307.3409304339725,"sigma":1.5,"state":"IDLE","t":"2026-07-09T06:12:26.7989803Z","type":"sample"}
{"channel":"rr","display":14.018691588785046,"mu":0,"quality":"OK","raw":2221.5536110396188,"sigma":1.5,"state":"IDLE","t":"2026-07-09T06:12:26.8389372Z","type":"sample"}
{"channel":"rr","display":14.018691588785046,"mu":0,"quality":"OK","raw":2176.9775541660656,"sigma":1.5,"state":"IDLE","t":"2026-07-09T06:12:26.8788214Z","type":"sample"}
{"channel":"rr","display":14.018691588785046,"mu":0,"quality":"OK","raw":2090.366215786663,"sigma":1.5,"state":"IDLE","t":"2026-07-09T06:12:26.9191158Z","type":"sample"}
{"channel":"rr","display":14.018691588785046,"mu":0,"quality":"OK","raw":2008.0596604722896,"sigma":1.5,"state":"IDLE","t":"2026-07-09T06:12:26.9590465Z","type":"sample"}
{"channel":"rr","display":14.018691588785046,"mu":0,"quality":"OK","raw":1913.2863987663372,"sigma":1.5,"state":"IDLE","t":"2026-07-09T06:12:26.9992535Z","type":"sample"}
{"channel":"rr","display":14.018691588785046,"mu":0,"quality":"OK","raw":1865.7627878545156,"sigma":1.5,"state":"IDLE","t":"2026-07-09T06:12:27.0388851Z","type":"sample"}
{"channel":"rr","display":14.018691588785046,"mu":0,"quality":"OK","raw":1794.3939098348333,"sigma":1.5,"state":"IDLE","t":"2026-07-09T06:12:27.0789278Z","type":"sample"}
{"channel":"rr","display":14.018691588785046,"mu":0,"quality":"OK","raw":1727.13229593029,"sigma":1.5,"state":"IDLE","t":"2026-07-09T06:12:27.1191331Z","type":"sample"}
{"channel":"rr","display":14.018691588785046,"mu":0,"quality":"OK","raw":1621.189897911192,"sigma":1.5,"state":"IDLE","t":"2026-07-09T06:12:27.1587229Z","type":"sample"}
{"address":"/cue/r19/start","args":null,"channel":"system","dir":"out","t":"2026-07-09T06:12:27.1970001Z","type":"osc"}
{"channel":"rr","display":14.018691588785046,"mu":0,"quality":"OK","raw":1589.4180658380226,"sigma":1.5,"state":"IDLE","t":"2026-07-09T06:12:27.1992151Z","type":"sample"}
{"channel":"rr","display":14.018691588785046,"mu":0,"quality":"OK","raw":1517.5201923145435,"sigma":1.5,"state":"IDLE","t":"2026-07-09T06:12:27.2392912Z","type":"sample"}
{"channel":"rr","display":14.018691588785046,"mu":0,"quality":"OK","raw":1481.3154548996877,"sigma":1.5,"state":"IDLE","t":"2026-07-09T06:12:27.2794327Z","type":"sample"}
{"channel":"rr","display":14.018691588785046,"mu":0,"quality":"OK","raw":1435.0837804608786,"sigma":1.5,"state":"IDLE","t":"2026-07-09T06:12:27.3188514Z","type":"sample"}
{"channel":"rr","display":14.018691588785046,"mu":0,"quality":"OK","raw":1374.6665015007277,"sigma":1.5,"state":"IDLE","t":"2026-07-09T06:12:27.3591052Z","type":"sample"}
{"channel":"rr","display":14.018691588785046,"mu":0,"quality":"OK","raw":1304.177123078165,"sigma":1.5,"state":"IDLE","t":"2026-07-09T06:12:27.3988598Z","type":"sample"}
{"channel":"rr","display":14.018691588785046,"mu":0,"quality":"OK","raw":1244.7948611011066,"sigma":1.5,"state":"IDLE","t":"2026-07-09T06:12:27.4396674Z","type":"sample"}
{"channel":"rr","display":14.018691588785046,"mu":0,"quality":"OK","raw":1208.063533184837,"sigma":1.5,"state":"IDLE","t":"2026-07-09T06:12:27.4790507Z","type":"sample"}
{"channel":"rr","display":14.018691588785046,"mu":0,"quality":"OK","raw":1149.163104963968,"sigma":1.5,"state":"IDLE","t":"2026-07-09T06:12:27.5190662Z","type":"sample"}
{"channel":"rr","display":14.018691588785046,"mu":0,"quality":"OK","raw":1102.9431773011092,"sigma":1.5,"state":"IDLE","t":"2026-07-09T06:12:27.559212Z","type":"sample"}
{"channel":"rr","display":14.018691588785046,"mu":0,"quality":"OK","raw":1045.8877645021632,"sigma":1.5,"state":"IDLE","t":"2026-07-09T06:12:27.5987849Z","type":"sample"}
{"channel":"rr","display":14.018691588785046,"mu":0,"quality":"OK","raw":992.0705344974782,"sigma":1.5,"state":"IDLE","t":"2026-07-09T06:12:27.6387978Z","type":"sample"}
{"channel":"rr","display":14.018691588785046,"mu":0,"quality":"OK","raw":977.2613749716899,"sigma":1.5,"state":"IDLE","t":"2026-07-09T06:12:27.6787282Z","type":"sample"}
{"channel":"rr","display":14.018691588785046,"mu":0,"quality":"OK","raw":938.1989486438156,"sigma":1.5,"state":"IDLE","t":"2026-07-09T06:12:27.7192605Z","type":"sample"}
{"address":"/cue/p/start","args":null,"channel":"system","dir":"out","t":"2026-07-09T06:12:27.7392084Z","type":"osc"}
{"channel":"rr","display":14.018691588785046,"mu":0,"quality":"OK","raw":936.4180187165696,"sigma":1.5,"state":"IDLE","t":"2026-07-09T06:12:27.7590781Z","type":"sample"}
{"channel":"rr","display":14.018691588785046,"mu":0,"quality":"OK","raw":921.1799217265486,"sigma":1.5,"state":"IDLE","t":"2026-07-09T06:12:27.7989691Z","type":"sample"}
{"channel":"rr","display":14.018691588785046,"mu":0,"quality":"OK","raw":894.2070694660074,"sigma":1.5,"state":"IDLE","t":"2026-07-09T06:12:27.8393615Z","type":"sample"}
{"channel":"rr","display":14.018691588785046,"mu":0,"quality":"OK","raw":887.9356925578429,"sigma":1.5,"state":"IDLE","t":"2026-07-09T06:12:27.8791953Z","type":"sample"}
{"channel":"rr","display":14.018691588785046,"mu":0,"quality":"OK","raw":868.3701700460222,"sigma":1.5,"state":"IDLE","t":"2026-07-09T06:12:27.9188726Z","type":"sample"}
{"channel":"rr","display":14.018691588785046,"mu":0,"quality":"OK","raw":857.5277413828512,"sigma":1.5,"state":"IDLE","t":"2026-07-09T06:12:27.9588445Z","type":"sample"}
{"channel":"rr","display":14.018691588785046,"mu":0,"quality":"OK","raw":837.9211285809765,"sigma":1.5,"state":"IDLE","t":"2026-07-09T06:12:27.9990596Z","type":"sample"}
{"channel":"rr","display":14.018691588785046,"mu":0,"quality":"OK","raw":844.8890071843646,"sigma":1.5,"state":"IDLE","t":"2026-07-09T06:12:28.0390403Z","type":"sample"}
{"channel":"rr","display":14.018691588785046,"mu":0,"quality":"OK","raw":879.5284799524454,"sigma":1.5,"state":"IDLE","t":"2026-07-09T06:12:28.0791574Z","type":"sample"}
{"channel":"rr","display":14.018691588785046,"mu":0,"quality":"OK","raw":878.1632311942828,"sigma":1.5,"state":"IDLE","t":"2026-07-09T06:12:28.1188478Z","type":"sample"}
{"channel":"rr","display":14.018691588785046,"mu":0,"quality":"OK","raw":901.1814510580725,"sigma":1.5,"state":"IDLE","t":"2026-07-09T06:12:28.1591365Z","type":"sample"}
{"channel":"rr","display":14.018691588785046,"mu":0,"quality":"OK","raw":893.4291156747236,"sigma":1.5,"state":"IDLE","t":"2026-07-09T06:12:28.1989824Z","type":"sample"}
{"address":"/cue/r19/start","args":null,"channel":"system","dir":"out","t":"2026-07-09T06:12:28.2136461Z","type":"osc"}
{"channel":"rr","display":14.018691588785046,"mu":0,"quality":"OK","raw":914.9269636719389,"sigma":1.5,"state":"IDLE","t":"2026-07-09T06:12:28.2391879Z","type":"sample"}
{"channel":"rr","display":14.018691588785046,"mu":0,"quality":"OK","raw":900.3546781041864,"sigma":1.5,"state":"IDLE","t":"2026-07-09T06:12:28.2791126Z","type":"sample"}
{"channel":"rr","display":14.018691588785046,"mu":0,"quality":"OK","raw":963.3687810438997,"sigma":1.5,"state":"IDLE","t":"2026-07-09T06:12:28.3191611Z","type":"sample"}
{"channel":"rr","display":14.018691588785046,"mu":0,"quality":"OK","raw":979.5721661850673,"sigma":1.5,"state":"IDLE","t":"2026-07-09T06:12:28.3588346Z","type":"sample"}
{"channel":"rr","display":14.018691588785046,"mu":0,"quality":"OK","raw":1037.7600691946388,"sigma":1.5,"state":"IDLE","t":"2026-07-09T06:12:28.3992254Z","type":"sample"}
{"channel":"rr","display":14.018691588785046,"mu":0,"quality":"OK","raw":1044.4043412360068,"sigma":1.5,"state":"IDLE","t":"2026-07-09T06:12:28.4389606Z","type":"sample"}
{"channel":"rr","display":14.018691588785046,"mu":0,"quality":"OK","raw":1130.6539545575206,"sigma":1.5,"state":"IDLE","t":"2026-07-09T06:12:28.479096Z","type":"sample"}
{"channel":"rr","display":14.018691588785046,"mu":0,"quality":"OK","raw":1155.6498879287087,"sigma":1.5,"state":"IDLE","t":"2026-07-09T06:12:28.5192283Z","type":"sample"}
{"channel":"rr","display":14.018691588785046,"mu":0,"quality":"OK","raw":1234.484928984949,"sigma":1.5,"state":"IDLE","t":"2026-07-09T06:12:28.5589673Z","type":"sample"}
{"channel":"rr","display":14.018691588785046,"mu":0,"quality":"OK","raw":1259.6819222365418,"sigma":1.5,"state":"IDLE","t":"2026-07-09T06:12:28.5990567Z","type":"sample"}
{"channel":"rr","display":14.018691588785046,"mu":0,"quality":"OK","raw":1315.6172694543736,"sigma":1.5,"state":"IDLE","t":"2026-07-09T06:12:28.6391849Z","type":"sample"}
{"channel":"rr","display":14.018691588785046,"mu":0,"quality":"OK","raw":1393.3692730478672,"sigma":1.5,"state":"IDLE","t":"2026-07-09T06:12:28.6791212Z","type":"sample"}
{"channel":"rr","display":14.018691588785046,"mu":0,"quality":"OK","raw":1466.8536281601084,"sigma":1.5,"state":"IDLE","t":"2026-07-09T06:12:28.7192104Z","type":"sample"}
{"address":"/cue/p/start","args":null,"channel":"system","dir":"out","t":"2026-07-09T06:12:28.7395741Z","type":"osc"}
{"channel":"rr","display":14.018691588785046,"mu":0,"quality":"OK","raw":1536.076423535436,"sigma":1.5,"state":"IDLE","t":"2026-07-09T06:12:28.7593197Z","type":"sample"}
{"channel":"rr","display":14.018691588785046,"mu":0,"quality":"OK","raw":1579.8601734133317,"sigma":1.5,"state":"IDLE","t":"2026-07-09T06:12:28.7993456Z","type":"sample"}
{"channel":"rr","display":14.018691588785046,"mu":0,"quality":"OK","raw":1633.107774289318,"sigma":1.5,"state":"IDLE","t":"2026-07-09T06:12:28.8387623Z","type":"sample"}
{"channel":"rr","display":14.018691588785046,"mu":0,"quality":"OK","raw":1686.9649670883196,"sigma":1.5,"state":"IDLE","t":"2026-07-09T06:12:28.8791945Z","type":"sample"}
{"channel":"rr","display":14.018691588785046,"mu":0,"quality":"OK","raw":1754.7381950526653,"sigma":1.5,"state":"IDLE","t":"2026-07-09T06:12:28.9194158Z","type":"sample"}
{"channel":"rr","display":14.018691588785046,"mu":0,"quality":"OK","raw":1836.447377054355,"sigma":1.5,"state":"IDLE","t":"2026-07-09T06:12:28.9589322Z","type":"sample"}
{"channel":"rr","display":14.018691588785046,"mu":0,"quality":"OK","raw":1918.4188443511223,"sigma":1.5,"state":"IDLE","t":"2026-07-09T06:12:28.9990225Z","type":"sample"}
{"channel":"rr","display":14.018691588785046,"mu":0,"quality":"OK","raw":1976.49766535061,"sigma":1.5,"state":"IDLE","t":"2026-07-09T06:12:29.0389211Z","type":"sample"}
{"channel":"rr","display":14.018691588785046,"mu":0,"quality":"OK","raw":2067.018395763992,"sigma":1.5,"state":"IDLE","t":"2026-07-09T06:12:29.0788433Z","type":"sample"}
{"channel":"rr","display":14.018691588785046,"mu":0,"quality":"OK","raw":2113.2347220133297,"sigma":1.5,"state":"IDLE","t":"2026-07-09T06:12:29.1189036Z","type":"sample"}
{"channel":"rr","display":14.018691588785046,"mu":0,"quality":"OK","raw":2207.3255934104327,"sigma":1.5,"state":"IDLE","t":"2026-07-09T06:12:29.1591552Z","type":"sample"}
{"channel":"rr","display":14.018691588785046,"mu":0,"quality":"OK","raw":2238.6061262320045,"sigma":1.5,"state":"IDLE","t":"2026-07-09T06:12:29.1988316Z","type":"sample"}
{"address":"/cue/r19/start","args":null,"channel":"system","dir":"out","t":"2026-07-09T06:12:29.2194843Z","type":"osc"}
{"channel":"rr","display":14.018691588785046,"mu":0,"quality":"OK","raw":2317.9033712176947,"sigma":1.5,"state":"IDLE","t":"2026-07-09T06:12:29.2391386Z","type":"sample"}
{"channel":"rr","display":14.018691588785046,"mu":0,"quality":"OK","raw":2395.287565916262,"sigma":1.5,"state":"IDLE","t":"2026-07-09T06:12:29.278869Z","type":"sample"}
{"channel":"rr","display":14.018691588785046,"mu":0,"quality":"OK","raw":2466.7266042241113,"sigma":1.5,"state":"IDLE","t":"2026-07-09T06:12:29.319257Z","type":"sample"}
{"channel":"rr","display":14.018691588785046,"mu":0,"quality":"OK","raw":2530.781513826321,"sigma":1.5,"state":"IDLE","t":"2026-07-09T06:12:29.3588461Z","type":"sample"}
{"channel":"rr","display":14.018691588785046,"mu":0,"quality":"OK","raw":2633.522666179815,"sigma":1.5,"state":"IDLE","t":"2026-07-09T06:12:29.3988921Z","type":"sample"}
{"channel":"rr","display":14.018691588785046,"mu":0,"quality":"OK","raw":2660.1998977239855,"sigma":1.5,"state":"IDLE","t":"2026-07-09T06:12:29.4391449Z","type":"sample"}
{"channel":"rr","display":14.018691588785046,"mu":0,"quality":"OK","raw":2721.9624169006847,"sigma":1.5,"state":"IDLE","t":"2026-07-09T06:12:29.4789796Z","type":"sample"}
{"channel":"rr","display":14.018691588785046,"mu":0,"quality":"OK","raw":2751.5020378338822,"sigma":1.5,"state":"IDLE","t":"2026-07-09T06:12:29.5191691Z","type":"sample"}
{"channel":"rr","display":14.018691588785046,"mu":0,"quality":"OK","raw":2815.7349256926022,"sigma":1.5,"state":"IDLE","t":"2026-07-09T06:12:29.5589673Z","type":"sample"}
{"channel":"rr","display":14.018691588785046,"mu":0,"quality":"OK","raw":2896.638648668889,"sigma":1.5,"state":"IDLE","t":"2026-07-09T06:12:29.5991409Z","type":"sample"}
{"channel":"rr","display":14.018691588785046,"mu":0,"quality":"OK","raw":2944.941182130094,"sigma":1.5,"state":"IDLE","t":"2026-07-09T06:12:29.6389858Z","type":"sample"}
{"channel":"rr","display":14.018691588785046,"mu":0,"quality":"OK","raw":2955.067910441656,"sigma":1.5,"state":"IDLE","t":"2026-07-09T06:12:29.6790272Z","type":"sample"}
{"channel":"rr","display":14.018691588785046,"mu":0,"quality":"OK","raw":3008.841420588941,"sigma":1.5,"state":"IDLE","t":"2026-07-09T06:12:29.7190764Z","type":"sample"}
{"address":"/cue/p/start","args":null,"channel":"system","dir":"out","t":"2026-07-09T06:12:29.7405121Z","type":"osc"}
{"channel":"rr","display":14.018691588785046,"mu":0,"quality":"OK","raw":3037.1281694311033,"sigma":1.5,"state":"IDLE","t":"2026-07-09T06:12:29.7590174Z","type":"sample"}
{"channel":"rr","display":14.018691588785046,"mu":0,"quality":"OK","raw":3096.433956314907,"sigma":1.5,"state":"IDLE","t":"2026-07-09T06:12:29.798918Z","type":"sample"}
{"channel":"rr","display":14.018691588785046,"mu":0,"quality":"OK","raw":3139.284311538478,"sigma":1.5,"state":"IDLE","t":"2026-07-09T06:12:29.838887Z","type":"sample"}
{"channel":"rr","display":14.018691588785046,"mu":0,"quality":"OK","raw":3170.989152692067,"sigma":1.5,"state":"IDLE","t":"2026-07-09T06:12:29.8788381Z","type":"sample"}
{"channel":"rr","display":14.018691588785046,"mu":0,"quality":"OK","raw":3196.9338220358222,"sigma":1.5,"state":"IDLE","t":"2026-07-09T06:12:29.9191551Z","type":"sample"}
{"channel":"rr","display":14.018691588785046,"mu":0,"quality":"OK","raw":3181.224831813829,"sigma":1.5,"state":"IDLE","t":"2026-07-09T06:12:29.9591517Z","type":"sample"}
{"channel":"rr","display":14.018691588785046,"mu":0,"quality":"OK","raw":3208.4023790721894,"sigma":1.5,"state":"IDLE","t":"2026-07-09T06:12:29.9991991Z","type":"sample"}
{"channel":"rr","display":14.018691588785046,"mu":0,"quality":"OK","raw":3233.3678626571887,"sigma":1.5,"state":"IDLE","t":"2026-07-09T06:12:30.0392014Z","type":"sample"}
{"channel":"rr","display":14.018691588785046,"mu":0,"quality":"OK","raw":3254.0452692953113,"sigma":1.5,"state":"IDLE","t":"2026-07-09T06:12:30.0788363Z","type":"sample"}
{"channel":"rr","display":14.018691588785046,"mu":0,"quality":"OK","raw":3206.433060968699,"sigma":1.5,"state":"IDLE","t":"2026-07-09T06:12:30.1189114Z","type":"sample"}
{"channel":"rr","display":14.018691588785046,"mu":0,"quality":"OK","raw":3233.4617692133356,"sigma":1.5,"state":"IDLE","t":"2026-07-09T06:12:30.1589747Z","type":"sample"}
{"channel":"rr","display":14.018691588785046,"mu":0,"quality":"OK","raw":3229.8527754460797,"sigma":1.5,"state":"IDLE","t":"2026-07-09T06:12:30.1991937Z","type":"sample"}
{"address":"/cue/r19/start","args":null,"channel":"system","dir":"out","t":"2026-07-09T06:12:30.2300338Z","type":"osc"}
{"channel":"rr","display":14.018691588785046,"mu":0,"quality":"OK","raw":3236.6998721455116,"sigma":1.5,"state":"IDLE","t":"2026-07-09T06:12:30.2392565Z","type":"sample"}
{"channel":"rr","display":14.018691588785046,"mu":0,"quality":"OK","raw":3265.8400640951227,"sigma":1.5,"state":"IDLE","t":"2026-07-09T06:12:30.2791609Z","type":"sample"}
{"channel":"rr","display":14.018691588785046,"mu":0,"quality":"OK","raw":3204.7651327388353,"sigma":1.5,"state":"IDLE","t":"2026-07-09T06:12:30.3188905Z","type":"sample"}
{"channel":"rr","display":14.018691588785046,"mu":0,"quality":"OK","raw":3190.338878794158,"sigma":1.5,"state":"IDLE","t":"2026-07-09T06:12:30.3591686Z","type":"sample"}
{"channel":"rr","display":14.018691588785046,"mu":0,"quality":"OK","raw":3168.03248685798,"sigma":1.5,"state":"IDLE","t":"2026-07-09T06:12:30.399252Z","type":"sample"}
{"channel":"rr","display":14.018691588785046,"mu":0,"quality":"OK","raw":3135.787942408851,"sigma":1.5,"state":"IDLE","t":"2026-07-09T06:12:30.4394706Z","type":"sample"}
{"channel":"rr","display":14.018691588785046,"mu":0,"quality":"OK","raw":3099.821708412802,"sigma":1.5,"state":"IDLE","t":"2026-07-09T06:12:30.4791341Z","type":"sample"}
{"channel":"rr","display":14.018691588785046,"mu":0,"quality":"OK","raw":3090.8393735743443,"sigma":1.5,"state":"IDLE","t":"2026-07-09T06:12:30.5189267Z","type":"sample"}
{"channel":"rr","display":14.018691588785046,"mu":0,"quality":"OK","raw":3037.5758798756087,"sigma":1.5,"state":"IDLE","t":"2026-07-09T06:12:30.5592195Z","type":"sample"}
{"channel":"rr","display":14.018691588785046,"mu":0,"quality":"OK","raw":2987.579211654459,"sigma":1.5,"state":"IDLE","t":"2026-07-09T06:12:30.599224Z","type":"sample"}
{"channel":"rr","display":14.018691588785046,"mu":0,"quality":"OK","raw":2933.654212721763,"sigma":1.5,"state":"IDLE","t":"2026-07-09T06:12:30.6388481Z","type":"sample"}
{"channel":"rr","display":14.018691588785046,"mu":0,"quality":"OK","raw":2903.16282830693,"sigma":1.5,"state":"IDLE","t":"2026-07-09T06:12:30.6791361Z","type":"sample"}
{"channel":"rr","display":14.018691588785046,"mu":0,"quality":"OK","raw":2840.7492482289554,"sigma":1.5,"state":"IDLE","t":"2026-07-09T06:12:30.7191732Z","type":"sample"}
{"address":"/cue/p/start","args":null,"channel":"system","dir":"out","t":"2026-07-09T06:12:30.7400776Z","type":"osc"}
{"channel":"rr","display":14.018691588785046,"mu":0,"quality":"OK","raw":2794.178087486578,"sigma":1.5,"state":"IDLE","t":"2026-07-09T06:12:30.7589297Z","type":"sample"}
{"channel":"rr","display":14.018691588785046,"mu":0,"quality":"OK","raw":2724.15594522495,"sigma":1.5,"state":"IDLE","t":"2026-07-09T06:12:30.7989623Z","type":"sample"}
{"channel":"rr","display":14.018691588785046,"mu":0,"quality":"OK","raw":2685.334654781498,"sigma":1.5,"state":"IDLE","t":"2026-07-09T06:12:30.8389254Z","type":"sample"}
{"channel":"rr","display":14.018691588785046,"mu":0,"quality":"OK","raw":2610.795167350321,"sigma":1.5,"state":"IDLE","t":"2026-07-09T06:12:30.8789651Z","type":"sample"}
{"channel":"rr","display":14.018691588785046,"mu":0,"quality":"OK","raw":2553.7345289313143,"sigma":1.5,"state":"IDLE","t":"2026-07-09T06:12:30.9192192Z","type":"sample"}
{"channel":"rr","display":14.018691588785046,"mu":0,"quality":"OK","raw":2478.7802154855194,"sigma":1.5,"state":"IDLE","t":"2026-07-09T06:12:30.9592462Z","type":"sample"}
{"channel":"rr","display":14.018691588785046,"mu":0,"quality":"OK","raw":2419.9941066173146,"sigma":1.5,"state":"IDLE","t":"2026-07-09T06:12:30.9994062Z","type":"sample"}
{"channel":"rr","display":14.018691588785046,"mu":0,"quality":"OK","raw":2347.586586561514,"sigma":1.5,"state":"IDLE","t":"2026-07-09T06:12:31.0388607Z","type":"sample"}
{"channel":"rr","display":14.018691588785046,"mu":0,"quality":"OK","raw":2309.0865423583314,"sigma":1.5,"state":"IDLE","t":"2026-07-09T06:12:31.0791299Z","type":"sample"}
{"channel":"rr","display":14.018691588785046,"mu":0,"quality":"OK","raw":2218.2295684235582,"sigma":1.5,"state":"IDLE","t":"2026-07-09T06:12:31.1190489Z","type":"sample"}
{"channel":"rr","display":14.018691588785046,"mu":0,"quality":"OK","raw":2159.7036636232046,"sigma":1.5,"state":"IDLE","t":"2026-07-09T06:12:31.1590478Z","type":"sample"}
{"channel":"rr","display":14.018691588785046,"mu":0,"quality":"OK","raw":2082.2720827254434,"sigma":1.5,"state":"IDLE","t":"2026-07-09T06:12:31.1991822Z","type":"sample"}
{"address":"/cue/r19/start","args":null,"channel":"system","dir":"out","t":"2026-07-09T06:12:31.2352669Z","type":"osc"}
{"channel":"rr","display":14.018691588785046,"mu":0,"quality":"OK","raw":2029.9616723567426,"sigma":1.5,"state":"IDLE","t":"2026-07-09T06:12:31.2392039Z","type":"sample"}
{"channel":"rr","display":14.018691588785046,"mu":0,"quality":"OK","raw":1938.7735161315645,"sigma":1.5,"state":"IDLE","t":"2026-07-09T06:12:31.2792368Z","type":"sample"}
{"channel":"rr","display":14.018691588785046,"mu":0,"quality":"OK","raw":1847.942059344351,"sigma":1.5,"state":"IDLE","t":"2026-07-09T06:12:31.3194416Z","type":"sample"}
{"channel":"rr","display":14.018691588785046,"mu":0,"quality":"OK","raw":1803.339221449457,"sigma":1.5,"state":"IDLE","t":"2026-07-09T06:12:31.3592712Z","type":"sample"}
{"channel":"rr","display":14.018691588785046,"mu":0,"quality":"OK","raw":1747.8543816990023,"sigma":1.5,"state":"IDLE","t":"2026-07-09T06:12:31.3989291Z","type":"sample"}
{"channel":"rr","display":14.018691588785046,"mu":0,"quality":"OK","raw":1641.001889950256,"sigma":1.5,"state":"IDLE","t":"2026-07-09T06:12:31.4388742Z","type":"sample"}
{"channel":"rr","display":14.018691588785046,"mu":0,"quality":"OK","raw":1621.098100167591,"sigma":1.5,"state":"IDLE","t":"2026-07-09T06:12:31.4789075Z","type":"sample"}
{"channel":"rr","display":14.018691588785046,"mu":0,"quality":"OK","raw":1524.867557416319,"sigma":1.5,"state":"IDLE","t":"2026-07-09T06:12:31.518997Z","type":"sample"}
{"channel":"rr","display":14.018691588785046,"mu":0,"quality":"OK","raw":1479.3671995146553,"sigma":1.5,"state":"IDLE","t":"2026-07-09T06:12:31.5591743Z","type":"sample"}
{"channel":"rr","display":14.018691588785046,"mu":0,"quality":"OK","raw":1394.1227642632598,"sigma":1.5,"state":"IDLE","t":"2026-07-09T06:12:31.5990789Z","type":"sample"}
{"channel":"rr","display":14.018691588785046,"mu":0,"quality":"OK","raw":1364.2225459242152,"sigma":1.5,"state":"IDLE","t":"2026-07-09T06:12:31.6392355Z","type":"sample"}
{"channel":"rr","display":14.018691588785046,"mu":0,"quality":"OK","raw":1292.6764849281499,"sigma":1.5,"state":"IDLE","t":"2026-07-09T06:12:31.6788281Z","type":"sample"}
{"channel":"rr","display":14.018691588785046,"mu":0,"quality":"OK","raw":1222.5743348169722,"sigma":1.5,"state":"IDLE","t":"2026-07-09T06:12:31.7189199Z","type":"sample"}
{"address":"/cue/p/start","args":null,"channel":"system","dir":"out","t":"2026-07-09T06:12:31.7393816Z","type":"osc"}
{"channel":"rr","display":14.018691588785046,"mu":0,"quality":"OK","raw":1211.3649970671277,"sigma":1.5,"state":"IDLE","t":"2026-07-09T06:12:31.7589429Z","type":"sample"}
{"channel":"rr","display":14.018691588785046,"mu":0,"quality":"OK","raw":1151.8530158892033,"sigma":1.5,"state":"IDLE","t":"2026-07-09T06:12:31.7991977Z","type":"sample"}
{"channel":"rr","display":14.018691588785046,"mu":0,"quality":"OK","raw":1108.5547484663953,"sigma":1.5,"state":"IDLE","t":"2026-07-09T06:12:31.8397989Z","type":"sample"}
{"channel":"rr","display":14.018691588785046,"mu":0,"quality":"OK","raw":1054.3969389300125,"sigma":1.5,"state":"IDLE","t":"2026-07-09T06:12:31.8790594Z","type":"sample"}
{"channel":"rr","display":14.018691588785046,"mu":0,"quality":"OK","raw":1012.9912569574284,"sigma":1.5,"state":"IDLE","t":"2026-07-09T06:12:31.9187723Z","type":"sample"}
{"channel":"rr","display":14.018691588785046,"mu":0,"quality":"OK","raw":1022.2164951455384,"sigma":1.5,"state":"IDLE","t":"2026-07-09T06:12:31.958874Z","type":"sample"}
{"channel":"rr","display":14.018691588785046,"mu":0,"quality":"OK","raw":974.3650264013431,"sigma":1.5,"state":"IDLE","t":"2026-07-09T06:12:31.9990449Z","type":"sample"}
{"channel":"rr","display":14.018691588785046,"mu":0,"quality":"OK","raw":926.7980931974997,"sigma":1.5,"state":"IDLE","t":"2026-07-09T06:12:32.0388061Z","type":"sample"}
{"channel":"rr","display":14.018691588785046,"mu":0,"quality":"OK","raw":920.2171594735106,"sigma":1.5,"state":"IDLE","t":"2026-07-09T06:12:32.0790185Z","type":"sample"}
{"channel":"rr","display":14.018691588785046,"mu":0,"quality":"OK","raw":875.375956652964,"sigma":1.5,"state":"IDLE","t":"2026-07-09T06:12:32.1189803Z","type":"sample"}
{"channel":"rr","display":14.018691588785046,"mu":0,"quality":"OK","raw":871.8070994182016,"sigma":1.5,"state":"IDLE","t":"2026-07-09T06:12:32.1587756Z","type":"sample"}
{"channel":"rr","display":14.018691588785046,"mu":0,"quality":"OK","raw":875.1190513457487,"sigma":1.5,"state":"IDLE","t":"2026-07-09T06:12:32.1989019Z","type":"sample"}
{"channel":"rr","display":14.018691588785046,"mu":0,"quality":"OK","raw":887.3833088660132,"sigma":1.5,"state":"IDLE","t":"2026-07-09T06:12:32.2389318Z","type":"sample"}
{"address":"/cue/r19/start","args":null,"channel":"system","dir":"out","t":"2026-07-09T06:12:32.2418409Z","type":"osc"}
{"channel":"rr","display":14.018691588785046,"mu":0,"quality":"OK","raw":843.9843958278595,"sigma":1.5,"state":"IDLE","t":"2026-07-09T06:12:32.2788282Z","type":"sample"}
{"channel":"rr","display":14.018691588785046,"mu":0,"quality":"OK","raw":837.0719478130972,"sigma":1.5,"state":"IDLE","t":"2026-07-09T06:12:32.31941Z","type":"sample"}
{"channel":"rr","display":14.018691588785046,"mu":0,"quality":"OK","raw":845.5373702924601,"sigma":1.5,"state":"IDLE","t":"2026-07-09T06:12:32.3591926Z","type":"sample"}
{"channel":"rr","display":14.018691588785046,"mu":0,"quality":"OK","raw":871.3156398531181,"sigma":1.5,"state":"IDLE","t":"2026-07-09T06:12:32.3990431Z","type":"sample"}
{"channel":"rr","display":14.018691588785046,"mu":0,"quality":"OK","raw":897.3215725840435,"sigma":1.5,"state":"IDLE","t":"2026-07-09T06:12:32.4389478Z","type":"sample"}
{"channel":"rr","display":14.018691588785046,"mu":0,"quality":"OK","raw":873.7814330926018,"sigma":1.5,"state":"IDLE","t":"2026-07-09T06:12:32.4790248Z","type":"sample"}
{"channel":"rr","display":14.018691588785046,"mu":0,"quality":"OK","raw":922.1292316980649,"sigma":1.5,"state":"IDLE","t":"2026-07-09T06:12:32.5188598Z","type":"sample"}
{"channel":"rr","display":14.018691588785046,"mu":0,"quality":"OK","raw":955.1092589033058,"sigma":1.5,"state":"IDLE","t":"2026-07-09T06:12:32.5589634Z","type":"sample"}
{"channel":"rr","display":14.018691588785046,"mu":0,"quality":"OK","raw":955.7076317530036,"sigma":1.5,"state":"IDLE","t":"2026-07-09T06:12:32.5989547Z","type":"sample"}
{"channel":"rr","display":14.018691588785046,"mu":0,"quality":"OK","raw":994.8169077397564,"sigma":1.5,"state":"IDLE","t":"2026-07-09T06:12:32.6390365Z","type":"sample"}
{"channel":"rr","display":14.018691588785046,"mu":0,"quality":"OK","raw":1042.3677306468544,"sigma":1.5,"state":"IDLE","t":"2026-07-09T06:12:32.6797568Z","type":"sample"}
{"channel":"rr","display":14.018691588785046,"mu":0,"quality":"OK","raw":1063.701025105644,"sigma":1.5,"state":"IDLE","t":"2026-07-09T06:12:32.7192202Z","type":"sample"}
{"address":"/cue/p/start","args":null,"channel":"system","dir":"out","t":"2026-07-09T06:12:32.7402504Z","type":"osc"}
{"channel":"rr","display":14.018691588785046,"mu":0,"quality":"OK","raw":1143.2063454770794,"sigma":1.5,"state":"IDLE","t":"2026-07-09T06:12:32.758798Z","type":"sample"}
{"channel":"rr","display":14.018691588785046,"mu":0,"quality":"OK","raw":1164.7282251384875,"sigma":1.5,"state":"IDLE","t":"2026-07-09T06:12:32.7989711Z","type":"sample"}
{"channel":"rr","display":14.018691588785046,"mu":0,"quality":"OK","raw":1208.8651123748352,"sigma":1.5,"state":"IDLE","t":"2026-07-09T06:12:32.8390379Z","type":"sample"}
{"channel":"rr","display":14.018691588785046,"mu":0,"quality":"OK","raw":1249.6082885065791,"sigma":1.5,"state":"IDLE","t":"2026-07-09T06:12:32.8787901Z","type":"sample"}
{"channel":"rr","display":14.018691588785046,"mu":0,"quality":"OK","raw":1338.0963206032402,"sigma":1.5,"state":"IDLE","t":"2026-07-09T06:12:32.9190494Z","type":"sample"}
{"channel":"rr","display":14.018691588785046,"mu":0,"quality":"OK","raw":1402.510423406185,"sigma":1.5,"state":"IDLE","t":"2026-07-09T06:12:32.9592254Z","type":"sample"}
{"channel":"rr","display":14.018691588785046,"mu":0,"quality":"OK","raw":1449.4340281364332,"sigma":1.5,"state":"IDLE","t":"2026-07-09T06:12:32.9990111Z","type":"sample"}
{"channel":"rr","display":14.018691588785046,"mu":0,"quality":"OK","raw":1515.334383806117,"sigma":1.5,"state":"IDLE","t":"2026-07-09T06:12:33.0390721Z","type":"sample"}
{"channel":"rr","display":14.018691588785046,"mu":0,"quality":"OK","raw":1545.2964798431442,"sigma":1.5,"state":"IDLE","t":"2026-07-09T06:12:33.0791176Z","type":"sample"}
{"channel":"rr","display":14.018691588785046,"mu":0,"quality":"OK","raw":1636.3462878564683,"sigma":1.5,"state":"IDLE","t":"2026-07-09T06:12:33.1188661Z","type":"sample"}
{"channel":"rr","display":14.018691588785046,"mu":0,"quality":"OK","raw":1688.1463715149425,"sigma":1.5,"state":"IDLE","t":"2026-07-09T06:12:33.1588781Z","type":"sample"}
{"channel":"rr","display":14.018691588785046,"mu":0,"quality":"OK","raw":1774.6294625401013,"sigma":1.5,"state":"IDLE","t":"2026-07-09T06:12:33.1992278Z","type":"sample"}
{"channel":"rr","display":14.018691588785046,"mu":0,"quality":"OK","raw":1856.9658014298013,"sigma":1.5,"state":"IDLE","t":"2026-07-09T06:12:33.2389966Z","type":"sample"}
{"address":"/cue/r19/start","args":null,"channel":"system","dir":"out","t":"2026-07-09T06:12:33.2543645Z","type":"osc"}
{"channel":"rr","display":14.018691588785046,"mu":0,"quality":"OK","raw":1889.3984109440903,"sigma":1.5,"state":"IDLE","t":"2026-07-09T06:12:33.2790726Z","type":"sample"}
{"channel":"rr","display":14.018691588785046,"mu":0,"quality":"OK","raw":1994.5105173769023,"sigma":1.5,"state":"IDLE","t":"2026-07-09T06:12:33.3191096Z","type":"sample"}
{"channel":"rr","display":14.018691588785046,"mu":0,"quality":"OK","raw":2058.0313996911887,"sigma":1.5,"state":"IDLE","t":"2026-07-09T06:12:33.3589615Z","type":"sample"}
{"channel":"rr","display":14.018691588785046,"mu":0,"quality":"OK","raw":2120.159062167185,"sigma":1.5,"state":"IDLE","t":"2026-07-09T06:12:33.398765Z","type":"sample"}
{"channel":"rr","display":14.018691588785046,"mu":0,"quality":"OK","raw":2213.5637234580045,"sigma":1.5,"state":"IDLE","t":"2026-07-09T06:12:33.4391387Z","type":"sample"}
{"channel":"rr","display":14.018691588785046,"mu":0,"quality":"OK","raw":2237.3977030825445,"sigma":1.5,"state":"IDLE","t":"2026-07-09T06:12:33.4790141Z","type":"sample"}
{"channel":"rr","display":14.018691588785046,"mu":0,"quality":"OK","raw":2327.777954386596,"sigma":1.5,"state":"IDLE","t":"2026-07-09T06:12:33.5192121Z","type":"sample"}
{"channel":"rr","display":14.018691588785046,"mu":0,"quality":"OK","raw":2380.333207352492,"sigma":1.5,"state":"IDLE","t":"2026-07-09T06:12:33.5591466Z","type":"sample"}
{"channel":"rr","display":14.018691588785046,"mu":0,"quality":"OK","raw":2463.1936633330943,"sigma":1.5,"state":"IDLE","t":"2026-07-09T06:12:33.5989871Z","type":"sample"}
{"channel":"rr","display":14.018691588785046,"mu":0,"quality":"OK","raw":2531.555299029642,"sigma":1.5,"state":"IDLE","t":"2026-07-09T06:12:33.6389704Z","type":"sample"}
{"channel":"rr","display":14.018691588785046,"mu":0,"quality":"OK","raw":2582.1543208441058,"sigma":1.5,"state":"IDLE","t":"2026-07-09T06:12:33.6790339Z","type":"sample"}
{"channel":"rr","display":14.018691588785046,"mu":0,"quality":"OK","raw":2665.2644637797853,"sigma":1.5,"state":"IDLE","t":"2026-07-09T06:12:33.7189644Z","type":"sample"}
{"address":"/cue/p/start","args":null,"channel":"system","dir":"out","t":"2026-07-09T06:12:33.7407394Z","type":"osc"}
{"channel":"rr","display":14.018691588785046,"mu":0,"quality":"OK","raw":2717.477595649481,"sigma":1.5,"state":"IDLE","t":"2026-07-09T06:12:33.7590696Z","type":"sample"}
{"channel":"rr","display":14.018691588785046,"mu":0,"quality":"OK","raw":2762.187542494219,"sigma":1.5,"state":"IDLE","t":"2026-07-09T06:12:33.7988477Z","type":"sample"}
{"channel":"rr","display":14.018691588785046,"mu":0,"quality":"OK","raw":2824.2553985433237,"sigma":1.5,"state":"IDLE","t":"2026-07-09T06:12:33.8388703Z","type":"sample"}
{"channel":"rr","display":14.018691588785046,"mu":0,"quality":"OK","raw":2862.003526216786,"sigma":1.5,"state":"IDLE","t":"2026-07-09T06:12:33.8790252Z","type":"sample"}
{"channel":"rr","display":14.018691588785046,"mu":0,"quality":"OK","raw":2940.6984245945573,"sigma":1.5,"state":"IDLE","t":"2026-07-09T06:12:33.9189861Z","type":"sample"}
{"channel":"rr","display":14.018691588785046,"mu":0,"quality":"OK","raw":2959.87110160893,"sigma":1.5,"state":"IDLE","t":"2026-07-09T06:12:33.9587288Z","type":"sample"}
{"channel":"rr","display":14.018691588785046,"mu":0,"quality":"OK","raw":3009.3136956609496,"sigma":1.5,"state":"IDLE","t":"2026-07-09T06:12:33.9991514Z","type":"sample"}
{"channel":"rr","display":14.018691588785046,"mu":0,"quality":"OK","raw":3059.2065110078443,"sigma":1.5,"state":"IDLE","t":"2026-07-09T06:12:34.0391926Z","type":"sample"}
{"channel":"rr","display":14.018691588785046,"mu":0,"quality":"OK","raw":3087.4815444133346,"sigma":1.5,"state":"IDLE","t":"2026-07-09T06:12:34.0791341Z","type":"sample"}
{"channel":"rr","display":14.018691588785046,"mu":0,"quality":"OK","raw":3109.4006091288325,"sigma":1.5,"state":"IDLE","t":"2026-07-09T06:12:34.1195369Z","type":"sample"}
{"channel":"rr","display":14.018691588785046,"mu":0,"quality":"OK","raw":3174.43160835918,"sigma":1.5,"state":"IDLE","t":"2026-07-09T06:12:34.1592643Z","type":"sample"}
{"channel":"rr","display":14.018691588785046,"mu":0,"quality":"OK","raw":3174.898823306774,"sigma":1.5,"state":"IDLE","t":"2026-07-09T06:12:34.1990459Z","type":"sample"}
{"channel":"rr","display":14.018691588785046,"mu":0,"quality":"OK","raw":3227.670600128476,"sigma":1.5,"state":"IDLE","t":"2026-07-09T06:12:34.2387875Z","type":"sample"}
{"address":"/cue/r19/start","args":null,"channel":"system","dir":"out","t":"2026-07-09T06:12:34.2591005Z","type":"osc"}
{"channel":"rr","display":14.018691588785046,"mu":0,"quality":"OK","raw":3231.2918828313327,"sigma":1.5,"state":"IDLE","t":"2026-07-09T06:12:34.2790974Z","type":"sample"}
{"channel":"rr","display":14.018691588785046,"mu":0,"quality":"OK","raw":3203.267652820944,"sigma":1.5,"state":"IDLE","t":"2026-07-09T06:12:34.3192018Z","type":"sample"}
{"channel":"rr","display":14.018691588785046,"mu":0,"quality":"OK","raw":3261.497053426908,"sigma":1.5,"state":"IDLE","t":"2026-07-09T06:12:34.3590006Z","type":"sample"}
{"channel":"rr","display":14.018691588785046,"mu":0,"quality":"OK","raw":3245.6484115410417,"sigma":1.5,"state":"IDLE","t":"2026-07-09T06:12:34.3990003Z","type":"sample"}
{"channel":"rr","display":14.018691588785046,"mu":0,"quality":"OK","raw":3249.3909180736246,"sigma":1.5,"state":"IDLE","t":"2026-07-09T06:12:34.438965Z","type":"sample"}
{"channel":"rr","display":14.018691588785046,"mu":0,"quality":"OK","raw":3250.8952126161084,"sigma":1.5,"state":"IDLE","t":"2026-07-09T06:12:34.4789264Z","type":"sample"}
{"channel":"rr","display":14.018691588785046,"mu":0,"quality":"OK","raw":3236.8758522230914,"sigma":1.5,"state":"IDLE","t":"2026-07-09T06:12:34.518976Z","type":"sample"}
{"channel":"rr","display":14.018691588785046,"mu":0,"quality":"OK","raw":3245.789448130362,"sigma":1.5,"state":"IDLE","t":"2026-07-09T06:12:34.5591515Z","type":"sample"}
{"channel":"rr","display":14.018691588785046,"mu":0,"quality":"OK","raw":3225.601625976416,"sigma":1.5,"state":"IDLE","t":"2026-07-09T06:12:34.59902Z","type":"sample"}
{"channel":"rr","display":14.018691588785046,"mu":0,"quality":"OK","raw":3157.8401898023462,"sigma":1.5,"state":"IDLE","t":"2026-07-09T06:12:34.6389512Z","type":"sample"}
{"channel":"rr","display":14.018691588785046,"mu":0,"quality":"OK","raw":3148.1145581680676,"sigma":1.5,"state":"IDLE","t":"2026-07-09T06:12:34.6787694Z","type":"sample"}
{"channel":"rr","display":14.018691588785046,"mu":0,"quality":"OK","raw":3146.7248686491544,"sigma":1.5,"state":"IDLE","t":"2026-07-09T06:12:34.7194263Z","type":"sample"}
{"address":"/cue/p/start","args":null,"channel":"system","dir":"out","t":"2026-07-09T06:12:34.7401383Z","type":"osc"}
{"channel":"rr","display":14.018691588785046,"mu":0,"quality":"OK","raw":3114.5668269026614,"sigma":1.5,"state":"IDLE","t":"2026-07-09T06:12:34.7590155Z","type":"sample"}
{"channel":"rr","display":14.018691588785046,"mu":0,"quality":"OK","raw":3051.773035602325,"sigma":1.5,"state":"IDLE","t":"2026-07-09T06:12:34.7988854Z","type":"sample"}
{"channel":"rr","display":14.018691588785046,"mu":0,"quality":"OK","raw":3025.5339518039714,"sigma":1.5,"state":"IDLE","t":"2026-07-09T06:12:34.8389102Z","type":"sample"}
{"channel":"rr","display":14.018691588785046,"mu":0,"quality":"OK","raw":3013.826549779507,"sigma":1.5,"state":"IDLE","t":"2026-07-09T06:12:34.8791233Z","type":"sample"}
{"channel":"rr","display":14.018691588785046,"mu":0,"quality":"OK","raw":2968.830087597469,"sigma":1.5,"state":"IDLE","t":"2026-07-09T06:12:34.9190288Z","type":"sample"}
{"channel":"rr","display":14.018691588785046,"mu":0,"quality":"OK","raw":2904.583189477108,"sigma":1.5,"state":"IDLE","t":"2026-07-09T06:12:34.9590143Z","type":"sample"}
{"channel":"rr","display":14.018691588785046,"mu":0,"quality":"OK","raw":2841.2424304175092,"sigma":1.5,"state":"IDLE","t":"2026-07-09T06:12:34.9989396Z","type":"sample"}
{"channel":"rr","display":14.018691588785046,"mu":0,"quality":"OK","raw":2785.816596955375,"sigma":1.5,"state":"IDLE","t":"2026-07-09T06:12:35.0391962Z","type":"sample"}
{"channel":"rr","display":14.018691588785046,"mu":0,"quality":"OK","raw":2748.6268977829277,"sigma":1.5,"state":"IDLE","t":"2026-07-09T06:12:35.0791254Z","type":"sample"}
{"channel":"rr","display":14.018691588785046,"mu":0,"quality":"OK","raw":2707.9534323646953,"sigma":1.5,"state":"IDLE","t":"2026-07-09T06:12:35.119133Z","type":"sample"}
{"channel":"rr","display":14.018691588785046,"mu":0,"quality":"OK","raw":2632.744431391729,"sigma":1.5,"state":"IDLE","t":"2026-07-09T06:12:35.1591106Z","type":"sample"}
{"channel":"rr","display":14.018691588785046,"mu":0,"quality":"OK","raw":2541.0887753943607,"sigma":1.5,"state":"IDLE","t":"2026-07-09T06:12:35.1988176Z","type":"sample"}
{"channel":"rr","display":14.018691588785046,"mu":0,"quality":"OK","raw":2479.822126404367,"sigma":1.5,"state":"IDLE","t":"2026-07-09T06:12:35.2389786Z","type":"sample"}
{"address":"/cue/r19/start","args":null,"channel":"system","dir":"out","t":"2026-07-09T06:12:35.2697937Z","type":"osc"}
{"channel":"rr","display":14.018691588785046,"mu":0,"quality":"OK","raw":2396.386984500466,"sigma":1.5,"state":"IDLE","t":"2026-07-09T06:12:35.2790549Z","type":"sample"}
{"channel":"rr","display":14.018691588785046,"mu":0,"quality":"OK","raw":2338.5702744400523,"sigma":1.5,"state":"IDLE","t":"2026-07-09T06:12:35.3189153Z","type":"sample"}
{"channel":"rr","display":14.018691588785046,"mu":0,"quality":"OK","raw":2309.9800709422548,"sigma":1.5,"state":"IDLE","t":"2026-07-09T06:12:35.3590565Z","type":"sample"}
{"channel":"rr","display":14.018691588785046,"mu":0,"quality":"OK","raw":2198.8426725402883,"sigma":1.5,"state":"IDLE","t":"2026-07-09T06:12:35.3988107Z","type":"sample"}
{"channel":"rr","display":14.018691588785046,"mu":0,"quality":"OK","raw":2179.4670158575973,"sigma":1.5,"state":"IDLE","t":"2026-07-09T06:12:35.4391933Z","type":"sample"}
{"channel":"rr","display":14.018691588785046,"mu":0,"quality":"OK","raw":2054.050167698511,"sigma":1.5,"state":"IDLE","t":"2026-07-09T06:12:35.4789171Z","type":"sample"}
{"channel":"rr","display":14.018691588785046,"mu":0,"quality":"OK","raw":2028.5493853952019,"sigma":1.5,"state":"IDLE","t":"2026-07-09T06:12:35.5189096Z","type":"sample"}
{"channel":"rr","display":14.018691588785046,"mu":0,"quality":"OK","raw":1955.312888758258,"sigma":1.5,"state":"IDLE","t":"2026-07-09T06:12:35.5598732Z","type":"sample"}
{"channel":"rr","display":14.018691588785046,"mu":0,"quality":"OK","raw":1857.2396869910049,"sigma":1.5,"state":"IDLE","t":"2026-07-09T06:12:35.5992679Z","type":"sample"}
{"channel":"rr","display":14.018691588785046,"mu":0,"quality":"OK","raw":1806.5916519283173,"sigma":1.5,"state":"IDLE","t":"2026-07-09T06:12:35.6391233Z","type":"sample"}
{"channel":"rr","display":14.018691588785046,"mu":0,"quality":"OK","raw":1728.9203365835115,"sigma":1.5,"state":"IDLE","t":"2026-07-09T06:12:35.6791845Z","type":"sample"}
{"channel":"rr","display":14.018691588785046,"mu":0,"quality":"OK","raw":1672.5496238190206,"sigma":1.5,"state":"IDLE","t":"2026-07-09T06:12:35.7188377Z","type":"sample"}
{"address":"/cue/p/start","args":null,"channel":"system","dir":"out","t":"2026-07-09T06:12:35.741364Z","type":"osc"}
{"channel":"rr","display":14.018691588785046,"mu":0,"quality":"OK","raw":1617.6151300709548,"sigma":1.5,"state":"IDLE","t":"2026-07-09T06:12:35.7591899Z","type":"sample"}
{"channel":"rr","display":14.018691588785046,"mu":0,"quality":"OK","raw":1525.1168955745807,"sigma":1.5,"state":"IDLE","t":"2026-07-09T06:12:35.7995594Z","type":"sample"}
{"channel":"rr","display":14.018691588785046,"mu":0,"quality":"OK","raw":1471.938086195448,"sigma":1.5,"state":"IDLE","t":"2026-07-09T06:12:35.839291Z","type":"sample"}
{"channel":"rr","display":14.018691588785046,"mu":0,"quality":"OK","raw":1412.1996921663554,"sigma":1.5,"state":"IDLE","t":"2026-07-09T06:12:35.8787933Z","type":"sample"}
{"channel":"rr","display":14.018691588785046,"mu":0,"quality":"OK","raw":1364.6415279424327,"sigma":1.5,"state":"IDLE","t":"2026-07-09T06:12:35.9189563Z","type":"sample"}
{"channel":"rr","display":14.018691588785046,"mu":0,"quality":"OK","raw":1312.4266291944082,"sigma":1.5,"state":"IDLE","t":"2026-07-09T06:12:35.9590796Z","type":"sample"}
{"channel":"rr","display":14.018691588785046,"mu":0,"quality":"OK","raw":1233.6312950591878,"sigma":1.5,"state":"IDLE","t":"2026-07-09T06:12:35.9989857Z","type":"sample"}
{"channel":"rr","display":14.018691588785046,"mu":0,"quality":"OK","raw":1185.33516235028,"sigma":1.5,"state":"IDLE","t":"2026-07-09T06:12:36.0392203Z","type":"sample"}
{"channel":"rr","display":14.018691588785046,"mu":0,"quality":"OK","raw":1153.897601259767,"sigma":1.5,"state":"IDLE","t":"2026-07-09T06:12:36.0794274Z","type":"sample"}
{"channel":"rr","display":14.018691588785046,"mu":0,"quality":"OK","raw":1096.0217509518172,"sigma":1.5,"state":"IDLE","t":"2026-07-09T06:12:36.119272Z","type":"sample"}
{"channel":"rr","display":14.018691588785046,"mu":0,"quality":"OK","raw":1033.3499715108353,"sigma":1.5,"state":"IDLE","t":"2026-07-09T06:12:36.1590371Z","type":"sample"}
{"channel":"rr","display":14.018691588785046,"mu":0,"quality":"OK","raw":1018.392451662113,"sigma":1.5,"state":"IDLE","t":"2026-07-09T06:12:36.1988955Z","type":"sample"}
{"channel":"rr","display":14.018691588785046,"mu":0,"quality":"OK","raw":1001.2326222128805,"sigma":1.5,"state":"IDLE","t":"2026-07-09T06:12:36.2391864Z","type":"sample"}
{"address":"/cue/r19/start","args":null,"channel":"system","dir":"out","t":"2026-07-09T06:12:36.2746074Z","type":"osc"}
{"channel":"rr","display":14.018691588785046,"mu":0,"quality":"OK","raw":939.7172292954567,"sigma":1.5,"state":"IDLE","t":"2026-07-09T06:12:36.2788617Z","type":"sample"}
{"channel":"rr","display":14.018691588785046,"mu":0,"quality":"OK","raw":930.3328960609239,"sigma":1.5,"state":"IDLE","t":"2026-07-09T06:12:36.3188526Z","type":"sample"}
{"channel":"rr","display":14.018691588785046,"mu":0,"quality":"OK","raw":891.023147924846,"sigma":1.5,"state":"IDLE","t":"2026-07-09T06:12:36.3588321Z","type":"sample"}
{"channel":"rr","display":14.018691588785046,"mu":0,"quality":"OK","raw":897.3740572358195,"sigma":1.5,"state":"IDLE","t":"2026-07-09T06:12:36.3990862Z","type":"sample"}
{"channel":"rr","display":14.018691588785046,"mu":0,"quality":"OK","raw":889.0284023248141,"sigma":1.5,"state":"IDLE","t":"2026-07-09T06:12:36.4388431Z","type":"sample"}
{"channel":"rr","display":14.018691588785046,"mu":0,"quality":"OK","raw":830.3986153834347,"sigma":1.5,"state":"IDLE","t":"2026-07-09T06:12:36.4788086Z","type":"sample"}
{"channel":"rr","display":14.018691588785046,"mu":0,"quality":"OK","raw":843.5592755801321,"sigma":1.5,"state":"IDLE","t":"2026-07-09T06:12:36.5192632Z","type":"sample"}
{"channel":"rr","display":14.018691588785046,"mu":0,"quality":"OK","raw":839.8473968771588,"sigma":1.5,"state":"IDLE","t":"2026-07-09T06:12:36.5589823Z","type":"sample"}
{"channel":"rr","display":14.018691588785046,"mu":0,"quality":"OK","raw":869.8477942708237,"sigma":1.5,"state":"IDLE","t":"2026-07-09T06:12:36.5991217Z","type":"sample"}
{"channel":"rr","display":14.018691588785046,"mu":0,"quality":"OK","raw":861.1950362432491,"sigma":1.5,"state":"IDLE","t":"2026-07-09T06:12:36.6390585Z","type":"sample"}
{"channel":"rr","display":14.018691588785046,"mu":0,"quality":"OK","raw":858.9721306976649,"sigma":1.5,"state":"IDLE","t":"2026-07-09T06:12:36.6788224Z","type":"sample"}
{"channel":"rr","display":14.018691588785046,"mu":0,"quality":"OK","raw":868.3933409758441,"sigma":1.5,"state":"IDLE","t":"2026-07-09T06:12:36.7188173Z","type":"sample"}
{"address":"/cue/p/start","args":null,"channel":"system","dir":"out","t":"2026-07-09T06:12:36.7398605Z","type":"osc"}
{"channel":"rr","display":14.018691588785046,"mu":0,"quality":"OK","raw":906.6358202751709,"sigma":1.5,"state":"IDLE","t":"2026-07-09T06:12:36.758731Z","type":"sample"}
{"channel":"rr","display":14.018691588785046,"mu":0,"quality":"OK","raw":904.5053467100613,"sigma":1.5,"state":"IDLE","t":"2026-07-09T06:12:36.7989255Z","type":"sample"}
{"channel":"rr","display":14.018691588785046,"mu":0,"quality":"OK","raw":945.012388791173,"sigma":1.5,"state":"IDLE","t":"2026-07-09T06:12:36.839017Z","type":"sample"}
{"channel":"rr","display":14.018691588785046,"mu":0,"quality":"OK","raw":981.2794868893393,"sigma":1.5,"state":"IDLE","t":"2026-07-09T06:12:36.8787638Z","type":"sample"}
{"channel":"rr","display":14.018691588785046,"mu":0,"quality":"OK","raw":1008.068644638848,"sigma":1.5,"state":"IDLE","t":"2026-07-09T06:12:36.9188601Z","type":"sample"}
{"channel":"rr","display":14.018691588785046,"mu":0,"quality":"OK","raw":1040.7955740598388,"sigma":1.5,"state":"IDLE","t":"2026-07-09T06:12:36.9590913Z","type":"sample"}
{"channel":"rr","display":14.018691588785046,"mu":0,"quality":"OK","raw":1087.4340438447168,"sigma":1.5,"state":"IDLE","t":"2026-07-09T06:12:36.9990715Z","type":"sample"}
{"channel":"rr","display":14.018691588785046,"mu":0,"quality":"OK","raw":1109.3538251707453,"sigma":1.5,"state":"IDLE","t":"2026-07-09T06:12:37.0391601Z","type":"sample"}
{"channel":"rr","display":14.018691588785046,"mu":0,"quality":"OK","raw":1183.5936783006152,"sigma":1.5,"state":"IDLE","t":"2026-07-09T06:12:37.0789465Z","type":"sample"}
{"channel":"rr","display":14.018691588785046,"mu":0,"quality":"OK","raw":1234.071938543941,"sigma":1.5,"state":"IDLE","t":"2026-07-09T06:12:37.1190316Z","type":"sample"}
{"channel":"rr","display":14.018691588785046,"mu":0,"quality":"OK","raw":1288.6221821920615,"sigma":1.5,"state":"IDLE","t":"2026-07-09T06:12:37.1588525Z","type":"sample"}
{"channel":"rr","display":14.018691588785046,"mu":0,"quality":"OK","raw":1317.216400406864,"sigma":1.5,"state":"IDLE","t":"2026-07-09T06:12:37.1988159Z","type":"sample"}
{"channel":"rr","display":14.018691588785046,"mu":0,"quality":"OK","raw":1389.745488210982,"sigma":1.5,"state":"IDLE","t":"2026-07-09T06:12:37.2388407Z","type":"sample"}
{"channel":"rr","display":14.018691588785046,"mu":0,"quality":"OK","raw":1437.4356301482183,"sigma":1.5,"state":"IDLE","t":"2026-07-09T06:12:37.2787177Z","type":"sample"}
{"address":"/cue/r19/start","args":null,"channel":"system","dir":"out","t":"2026-07-09T06:12:37.2797344Z","type":"osc"}
{"channel":"rr","display":14.018691588785046,"mu":0,"quality":"OK","raw":1491.2529352011168,"sigma":1.5,"state":"IDLE","t":"2026-07-09T06:12:37.3189967Z","type":"sample"}
{"channel":"rr","display":14.018691588785046,"mu":0,"quality":"OK","raw":1551.0338339315838,"sigma":1.5,"state":"IDLE","t":"2026-07-09T06:12:37.3588663Z","type":"sample"}
{"channel":"rr","display":14.018691588785046,"mu":0,"quality":"OK","raw":1612.019386358301,"sigma":1.5,"state":"IDLE","t":"2026-07-09T06:12:37.3992161Z","type":"sample"}
{"channel":"rr","display":14.018691588785046,"mu":0,"quality":"OK","raw":1695.6453185879627,"sigma":1.5,"state":"IDLE","t":"2026-07-09T06:12:37.4391077Z","type":"sample"}
{"channel":"rr","display":14.018691588785046,"mu":0,"quality":"OK","raw":1754.4293737516682,"sigma":1.5,"state":"IDLE","t":"2026-07-09T06:12:37.4791544Z","type":"sample"}
{"channel":"rr","display":14.018691588785046,"mu":0,"quality":"OK","raw":1836.2254641868406,"sigma":1.5,"state":"IDLE","t":"2026-07-09T06:12:37.5192474Z","type":"sample"}
{"channel":"rr","display":14.018691588785046,"mu":0,"quality":"OK","raw":1904.0662271517203,"sigma":1.5,"state":"IDLE","t":"2026-07-09T06:12:37.5590576Z","type":"sample"}
{"channel":"rr","display":14.018691588785046,"mu":0,"quality":"OK","raw":1998.9549494362354,"sigma":1.5,"state":"IDLE","t":"2026-07-09T06:12:37.5991104Z","type":"sample"}
{"channel":"rr","display":14.018691588785046,"mu":0,"quality":"OK","raw":2042.0645923093941,"sigma":1.5,"state":"IDLE","t":"2026-07-09T06:12:37.638786Z","type":"sample"}
{"channel":"rr","display":14.018691588785046,"mu":0,"quality":"OK","raw":2115.97025929214,"sigma":1.5,"state":"IDLE","t":"2026-07-09T06:12:37.6792316Z","type":"sample"}
{"channel":"rr","display":14.018691588785046,"mu":0,"quality":"OK","raw":2207.3214269436808,"sigma":1.5,"state":"IDLE","t":"2026-07-09T06:12:37.718838Z","type":"sample"}
{"address":"/cue/p/start","args":null,"channel":"system","dir":"out","t":"2026-07-09T06:12:37.7400584Z","type":"osc"}
{"channel":"rr","display":14.018691588785046,"mu":0,"quality":"OK","raw":2275.870294214159,"sigma":1.5,"state":"IDLE","t":"2026-07-09T06:12:37.7587793Z","type":"sample"}
{"channel":"rr","display":14.018691588785046,"mu":0,"quality":"OK","raw":2320.5410521391113,"sigma":1.5,"state":"IDLE","t":"2026-07-09T06:12:37.7993441Z","type":"sample"}
{"channel":"rr","display":14.018691588785046,"mu":0,"quality":"OK","raw":2379.2955999764354,"sigma":1.5,"state":"IDLE","t":"2026-07-09T06:12:37.8387495Z","type":"sample"}
{"channel":"rr","display":14.018691588785046,"mu":0,"quality":"OK","raw":2485.4746301726373,"sigma":1.5,"state":"IDLE","t":"2026-07-09T06:12:37.8791348Z","type":"sample"}
{"channel":"rr","display":14.018691588785046,"mu":0,"quality":"OK","raw":2525.894961553355,"sigma":1.5,"state":"IDLE","t":"2026-07-09T06:12:37.9193097Z","type":"sample"}
{"channel":"rr","display":14.018691588785046,"mu":0,"quality":"OK","raw":2588.4911737645484,"sigma":1.5,"state":"IDLE","t":"2026-07-09T06:12:37.9590556Z","type":"sample"}
{"channel":"rr","display":14.018691588785046,"mu":0,"quality":"OK","raw":2634.5831151471775,"sigma":1.5,"state":"IDLE","t":"2026-07-09T06:12:37.9991631Z","type":"sample"}
{"channel":"rr","display":14.018691588785046,"mu":0,"quality":"OK","raw":2718.4158022339584,"sigma":1.5,"state":"IDLE","t":"2026-07-09T06:12:38.0390002Z","type":"sample"}
{"channel":"rr","display":14.018691588785046,"mu":0,"quality":"OK","raw":2748.4366864753847,"sigma":1.5,"state":"IDLE","t":"2026-07-09T06:12:38.0790842Z","type":"sample"}
{"channel":"rr","display":14.018691588785046,"mu":0,"quality":"OK","raw":2834.525315874737,"sigma":1.5,"state":"IDLE","t":"2026-07-09T06:12:38.1191702Z","type":"sample"}
{"channel":"rr","display":14.018691588785046,"mu":0,"quality":"OK","raw":2886.393657153558,"sigma":1.5,"state":"IDLE","t":"2026-07-09T06:12:38.1591501Z","type":"sample"}
{"channel":"rr","display":14.018691588785046,"mu":0,"quality":"OK","raw":2902.366661648352,"sigma":1.5,"state":"IDLE","t":"2026-07-09T06:12:38.1987999Z","type":"sample"}
{"channel":"rr","display":14.018691588785046,"mu":0,"quality":"OK","raw":2989.9617801792224,"sigma":1.5,"state":"IDLE","t":"2026-07-09T06:12:38.2387955Z","type":"sample"}
{"channel":"rr","display":14.018691588785046,"mu":0,"quality":"OK","raw":3003.7346059248216,"sigma":1.5,"state":"IDLE","t":"2026-07-09T06:12:38.2797384Z","type":"sample"}
{"address":"/cue/r19/start","args":null,"channel":"system","dir":"out","t":"2026-07-09T06:12:38.3032167Z","type":"osc"}
{"channel":"rr","display":14.018691588785046,"mu":0,"quality":"OK","raw":3073.8558700357553,"sigma":1.5,"state":"IDLE","t":"2026-07-09T06:12:38.3190555Z","type":"sample"}
{"channel":"rr","display":14.018691588785046,"mu":0,"quality":"OK","raw":3087.161473196804,"sigma":1.5,"state":"IDLE","t":"2026-07-09T06:12:38.3592937Z","type":"sample"}
{"channel":"rr","display":14.018691588785046,"mu":0,"quality":"OK","raw":3134.1495914821116,"sigma":1.5,"state":"IDLE","t":"2026-07-09T06:12:38.3991796Z","type":"sample"}
{"channel":"rr","display":14.018691588785046,"mu":0,"quality":"OK","raw":3182.674156554395,"sigma":1.5,"state":"IDLE","t":"2026-07-09T06:12:38.4390116Z","type":"sample"}
{"channel":"rr","display":14.018691588785046,"mu":0,"quality":"OK","raw":3152.965781996902,"sigma":1.5,"state":"IDLE","t":"2026-07-09T06:12:38.4791887Z","type":"sample"}
{"channel":"rr","display":14.018691588785046,"mu":0,"quality":"OK","raw":3197.1280397998553,"sigma":1.5,"state":"IDLE","t":"2026-07-09T06:12:38.5193089Z","type":"sample"}
{"channel":"rr","display":14.018691588785046,"mu":0,"quality":"OK","raw":3213.1144287943875,"sigma":1.5,"state":"IDLE","t":"2026-07-09T06:12:38.5590808Z","type":"sample"}
{"channel":"rr","display":14.018691588785046,"mu":0,"quality":"OK","raw":3246.019341339318,"sigma":1.5,"state":"IDLE","t":"2026-07-09T06:12:38.5989701Z","type":"sample"}
{"channel":"rr","display":14.018691588785046,"mu":0,"quality":"OK","raw":3248.1592477420586,"sigma":1.5,"state":"IDLE","t":"2026-07-09T06:12:38.6390747Z","type":"sample"}
{"channel":"rr","display":14.018691588785046,"mu":0,"quality":"OK","raw":3269.532969368595,"sigma":1.5,"state":"IDLE","t":"2026-07-09T06:12:38.6788906Z","type":"sample"}
{"channel":"rr","display":14.018691588785046,"mu":0,"quality":"OK","raw":3278.2601658997414,"sigma":1.5,"state":"IDLE","t":"2026-07-09T06:12:38.7189246Z","type":"sample"}
{"address":"/cue/p/start","args":null,"channel":"system","dir":"out","t":"2026-07-09T06:12:38.7401321Z","type":"osc"}
{"channel":"rr","display":14.018691588785046,"mu":0,"quality":"OK","raw":3247.638510693386,"sigma":1.5,"state":"IDLE","t":"2026-07-09T06:12:38.7592398Z","type":"sample"}
{"channel":"rr","display":14.018691588785046,"mu":0,"quality":"OK","raw":3229.0083954498036,"sigma":1.5,"state":"IDLE","t":"2026-07-09T06:12:38.7990343Z","type":"sample"}
{"channel":"rr","display":14.018691588785046,"mu":0,"quality":"OK","raw":3228.611605642595,"sigma":1.5,"state":"IDLE","t":"2026-07-09T06:12:38.8389127Z","type":"sample"}
{"channel":"rr","display":14.018691588785046,"mu":0,"quality":"OK","raw":3226.249996120718,"sigma":1.5,"state":"IDLE","t":"2026-07-09T06:12:38.8792346Z","type":"sample"}
{"channel":"rr","display":14.018691588785046,"mu":0,"quality":"OK","raw":3196.763548464486,"sigma":1.5,"state":"IDLE","t":"2026-07-09T06:12:38.9191694Z","type":"sample"}
{"channel":"rr","display":14.018691588785046,"mu":0,"quality":"OK","raw":3198.986216899522,"sigma":1.5,"state":"IDLE","t":"2026-07-09T06:12:38.9589148Z","type":"sample"}
{"channel":"rr","display":14.018691588785046,"mu":0,"quality":"OK","raw":3162.416981743326,"sigma":1.5,"state":"IDLE","t":"2026-07-09T06:12:38.9993122Z","type":"sample"}
{"channel":"rr","display":14.018691588785046,"mu":0,"quality":"OK","raw":3107.957097668136,"sigma":1.5,"state":"IDLE","t":"2026-07-09T06:12:39.0397252Z","type":"sample"}
{"channel":"rr","display":14.018691588785046,"mu":0,"quality":"OK","raw":3078.007797906931,"sigma":1.5,"state":"IDLE","t":"2026-07-09T06:12:39.0790469Z","type":"sample"}
{"channel":"rr","display":14.018691588785046,"mu":0,"quality":"OK","raw":3045.4135785417916,"sigma":1.5,"state":"IDLE","t":"2026-07-09T06:12:39.1190442Z","type":"sample"}
{"channel":"rr","display":14.018691588785046,"mu":0,"quality":"OK","raw":2948.3230614958875,"sigma":1.5,"state":"IDLE","t":"2026-07-09T06:12:39.1589473Z","type":"sample"}
{"channel":"rr","display":14.018691588785046,"mu":0,"quality":"OK","raw":2950.7545308915455,"sigma":1.5,"state":"IDLE","t":"2026-07-09T06:12:39.1989201Z","type":"sample"}
{"channel":"rr","display":14.018691588785046,"mu":0,"quality":"OK","raw":2878.8114949302985,"sigma":1.5,"state":"IDLE","t":"2026-07-09T06:12:39.2391019Z","type":"sample"}
{"channel":"rr","display":14.018691588785046,"mu":0,"quality":"OK","raw":2869.434325283359,"sigma":1.5,"state":"IDLE","t":"2026-07-09T06:12:39.2789882Z","type":"sample"}
{"address":"/cue/r19/start","args":null,"channel":"system","dir":"out","t":"2026-07-09T06:12:39.3111203Z","type":"osc"}
{"channel":"rr","display":14.018691588785046,"mu":0,"quality":"OK","raw":2774.0844080763927,"sigma":1.5,"state":"IDLE","t":"2026-07-09T06:12:39.3190058Z","type":"sample"}
{"channel":"rr","display":14.018691588785046,"mu":0,"quality":"OK","raw":2758.8856082291663,"sigma":1.5,"state":"IDLE","t":"2026-07-09T06:12:39.3592735Z","type":"sample"}
{"channel":"rr","display":14.018691588785046,"mu":0,"quality":"OK","raw":2718.5898339016703,"sigma":1.5,"state":"IDLE","t":"2026-07-09T06:12:39.3989013Z","type":"sample"}
{"channel":"rr","display":14.018691588785046,"mu":0,"quality":"OK","raw":2615.052750863812,"sigma":1.5,"state":"IDLE","t":"2026-07-09T06:12:39.4390226Z","type":"sample"}
{"channel":"rr","display":14.018691588785046,"mu":0,"quality":"OK","raw":2554.8972736843893,"sigma":1.5,"state":"IDLE","t":"2026-07-09T06:12:39.4791597Z","type":"sample"}
{"channel":"rr","display":14.018691588785046,"mu":0,"quality":"OK","raw":2465.0551333957283,"sigma":1.5,"state":"IDLE","t":"2026-07-09T06:12:39.5191569Z","type":"sample"}
{"channel":"rr","display":14.018691588785046,"mu":0,"quality":"OK","raw":2414.5454919468743,"sigma":1.5,"state":"IDLE","t":"2026-07-09T06:12:39.5589094Z","type":"sample"}
{"channel":"rr","display":14.018691588785046,"mu":0,"quality":"OK","raw":2379.1226950640917,"sigma":1.5,"state":"IDLE","t":"2026-07-09T06:12:39.5989087Z","type":"sample"}
{"channel":"rr","display":14.018691588785046,"mu":0,"quality":"OK","raw":2276.4660806631036,"sigma":1.5,"state":"IDLE","t":"2026-07-09T06:12:39.6391365Z","type":"sample"}
{"channel":"rr","display":14.018691588785046,"mu":0,"quality":"OK","raw":2238.632110407825,"sigma":1.5,"state":"IDLE","t":"2026-07-09T06:12:39.6790902Z","type":"sample"}
{"channel":"rr","display":14.018691588785046,"mu":0,"quality":"OK","raw":2153.8097794830574,"sigma":1.5,"state":"IDLE","t":"2026-07-09T06:12:39.7191515Z","type":"sample"}
{"address":"/cue/p/start","args":null,"channel":"system","dir":"out","t":"2026-07-09T06:12:39.7393282Z","type":"osc"}
{"channel":"rr","display":14.018691588785046,"mu":0,"quality":"OK","raw":2060.5144173862254,"sigma":1.5,"state":"IDLE","t":"2026-07-09T06:12:39.7590049Z","type":"sample"}
{"channel":"rr","display":14.018691588785046,"mu":0,"quality":"OK","raw":2022.7909716713953,"sigma":1.5,"state":"IDLE","t":"2026-07-09T06:12:39.7988918Z","type":"sample"}
{"channel":"rr","display":14.018691588785046,"mu":0,"quality":"OK","raw":1980.4812385856364,"sigma":1.5,"state":"IDLE","t":"2026-07-09T06:12:39.8388423Z","type":"sample"}
{"channel":"rr","display":14.018691588785046,"mu":0,"quality":"OK","raw":1870.294762839517,"sigma":1.5,"state":"IDLE","t":"2026-07-09T06:12:39.8789022Z","type":"sample"}
{"channel":"rr","display":14.018691588785046,"mu":0,"quality":"OK","raw":1801.7972528324706,"sigma":1.5,"state":"IDLE","t":"2026-07-09T06:12:39.9192625Z","type":"sample"}
{"channel":"rr","display":14.018691588785046,"mu":0,"quality":"OK","raw":1723.824443656581,"sigma":1.5,"state":"IDLE","t":"2026-07-09T06:12:39.9591683Z","type":"sample"}
{"channel":"rr","display":14.018691588785046,"mu":0,"quality":"OK","raw":1651.1299307787876,"sigma":1.5,"state":"IDLE","t":"2026-07-09T06:12:39.9990028Z","type":"sample"}
{"channel":"rr","display":14.018691588785046,"mu":0,"quality":"OK","raw":1599.5277264007134,"sigma":1.5,"state":"IDLE","t":"2026-07-09T06:12:40.0391729Z","type":"sample"}
{"channel":"rr","display":14.018691588785046,"mu":0,"quality":"OK","raw":1522.4904395912547,"sigma":1.5,"state":"IDLE","t":"2026-07-09T06:12:40.0788549Z","type":"sample"}
{"channel":"rr","display":14.018691588785046,"mu":0,"quality":"OK","raw":1473.0222793205703,"sigma":1.5,"state":"IDLE","t":"2026-07-09T06:12:40.1189205Z","type":"sample"}
{"channel":"rr","display":14.018691588785046,"mu":0,"quality":"OK","raw":1384.0590391340666,"sigma":1.5,"state":"IDLE","t":"2026-07-09T06:12:40.1591068Z","type":"sample"}
{"channel":"rr","display":14.018691588785046,"mu":0,"quality":"OK","raw":1359.5686392952268,"sigma":1.5,"state":"IDLE","t":"2026-07-09T06:12:40.1995985Z","type":"sample"}
{"channel":"rr","display":14.018691588785046,"mu":0,"quality":"OK","raw":1302.8314386349246,"sigma":1.5,"state":"IDLE","t":"2026-07-09T06:12:40.2390031Z","type":"sample"}
{"channel":"rr","display":14.018691588785046,"mu":0,"quality":"OK","raw":1237.7412882175536,"sigma":1.5,"state":"IDLE","t":"2026-07-09T06:12:40.2788351Z","type":"sample"}
{"address":"/cue/r19/start","args":null,"channel":"system","dir":"out","t":"2026-07-09T06:12:40.3159313Z","type":"osc"}
{"channel":"rr","display":14.018691588785046,"mu":0,"quality":"OK","raw":1191.688299259792,"sigma":1.5,"state":"IDLE","t":"2026-07-09T06:12:40.3188997Z","type":"sample"}
{"channel":"rr","display":14.018691588785046,"mu":0,"quality":"OK","raw":1138.3690332269055,"sigma":1.5,"state":"IDLE","t":"2026-07-09T06:12:40.3591706Z","type":"sample"}
{"channel":"rr","display":14.018691588785046,"mu":0,"quality":"OK","raw":1096.9182260056393,"sigma":1.5,"state":"IDLE","t":"2026-07-09T06:12:40.3989256Z","type":"sample"}
{"channel":"rr","display":14.018691588785046,"mu":0,"quality":"OK","raw":1062.3375690971209,"sigma":1.5,"state":"IDLE","t":"2026-07-09T06:12:40.4392523Z","type":"sample"}
{"channel":"rr","display":14.018691588785046,"mu":0,"quality":"OK","raw":1021.5776001868594,"sigma":1.5,"state":"IDLE","t":"2026-07-09T06:12:40.4789424Z","type":"sample"}
{"channel":"rr","display":14.018691588785046,"mu":0,"quality":"OK","raw":973.2182952004333,"sigma":1.5,"state":"IDLE","t":"2026-07-09T06:12:40.5192025Z","type":"sample"}
{"channel":"rr","display":14.018691588785046,"mu":0,"quality":"OK","raw":976.1845509976546,"sigma":1.5,"state":"IDLE","t":"2026-07-09T06:12:40.5591355Z","type":"sample"}
{"channel":"rr","display":14.018691588785046,"mu":0,"quality":"OK","raw":932.1437252085353,"sigma":1.5,"state":"IDLE","t":"2026-07-09T06:12:40.599324Z","type":"sample"}
{"channel":"rr","display":14.018691588785046,"mu":0,"quality":"OK","raw":910.3860408583955,"sigma":1.5,"state":"IDLE","t":"2026-07-09T06:12:40.6388127Z","type":"sample"}
{"channel":"rr","display":14.018691588785046,"mu":0,"quality":"OK","raw":912.7036531178896,"sigma":1.5,"state":"IDLE","t":"2026-07-09T06:12:40.6788595Z","type":"sample"}
{"channel":"rr","display":14.018691588785046,"mu":0,"quality":"OK","raw":860.308498528115,"sigma":1.5,"state":"IDLE","t":"2026-07-09T06:12:40.7192393Z","type":"sample"}
{"address":"/cue/p/start","args":null,"channel":"system","dir":"out","t":"2026-07-09T06:12:40.739368Z","type":"osc"}
{"channel":"rr","display":14.018691588785046,"mu":0,"quality":"OK","raw":844.7499377462857,"sigma":1.5,"state":"IDLE","t":"2026-07-09T06:12:40.7590826Z","type":"sample"}
{"channel":"rr","display":14.018691588785046,"mu":0,"quality":"OK","raw":849.1349261402951,"sigma":1.5,"state":"IDLE","t":"2026-07-09T06:12:40.7990699Z","type":"sample"}
{"channel":"rr","display":14.018691588785046,"mu":0,"quality":"OK","raw":853.8450084337535,"sigma":1.5,"state":"IDLE","t":"2026-07-09T06:12:40.8392033Z","type":"sample"}
{"channel":"rr","display":14.018691588785046,"mu":0,"quality":"OK","raw":863.6704340317204,"sigma":1.5,"state":"IDLE","t":"2026-07-09T06:12:40.8790601Z","type":"sample"}
{"channel":"rr","display":14.018691588785046,"mu":0,"quality":"OK","raw":874.9640161057747,"sigma":1.5,"state":"IDLE","t":"2026-07-09T06:12:40.9190282Z","type":"sample"}
{"channel":"rr","display":14.018691588785046,"mu":0,"quality":"OK","raw":869.0072123163325,"sigma":1.5,"state":"IDLE","t":"2026-07-09T06:12:40.9592083Z","type":"sample"}
{"channel":"rr","display":14.018691588785046,"mu":0,"quality":"OK","raw":882.0634298433565,"sigma":1.5,"state":"IDLE","t":"2026-07-09T06:12:40.9990234Z","type":"sample"}
{"channel":"rr","display":14.018691588785046,"mu":0,"quality":"OK","raw":909.0101422747524,"sigma":1.5,"state":"IDLE","t":"2026-07-09T06:12:41.0388261Z","type":"sample"}
{"channel":"rr","display":14.018691588785046,"mu":0,"quality":"OK","raw":923.6113889766045,"sigma":1.5,"state":"IDLE","t":"2026-07-09T06:12:41.0789807Z","type":"sample"}
{"channel":"rr","display":14.018691588785046,"mu":0,"quality":"OK","raw":955.2316948228427,"sigma":1.5,"state":"IDLE","t":"2026-07-09T06:12:41.1189201Z","type":"sample"}
{"channel":"rr","display":14.018691588785046,"mu":0,"quality":"OK","raw":970.7599694174789,"sigma":1.5,"state":"IDLE","t":"2026-07-09T06:12:41.1591568Z","type":"sample"}
{"channel":"rr","display":14.018691588785046,"mu":0,"quality":"OK","raw":1004.6210495115946,"sigma":1.5,"state":"IDLE","t":"2026-07-09T06:12:41.1990307Z","type":"sample"}
{"channel":"rr","display":14.018691588785046,"mu":0,"quality":"OK","raw":1033.2142316236643,"sigma":1.5,"state":"IDLE","t":"2026-07-09T06:12:41.2392889Z","type":"sample"}
{"channel":"rr","display":14.018691588785046,"mu":0,"quality":"OK","raw":1089.5310612412782,"sigma":1.5,"state":"IDLE","t":"2026-07-09T06:12:41.2790522Z","type":"sample"}
{"channel":"rr","display":14.018691588785046,"mu":0,"quality":"OK","raw":1109.28283263199,"sigma":1.5,"state":"IDLE","t":"2026-07-09T06:12:41.3196346Z","type":"sample"}
{"address":"/cue/r19/start","args":null,"channel":"system","dir":"out","t":"2026-07-09T06:12:41.3202503Z","type":"osc"}
{"channel":"rr","display":14.018691588785046,"mu":0,"quality":"OK","raw":1161.791528735014,"sigma":1.5,"state":"IDLE","t":"2026-07-09T06:12:41.3588922Z","type":"sample"}
{"channel":"rr","display":14.018691588785046,"mu":0,"quality":"OK","raw":1220.7400401768632,"sigma":1.5,"state":"IDLE","t":"2026-07-09T06:12:41.3995968Z","type":"sample"}
{"channel":"rr","display":14.018691588785046,"mu":0,"quality":"OK","raw":1268.0047021730463,"sigma":1.5,"state":"IDLE","t":"2026-07-09T06:12:41.4387816Z","type":"sample"}
{"channel":"rr","display":14.018691588785046,"mu":0,"quality":"OK","raw":1321.2799528802943,"sigma":1.5,"state":"IDLE","t":"2026-07-09T06:12:41.479263Z","type":"sample"}
{"channel":"rr","display":14.018691588785046,"mu":0,"quality":"OK","raw":1402.9929569888716,"sigma":1.5,"state":"IDLE","t":"2026-07-09T06:12:41.5188887Z","type":"sample"}
{"channel":"rr","display":14.018691588785046,"mu":0,"quality":"OK","raw":1444.2842137967543,"sigma":1.5,"state":"IDLE","t":"2026-07-09T06:12:41.5592964Z","type":"sample"}
{"channel":"rr","display":14.018691588785046,"mu":0,"quality":"OK","raw":1476.104749171757,"sigma":1.5,"state":"IDLE","t":"2026-07-09T06:12:41.5989847Z","type":"sample"}
{"channel":"rr","display":14.018691588785046,"mu":0,"quality":"OK","raw":1559.8711970968106,"sigma":1.5,"state":"IDLE","t":"2026-07-09T06:12:41.6391667Z","type":"sample"}
{"channel":"rr","display":14.018691588785046,"mu":0,"quality":"OK","raw":1637.2423298448887,"sigma":1.5,"state":"IDLE","t":"2026-07-09T06:12:41.6792595Z","type":"sample"}
{"channel":"rr","display":14.018691588785046,"mu":0,"quality":"OK","raw":1718.9156924311242,"sigma":1.5,"state":"IDLE","t":"2026-07-09T06:12:41.7192937Z","type":"sample"}
{"address":"/cue/p/start","args":null,"channel":"system","dir":"out","t":"2026-07-09T06:12:41.739433Z","type":"osc"}
{"channel":"rr","display":14.018691588785046,"mu":0,"quality":"OK","raw":1769.220902724968,"sigma":1.5,"state":"IDLE","t":"2026-07-09T06:12:41.7592598Z","type":"sample"}
{"channel":"rr","display":14.018691588785046,"mu":0,"quality":"OK","raw":1836.0227611192686,"sigma":1.5,"state":"IDLE","t":"2026-07-09T06:12:41.7990845Z","type":"sample"}
{"channel":"rr","display":14.018691588785046,"mu":0,"quality":"OK","raw":1916.0416426651532,"sigma":1.5,"state":"IDLE","t":"2026-07-09T06:12:41.8389441Z","type":"sample"}
{"channel":"rr","display":14.018691588785046,"mu":0,"quality":"OK","raw":1973.018582994594,"sigma":1.5,"state":"IDLE","t":"2026-07-09T06:12:41.8788068Z","type":"sample"}
{"channel":"rr","display":14.018691588785046,"mu":0,"quality":"OK","raw":2014.9997860918654,"sigma":1.5,"state":"IDLE","t":"2026-07-09T06:12:41.9191762Z","type":"sample"}
{"channel":"rr","display":14.018691588785046,"mu":0,"quality":"OK","raw":2138.1571031937033,"sigma":1.5,"state":"IDLE","t":"2026-07-09T06:12:41.95882Z","type":"sample"}
{"channel":"rr","display":14.018691588785046,"mu":0,"quality":"OK","raw":2176.460502803297,"sigma":1.5,"state":"IDLE","t":"2026-07-09T06:12:41.998768Z","type":"sample"}
{"channel":"rr","display":14.018691588785046,"mu":0,"quality":"OK","raw":2268.801850294631,"sigma":1.5,"state":"IDLE","t":"2026-07-09T06:12:42.039166Z","type":"sample"}
{"channel":"rr","display":14.018691588785046,"mu":0,"quality":"OK","raw":2349.151977117908,"sigma":1.5,"state":"IDLE","t":"2026-07-09T06:12:42.0789172Z","type":"sample"}
{"channel":"rr","display":14.018691588785046,"mu":0,"quality":"OK","raw":2384.9653140750106,"sigma":1.5,"state":"IDLE","t":"2026-07-09T06:12:42.1191372Z","type":"sample"}
{"channel":"rr","display":14.018691588785046,"mu":0,"quality":"OK","raw":2458.4765695063397,"sigma":1.5,"state":"IDLE","t":"2026-07-09T06:12:42.1591856Z","type":"sample"}
{"channel":"rr","display":14.018691588785046,"mu":0,"quality":"OK","raw":2546.562530690942,"sigma":1.5,"state":"IDLE","t":"2026-07-09T06:12:42.1991837Z","type":"sample"}
{"channel":"rr","display":14.018691588785046,"mu":0,"quality":"OK","raw":2593.2260480619034,"sigma":1.5,"state":"IDLE","t":"2026-07-09T06:12:42.239319Z","type":"sample"}
{"channel":"rr","display":14.018691588785046,"mu":0,"quality":"OK","raw":2627.3412643673732,"sigma":1.5,"state":"IDLE","t":"2026-07-09T06:12:42.2789553Z","type":"sample"}
{"channel":"rr","display":14.018691588785046,"mu":0,"quality":"OK","raw":2712.7936235341413,"sigma":1.5,"state":"IDLE","t":"2026-07-09T06:12:42.3189724Z","type":"sample"}
{"address":"/cue/r19/start","args":null,"channel":"system","dir":"out","t":"2026-07-09T06:12:42.3330321Z","type":"osc"}
{"channel":"rr","display":14.018691588785046,"mu":0,"quality":"OK","raw":2789.4219929707237,"sigma":1.5,"state":"IDLE","t":"2026-07-09T06:12:42.3589768Z","type":"sample"}
{"channel":"rr","display":14.018691588785046,"mu":0,"quality":"OK","raw":2849.68148750704,"sigma":1.5,"state":"IDLE","t":"2026-07-09T06:12:42.3988922Z","type":"sample"}
{"channel":"rr","display":14.018691588785046,"mu":0,"quality":"OK","raw":2892.4867701145668,"sigma":1.5,"state":"IDLE","t":"2026-07-09T06:12:42.4389997Z","type":"sample"}
{"channel":"rr","display":14.018691588785046,"mu":0,"quality":"OK","raw":2904.851914470961,"sigma":1.5,"state":"IDLE","t":"2026-07-09T06:12:42.4790497Z","type":"sample"}
{"channel":"rr","display":14.018691588785046,"mu":0,"quality":"OK","raw":2982.708275589482,"sigma":1.5,"state":"IDLE","t":"2026-07-09T06:12:42.519244Z","type":"sample"}
{"channel":"rr","display":14.018691588785046,"mu":0,"quality":"OK","raw":3019.1274611296694,"sigma":1.5,"state":"IDLE","t":"2026-07-09T06:12:42.5588438Z","type":"sample"}
{"channel":"rr","display":14.018691588785046,"mu":0,"quality":"OK","raw":3022.752993772834,"sigma":1.5,"state":"IDLE","t":"2026-07-09T06:12:42.5989492Z","type":"sample"}
{"channel":"rr","display":14.018691588785046,"mu":0,"quality":"OK","raw":3107.5785248581906,"sigma":1.5,"state":"IDLE","t":"2026-07-09T06:12:42.6394504Z","type":"sample"}
{"channel":"rr","display":14.018691588785046,"mu":0,"quality":"OK","raw":3128.743478778237,"sigma":1.5,"state":"IDLE","t":"2026-07-09T06:12:42.6787719Z","type":"sample"}
{"channel":"rr","display":14.018691588785046,"mu":0,"quality":"OK","raw":3141.825325753054,"sigma":1.5,"state":"IDLE","t":"2026-07-09T06:12:42.7188712Z","type":"sample"}
{"address":"/cue/p/start","args":null,"channel":"system","dir":"out","t":"2026-07-09T06:12:42.7397147Z","type":"osc"}
{"channel":"rr","display":14.018691588785046,"mu":0,"quality":"OK","raw":3184.3061627683587,"sigma":1.5,"state":"IDLE","t":"2026-07-09T06:12:42.7589971Z","type":"sample"}
{"channel":"rr","display":14.018691588785046,"mu":0,"quality":"OK","raw":3184.8246986874174,"sigma":1.5,"state":"IDLE","t":"2026-07-09T06:12:42.7991601Z","type":"sample"}
{"channel":"rr","display":14.018691588785046,"mu":0,"quality":"OK","raw":3226.960680773574,"sigma":1.5,"state":"IDLE","t":"2026-07-09T06:12:42.8390138Z","type":"sample"}
{"channel":"rr","display":14.018691588785046,"mu":0,"quality":"OK","raw":3214.766207605378,"sigma":1.5,"state":"IDLE","t":"2026-07-09T06:12:42.8788524Z","type":"sample"}
{"channel":"rr","display":14.018691588785046,"mu":0,"quality":"OK","raw":3243.1921275085333,"sigma":1.5,"state":"IDLE","t":"2026-07-09T06:12:42.9190779Z","type":"sample"}
{"channel":"rr","display":14.018691588785046,"mu":0,"quality":"OK","raw":3228.5452804785614,"sigma":1.5,"state":"IDLE","t":"2026-07-09T06:12:42.9590959Z","type":"sample"}
{"channel":"rr","display":14.018691588785046,"mu":0,"quality":"OK","raw":3257.235893665004,"sigma":1.5,"state":"IDLE","t":"2026-07-09T06:12:42.9991743Z","type":"sample"}
{"channel":"rr","display":14.018691588785046,"mu":0,"quality":"OK","raw":3246.1770916074834,"sigma":1.5,"state":"IDLE","t":"2026-07-09T06:12:43.0390539Z","type":"sample"}
{"channel":"rr","display":14.018691588785046,"mu":0,"quality":"OK","raw":3223.16334250122,"sigma":1.5,"state":"IDLE","t":"2026-07-09T06:12:43.0790604Z","type":"sample"}
{"channel":"rr","display":14.018691588785046,"mu":0,"quality":"OK","raw":3236.3785295602875,"sigma":1.5,"state":"IDLE","t":"2026-07-09T06:12:43.1193381Z","type":"sample"}
{"channel":"rr","display":14.018691588785046,"mu":0,"quality":"OK","raw":3231.0898992350108,"sigma":1.5,"state":"IDLE","t":"2026-07-09T06:12:43.1589522Z","type":"sample"}
{"channel":"rr","display":14.018691588785046,"mu":0,"quality":"OK","raw":3192.471478325815,"sigma":1.5,"state":"IDLE","t":"2026-07-09T06:12:43.1990564Z","type":"sample"}
{"channel":"rr","display":14.018691588785046,"mu":0,"quality":"OK","raw":3185.9304742716345,"sigma":1.5,"state":"IDLE","t":"2026-07-09T06:12:43.2392589Z","type":"sample"}
{"channel":"rr","display":14.018691588785046,"mu":0,"quality":"OK","raw":3140.5597511248825,"sigma":1.5,"state":"IDLE","t":"2026-07-09T06:12:43.2791973Z","type":"sample"}
{"channel":"rr","display":14.018691588785046,"mu":0,"quality":"OK","raw":3137.2368424373694,"sigma":1.5,"state":"IDLE","t":"2026-07-09T06:12:43.3191487Z","type":"sample"}
{"address":"/cue/r19/start","args":null,"channel":"system","dir":"out","t":"2026-07-09T06:12:43.3434953Z","type":"osc"}
{"channel":"rr","display":14.018691588785046,"mu":0,"quality":"OK","raw":3093.634772984747,"sigma":1.5,"state":"IDLE","t":"2026-07-09T06:12:43.3590778Z","type":"sample"}
{"channel":"rr","display":14.018691588785046,"mu":0,"quality":"OK","raw":3025.731506914094,"sigma":1.5,"state":"IDLE","t":"2026-07-09T06:12:43.3990807Z","type":"sample"}
{"channel":"rr","display":14.018691588785046,"mu":0,"quality":"OK","raw":2979.2605060183137,"sigma":1.5,"state":"IDLE","t":"2026-07-09T06:12:43.4389411Z","type":"sample"}
{"channel":"rr","display":14.018691588785046,"mu":0,"quality":"OK","raw":2958.913851794567,"sigma":1.5,"state":"IDLE","t":"2026-07-09T06:12:43.4791286Z","type":"sample"}
{"channel":"rr","display":14.018691588785046,"mu":0,"quality":"OK","raw":2891.2004665614536,"sigma":1.5,"state":"IDLE","t":"2026-07-09T06:12:43.5189331Z","type":"sample"}
{"channel":"rr","display":14.018691588785046,"mu":0,"quality":"OK","raw":2877.415711611542,"sigma":1.5,"state":"IDLE","t":"2026-07-09T06:12:43.559252Z","type":"sample"}
{"channel":"rr","display":14.018691588785046,"mu":0,"quality":"OK","raw":2776.758522728368,"sigma":1.5,"state":"IDLE","t":"2026-07-09T06:12:43.5987733Z","type":"sample"}
{"channel":"rr","display":14.018691588785046,"mu":0,"quality":"OK","raw":2740.6893864987014,"sigma":1.5,"state":"IDLE","t":"2026-07-09T06:12:43.6392132Z","type":"sample"}
{"channel":"rr","display":14.018691588785046,"mu":0,"quality":"OK","raw":2686.651394884008,"sigma":1.5,"state":"IDLE","t":"2026-07-09T06:12:43.6787835Z","type":"sample"}
{"channel":"rr","display":14.018691588785046,"mu":0,"quality":"OK","raw":2625.2057634475823,"sigma":1.5,"state":"IDLE","t":"2026-07-09T06:12:43.7190556Z","type":"sample"}
{"address":"/cue/p/start","args":null,"channel":"system","dir":"out","t":"2026-07-09T06:12:43.7392111Z","type":"osc"}
{"channel":"rr","display":14.018691588785046,"mu":0,"quality":"OK","raw":2563.976897991327,"sigma":1.5,"state":"IDLE","t":"2026-07-09T06:12:43.7588269Z","type":"sample"}
{"channel":"rr","display":14.018691588785046,"mu":0,"quality":"OK","raw":2488.9405396798634,"sigma":1.5,"state":"IDLE","t":"2026-07-09T06:12:43.799099Z","type":"sample"}
{"channel":"rr","display":14.018691588785046,"mu":0,"quality":"OK","raw":2448.715876151225,"sigma":1.5,"state":"IDLE","t":"2026-07-09T06:12:43.8388793Z","type":"sample"}
{"channel":"rr","display":14.018691588785046,"mu":0,"quality":"OK","raw":2371.0729724177495,"sigma":1.5,"state":"IDLE","t":"2026-07-09T06:12:43.8789193Z","type":"sample"}
{"channel":"rr","display":14.018691588785046,"mu":0,"quality":"OK","raw":2294.511216916862,"sigma":1.5,"state":"IDLE","t":"2026-07-09T06:12:43.9192154Z","type":"sample"}
{"channel":"rr","display":14.018691588785046,"mu":0,"quality":"OK","raw":2227.205455806967,"sigma":1.5,"state":"IDLE","t":"2026-07-09T06:12:43.9591598Z","type":"sample"}
{"channel":"rr","display":14.018691588785046,"mu":0,"quality":"OK","raw":2156.0337616402157,"sigma":1.5,"state":"IDLE","t":"2026-07-09T06:12:43.9993717Z","type":"sample"}
{"channel":"rr","display":14.018691588785046,"mu":0,"quality":"OK","raw":2083.6974310120654,"sigma":1.5,"state":"IDLE","t":"2026-07-09T06:12:44.0390564Z","type":"sample"}
{"channel":"rr","display":14.018691588785046,"mu":0,"quality":"OK","raw":1997.871849236279,"sigma":1.5,"state":"IDLE","t":"2026-07-09T06:12:44.0790532Z","type":"sample"}
{"channel":"rr","display":14.018691588785046,"mu":0,"quality":"OK","raw":1948.0180226191646,"sigma":1.5,"state":"IDLE","t":"2026-07-09T06:12:44.1188085Z","type":"sample"}
{"channel":"rr","display":14.018691588785046,"mu":0,"quality":"OK","raw":1877.3303535799996,"sigma":1.5,"state":"IDLE","t":"2026-07-09T06:12:44.1589665Z","type":"sample"}
{"channel":"rr","display":14.018691588785046,"mu":0,"quality":"OK","raw":1806.131257251421,"sigma":1.5,"state":"IDLE","t":"2026-07-09T06:12:44.1991904Z","type":"sample"}
{"channel":"rr","display":14.018691588785046,"mu":0,"quality":"OK","raw":1723.7974396024385,"sigma":1.5,"state":"IDLE","t":"2026-07-09T06:12:44.2391114Z","type":"sample"}
{"channel":"rr","display":14.018691588785046,"mu":0,"quality":"OK","raw":1683.6981305097243,"sigma":1.5,"state":"IDLE","t":"2026-07-09T06:12:44.2791981Z","type":"sample"}
{"channel":"rr","display":14.018691588785046,"mu":0,"quality":"OK","raw":1587.106699466477,"sigma":1.5,"state":"IDLE","t":"2026-07-09T06:12:44.3188408Z","type":"sample"}
{"address":"/cue/r19/start","args":null,"channel":"system","dir":"out","t":"2026-07-09T06:12:44.3514682Z","type":"osc"}
{"channel":"rr","display":14.018691588785046,"mu":0,"quality":"OK","raw":1530.1170960394077,"sigma":1.5,"state":"IDLE","t":"2026-07-09T06:12:44.359204Z","type":"sample"}
{"channel":"rr","display":14.018691588785046,"mu":0,"quality":"OK","raw":1455.9652163546318,"sigma":1.5,"state":"IDLE","t":"2026-07-09T06:12:44.3991711Z","type":"sample"}
{"channel":"rr","display":14.018691588785046,"mu":0,"quality":"OK","raw":1396.3471024005164,"sigma":1.5,"state":"IDLE","t":"2026-07-09T06:12:44.4390227Z","type":"sample"}
{"channel":"rr","display":14.018691588785046,"mu":0,"quality":"OK","raw":1349.5671894298043,"sigma":1.5,"state":"IDLE","t":"2026-07-09T06:12:44.4791368Z","type":"sample"}
{"channel":"rr","display":14.018691588785046,"mu":0,"quality":"OK","raw":1283.2900068761205,"sigma":1.5,"state":"IDLE","t":"2026-07-09T06:12:44.5190232Z","type":"sample"}
{"channel":"rr","display":14.018691588785046,"mu":0,"quality":"OK","raw":1239.7560695541067,"sigma":1.5,"state":"IDLE","t":"2026-07-09T06:12:44.559082Z","type":"sample"}
{"channel":"rr","display":14.018691588785046,"mu":0,"quality":"OK","raw":1166.5204271736905,"sigma":1.5,"state":"IDLE","t":"2026-07-09T06:12:44.5988365Z","type":"sample"}
{"channel":"rr","display":14.018691588785046,"mu":0,"quality":"OK","raw":1152.4895376306365,"sigma":1.5,"state":"IDLE","t":"2026-07-09T06:12:44.6388927Z","type":"sample"}
{"channel":"rr","display":14.018691588785046,"mu":0,"quality":"OK","raw":1069.9583332100283,"sigma":1.5,"state":"IDLE","t":"2026-07-09T06:12:44.6792892Z","type":"sample"}
{"channel":"rr","display":14.018691588785046,"mu":0,"quality":"OK","raw":1059.3493936079778,"sigma":1.5,"state":"IDLE","t":"2026-07-09T06:12:44.7192592Z","type":"sample"}
{"address":"/cue/p/start","args":null,"channel":"system","dir":"out","t":"2026-07-09T06:12:44.7393876Z","type":"osc"}
{"channel":"rr","display":14.018691588785046,"mu":0,"quality":"OK","raw":1026.3703295059543,"sigma":1.5,"state":"IDLE","t":"2026-07-09T06:12:44.7592601Z","type":"sample"}
{"channel":"rr","display":14.018691588785046,"mu":0,"quality":"OK","raw":972.9908248396689,"sigma":1.5,"state":"IDLE","t":"2026-07-09T06:12:44.7990754Z","type":"sample"}
{"channel":"rr","display":14.018691588785046,"mu":0,"quality":"OK","raw":986.92659588058,"sigma":1.5,"state":"IDLE","t":"2026-07-09T06:12:44.8388722Z","type":"sample"}
{"channel":"rr","display":14.018691588785046,"mu":0,"quality":"OK","raw":919.282634409753,"sigma":1.5,"state":"IDLE","t":"2026-07-09T06:12:44.8790916Z","type":"sample"}
{"channel":"rr","display":14.018691588785046,"mu":0,"quality":"OK","raw":900.0005339568864,"sigma":1.5,"state":"IDLE","t":"2026-07-09T06:12:44.9191034Z","type":"sample"}
{"channel":"rr","display":14.018691588785046,"mu":0,"quality":"OK","raw":877.7126147508878,"sigma":1.5,"state":"IDLE","t":"2026-07-09T06:12:44.9589741Z","type":"sample"}
{"channel":"rr","display":14.018691588785046,"mu":0,"quality":"OK","raw":869.3579844714483,"sigma":1.5,"state":"IDLE","t":"2026-07-09T06:12:44.9992735Z","type":"sample"}
{"channel":"rr","display":14.018691588785046,"mu":0,"quality":"OK","raw":858.5626173188322,"sigma":1.5,"state":"IDLE","t":"2026-07-09T06:12:45.0389801Z","type":"sample"}
{"channel":"rr","display":14.018691588785046,"mu":0,"quality":"OK","raw":846.5015306930217,"sigma":1.5,"state":"IDLE","t":"2026-07-09T06:12:45.0788767Z","type":"sample"}
{"channel":"rr","display":14.018691588785046,"mu":0,"quality":"OK","raw":861.677052844994,"sigma":1.5,"state":"IDLE","t":"2026-07-09T06:12:45.1191469Z","type":"sample"}
{"channel":"rr","display":14.018691588785046,"mu":0,"quality":"OK","raw":871.0708777261839,"sigma":1.5,"state":"IDLE","t":"2026-07-09T06:12:45.159051Z","type":"sample"}
{"channel":"rr","display":14.018691588785046,"mu":0,"quality":"OK","raw":857.5018554455588,"sigma":1.5,"state":"IDLE","t":"2026-07-09T06:12:45.1992383Z","type":"sample"}
{"channel":"rr","display":14.018691588785046,"mu":0,"quality":"OK","raw":866.9259097920782,"sigma":1.5,"state":"IDLE","t":"2026-07-09T06:12:45.2389901Z","type":"sample"}
{"channel":"rr","display":14.018691588785046,"mu":0,"quality":"OK","raw":896.1758640623494,"sigma":1.5,"state":"IDLE","t":"2026-07-09T06:12:45.2788898Z","type":"sample"}
{"channel":"rr","display":14.018691588785046,"mu":0,"quality":"OK","raw":884.1248406966955,"sigma":1.5,"state":"IDLE","t":"2026-07-09T06:12:45.3192353Z","type":"sample"}
{"address":"/cue/r19/start","args":null,"channel":"system","dir":"out","t":"2026-07-09T06:12:45.3562127Z","type":"osc"}
{"channel":"rr","display":14.018691588785046,"mu":0,"quality":"OK","raw":922.4045759944664,"sigma":1.5,"state":"IDLE","t":"2026-07-09T06:12:45.3589553Z","type":"sample"}
{"channel":"rr","display":14.018691588785046,"mu":0,"quality":"OK","raw":943.2861075017408,"sigma":1.5,"state":"IDLE","t":"2026-07-09T06:12:45.3989662Z","type":"sample"}
{"channel":"rr","display":14.018691588785046,"mu":0,"quality":"OK","raw":969.3904660002064,"sigma":1.5,"state":"IDLE","t":"2026-07-09T06:12:45.4389276Z","type":"sample"}
{"channel":"rr","display":14.018691588785046,"mu":0,"quality":"OK","raw":1008.9004591424996,"sigma":1.5,"state":"IDLE","t":"2026-07-09T06:12:45.4790758Z","type":"sample"}
{"channel":"rr","display":14.018691588785046,"mu":0,"quality":"OK","raw":1027.2793904853465,"sigma":1.5,"state":"IDLE","t":"2026-07-09T06:12:45.5192043Z","type":"sample"}
{"channel":"rr","display":14.018691588785046,"mu":0,"quality":"OK","raw":1090.5567684480104,"sigma":1.5,"state":"IDLE","t":"2026-07-09T06:12:45.5590697Z","type":"sample"}
{"channel":"rr","display":14.018691588785046,"mu":0,"quality":"OK","raw":1134.6893897022674,"sigma":1.5,"state":"IDLE","t":"2026-07-09T06:12:45.5991809Z","type":"sample"}
{"channel":"rr","display":14.018691588785046,"mu":0,"quality":"OK","raw":1174.9350038275088,"sigma":1.5,"state":"IDLE","t":"2026-07-09T06:12:45.6389383Z","type":"sample"}
{"channel":"rr","display":14.018691588785046,"mu":0,"quality":"OK","raw":1212.1603431050169,"sigma":1.5,"state":"IDLE","t":"2026-07-09T06:12:45.6789208Z","type":"sample"}
{"channel":"rr","display":14.018691588785046,"mu":0,"quality":"OK","raw":1273.1186301180558,"sigma":1.5,"state":"IDLE","t":"2026-07-09T06:12:45.7188323Z","type":"sample"}
{"address":"/cue/p/start","args":null,"channel":"system","dir":"out","t":"2026-07-09T06:12:45.7394182Z","type":"osc"}
{"channel":"rr","display":14.018691588785046,"mu":0,"quality":"OK","raw":1298.8538146751923,"sigma":1.5,"state":"IDLE","t":"2026-07-09T06:12:45.7591655Z","type":"sample"}
{"channel":"rr","display":14.018691588785046,"mu":0,"quality":"OK","raw":1354.6308454994366,"sigma":1.5,"state":"IDLE","t":"2026-07-09T06:12:45.7989302Z","type":"sample"}
{"channel":"rr","display":14.018691588785046,"mu":0,"quality":"OK","raw":1453.2284263025695,"sigma":1.5,"state":"IDLE","t":"2026-07-09T06:12:45.8390651Z","type":"sample"}
{"channel":"rr","display":14.018691588785046,"mu":0,"quality":"OK","raw":1534.2836336327125,"sigma":1.5,"state":"IDLE","t":"2026-07-09T06:12:45.8787527Z","type":"sample"}
{"channel":"rr","display":14.018691588785046,"mu":0,"quality":"OK","raw":1563.0453802740783,"sigma":1.5,"state":"IDLE","t":"2026-07-09T06:12:45.9188892Z","type":"sample"}
{"channel":"rr","display":14.018691588785046,"mu":0,"quality":"OK","raw":1620.8756177565374,"sigma":1.5,"state":"IDLE","t":"2026-07-09T06:12:45.9589089Z","type":"sample"}
{"channel":"rr","display":14.018691588785046,"mu":0,"quality":"OK","raw":1714.8671926080483,"sigma":1.5,"state":"IDLE","t":"2026-07-09T06:12:45.9992462Z","type":"sample"}
{"channel":"rr","display":14.018691588785046,"mu":0,"quality":"OK","raw":1747.0785075058002,"sigma":1.5,"state":"IDLE","t":"2026-07-09T06:12:46.0390255Z","type":"sample"}
{"channel":"rr","display":14.018691588785046,"mu":0,"quality":"OK","raw":1821.5750361401156,"sigma":1.5,"state":"IDLE","t":"2026-07-09T06:12:46.078963Z","type":"sample"}
{"channel":"rr","display":14.018691588785046,"mu":0,"quality":"OK","raw":1900.9057090631868,"sigma":1.5,"state":"IDLE","t":"2026-07-09T06:12:46.1190493Z","type":"sample"}
{"channel":"rr","display":14.018691588785046,"mu":0,"quality":"OK","raw":1965.3478827525662,"sigma":1.5,"state":"IDLE","t":"2026-07-09T06:12:46.1587956Z","type":"sample"}
{"channel":"rr","display":14.018691588785046,"mu":0,"quality":"OK","raw":2064.147345560424,"sigma":1.5,"state":"IDLE","t":"2026-07-09T06:12:46.1990357Z","type":"sample"}
{"channel":"rr","display":14.018691588785046,"mu":0,"quality":"OK","raw":2107.4272494625866,"sigma":1.5,"state":"IDLE","t":"2026-07-09T06:12:46.2390165Z","type":"sample"}
{"channel":"rr","display":14.018691588785046,"mu":0,"quality":"OK","raw":2191.1053228652,"sigma":1.5,"state":"IDLE","t":"2026-07-09T06:12:46.2791546Z","type":"sample"}
{"channel":"rr","display":14.018691588785046,"mu":0,"quality":"OK","raw":2247.158916610382,"sigma":1.5,"state":"IDLE","t":"2026-07-09T06:12:46.3191124Z","type":"sample"}
{"channel":"rr","display":14.018691588785046,"mu":0,"quality":"OK","raw":2313.4443848019314,"sigma":1.5,"state":"IDLE","t":"2026-07-09T06:12:46.3592054Z","type":"sample"}
{"address":"/cue/r19/start","args":null,"channel":"system","dir":"out","t":"2026-07-09T06:12:46.3678451Z","type":"osc"}
{"channel":"rr","display":14.018691588785046,"mu":0,"quality":"OK","raw":2383.448043615034,"sigma":1.5,"state":"IDLE","t":"2026-07-09T06:12:46.3993969Z","type":"sample"}
{"channel":"rr","display":14.018691588785046,"mu":0,"quality":"OK","raw":2466.1772109539274,"sigma":1.5,"state":"IDLE","t":"2026-07-09T06:12:46.4391895Z","type":"sample"}
{"channel":"rr","display":14.018691588785046,"mu":0,"quality":"OK","raw":2532.2160877439865,"sigma":1.5,"state":"IDLE","t":"2026-07-09T06:12:46.4790375Z","type":"sample"}
{"channel":"rr","display":14.018691588785046,"mu":0,"quality":"OK","raw":2588.2495821242205,"sigma":1.5,"state":"IDLE","t":"2026-07-09T06:12:46.5189973Z","type":"sample"}
{"channel":"rr","display":14.018691588785046,"mu":0,"quality":"OK","raw":2640.379568127365,"sigma":1.5,"state":"IDLE","t":"2026-07-09T06:12:46.5590793Z","type":"sample"}
{"channel":"rr","display":14.018691588785046,"mu":0,"quality":"OK","raw":2736.9304623782214,"sigma":1.5,"state":"IDLE","t":"2026-07-09T06:12:46.5989248Z","type":"sample"}
{"channel":"rr","display":14.018691588785046,"mu":0,"quality":"OK","raw":2756.9040775080775,"sigma":1.5,"state":"IDLE","t":"2026-07-09T06:12:46.6389199Z","type":"sample"}
{"channel":"rr","display":14.018691588785046,"mu":0,"quality":"OK","raw":2843.6738944606905,"sigma":1.5,"state":"IDLE","t":"2026-07-09T06:12:46.6791775Z","type":"sample"}
{"channel":"rr","display":14.018691588785046,"mu":0,"quality":"OK","raw":2889.3666186066903,"sigma":1.5,"state":"IDLE","t":"2026-07-09T06:12:46.7189067Z","type":"sample"}
{"address":"/cue/p/start","args":null,"channel":"system","dir":"out","t":"2026-07-09T06:12:46.7395696Z","type":"osc"}
{"channel":"rr","display":14.018691588785046,"mu":0,"quality":"OK","raw":2923.484923769074,"sigma":1.5,"state":"IDLE","t":"2026-07-09T06:12:46.7587207Z","type":"sample"}
{"channel":"rr","display":14.018691588785046,"mu":0,"quality":"OK","raw":2986.403036783916,"sigma":1.5,"state":"IDLE","t":"2026-07-09T06:12:46.7989354Z","type":"sample"}
{"channel":"rr","display":14.018691588785046,"mu":0,"quality":"OK","raw":3006.506914659304,"sigma":1.5,"state":"IDLE","t":"2026-07-09T06:12:46.8391603Z","type":"sample"}
{"channel":"rr","display":14.018691588785046,"mu":0,"quality":"OK","raw":3071.6976255828467,"sigma":1.5,"state":"IDLE","t":"2026-07-09T06:12:46.8790849Z","type":"sample"}
{"channel":"rr","display":14.018691588785046,"mu":0,"quality":"OK","raw":3107.7118531736396,"sigma":1.5,"state":"IDLE","t":"2026-07-09T06:12:46.918933Z","type":"sample"}
{"channel":"rr","display":14.018691588785046,"mu":0,"quality":"OK","raw":3145.090617203418,"sigma":1.5,"state":"IDLE","t":"2026-07-09T06:12:46.9588574Z","type":"sample"}
{"channel":"rr","display":14.018691588785046,"mu":0,"quality":"OK","raw":3135.627010562017,"sigma":1.5,"state":"IDLE","t":"2026-07-09T06:12:46.9990719Z","type":"sample"}
{"channel":"rr","display":14.018691588785046,"mu":0,"quality":"OK","raw":3196.194086595641,"sigma":1.5,"state":"IDLE","t":"2026-07-09T06:12:47.0388392Z","type":"sample"}
{"channel":"rr","display":14.018691588785046,"mu":0,"quality":"OK","raw":3196.052962583492,"sigma":1.5,"state":"IDLE","t":"2026-07-09T06:12:47.0791899Z","type":"sample"}
{"channel":"rr","display":14.018691588785046,"mu":0,"quality":"OK","raw":3186.4618090660356,"sigma":1.5,"state":"IDLE","t":"2026-07-09T06:12:47.1192146Z","type":"sample"}
{"channel":"rr","display":14.018691588785046,"mu":0,"quality":"OK","raw":3251.7711258344157,"sigma":1.5,"state":"IDLE","t":"2026-07-09T06:12:47.1590638Z","type":"sample"}
{"channel":"rr","display":14.018691588785046,"mu":0,"quality":"OK","raw":3215.6644603432164,"sigma":1.5,"state":"IDLE","t":"2026-07-09T06:12:47.1989295Z","type":"sample"}
{"channel":"rr","display":14.018691588785046,"mu":0,"quality":"OK","raw":3238.4881548772064,"sigma":1.5,"state":"IDLE","t":"2026-07-09T06:12:47.2390332Z","type":"sample"}
{"channel":"rr","display":14.018691588785046,"mu":0,"quality":"OK","raw":3243.049349541813,"sigma":1.5,"state":"IDLE","t":"2026-07-09T06:12:47.2788552Z","type":"sample"}
{"channel":"rr","display":14.018691588785046,"mu":0,"quality":"OK","raw":3257.3770247530547,"sigma":1.5,"state":"IDLE","t":"2026-07-09T06:12:47.3191079Z","type":"sample"}
{"channel":"rr","display":14.018691588785046,"mu":0,"quality":"OK","raw":3238.7464949340956,"sigma":1.5,"state":"IDLE","t":"2026-07-09T06:12:47.3592215Z","type":"sample"}
{"address":"/cue/r19/start","args":null,"channel":"system","dir":"out","t":"2026-07-09T06:12:47.3727303Z","type":"osc"}
{"channel":"rr","display":14.018691588785046,"mu":0,"quality":"OK","raw":3211.049879097016,"sigma":1.5,"state":"IDLE","t":"2026-07-09T06:12:47.3990008Z","type":"sample"}
{"channel":"rr","display":14.018691588785046,"mu":0,"quality":"OK","raw":3212.7566316382663,"sigma":1.5,"state":"IDLE","t":"2026-07-09T06:12:47.4388856Z","type":"sample"}
{"channel":"rr","display":14.018691588785046,"mu":0,"quality":"OK","raw":3189.0471205537106,"sigma":1.5,"state":"IDLE","t":"2026-07-09T06:12:47.4791878Z","type":"sample"}
{"channel":"rr","display":14.018691588785046,"mu":0,"quality":"OK","raw":3157.7455911047405,"sigma":1.5,"state":"IDLE","t":"2026-07-09T06:12:47.5187948Z","type":"sample"}
{"channel":"rr","display":14.018691588785046,"mu":0,"quality":"OK","raw":3124.055028055891,"sigma":1.5,"state":"IDLE","t":"2026-07-09T06:12:47.5589518Z","type":"sample"}
{"channel":"rr","display":14.018691588785046,"mu":0,"quality":"OK","raw":3116.584695667961,"sigma":1.5,"state":"IDLE","t":"2026-07-09T06:12:47.5987701Z","type":"sample"}
{"channel":"rr","display":14.018691588785046,"mu":0,"quality":"OK","raw":3098.4584290382363,"sigma":1.5,"state":"IDLE","t":"2026-07-09T06:12:47.6388362Z","type":"sample"}
{"channel":"rr","display":14.018691588785046,"mu":0,"quality":"OK","raw":3041.6799866963806,"sigma":1.5,"state":"IDLE","t":"2026-07-09T06:12:47.6791494Z","type":"sample"}
{"channel":"rr","display":14.018691588785046,"mu":0,"quality":"OK","raw":2989.85561446618,"sigma":1.5,"state":"IDLE","t":"2026-07-09T06:12:47.7187996Z","type":"sample"}
{"address":"/cue/p/start","args":null,"channel":"system","dir":"out","t":"2026-07-09T06:12:47.739611Z","type":"osc"}
{"channel":"rr","display":14.018691588785046,"mu":0,"quality":"OK","raw":2943.587938847379,"sigma":1.5,"state":"IDLE","t":"2026-07-09T06:12:47.7589179Z","type":"sample"}
{"channel":"rr","display":14.018691588785046,"mu":0,"quality":"OK","raw":2900.568290871638,"sigma":1.5,"state":"IDLE","t":"2026-07-09T06:12:47.7991127Z","type":"sample"}
{"channel":"rr","display":14.018691588785046,"mu":0,"quality":"OK","raw":2855.1329109887606,"sigma":1.5,"state":"IDLE","t":"2026-07-09T06:12:47.8391467Z","type":"sample"}
{"channel":"rr","display":14.018691588785046,"mu":0,"quality":"OK","raw":2786.446096370589,"sigma":1.5,"state":"IDLE","t":"2026-07-09T06:12:47.8789292Z","type":"sample"}
{"channel":"rr","display":14.018691588785046,"mu":0,"quality":"OK","raw":2758.2489598808916,"sigma":1.5,"state":"IDLE","t":"2026-07-09T06:12:47.9191828Z","type":"sample"}
{"channel":"rr","display":14.018691588785046,"mu":0,"quality":"OK","raw":2700.3696190993687,"sigma":1.5,"state":"IDLE","t":"2026-07-09T06:12:47.9587352Z","type":"sample"}
{"channel":"rr","display":14.018691588785046,"mu":0,"quality":"OK","raw":2602.193463512534,"sigma":1.5,"state":"IDLE","t":"2026-07-09T06:12:47.9988909Z","type":"sample"}
{"channel":"rr","display":14.018691588785046,"mu":0,"quality":"OK","raw":2568.899307283517,"sigma":1.5,"state":"IDLE","t":"2026-07-09T06:12:48.0387702Z","type":"sample"}
{"channel":"rr","display":14.018691588785046,"mu":0,"quality":"OK","raw":2492.7762263052878,"sigma":1.5,"state":"IDLE","t":"2026-07-09T06:12:48.0788838Z","type":"sample"}
{"channel":"rr","display":14.018691588785046,"mu":0,"quality":"OK","raw":2423.005557073222,"sigma":1.5,"state":"IDLE","t":"2026-07-09T06:12:48.1187915Z","type":"sample"}
{"channel":"rr","display":14.018691588785046,"mu":0,"quality":"OK","raw":2371.1158784726367,"sigma":1.5,"state":"IDLE","t":"2026-07-09T06:12:48.1588031Z","type":"sample"}
{"channel":"rr","display":14.018691588785046,"mu":0,"quality":"OK","raw":2269.784458549095,"sigma":1.5,"state":"IDLE","t":"2026-07-09T06:12:48.1987662Z","type":"sample"}
{"channel":"rr","display":14.018691588785046,"mu":0,"quality":"OK","raw":2222.399378720383,"sigma":1.5,"state":"IDLE","t":"2026-07-09T06:12:48.2388536Z","type":"sample"}
{"channel":"rr","display":14.018691588785046,"mu":0,"quality":"OK","raw":2138.9815233154,"sigma":1.5,"state":"IDLE","t":"2026-07-09T06:12:48.2791797Z","type":"sample"}
{"channel":"rr","display":14.018691588785046,"mu":0,"quality":"OK","raw":2102.9815179108205,"sigma":1.5,"state":"IDLE","t":"2026-07-09T06:12:48.3190548Z","type":"sample"}
{"channel":"rr","display":14.018691588785046,"mu":0,"quality":"OK","raw":2029.7113157536812,"sigma":1.5,"state":"IDLE","t":"2026-07-09T06:12:48.359178Z","type":"sample"}
{"address":"/cue/r19/start","args":null,"channel":"system","dir":"out","t":"2026-07-09T06:12:48.3837733Z","type":"osc"}
{"channel":"rr","display":14.018691588785046,"mu":0,"quality":"OK","raw":1940.1234468695131,"sigma":1.5,"state":"IDLE","t":"2026-07-09T06:12:48.3990078Z","type":"sample"}
{"channel":"rr","display":14.018691588785046,"mu":0,"quality":"OK","raw":1869.61173823333,"sigma":1.5,"state":"IDLE","t":"2026-07-09T06:12:48.4391766Z","type":"sample"}
{"channel":"rr","display":14.018691588785046,"mu":0,"quality":"OK","raw":1821.6628498820342,"sigma":1.5,"state":"IDLE","t":"2026-07-09T06:12:48.4790234Z","type":"sample"}
{"channel":"rr","display":14.018691588785046,"mu":0,"quality":"OK","raw":1732.5899145889857,"sigma":1.5,"state":"IDLE","t":"2026-07-09T06:12:48.5189152Z","type":"sample"}
{"channel":"rr","display":14.018691588785046,"mu":0,"quality":"OK","raw":1647.6324843627747,"sigma":1.5,"state":"IDLE","t":"2026-07-09T06:12:48.559004Z","type":"sample"}
{"channel":"rr","display":14.018691588785046,"mu":0,"quality":"OK","raw":1614.4580429135558,"sigma":1.5,"state":"IDLE","t":"2026-07-09T06:12:48.5989408Z","type":"sample"}
{"channel":"rr","display":14.018691588785046,"mu":0,"quality":"OK","raw":1530.2804623672373,"sigma":1.5,"state":"IDLE","t":"2026-07-09T06:12:48.6390153Z","type":"sample"}
{"channel":"rr","display":14.018691588785046,"mu":0,"quality":"OK","raw":1486.2609148140016,"sigma":1.5,"state":"IDLE","t":"2026-07-09T06:12:48.6789411Z","type":"sample"}
{"channel":"rr","display":14.018691588785046,"mu":0,"quality":"OK","raw":1398.0682243870158,"sigma":1.5,"state":"IDLE","t":"2026-07-09T06:12:48.7189822Z","type":"sample"}
{"address":"/cue/p/start","args":null,"channel":"system","dir":"out","t":"2026-07-09T06:12:48.7392085Z","type":"osc"}
{"channel":"rr","display":14.018691588785046,"mu":0,"quality":"OK","raw":1358.052785305337,"sigma":1.5,"state":"IDLE","t":"2026-07-09T06:12:48.75899Z","type":"sample"}
{"channel":"rr","display":14.018691588785046,"mu":0,"quality":"OK","raw":1293.902990170899,"sigma":1.5,"state":"IDLE","t":"2026-07-09T06:12:48.7987587Z","type":"sample"}
{"channel":"rr","display":14.018691588785046,"mu":0,"quality":"OK","raw":1274.2977433094657,"sigma":1.5,"state":"IDLE","t":"2026-07-09T06:12:48.8392756Z","type":"sample"}
{"channel":"rr","display":14.018691588785046,"mu":0,"quality":"OK","raw":1194.0818902052683,"sigma":1.5,"state":"IDLE","t":"2026-07-09T06:12:48.8788159Z","type":"sample"}
{"channel":"rr","display":14.018691588785046,"mu":0,"quality":"OK","raw":1122.4514620226196,"sigma":1.5,"state":"IDLE","t":"2026-07-09T06:12:48.9190802Z","type":"sample"}
{"channel":"rr","display":14.018691588785046,"mu":0,"quality":"OK","raw":1114.1843503385246,"sigma":1.5,"state":"IDLE","t":"2026-07-09T06:12:48.9592871Z","type":"sample"}
{"channel":"rr","display":14.018691588785046,"mu":0,"quality":"OK","raw":1073.3836433152487,"sigma":1.5,"state":"IDLE","t":"2026-07-09T06:12:48.9988019Z","type":"sample"}
{"channel":"rr","display":14.018691588785046,"mu":0,"quality":"OK","raw":1016.0486848597473,"sigma":1.5,"state":"IDLE","t":"2026-07-09T06:12:49.0392286Z","type":"sample"}
{"channel":"rr","display":14.018691588785046,"mu":0,"quality":"OK","raw":982.2272970067833,"sigma":1.5,"state":"IDLE","t":"2026-07-09T06:12:49.0791177Z","type":"sample"}
{"channel":"rr","display":14.018691588785046,"mu":0,"quality":"OK","raw":967.1645221148764,"sigma":1.5,"state":"IDLE","t":"2026-07-09T06:12:49.1191214Z","type":"sample"}
{"channel":"rr","display":14.018691588785046,"mu":0,"quality":"OK","raw":948.2035017516865,"sigma":1.5,"state":"IDLE","t":"2026-07-09T06:12:49.1590055Z","type":"sample"}
{"channel":"rr","display":14.018691588785046,"mu":0,"quality":"OK","raw":921.883052316987,"sigma":1.5,"state":"IDLE","t":"2026-07-09T06:12:49.198987Z","type":"sample"}
{"channel":"rr","display":14.018691588785046,"mu":0,"quality":"OK","raw":905.3426436358988,"sigma":1.5,"state":"IDLE","t":"2026-07-09T06:12:49.2389719Z","type":"sample"}
{"channel":"rr","display":14.018691588785046,"mu":0,"quality":"OK","raw":863.126016102924,"sigma":1.5,"state":"IDLE","t":"2026-07-09T06:12:49.2788543Z","type":"sample"}
{"channel":"rr","display":14.018691588785046,"mu":0,"quality":"OK","raw":854.1191818598265,"sigma":1.5,"state":"IDLE","t":"2026-07-09T06:12:49.319207Z","type":"sample"}
{"channel":"rr","display":14.018691588785046,"mu":0,"quality":"OK","raw":854.8081982024379,"sigma":1.5,"state":"IDLE","t":"2026-07-09T06:12:49.3592275Z","type":"sample"}
{"address":"/cue/r19/start","args":null,"channel":"system","dir":"out","t":"2026-07-09T06:12:49.3900359Z","type":"osc"}
{"channel":"rr","display":14.018691588785046,"mu":0,"quality":"OK","raw":845.8119578265363,"sigma":1.5,"state":"IDLE","t":"2026-07-09T06:12:49.3988298Z","type":"sample"}
{"channel":"rr","display":14.018691588785046,"mu":0,"quality":"OK","raw":838.348146183911,"sigma":1.5,"state":"IDLE","t":"2026-07-09T06:12:49.4391692Z","type":"sample"}
{"channel":"rr","display":14.018691588785046,"mu":0,"quality":"OK","raw":849.9710896030313,"sigma":1.5,"state":"IDLE","t":"2026-07-09T06:12:49.4790873Z","type":"sample"}
{"channel":"rr","display":14.018691588785046,"mu":0,"quality":"OK","raw":869.8972862860652,"sigma":1.5,"state":"IDLE","t":"2026-07-09T06:12:49.5192509Z","type":"sample"}
{"channel":"rr","display":14.018691588785046,"mu":0,"quality":"OK","raw":878.1230520922544,"sigma":1.5,"state":"IDLE","t":"2026-07-09T06:12:49.5591632Z","type":"sample"}
{"channel":"rr","display":14.018691588785046,"mu":0,"quality":"OK","raw":906.5005607728853,"sigma":1.5,"state":"IDLE","t":"2026-07-09T06:12:49.5990682Z","type":"sample"}
{"channel":"rr","display":14.018691588785046,"mu":0,"quality":"OK","raw":918.666842097866,"sigma":1.5,"state":"IDLE","t":"2026-07-09T06:12:49.6389303Z","type":"sample"}
{"channel":"rr","display":14.018691588785046,"mu":0,"quality":"OK","raw":934.4161549962815,"sigma":1.5,"state":"IDLE","t":"2026-07-09T06:12:49.6791492Z","type":"sample"}
{"channel":"rr","display":14.018691588785046,"mu":0,"quality":"OK","raw":970.1597182403656,"sigma":1.5,"state":"IDLE","t":"2026-07-09T06:12:49.7190164Z","type":"sample"}
{"address":"/cue/p/start","args":null,"channel":"system","dir":"out","t":"2026-07-09T06:12:49.7394751Z","type":"osc"}
{"channel":"rr","display":14.018691588785046,"mu":0,"quality":"OK","raw":1015.9286571302249,"sigma":1.5,"state":"IDLE","t":"2026-07-09T06:12:49.758782Z","type":"sample"}
{"channel":"rr","display":14.018691588785046,"mu":0,"quality":"OK","raw":1049.9455523903837,"sigma":1.5,"state":"IDLE","t":"2026-07-09T06:12:49.7989416Z","type":"sample"}
{"channel":"rr","display":14.018691588785046,"mu":0,"quality":"OK","raw":1081.7690695817798,"sigma":1.5,"state":"IDLE","t":"2026-07-09T06:12:49.8387522Z","type":"sample"}
{"channel":"rr","display":14.018691588785046,"mu":0,"quality":"OK","raw":1129.9298215822446,"sigma":1.5,"state":"IDLE","t":"2026-07-09T06:12:49.8789768Z","type":"sample"}
{"channel":"rr","display":14.018691588785046,"mu":0,"quality":"OK","raw":1158.796437701434,"sigma":1.5,"state":"IDLE","t":"2026-07-09T06:12:49.9190626Z","type":"sample"}
{"channel":"rr","display":14.018691588785046,"mu":0,"quality":"OK","raw":1194.05619598189,"sigma":1.5,"state":"IDLE","t":"2026-07-09T06:12:49.9590054Z","type":"sample"}
{"channel":"rr","display":14.018691588785046,"mu":0,"quality":"OK","raw":1252.068458474856,"sigma":1.5,"state":"IDLE","t":"2026-07-09T06:12:49.9991665Z","type":"sample"}
{"channel":"rr","display":14.018691588785046,"mu":0,"quality":"OK","raw":1327.403485582037,"sigma":1.5,"state":"IDLE","t":"2026-07-09T06:12:50.0391813Z","type":"sample"}
{"channel":"rr","display":14.018691588785046,"mu":0,"quality":"OK","raw":1391.6492991470984,"sigma":1.5,"state":"IDLE","t":"2026-07-09T06:12:50.0788593Z","type":"sample"}
{"channel":"rr","display":14.018691588785046,"mu":0,"quality":"OK","raw":1409.2942701209422,"sigma":1.5,"state":"IDLE","t":"2026-07-09T06:12:50.118937Z","type":"sample"}
{"channel":"rr","display":14.018691588785046,"mu":0,"quality":"OK","raw":1507.1911241935381,"sigma":1.5,"state":"IDLE","t":"2026-07-09T06:12:50.1591878Z","type":"sample"}
{"channel":"rr","display":14.018691588785046,"mu":0,"quality":"OK","raw":1577.9270512906162,"sigma":1.5,"state":"IDLE","t":"2026-07-09T06:12:50.1988072Z","type":"sample"}
{"channel":"rr","display":14.018691588785046,"mu":0,"quality":"OK","raw":1627.4188260463957,"sigma":1.5,"state":"IDLE","t":"2026-07-09T06:12:50.239274Z","type":"sample"}
{"channel":"rr","display":14.018691588785046,"mu":0,"quality":"OK","raw":1709.5700374156058,"sigma":1.5,"state":"IDLE","t":"2026-07-09T06:12:50.2792084Z","type":"sample"}
{"channel":"rr","display":14.018691588785046,"mu":0,"quality":"OK","raw":1779.53404308605,"sigma":1.5,"state":"IDLE","t":"2026-07-09T06:12:50.3191724Z","type":"sample"}
{"channel":"rr","display":14.018691588785046,"mu":0,"quality":"OK","raw":1825.779641048577,"sigma":1.5,"state":"IDLE","t":"2026-07-09T06:12:50.3590689Z","type":"sample"}
{"address":"/cue/r19/start","args":null,"channel":"system","dir":"out","t":"2026-07-09T06:12:50.3955637Z","type":"osc"}
{"channel":"rr","display":14.018691588785046,"mu":0,"quality":"OK","raw":1900.7716155382047,"sigma":1.5,"state":"IDLE","t":"2026-07-09T06:12:50.3990177Z","type":"sample"}
{"channel":"rr","display":14.018691588785046,"mu":0,"quality":"OK","raw":2015.9062415036854,"sigma":1.5,"state":"IDLE","t":"2026-07-09T06:12:50.4390415Z","type":"sample"}
{"channel":"rr","display":14.018691588785046,"mu":0,"quality":"OK","raw":2028.7617724566483,"sigma":1.5,"state":"IDLE","t":"2026-07-09T06:12:50.4794899Z","type":"sample"}
{"channel":"rr","display":14.018691588785046,"mu":0,"quality":"OK","raw":2139.411567292812,"sigma":1.5,"state":"IDLE","t":"2026-07-09T06:12:50.518958Z","type":"sample"}
{"channel":"rr","display":14.018691588785046,"mu":0,"quality":"OK","raw":2183.935883410848,"sigma":1.5,"state":"IDLE","t":"2026-07-09T06:12:50.5589027Z","type":"sample"}
{"channel":"rr","display":14.018691588785046,"mu":0,"quality":"OK","raw":2277.3700572802704,"sigma":1.5,"state":"IDLE","t":"2026-07-09T06:12:50.5990279Z","type":"sample"}
{"channel":"rr","display":14.018691588785046,"mu":0,"quality":"OK","raw":2320.42340708421,"sigma":1.5,"state":"IDLE","t":"2026-07-09T06:12:50.6392118Z","type":"sample"}
{"channel":"rr","display":14.018691588785046,"mu":0,"quality":"OK","raw":2397.819425888406,"sigma":1.5,"state":"IDLE","t":"2026-07-09T06:12:50.6792517Z","type":"sample"}
{"channel":"rr","display":14.018691588785046,"mu":0,"quality":"OK","raw":2498.9473785793757,"sigma":1.5,"state":"IDLE","t":"2026-07-09T06:12:50.7188761Z","type":"sample"}
{"address":"/cue/p/start","args":null,"channel":"system","dir":"out","t":"2026-07-09T06:12:50.7400913Z","type":"osc"}
{"channel":"rr","display":14.018691588785046,"mu":0,"quality":"OK","raw":2541.876907840139,"sigma":1.5,"state":"IDLE","t":"2026-07-09T06:12:50.7591256Z","type":"sample"}
{"channel":"rr","display":14.018691588785046,"mu":0,"quality":"OK","raw":2573.4640187009386,"sigma":1.5,"state":"IDLE","t":"2026-07-09T06:12:50.7990683Z","type":"sample"}
{"channel":"rr","display":14.018691588785046,"mu":0,"quality":"OK","raw":2672.0878207246037,"sigma":1.5,"state":"IDLE","t":"2026-07-09T06:12:50.8389999Z","type":"sample"}
{"channel":"rr","display":14.018691588785046,"mu":0,"quality":"OK","raw":2694.3884587605285,"sigma":1.5,"state":"IDLE","t":"2026-07-09T06:12:50.8791285Z","type":"sample"}
{"channel":"rr","display":14.018691588785046,"mu":0,"quality":"OK","raw":2788.1888461895437,"sigma":1.5,"state":"IDLE","t":"2026-07-09T06:12:50.9190838Z","type":"sample"}
{"channel":"rr","display":14.018691588785046,"mu":0,"quality":"OK","raw":2813.4892109000975,"sigma":1.5,"state":"IDLE","t":"2026-07-09T06:12:50.9591908Z","type":"sample"}
{"channel":"rr","display":14.018691588785046,"mu":0,"quality":"OK","raw":2864.7081644285563,"sigma":1.5,"state":"IDLE","t":"2026-07-09T06:12:50.9991433Z","type":"sample"}
{"channel":"rr","display":14.018691588785046,"mu":0,"quality":"OK","raw":2908.3559349127754,"sigma":1.5,"state":"IDLE","t":"2026-07-09T06:12:51.0391299Z","type":"sample"}
{"channel":"rr","display":14.018691588785046,"mu":0,"quality":"OK","raw":2939.7004500626913,"sigma":1.5,"state":"IDLE","t":"2026-07-09T06:12:51.0788897Z","type":"sample"}
{"channel":"rr","display":14.018691588785046,"mu":0,"quality":"OK","raw":3036.637325728791,"sigma":1.5,"state":"IDLE","t":"2026-07-09T06:12:51.1192153Z","type":"sample"}
{"channel":"rr","display":14.018691588785046,"mu":0,"quality":"OK","raw":3051.022984782147,"sigma":1.5,"state":"IDLE","t":"2026-07-09T06:12:51.1587836Z","type":"sample"}
{"channel":"rr","display":14.018691588785046,"mu":0,"quality":"OK","raw":3110.0623313932983,"sigma":1.5,"state":"IDLE","t":"2026-07-09T06:12:51.1992759Z","type":"sample"}
{"channel":"rr","display":14.018691588785046,"mu":0,"quality":"OK","raw":3135.8627207683357,"sigma":1.5,"state":"IDLE","t":"2026-07-09T06:12:51.2390288Z","type":"sample"}
{"channel":"rr","display":14.018691588785046,"mu":0,"quality":"OK","raw":3152.723867591802,"sigma":1.5,"state":"IDLE","t":"2026-07-09T06:12:51.2791644Z","type":"sample"}
{"channel":"rr","display":14.018691588785046,"mu":0,"quality":"OK","raw":3197.8324191777724,"sigma":1.5,"state":"IDLE","t":"2026-07-09T06:12:51.3193263Z","type":"sample"}
{"channel":"rr","display":14.018691588785046,"mu":0,"quality":"OK","raw":3188.5357400128983,"sigma":1.5,"state":"IDLE","t":"2026-07-09T06:12:51.358987Z","type":"sample"}
{"channel":"rr","display":14.018691588785046,"mu":0,"quality":"OK","raw":3233.772905132408,"sigma":1.5,"state":"IDLE","t":"2026-07-09T06:12:51.3988781Z","type":"sample"}
{"address":"/cue/r19/start","args":null,"channel":"system","dir":"out","t":"2026-07-09T06:12:51.3995101Z","type":"osc"}
{"channel":"rr","display":14.018691588785046,"mu":0,"quality":"OK","raw":3220.298541466975,"sigma":1.5,"state":"IDLE","t":"2026-07-09T06:12:51.439023Z","type":"sample"}
{"channel":"rr","display":14.018691588785046,"mu":0,"quality":"OK","raw":3254.6714181279267,"sigma":1.5,"state":"IDLE","t":"2026-07-09T06:12:51.4787773Z","type":"sample"}
{"channel":"rr","display":14.018691588785046,"mu":0,"quality":"OK","raw":3257.8808234586036,"sigma":1.5,"state":"IDLE","t":"2026-07-09T06:12:51.5189199Z","type":"sample"}
{"channel":"rr","display":14.018691588785046,"mu":0,"quality":"OK","raw":3250.09281444848,"sigma":1.5,"state":"IDLE","t":"2026-07-09T06:12:51.559007Z","type":"sample"}
{"channel":"rr","display":14.018691588785046,"mu":0,"quality":"OK","raw":3245.706703980141,"sigma":1.5,"state":"IDLE","t":"2026-07-09T06:12:51.5989848Z","type":"sample"}
{"channel":"rr","display":14.018691588785046,"mu":0,"quality":"OK","raw":3248.3912045007796,"sigma":1.5,"state":"IDLE","t":"2026-07-09T06:12:51.6389821Z","type":"sample"}
{"channel":"rr","display":14.018691588785046,"mu":0,"quality":"OK","raw":3239.722158492318,"sigma":1.5,"state":"IDLE","t":"2026-07-09T06:12:51.6789457Z","type":"sample"}
{"channel":"rr","display":14.018691588785046,"mu":0,"quality":"OK","raw":3244.3896650489582,"sigma":1.5,"state":"IDLE","t":"2026-07-09T06:12:51.7193235Z","type":"sample"}
{"address":"/cue/p/start","args":null,"channel":"system","dir":"out","t":"2026-07-09T06:12:51.7392619Z","type":"osc"}
{"channel":"rr","display":14.018691588785046,"mu":0,"quality":"OK","raw":3197.9523095254663,"sigma":1.5,"state":"IDLE","t":"2026-07-09T06:12:51.7589477Z","type":"sample"}
{"channel":"rr","display":14.018691588785046,"mu":0,"quality":"OK","raw":3184.570602150735,"sigma":1.5,"state":"IDLE","t":"2026-07-09T06:12:51.7991649Z","type":"sample"}
{"channel":"rr","display":14.018691588785046,"mu":0,"quality":"OK","raw":3174.5569994516914,"sigma":1.5,"state":"IDLE","t":"2026-07-09T06:12:51.8391914Z","type":"sample"}
{"channel":"rr","display":14.018691588785046,"mu":0,"quality":"OK","raw":3102.908804105708,"sigma":1.5,"state":"IDLE","t":"2026-07-09T06:12:51.8789727Z","type":"sample"}
{"channel":"rr","display":14.018691588785046,"mu":0,"quality":"OK","raw":3061.917287401546,"sigma":1.5,"state":"IDLE","t":"2026-07-09T06:12:51.9192422Z","type":"sample"}
{"channel":"rr","display":14.018691588785046,"mu":0,"quality":"OK","raw":3056.0215797938004,"sigma":1.5,"state":"IDLE","t":"2026-07-09T06:12:51.9589193Z","type":"sample"}
{"channel":"rr","display":14.018691588785046,"mu":0,"quality":"OK","raw":2993.1602808104262,"sigma":1.5,"state":"IDLE","t":"2026-07-09T06:12:51.9989752Z","type":"sample"}
{"channel":"rr","display":14.018691588785046,"mu":0,"quality":"OK","raw":2964.322829024626,"sigma":1.5,"state":"IDLE","t":"2026-07-09T06:12:52.0394411Z","type":"sample"}
{"channel":"rr","display":14.018691588785046,"mu":0,"quality":"OK","raw":2915.209952745001,"sigma":1.5,"state":"IDLE","t":"2026-07-09T06:12:52.0788449Z","type":"sample"}
{"channel":"rr","display":14.018691588785046,"mu":0,"quality":"OK","raw":2849.082608137328,"sigma":1.5,"state":"IDLE","t":"2026-07-09T06:12:52.1190119Z","type":"sample"}
{"channel":"rr","display":14.018691588785046,"mu":0,"quality":"OK","raw":2779.1551353506966,"sigma":1.5,"state":"IDLE","t":"2026-07-09T06:12:52.1587669Z","type":"sample"}
{"channel":"rr","display":14.018691588785046,"mu":0,"quality":"OK","raw":2703.205503629117,"sigma":1.5,"state":"IDLE","t":"2026-07-09T06:12:52.199532Z","type":"sample"}
{"channel":"rr","display":14.018691588785046,"mu":0,"quality":"OK","raw":2682.570151728108,"sigma":1.5,"state":"IDLE","t":"2026-07-09T06:12:52.2392296Z","type":"sample"}
{"channel":"rr","display":14.018691588785046,"mu":0,"quality":"OK","raw":2588.9829011342204,"sigma":1.5,"state":"IDLE","t":"2026-07-09T06:12:52.2792041Z","type":"sample"}
{"channel":"rr","display":14.018691588785046,"mu":0,"quality":"OK","raw":2550.4919673647937,"sigma":1.5,"state":"IDLE","t":"2026-07-09T06:12:52.3192074Z","type":"sample"}
{"channel":"rr","display":14.018691588785046,"mu":0,"quality":"OK","raw":2526.056645511715,"sigma":1.5,"state":"IDLE","t":"2026-07-09T06:12:52.3593Z","type":"sample"}
{"channel":"rr","display":14.018691588785046,"mu":0,"quality":"OK","raw":2433.366276471869,"sigma":1.5,"state":"IDLE","t":"2026-07-09T06:12:52.3988603Z","type":"sample"}
{"address":"/cue/r19/start","args":null,"channel":"system","dir":"out","t":"2026-07-09T06:12:52.4117981Z","type":"osc"}
{"channel":"rr","display":14.018691588785046,"mu":0,"quality":"OK","raw":2351.7113667223052,"sigma":1.5,"state":"IDLE","t":"2026-07-09T06:12:52.4389151Z","type":"sample"}
{"channel":"rr","display":14.018691588785046,"mu":0,"quality":"OK","raw":2305.0054178696873,"sigma":1.5,"state":"IDLE","t":"2026-07-09T06:12:52.4791571Z","type":"sample"}
{"channel":"rr","display":14.018691588785046,"mu":0,"quality":"OK","raw":2213.1458649196247,"sigma":1.5,"state":"IDLE","t":"2026-07-09T06:12:52.5191427Z","type":"sample"}
{"channel":"rr","display":14.018691588785046,"mu":0,"quality":"OK","raw":2142.480387533595,"sigma":1.5,"state":"IDLE","t":"2026-07-09T06:12:52.5591387Z","type":"sample"}
{"channel":"rr","display":14.018691588785046,"mu":0,"quality":"OK","raw":2112.245388175192,"sigma":1.5,"state":"IDLE","t":"2026-07-09T06:12:52.5991375Z","type":"sample"}
{"channel":"rr","display":14.018691588785046,"mu":0,"quality":"OK","raw":2014.4613498962897,"sigma":1.5,"state":"IDLE","t":"2026-07-09T06:12:52.6390001Z","type":"sample"}
{"channel":"rr","display":14.018691588785046,"mu":0,"quality":"OK","raw":1967.0242040215264,"sigma":1.5,"state":"IDLE","t":"2026-07-09T06:12:52.6790305Z","type":"sample"}
{"channel":"rr","display":14.018691588785046,"mu":0,"quality":"OK","raw":1876.8321096596355,"sigma":1.5,"state":"IDLE","t":"2026-07-09T06:12:52.7192282Z","type":"sample"}
{"address":"/cue/p/start","args":null,"channel":"system","dir":"out","t":"2026-07-09T06:12:52.7395736Z","type":"osc"}
{"channel":"rr","display":14.018691588785046,"mu":0,"quality":"OK","raw":1798.7968781171687,"sigma":1.5,"state":"IDLE","t":"2026-07-09T06:12:52.7590994Z","type":"sample"}
{"channel":"rr","display":14.018691588785046,"mu":0,"quality":"OK","raw":1714.048213271568,"sigma":1.5,"state":"IDLE","t":"2026-07-09T06:12:52.7992852Z","type":"sample"}
{"channel":"rr","display":14.018691588785046,"mu":0,"quality":"OK","raw":1650.441015677367,"sigma":1.5,"state":"IDLE","t":"2026-07-09T06:12:52.8394077Z","type":"sample"}
{"channel":"rr","display":14.018691588785046,"mu":0,"quality":"OK","raw":1577.0481687813071,"sigma":1.5,"state":"IDLE","t":"2026-07-09T06:12:52.8792131Z","type":"sample"}
{"channel":"rr","display":14.018691588785046,"mu":0,"quality":"OK","raw":1505.5765355144092,"sigma":1.5,"state":"IDLE","t":"2026-07-09T06:12:52.9191477Z","type":"sample"}
{"channel":"rr","display":14.018691588785046,"mu":0,"quality":"OK","raw":1477.0269162804148,"sigma":1.5,"state":"IDLE","t":"2026-07-09T06:12:52.9588929Z","type":"sample"}
{"channel":"rr","display":14.018691588785046,"mu":0,"quality":"OK","raw":1377.8439695925165,"sigma":1.5,"state":"IDLE","t":"2026-07-09T06:12:52.9987586Z","type":"sample"}
{"channel":"rr","display":14.018691588785046,"mu":0,"quality":"OK","raw":1370.196703265284,"sigma":1.5,"state":"IDLE","t":"2026-07-09T06:12:53.0391957Z","type":"sample"}
{"channel":"rr","display":14.018691588785046,"mu":0,"quality":"OK","raw":1302.2294241182283,"sigma":1.5,"state":"IDLE","t":"2026-07-09T06:12:53.0791678Z","type":"sample"}
{"channel":"rr","display":14.018691588785046,"mu":0,"quality":"OK","raw":1230.5624982057886,"sigma":1.5,"state":"IDLE","t":"2026-07-09T06:12:53.1190573Z","type":"sample"}
{"channel":"rr","display":14.018691588785046,"mu":0,"quality":"OK","raw":1159.6765315521022,"sigma":1.5,"state":"IDLE","t":"2026-07-09T06:12:53.1588581Z","type":"sample"}
{"channel":"rr","display":14.018691588785046,"mu":0,"quality":"OK","raw":1159.6694195719654,"sigma":1.5,"state":"IDLE","t":"2026-07-09T06:12:53.1989051Z","type":"sample"}
{"channel":"rr","display":14.018691588785046,"mu":0,"quality":"OK","raw":1124.8963958856225,"sigma":1.5,"state":"IDLE","t":"2026-07-09T06:12:53.2390876Z","type":"sample"}
{"channel":"rr","display":14.018691588785046,"mu":0,"quality":"OK","raw":1078.7612019334447,"sigma":1.5,"state":"IDLE","t":"2026-07-09T06:12:53.2789025Z","type":"sample"}
{"channel":"rr","display":14.018691588785046,"mu":0,"quality":"OK","raw":1008.4218395959557,"sigma":1.5,"state":"IDLE","t":"2026-07-09T06:12:53.3187549Z","type":"sample"}
{"channel":"rr","display":14.018691588785046,"mu":0,"quality":"OK","raw":1009.5826188958787,"sigma":1.5,"state":"IDLE","t":"2026-07-09T06:12:53.3588609Z","type":"sample"}
{"channel":"rr","display":14.018691588785046,"mu":0,"quality":"OK","raw":963.802026049391,"sigma":1.5,"state":"IDLE","t":"2026-07-09T06:12:53.3990517Z","type":"sample"}
{"address":"/cue/r19/start","args":null,"channel":"system","dir":"out","t":"2026-07-09T06:12:53.4225854Z","type":"osc"}
{"channel":"rr","display":14.018691588785046,"mu":0,"quality":"OK","raw":893.8625935159299,"sigma":1.5,"state":"IDLE","t":"2026-07-09T06:12:53.4392049Z","type":"sample"}
{"channel":"rr","display":14.018691588785046,"mu":0,"quality":"OK","raw":908.2825305517001,"sigma":1.5,"state":"IDLE","t":"2026-07-09T06:12:53.4788572Z","type":"sample"}
{"channel":"rr","display":14.018691588785046,"mu":0,"quality":"OK","raw":850.1043367999996,"sigma":1.5,"state":"IDLE","t":"2026-07-09T06:12:53.5191603Z","type":"sample"}
{"channel":"rr","display":14.018691588785046,"mu":0,"quality":"OK","raw":855.6386622566323,"sigma":1.5,"state":"IDLE","t":"2026-07-09T06:12:53.5589505Z","type":"sample"}
{"channel":"rr","display":14.018691588785046,"mu":0,"quality":"OK","raw":850.7610374958006,"sigma":1.5,"state":"IDLE","t":"2026-07-09T06:12:53.5992263Z","type":"sample"}
{"channel":"rr","display":14.018691588785046,"mu":0,"quality":"OK","raw":846.5684119052747,"sigma":1.5,"state":"IDLE","t":"2026-07-09T06:12:53.6389483Z","type":"sample"}
{"channel":"rr","display":14.018691588785046,"mu":0,"quality":"OK","raw":844.8730052531486,"sigma":1.5,"state":"IDLE","t":"2026-07-09T06:12:53.6787224Z","type":"sample"}
{"channel":"rr","display":14.018691588785046,"mu":0,"quality":"OK","raw":856.4042196684659,"sigma":1.5,"state":"IDLE","t":"2026-07-09T06:12:53.7189046Z","type":"sample"}
{"address":"/cue/p/start","args":null,"channel":"system","dir":"out","t":"2026-07-09T06:12:53.7397897Z","type":"osc"}
{"channel":"rr","display":14.018691588785046,"mu":0,"quality":"OK","raw":877.2692828567161,"sigma":1.5,"state":"IDLE","t":"2026-07-09T06:12:53.7591115Z","type":"sample"}
{"channel":"rr","display":14.018691588785046,"mu":0,"quality":"OK","raw":870.1420639821134,"sigma":1.5,"state":"IDLE","t":"2026-07-09T06:12:53.7992144Z","type":"sample"}
{"channel":"rr","display":14.018691588785046,"mu":0,"quality":"OK","raw":857.4601021374053,"sigma":1.5,"state":"IDLE","t":"2026-07-09T06:12:53.8389267Z","type":"sample"}
{"channel":"rr","display":14.018691588785046,"mu":0,"quality":"OK","raw":876.0578244923436,"sigma":1.5,"state":"IDLE","t":"2026-07-09T06:12:53.8789829Z","type":"sample"}
{"channel":"rr","display":14.018691588785046,"mu":0,"quality":"OK","raw":900.326412207509,"sigma":1.5,"state":"IDLE","t":"2026-07-09T06:12:53.9188516Z","type":"sample"}
{"channel":"rr","display":14.018691588785046,"mu":0,"quality":"OK","raw":951.8940698041015,"sigma":1.5,"state":"IDLE","t":"2026-07-09T06:12:53.9588653Z","type":"sample"}
{"channel":"rr","display":14.018691588785046,"mu":0,"quality":"OK","raw":984.5703551408045,"sigma":1.5,"state":"IDLE","t":"2026-07-09T06:12:53.9988702Z","type":"sample"}
{"channel":"rr","display":14.018691588785046,"mu":0,"quality":"OK","raw":1006.3192234242673,"sigma":1.5,"state":"IDLE","t":"2026-07-09T06:12:54.0392087Z","type":"sample"}
{"channel":"rr","display":14.018691588785046,"mu":0,"quality":"OK","raw":1044.6082544624328,"sigma":1.5,"state":"IDLE","t":"2026-07-09T06:12:54.0787821Z","type":"sample"}
{"channel":"rr","display":14.018691588785046,"mu":0,"quality":"OK","raw":1077.2146063356338,"sigma":1.5,"state":"IDLE","t":"2026-07-09T06:12:54.1190602Z","type":"sample"}
{"channel":"rr","display":14.018691588785046,"mu":0,"quality":"OK","raw":1124.7835244683072,"sigma":1.5,"state":"IDLE","t":"2026-07-09T06:12:54.159284Z","type":"sample"}
{"channel":"rr","display":14.018691588785046,"mu":0,"quality":"OK","raw":1165.7846810075519,"sigma":1.5,"state":"IDLE","t":"2026-07-09T06:12:54.1992191Z","type":"sample"}
{"channel":"rr","display":14.018691588785046,"mu":0,"quality":"OK","raw":1238.6736014698395,"sigma":1.5,"state":"IDLE","t":"2026-07-09T06:12:54.2390336Z","type":"sample"}
{"channel":"rr","display":14.018691588785046,"mu":0,"quality":"OK","raw":1293.6462061816997,"sigma":1.5,"state":"IDLE","t":"2026-07-09T06:12:54.278794Z","type":"sample"}
{"channel":"rr","display":14.018691588785046,"mu":0,"quality":"OK","raw":1315.094774855067,"sigma":1.5,"state":"IDLE","t":"2026-07-09T06:12:54.3187774Z","type":"sample"}
{"channel":"rr","display":14.018691588785046,"mu":0,"quality":"OK","raw":1382.9370183229917,"sigma":1.5,"state":"IDLE","t":"2026-07-09T06:12:54.3594704Z","type":"sample"}
{"channel":"rr","display":14.018691588785046,"mu":0,"quality":"OK","raw":1434.4150555663234,"sigma":1.5,"state":"IDLE","t":"2026-07-09T06:12:54.3989694Z","type":"sample"}
{"address":"/cue/r19/start","args":null,"channel":"system","dir":"out","t":"2026-07-09T06:12:54.4297581Z","type":"osc"}
{"channel":"rr","display":14.018691588785046,"mu":0,"quality":"OK","raw":1510.6413487217908,"sigma":1.5,"state":"IDLE","t":"2026-07-09T06:12:54.4390811Z","type":"sample"}
{"channel":"rr","display":14.018691588785046,"mu":0,"quality":"OK","raw":1569.3579670909169,"sigma":1.5,"state":"IDLE","t":"2026-07-09T06:12:54.4788325Z","type":"sample"}
{"channel":"rr","display":14.018691588785046,"mu":0,"quality":"OK","raw":1631.4234750802873,"sigma":1.5,"state":"IDLE","t":"2026-07-09T06:12:54.5189934Z","type":"sample"}
{"channel":"rr","display":14.018691588785046,"mu":0,"quality":"OK","raw":1709.2799566473136,"sigma":1.5,"state":"IDLE","t":"2026-07-09T06:12:54.5591595Z","type":"sample"}
{"channel":"rr","display":14.018691588785046,"mu":0,"quality":"OK","raw":1750.3673453546874,"sigma":1.5,"state":"IDLE","t":"2026-07-09T06:12:54.5988253Z","type":"sample"}
{"channel":"rr","display":14.018691588785046,"mu":0,"quality":"OK","raw":1848.1340035988756,"sigma":1.5,"state":"IDLE","t":"2026-07-09T06:12:54.6387982Z","type":"sample"}
{"channel":"rr","display":14.018691588785046,"mu":0,"quality":"OK","raw":1916.0388220308778,"sigma":1.5,"state":"IDLE","t":"2026-07-09T06:12:54.6788929Z","type":"sample"}
{"channel":"rr","display":14.018691588785046,"mu":0,"quality":"OK","raw":1961.443145345205,"sigma":1.5,"state":"IDLE","t":"2026-07-09T06:12:54.719065Z","type":"sample"}
{"address":"/cue/p/start","args":null,"channel":"system","dir":"out","t":"2026-07-09T06:12:54.7398914Z","type":"osc"}
{"channel":"rr","display":14.018691588785046,"mu":0,"quality":"OK","raw":2035.9787996370978,"sigma":1.5,"state":"IDLE","t":"2026-07-09T06:12:54.7589954Z","type":"sample"}
{"channel":"rr","display":14.018691588785046,"mu":0,"quality":"OK","raw":2140.3958654811813,"sigma":1.5,"state":"IDLE","t":"2026-07-09T06:12:54.7988418Z","type":"sample"}
{"channel":"rr","display":14.018691588785046,"mu":0,"quality":"OK","raw":2195.7425037601843,"sigma":1.5,"state":"IDLE","t":"2026-07-09T06:12:54.8390162Z","type":"sample"}
{"channel":"rr","display":14.018691588785046,"mu":0,"quality":"OK","raw":2239.2580711261357,"sigma":1.5,"state":"IDLE","t":"2026-07-09T06:12:54.8791232Z","type":"sample"}
{"channel":"rr","display":14.018691588785046,"mu":0,"quality":"OK","raw":2335.7304210494863,"sigma":1.5,"state":"IDLE","t":"2026-07-09T06:12:54.9189732Z","type":"sample"}
{"channel":"rr","display":14.018691588785046,"mu":0,"quality":"OK","raw":2375.741354119628,"sigma":1.5,"state":"IDLE","t":"2026-07-09T06:12:54.9589446Z","type":"sample"}
{"channel":"rr","display":14.018691588785046,"mu":0,"quality":"OK","raw":2458.400905289127,"sigma":1.5,"state":"IDLE","t":"2026-07-09T06:12:54.9990361Z","type":"sample"}
{"channel":"rr","display":14.018691588785046,"mu":0,"quality":"OK","raw":2537.7480515583748,"sigma":1.5,"state":"IDLE","t":"2026-07-09T06:12:55.0387415Z","type":"sample"}
{"channel":"rr","display":14.018691588785046,"mu":0,"quality":"OK","raw":2603.029267674413,"sigma":1.5,"state":"IDLE","t":"2026-07-09T06:12:55.0787671Z","type":"sample"}
{"channel":"rr","display":14.018691588785046,"mu":0,"quality":"OK","raw":2695.2347332370837,"sigma":1.5,"state":"IDLE","t":"2026-07-09T06:12:55.1190288Z","type":"sample"}
{"channel":"rr","display":14.018691588785046,"mu":0,"quality":"OK","raw":2674.5164422112243,"sigma":1.5,"state":"IDLE","t":"2026-07-09T06:12:55.1593125Z","type":"sample"}
{"channel":"rr","display":14.018691588785046,"mu":0,"quality":"OK","raw":2777.1975293070673,"sigma":1.5,"state":"IDLE","t":"2026-07-09T06:12:55.1990633Z","type":"sample"}
{"channel":"rr","display":14.018691588785046,"mu":0,"quality":"OK","raw":2827.6845483279067,"sigma":1.5,"state":"IDLE","t":"2026-07-09T06:12:55.2391669Z","type":"sample"}
{"channel":"rr","display":14.018691588785046,"mu":0,"quality":"OK","raw":2861.271358200391,"sigma":1.5,"state":"IDLE","t":"2026-07-09T06:12:55.2789876Z","type":"sample"}
{"channel":"rr","display":14.018691588785046,"mu":0,"quality":"OK","raw":2945.0995375340162,"sigma":1.5,"state":"IDLE","t":"2026-07-09T06:12:55.3191761Z","type":"sample"}
{"channel":"rr","display":14.018691588785046,"mu":0,"quality":"OK","raw":2962.684769458333,"sigma":1.5,"state":"IDLE","t":"2026-07-09T06:12:55.3589937Z","type":"sample"}
{"channel":"rr","display":14.018691588785046,"mu":0,"quality":"OK","raw":3036.373192583316,"sigma":1.5,"state":"IDLE","t":"2026-07-09T06:12:55.399003Z","type":"sample"}
{"address":"/cue/r19/start","args":null,"channel":"system","dir":"out","t":"2026-07-09T06:12:55.4342656Z","type":"osc"}
{"channel":"rr","display":14.018691588785046,"mu":0,"quality":"OK","raw":3056.5621523909194,"sigma":1.5,"state":"IDLE","t":"2026-07-09T06:12:55.4392414Z","type":"sample"}
{"channel":"rr","display":14.018691588785046,"mu":0,"quality":"OK","raw":3101.7172606378854,"sigma":1.5,"state":"IDLE","t":"2026-07-09T06:12:55.4788231Z","type":"sample"}
{"channel":"rr","display":14.018691588785046,"mu":0,"quality":"OK","raw":3102.4562734416754,"sigma":1.5,"state":"IDLE","t":"2026-07-09T06:12:55.5188937Z","type":"sample"}
{"channel":"rr","display":14.018691588785046,"mu":0,"quality":"OK","raw":3173.3729406960706,"sigma":1.5,"state":"IDLE","t":"2026-07-09T06:12:55.5587772Z","type":"sample"}
{"channel":"rr","display":14.018691588785046,"mu":0,"quality":"OK","raw":3154.390398167458,"sigma":1.5,"state":"IDLE","t":"2026-07-09T06:12:55.5990144Z","type":"sample"}
{"channel":"rr","display":14.018691588785046,"mu":0,"quality":"OK","raw":3179.8682063842784,"sigma":1.5,"state":"IDLE","t":"2026-07-09T06:12:55.6388394Z","type":"sample"}
{"channel":"rr","display":14.018691588785046,"mu":0,"quality":"OK","raw":3221.446950520127,"sigma":1.5,"state":"IDLE","t":"2026-07-09T06:12:55.678922Z","type":"sample"}
{"channel":"rr","display":14.018691588785046,"mu":0,"quality":"OK","raw":3241.7768666567317,"sigma":1.5,"state":"IDLE","t":"2026-07-09T06:12:55.7191669Z","type":"sample"}
{"address":"/cue/p/start","args":null,"channel":"system","dir":"out","t":"2026-07-09T06:12:55.7397518Z","type":"osc"}
{"channel":"rr","display":14.018691588785046,"mu":0,"quality":"OK","raw":3215.026172870426,"sigma":1.5,"state":"IDLE","t":"2026-07-09T06:12:55.7591006Z","type":"sample"}
{"channel":"rr","display":14.018691588785046,"mu":0,"quality":"OK","raw":3231.98977322881,"sigma":1.5,"state":"IDLE","t":"2026-07-09T06:12:55.7988383Z","type":"sample"}
{"channel":"rr","display":14.018691588785046,"mu":0,"quality":"OK","raw":3263.6130321191345,"sigma":1.5,"state":"IDLE","t":"2026-07-09T06:12:55.8392416Z","type":"sample"}
{"channel":"rr","display":14.018691588785046,"mu":0,"quality":"OK","raw":3238.3762109319073,"sigma":1.5,"state":"IDLE","t":"2026-07-09T06:12:55.8788733Z","type":"sample"}
{"channel":"rr","display":14.018691588785046,"mu":0,"quality":"OK","raw":3240.3834621254236,"sigma":1.5,"state":"IDLE","t":"2026-07-09T06:12:55.9192469Z","type":"sample"}
{"channel":"rr","display":14.018691588785046,"mu":0,"quality":"OK","raw":3245.7491333403336,"sigma":1.5,"state":"IDLE","t":"2026-07-09T06:12:55.9590672Z","type":"sample"}
{"channel":"rr","display":14.018691588785046,"mu":0,"quality":"OK","raw":3194.7026520645863,"sigma":1.5,"state":"IDLE","t":"2026-07-09T06:12:55.9992441Z","type":"sample"}
{"channel":"rr","display":14.018691588785046,"mu":0,"quality":"OK","raw":3230.0192775027012,"sigma":1.5,"state":"IDLE","t":"2026-07-09T06:12:56.0390625Z","type":"sample"}
{"channel":"rr","display":14.018691588785046,"mu":0,"quality":"OK","raw":3176.748952129004,"sigma":1.5,"state":"IDLE","t":"2026-07-09T06:12:56.0789512Z","type":"sample"}
{"channel":"rr","display":14.018691588785046,"mu":0,"quality":"OK","raw":3147.5027585448056,"sigma":1.5,"state":"IDLE","t":"2026-07-09T06:12:56.118769Z","type":"sample"}
{"channel":"rr","display":14.018691588785046,"mu":0,"quality":"OK","raw":3103.573627172586,"sigma":1.5,"state":"IDLE","t":"2026-07-09T06:12:56.1591825Z","type":"sample"}
{"channel":"rr","display":14.018691588785046,"mu":0,"quality":"OK","raw":3095.098738943192,"sigma":1.5,"state":"IDLE","t":"2026-07-09T06:12:56.1989885Z","type":"sample"}
{"channel":"rr","display":14.018691588785046,"mu":0,"quality":"OK","raw":3033.285960334696,"sigma":1.5,"state":"IDLE","t":"2026-07-09T06:12:56.2390733Z","type":"sample"}
{"channel":"rr","display":14.018691588785046,"mu":0,"quality":"OK","raw":3009.8995578207005,"sigma":1.5,"state":"IDLE","t":"2026-07-09T06:12:56.2788191Z","type":"sample"}
{"channel":"rr","display":14.018691588785046,"mu":0,"quality":"OK","raw":2951.067689303201,"sigma":1.5,"state":"IDLE","t":"2026-07-09T06:12:56.3191506Z","type":"sample"}
{"channel":"rr","display":14.018691588785046,"mu":0,"quality":"OK","raw":2907.7199788224316,"sigma":1.5,"state":"IDLE","t":"2026-07-09T06:12:56.3592383Z","type":"sample"}
{"channel":"rr","display":14.018691588785046,"mu":0,"quality":"OK","raw":2848.23716973785,"sigma":1.5,"state":"IDLE","t":"2026-07-09T06:12:56.3988012Z","type":"sample"}
{"channel":"rr","display":14.018691588785046,"mu":0,"quality":"OK","raw":2798.761732031676,"sigma":1.5,"state":"IDLE","t":"2026-07-09T06:12:56.4391125Z","type":"sample"}
{"address":"/cue/r19/start","args":null,"channel":"system","dir":"out","t":"2026-07-09T06:12:56.4413496Z","type":"osc"}
{"channel":"rr","display":14.018691588785046,"mu":0,"quality":"OK","raw":2741.1622627565575,"sigma":1.5,"state":"IDLE","t":"2026-07-09T06:12:56.4790584Z","type":"sample"}
{"channel":"rr","display":14.018691588785046,"mu":0,"quality":"OK","raw":2673.203217138597,"sigma":1.5,"state":"IDLE","t":"2026-07-09T06:12:56.5187796Z","type":"sample"}
{"channel":"rr","display":14.018691588785046,"mu":0,"quality":"OK","raw":2625.7854472370127,"sigma":1.5,"state":"IDLE","t":"2026-07-09T06:12:56.5589784Z","type":"sample"}
{"channel":"rr","display":14.018691588785046,"mu":0,"quality":"OK","raw":2576.944648154131,"sigma":1.5,"state":"IDLE","t":"2026-07-09T06:12:56.5993021Z","type":"sample"}
{"channel":"rr","display":14.018691588785046,"mu":0,"quality":"OK","raw":2479.2034945001683,"sigma":1.5,"state":"IDLE","t":"2026-07-09T06:12:56.6391094Z","type":"sample"}
{"channel":"rr","display":14.018691588785046,"mu":0,"quality":"OK","raw":2447.62441150091,"sigma":1.5,"state":"IDLE","t":"2026-07-09T06:12:56.6792475Z","type":"sample"}
{"channel":"rr","display":14.018691588785046,"mu":0,"quality":"OK","raw":2368.2022260418034,"sigma":1.5,"state":"IDLE","t":"2026-07-09T06:12:56.7192248Z","type":"sample"}
{"address":"/cue/p/start","args":null,"channel":"system","dir":"out","t":"2026-07-09T06:12:56.7416697Z","type":"osc"}
{"channel":"rr","display":14.018691588785046,"mu":0,"quality":"OK","raw":2318.989213286454,"sigma":1.5,"state":"IDLE","t":"2026-07-09T06:12:56.7589862Z","type":"sample"}
{"channel":"rr","display":14.018691588785046,"mu":0,"quality":"OK","raw":2229.41507547594,"sigma":1.5,"state":"IDLE","t":"2026-07-09T06:12:56.7990643Z","type":"sample"}
{"channel":"rr","display":14.018691588785046,"mu":0,"quality":"OK","raw":2148.2798267963803,"sigma":1.5,"state":"IDLE","t":"2026-07-09T06:12:56.8392028Z","type":"sample"}
{"channel":"rr","display":14.018691588785046,"mu":0,"quality":"OK","raw":2081.7473063858824,"sigma":1.5,"state":"IDLE","t":"2026-07-09T06:12:56.8791472Z","type":"sample"}
{"channel":"rr","display":14.018691588785046,"mu":0,"quality":"OK","raw":2010.8095965000514,"sigma":1.5,"state":"IDLE","t":"2026-07-09T06:12:56.9190935Z","type":"sample"}
{"channel":"rr","display":14.018691588785046,"mu":0,"quality":"OK","raw":1958.5589823611533,"sigma":1.5,"state":"IDLE","t":"2026-07-09T06:12:56.9588257Z","type":"sample"}
{"channel":"rr","display":14.018691588785046,"mu":0,"quality":"OK","raw":1852.3272845269132,"sigma":1.5,"state":"IDLE","t":"2026-07-09T06:12:56.9987889Z","type":"sample"}
{"channel":"rr","display":14.018691588785046,"mu":0,"quality":"OK","raw":1814.7208099430718,"sigma":1.5,"state":"IDLE","t":"2026-07-09T06:12:57.0392207Z","type":"sample"}
{"channel":"rr","display":14.018691588785046,"mu":0,"quality":"OK","raw":1738.87050171802,"sigma":1.5,"state":"IDLE","t":"2026-07-09T06:12:57.0791572Z","type":"sample"}
{"channel":"rr","display":14.018691588785046,"mu":0,"quality":"OK","raw":1694.0628944003365,"sigma":1.5,"state":"IDLE","t":"2026-07-09T06:12:57.1189552Z","type":"sample"}
{"channel":"rr","display":14.018691588785046,"mu":0,"quality":"OK","raw":1599.6260990464887,"sigma":1.5,"state":"IDLE","t":"2026-07-09T06:12:57.1591403Z","type":"sample"}
{"channel":"rr","display":14.018691588785046,"mu":0,"quality":"OK","raw":1542.5149962747787,"sigma":1.5,"state":"IDLE","t":"2026-07-09T06:12:57.198854Z","type":"sample"}
{"channel":"rr","display":14.018691588785046,"mu":0,"quality":"OK","raw":1490.9119707280543,"sigma":1.5,"state":"IDLE","t":"2026-07-09T06:12:57.2390141Z","type":"sample"}
{"channel":"rr","display":14.018691588785046,"mu":0,"quality":"OK","raw":1426.0801239914113,"sigma":1.5,"state":"IDLE","t":"2026-07-09T06:12:57.2790006Z","type":"sample"}
{"channel":"rr","display":14.018691588785046,"mu":0,"quality":"OK","raw":1360.7226627249688,"sigma":1.5,"state":"IDLE","t":"2026-07-09T06:12:57.3193058Z","type":"sample"}
{"channel":"rr","display":14.018691588785046,"mu":0,"quality":"OK","raw":1319.493051424423,"sigma":1.5,"state":"IDLE","t":"2026-07-09T06:12:57.3588817Z","type":"sample"}
{"channel":"rr","display":14.018691588785046,"mu":0,"quality":"OK","raw":1237.6460831080333,"sigma":1.5,"state":"IDLE","t":"2026-07-09T06:12:57.3992697Z","type":"sample"}
{"channel":"rr","display":14.018691588785046,"mu":0,"quality":"OK","raw":1205.0563303855513,"sigma":1.5,"state":"IDLE","t":"2026-07-09T06:12:57.4393672Z","type":"sample"}
{"address":"/cue/r19/start","args":null,"channel":"system","dir":"out","t":"2026-07-09T06:12:57.4522446Z","type":"osc"}
{"channel":"rr","display":14.018691588785046,"mu":0,"quality":"OK","raw":1164.6046921523855,"sigma":1.5,"state":"IDLE","t":"2026-07-09T06:12:57.4790365Z","type":"sample"}
{"channel":"rr","display":14.018691588785046,"mu":0,"quality":"OK","raw":1089.325119314493,"sigma":1.5,"state":"IDLE","t":"2026-07-09T06:12:57.5191107Z","type":"sample"}
{"channel":"rr","display":14.018691588785046,"mu":0,"quality":"OK","raw":1045.4644738039788,"sigma":1.5,"state":"IDLE","t":"2026-07-09T06:12:57.5592414Z","type":"sample"}
{"channel":"rr","display":14.018691588785046,"mu":0,"quality":"OK","raw":1029.0270910398915,"sigma":1.5,"state":"IDLE","t":"2026-07-09T06:12:57.5992153Z","type":"sample"}
{"channel":"rr","display":14.018691588785046,"mu":0,"quality":"OK","raw":999.8325553759665,"sigma":1.5,"state":"IDLE","t":"2026-07-09T06:12:57.6390218Z","type":"sample"}
{"channel":"rr","display":14.018691588785046,"mu":0,"quality":"OK","raw":939.5863194782231,"sigma":1.5,"state":"IDLE","t":"2026-07-09T06:12:57.6792142Z","type":"sample"}
{"channel":"rr","display":14.018691588785046,"mu":0,"quality":"OK","raw":930.3541402394134,"sigma":1.5,"state":"IDLE","t":"2026-07-09T06:12:57.7187766Z","type":"sample"}
{"address":"/cue/p/start","args":null,"channel":"system","dir":"out","t":"2026-07-09T06:12:57.7398766Z","type":"osc"}
{"channel":"rr","display":14.018691588785046,"mu":0,"quality":"OK","raw":909.863296107324,"sigma":1.5,"state":"IDLE","t":"2026-07-09T06:12:57.7592044Z","type":"sample"}
{"channel":"rr","display":14.018691588785046,"mu":0,"quality":"OK","raw":882.4076193488497,"sigma":1.5,"state":"IDLE","t":"2026-07-09T06:12:57.7989269Z","type":"sample"}
{"channel":"rr","display":14.018691588785046,"mu":0,"quality":"OK","raw":841.7880930947064,"sigma":1.5,"state":"IDLE","t":"2026-07-09T06:12:57.8393922Z","type":"sample"}
{"channel":"rr","display":14.018691588785046,"mu":0,"quality":"OK","raw":875.0305670972594,"sigma":1.5,"state":"IDLE","t":"2026-07-09T06:12:57.8790692Z","type":"sample"}
{"channel":"rr","display":14.018691588785046,"mu":0,"quality":"OK","raw":834.1599197328773,"sigma":1.5,"state":"IDLE","t":"2026-07-09T06:12:57.9187609Z","type":"sample"}
{"channel":"rr","display":14.018691588785046,"mu":0,"quality":"OK","raw":855.9497703649231,"sigma":1.5,"state":"IDLE","t":"2026-07-09T06:12:57.9589856Z","type":"sample"}
{"channel":"rr","display":14.018691588785046,"mu":0,"quality":"OK","raw":832.2220013429311,"sigma":1.5,"state":"IDLE","t":"2026-07-09T06:12:57.999131Z","type":"sample"}
{"channel":"rr","display":14.018691588785046,"mu":0,"quality":"OK","raw":850.5134715897678,"sigma":1.5,"state":"IDLE","t":"2026-07-09T06:12:58.0389424Z","type":"sample"}
{"channel":"rr","display":14.018691588785046,"mu":0,"quality":"OK","raw":852.7500497403352,"sigma":1.5,"state":"IDLE","t":"2026-07-09T06:12:58.0792988Z","type":"sample"}
{"channel":"rr","display":14.018691588785046,"mu":0,"quality":"OK","raw":883.3117150253466,"sigma":1.5,"state":"IDLE","t":"2026-07-09T06:12:58.1191456Z","type":"sample"}
{"channel":"rr","display":14.018691588785046,"mu":0,"quality":"OK","raw":887.05180339476,"sigma":1.5,"state":"IDLE","t":"2026-07-09T06:12:58.1593739Z","type":"sample"}
{"channel":"rr","display":14.018691588785046,"mu":0,"quality":"OK","raw":930.0780201007229,"sigma":1.5,"state":"IDLE","t":"2026-07-09T06:12:58.1989497Z","type":"sample"}
{"channel":"rr","display":14.018691588785046,"mu":0,"quality":"OK","raw":934.4851336906894,"sigma":1.5,"state":"IDLE","t":"2026-07-09T06:12:58.2389869Z","type":"sample"}
{"channel":"rr","display":14.018691588785046,"mu":0,"quality":"OK","raw":1005.4476165681551,"sigma":1.5,"state":"IDLE","t":"2026-07-09T06:12:58.2791957Z","type":"sample"}
{"channel":"rr","display":14.018691588785046,"mu":0,"quality":"OK","raw":1008.8988888026915,"sigma":1.5,"state":"IDLE","t":"2026-07-09T06:12:58.3193548Z","type":"sample"}
{"channel":"rr","display":14.018691588785046,"mu":0,"quality":"OK","raw":1036.1880423430234,"sigma":1.5,"state":"IDLE","t":"2026-07-09T06:12:58.360001Z","type":"sample"}
{"channel":"rr","display":14.018691588785046,"mu":0,"quality":"OK","raw":1059.7221077681706,"sigma":1.5,"state":"IDLE","t":"2026-07-09T06:12:58.3991754Z","type":"sample"}
{"channel":"rr","display":14.018691588785046,"mu":0,"quality":"OK","raw":1115.2584275401114,"sigma":1.5,"state":"IDLE","t":"2026-07-09T06:12:58.4392514Z","type":"sample"}
{"address":"/cue/r19/start","args":null,"channel":"system","dir":"out","t":"2026-07-09T06:12:58.4618967Z","type":"osc"}
{"channel":"rr","display":14.018691588785046,"mu":0,"quality":"OK","raw":1162.8667866220494,"sigma":1.5,"state":"IDLE","t":"2026-07-09T06:12:58.4792005Z","type":"sample"}
{"channel":"rr","display":14.018691588785046,"mu":0,"quality":"OK","raw":1227.1952795369314,"sigma":1.5,"state":"IDLE","t":"2026-07-09T06:12:58.5189604Z","type":"sample"}
{"channel":"rr","display":14.018691588785046,"mu":0,"quality":"OK","raw":1271.086246388025,"sigma":1.5,"state":"IDLE","t":"2026-07-09T06:12:58.5589697Z","type":"sample"}
{"channel":"rr","display":14.018691588785046,"mu":0,"quality":"OK","raw":1336.135565759485,"sigma":1.5,"state":"IDLE","t":"2026-07-09T06:12:58.5989381Z","type":"sample"}
{"channel":"rr","display":14.018691588785046,"mu":0,"quality":"OK","raw":1370.1233584724307,"sigma":1.5,"state":"IDLE","t":"2026-07-09T06:12:58.6389483Z","type":"sample"}
{"channel":"rr","display":14.018691588785046,"mu":0,"quality":"OK","raw":1454.1782400673405,"sigma":1.5,"state":"IDLE","t":"2026-07-09T06:12:58.6789128Z","type":"sample"}
{"channel":"rr","display":14.018691588785046,"mu":0,"quality":"OK","raw":1503.9641912646762,"sigma":1.5,"state":"IDLE","t":"2026-07-09T06:12:58.7190515Z","type":"sample"}
{"address":"/cue/p/start","args":null,"channel":"system","dir":"out","t":"2026-07-09T06:12:58.7401958Z","type":"osc"}
{"channel":"rr","display":14.018691588785046,"mu":0,"quality":"OK","raw":1566.9087664859105,"sigma":1.5,"state":"IDLE","t":"2026-07-09T06:12:58.7588112Z","type":"sample"}
{"channel":"rr","display":14.018691588785046,"mu":0,"quality":"OK","raw":1653.1406084114867,"sigma":1.5,"state":"IDLE","t":"2026-07-09T06:12:58.7990642Z","type":"sample"}
{"channel":"rr","display":14.018691588785046,"mu":0,"quality":"OK","raw":1712.4689313261883,"sigma":1.5,"state":"IDLE","t":"2026-07-09T06:12:58.8390899Z","type":"sample"}
{"channel":"rr","display":14.018691588785046,"mu":0,"quality":"OK","raw":1793.7737733434287,"sigma":1.5,"state":"IDLE","t":"2026-07-09T06:12:58.8791021Z","type":"sample"}
{"channel":"rr","display":14.018691588785046,"mu":0,"quality":"OK","raw":1810.769148189361,"sigma":1.5,"state":"IDLE","t":"2026-07-09T06:12:58.9188815Z","type":"sample"}
{"channel":"rr","display":14.018691588785046,"mu":0,"quality":"OK","raw":1911.0329989289978,"sigma":1.5,"state":"IDLE","t":"2026-07-09T06:12:58.9593186Z","type":"sample"}
{"channel":"rr","display":14.018691588785046,"mu":0,"quality":"OK","raw":1961.186240141596,"sigma":1.5,"state":"IDLE","t":"2026-07-09T06:12:58.9991998Z","type":"sample"}
{"channel":"rr","display":14.018691588785046,"mu":0,"quality":"OK","raw":2040.0478553118166,"sigma":1.5,"state":"IDLE","t":"2026-07-09T06:12:59.039273Z","type":"sample"}
{"channel":"rr","display":14.018691588785046,"mu":0,"quality":"OK","raw":2099.77578098335,"sigma":1.5,"state":"IDLE","t":"2026-07-09T06:12:59.078792Z","type":"sample"}
{"channel":"rr","display":14.018691588785046,"mu":0,"quality":"OK","raw":2172.030094588328,"sigma":1.5,"state":"IDLE","t":"2026-07-09T06:12:59.1190956Z","type":"sample"}
{"channel":"rr","display":14.018691588785046,"mu":0,"quality":"OK","raw":2251.1922002530328,"sigma":1.5,"state":"IDLE","t":"2026-07-09T06:12:59.1589249Z","type":"sample"}
{"channel":"rr","display":14.018691588785046,"mu":0,"quality":"OK","raw":2312.426237871449,"sigma":1.5,"state":"IDLE","t":"2026-07-09T06:12:59.1989986Z","type":"sample"}
{"channel":"rr","display":14.018691588785046,"mu":0,"quality":"OK","raw":2366.390736677076,"sigma":1.5,"state":"IDLE","t":"2026-07-09T06:12:59.2391471Z","type":"sample"}
{"channel":"rr","display":14.018691588785046,"mu":0,"quality":"OK","raw":2455.226543123245,"sigma":1.5,"state":"IDLE","t":"2026-07-09T06:12:59.2788827Z","type":"sample"}
{"channel":"rr","display":14.018691588785046,"mu":0,"quality":"OK","raw":2517.3722292155417,"sigma":1.5,"state":"IDLE","t":"2026-07-09T06:12:59.3188791Z","type":"sample"}
{"channel":"rr","display":14.018691588785046,"mu":0,"quality":"OK","raw":2598.691188758655,"sigma":1.5,"state":"IDLE","t":"2026-07-09T06:12:59.3591617Z","type":"sample"}
{"channel":"rr","display":14.018691588785046,"mu":0,"quality":"OK","raw":2637.4829221739865,"sigma":1.5,"state":"IDLE","t":"2026-07-09T06:12:59.3989865Z","type":"sample"}
{"channel":"rr","display":14.018691588785046,"mu":0,"quality":"OK","raw":2709.695676837775,"sigma":1.5,"state":"IDLE","t":"2026-07-09T06:12:59.4392753Z","type":"sample"}
{"address":"/cue/r19/start","args":null,"channel":"system","dir":"out","t":"2026-07-09T06:12:59.4711103Z","type":"osc"}
{"channel":"rr","display":14.018691588785046,"mu":0,"quality":"OK","raw":2750.205095953079,"sigma":1.5,"state":"IDLE","t":"2026-07-09T06:12:59.4790525Z","type":"sample"}
{"channel":"rr","display":14.018691588785046,"mu":0,"quality":"OK","raw":2819.3464540502237,"sigma":1.5,"state":"IDLE","t":"2026-07-09T06:12:59.5189672Z","type":"sample"}
{"channel":"rr","display":14.018691588785046,"mu":0,"quality":"OK","raw":2888.138185366777,"sigma":1.5,"state":"IDLE","t":"2026-07-09T06:12:59.5593308Z","type":"sample"}
{"channel":"rr","display":14.018691588785046,"mu":0,"quality":"OK","raw":2942.790643987815,"sigma":1.5,"state":"IDLE","t":"2026-07-09T06:12:59.5989362Z","type":"sample"}
{"channel":"rr","display":14.018691588785046,"mu":0,"quality":"OK","raw":2981.7989501409784,"sigma":1.5,"state":"IDLE","t":"2026-07-09T06:12:59.6389317Z","type":"sample"}
{"channel":"rr","display":14.018691588785046,"mu":0,"quality":"OK","raw":3008.1825166163667,"sigma":1.5,"state":"IDLE","t":"2026-07-09T06:12:59.679264Z","type":"sample"}
{"channel":"rr","display":14.018691588785046,"mu":0,"quality":"OK","raw":3084.290823754514,"sigma":1.5,"state":"IDLE","t":"2026-07-09T06:12:59.7190362Z","type":"sample"}
{"address":"/cue/p/start","args":null,"channel":"system","dir":"out","t":"2026-07-09T06:12:59.739528Z","type":"osc"}
{"channel":"rr","display":14.018691588785046,"mu":0,"quality":"OK","raw":3081.771429444298,"sigma":1.5,"state":"IDLE","t":"2026-07-09T06:12:59.7587965Z","type":"sample"}
{"channel":"rr","display":14.018691588785046,"mu":0,"quality":"OK","raw":3105.759296041573,"sigma":1.5,"state":"IDLE","t":"2026-07-09T06:12:59.7989094Z","type":"sample"}
{"channel":"rr","display":14.018691588785046,"mu":0,"quality":"OK","raw":3172.8702397398333,"sigma":1.5,"state":"IDLE","t":"2026-07-09T06:12:59.8388263Z","type":"sample"}
{"channel":"rr","display":14.018691588785046,"mu":0,"quality":"OK","raw":3175.132065658926,"sigma":1.5,"state":"IDLE","t":"2026-07-09T06:12:59.8791632Z","type":"sample"}
{"channel":"rr","display":14.018691588785046,"mu":0,"quality":"OK","raw":3195.3496835587093,"sigma":1.5,"state":"IDLE","t":"2026-07-09T06:12:59.9190854Z","type":"sample"}
{"channel":"rr","display":14.018691588785046,"mu":0,"quality":"OK","raw":3208.803954376033,"sigma":1.5,"state":"IDLE","t":"2026-07-09T06:12:59.9588559Z","type":"sample"}
{"channel":"rr","display":14.018691588785046,"mu":0,"quality":"OK","raw":3227.4364668686494,"sigma":1.5,"state":"IDLE","t":"2026-07-09T06:12:59.9992204Z","type":"sample"}
{"channel":"rr","display":14.018691588785046,"mu":0,"quality":"OK","raw":3233.20338492965,"sigma":1.5,"state":"IDLE","t":"2026-07-09T06:13:00.0390636Z","type":"sample"}
{"channel":"rr","display":14.018691588785046,"mu":0,"quality":"OK","raw":3232.0400021809464,"sigma":1.5,"state":"IDLE","t":"2026-07-09T06:13:00.0792402Z","type":"sample"}
{"channel":"rr","display":14.018691588785046,"mu":0,"quality":"OK","raw":3246.5295767797056,"sigma":1.5,"state":"IDLE","t":"2026-07-09T06:13:00.1191307Z","type":"sample"}
{"channel":"rr","display":14.018691588785046,"mu":0,"quality":"OK","raw":3276.7092597696283,"sigma":1.5,"state":"IDLE","t":"2026-07-09T06:13:00.1588626Z","type":"sample"}
{"channel":"rr","display":14.018691588785046,"mu":0,"quality":"OK","raw":3228.0763802144065,"sigma":1.5,"state":"IDLE","t":"2026-07-09T06:13:00.1988953Z","type":"sample"}
{"channel":"rr","display":14.018691588785046,"mu":0,"quality":"OK","raw":3263.9879215284523,"sigma":1.5,"state":"IDLE","t":"2026-07-09T06:13:00.2387863Z","type":"sample"}
{"channel":"rr","display":14.018691588785046,"mu":0,"quality":"OK","raw":3196.1256885235744,"sigma":1.5,"state":"IDLE","t":"2026-07-09T06:13:00.2792169Z","type":"sample"}
{"channel":"rr","display":14.018691588785046,"mu":0,"quality":"OK","raw":3210.149974836664,"sigma":1.5,"state":"IDLE","t":"2026-07-09T06:13:00.3191848Z","type":"sample"}
{"channel":"rr","display":14.018691588785046,"mu":0,"quality":"OK","raw":3146.183884548774,"sigma":1.5,"state":"IDLE","t":"2026-07-09T06:13:00.3590004Z","type":"sample"}
{"channel":"rr","display":14.018691588785046,"mu":0,"quality":"OK","raw":3130.313147394523,"sigma":1.5,"state":"IDLE","t":"2026-07-09T06:13:00.3990775Z","type":"sample"}
{"channel":"rr","display":14.018691588785046,"mu":0,"quality":"OK","raw":3110.7973087199694,"sigma":1.5,"state":"IDLE","t":"2026-07-09T06:13:00.438869Z","type":"sample"}
{"address":"/cue/r19/start","args":null,"channel":"system","dir":"out","t":"2026-07-09T06:13:00.4753522Z","type":"osc"}
{"channel":"rr","display":14.018691588785046,"mu":0,"quality":"OK","raw":3060.3987290496725,"sigma":1.5,"state":"IDLE","t":"2026-07-09T06:13:00.4791044Z","type":"sample"}
{"channel":"rr","display":14.018691588785046,"mu":0,"quality":"OK","raw":3050.9694370358466,"sigma":1.5,"state":"IDLE","t":"2026-07-09T06:13:00.5188933Z","type":"sample"}
{"channel":"rr","display":14.018691588785046,"mu":0,"quality":"OK","raw":3002.5053001120045,"sigma":1.5,"state":"IDLE","t":"2026-07-09T06:13:00.5591253Z","type":"sample"}
{"channel":"rr","display":14.018691588785046,"mu":0,"quality":"OK","raw":2949.0126604591374,"sigma":1.5,"state":"IDLE","t":"2026-07-09T06:13:00.5991344Z","type":"sample"}
{"channel":"rr","display":14.018691588785046,"mu":0,"quality":"OK","raw":2910.165299081524,"sigma":1.5,"state":"IDLE","t":"2026-07-09T06:13:00.6391934Z","type":"sample"}
{"channel":"rr","display":14.018691588785046,"mu":0,"quality":"OK","raw":2832.1778513915488,"sigma":1.5,"state":"IDLE","t":"2026-07-09T06:13:00.6792199Z","type":"sample"}
{"channel":"rr","display":14.018691588785046,"mu":0,"quality":"OK","raw":2777.0281112356824,"sigma":1.5,"state":"IDLE","t":"2026-07-09T06:13:00.7188244Z","type":"sample"}
{"address":"/cue/p/start","args":null,"channel":"system","dir":"out","t":"2026-07-09T06:13:00.7393386Z","type":"osc"}
{"channel":"rr","display":14.018691588785046,"mu":0,"quality":"OK","raw":2729.981363182302,"sigma":1.5,"state":"IDLE","t":"2026-07-09T06:13:00.7588747Z","type":"sample"}
{"channel":"rr","display":14.018691588785046,"mu":0,"quality":"OK","raw":2711.677703629533,"sigma":1.5,"state":"IDLE","t":"2026-07-09T06:13:00.7992475Z","type":"sample"}
{"channel":"rr","display":14.018691588785046,"mu":0,"quality":"OK","raw":2637.113951512114,"sigma":1.5,"state":"IDLE","t":"2026-07-09T06:13:00.8391887Z","type":"sample"}
{"channel":"rr","display":14.018691588785046,"mu":0,"quality":"OK","raw":2557.4134307846475,"sigma":1.5,"state":"IDLE","t":"2026-07-09T06:13:00.8791198Z","type":"sample"}
{"channel":"rr","display":14.018691588785046,"mu":0,"quality":"OK","raw":2509.721344021348,"sigma":1.5,"state":"IDLE","t":"2026-07-09T06:13:00.9192157Z","type":"sample"}
{"channel":"rr","display":14.018691588785046,"mu":0,"quality":"OK","raw":2430.7638520204223,"sigma":1.5,"state":"IDLE","t":"2026-07-09T06:13:00.958986Z","type":"sample"}
{"channel":"rr","display":14.018691588785046,"mu":0,"quality":"OK","raw":2341.4022480679105,"sigma":1.5,"state":"IDLE","t":"2026-07-09T06:13:00.9992115Z","type":"sample"}
{"channel":"rr","display":14.018691588785046,"mu":0,"quality":"OK","raw":2271.0267844082623,"sigma":1.5,"state":"IDLE","t":"2026-07-09T06:13:01.0388297Z","type":"sample"}
{"channel":"rr","display":14.018691588785046,"mu":0,"quality":"OK","raw":2213.3208119633205,"sigma":1.5,"state":"IDLE","t":"2026-07-09T06:13:01.0791137Z","type":"sample"}
{"channel":"rr","display":14.018691588785046,"mu":0,"quality":"OK","raw":2155.1714242264516,"sigma":1.5,"state":"IDLE","t":"2026-07-09T06:13:01.119111Z","type":"sample"}
{"channel":"rr","display":14.018691588785046,"mu":0,"quality":"OK","raw":2083.965818872731,"sigma":1.5,"state":"IDLE","t":"2026-07-09T06:13:01.159108Z","type":"sample"}
{"channel":"rr","display":14.018691588785046,"mu":0,"quality":"OK","raw":2020.5977949342855,"sigma":1.5,"state":"IDLE","t":"2026-07-09T06:13:01.1992379Z","type":"sample"}
{"channel":"rr","display":14.018691588785046,"mu":0,"quality":"OK","raw":1944.0561297678769,"sigma":1.5,"state":"IDLE","t":"2026-07-09T06:13:01.2390968Z","type":"sample"}
{"channel":"rr","display":14.018691588785046,"mu":0,"quality":"OK","raw":1848.6926791050298,"sigma":1.5,"state":"IDLE","t":"2026-07-09T06:13:01.2795542Z","type":"sample"}
{"channel":"rr","display":14.018691588785046,"mu":0,"quality":"OK","raw":1791.4695190234982,"sigma":1.5,"state":"IDLE","t":"2026-07-09T06:13:01.3193519Z","type":"sample"}
{"channel":"rr","display":14.018691588785046,"mu":0,"quality":"OK","raw":1733.6993559307637,"sigma":1.5,"state":"IDLE","t":"2026-07-09T06:13:01.3591966Z","type":"sample"}
{"channel":"rr","display":14.018691588785046,"mu":0,"quality":"OK","raw":1673.3324976576403,"sigma":1.5,"state":"IDLE","t":"2026-07-09T06:13:01.3989608Z","type":"sample"}
{"channel":"rr","display":14.018691588785046,"mu":0,"quality":"OK","raw":1591.7790795442586,"sigma":1.5,"state":"IDLE","t":"2026-07-09T06:13:01.4391909Z","type":"sample"}
{"channel":"rr","display":14.018691588785046,"mu":0,"quality":"OK","raw":1530.3341281665932,"sigma":1.5,"state":"IDLE","t":"2026-07-09T06:13:01.4792143Z","type":"sample"}
{"address":"/cue/r19/start","args":null,"channel":"system","dir":"out","t":"2026-07-09T06:13:01.4797651Z","type":"osc"}
{"channel":"rr","display":14.018691588785046,"mu":0,"quality":"OK","raw":1478.5549397326006,"sigma":1.5,"state":"IDLE","t":"2026-07-09T06:13:01.5188313Z","type":"sample"}
{"channel":"rr","display":14.018691588785046,"mu":0,"quality":"OK","raw":1414.7377666738228,"sigma":1.5,"state":"IDLE","t":"2026-07-09T06:13:01.5591121Z","type":"sample"}
{"channel":"rr","display":14.018691588785046,"mu":0,"quality":"OK","raw":1356.9138230542985,"sigma":1.5,"state":"IDLE","t":"2026-07-09T06:13:01.5988024Z","type":"sample"}
{"channel":"rr","display":14.018691588785046,"mu":0,"quality":"OK","raw":1296.1232170078067,"sigma":1.5,"state":"IDLE","t":"2026-07-09T06:13:01.6391437Z","type":"sample"}
{"channel":"rr","display":14.018691588785046,"mu":0,"quality":"OK","raw":1234.69820327114,"sigma":1.5,"state":"IDLE","t":"2026-07-09T06:13:01.6788017Z","type":"sample"}
{"channel":"rr","display":14.018691588785046,"mu":0,"quality":"OK","raw":1224.317168954267,"sigma":1.5,"state":"IDLE","t":"2026-07-09T06:13:01.7192301Z","type":"sample"}
{"address":"/cue/p/start","args":null,"channel":"system","dir":"out","t":"2026-07-09T06:13:01.7397248Z","type":"osc"}
{"channel":"rr","display":14.018691588785046,"mu":0,"quality":"OK","raw":1154.3476028621174,"sigma":1.5,"state":"IDLE","t":"2026-07-09T06:13:01.7593786Z","type":"sample"}
{"channel":"rr","display":14.018691588785046,"mu":0,"quality":"OK","raw":1094.4749619428108,"sigma":1.5,"state":"IDLE","t":"2026-07-09T06:13:01.799051Z","type":"sample"}
{"channel":"rr","display":14.018691588785046,"mu":0,"quality":"OK","raw":1076.494046707558,"sigma":1.5,"state":"IDLE","t":"2026-07-09T06:13:01.8393458Z","type":"sample"}
{"channel":"rr","display":14.018691588785046,"mu":0,"quality":"OK","raw":1018.5397083599808,"sigma":1.5,"state":"IDLE","t":"2026-07-09T06:13:01.8791656Z","type":"sample"}
{"channel":"rr","display":14.018691588785046,"mu":0,"quality":"OK","raw":1018.036128458712,"sigma":1.5,"state":"IDLE","t":"2026-07-09T06:13:01.9188288Z","type":"sample"}
{"channel":"rr","display":14.018691588785046,"mu":0,"quality":"OK","raw":950.3538143024424,"sigma":1.5,"state":"IDLE","t":"2026-07-09T06:13:01.9588516Z","type":"sample"}
{"channel":"rr","display":14.018691588785046,"mu":0,"quality":"OK","raw":928.4952853181935,"sigma":1.5,"state":"IDLE","t":"2026-07-09T06:13:01.9988685Z","type":"sample"}
{"channel":"rr","display":14.018691588785046,"mu":0,"quality":"OK","raw":916.9767479849266,"sigma":1.5,"state":"IDLE","t":"2026-07-09T06:13:02.0391314Z","type":"sample"}
{"channel":"rr","display":14.018691588785046,"mu":0,"quality":"OK","raw":850.3934340801968,"sigma":1.5,"state":"IDLE","t":"2026-07-09T06:13:02.0792929Z","type":"sample"}
{"channel":"rr","display":14.018691588785046,"mu":0,"quality":"OK","raw":889.2609795688697,"sigma":1.5,"state":"IDLE","t":"2026-07-09T06:13:02.1190504Z","type":"sample"}
{"channel":"rr","display":14.018691588785046,"mu":0,"quality":"OK","raw":845.1531207148728,"sigma":1.5,"state":"IDLE","t":"2026-07-09T06:13:02.1591073Z","type":"sample"}
{"channel":"rr","display":14.018691588785046,"mu":0,"quality":"OK","raw":873.8915852315996,"sigma":1.5,"state":"IDLE","t":"2026-07-09T06:13:02.1992589Z","type":"sample"}
{"channel":"rr","display":14.018691588785046,"mu":0,"quality":"OK","raw":847.1471441627303,"sigma":1.5,"state":"IDLE","t":"2026-07-09T06:13:02.2391421Z","type":"sample"}
{"channel":"rr","display":14.018691588785046,"mu":0,"quality":"OK","raw":859.796443510933,"sigma":1.5,"state":"IDLE","t":"2026-07-09T06:13:02.2787516Z","type":"sample"}
{"channel":"rr","display":14.018691588785046,"mu":0,"quality":"OK","raw":849.2284983390552,"sigma":1.5,"state":"IDLE","t":"2026-07-09T06:13:02.3191444Z","type":"sample"}
{"channel":"rr","display":14.018691588785046,"mu":0,"quality":"OK","raw":877.5734268731319,"sigma":1.5,"state":"IDLE","t":"2026-07-09T06:13:02.3587486Z","type":"sample"}
{"channel":"rr","display":14.018691588785046,"mu":0,"quality":"OK","raw":866.6296511447657,"sigma":1.5,"state":"IDLE","t":"2026-07-09T06:13:02.3989008Z","type":"sample"}
{"channel":"rr","display":14.018691588785046,"mu":0,"quality":"OK","raw":892.459462758104,"sigma":1.5,"state":"IDLE","t":"2026-07-09T06:13:02.4388364Z","type":"sample"}
{"channel":"rr","display":14.018691588785046,"mu":0,"quality":"OK","raw":936.2484987742642,"sigma":1.5,"state":"IDLE","t":"2026-07-09T06:13:02.4791067Z","type":"sample"}
{"address":"/cue/r19/start","args":null,"channel":"system","dir":"out","t":"2026-07-09T06:13:02.4923148Z","type":"osc"}
{"channel":"rr","display":14.018691588785046,"mu":0,"quality":"OK","raw":911.4941247480886,"sigma":1.5,"state":"IDLE","t":"2026-07-09T06:13:02.5192121Z","type":"sample"}
{"channel":"rr","display":14.018691588785046,"mu":0,"quality":"OK","raw":964.74901553276,"sigma":1.5,"state":"IDLE","t":"2026-07-09T06:13:02.5590026Z","type":"sample"}
{"channel":"rr","display":14.018691588785046,"mu":0,"quality":"OK","raw":987.579767064463,"sigma":1.5,"state":"IDLE","t":"2026-07-09T06:13:02.5991386Z","type":"sample"}
{"channel":"rr","display":14.018691588785046,"mu":0,"quality":"OK","raw":1042.104182295029,"sigma":1.5,"state":"IDLE","t":"2026-07-09T06:13:02.6390457Z","type":"sample"}
{"channel":"rr","display":14.018691588785046,"mu":0,"quality":"OK","raw":1053.7908805920672,"sigma":1.5,"state":"IDLE","t":"2026-07-09T06:13:02.6791102Z","type":"sample"}
{"channel":"rr","display":14.018691588785046,"mu":0,"quality":"OK","raw":1137.8210553821236,"sigma":1.5,"state":"IDLE","t":"2026-07-09T06:13:02.7187694Z","type":"sample"}
{"address":"/cue/p/start","args":null,"channel":"system","dir":"out","t":"2026-07-09T06:13:02.7397843Z","type":"osc"}
{"channel":"rr","display":14.018691588785046,"mu":0,"quality":"OK","raw":1187.1820707046545,"sigma":1.5,"state":"IDLE","t":"2026-07-09T06:13:02.7591352Z","type":"sample"}
{"channel":"rr","display":14.018691588785046,"mu":0,"quality":"OK","raw":1222.7243028852645,"sigma":1.5,"state":"IDLE","t":"2026-07-09T06:13:02.7987604Z","type":"sample"}
{"channel":"rr","display":14.018691588785046,"mu":0,"quality":"OK","raw":1286.2878538228676,"sigma":1.5,"state":"IDLE","t":"2026-07-09T06:13:02.8390438Z","type":"sample"}
{"channel":"rr","display":14.018691588785046,"mu":0,"quality":"OK","raw":1339.550564651587,"sigma":1.5,"state":"IDLE","t":"2026-07-09T06:13:02.8792231Z","type":"sample"}
{"channel":"rr","display":14.018691588785046,"mu":0,"quality":"OK","raw":1391.6377018720673,"sigma":1.5,"state":"IDLE","t":"2026-07-09T06:13:02.9191674Z","type":"sample"}
{"channel":"rr","display":14.018691588785046,"mu":0,"quality":"OK","raw":1446.3991490555895,"sigma":1.5,"state":"IDLE","t":"2026-07-09T06:13:02.9588472Z","type":"sample"}
{"channel":"rr","display":14.018691588785046,"mu":0,"quality":"OK","raw":1479.6410985678797,"sigma":1.5,"state":"IDLE","t":"2026-07-09T06:13:02.9987855Z","type":"sample"}
{"channel":"rr","display":14.018691588785046,"mu":0,"quality":"OK","raw":1585.6248491017939,"sigma":1.5,"state":"IDLE","t":"2026-07-09T06:13:03.0389865Z","type":"sample"}
{"channel":"rr","display":14.018691588785046,"mu":0,"quality":"OK","raw":1616.648303325285,"sigma":1.5,"state":"IDLE","t":"2026-07-09T06:13:03.078969Z","type":"sample"}
{"channel":"rr","display":14.018691588785046,"mu":0,"quality":"OK","raw":1699.610115980211,"sigma":1.5,"state":"IDLE","t":"2026-07-09T06:13:03.1187598Z","type":"sample"}
{"channel":"rr","display":14.018691588785046,"mu":0,"quality":"OK","raw":1768.0854398848494,"sigma":1.5,"state":"IDLE","t":"2026-07-09T06:13:03.1590892Z","type":"sample"}
{"channel":"rr","display":14.018691588785046,"mu":0,"quality":"OK","raw":1836.0578116030902,"sigma":1.5,"state":"IDLE","t":"2026-07-09T06:13:03.1989752Z","type":"sample"}
{"channel":"rr","display":14.018691588785046,"mu":0,"quality":"OK","raw":1894.4860778906007,"sigma":1.5,"state":"IDLE","t":"2026-07-09T06:13:03.2389317Z","type":"sample"}
{"channel":"rr","display":14.018691588785046,"mu":0,"quality":"OK","raw":1990.09276897538,"sigma":1.5,"state":"IDLE","t":"2026-07-09T06:13:03.2789827Z","type":"sample"}
{"channel":"rr","display":14.018691588785046,"mu":0,"quality":"OK","raw":2059.693463183079,"sigma":1.5,"state":"IDLE","t":"2026-07-09T06:13:03.3189918Z","type":"sample"}
{"channel":"rr","display":14.018691588785046,"mu":0,"quality":"OK","raw":2092.7944797753553,"sigma":1.5,"state":"IDLE","t":"2026-07-09T06:13:03.3592263Z","type":"sample"}
{"channel":"rr","display":14.018691588785046,"mu":0,"quality":"OK","raw":2189.700120655394,"sigma":1.5,"state":"IDLE","t":"2026-07-09T06:13:03.3988438Z","type":"sample"}
{"channel":"rr","display":14.018691588785046,"mu":0,"quality":"OK","raw":2232.813557319231,"sigma":1.5,"state":"IDLE","t":"2026-07-09T06:13:03.4388925Z","type":"sample"}
{"channel":"rr","display":14.018691588785046,"mu":0,"quality":"OK","raw":2340.5479714355038,"sigma":1.5,"state":"IDLE","t":"2026-07-09T06:13:03.478829Z","type":"sample"}
{"address":"/cue/r19/start","args":null,"channel":"system","dir":"out","t":"2026-07-09T06:13:03.5015405Z","type":"osc"}
{"channel":"rr","display":14.018691588785046,"mu":0,"quality":"OK","raw":2394.9806690991213,"sigma":1.5,"state":"IDLE","t":"2026-07-09T06:13:03.5192362Z","type":"sample"}
{"channel":"rr","display":14.018691588785046,"mu":0,"quality":"OK","raw":2450.9293019970537,"sigma":1.5,"state":"IDLE","t":"2026-07-09T06:13:03.5589869Z","type":"sample"}
{"channel":"rr","display":14.018691588785046,"mu":0,"quality":"OK","raw":2539.921713515456,"sigma":1.5,"state":"IDLE","t":"2026-07-09T06:13:03.5990674Z","type":"sample"}
{"channel":"rr","display":14.018691588785046,"mu":0,"quality":"OK","raw":2629.0186629123104,"sigma":1.5,"state":"IDLE","t":"2026-07-09T06:13:03.6389956Z","type":"sample"}
{"channel":"rr","display":14.018691588785046,"mu":0,"quality":"OK","raw":2653.6702749224496,"sigma":1.5,"state":"IDLE","t":"2026-07-09T06:13:03.6790098Z","type":"sample"}
{"channel":"rr","display":14.018691588785046,"mu":0,"quality":"OK","raw":2731.409056276785,"sigma":1.5,"state":"IDLE","t":"2026-07-09T06:13:03.7192067Z","type":"sample"}
{"address":"/cue/p/start","args":null,"channel":"system","dir":"out","t":"2026-07-09T06:13:03.7391236Z","type":"osc"}
{"channel":"rr","display":14.018691588785046,"mu":0,"quality":"OK","raw":2731.755547633289,"sigma":1.5,"state":"IDLE","t":"2026-07-09T06:13:03.759157Z","type":"sample"}
{"channel":"rr","display":14.018691588785046,"mu":0,"quality":"OK","raw":2819.193606824558,"sigma":1.5,"state":"IDLE","t":"2026-07-09T06:13:03.7992787Z","type":"sample"}
{"channel":"rr","display":14.018691588785046,"mu":0,"quality":"OK","raw":2894.7214916371336,"sigma":1.5,"state":"IDLE","t":"2026-07-09T06:13:03.8391058Z","type":"sample"}
{"channel":"rr","display":14.018691588785046,"mu":0,"quality":"OK","raw":2945.088320139814,"sigma":1.5,"state":"IDLE","t":"2026-07-09T06:13:03.8791829Z","type":"sample"}
{"channel":"rr","display":14.018691588785046,"mu":0,"quality":"OK","raw":2973.98219427059,"sigma":1.5,"state":"IDLE","t":"2026-07-09T06:13:03.9189348Z","type":"sample"}
{"channel":"rr","display":14.018691588785046,"mu":0,"quality":"OK","raw":3036.633955611271,"sigma":1.5,"state":"IDLE","t":"2026-07-09T06:13:03.9588922Z","type":"sample"}
{"channel":"rr","display":14.018691588785046,"mu":0,"quality":"OK","raw":3059.521526400771,"sigma":1.5,"state":"IDLE","t":"2026-07-09T06:13:03.9988085Z","type":"sample"}
{"channel":"rr","display":14.018691588785046,"mu":0,"quality":"OK","raw":3094.6091300606504,"sigma":1.5,"state":"IDLE","t":"2026-07-09T06:13:04.038832Z","type":"sample"}
{"channel":"rr","display":14.018691588785046,"mu":0,"quality":"OK","raw":3125.730780841684,"sigma":1.5,"state":"IDLE","t":"2026-07-09T06:13:04.079151Z","type":"sample"}
{"channel":"rr","display":14.018691588785046,"mu":0,"quality":"OK","raw":3149.898849621804,"sigma":1.5,"state":"IDLE","t":"2026-07-09T06:13:04.1192034Z","type":"sample"}
{"channel":"rr","display":14.018691588785046,"mu":0,"quality":"OK","raw":3190.010868328273,"sigma":1.5,"state":"IDLE","t":"2026-07-09T06:13:04.1592185Z","type":"sample"}
{"channel":"rr","display":14.018691588785046,"mu":0,"quality":"OK","raw":3188.425999871892,"sigma":1.5,"state":"IDLE","t":"2026-07-09T06:13:04.1990041Z","type":"sample"}
{"channel":"rr","display":14.018691588785046,"mu":0,"quality":"OK","raw":3216.903148290546,"sigma":1.5,"state":"IDLE","t":"2026-07-09T06:13:04.2389263Z","type":"sample"}
{"channel":"rr","display":14.018691588785046,"mu":0,"quality":"OK","raw":3229.333935265057,"sigma":1.5,"state":"IDLE","t":"2026-07-09T06:13:04.2787566Z","type":"sample"}
{"channel":"rr","display":14.018691588785046,"mu":0,"quality":"OK","raw":3261.8916952587997,"sigma":1.5,"state":"IDLE","t":"2026-07-09T06:13:04.3191407Z","type":"sample"}
{"channel":"rr","display":14.018691588785046,"mu":0,"quality":"OK","raw":3250.9966486959347,"sigma":1.5,"state":"IDLE","t":"2026-07-09T06:13:04.3590407Z","type":"sample"}
{"channel":"rr","display":14.018691588785046,"mu":0,"quality":"OK","raw":3242.4659506395997,"sigma":1.5,"state":"IDLE","t":"2026-07-09T06:13:04.398845Z","type":"sample"}
{"channel":"rr","display":14.018691588785046,"mu":0,"quality":"OK","raw":3244.9491680908973,"sigma":1.5,"state":"IDLE","t":"2026-07-09T06:13:04.4388059Z","type":"sample"}
{"channel":"rr","display":14.018691588785046,"mu":0,"quality":"OK","raw":3262.4081284795707,"sigma":1.5,"state":"IDLE","t":"2026-07-09T06:13:04.4787753Z","type":"sample"}
{"address":"/cue/r19/start","args":null,"channel":"system","dir":"out","t":"2026-07-09T06:13:04.5112103Z","type":"osc"}
{"channel":"rr","display":14.018691588785046,"mu":0,"quality":"OK","raw":3218.8612957342893,"sigma":1.5,"state":"IDLE","t":"2026-07-09T06:13:04.5193054Z","type":"sample"}
{"channel":"rr","display":14.018691588785046,"mu":0,"quality":"OK","raw":3226.353899352465,"sigma":1.5,"state":"IDLE","t":"2026-07-09T06:13:04.5590091Z","type":"sample"}
{"channel":"rr","display":14.018691588785046,"mu":0,"quality":"OK","raw":3189.625888763612,"sigma":1.5,"state":"IDLE","t":"2026-07-09T06:13:04.5993807Z","type":"sample"}
{"channel":"rr","display":14.018691588785046,"mu":0,"quality":"OK","raw":3174.114768732199,"sigma":1.5,"state":"IDLE","t":"2026-07-09T06:13:04.639168Z","type":"sample"}
{"channel":"rr","display":14.018691588785046,"mu":0,"quality":"OK","raw":3148.7514851491846,"sigma":1.5,"state":"IDLE","t":"2026-07-09T06:13:04.679164Z","type":"sample"}
{"channel":"rr","display":14.018691588785046,"mu":0,"quality":"OK","raw":3108.2355504761304,"sigma":1.5,"state":"IDLE","t":"2026-07-09T06:13:04.7191971Z","type":"sample"}
{"address":"/cue/p/start","args":null,"channel":"system","dir":"out","t":"2026-07-09T06:13:04.7398819Z","type":"osc"}
{"channel":"rr","display":14.018691588785046,"mu":0,"quality":"OK","raw":3068.5067700143222,"sigma":1.5,"state":"IDLE","t":"2026-07-09T06:13:04.7591309Z","type":"sample"}
{"channel":"rr","display":14.018691588785046,"mu":0,"quality":"OK","raw":2991.7019734021587,"sigma":1.5,"state":"IDLE","t":"2026-07-09T06:13:04.7990031Z","type":"sample"}
{"channel":"rr","display":14.018691588785046,"mu":0,"quality":"OK","raw":3012.8280847178626,"sigma":1.5,"state":"IDLE","t":"2026-07-09T06:13:04.8389487Z","type":"sample"}
{"channel":"rr","display":14.018691588785046,"mu":0,"quality":"OK","raw":2955.516209774057,"sigma":1.5,"state":"IDLE","t":"2026-07-09T06:13:04.8792977Z","type":"sample"}
{"channel":"rr","display":14.018691588785046,"mu":0,"quality":"OK","raw":2881.8020815039013,"sigma":1.5,"state":"IDLE","t":"2026-07-09T06:13:04.9190471Z","type":"sample"}
{"channel":"rr","display":14.018691588785046,"mu":0,"quality":"OK","raw":2847.395241079608,"sigma":1.5,"state":"IDLE","t":"2026-07-09T06:13:04.9589615Z","type":"sample"}
{"channel":"rr","display":14.018691588785046,"mu":0,"quality":"OK","raw":2810.1031058591925,"sigma":1.5,"state":"IDLE","t":"2026-07-09T06:13:04.9993121Z","type":"sample"}
{"channel":"rr","display":14.018691588785046,"mu":0,"quality":"OK","raw":2717.98407573143,"sigma":1.5,"state":"IDLE","t":"2026-07-09T06:13:05.039063Z","type":"sample"}
{"channel":"rr","display":14.018691588785046,"mu":0,"quality":"OK","raw":2670.949319904546,"sigma":1.5,"state":"IDLE","t":"2026-07-09T06:13:05.0792237Z","type":"sample"}
{"channel":"rr","display":14.018691588785046,"mu":0,"quality":"OK","raw":2619.06783299262,"sigma":1.5,"state":"IDLE","t":"2026-07-09T06:13:05.1191111Z","type":"sample"}
{"channel":"rr","display":14.018691588785046,"mu":0,"quality":"OK","raw":2544.82671959734,"sigma":1.5,"state":"IDLE","t":"2026-07-09T06:13:05.1590836Z","type":"sample"}
{"channel":"rr","display":14.018691588785046,"mu":0,"quality":"OK","raw":2488.6266464962428,"sigma":1.5,"state":"IDLE","t":"2026-07-09T06:13:05.1991309Z","type":"sample"}
{"channel":"rr","display":14.018691588785046,"mu":0,"quality":"OK","raw":2443.9323720513107,"sigma":1.5,"state":"IDLE","t":"2026-07-09T06:13:05.2391286Z","type":"sample"}
{"channel":"rr","display":14.018691588785046,"mu":0,"quality":"OK","raw":2389.52877363311,"sigma":1.5,"state":"IDLE","t":"2026-07-09T06:13:05.278997Z","type":"sample"}
{"channel":"rr","display":14.018691588785046,"mu":0,"quality":"OK","raw":2283.3856431452723,"sigma":1.5,"state":"IDLE","t":"2026-07-09T06:13:05.3189468Z","type":"sample"}
{"channel":"rr","display":14.018691588785046,"mu":0,"quality":"OK","raw":2225.2649529379537,"sigma":1.5,"state":"IDLE","t":"2026-07-09T06:13:05.3592423Z","type":"sample"}
{"channel":"rr","display":14.018691588785046,"mu":0,"quality":"OK","raw":2157.2895443273915,"sigma":1.5,"state":"IDLE","t":"2026-07-09T06:13:05.3990671Z","type":"sample"}
{"channel":"rr","display":14.018691588785046,"mu":0,"quality":"OK","raw":2087.3834350780858,"sigma":1.5,"state":"IDLE","t":"2026-07-09T06:13:05.4391173Z","type":"sample"}
{"channel":"rr","display":14.018691588785046,"mu":0,"quality":"OK","raw":2010.8662110368973,"sigma":1.5,"state":"IDLE","t":"2026-07-09T06:13:05.4787613Z","type":"sample"}
{"address":"/cue/r19/start","args":null,"channel":"system","dir":"out","t":"2026-07-09T06:13:05.5154264Z","type":"osc"}
{"channel":"rr","display":14.018691588785046,"mu":0,"quality":"OK","raw":1943.237509436773,"sigma":1.5,"state":"IDLE","t":"2026-07-09T06:13:05.5191952Z","type":"sample"}
{"channel":"rr","display":14.018691588785046,"mu":0,"quality":"OK","raw":1881.6177838168273,"sigma":1.5,"state":"IDLE","t":"2026-07-09T06:13:05.5590632Z","type":"sample"}
{"channel":"rr","display":14.018691588785046,"mu":0,"quality":"OK","raw":1808.964988985838,"sigma":1.5,"state":"IDLE","t":"2026-07-09T06:13:05.5988199Z","type":"sample"}
{"channel":"rr","display":14.018691588785046,"mu":0,"quality":"OK","raw":1719.4435891322341,"sigma":1.5,"state":"IDLE","t":"2026-07-09T06:13:05.6390047Z","type":"sample"}
{"channel":"rr","display":14.018691588785046,"mu":0,"quality":"OK","raw":1673.2268778277034,"sigma":1.5,"state":"IDLE","t":"2026-07-09T06:13:05.6788279Z","type":"sample"}
{"channel":"rr","display":14.018691588785046,"mu":0,"quality":"OK","raw":1577.8534532034332,"sigma":1.5,"state":"IDLE","t":"2026-07-09T06:13:05.7192176Z","type":"sample"}
{"address":"/cue/p/start","args":null,"channel":"system","dir":"out","t":"2026-07-09T06:13:05.7417625Z","type":"osc"}
{"channel":"rr","display":14.018691588785046,"mu":0,"quality":"OK","raw":1564.7839912886084,"sigma":1.5,"state":"IDLE","t":"2026-07-09T06:13:05.7591938Z","type":"sample"}
{"channel":"rr","display":14.018691588785046,"mu":0,"quality":"OK","raw":1457.343565300545,"sigma":1.5,"state":"IDLE","t":"2026-07-09T06:13:05.7991132Z","type":"sample"}
{"channel":"rr","display":14.018691588785046,"mu":0,"quality":"OK","raw":1395.0168182968805,"sigma":1.5,"state":"IDLE","t":"2026-07-09T06:13:05.8391346Z","type":"sample"}
{"channel":"rr","display":14.018691588785046,"mu":0,"quality":"OK","raw":1331.5187643829352,"sigma":1.5,"state":"IDLE","t":"2026-07-09T06:13:05.8787629Z","type":"sample"}
{"channel":"rr","display":14.018691588785046,"mu":0,"quality":"OK","raw":1300.7034570401217,"sigma":1.5,"state":"IDLE","t":"2026-07-09T06:13:05.9187622Z","type":"sample"}
{"channel":"rr","display":14.018691588785046,"mu":0,"quality":"OK","raw":1240.1024752700232,"sigma":1.5,"state":"IDLE","t":"2026-07-09T06:13:05.9587659Z","type":"sample"}
{"channel":"rr","display":14.018691588785046,"mu":0,"quality":"OK","raw":1169.9950410009003,"sigma":1.5,"state":"IDLE","t":"2026-07-09T06:13:05.9987344Z","type":"sample"}
{"channel":"rr","display":14.018691588785046,"mu":0,"quality":"OK","raw":1162.5489664867866,"sigma":1.5,"state":"IDLE","t":"2026-07-09T06:13:06.0392161Z","type":"sample"}
{"channel":"rr","display":14.018691588785046,"mu":0,"quality":"OK","raw":1093.1158586549946,"sigma":1.5,"state":"IDLE","t":"2026-07-09T06:13:06.078912Z","type":"sample"}
{"channel":"rr","display":14.018691588785046,"mu":0,"quality":"OK","raw":1042.3251343465652,"sigma":1.5,"state":"IDLE","t":"2026-07-09T06:13:06.1192028Z","type":"sample"}
{"channel":"rr","display":14.018691588785046,"mu":0,"quality":"OK","raw":1028.2307121748397,"sigma":1.5,"state":"IDLE","t":"2026-07-09T06:13:06.1588606Z","type":"sample"}
{"channel":"rr","display":14.018691588785046,"mu":0,"quality":"OK","raw":966.5810370317843,"sigma":1.5,"state":"IDLE","t":"2026-07-09T06:13:06.1990199Z","type":"sample"}
{"channel":"rr","display":14.018691588785046,"mu":0,"quality":"OK","raw":969.1827546285338,"sigma":1.5,"state":"IDLE","t":"2026-07-09T06:13:06.2388257Z","type":"sample"}
{"channel":"rr","display":14.018691588785046,"mu":0,"quality":"OK","raw":920.3630321251618,"sigma":1.5,"state":"IDLE","t":"2026-07-09T06:13:06.278989Z","type":"sample"}
{"channel":"rr","display":14.018691588785046,"mu":0,"quality":"OK","raw":931.9738809034177,"sigma":1.5,"state":"IDLE","t":"2026-07-09T06:13:06.3195795Z","type":"sample"}
{"channel":"rr","display":14.018691588785046,"mu":0,"quality":"OK","raw":909.1272504549779,"sigma":1.5,"state":"IDLE","t":"2026-07-09T06:13:06.3587896Z","type":"sample"}
{"channel":"rr","display":14.018691588785046,"mu":0,"quality":"OK","raw":884.3791479719699,"sigma":1.5,"state":"IDLE","t":"2026-07-09T06:13:06.3988627Z","type":"sample"}
{"channel":"rr","display":14.018691588785046,"mu":0,"quality":"OK","raw":852.5552167922485,"sigma":1.5,"state":"IDLE","t":"2026-07-09T06:13:06.4394398Z","type":"sample"}
{"channel":"rr","display":14.018691588785046,"mu":0,"quality":"OK","raw":845.8287616009484,"sigma":1.5,"state":"IDLE","t":"2026-07-09T06:13:06.4788833Z","type":"sample"}
{"channel":"rr","display":14.018691588785046,"mu":0,"quality":"OK","raw":844.4279704115454,"sigma":1.5,"state":"IDLE","t":"2026-07-09T06:13:06.5188385Z","type":"sample"}
{"address":"/cue/r19/start","args":null,"channel":"system","dir":"out","t":"2026-07-09T06:13:06.5188385Z","type":"osc"}
{"channel":"rr","display":14.018691588785046,"mu":0,"quality":"OK","raw":877.4608701703876,"sigma":1.5,"state":"IDLE","t":"2026-07-09T06:13:06.559395Z","type":"sample"}
{"channel":"rr","display":14.018691588785046,"mu":0,"quality":"OK","raw":837.8647672677317,"sigma":1.5,"state":"IDLE","t":"2026-07-09T06:13:06.5988749Z","type":"sample"}
{"channel":"rr","display":14.018691588785046,"mu":0,"quality":"OK","raw":845.8351212945328,"sigma":1.5,"state":"IDLE","t":"2026-07-09T06:13:06.6391383Z","type":"sample"}
{"channel":"rr","display":14.018691588785046,"mu":0,"quality":"OK","raw":889.0242844016567,"sigma":1.5,"state":"IDLE","t":"2026-07-09T06:13:06.6791072Z","type":"sample"}
{"channel":"rr","display":14.018691588785046,"mu":0,"quality":"OK","raw":879.1874914667266,"sigma":1.5,"state":"IDLE","t":"2026-07-09T06:13:06.7191675Z","type":"sample"}
{"address":"/cue/p/start","args":null,"channel":"system","dir":"out","t":"2026-07-09T06:13:06.7398947Z","type":"osc"}
{"channel":"rr","display":14.018691588785046,"mu":0,"quality":"OK","raw":931.4246639925816,"sigma":1.5,"state":"IDLE","t":"2026-07-09T06:13:06.7588842Z","type":"sample"}
{"channel":"rr","display":14.018691588785046,"mu":0,"quality":"OK","raw":923.9725523301837,"sigma":1.5,"state":"IDLE","t":"2026-07-09T06:13:06.7991279Z","type":"sample"}
{"channel":"rr","display":14.018691588785046,"mu":0,"quality":"OK","raw":977.1120149942516,"sigma":1.5,"state":"IDLE","t":"2026-07-09T06:13:06.8388772Z","type":"sample"}
{"channel":"rr","display":14.018691588785046,"mu":0,"quality":"OK","raw":1001.0307595883403,"sigma":1.5,"state":"IDLE","t":"2026-07-09T06:13:06.8790166Z","type":"sample"}
{"channel":"rr","display":14.018691588785046,"mu":0,"quality":"OK","raw":1041.3282485371226,"sigma":1.5,"state":"IDLE","t":"2026-07-09T06:13:06.9194807Z","type":"sample"}
{"channel":"rr","display":14.018691588785046,"mu":0,"quality":"OK","raw":1075.5918467825272,"sigma":1.5,"state":"IDLE","t":"2026-07-09T06:13:06.958938Z","type":"sample"}
{"channel":"rr","display":14.018691588785046,"mu":0,"quality":"OK","raw":1105.822441755341,"sigma":1.5,"state":"IDLE","t":"2026-07-09T06:13:06.9987245Z","type":"sample"}
{"channel":"rr","display":14.018691588785046,"mu":0,"quality":"OK","raw":1178.6869901746254,"sigma":1.5,"state":"IDLE","t":"2026-07-09T06:13:07.0392874Z","type":"sample"}
{"channel":"rr","display":14.018691588785046,"mu":0,"quality":"OK","raw":1205.4402121401383,"sigma":1.5,"state":"IDLE","t":"2026-07-09T06:13:07.0789373Z","type":"sample"}
{"channel":"rr","display":14.018691588785046,"mu":0,"quality":"OK","raw":1249.5842356905284,"sigma":1.5,"state":"IDLE","t":"2026-07-09T06:13:07.118823Z","type":"sample"}
{"channel":"rr","display":14.018691588785046,"mu":0,"quality":"OK","raw":1346.4626562276537,"sigma":1.5,"state":"IDLE","t":"2026-07-09T06:13:07.1592494Z","type":"sample"}
{"channel":"rr","display":14.018691588785046,"mu":0,"quality":"OK","raw":1414.5012803056065,"sigma":1.5,"state":"IDLE","t":"2026-07-09T06:13:07.1991787Z","type":"sample"}
{"channel":"rr","display":14.018691588785046,"mu":0,"quality":"OK","raw":1445.3781108299752,"sigma":1.5,"state":"IDLE","t":"2026-07-09T06:13:07.2390112Z","type":"sample"}
{"channel":"rr","display":14.018691588785046,"mu":0,"quality":"OK","raw":1518.0246760739117,"sigma":1.5,"state":"IDLE","t":"2026-07-09T06:13:07.2789751Z","type":"sample"}
{"channel":"rr","display":14.018691588785046,"mu":0,"quality":"OK","raw":1580.4795232612935,"sigma":1.5,"state":"IDLE","t":"2026-07-09T06:13:07.3190429Z","type":"sample"}
{"channel":"rr","display":14.018691588785046,"mu":0,"quality":"OK","raw":1607.4283758697773,"sigma":1.5,"state":"IDLE","t":"2026-07-09T06:13:07.3588539Z","type":"sample"}
{"channel":"rr","display":14.018691588785046,"mu":0,"quality":"OK","raw":1709.592622985354,"sigma":1.5,"state":"IDLE","t":"2026-07-09T06:13:07.3991409Z","type":"sample"}
{"channel":"rr","display":14.018691588785046,"mu":0,"quality":"OK","raw":1782.5806607608256,"sigma":1.5,"state":"IDLE","t":"2026-07-09T06:13:07.4387918Z","type":"sample"}
{"channel":"rr","display":14.018691588785046,"mu":0,"quality":"OK","raw":1820.6155616814262,"sigma":1.5,"state":"IDLE","t":"2026-07-09T06:13:07.4788228Z","type":"sample"}
{"channel":"rr","display":14.018691588785046,"mu":0,"quality":"OK","raw":1875.941456841972,"sigma":1.5,"state":"IDLE","t":"2026-07-09T06:13:07.5188692Z","type":"sample"}
{"address":"/cue/r19/start","args":null,"channel":"system","dir":"out","t":"2026-07-09T06:13:07.5318458Z","type":"osc"}
{"channel":"rr","display":14.018691588785046,"mu":0,"quality":"OK","raw":1983.7884215130046,"sigma":1.5,"state":"IDLE","t":"2026-07-09T06:13:07.5590867Z","type":"sample"}
{"channel":"rr","display":14.018691588785046,"mu":0,"quality":"OK","raw":2050.9226278610745,"sigma":1.5,"state":"IDLE","t":"2026-07-09T06:13:07.5989591Z","type":"sample"}
{"channel":"rr","display":14.018691588785046,"mu":0,"quality":"OK","raw":2105.6584644847476,"sigma":1.5,"state":"IDLE","t":"2026-07-09T06:13:07.6390592Z","type":"sample"}
{"channel":"rr","display":14.018691588785046,"mu":0,"quality":"OK","raw":2194.148020854986,"sigma":1.5,"state":"IDLE","t":"2026-07-09T06:13:07.6789013Z","type":"sample"}
{"channel":"rr","display":14.018691588785046,"mu":0,"quality":"OK","raw":2231.973883229626,"sigma":1.5,"state":"IDLE","t":"2026-07-09T06:13:07.7188052Z","type":"sample"}
{"address":"/cue/p/start","args":null,"channel":"system","dir":"out","t":"2026-07-09T06:13:07.7401305Z","type":"osc"}
{"channel":"rr","display":14.018691588785046,"mu":0,"quality":"OK","raw":2322.921042775895,"sigma":1.5,"state":"IDLE","t":"2026-07-09T06:13:07.7588452Z","type":"sample"}
{"channel":"rr","display":14.018691588785046,"mu":0,"quality":"OK","raw":2410.0699224918976,"sigma":1.5,"state":"IDLE","t":"2026-07-09T06:13:07.7988931Z","type":"sample"}
{"channel":"rr","display":14.018691588785046,"mu":0,"quality":"OK","raw":2460.9669247650686,"sigma":1.5,"state":"IDLE","t":"2026-07-09T06:13:07.8388965Z","type":"sample"}
{"channel":"rr","display":14.018691588785046,"mu":0,"quality":"OK","raw":2535.4934483524526,"sigma":1.5,"state":"IDLE","t":"2026-07-09T06:13:07.8789091Z","type":"sample"}
{"channel":"rr","display":14.018691588785046,"mu":0,"quality":"OK","raw":2586.5747992387414,"sigma":1.5,"state":"IDLE","t":"2026-07-09T06:13:07.9191934Z","type":"sample"}
{"channel":"rr","display":14.018691588785046,"mu":0,"quality":"OK","raw":2668.0687463582212,"sigma":1.5,"state":"IDLE","t":"2026-07-09T06:13:07.9591333Z","type":"sample"}
{"channel":"rr","display":14.018691588785046,"mu":0,"quality":"OK","raw":2708.5484334515136,"sigma":1.5,"state":"IDLE","t":"2026-07-09T06:13:07.9988279Z","type":"sample"}
{"channel":"rr","display":14.018691588785046,"mu":0,"quality":"OK","raw":2763.9353629146576,"sigma":1.5,"state":"IDLE","t":"2026-07-09T06:13:08.0390039Z","type":"sample"}
{"channel":"rr","display":14.018691588785046,"mu":0,"quality":"OK","raw":2848.264391070438,"sigma":1.5,"state":"IDLE","t":"2026-07-09T06:13:08.0790957Z","type":"sample"}
{"channel":"rr","display":14.018691588785046,"mu":0,"quality":"OK","raw":2879.79381029399,"sigma":1.5,"state":"IDLE","t":"2026-07-09T06:13:08.1188801Z","type":"sample"}
{"channel":"rr","display":14.018691588785046,"mu":0,"quality":"OK","raw":2941.046476490677,"sigma":1.5,"state":"IDLE","t":"2026-07-09T06:13:08.1589355Z","type":"sample"}
{"channel":"rr","display":14.018691588785046,"mu":0,"quality":"OK","raw":2966.4278901909834,"sigma":1.5,"state":"IDLE","t":"2026-07-09T06:13:08.1989826Z","type":"sample"}
{"channel":"rr","display":14.018691588785046,"mu":0,"quality":"OK","raw":3054.435189007232,"sigma":1.5,"state":"IDLE","t":"2026-07-09T06:13:08.2391775Z","type":"sample"}
{"channel":"rr","display":14.018691588785046,"mu":0,"quality":"OK","raw":3061.870532914257,"sigma":1.5,"state":"IDLE","t":"2026-07-09T06:13:08.2788298Z","type":"sample"}
{"channel":"rr","display":14.018691588785046,"mu":0,"quality":"OK","raw":3118.736735817662,"sigma":1.5,"state":"IDLE","t":"2026-07-09T06:13:08.3190863Z","type":"sample"}
{"channel":"rr","display":14.018691588785046,"mu":0,"quality":"OK","raw":3113.4352238637125,"sigma":1.5,"state":"IDLE","t":"2026-07-09T06:13:08.3590661Z","type":"sample"}
{"channel":"rr","display":14.018691588785046,"mu":0,"quality":"OK","raw":3140.5120289832084,"sigma":1.5,"state":"IDLE","t":"2026-07-09T06:13:08.3991048Z","type":"sample"}
{"channel":"rr","display":14.018691588785046,"mu":0,"quality":"OK","raw":3184.775442776483,"sigma":1.5,"state":"IDLE","t":"2026-07-09T06:13:08.4390073Z","type":"sample"}
{"channel":"rr","display":14.018691588785046,"mu":0,"quality":"OK","raw":3195.1612165965985,"sigma":1.5,"state":"IDLE","t":"2026-07-09T06:13:08.4792446Z","type":"sample"}
{"channel":"rr","display":14.018691588785046,"mu":0,"quality":"OK","raw":3226.282416462615,"sigma":1.5,"state":"IDLE","t":"2026-07-09T06:13:08.5190022Z","type":"sample"}
{"address":"/cue/r19/start","args":null,"channel":"system","dir":"out","t":"2026-07-09T06:13:08.5445601Z","type":"osc"}
{"channel":"rr","display":14.018691588785046,"mu":0,"quality":"OK","raw":3226.952170302967,"sigma":1.5,"state":"IDLE","t":"2026-07-09T06:13:08.5590765Z","type":"sample"}
{"channel":"rr","display":14.018691588785046,"mu":0,"quality":"OK","raw":3226.708653178845,"sigma":1.5,"state":"IDLE","t":"2026-07-09T06:13:08.5990911Z","type":"sample"}
{"channel":"rr","display":14.018691588785046,"mu":0,"quality":"OK","raw":3269.1298460145113,"sigma":1.5,"state":"IDLE","t":"2026-07-09T06:13:08.6389523Z","type":"sample"}
{"channel":"rr","display":14.018691588785046,"mu":0,"quality":"OK","raw":3235.480974137113,"sigma":1.5,"state":"IDLE","t":"2026-07-09T06:13:08.6789673Z","type":"sample"}
{"channel":"rr","display":14.018691588785046,"mu":0,"quality":"OK","raw":3217.991545512325,"sigma":1.5,"state":"IDLE","t":"2026-07-09T06:13:08.7188744Z","type":"sample"}
{"address":"/cue/p/start","args":null,"channel":"system","dir":"out","t":"2026-07-09T06:13:08.739507Z","type":"osc"}
{"channel":"rr","display":14.018691588785046,"mu":0,"quality":"OK","raw":3242.984619286396,"sigma":1.5,"state":"IDLE","t":"2026-07-09T06:13:08.7592362Z","type":"sample"}
{"channel":"rr","display":14.018691588785046,"mu":0,"quality":"OK","raw":3223.4464978359506,"sigma":1.5,"state":"IDLE","t":"2026-07-09T06:13:08.7991304Z","type":"sample"}
{"channel":"rr","display":14.018691588785046,"mu":0,"quality":"OK","raw":3194.0689127246687,"sigma":1.5,"state":"IDLE","t":"2026-07-09T06:13:08.8390579Z","type":"sample"}
{"channel":"rr","display":14.018691588785046,"mu":0,"quality":"OK","raw":3193.073481402061,"sigma":1.5,"state":"IDLE","t":"2026-07-09T06:13:08.8792198Z","type":"sample"}
{"channel":"rr","display":14.018691588785046,"mu":0,"quality":"OK","raw":3126.0997153435874,"sigma":1.5,"state":"IDLE","t":"2026-07-09T06:13:08.9191357Z","type":"sample"}
{"channel":"rr","display":14.018691588785046,"mu":0,"quality":"OK","raw":3161.785634927131,"sigma":1.5,"state":"IDLE","t":"2026-07-09T06:13:08.9589844Z","type":"sample"}
{"channel":"rr","display":14.018691588785046,"mu":0,"quality":"OK","raw":3099.5692083213116,"sigma":1.5,"state":"IDLE","t":"2026-07-09T06:13:08.9992657Z","type":"sample"}
{"channel":"rr","display":14.018691588785046,"mu":0,"quality":"OK","raw":3075.7198393648464,"sigma":1.5,"state":"IDLE","t":"2026-07-09T06:13:09.039085Z","type":"sample"}
{"channel":"rr","display":14.018691588785046,"mu":0,"quality":"OK","raw":3032.846361305307,"sigma":1.5,"state":"IDLE","t":"2026-07-09T06:13:09.078968Z","type":"sample"}
{"channel":"rr","display":14.018691588785046,"mu":0,"quality":"OK","raw":2985.3725528928426,"sigma":1.5,"state":"IDLE","t":"2026-07-09T06:13:09.1189926Z","type":"sample"}
{"channel":"rr","display":14.018691588785046,"mu":0,"quality":"OK","raw":2966.087599669456,"sigma":1.5,"state":"IDLE","t":"2026-07-09T06:13:09.1592717Z","type":"sample"}
{"channel":"rr","display":14.018691588785046,"mu":0,"quality":"OK","raw":2907.051695814533,"sigma":1.5,"state":"IDLE","t":"2026-07-09T06:13:09.1989872Z","type":"sample"}
{"channel":"rr","display":14.018691588785046,"mu":0,"quality":"OK","raw":2825.9500525182807,"sigma":1.5,"state":"IDLE","t":"2026-07-09T06:13:09.2390181Z","type":"sample"}
{"channel":"rr","display":14.018691588785046,"mu":0,"quality":"OK","raw":2799.420125907835,"sigma":1.5,"state":"IDLE","t":"2026-07-09T06:13:09.2791807Z","type":"sample"}
{"channel":"rr","display":14.018691588785046,"mu":0,"quality":"OK","raw":2745.3319853843263,"sigma":1.5,"state":"IDLE","t":"2026-07-09T06:13:09.3187994Z","type":"sample"}
{"channel":"rr","display":14.018691588785046,"mu":0,"quality":"OK","raw":2687.5735273256655,"sigma":1.5,"state":"IDLE","t":"2026-07-09T06:13:09.3594606Z","type":"sample"}
{"channel":"rr","display":14.018691588785046,"mu":0,"quality":"OK","raw":2628.582631307754,"sigma":1.5,"state":"IDLE","t":"2026-07-09T06:13:09.3991781Z","type":"sample"}
{"channel":"rr","display":14.018691588785046,"mu":0,"quality":"OK","raw":2569.0530422998254,"sigma":1.5,"state":"IDLE","t":"2026-07-09T06:13:09.438842Z","type":"sample"}
{"channel":"rr","display":14.018691588785046,"mu":0,"quality":"OK","raw":2508.0857817600095,"sigma":1.5,"state":"IDLE","t":"2026-07-09T06:13:09.4792158Z","type":"sample"}
{"channel":"rr","display":14.018691588785046,"mu":0,"quality":"OK","raw":2409.6006777195284,"sigma":1.5,"state":"IDLE","t":"2026-07-09T06:13:09.5193248Z","type":"sample"}
{"address":"/cue/r19/start","args":null,"channel":"system","dir":"out","t":"2026-07-09T06:13:09.5534118Z","type":"osc"}
{"channel":"rr","display":14.018691588785046,"mu":0,"quality":"OK","raw":2349.4729595118174,"sigma":1.5,"state":"IDLE","t":"2026-07-09T06:13:09.5588306Z","type":"sample"}
{"channel":"rr","display":14.018691588785046,"mu":0,"quality":"OK","raw":2317.4867443364074,"sigma":1.5,"state":"IDLE","t":"2026-07-09T06:13:09.598804Z","type":"sample"}
{"channel":"rr","display":14.018691588785046,"mu":0,"quality":"OK","raw":2211.374515272337,"sigma":1.5,"state":"IDLE","t":"2026-07-09T06:13:09.6393339Z","type":"sample"}
{"channel":"rr","display":14.018691588785046,"mu":0,"quality":"OK","raw":2165.7114109733784,"sigma":1.5,"state":"IDLE","t":"2026-07-09T06:13:09.6791937Z","type":"sample"}
{"channel":"rr","display":14.018691588785046,"mu":0,"quality":"OK","raw":2119.335386931349,"sigma":1.5,"state":"IDLE","t":"2026-07-09T06:13:09.7191103Z","type":"sample"}
{"address":"/cue/p/start","args":null,"channel":"system","dir":"out","t":"2026-07-09T06:13:09.7397302Z","type":"osc"}
{"channel":"rr","display":14.018691588785046,"mu":0,"quality":"OK","raw":2030.3549097123985,"sigma":1.5,"state":"IDLE","t":"2026-07-09T06:13:09.7591448Z","type":"sample"}
{"channel":"rr","display":14.018691588785046,"mu":0,"quality":"OK","raw":1952.7022934141507,"sigma":1.5,"state":"IDLE","t":"2026-07-09T06:13:09.7989804Z","type":"sample"}
{"channel":"rr","display":14.018691588785046,"mu":0,"quality":"OK","raw":1894.65263410113,"sigma":1.5,"state":"IDLE","t":"2026-07-09T06:13:09.8389262Z","type":"sample"}
{"channel":"rr","display":14.018691588785046,"mu":0,"quality":"OK","raw":1796.2431669719435,"sigma":1.5,"state":"IDLE","t":"2026-07-09T06:13:09.8790405Z","type":"sample"}
{"channel":"rr","display":14.018691588785046,"mu":0,"quality":"OK","raw":1735.310039413294,"sigma":1.5,"state":"IDLE","t":"2026-07-09T06:13:09.9188356Z","type":"sample"}
{"channel":"rr","display":14.018691588785046,"mu":0,"quality":"OK","raw":1637.529730902244,"sigma":1.5,"state":"IDLE","t":"2026-07-09T06:13:09.9588325Z","type":"sample"}
{"channel":"rr","display":14.018691588785046,"mu":0,"quality":"OK","raw":1605.440555393889,"sigma":1.5,"state":"IDLE","t":"2026-07-09T06:13:09.9989759Z","type":"sample"}
{"channel":"rr","display":14.018691588785046,"mu":0,"quality":"OK","raw":1558.856021390457,"sigma":1.5,"state":"IDLE","t":"2026-07-09T06:13:10.0392076Z","type":"sample"}
{"channel":"rr","display":14.018691588785046,"mu":0,"quality":"OK","raw":1473.5743976149217,"sigma":1.5,"state":"IDLE","t":"2026-07-09T06:13:10.0788698Z","type":"sample"}
{"channel":"rr","display":14.018691588785046,"mu":0,"quality":"OK","raw":1445.4740203339509,"sigma":1.5,"state":"IDLE","t":"2026-07-09T06:13:10.1191576Z","type":"sample"}
{"channel":"rr","display":14.018691588785046,"mu":0,"quality":"OK","raw":1378.2783741375251,"sigma":1.5,"state":"IDLE","t":"2026-07-09T06:13:10.1589074Z","type":"sample"}
{"channel":"rr","display":14.018691588785046,"mu":0,"quality":"OK","raw":1321.4383838998365,"sigma":1.5,"state":"IDLE","t":"2026-07-09T06:13:10.1988534Z","type":"sample"}
{"channel":"rr","display":14.018691588785046,"mu":0,"quality":"OK","raw":1240.2942642131718,"sigma":1.5,"state":"IDLE","t":"2026-07-09T06:13:10.239032Z","type":"sample"}
{"channel":"rr","display":14.018691588785046,"mu":0,"quality":"OK","raw":1209.163083033097,"sigma":1.5,"state":"IDLE","t":"2026-07-09T06:13:10.2791646Z","type":"sample"}
{"channel":"rr","display":14.018691588785046,"mu":0,"quality":"OK","raw":1121.5291100828572,"sigma":1.5,"state":"IDLE","t":"2026-07-09T06:13:10.3194109Z","type":"sample"}
{"channel":"rr","display":14.018691588785046,"mu":0,"quality":"OK","raw":1089.1293660165422,"sigma":1.5,"state":"IDLE","t":"2026-07-09T06:13:10.3591783Z","type":"sample"}
{"channel":"rr","display":14.018691588785046,"mu":0,"quality":"OK","raw":1043.2807436754363,"sigma":1.5,"state":"IDLE","t":"2026-07-09T06:13:10.3989157Z","type":"sample"}
{"channel":"rr","display":14.018691588785046,"mu":0,"quality":"OK","raw":1020.2748226075129,"sigma":1.5,"state":"IDLE","t":"2026-07-09T06:13:10.4392283Z","type":"sample"}
{"channel":"rr","display":14.018691588785046,"mu":0,"quality":"OK","raw":987.2348248326133,"sigma":1.5,"state":"IDLE","t":"2026-07-09T06:13:10.4789352Z","type":"sample"}
{"channel":"rr","display":14.018691588785046,"mu":0,"quality":"OK","raw":959.4027474448309,"sigma":1.5,"state":"IDLE","t":"2026-07-09T06:13:10.5188766Z","type":"sample"}
{"address":"/cue/r19/start","args":null,"channel":"system","dir":"out","t":"2026-07-09T06:13:10.5582849Z","type":"osc"}
{"channel":"rr","display":14.018691588785046,"mu":0,"quality":"OK","raw":920.162240333326,"sigma":1.5,"state":"IDLE","t":"2026-07-09T06:13:10.5588381Z","type":"sample"}
{"channel":"rr","display":14.018691588785046,"mu":0,"quality":"OK","raw":915.4874475013178,"sigma":1.5,"state":"IDLE","t":"2026-07-09T06:13:10.599169Z","type":"sample"}
{"channel":"rr","display":14.018691588785046,"mu":0,"quality":"OK","raw":887.7553226182855,"sigma":1.5,"state":"IDLE","t":"2026-07-09T06:13:10.6390528Z","type":"sample"}
{"channel":"rr","display":14.018691588785046,"mu":0,"quality":"OK","raw":856.1612763614447,"sigma":1.5,"state":"IDLE","t":"2026-07-09T06:13:10.6791434Z","type":"sample"}
{"channel":"rr","display":14.018691588785046,"mu":0,"quality":"OK","raw":857.6018835532257,"sigma":1.5,"state":"IDLE","t":"2026-07-09T06:13:10.7190395Z","type":"sample"}
{"address":"/cue/p/start","args":null,"channel":"system","dir":"out","t":"2026-07-09T06:13:10.7396476Z","type":"osc"}
{"channel":"rr","display":14.018691588785046,"mu":0,"quality":"OK","raw":866.8715940706436,"sigma":1.5,"state":"IDLE","t":"2026-07-09T06:13:10.7591977Z","type":"sample"}
{"channel":"rr","display":14.018691588785046,"mu":0,"quality":"OK","raw":840.2805888305675,"sigma":1.5,"state":"IDLE","t":"2026-07-09T06:13:10.7988849Z","type":"sample"}
{"channel":"rr","display":14.018691588785046,"mu":0,"quality":"OK","raw":823.5201240923578,"sigma":1.5,"state":"IDLE","t":"2026-07-09T06:13:10.8390158Z","type":"sample"}
{"channel":"rr","display":14.018691588785046,"mu":0,"quality":"OK","raw":850.7433975484732,"sigma":1.5,"state":"IDLE","t":"2026-07-09T06:13:10.8789348Z","type":"sample"}
{"channel":"rr","display":14.018691588785046,"mu":0,"quality":"OK","raw":867.4663166545133,"sigma":1.5,"state":"IDLE","t":"2026-07-09T06:13:10.9188947Z","type":"sample"}
{"channel":"rr","display":14.018691588785046,"mu":0,"quality":"OK","raw":889.0024118408472,"sigma":1.5,"state":"IDLE","t":"2026-07-09T06:13:10.958785Z","type":"sample"}
{"channel":"rr","display":14.018691588785046,"mu":0,"quality":"OK","raw":874.2001676483702,"sigma":1.5,"state":"IDLE","t":"2026-07-09T06:13:10.9987351Z","type":"sample"}
{"channel":"rr","display":14.018691588785046,"mu":0,"quality":"OK","raw":917.3014800793677,"sigma":1.5,"state":"IDLE","t":"2026-07-09T06:13:11.0392136Z","type":"sample"}
{"channel":"rr","display":14.018691588785046,"mu":0,"quality":"OK","raw":919.1140071369679,"sigma":1.5,"state":"IDLE","t":"2026-07-09T06:13:11.0789575Z","type":"sample"}
{"channel":"rr","display":14.018691588785046,"mu":0,"quality":"OK","raw":958.9644254942382,"sigma":1.5,"state":"IDLE","t":"2026-07-09T06:13:11.1188688Z","type":"sample"}
{"channel":"rr","display":14.018691588785046,"mu":0,"quality":"OK","raw":989.2781688103992,"sigma":1.5,"state":"IDLE","t":"2026-07-09T06:13:11.158936Z","type":"sample"}
{"channel":"rr","display":14.018691588785046,"mu":0,"quality":"OK","raw":1043.054830133895,"sigma":1.5,"state":"IDLE","t":"2026-07-09T06:13:11.1991069Z","type":"sample"}
{"channel":"rr","display":14.018691588785046,"mu":0,"quality":"OK","raw":1082.0863702460315,"sigma":1.5,"state":"IDLE","t":"2026-07-09T06:13:11.2389482Z","type":"sample"}
{"channel":"rr","display":14.018691588785046,"mu":0,"quality":"OK","raw":1121.9900308618635,"sigma":1.5,"state":"IDLE","t":"2026-07-09T06:13:11.2791084Z","type":"sample"}
{"channel":"rr","display":14.018691588785046,"mu":0,"quality":"OK","raw":1202.8917220875746,"sigma":1.5,"state":"IDLE","t":"2026-07-09T06:13:11.3195696Z","type":"sample"}
{"channel":"rr","display":14.018691588785046,"mu":0,"quality":"OK","raw":1229.2565041091377,"sigma":1.5,"state":"IDLE","t":"2026-07-09T06:13:11.3588919Z","type":"sample"}
{"channel":"rr","display":14.018691588785046,"mu":0,"quality":"OK","raw":1269.3140976701245,"sigma":1.5,"state":"IDLE","t":"2026-07-09T06:13:11.3987773Z","type":"sample"}
{"channel":"rr","display":14.018691588785046,"mu":0,"quality":"OK","raw":1335.9909412371985,"sigma":1.5,"state":"IDLE","t":"2026-07-09T06:13:11.4387779Z","type":"sample"}
{"channel":"rr","display":14.018691588785046,"mu":0,"quality":"OK","raw":1371.6707797083218,"sigma":1.5,"state":"IDLE","t":"2026-07-09T06:13:11.4787703Z","type":"sample"}
{"channel":"rr","display":14.018691588785046,"mu":0,"quality":"OK","raw":1431.5662536594482,"sigma":1.5,"state":"IDLE","t":"2026-07-09T06:13:11.518848Z","type":"sample"}
{"channel":"rr","display":14.018691588785046,"mu":0,"quality":"OK","raw":1523.3702427305989,"sigma":1.5,"state":"IDLE","t":"2026-07-09T06:13:11.5590762Z","type":"sample"}
{"address":"/cue/r19/start","args":null,"channel":"system","dir":"out","t":"2026-07-09T06:13:11.5702887Z","type":"osc"}
{"channel":"rr","display":14.018691588785046,"mu":0,"quality":"OK","raw":1567.3703771976952,"sigma":1.5,"state":"IDLE","t":"2026-07-09T06:13:11.5989142Z","type":"sample"}
{"channel":"rr","display":14.018691588785046,"mu":0,"quality":"OK","raw":1654.0280113853926,"sigma":1.5,"state":"IDLE","t":"2026-07-09T06:13:11.6388071Z","type":"sample"}
{"channel":"rr","display":14.018691588785046,"mu":0,"quality":"OK","raw":1696.7663067467452,"sigma":1.5,"state":"IDLE","t":"2026-07-09T06:13:11.6792194Z","type":"sample"}
{"channel":"rr","display":14.018691588785046,"mu":0,"quality":"OK","raw":1774.2959794862816,"sigma":1.5,"state":"IDLE","t":"2026-07-09T06:13:11.7195295Z","type":"sample"}
{"address":"/cue/p/start","args":null,"channel":"system","dir":"out","t":"2026-07-09T06:13:11.7392905Z","type":"osc"}
{"channel":"rr","display":14.018691588785046,"mu":0,"quality":"OK","raw":1825.4634840289987,"sigma":1.5,"state":"IDLE","t":"2026-07-09T06:13:11.7588762Z","type":"sample"}
{"channel":"rr","display":14.018691588785046,"mu":0,"quality":"OK","raw":1905.813234709718,"sigma":1.5,"state":"IDLE","t":"2026-07-09T06:13:11.7988142Z","type":"sample"}
{"channel":"rr","display":14.018691588785046,"mu":0,"quality":"OK","raw":2008.8257120204375,"sigma":1.5,"state":"IDLE","t":"2026-07-09T06:13:11.8391924Z","type":"sample"}
{"channel":"rr","display":14.018691588785046,"mu":0,"quality":"OK","raw":2061.369189406603,"sigma":1.5,"state":"IDLE","t":"2026-07-09T06:13:11.8788488Z","type":"sample"}
{"channel":"rr","display":14.018691588785046,"mu":0,"quality":"OK","raw":2129.3578889050355,"sigma":1.5,"state":"IDLE","t":"2026-07-09T06:13:11.9189609Z","type":"sample"}
{"channel":"rr","display":14.018691588785046,"mu":0,"quality":"OK","raw":2161.8510591596614,"sigma":1.5,"state":"IDLE","t":"2026-07-09T06:13:11.9591189Z","type":"sample"}
{"channel":"rr","display":14.018691588785046,"mu":0,"quality":"OK","raw":2293.003207625432,"sigma":1.5,"state":"IDLE","t":"2026-07-09T06:13:11.9988722Z","type":"sample"}
{"channel":"rr","display":14.018691588785046,"mu":0,"quality":"OK","raw":2320.6193478356486,"sigma":1.5,"state":"IDLE","t":"2026-07-09T06:13:12.0389317Z","type":"sample"}
{"channel":"rr","display":14.018691588785046,"mu":0,"quality":"OK","raw":2389.3562853485073,"sigma":1.5,"state":"IDLE","t":"2026-07-09T06:13:12.0790795Z","type":"sample"}
{"channel":"rr","display":14.018691588785046,"mu":0,"quality":"OK","raw":2463.0394218120646,"sigma":1.5,"state":"IDLE","t":"2026-07-09T06:13:12.119116Z","type":"sample"}
{"channel":"rr","display":14.018691588785046,"mu":0,"quality":"OK","raw":2533.514666697524,"sigma":1.5,"state":"IDLE","t":"2026-07-09T06:13:12.158771Z","type":"sample"}
{"channel":"rr","display":14.018691588785046,"mu":0,"quality":"OK","raw":2575.902073047602,"sigma":1.5,"state":"IDLE","t":"2026-07-09T06:13:12.1991923Z","type":"sample"}
{"channel":"rr","display":14.018691588785046,"mu":0,"quality":"OK","raw":2618.465546558359,"sigma":1.5,"state":"IDLE","t":"2026-07-09T06:13:12.2389739Z","type":"sample"}
{"channel":"rr","display":14.018691588785046,"mu":0,"quality":"OK","raw":2696.307894173084,"sigma":1.5,"state":"IDLE","t":"2026-07-09T06:13:12.2792137Z","type":"sample"}
{"channel":"rr","display":14.018691588785046,"mu":0,"quality":"OK","raw":2793.211455610745,"sigma":1.5,"state":"IDLE","t":"2026-07-09T06:13:12.3191689Z","type":"sample"}
{"channel":"rr","display":14.018691588785046,"mu":0,"quality":"OK","raw":2828.8502935457277,"sigma":1.5,"state":"IDLE","t":"2026-07-09T06:13:12.3590937Z","type":"sample"}
{"channel":"rr","display":14.018691588785046,"mu":0,"quality":"OK","raw":2870.883685707035,"sigma":1.5,"state":"IDLE","t":"2026-07-09T06:13:12.3989913Z","type":"sample"}
{"channel":"rr","display":14.018691588785046,"mu":0,"quality":"OK","raw":2912.584855187948,"sigma":1.5,"state":"IDLE","t":"2026-07-09T06:13:12.4391581Z","type":"sample"}
{"channel":"rr","display":14.018691588785046,"mu":0,"quality":"OK","raw":2964.7482069342113,"sigma":1.5,"state":"IDLE","t":"2026-07-09T06:13:12.4788817Z","type":"sample"}
{"channel":"rr","display":14.018691588785046,"mu":0,"quality":"OK","raw":3013.6302726472722,"sigma":1.5,"state":"IDLE","t":"2026-07-09T06:13:12.5188476Z","type":"sample"}
{"channel":"rr","display":14.018691588785046,"mu":0,"quality":"OK","raw":3063.336369808799,"sigma":1.5,"state":"IDLE","t":"2026-07-09T06:13:12.5592333Z","type":"sample"}
{"address":"/cue/r19/start","args":null,"channel":"system","dir":"out","t":"2026-07-09T06:13:12.5748769Z","type":"osc"}
{"channel":"rr","display":14.018691588785046,"mu":0,"quality":"OK","raw":3095.680880975195,"sigma":1.5,"state":"IDLE","t":"2026-07-09T06:13:12.59884Z","type":"sample"}
{"channel":"rr","display":14.018691588785046,"mu":0,"quality":"OK","raw":3120.0282792423727,"sigma":1.5,"state":"IDLE","t":"2026-07-09T06:13:12.639005Z","type":"sample"}
{"channel":"rr","display":14.018691588785046,"mu":0,"quality":"OK","raw":3144.247821226784,"sigma":1.5,"state":"IDLE","t":"2026-07-09T06:13:12.6790676Z","type":"sample"}
{"channel":"rr","display":14.018691588785046,"mu":0,"quality":"OK","raw":3190.285487106282,"sigma":1.5,"state":"IDLE","t":"2026-07-09T06:13:12.7190809Z","type":"sample"}
{"address":"/cue/p/start","args":null,"channel":"system","dir":"out","t":"2026-07-09T06:13:12.7400185Z","type":"osc"}
{"channel":"rr","display":14.018691588785046,"mu":0,"quality":"OK","raw":3184.6735023452343,"sigma":1.5,"state":"IDLE","t":"2026-07-09T06:13:12.7591985Z","type":"sample"}
{"channel":"rr","display":14.018691588785046,"mu":0,"quality":"OK","raw":3219.9104127388396,"sigma":1.5,"state":"IDLE","t":"2026-07-09T06:13:12.7987912Z","type":"sample"}
{"channel":"rr","display":14.018691588785046,"mu":0,"quality":"OK","raw":3221.5981449647397,"sigma":1.5,"state":"IDLE","t":"2026-07-09T06:13:12.8391684Z","type":"sample"}
{"channel":"rr","display":14.018691588785046,"mu":0,"quality":"OK","raw":3233.727911602807,"sigma":1.5,"state":"IDLE","t":"2026-07-09T06:13:12.8788273Z","type":"sample"}
{"channel":"rr","display":14.018691588785046,"mu":0,"quality":"OK","raw":3246.6738195512917,"sigma":1.5,"state":"IDLE","t":"2026-07-09T06:13:12.9190115Z","type":"sample"}
{"channel":"rr","display":14.018691588785046,"mu":0,"quality":"OK","raw":3259.008684374882,"sigma":1.5,"state":"IDLE","t":"2026-07-09T06:13:12.959143Z","type":"sample"}
{"channel":"rr","display":14.018691588785046,"mu":0,"quality":"OK","raw":3242.743861613887,"sigma":1.5,"state":"IDLE","t":"2026-07-09T06:13:12.9990219Z","type":"sample"}
{"channel":"rr","display":14.018691588785046,"mu":0,"quality":"OK","raw":3238.7780166247226,"sigma":1.5,"state":"IDLE","t":"2026-07-09T06:13:13.0391741Z","type":"sample"}
{"channel":"rr","display":14.018691588785046,"mu":0,"quality":"OK","raw":3220.8890848330666,"sigma":1.5,"state":"IDLE","t":"2026-07-09T06:13:13.0790734Z","type":"sample"}
{"channel":"rr","display":14.018691588785046,"mu":0,"quality":"OK","raw":3230.022476799458,"sigma":1.5,"state":"IDLE","t":"2026-07-09T06:13:13.1190837Z","type":"sample"}
{"channel":"rr","display":14.018691588785046,"mu":0,"quality":"OK","raw":3186.6551417373253,"sigma":1.5,"state":"IDLE","t":"2026-07-09T06:13:13.1589503Z","type":"sample"}
{"channel":"rr","display":14.018691588785046,"mu":0,"quality":"OK","raw":3174.6626013933287,"sigma":1.5,"state":"IDLE","t":"2026-07-09T06:13:13.1991697Z","type":"sample"}
{"channel":"rr","display":14.018691588785046,"mu":0,"quality":"OK","raw":3113.804814927818,"sigma":1.5,"state":"IDLE","t":"2026-07-09T06:13:13.2392529Z","type":"sample"}
{"channel":"rr","display":14.018691588785046,"mu":0,"quality":"OK","raw":3096.5786149004216,"sigma":1.5,"state":"IDLE","t":"2026-07-09T06:13:13.2788962Z","type":"sample"}
{"channel":"rr","display":14.018691588785046,"mu":0,"quality":"OK","raw":3068.3721091371585,"sigma":1.5,"state":"IDLE","t":"2026-07-09T06:13:13.3187853Z","type":"sample"}
{"channel":"rr","display":14.018691588785046,"mu":0,"quality":"OK","raw":3034.4746344818072,"sigma":1.5,"state":"IDLE","t":"2026-07-09T06:13:13.3591122Z","type":"sample"}
{"channel":"rr","display":14.018691588785046,"mu":0,"quality":"OK","raw":3017.110331959976,"sigma":1.5,"state":"IDLE","t":"2026-07-09T06:13:13.3989931Z","type":"sample"}
{"channel":"rr","display":14.018691588785046,"mu":0,"quality":"OK","raw":2969.09147567147,"sigma":1.5,"state":"IDLE","t":"2026-07-09T06:13:13.4388979Z","type":"sample"}
{"channel":"rr","display":14.018691588785046,"mu":0,"quality":"OK","raw":2884.333831017503,"sigma":1.5,"state":"IDLE","t":"2026-07-09T06:13:13.4792412Z","type":"sample"}
{"channel":"rr","display":14.018691588785046,"mu":0,"quality":"OK","raw":2850.5622588245064,"sigma":1.5,"state":"IDLE","t":"2026-07-09T06:13:13.5193301Z","type":"sample"}
{"channel":"rr","display":14.018691588785046,"mu":0,"quality":"OK","raw":2786.7130084564883,"sigma":1.5,"state":"IDLE","t":"2026-07-09T06:13:13.5589713Z","type":"sample"}
{"address":"/cue/r19/start","args":null,"channel":"system","dir":"out","t":"2026-07-09T06:13:13.5874778Z","type":"osc"}
{"channel":"rr","display":14.018691588785046,"mu":0,"quality":"OK","raw":2749.902483555907,"sigma":1.5,"state":"IDLE","t":"2026-07-09T06:13:13.5989302Z","type":"sample"}
{"channel":"rr","display":14.018691588785046,"mu":0,"quality":"OK","raw":2674.072952636071,"sigma":1.5,"state":"IDLE","t":"2026-07-09T06:13:13.6392738Z","type":"sample"}
{"channel":"rr","display":14.018691588785046,"mu":0,"quality":"OK","raw":2637.5908689074686,"sigma":1.5,"state":"IDLE","t":"2026-07-09T06:13:13.6791243Z","type":"sample"}
{"channel":"rr","display":14.018691588785046,"mu":0,"quality":"OK","raw":2564.0928928120625,"sigma":1.5,"state":"IDLE","t":"2026-07-09T06:13:13.7191669Z","type":"sample"}
{"address":"/cue/p/start","args":null,"channel":"system","dir":"out","t":"2026-07-09T06:13:13.7415154Z","type":"osc"}
{"channel":"rr","display":14.018691588785046,"mu":0,"quality":"OK","raw":2474.056211312282,"sigma":1.5,"state":"IDLE","t":"2026-07-09T06:13:13.7588713Z","type":"sample"}
{"channel":"rr","display":14.018691588785046,"mu":0,"quality":"OK","raw":2434.5524440754907,"sigma":1.5,"state":"IDLE","t":"2026-07-09T06:13:13.7989969Z","type":"sample"}
{"channel":"rr","display":14.018691588785046,"mu":0,"quality":"OK","raw":2368.348698459732,"sigma":1.5,"state":"IDLE","t":"2026-07-09T06:13:13.8388725Z","type":"sample"}
{"channel":"rr","display":14.018691588785046,"mu":0,"quality":"OK","raw":2270.2133579472174,"sigma":1.5,"state":"IDLE","t":"2026-07-09T06:13:13.8789727Z","type":"sample"}
{"channel":"rr","display":14.018691588785046,"mu":0,"quality":"OK","raw":2210.6164680815345,"sigma":1.5,"state":"IDLE","t":"2026-07-09T06:13:13.9190165Z","type":"sample"}
{"channel":"rr","display":14.018691588785046,"mu":0,"quality":"OK","raw":2156.144510362641,"sigma":1.5,"state":"IDLE","t":"2026-07-09T06:13:13.9591405Z","type":"sample"}
{"channel":"rr","display":14.018691588785046,"mu":0,"quality":"OK","raw":2096.719914244071,"sigma":1.5,"state":"IDLE","t":"2026-07-09T06:13:13.9988048Z","type":"sample"}
{"channel":"rr","display":14.018691588785046,"mu":0,"quality":"OK","raw":2008.9017940558763,"sigma":1.5,"state":"IDLE","t":"2026-07-09T06:13:14.0392818Z","type":"sample"}
{"channel":"rr","display":14.018691588785046,"mu":0,"quality":"OK","raw":1934.7740782081037,"sigma":1.5,"state":"IDLE","t":"2026-07-09T06:13:14.0787565Z","type":"sample"}
{"channel":"rr","display":14.018691588785046,"mu":0,"quality":"OK","raw":1867.8440289018554,"sigma":1.5,"state":"IDLE","t":"2026-07-09T06:13:14.1193758Z","type":"sample"}
{"channel":"rr","display":14.018691588785046,"mu":0,"quality":"OK","raw":1799.6723175660318,"sigma":1.5,"state":"IDLE","t":"2026-07-09T06:13:14.1588697Z","type":"sample"}
{"channel":"rr","display":14.018691588785046,"mu":0,"quality":"OK","raw":1724.768295113433,"sigma":1.5,"state":"IDLE","t":"2026-07-09T06:13:14.1992194Z","type":"sample"}
{"channel":"rr","display":14.018691588785046,"mu":0,"quality":"OK","raw":1650.3153403001365,"sigma":1.5,"state":"IDLE","t":"2026-07-09T06:13:14.2391811Z","type":"sample"}
{"channel":"rr","display":14.018691588785046,"mu":0,"quality":"OK","raw":1616.1958391857083,"sigma":1.5,"state":"IDLE","t":"2026-07-09T06:13:14.2790086Z","type":"sample"}
{"channel":"rr","display":14.018691588785046,"mu":0,"quality":"OK","raw":1554.5723672341026,"sigma":1.5,"state":"IDLE","t":"2026-07-09T06:13:14.3194308Z","type":"sample"}
{"channel":"rr","display":14.018691588785046,"mu":0,"quality":"OK","raw":1488.607896802162,"sigma":1.5,"state":"IDLE","t":"2026-07-09T06:13:14.3590435Z","type":"sample"}
{"channel":"rr","display":14.018691588785046,"mu":0,"quality":"OK","raw":1417.7907865029501,"sigma":1.5,"state":"IDLE","t":"2026-07-09T06:13:14.3990251Z","type":"sample"}
{"channel":"rr","display":14.018691588785046,"mu":0,"quality":"OK","raw":1383.1614715281175,"sigma":1.5,"state":"IDLE","t":"2026-07-09T06:13:14.4388723Z","type":"sample"}
{"channel":"rr","display":14.018691588785046,"mu":0,"quality":"OK","raw":1252.0145402026053,"sigma":1.5,"state":"IDLE","t":"2026-07-09T06:13:14.4789137Z","type":"sample"}
{"channel":"rr","display":14.018691588785046,"mu":0,"quality":"OK","raw":1246.4097219063867,"sigma":1.5,"state":"IDLE","t":"2026-07-09T06:13:14.5188785Z","type":"sample"}
{"channel":"rr","display":14.018691588785046,"mu":0,"quality":"OK","raw":1216.135613665181,"sigma":1.5,"state":"IDLE","t":"2026-07-09T06:13:14.5588478Z","type":"sample"}
{"address":"/cue/r19/start","args":null,"channel":"system","dir":"out","t":"2026-07-09T06:13:14.5913364Z","type":"osc"}
{"channel":"rr","display":14.018691588785046,"mu":0,"quality":"OK","raw":1176.083371941529,"sigma":1.5,"state":"IDLE","t":"2026-07-09T06:13:14.5988664Z","type":"sample"}
{"channel":"rr","display":14.018691588785046,"mu":0,"quality":"OK","raw":1084.1282566618831,"sigma":1.5,"state":"IDLE","t":"2026-07-09T06:13:14.6391399Z","type":"sample"}
{"channel":"rr","display":14.018691588785046,"mu":0,"quality":"OK","raw":1061.174231554289,"sigma":1.5,"state":"IDLE","t":"2026-07-09T06:13:14.6789755Z","type":"sample"}
{"channel":"rr","display":14.018691588785046,"mu":0,"quality":"OK","raw":1040.5693547143462,"sigma":1.5,"state":"IDLE","t":"2026-07-09T06:13:14.719322Z","type":"sample"}
{"address":"/cue/p/start","args":null,"channel":"system","dir":"out","t":"2026-07-09T06:13:14.7399834Z","type":"osc"}
{"channel":"rr","display":14.018691588785046,"mu":0,"quality":"OK","raw":985.897152926976,"sigma":1.5,"state":"IDLE","t":"2026-07-09T06:13:14.7587955Z","type":"sample"}
{"channel":"rr","display":14.018691588785046,"mu":0,"quality":"OK","raw":945.0307996820632,"sigma":1.5,"state":"IDLE","t":"2026-07-09T06:13:14.7988609Z","type":"sample"}
{"channel":"rr","display":14.018691588785046,"mu":0,"quality":"OK","raw":914.3888764487073,"sigma":1.5,"state":"IDLE","t":"2026-07-09T06:13:14.8391556Z","type":"sample"}
{"channel":"rr","display":14.018691588785046,"mu":0,"quality":"OK","raw":919.1643762840704,"sigma":1.5,"state":"IDLE","t":"2026-07-09T06:13:14.8787933Z","type":"sample"}
{"channel":"rr","display":14.018691588785046,"mu":0,"quality":"OK","raw":879.0533445946097,"sigma":1.5,"state":"IDLE","t":"2026-07-09T06:13:14.9189592Z","type":"sample"}
{"channel":"rr","display":14.018691588785046,"mu":0,"quality":"OK","raw":885.7742443933898,"sigma":1.5,"state":"IDLE","t":"2026-07-09T06:13:14.9595176Z","type":"sample"}
{"channel":"rr","display":14.018691588785046,"mu":0,"quality":"OK","raw":868.8106418004803,"sigma":1.5,"state":"IDLE","t":"2026-07-09T06:13:14.9989413Z","type":"sample"}
{"channel":"rr","display":14.018691588785046,"mu":0,"quality":"OK","raw":854.6968022152689,"sigma":1.5,"state":"IDLE","t":"2026-07-09T06:13:15.039303Z","type":"sample"}
{"channel":"rr","display":14.018691588785046,"mu":0,"quality":"OK","raw":854.8117349145365,"sigma":1.5,"state":"IDLE","t":"2026-07-09T06:13:15.0788165Z","type":"sample"}
{"channel":"rr","display":14.018691588785046,"mu":0,"quality":"OK","raw":866.0715623822217,"sigma":1.5,"state":"IDLE","t":"2026-07-09T06:13:15.1187817Z","type":"sample"}
{"channel":"rr","display":14.018691588785046,"mu":0,"quality":"OK","raw":850.7687127819518,"sigma":1.5,"state":"IDLE","t":"2026-07-09T06:13:15.1592457Z","type":"sample"}
{"channel":"rr","display":14.018691588785046,"mu":0,"quality":"OK","raw":869.9838301549674,"sigma":1.5,"state":"IDLE","t":"2026-07-09T06:13:15.1993742Z","type":"sample"}
{"channel":"rr","display":14.018691588785046,"mu":0,"quality":"OK","raw":877.2769395244701,"sigma":1.5,"state":"IDLE","t":"2026-07-09T06:13:15.2392747Z","type":"sample"}
{"channel":"rr","display":14.018691588785046,"mu":0,"quality":"OK","raw":907.9942465820122,"sigma":1.5,"state":"IDLE","t":"2026-07-09T06:13:15.2791474Z","type":"sample"}
{"channel":"rr","display":14.018691588785046,"mu":0,"quality":"OK","raw":942.4635530388703,"sigma":1.5,"state":"IDLE","t":"2026-07-09T06:13:15.3190448Z","type":"sample"}
{"channel":"rr","display":14.018691588785046,"mu":0,"quality":"OK","raw":940.5816801616054,"sigma":1.5,"state":"IDLE","t":"2026-07-09T06:13:15.3592444Z","type":"sample"}
{"channel":"rr","display":14.018691588785046,"mu":0,"quality":"OK","raw":977.4303517211803,"sigma":1.5,"state":"IDLE","t":"2026-07-09T06:13:15.3990622Z","type":"sample"}
{"channel":"rr","display":14.018691588785046,"mu":0,"quality":"OK","raw":1015.7916052211233,"sigma":1.5,"state":"IDLE","t":"2026-07-09T06:13:15.4388548Z","type":"sample"}
{"channel":"rr","display":14.018691588785046,"mu":0,"quality":"OK","raw":1022.5687938360473,"sigma":1.5,"state":"IDLE","t":"2026-07-09T06:13:15.4791953Z","type":"sample"}
{"channel":"rr","display":14.018691588785046,"mu":0,"quality":"OK","raw":1088.2964423783428,"sigma":1.5,"state":"IDLE","t":"2026-07-09T06:13:15.5192478Z","type":"sample"}
{"channel":"rr","display":14.018691588785046,"mu":0,"quality":"OK","raw":1130.496846752241,"sigma":1.5,"state":"IDLE","t":"2026-07-09T06:13:15.5589168Z","type":"sample"}
{"address":"/cue/r19/start","args":null,"channel":"system","dir":"out","t":"2026-07-09T06:13:15.5949288Z","type":"osc"}
{"channel":"rr","display":14.018691588785046,"mu":0,"quality":"OK","raw":1159.9108734047768,"sigma":1.5,"state":"IDLE","t":"2026-07-09T06:13:15.5992163Z","type":"sample"}
{"channel":"rr","display":14.018691588785046,"mu":0,"quality":"OK","raw":1194.3472307527402,"sigma":1.5,"state":"IDLE","t":"2026-07-09T06:13:15.6389294Z","type":"sample"}
{"channel":"rr","display":14.018691588785046,"mu":0,"quality":"OK","raw":1263.0021322156601,"sigma":1.5,"state":"IDLE","t":"2026-07-09T06:13:15.6790728Z","type":"sample"}
{"channel":"rr","display":14.018691588785046,"mu":0,"quality":"OK","raw":1325.9874829094713,"sigma":1.5,"state":"IDLE","t":"2026-07-09T06:13:15.7190758Z","type":"sample"}
{"address":"/cue/p/start","args":null,"channel":"system","dir":"out","t":"2026-07-09T06:13:15.7398555Z","type":"osc"}
{"channel":"rr","display":14.018691588785046,"mu":0,"quality":"OK","raw":1387.4761854261674,"sigma":1.5,"state":"IDLE","t":"2026-07-09T06:13:15.7591734Z","type":"sample"}
{"channel":"rr","display":14.018691588785046,"mu":0,"quality":"OK","raw":1441.2685866826155,"sigma":1.5,"state":"IDLE","t":"2026-07-09T06:13:15.7989347Z","type":"sample"}
{"channel":"rr","display":14.018691588785046,"mu":0,"quality":"OK","raw":1514.3612240091275,"sigma":1.5,"state":"IDLE","t":"2026-07-09T06:13:15.8387823Z","type":"sample"}
{"channel":"rr","display":14.018691588785046,"mu":0,"quality":"OK","raw":1569.4865386834147,"sigma":1.5,"state":"IDLE","t":"2026-07-09T06:13:15.8790064Z","type":"sample"}
{"channel":"rr","display":14.018691588785046,"mu":0,"quality":"OK","raw":1620.9656573268467,"sigma":1.5,"state":"IDLE","t":"2026-07-09T06:13:15.919227Z","type":"sample"}
{"channel":"rr","display":14.018691588785046,"mu":0,"quality":"OK","raw":1722.8254390179252,"sigma":1.5,"state":"IDLE","t":"2026-07-09T06:13:15.9590923Z","type":"sample"}
{"channel":"rr","display":14.018691588785046,"mu":0,"quality":"OK","raw":1768.4675695866706,"sigma":1.5,"state":"IDLE","t":"2026-07-09T06:13:15.9990072Z","type":"sample"}
{"channel":"rr","display":14.018691588785046,"mu":0,"quality":"OK","raw":1839.3866135679616,"sigma":1.5,"state":"IDLE","t":"2026-07-09T06:13:16.0390825Z","type":"sample"}
{"channel":"rr","display":14.018691588785046,"mu":0,"quality":"OK","raw":1923.4276318954162,"sigma":1.5,"state":"IDLE","t":"2026-07-09T06:13:16.0790172Z","type":"sample"}
{"channel":"rr","display":14.018691588785046,"mu":0,"quality":"OK","raw":2015.6675026477535,"sigma":1.5,"state":"IDLE","t":"2026-07-09T06:13:16.1188421Z","type":"sample"}
{"channel":"rr","display":14.018691588785046,"mu":0,"quality":"OK","raw":2021.2098832333352,"sigma":1.5,"state":"IDLE","t":"2026-07-09T06:13:16.1588305Z","type":"sample"}
{"channel":"rr","display":14.018691588785046,"mu":0,"quality":"OK","raw":2129.4485653043225,"sigma":1.5,"state":"IDLE","t":"2026-07-09T06:13:16.1992871Z","type":"sample"}
{"channel":"rr","display":14.018691588785046,"mu":0,"quality":"OK","raw":2181.476556035339,"sigma":1.5,"state":"IDLE","t":"2026-07-09T06:13:16.238786Z","type":"sample"}
{"channel":"rr","display":14.018691588785046,"mu":0,"quality":"OK","raw":2257.8457850814925,"sigma":1.5,"state":"IDLE","t":"2026-07-09T06:13:16.2792254Z","type":"sample"}
{"channel":"rr","display":14.018691588785046,"mu":0,"quality":"OK","raw":2354.7421207275083,"sigma":1.5,"state":"IDLE","t":"2026-07-09T06:13:16.3189721Z","type":"sample"}
{"channel":"rr","display":14.018691588785046,"mu":0,"quality":"OK","raw":2417.4360195481386,"sigma":1.5,"state":"IDLE","t":"2026-07-09T06:13:16.3588575Z","type":"sample"}
{"channel":"rr","display":14.018691588785046,"mu":0,"quality":"OK","raw":2474.948544112077,"sigma":1.5,"state":"IDLE","t":"2026-07-09T06:13:16.3994096Z","type":"sample"}
{"channel":"rr","display":14.018691588785046,"mu":0,"quality":"OK","raw":2543.699499108612,"sigma":1.5,"state":"IDLE","t":"2026-07-09T06:13:16.4389177Z","type":"sample"}
{"channel":"rr","display":14.018691588785046,"mu":0,"quality":"OK","raw":2548.1377049347943,"sigma":1.5,"state":"IDLE","t":"2026-07-09T06:13:16.4789497Z","type":"sample"}
{"channel":"rr","display":14.018691588785046,"mu":0,"quality":"OK","raw":2654.269535253723,"sigma":1.5,"state":"IDLE","t":"2026-07-09T06:13:16.5191695Z","type":"sample"}
{"channel":"rr","display":14.018691588785046,"mu":0,"quality":"OK","raw":2714.550568285198,"sigma":1.5,"state":"IDLE","t":"2026-07-09T06:13:16.5591668Z","type":"sample"}
{"channel":"rr","display":14.018691588785046,"mu":0,"quality":"OK","raw":2770.2827808369475,"sigma":1.5,"state":"IDLE","t":"2026-07-09T06:13:16.5988295Z","type":"sample"}
{"address":"/cue/r19/start","args":null,"channel":"system","dir":"out","t":"2026-07-09T06:13:16.6000115Z","type":"osc"}
{"channel":"rr","display":14.018691588785046,"mu":0,"quality":"OK","raw":2855.777725309779,"sigma":1.5,"state":"IDLE","t":"2026-07-09T06:13:16.6394402Z","type":"sample"}
{"channel":"rr","display":14.018691588785046,"mu":0,"quality":"OK","raw":2861.0221169239444,"sigma":1.5,"state":"IDLE","t":"2026-07-09T06:13:16.6790081Z","type":"sample"}
{"channel":"rr","display":14.018691588785046,"mu":0,"quality":"OK","raw":2925.5088052127458,"sigma":1.5,"state":"IDLE","t":"2026-07-09T06:13:16.7189291Z","type":"sample"}
{"address":"/cue/p/start","args":null,"channel":"system","dir":"out","t":"2026-07-09T06:13:16.7393341Z","type":"osc"}
{"channel":"rr","display":14.018691588785046,"mu":0,"quality":"OK","raw":2959.3699565622555,"sigma":1.5,"state":"IDLE","t":"2026-07-09T06:13:16.758962Z","type":"sample"}
{"channel":"rr","display":14.018691588785046,"mu":0,"quality":"OK","raw":3017.968545784718,"sigma":1.5,"state":"IDLE","t":"2026-07-09T06:13:16.7988314Z","type":"sample"}
{"channel":"rr","display":14.018691588785046,"mu":0,"quality":"OK","raw":3052.387986329481,"sigma":1.5,"state":"IDLE","t":"2026-07-09T06:13:16.8389135Z","type":"sample"}
{"channel":"rr","display":14.018691588785046,"mu":0,"quality":"OK","raw":3077.4817040122643,"sigma":1.5,"state":"IDLE","t":"2026-07-09T06:13:16.878894Z","type":"sample"}
{"channel":"rr","display":14.018691588785046,"mu":0,"quality":"OK","raw":3133.212288630541,"sigma":1.5,"state":"IDLE","t":"2026-07-09T06:13:16.9191987Z","type":"sample"}
{"channel":"rr","display":14.018691588785046,"mu":0,"quality":"OK","raw":3168.470538851383,"sigma":1.5,"state":"IDLE","t":"2026-07-09T06:13:16.9591905Z","type":"sample"}
{"channel":"rr","display":14.018691588785046,"mu":0,"quality":"OK","raw":3196.123890119139,"sigma":1.5,"state":"IDLE","t":"2026-07-09T06:13:16.9990763Z","type":"sample"}
{"channel":"rr","display":14.018691588785046,"mu":0,"quality":"OK","raw":3211.5075697053608,"sigma":1.5,"state":"IDLE","t":"2026-07-09T06:13:17.0392274Z","type":"sample"}
{"channel":"rr","display":14.018691588785046,"mu":0,"quality":"OK","raw":3238.8541660651877,"sigma":1.5,"state":"IDLE","t":"2026-07-09T06:13:17.0791122Z","type":"sample"}
{"channel":"rr","display":14.018691588785046,"mu":0,"quality":"OK","raw":3232.9263746552024,"sigma":1.5,"state":"IDLE","t":"2026-07-09T06:13:17.119069Z","type":"sample"}
{"channel":"rr","display":14.018691588785046,"mu":0,"quality":"OK","raw":3218.322228938254,"sigma":1.5,"state":"IDLE","t":"2026-07-09T06:13:17.1592325Z","type":"sample"}
{"channel":"rr","display":14.018691588785046,"mu":0,"quality":"OK","raw":3230.24037203738,"sigma":1.5,"state":"IDLE","t":"2026-07-09T06:13:17.1988824Z","type":"sample"}
{"channel":"rr","display":14.018691588785046,"mu":0,"quality":"OK","raw":3245.060040195529,"sigma":1.5,"state":"IDLE","t":"2026-07-09T06:13:17.2390894Z","type":"sample"}
{"channel":"rr","display":14.018691588785046,"mu":0,"quality":"OK","raw":3227.98946047143,"sigma":1.5,"state":"IDLE","t":"2026-07-09T06:13:17.2788351Z","type":"sample"}
{"channel":"rr","display":14.018691588785046,"mu":0,"quality":"OK","raw":3216.01890461712,"sigma":1.5,"state":"IDLE","t":"2026-07-09T06:13:17.3189084Z","type":"sample"}
{"channel":"rr","display":14.018691588785046,"mu":0,"quality":"OK","raw":3238.2934876938257,"sigma":1.5,"state":"IDLE","t":"2026-07-09T06:13:17.3591596Z","type":"sample"}
{"channel":"rr","display":14.018691588785046,"mu":0,"quality":"OK","raw":3200.819422420235,"sigma":1.5,"state":"IDLE","t":"2026-07-09T06:13:17.3990978Z","type":"sample"}
{"channel":"rr","display":14.018691588785046,"mu":0,"quality":"OK","raw":3202.6605800133357,"sigma":1.5,"state":"IDLE","t":"2026-07-09T06:13:17.4388025Z","type":"sample"}
{"channel":"rr","display":14.018691588785046,"mu":0,"quality":"OK","raw":3172.8859404789373,"sigma":1.5,"state":"IDLE","t":"2026-07-09T06:13:17.479026Z","type":"sample"}
{"channel":"rr","display":14.018691588785046,"mu":0,"quality":"OK","raw":3114.8932230253026,"sigma":1.5,"state":"IDLE","t":"2026-07-09T06:13:17.5190605Z","type":"sample"}
{"channel":"rr","display":14.018691588785046,"mu":0,"quality":"OK","raw":3080.9107339507163,"sigma":1.5,"state":"IDLE","t":"2026-07-09T06:13:17.5591183Z","type":"sample"}
{"channel":"rr","display":14.018691588785046,"mu":0,"quality":"OK","raw":3096.437327604389,"sigma":1.5,"state":"IDLE","t":"2026-07-09T06:13:17.5991079Z","type":"sample"}
{"address":"/cue/r19/start","args":null,"channel":"system","dir":"out","t":"2026-07-09T06:13:17.6090969Z","type":"osc"}
{"channel":"rr","display":14.018691588785046,"mu":0,"quality":"OK","raw":3029.0781650467084,"sigma":1.5,"state":"IDLE","t":"2026-07-09T06:13:17.6389094Z","type":"sample"}
{"channel":"rr","display":14.018691588785046,"mu":0,"quality":"OK","raw":2965.488677101521,"sigma":1.5,"state":"IDLE","t":"2026-07-09T06:13:17.6790031Z","type":"sample"}
{"channel":"rr","display":14.018691588785046,"mu":0,"quality":"OK","raw":2923.8145742900924,"sigma":1.5,"state":"IDLE","t":"2026-07-09T06:13:17.7190776Z","type":"sample"}
{"address":"/cue/p/start","args":null,"channel":"system","dir":"out","t":"2026-07-09T06:13:17.7393522Z","type":"osc"}
{"channel":"rr","display":14.018691588785046,"mu":0,"quality":"OK","raw":2900.443505316667,"sigma":1.5,"state":"IDLE","t":"2026-07-09T06:13:17.7591727Z","type":"sample"}
{"channel":"rr","display":14.018691588785046,"mu":0,"quality":"OK","raw":2849.2641728546814,"sigma":1.5,"state":"IDLE","t":"2026-07-09T06:13:17.7992433Z","type":"sample"}
{"channel":"rr","display":14.018691588785046,"mu":0,"quality":"OK","raw":2781.614332124934,"sigma":1.5,"state":"IDLE","t":"2026-07-09T06:13:17.8391229Z","type":"sample"}
{"channel":"rr","display":14.018691588785046,"mu":0,"quality":"OK","raw":2762.6205859244014,"sigma":1.5,"state":"IDLE","t":"2026-07-09T06:13:17.8792225Z","type":"sample"}
{"channel":"rr","display":14.018691588785046,"mu":0,"quality":"OK","raw":2706.1110955716895,"sigma":1.5,"state":"IDLE","t":"2026-07-09T06:13:17.9196017Z","type":"sample"}
{"channel":"rr","display":14.018691588785046,"mu":0,"quality":"OK","raw":2603.4938562381813,"sigma":1.5,"state":"IDLE","t":"2026-07-09T06:13:17.9592241Z","type":"sample"}
{"channel":"rr","display":14.018691588785046,"mu":0,"quality":"OK","raw":2519.3774187802733,"sigma":1.5,"state":"IDLE","t":"2026-07-09T06:13:17.9991478Z","type":"sample"}
{"channel":"rr","display":14.018691588785046,"mu":0,"quality":"OK","raw":2513.5275762717156,"sigma":1.5,"state":"IDLE","t":"2026-07-09T06:13:18.0392216Z","type":"sample"}
{"channel":"rr","display":14.018691588785046,"mu":0,"quality":"OK","raw":2406.289273644248,"sigma":1.5,"state":"IDLE","t":"2026-07-09T06:13:18.0788863Z","type":"sample"}
{"channel":"rr","display":14.018691588785046,"mu":0,"quality":"OK","raw":2351.7899239297967,"sigma":1.5,"state":"IDLE","t":"2026-07-09T06:13:18.1193962Z","type":"sample"}
{"channel":"rr","display":14.018691588785046,"mu":0,"quality":"OK","raw":2283.0991248019045,"sigma":1.5,"state":"IDLE","t":"2026-07-09T06:13:18.1591573Z","type":"sample"}
{"channel":"rr","display":14.018691588785046,"mu":0,"quality":"OK","raw":2222.265054958928,"sigma":1.5,"state":"IDLE","t":"2026-07-09T06:13:18.1988049Z","type":"sample"}
{"channel":"rr","display":14.018691588785046,"mu":0,"quality":"OK","raw":2175.8624374717915,"sigma":1.5,"state":"IDLE","t":"2026-07-09T06:13:18.2389284Z","type":"sample"}
{"channel":"rr","display":14.018691588785046,"mu":0,"quality":"OK","raw":2059.469103436529,"sigma":1.5,"state":"IDLE","t":"2026-07-09T06:13:18.2791241Z","type":"sample"}
{"channel":"rr","display":14.018691588785046,"mu":0,"quality":"OK","raw":2037.8066835599193,"sigma":1.5,"state":"IDLE","t":"2026-07-09T06:13:18.3189904Z","type":"sample"}
{"channel":"rr","display":14.018691588785046,"mu":0,"quality":"OK","raw":1946.8284914732967,"sigma":1.5,"state":"IDLE","t":"2026-07-09T06:13:18.3588634Z","type":"sample"}
{"channel":"rr","display":14.018691588785046,"mu":0,"quality":"OK","raw":1863.9673223595098,"sigma":1.5,"state":"IDLE","t":"2026-07-09T06:13:18.3990275Z","type":"sample"}
{"channel":"rr","display":14.018691588785046,"mu":0,"quality":"OK","raw":1820.4260102267294,"sigma":1.5,"state":"IDLE","t":"2026-07-09T06:13:18.439174Z","type":"sample"}
{"channel":"rr","display":14.018691588785046,"mu":0,"quality":"OK","raw":1744.5860074268548,"sigma":1.5,"state":"IDLE","t":"2026-07-09T06:13:18.4788544Z","type":"sample"}
{"channel":"rr","display":14.018691588785046,"mu":0,"quality":"OK","raw":1692.86230906916,"sigma":1.5,"state":"IDLE","t":"2026-07-09T06:13:18.5194811Z","type":"sample"}
{"channel":"rr","display":14.018691588785046,"mu":0,"quality":"OK","raw":1597.1984864089634,"sigma":1.5,"state":"IDLE","t":"2026-07-09T06:13:18.5592498Z","type":"sample"}
{"channel":"rr","display":14.018691588785046,"mu":0,"quality":"OK","raw":1537.5341717138529,"sigma":1.5,"state":"IDLE","t":"2026-07-09T06:13:18.5988685Z","type":"sample"}
{"address":"/cue/r19/start","args":null,"channel":"system","dir":"out","t":"2026-07-09T06:13:18.6191034Z","type":"osc"}
{"channel":"rr","display":14.018691588785046,"mu":0,"quality":"OK","raw":1481.9967980118424,"sigma":1.5,"state":"IDLE","t":"2026-07-09T06:13:18.6391845Z","type":"sample"}
{"channel":"rr","display":14.018691588785046,"mu":0,"quality":"OK","raw":1394.8683837732683,"sigma":1.5,"state":"IDLE","t":"2026-07-09T06:13:18.6788419Z","type":"sample"}
{"channel":"rr","display":14.018691588785046,"mu":0,"quality":"OK","raw":1357.2660824275451,"sigma":1.5,"state":"IDLE","t":"2026-07-09T06:13:18.7188701Z","type":"sample"}
{"address":"/cue/p/start","args":null,"channel":"system","dir":"out","t":"2026-07-09T06:13:18.7401715Z","type":"osc"}
{"channel":"rr","display":14.018691588785046,"mu":0,"quality":"OK","raw":1318.3978124570908,"sigma":1.5,"state":"IDLE","t":"2026-07-09T06:13:18.7588617Z","type":"sample"}
{"channel":"rr","display":14.018691588785046,"mu":0,"quality":"OK","raw":1256.4809915404971,"sigma":1.5,"state":"IDLE","t":"2026-07-09T06:13:18.7993038Z","type":"sample"}
{"channel":"rr","display":14.018691588785046,"mu":0,"quality":"OK","raw":1209.915271169073,"sigma":1.5,"state":"IDLE","t":"2026-07-09T06:13:18.8392524Z","type":"sample"}
{"channel":"rr","display":14.018691588785046,"mu":0,"quality":"OK","raw":1150.402937878927,"sigma":1.5,"state":"IDLE","t":"2026-07-09T06:13:18.8791509Z","type":"sample"}
{"channel":"rr","display":14.018691588785046,"mu":0,"quality":"OK","raw":1116.303385924312,"sigma":1.5,"state":"IDLE","t":"2026-07-09T06:13:18.9188109Z","type":"sample"}
{"channel":"rr","display":14.018691588785046,"mu":0,"quality":"OK","raw":1083.493405612169,"sigma":1.5,"state":"IDLE","t":"2026-07-09T06:13:18.9593342Z","type":"sample"}
{"channel":"rr","display":14.018691588785046,"mu":0,"quality":"OK","raw":1031.4889655594761,"sigma":1.5,"state":"IDLE","t":"2026-07-09T06:13:18.998767Z","type":"sample"}
{"channel":"rr","display":14.018691588785046,"mu":0,"quality":"OK","raw":1000.8259990756287,"sigma":1.5,"state":"IDLE","t":"2026-07-09T06:13:19.0387802Z","type":"sample"}
{"channel":"rr","display":14.018691588785046,"mu":0,"quality":"OK","raw":955.7746717555283,"sigma":1.5,"state":"IDLE","t":"2026-07-09T06:13:19.0791923Z","type":"sample"}
{"channel":"rr","display":14.018691588785046,"mu":0,"quality":"OK","raw":928.3015225846639,"sigma":1.5,"state":"IDLE","t":"2026-07-09T06:13:19.1189427Z","type":"sample"}
{"channel":"rr","display":14.018691588785046,"mu":0,"quality":"OK","raw":913.6128493507535,"sigma":1.5,"state":"IDLE","t":"2026-07-09T06:13:19.1591607Z","type":"sample"}
{"channel":"rr","display":14.018691588785046,"mu":0,"quality":"OK","raw":861.4978913604498,"sigma":1.5,"state":"IDLE","t":"2026-07-09T06:13:19.1987709Z","type":"sample"}
{"channel":"rr","display":14.018691588785046,"mu":0,"quality":"OK","raw":851.850451665737,"sigma":1.5,"state":"IDLE","t":"2026-07-09T06:13:19.2391812Z","type":"sample"}
{"channel":"rr","display":14.018691588785046,"mu":0,"quality":"OK","raw":849.6006972170046,"sigma":1.5,"state":"IDLE","t":"2026-07-09T06:13:19.2789649Z","type":"sample"}
{"channel":"rr","display":14.018691588785046,"mu":0,"quality":"OK","raw":855.0863493430265,"sigma":1.5,"state":"IDLE","t":"2026-07-09T06:13:19.3189755Z","type":"sample"}
{"channel":"rr","display":14.018691588785046,"mu":0,"quality":"OK","raw":854.3635454950116,"sigma":1.5,"state":"IDLE","t":"2026-07-09T06:13:19.3590981Z","type":"sample"}
{"channel":"rr","display":14.018691588785046,"mu":0,"quality":"OK","raw":824.478477795939,"sigma":1.5,"state":"IDLE","t":"2026-07-09T06:13:19.3988927Z","type":"sample"}
{"channel":"rr","display":14.018691588785046,"mu":0,"quality":"OK","raw":844.5197147705536,"sigma":1.5,"state":"IDLE","t":"2026-07-09T06:13:19.4388386Z","type":"sample"}
{"channel":"rr","display":14.018691588785046,"mu":0,"quality":"OK","raw":852.2330450265875,"sigma":1.5,"state":"IDLE","t":"2026-07-09T06:13:19.4790805Z","type":"sample"}
{"channel":"rr","display":14.018691588785046,"mu":0,"quality":"OK","raw":881.7604920106049,"sigma":1.5,"state":"IDLE","t":"2026-07-09T06:13:19.5190952Z","type":"sample"}
{"channel":"rr","display":14.018691588785046,"mu":0,"quality":"OK","raw":876.945654531913,"sigma":1.5,"state":"IDLE","t":"2026-07-09T06:13:19.5590905Z","type":"sample"}
{"channel":"rr","display":14.018691588785046,"mu":0,"quality":"OK","raw":912.914663479871,"sigma":1.5,"state":"IDLE","t":"2026-07-09T06:13:19.5989184Z","type":"sample"}
{"address":"/cue/r19/start","args":null,"channel":"system","dir":"out","t":"2026-07-09T06:13:19.6325558Z","type":"osc"}
{"channel":"rr","display":14.018691588785046,"mu":0,"quality":"OK","raw":939.963603196034,"sigma":1.5,"state":"IDLE","t":"2026-07-09T06:13:19.6391807Z","type":"sample"}
{"channel":"rr","display":14.018691588785046,"mu":0,"quality":"OK","raw":976.2823045600217,"sigma":1.5,"state":"IDLE","t":"2026-07-09T06:13:19.6790744Z","type":"sample"}
{"channel":"rr","display":14.018691588785046,"mu":0,"quality":"OK","raw":1002.6739745466729,"sigma":1.5,"state":"IDLE","t":"2026-07-09T06:13:19.7192975Z","type":"sample"}
{"address":"/cue/p/start","args":null,"channel":"system","dir":"out","t":"2026-07-09T06:13:19.7393128Z","type":"osc"}
{"channel":"rr","display":14.018691588785046,"mu":0,"quality":"OK","raw":1046.2378948891942,"sigma":1.5,"state":"IDLE","t":"2026-07-09T06:13:19.7592708Z","type":"sample"}
{"channel":"rr","display":14.018691588785046,"mu":0,"quality":"OK","raw":1090.6406248478631,"sigma":1.5,"state":"IDLE","t":"2026-07-09T06:13:19.7988907Z","type":"sample"}
{"channel":"rr","display":14.018691588785046,"mu":0,"quality":"OK","raw":1113.9057970491801,"sigma":1.5,"state":"IDLE","t":"2026-07-09T06:13:19.8389496Z","type":"sample"}
{"channel":"rr","display":14.018691588785046,"mu":0,"quality":"OK","raw":1173.269399789862,"sigma":1.5,"state":"IDLE","t":"2026-07-09T06:13:19.8790593Z","type":"sample"}
{"channel":"rr","display":14.018691588785046,"mu":0,"quality":"OK","raw":1215.650013185019,"sigma":1.5,"state":"IDLE","t":"2026-07-09T06:13:19.9191212Z","type":"sample"}
{"channel":"rr","display":14.018691588785046,"mu":0,"quality":"OK","raw":1255.7642048509076,"sigma":1.5,"state":"IDLE","t":"2026-07-09T06:13:19.9587936Z","type":"sample"}
{"channel":"rr","display":14.018691588785046,"mu":0,"quality":"OK","raw":1332.5186190226423,"sigma":1.5,"state":"IDLE","t":"2026-07-09T06:13:19.9989757Z","type":"sample"}
{"channel":"rr","display":14.018691588785046,"mu":0,"quality":"OK","raw":1394.4490817534659,"sigma":1.5,"state":"IDLE","t":"2026-07-09T06:13:20.0390015Z","type":"sample"}
{"channel":"rr","display":14.018691588785046,"mu":0,"quality":"OK","raw":1427.451436762431,"sigma":1.5,"state":"IDLE","t":"2026-07-09T06:13:20.0791332Z","type":"sample"}
{"channel":"rr","display":14.018691588785046,"mu":0,"quality":"OK","raw":1481.202416150805,"sigma":1.5,"state":"IDLE","t":"2026-07-09T06:13:20.1191155Z","type":"sample"}
{"channel":"rr","display":14.018691588785046,"mu":0,"quality":"OK","raw":1565.7648535594153,"sigma":1.5,"state":"IDLE","t":"2026-07-09T06:13:20.1590742Z","type":"sample"}
{"channel":"rr","display":14.018691588785046,"mu":0,"quality":"OK","raw":1620.3496206448056,"sigma":1.5,"state":"IDLE","t":"2026-07-09T06:13:20.1990576Z","type":"sample"}
{"channel":"rr","display":14.018691588785046,"mu":0,"quality":"OK","raw":1681.4738985837178,"sigma":1.5,"state":"IDLE","t":"2026-07-09T06:13:20.2390197Z","type":"sample"}
{"channel":"rr","display":14.018691588785046,"mu":0,"quality":"OK","raw":1784.9155116736201,"sigma":1.5,"state":"IDLE","t":"2026-07-09T06:13:20.278835Z","type":"sample"}
{"channel":"rr","display":14.018691588785046,"mu":0,"quality":"OK","raw":1851.096005985812,"sigma":1.5,"state":"IDLE","t":"2026-07-09T06:13:20.3190622Z","type":"sample"}
{"channel":"rr","display":14.018691588785046,"mu":0,"quality":"OK","raw":1923.8051705196285,"sigma":1.5,"state":"IDLE","t":"2026-07-09T06:13:20.3592161Z","type":"sample"}
{"channel":"rr","display":14.018691588785046,"mu":0,"quality":"OK","raw":1954.7891612385347,"sigma":1.5,"state":"IDLE","t":"2026-07-09T06:13:20.3991006Z","type":"sample"}
{"channel":"rr","display":14.018691588785046,"mu":0,"quality":"OK","raw":2024.9056152227836,"sigma":1.5,"state":"IDLE","t":"2026-07-09T06:13:20.4390348Z","type":"sample"}
{"channel":"rr","display":14.018691588785046,"mu":0,"quality":"OK","raw":2137.662578601873,"sigma":1.5,"state":"IDLE","t":"2026-07-09T06:13:20.4791736Z","type":"sample"}
{"channel":"rr","display":14.018691588785046,"mu":0,"quality":"OK","raw":2195.0068397841283,"sigma":1.5,"state":"IDLE","t":"2026-07-09T06:13:20.518821Z","type":"sample"}
{"channel":"rr","display":14.018691588785046,"mu":0,"quality":"OK","raw":2276.8025313912167,"sigma":1.5,"state":"IDLE","t":"2026-07-09T06:13:20.5590056Z","type":"sample"}
{"channel":"rr","display":14.018691588785046,"mu":0,"quality":"OK","raw":2312.9956415190354,"sigma":1.5,"state":"IDLE","t":"2026-07-09T06:13:20.5989241Z","type":"sample"}
{"address":"/cue/r19/start","args":null,"channel":"system","dir":"out","t":"2026-07-09T06:13:20.6357326Z","type":"osc"}
{"channel":"rr","display":14.018691588785046,"mu":0,"quality":"OK","raw":2383.682562192939,"sigma":1.5,"state":"IDLE","t":"2026-07-09T06:13:20.6391691Z","type":"sample"}
{"channel":"rr","display":14.018691588785046,"mu":0,"quality":"OK","raw":2463.694718620652,"sigma":1.5,"state":"IDLE","t":"2026-07-09T06:13:20.6790141Z","type":"sample"}
{"channel":"rr","display":14.018691588785046,"mu":0,"quality":"OK","raw":2531.8676929973517,"sigma":1.5,"state":"IDLE","t":"2026-07-09T06:13:20.7188674Z","type":"sample"}
{"address":"/cue/p/start","args":null,"channel":"system","dir":"out","t":"2026-07-09T06:13:20.7399905Z","type":"osc"}
{"channel":"rr","display":14.018691588785046,"mu":0,"quality":"OK","raw":2589.5623290695135,"sigma":1.5,"state":"IDLE","t":"2026-07-09T06:13:20.7590584Z","type":"sample"}
{"channel":"rr","display":14.018691588785046,"mu":0,"quality":"OK","raw":2667.0407303735474,"sigma":1.5,"state":"IDLE","t":"2026-07-09T06:13:20.7990611Z","type":"sample"}
{"channel":"rr","display":14.018691588785046,"mu":0,"quality":"OK","raw":2723.7862056414483,"sigma":1.5,"state":"IDLE","t":"2026-07-09T06:13:20.8388775Z","type":"sample"}
{"channel":"rr","display":14.018691588785046,"mu":0,"quality":"OK","raw":2775.602288544881,"sigma":1.5,"state":"IDLE","t":"2026-07-09T06:13:20.8791056Z","type":"sample"}
{"channel":"rr","display":14.018691588785046,"mu":0,"quality":"OK","raw":2827.124477091276,"sigma":1.5,"state":"IDLE","t":"2026-07-09T06:13:20.9190429Z","type":"sample"}
{"channel":"rr","display":14.018691588785046,"mu":0,"quality":"OK","raw":2859.105401494785,"sigma":1.5,"state":"IDLE","t":"2026-07-09T06:13:20.9587712Z","type":"sample"}
{"channel":"rr","display":14.018691588785046,"mu":0,"quality":"OK","raw":2934.9508420418565,"sigma":1.5,"state":"IDLE","t":"2026-07-09T06:13:20.9987997Z","type":"sample"}
{"channel":"rr","display":14.018691588785046,"mu":0,"quality":"OK","raw":2967.9947265697256,"sigma":1.5,"state":"IDLE","t":"2026-07-09T06:13:21.0393002Z","type":"sample"}
{"channel":"rr","display":14.018691588785046,"mu":0,"quality":"OK","raw":3016.646366525999,"sigma":1.5,"state":"IDLE","t":"2026-07-09T06:13:21.0792134Z","type":"sample"}
{"channel":"rr","display":14.018691588785046,"mu":0,"quality":"OK","raw":3067.376469013919,"sigma":1.5,"state":"IDLE","t":"2026-07-09T06:13:21.1187321Z","type":"sample"}
{"channel":"rr","display":14.018691588785046,"mu":0,"quality":"OK","raw":3107.3793112892945,"sigma":1.5,"state":"IDLE","t":"2026-07-09T06:13:21.1587712Z","type":"sample"}
{"channel":"rr","display":14.018691588785046,"mu":0,"quality":"OK","raw":3117.1889112031527,"sigma":1.5,"state":"IDLE","t":"2026-07-09T06:13:21.1990559Z","type":"sample"}
{"channel":"rr","display":14.018691588785046,"mu":0,"quality":"OK","raw":3166.289437337927,"sigma":1.5,"state":"IDLE","t":"2026-07-09T06:13:21.2394891Z","type":"sample"}
{"channel":"rr","display":14.018691588785046,"mu":0,"quality":"OK","raw":3193.3425011336026,"sigma":1.5,"state":"IDLE","t":"2026-07-09T06:13:21.2787922Z","type":"sample"}
{"channel":"rr","display":14.018691588785046,"mu":0,"quality":"OK","raw":3199.1895929251255,"sigma":1.5,"state":"IDLE","t":"2026-07-09T06:13:21.3189035Z","type":"sample"}
{"channel":"rr","display":14.018691588785046,"mu":0,"quality":"OK","raw":3186.046284892619,"sigma":1.5,"state":"IDLE","t":"2026-07-09T06:13:21.3590727Z","type":"sample"}
{"channel":"rr","display":14.018691588785046,"mu":0,"quality":"OK","raw":3243.0744809565103,"sigma":1.5,"state":"IDLE","t":"2026-07-09T06:13:21.3988476Z","type":"sample"}
{"channel":"rr","display":14.018691588785046,"mu":0,"quality":"OK","raw":3236.458148766567,"sigma":1.5,"state":"IDLE","t":"2026-07-09T06:13:21.4389179Z","type":"sample"}
{"channel":"rr","display":14.018691588785046,"mu":0,"quality":"OK","raw":3276.920218953534,"sigma":1.5,"state":"IDLE","t":"2026-07-09T06:13:21.4787943Z","type":"sample"}
{"channel":"rr","display":14.018691588785046,"mu":0,"quality":"OK","raw":3226.028011856812,"sigma":1.5,"state":"IDLE","t":"2026-07-09T06:13:21.5193251Z","type":"sample"}
{"channel":"rr","display":14.018691588785046,"mu":0,"quality":"OK","raw":3243.3399828621573,"sigma":1.5,"state":"IDLE","t":"2026-07-09T06:13:21.5590469Z","type":"sample"}
{"channel":"rr","display":14.018691588785046,"mu":0,"quality":"OK","raw":3199.452000870332,"sigma":1.5,"state":"IDLE","t":"2026-07-09T06:13:21.5989782Z","type":"sample"}
{"channel":"rr","display":14.018691588785046,"mu":0,"quality":"OK","raw":3238.52792834558,"sigma":1.5,"state":"IDLE","t":"2026-07-09T06:13:21.6389818Z","type":"sample"}
{"address":"/cue/r19/start","args":null,"channel":"system","dir":"out","t":"2026-07-09T06:13:21.6473925Z","type":"osc"}
{"channel":"rr","display":14.018691588785046,"mu":0,"quality":"OK","raw":3187.5134484276796,"sigma":1.5,"state":"IDLE","t":"2026-07-09T06:13:21.679138Z","type":"sample"}
{"channel":"rr","display":14.018691588785046,"mu":0,"quality":"OK","raw":3187.046979165479,"sigma":1.5,"state":"IDLE","t":"2026-07-09T06:13:21.7192044Z","type":"sample"}
{"address":"/cue/p/start","args":null,"channel":"system","dir":"out","t":"2026-07-09T06:13:21.7405197Z","type":"osc"}
{"channel":"rr","display":14.018691588785046,"mu":0,"quality":"OK","raw":3180.8845406001597,"sigma":1.5,"state":"IDLE","t":"2026-07-09T06:13:21.7588465Z","type":"sample"}
{"channel":"rr","display":14.018691588785046,"mu":0,"quality":"OK","raw":3134.51684530449,"sigma":1.5,"state":"IDLE","t":"2026-07-09T06:13:21.7990295Z","type":"sample"}
{"channel":"rr","display":14.018691588785046,"mu":0,"quality":"OK","raw":3082.508321004287,"sigma":1.5,"state":"IDLE","t":"2026-07-09T06:13:21.8391178Z","type":"sample"}
{"channel":"rr","display":14.018691588785046,"mu":0,"quality":"OK","raw":3085.040694502675,"sigma":1.5,"state":"IDLE","t":"2026-07-09T06:13:21.879005Z","type":"sample"}
{"channel":"rr","display":14.018691588785046,"mu":0,"quality":"OK","raw":3022.210886214664,"sigma":1.5,"state":"IDLE","t":"2026-07-09T06:13:21.9188742Z","type":"sample"}
{"channel":"rr","display":14.018691588785046,"mu":0,"quality":"OK","raw":3001.6390547576348,"sigma":1.5,"state":"IDLE","t":"2026-07-09T06:13:21.95893Z","type":"sample"}
{"channel":"rr","display":14.018691588785046,"mu":0,"quality":"OK","raw":2963.4836610253046,"sigma":1.5,"state":"IDLE","t":"2026-07-09T06:13:21.9990311Z","type":"sample"}
{"channel":"rr","display":14.018691588785046,"mu":0,"quality":"OK","raw":2936.0490608297478,"sigma":1.5,"state":"IDLE","t":"2026-07-09T06:13:22.0393931Z","type":"sample"}
{"channel":"rr","display":14.018691588785046,"mu":0,"quality":"OK","raw":2840.1598325867553,"sigma":1.5,"state":"IDLE","t":"2026-07-09T06:13:22.0790131Z","type":"sample"}
{"channel":"rr","display":14.018691588785046,"mu":0,"quality":"OK","raw":2809.7449607208755,"sigma":1.5,"state":"IDLE","t":"2026-07-09T06:13:22.1191309Z","type":"sample"}
{"channel":"rr","display":14.018691588785046,"mu":0,"quality":"OK","raw":2753.2716028303344,"sigma":1.5,"state":"IDLE","t":"2026-07-09T06:13:22.1592157Z","type":"sample"}
{"channel":"rr","display":14.018691588785046,"mu":0,"quality":"OK","raw":2697.762013626734,"sigma":1.5,"state":"IDLE","t":"2026-07-09T06:13:22.1990781Z","type":"sample"}
{"channel":"rr","display":14.018691588785046,"mu":0,"quality":"OK","raw":2609.1917697496347,"sigma":1.5,"state":"IDLE","t":"2026-07-09T06:13:22.2389105Z","type":"sample"}
{"channel":"rr","display":14.018691588785046,"mu":0,"quality":"OK","raw":2568.887895050019,"sigma":1.5,"state":"IDLE","t":"2026-07-09T06:13:22.2789633Z","type":"sample"}
{"channel":"rr","display":14.018691588785046,"mu":0,"quality":"OK","raw":2491.198655976037,"sigma":1.5,"state":"IDLE","t":"2026-07-09T06:13:22.3187631Z","type":"sample"}
{"channel":"rr","display":14.018691588785046,"mu":0,"quality":"OK","raw":2416.332608950344,"sigma":1.5,"state":"IDLE","t":"2026-07-09T06:13:22.3591207Z","type":"sample"}
{"channel":"rr","display":14.018691588785046,"mu":0,"quality":"OK","raw":2358.333491493678,"sigma":1.5,"state":"IDLE","t":"2026-07-09T06:13:22.3992753Z","type":"sample"}
{"channel":"rr","display":14.018691588785046,"mu":0,"quality":"OK","raw":2304.149752658263,"sigma":1.5,"state":"IDLE","t":"2026-07-09T06:13:22.4391101Z","type":"sample"}
{"channel":"rr","display":14.018691588785046,"mu":0,"quality":"OK","raw":2219.770173245485,"sigma":1.5,"state":"IDLE","t":"2026-07-09T06:13:22.4788404Z","type":"sample"}
{"channel":"rr","display":14.018691588785046,"mu":0,"quality":"OK","raw":2147.3483924787897,"sigma":1.5,"state":"IDLE","t":"2026-07-09T06:13:22.5192898Z","type":"sample"}
{"channel":"rr","display":14.018691588785046,"mu":0,"quality":"OK","raw":2077.223754113515,"sigma":1.5,"state":"IDLE","t":"2026-07-09T06:13:22.5589707Z","type":"sample"}
{"channel":"rr","display":14.018691588785046,"mu":0,"quality":"OK","raw":2007.153914023347,"sigma":1.5,"state":"IDLE","t":"2026-07-09T06:13:22.5990462Z","type":"sample"}
{"channel":"rr","display":14.018691588785046,"mu":0,"quality":"OK","raw":1968.3560995134922,"sigma":1.5,"state":"IDLE","t":"2026-07-09T06:13:22.6390229Z","type":"sample"}
{"address":"/cue/r19/start","args":null,"channel":"system","dir":"out","t":"2026-07-09T06:13:22.6510257Z","type":"osc"}
{"channel":"rr","display":14.018691588785046,"mu":0,"quality":"OK","raw":1899.1349233237804,"sigma":1.5,"state":"IDLE","t":"2026-07-09T06:13:22.6791983Z","type":"sample"}
{"channel":"rr","display":14.018691588785046,"mu":0,"quality":"OK","raw":1794.8745660720592,"sigma":1.5,"state":"IDLE","t":"2026-07-09T06:13:22.7192448Z","type":"sample"}
{"address":"/cue/p/start","args":null,"channel":"system","dir":"out","t":"2026-07-09T06:13:22.739601Z","type":"osc"}
{"channel":"rr","display":14.018691588785046,"mu":0,"quality":"OK","raw":1722.891848811405,"sigma":1.5,"state":"IDLE","t":"2026-07-09T06:13:22.7588478Z","type":"sample"}
{"channel":"rr","display":14.018691588785046,"mu":0,"quality":"OK","raw":1689.8388820480068,"sigma":1.5,"state":"IDLE","t":"2026-07-09T06:13:22.7992483Z","type":"sample"}
{"channel":"rr","display":14.018691588785046,"mu":0,"quality":"OK","raw":1599.5230946676616,"sigma":1.5,"state":"IDLE","t":"2026-07-09T06:13:22.8392198Z","type":"sample"}
{"channel":"rr","display":14.018691588785046,"mu":0,"quality":"OK","raw":1557.6563171749024,"sigma":1.5,"state":"IDLE","t":"2026-07-09T06:13:22.8788267Z","type":"sample"}
{"channel":"rr","display":14.018691588785046,"mu":0,"quality":"OK","raw":1500.746511273498,"sigma":1.5,"state":"IDLE","t":"2026-07-09T06:13:22.9191454Z","type":"sample"}
{"channel":"rr","display":14.018691588785046,"mu":0,"quality":"OK","raw":1431.6730642676523,"sigma":1.5,"state":"IDLE","t":"2026-07-09T06:13:22.9589215Z","type":"sample"}
{"channel":"rr","display":14.018691588785046,"mu":0,"quality":"OK","raw":1369.6897362700638,"sigma":1.5,"state":"IDLE","t":"2026-07-09T06:13:22.9991751Z","type":"sample"}
{"channel":"rr","display":14.018691588785046,"mu":0,"quality":"OK","raw":1304.8262300827291,"sigma":1.5,"state":"IDLE","t":"2026-07-09T06:13:23.0389051Z","type":"sample"}
{"channel":"rr","display":14.018691588785046,"mu":0,"quality":"OK","raw":1247.7893489087437,"sigma":1.5,"state":"IDLE","t":"2026-07-09T06:13:23.0790973Z","type":"sample"}
{"channel":"rr","display":14.018691588785046,"mu":0,"quality":"OK","raw":1194.7777230228849,"sigma":1.5,"state":"IDLE","t":"2026-07-09T06:13:23.1189807Z","type":"sample"}
{"channel":"rr","display":14.018691588785046,"mu":0,"quality":"OK","raw":1170.399994886204,"sigma":1.5,"state":"IDLE","t":"2026-07-09T06:13:23.1590983Z","type":"sample"}
{"channel":"rr","display":14.018691588785046,"mu":0,"quality":"OK","raw":1089.3481379075924,"sigma":1.5,"state":"IDLE","t":"2026-07-09T06:13:23.1991616Z","type":"sample"}
{"channel":"rr","display":14.018691588785046,"mu":0,"quality":"OK","raw":1063.378077121161,"sigma":1.5,"state":"IDLE","t":"2026-07-09T06:13:23.2389061Z","type":"sample"}
{"channel":"rr","display":14.018691588785046,"mu":0,"quality":"OK","raw":988.6548027420067,"sigma":1.5,"state":"IDLE","t":"2026-07-09T06:13:23.2789273Z","type":"sample"}
{"channel":"rr","display":14.018691588785046,"mu":0,"quality":"OK","raw":1010.0846484141732,"sigma":1.5,"state":"IDLE","t":"2026-07-09T06:13:23.3191909Z","type":"sample"}
{"channel":"rr","display":14.018691588785046,"mu":0,"quality":"OK","raw":968.4576696606166,"sigma":1.5,"state":"IDLE","t":"2026-07-09T06:13:23.3590434Z","type":"sample"}
{"channel":"rr","display":14.018691588785046,"mu":0,"quality":"OK","raw":905.5827766622805,"sigma":1.5,"state":"IDLE","t":"2026-07-09T06:13:23.3988812Z","type":"sample"}
{"channel":"rr","display":14.018691588785046,"mu":0,"quality":"OK","raw":889.1011206443403,"sigma":1.5,"state":"IDLE","t":"2026-07-09T06:13:23.4388356Z","type":"sample"}
{"channel":"rr","display":14.018691588785046,"mu":0,"quality":"OK","raw":908.573722261735,"sigma":1.5,"state":"IDLE","t":"2026-07-09T06:13:23.4787965Z","type":"sample"}
{"channel":"rr","display":14.018691588785046,"mu":0,"quality":"OK","raw":883.3464682020501,"sigma":1.5,"state":"IDLE","t":"2026-07-09T06:13:23.5192447Z","type":"sample"}
{"channel":"rr","display":14.018691588785046,"mu":0,"quality":"OK","raw":866.3955121188246,"sigma":1.5,"state":"IDLE","t":"2026-07-09T06:13:23.5592667Z","type":"sample"}
{"channel":"rr","display":14.018691588785046,"mu":0,"quality":"OK","raw":837.7066384309122,"sigma":1.5,"state":"IDLE","t":"2026-07-09T06:13:23.599335Z","type":"sample"}
{"channel":"rr","display":14.018691588785046,"mu":0,"quality":"OK","raw":836.0468017200152,"sigma":1.5,"state":"IDLE","t":"2026-07-09T06:13:23.639209Z","type":"sample"}
{"address":"/cue/r19/start","args":null,"channel":"system","dir":"out","t":"2026-07-09T06:13:23.6606535Z","type":"osc"}
{"channel":"rr","display":14.018691588785046,"mu":0,"quality":"OK","raw":860.0443004307739,"sigma":1.5,"state":"IDLE","t":"2026-07-09T06:13:23.6790956Z","type":"sample"}
{"channel":"rr","display":14.018691588785046,"mu":0,"quality":"OK","raw":839.2082471621817,"sigma":1.5,"state":"IDLE","t":"2026-07-09T06:13:23.7189793Z","type":"sample"}
{"address":"/cue/p/start","args":null,"channel":"system","dir":"out","t":"2026-07-09T06:13:23.7401096Z","type":"osc"}
{"channel":"rr","display":14.018691588785046,"mu":0,"quality":"OK","raw":858.7992529007854,"sigma":1.5,"state":"IDLE","t":"2026-07-09T06:13:23.7590838Z","type":"sample"}
{"channel":"rr","display":14.018691588785046,"mu":0,"quality":"OK","raw":887.1074516201389,"sigma":1.5,"state":"IDLE","t":"2026-07-09T06:13:23.799133Z","type":"sample"}
{"channel":"rr","display":14.018691588785046,"mu":0,"quality":"OK","raw":892.6616242260707,"sigma":1.5,"state":"IDLE","t":"2026-07-09T06:13:23.8390043Z","type":"sample"}
{"channel":"rr","display":14.018691588785046,"mu":0,"quality":"OK","raw":906.7097125210188,"sigma":1.5,"state":"IDLE","t":"2026-07-09T06:13:23.8791084Z","type":"sample"}
{"channel":"rr","display":14.018691588785046,"mu":0,"quality":"OK","raw":911.5472859022811,"sigma":1.5,"state":"IDLE","t":"2026-07-09T06:13:23.919206Z","type":"sample"}
{"channel":"rr","display":14.018691588785046,"mu":0,"quality":"OK","raw":983.992069319046,"sigma":1.5,"state":"IDLE","t":"2026-07-09T06:13:23.9589984Z","type":"sample"}
{"channel":"rr","display":14.018691588785046,"mu":0,"quality":"OK","raw":989.9379976415074,"sigma":1.5,"state":"IDLE","t":"2026-07-09T06:13:23.998892Z","type":"sample"}
{"channel":"rr","display":14.018691588785046,"mu":0,"quality":"OK","raw":1028.8544106620545,"sigma":1.5,"state":"IDLE","t":"2026-07-09T06:13:24.0390329Z","type":"sample"}
{"channel":"rr","display":14.018691588785046,"mu":0,"quality":"OK","raw":1097.1808684792063,"sigma":1.5,"state":"IDLE","t":"2026-07-09T06:13:24.0789612Z","type":"sample"}
{"channel":"rr","display":14.018691588785046,"mu":0,"quality":"OK","raw":1144.09240746431,"sigma":1.5,"state":"IDLE","t":"2026-07-09T06:13:24.1192316Z","type":"sample"}
{"channel":"rr","display":14.018691588785046,"mu":0,"quality":"OK","raw":1159.697161959698,"sigma":1.5,"state":"IDLE","t":"2026-07-09T06:13:24.1589359Z","type":"sample"}
{"channel":"rr","display":14.018691588785046,"mu":0,"quality":"OK","raw":1210.9526251521356,"sigma":1.5,"state":"IDLE","t":"2026-07-09T06:13:24.1991817Z","type":"sample"}
{"channel":"rr","display":14.018691588785046,"mu":0,"quality":"OK","raw":1253.241992503763,"sigma":1.5,"state":"IDLE","t":"2026-07-09T06:13:24.239206Z","type":"sample"}
{"channel":"rr","display":14.018691588785046,"mu":0,"quality":"OK","raw":1329.4366957817708,"sigma":1.5,"state":"IDLE","t":"2026-07-09T06:13:24.279103Z","type":"sample"}
{"channel":"rr","display":14.018691588785046,"mu":0,"quality":"OK","raw":1379.0940198027554,"sigma":1.5,"state":"IDLE","t":"2026-07-09T06:13:24.3188764Z","type":"sample"}
{"channel":"rr","display":14.018691588785046,"mu":0,"quality":"OK","raw":1450.4272698027557,"sigma":1.5,"state":"IDLE","t":"2026-07-09T06:13:24.3590439Z","type":"sample"}
{"channel":"rr","display":14.018691588785046,"mu":0,"quality":"OK","raw":1479.5376276633447,"sigma":1.5,"state":"IDLE","t":"2026-07-09T06:13:24.3992271Z","type":"sample"}
{"channel":"rr","display":14.018691588785046,"mu":0,"quality":"OK","raw":1583.083308951236,"sigma":1.5,"state":"IDLE","t":"2026-07-09T06:13:24.4389091Z","type":"sample"}
{"channel":"rr","display":14.018691588785046,"mu":0,"quality":"OK","raw":1620.3710354349616,"sigma":1.5,"state":"IDLE","t":"2026-07-09T06:13:24.4792313Z","type":"sample"}
{"channel":"rr","display":14.018691588785046,"mu":0,"quality":"OK","raw":1715.85272309649,"sigma":1.5,"state":"IDLE","t":"2026-07-09T06:13:24.5187835Z","type":"sample"}
{"channel":"rr","display":14.018691588785046,"mu":0,"quality":"OK","raw":1766.412274855365,"sigma":1.5,"state":"IDLE","t":"2026-07-09T06:13:24.5587781Z","type":"sample"}
{"channel":"rr","display":14.018691588785046,"mu":0,"quality":"OK","raw":1818.624838964975,"sigma":1.5,"state":"IDLE","t":"2026-07-09T06:13:24.5992413Z","type":"sample"}
{"channel":"rr","display":14.018691588785046,"mu":0,"quality":"OK","raw":1901.6782931438092,"sigma":1.5,"state":"IDLE","t":"2026-07-09T06:13:24.6387939Z","type":"sample"}
{"address":"/cue/r19/start","args":null,"channel":"system","dir":"out","t":"2026-07-09T06:13:24.6701354Z","type":"osc"}
{"channel":"rr","display":14.018691588785046,"mu":0,"quality":"OK","raw":1994.4214722331715,"sigma":1.5,"state":"IDLE","t":"2026-07-09T06:13:24.6788414Z","type":"sample"}
{"channel":"rr","display":14.018691588785046,"mu":0,"quality":"OK","raw":2076.1362568586824,"sigma":1.5,"state":"IDLE","t":"2026-07-09T06:13:24.7188344Z","type":"sample"}
{"address":"/cue/p/start","args":null,"channel":"system","dir":"out","t":"2026-07-09T06:13:24.7404279Z","type":"osc"}
{"channel":"rr","display":14.018691588785046,"mu":0,"quality":"OK","raw":2108.1491235473122,"sigma":1.5,"state":"IDLE","t":"2026-07-09T06:13:24.7592475Z","type":"sample"}
{"channel":"rr","display":14.018691588785046,"mu":0,"quality":"OK","raw":2203.900431223124,"sigma":1.5,"state":"IDLE","t":"2026-07-09T06:13:24.7989893Z","type":"sample"}
{"channel":"rr","display":14.018691588785046,"mu":0,"quality":"OK","raw":2255.003462764092,"sigma":1.5,"state":"IDLE","t":"2026-07-09T06:13:24.8387183Z","type":"sample"}
{"channel":"rr","display":14.018691588785046,"mu":0,"quality":"OK","raw":2333.2125249375067,"sigma":1.5,"state":"IDLE","t":"2026-07-09T06:13:24.8789516Z","type":"sample"}
{"channel":"rr","display":14.018691588785046,"mu":0,"quality":"OK","raw":2382.952838676741,"sigma":1.5,"state":"IDLE","t":"2026-07-09T06:13:24.9192414Z","type":"sample"}
{"channel":"rr","display":14.018691588785046,"mu":0,"quality":"OK","raw":2479.5889181198145,"sigma":1.5,"state":"IDLE","t":"2026-07-09T06:13:24.9592433Z","type":"sample"}
{"channel":"rr","display":14.018691588785046,"mu":0,"quality":"OK","raw":2533.79149790383,"sigma":1.5,"state":"IDLE","t":"2026-07-09T06:13:24.9989329Z","type":"sample"}
{"channel":"rr","display":14.018691588785046,"mu":0,"quality":"OK","raw":2608.684553299375,"sigma":1.5,"state":"IDLE","t":"2026-07-09T06:13:25.0391229Z","type":"sample"}
{"channel":"rr","display":14.018691588785046,"mu":0,"quality":"OK","raw":2646.9027743096044,"sigma":1.5,"state":"IDLE","t":"2026-07-09T06:13:25.0789098Z","type":"sample"}
{"channel":"rr","display":14.018691588785046,"mu":0,"quality":"OK","raw":2710.2215403526393,"sigma":1.5,"state":"IDLE","t":"2026-07-09T06:13:25.119177Z","type":"sample"}
{"channel":"rr","display":14.018691588785046,"mu":0,"quality":"OK","raw":2757.2243945546365,"sigma":1.5,"state":"IDLE","t":"2026-07-09T06:13:25.1589958Z","type":"sample"}
{"channel":"rr","display":14.018691588785046,"mu":0,"quality":"OK","raw":2799.7716037426726,"sigma":1.5,"state":"IDLE","t":"2026-07-09T06:13:25.1988939Z","type":"sample"}
{"channel":"rr","display":14.018691588785046,"mu":0,"quality":"OK","raw":2889.776474575305,"sigma":1.5,"state":"IDLE","t":"2026-07-09T06:13:25.2390794Z","type":"sample"}
{"channel":"rr","display":14.018691588785046,"mu":0,"quality":"OK","raw":2933.651879075439,"sigma":1.5,"state":"IDLE","t":"2026-07-09T06:13:25.2790344Z","type":"sample"}
{"channel":"rr","display":14.018691588785046,"mu":0,"quality":"OK","raw":3000.7959614650686,"sigma":1.5,"state":"IDLE","t":"2026-07-09T06:13:25.3190774Z","type":"sample"}
{"channel":"rr","display":14.018691588785046,"mu":0,"quality":"OK","raw":3009.6246102808645,"sigma":1.5,"state":"IDLE","t":"2026-07-09T06:13:25.3589739Z","type":"sample"}
{"channel":"rr","display":14.018691588785046,"mu":0,"quality":"OK","raw":3059.9534701441253,"sigma":1.5,"state":"IDLE","t":"2026-07-09T06:13:25.3992928Z","type":"sample"}
{"channel":"rr","display":14.018691588785046,"mu":0,"quality":"OK","raw":3098.3448070037275,"sigma":1.5,"state":"IDLE","t":"2026-07-09T06:13:25.438939Z","type":"sample"}
{"channel":"rr","display":14.018691588785046,"mu":0,"quality":"OK","raw":3136.2322599945574,"sigma":1.5,"state":"IDLE","t":"2026-07-09T06:13:25.4791351Z","type":"sample"}
{"channel":"rr","display":14.018691588785046,"mu":0,"quality":"OK","raw":3155.210411131181,"sigma":1.5,"state":"IDLE","t":"2026-07-09T06:13:25.5191247Z","type":"sample"}
{"channel":"rr","display":14.018691588785046,"mu":0,"quality":"OK","raw":3193.985631073828,"sigma":1.5,"state":"IDLE","t":"2026-07-09T06:13:25.5589592Z","type":"sample"}
{"channel":"rr","display":14.018691588785046,"mu":0,"quality":"OK","raw":3197.1938189474304,"sigma":1.5,"state":"IDLE","t":"2026-07-09T06:13:25.5990264Z","type":"sample"}
{"channel":"rr","display":14.018691588785046,"mu":0,"quality":"OK","raw":3194.872163456969,"sigma":1.5,"state":"IDLE","t":"2026-07-09T06:13:25.6388396Z","type":"sample"}
{"address":"/cue/r19/start","args":null,"channel":"system","dir":"out","t":"2026-07-09T06:13:25.6740668Z","type":"osc"}
{"channel":"rr","display":14.018691588785046,"mu":0,"quality":"OK","raw":3253.5607962405766,"sigma":1.5,"state":"IDLE","t":"2026-07-09T06:13:25.678765Z","type":"sample"}
{"channel":"rr","display":14.018691588785046,"mu":0,"quality":"OK","raw":3228.124552093151,"sigma":1.5,"state":"IDLE","t":"2026-07-09T06:13:25.7187608Z","type":"sample"}
{"address":"/cue/p/start","args":null,"channel":"system","dir":"out","t":"2026-07-09T06:13:25.7391953Z","type":"osc"}
{"channel":"rr","display":14.018691588785046,"mu":0,"quality":"OK","raw":3250.171622691183,"sigma":1.5,"state":"IDLE","t":"2026-07-09T06:13:25.7591502Z","type":"sample"}
{"channel":"rr","display":14.018691588785046,"mu":0,"quality":"OK","raw":3243.3378421834655,"sigma":1.5,"state":"IDLE","t":"2026-07-09T06:13:25.7990686Z","type":"sample"}
{"channel":"rr","display":14.018691588785046,"mu":0,"quality":"OK","raw":3249.5608709126113,"sigma":1.5,"state":"IDLE","t":"2026-07-09T06:13:25.8388929Z","type":"sample"}
{"channel":"rr","display":14.018691588785046,"mu":0,"quality":"OK","raw":3236.630851432506,"sigma":1.5,"state":"IDLE","t":"2026-07-09T06:13:25.8791118Z","type":"sample"}
{"channel":"rr","display":14.018691588785046,"mu":0,"quality":"OK","raw":3244.8172950452094,"sigma":1.5,"state":"IDLE","t":"2026-07-09T06:13:25.9191445Z","type":"sample"}
{"channel":"rr","display":14.018691588785046,"mu":0,"quality":"OK","raw":3219.6013126032562,"sigma":1.5,"state":"IDLE","t":"2026-07-09T06:13:25.9591241Z","type":"sample"}
{"channel":"rr","display":14.018691588785046,"mu":0,"quality":"OK","raw":3166.0930792248255,"sigma":1.5,"state":"IDLE","t":"2026-07-09T06:13:25.9991055Z","type":"sample"}
{"channel":"rr","display":14.018691588785046,"mu":0,"quality":"OK","raw":3172.933608540724,"sigma":1.5,"state":"IDLE","t":"2026-07-09T06:13:26.0391564Z","type":"sample"}
{"channel":"rr","display":14.018691588785046,"mu":0,"quality":"OK","raw":3158.9061516651545,"sigma":1.5,"state":"IDLE","t":"2026-07-09T06:13:26.0791108Z","type":"sample"}
{"channel":"rr","display":14.018691588785046,"mu":0,"quality":"OK","raw":3094.770334464548,"sigma":1.5,"state":"IDLE","t":"2026-07-09T06:13:26.1190178Z","type":"sample"}
{"channel":"rr","display":14.018691588785046,"mu":0,"quality":"OK","raw":3091.0288180166667,"sigma":1.5,"state":"IDLE","t":"2026-07-09T06:13:26.1589025Z","type":"sample"}
{"channel":"rr","display":14.018691588785046,"mu":0,"quality":"OK","raw":3039.8641699635937,"sigma":1.5,"state":"IDLE","t":"2026-07-09T06:13:26.1991438Z","type":"sample"}
{"channel":"rr","display":14.018691588785046,"mu":0,"quality":"OK","raw":2991.3242678717083,"sigma":1.5,"state":"IDLE","t":"2026-07-09T06:13:26.2390407Z","type":"sample"}
{"channel":"rr","display":14.018691588785046,"mu":0,"quality":"OK","raw":2971.1907315917,"sigma":1.5,"state":"IDLE","t":"2026-07-09T06:13:26.2787808Z","type":"sample"}
{"channel":"rr","display":14.018691588785046,"mu":0,"quality":"OK","raw":2912.105570154788,"sigma":1.5,"state":"IDLE","t":"2026-07-09T06:13:26.3188226Z","type":"sample"}
{"channel":"rr","display":14.018691588785046,"mu":0,"quality":"OK","raw":2846.0620490499596,"sigma":1.5,"state":"IDLE","t":"2026-07-09T06:13:26.3588488Z","type":"sample"}
{"channel":"rr","display":14.018691588785046,"mu":0,"quality":"OK","raw":2816.7742377281365,"sigma":1.5,"state":"IDLE","t":"2026-07-09T06:13:26.3990917Z","type":"sample"}
{"channel":"rr","display":14.018691588785046,"mu":0,"quality":"OK","raw":2736.3430514276097,"sigma":1.5,"state":"IDLE","t":"2026-07-09T06:13:26.4389732Z","type":"sample"}
{"channel":"rr","display":14.018691588785046,"mu":0,"quality":"OK","raw":2667.0900586089683,"sigma":1.5,"state":"IDLE","t":"2026-07-09T06:13:26.4790554Z","type":"sample"}
{"channel":"rr","display":14.018691588785046,"mu":0,"quality":"OK","raw":2615.180848917924,"sigma":1.5,"state":"IDLE","t":"2026-07-09T06:13:26.5188241Z","type":"sample"}
{"channel":"rr","display":14.018691588785046,"mu":0,"quality":"OK","raw":2590.1138359615125,"sigma":1.5,"state":"IDLE","t":"2026-07-09T06:13:26.5587817Z","type":"sample"}
{"channel":"rr","display":14.018691588785046,"mu":0,"quality":"OK","raw":2521.3653590440445,"sigma":1.5,"state":"IDLE","t":"2026-07-09T06:13:26.5991657Z","type":"sample"}
{"channel":"rr","display":14.018691588785046,"mu":0,"quality":"OK","raw":2453.0318460021963,"sigma":1.5,"state":"IDLE","t":"2026-07-09T06:13:26.639174Z","type":"sample"}
{"address":"/cue/r19/start","args":null,"channel":"system","dir":"out","t":"2026-07-09T06:13:26.6783813Z","type":"osc"}
{"channel":"rr","display":14.018691588785046,"mu":0,"quality":"OK","raw":2380.2963681750953,"sigma":1.5,"state":"IDLE","t":"2026-07-09T06:13:26.6789378Z","type":"sample"}
{"channel":"rr","display":14.018691588785046,"mu":0,"quality":"OK","raw":2289.9280359554805,"sigma":1.5,"state":"IDLE","t":"2026-07-09T06:13:26.7189945Z","type":"sample"}
{"address":"/cue/p/start","args":null,"channel":"system","dir":"out","t":"2026-07-09T06:13:26.7401317Z","type":"osc"}
{"channel":"rr","display":14.018691588785046,"mu":0,"quality":"OK","raw":2219.1186690768345,"sigma":1.5,"state":"IDLE","t":"2026-07-09T06:13:26.7591048Z","type":"sample"}
{"channel":"rr","display":14.018691588785046,"mu":0,"quality":"OK","raw":2158.4376713552274,"sigma":1.5,"state":"IDLE","t":"2026-07-09T06:13:26.7992788Z","type":"sample"}
{"channel":"rr","display":14.018691588785046,"mu":0,"quality":"OK","raw":2072.339359013817,"sigma":1.5,"state":"IDLE","t":"2026-07-09T06:13:26.8388785Z","type":"sample"}
{"channel":"rr","display":14.018691588785046,"mu":0,"quality":"OK","raw":2026.326912021201,"sigma":1.5,"state":"IDLE","t":"2026-07-09T06:13:26.8790915Z","type":"sample"}
{"channel":"rr","display":14.018691588785046,"mu":0,"quality":"OK","raw":1920.4844143564937,"sigma":1.5,"state":"IDLE","t":"2026-07-09T06:13:26.9195597Z","type":"sample"}
{"channel":"rr","display":14.018691588785046,"mu":0,"quality":"OK","raw":1858.932734464323,"sigma":1.5,"state":"IDLE","t":"2026-07-09T06:13:26.9591962Z","type":"sample"}
{"channel":"rr","display":14.018691588785046,"mu":0,"quality":"OK","raw":1824.851698108966,"sigma":1.5,"state":"IDLE","t":"2026-07-09T06:13:26.9988472Z","type":"sample"}
{"channel":"rr","display":14.018691588785046,"mu":0,"quality":"OK","raw":1768.7733998362999,"sigma":1.5,"state":"IDLE","t":"2026-07-09T06:13:27.0395841Z","type":"sample"}
{"channel":"rr","display":14.018691588785046,"mu":0,"quality":"OK","raw":1676.7938962517687,"sigma":1.5,"state":"IDLE","t":"2026-07-09T06:13:27.0790989Z","type":"sample"}
{"channel":"rr","display":14.018691588785046,"mu":0,"quality":"OK","raw":1610.2657157240162,"sigma":1.5,"state":"IDLE","t":"2026-07-09T06:13:27.1192699Z","type":"sample"}
{"channel":"rr","display":14.018691588785046,"mu":0,"quality":"OK","raw":1544.6336124867805,"sigma":1.5,"state":"IDLE","t":"2026-07-09T06:13:27.1587542Z","type":"sample"}
{"channel":"rr","display":14.018691588785046,"mu":0,"quality":"OK","raw":1512.8588689629487,"sigma":1.5,"state":"IDLE","t":"2026-07-09T06:13:27.1989024Z","type":"sample"}
{"channel":"rr","display":14.018691588785046,"mu":0,"quality":"OK","raw":1414.0211298731938,"sigma":1.5,"state":"IDLE","t":"2026-07-09T06:13:27.2390703Z","type":"sample"}
{"channel":"rr","display":14.018691588785046,"mu":0,"quality":"OK","raw":1347.1931693542374,"sigma":1.5,"state":"IDLE","t":"2026-07-09T06:13:27.2787723Z","type":"sample"}
{"channel":"rr","display":14.018691588785046,"mu":0,"quality":"OK","raw":1283.6010583620896,"sigma":1.5,"state":"IDLE","t":"2026-07-09T06:13:27.31884Z","type":"sample"}
{"channel":"rr","display":14.018691588785046,"mu":0,"quality":"OK","raw":1263.4374800750877,"sigma":1.5,"state":"IDLE","t":"2026-07-09T06:13:27.3590348Z","type":"sample"}
{"channel":"rr","display":14.018691588785046,"mu":0,"quality":"OK","raw":1190.3588012022128,"sigma":1.5,"state":"IDLE","t":"2026-07-09T06:13:27.3987824Z","type":"sample"}
{"channel":"rr","display":14.018691588785046,"mu":0,"quality":"OK","raw":1126.3691224265065,"sigma":1.5,"state":"IDLE","t":"2026-07-09T06:13:27.4393425Z","type":"sample"}
{"channel":"rr","display":14.018691588785046,"mu":0,"quality":"OK","raw":1093.4064392128396,"sigma":1.5,"state":"IDLE","t":"2026-07-09T06:13:27.478847Z","type":"sample"}
{"channel":"rr","display":14.018691588785046,"mu":0,"quality":"OK","raw":1063.5500404721333,"sigma":1.5,"state":"IDLE","t":"2026-07-09T06:13:27.5191306Z","type":"sample"}
{"channel":"rr","display":14.018691588785046,"mu":0,"quality":"OK","raw":1039.1857676373975,"sigma":1.5,"state":"IDLE","t":"2026-07-09T06:13:27.5588896Z","type":"sample"}
{"channel":"rr","display":14.018691588785046,"mu":0,"quality":"OK","raw":1002.5690941975162,"sigma":1.5,"state":"IDLE","t":"2026-07-09T06:13:27.5987778Z","type":"sample"}
{"channel":"rr","display":14.018691588785046,"mu":0,"quality":"OK","raw":969.1055625364818,"sigma":1.5,"state":"IDLE","t":"2026-07-09T06:13:27.6390371Z","type":"sample"}
{"channel":"rr","display":14.018691588785046,"mu":0,"quality":"OK","raw":944.2044203218163,"sigma":1.5,"state":"IDLE","t":"2026-07-09T06:13:27.6790146Z","type":"sample"}
{"address":"/cue/r19/start","args":null,"channel":"system","dir":"out","t":"2026-07-09T06:13:27.6892007Z","type":"osc"}
{"channel":"rr","display":14.018691588785046,"mu":0,"quality":"OK","raw":902.702827787515,"sigma":1.5,"state":"IDLE","t":"2026-07-09T06:13:27.7190811Z","type":"sample"}
{"address":"/cue/p/start","args":null,"channel":"system","dir":"out","t":"2026-07-09T06:13:27.7392828Z","type":"osc"}
{"channel":"rr","display":14.018691588785046,"mu":0,"quality":"OK","raw":889.9599222673943,"sigma":1.5,"state":"IDLE","t":"2026-07-09T06:13:27.7589774Z","type":"sample"}
{"channel":"rr","display":14.018691588785046,"mu":0,"quality":"OK","raw":867.5930198579617,"sigma":1.5,"state":"IDLE","t":"2026-07-09T06:13:27.7990334Z","type":"sample"}
{"channel":"rr","display":14.018691588785046,"mu":0,"quality":"OK","raw":848.0426537442428,"sigma":1.5,"state":"IDLE","t":"2026-07-09T06:13:27.8387773Z","type":"sample"}
{"channel":"rr","display":14.018691588785046,"mu":0,"quality":"OK","raw":838.4085837083859,"sigma":1.5,"state":"IDLE","t":"2026-07-09T06:13:27.8790149Z","type":"sample"}
{"channel":"rr","display":14.018691588785046,"mu":0,"quality":"OK","raw":823.9679439074678,"sigma":1.5,"state":"IDLE","t":"2026-07-09T06:13:27.9187871Z","type":"sample"}
{"channel":"rr","display":14.018691588785046,"mu":0,"quality":"OK","raw":843.1313123303278,"sigma":1.5,"state":"IDLE","t":"2026-07-09T06:13:27.9589548Z","type":"sample"}
{"channel":"rr","display":14.018691588785046,"mu":0,"quality":"OK","raw":854.6830820251964,"sigma":1.5,"state":"IDLE","t":"2026-07-09T06:13:27.998795Z","type":"sample"}
{"channel":"rr","display":14.018691588785046,"mu":0,"quality":"OK","raw":880.9908360178166,"sigma":1.5,"state":"IDLE","t":"2026-07-09T06:13:28.0393357Z","type":"sample"}
{"channel":"rr","display":14.018691588785046,"mu":0,"quality":"OK","raw":863.9160460590723,"sigma":1.5,"state":"IDLE","t":"2026-07-09T06:13:28.0789102Z","type":"sample"}
{"channel":"rr","display":14.018691588785046,"mu":0,"quality":"OK","raw":884.9650463494613,"sigma":1.5,"state":"IDLE","t":"2026-07-09T06:13:28.1191105Z","type":"sample"}
{"channel":"rr","display":14.018691588785046,"mu":0,"quality":"OK","raw":905.8588510082536,"sigma":1.5,"state":"IDLE","t":"2026-07-09T06:13:28.1587736Z","type":"sample"}
{"channel":"rr","display":14.018691588785046,"mu":0,"quality":"OK","raw":929.7929882471026,"sigma":1.5,"state":"IDLE","t":"2026-07-09T06:13:28.1992699Z","type":"sample"}
{"channel":"rr","display":14.018691588785046,"mu":0,"quality":"OK","raw":990.5975482268824,"sigma":1.5,"state":"IDLE","t":"2026-07-09T06:13:28.2391323Z","type":"sample"}
{"channel":"rr","display":14.018691588785046,"mu":0,"quality":"OK","raw":977.6529061464344,"sigma":1.5,"state":"IDLE","t":"2026-07-09T06:13:28.2790469Z","type":"sample"}
{"channel":"rr","display":14.018691588785046,"mu":0,"quality":"OK","raw":1055.40376831618,"sigma":1.5,"state":"IDLE","t":"2026-07-09T06:13:28.3190855Z","type":"sample"}
{"channel":"rr","display":14.018691588785046,"mu":0,"quality":"OK","raw":1091.653414147562,"sigma":1.5,"state":"IDLE","t":"2026-07-09T06:13:28.3589004Z","type":"sample"}
{"channel":"rr","display":14.018691588785046,"mu":0,"quality":"OK","raw":1138.5814010874135,"sigma":1.5,"state":"IDLE","t":"2026-07-09T06:13:28.399083Z","type":"sample"}
{"channel":"rr","display":14.018691588785046,"mu":0,"quality":"OK","raw":1155.8005797809544,"sigma":1.5,"state":"IDLE","t":"2026-07-09T06:13:28.4389924Z","type":"sample"}
{"channel":"rr","display":14.018691588785046,"mu":0,"quality":"OK","raw":1235.8954760503311,"sigma":1.5,"state":"IDLE","t":"2026-07-09T06:13:28.4790928Z","type":"sample"}
{"channel":"rr","display":14.018691588785046,"mu":0,"quality":"OK","raw":1267.9481349349992,"sigma":1.5,"state":"IDLE","t":"2026-07-09T06:13:28.5188766Z","type":"sample"}
{"channel":"rr","display":14.018691588785046,"mu":0,"quality":"OK","raw":1344.6721322318856,"sigma":1.5,"state":"IDLE","t":"2026-07-09T06:13:28.5589974Z","type":"sample"}
{"channel":"rr","display":14.018691588785046,"mu":0,"quality":"OK","raw":1373.0607152286673,"sigma":1.5,"state":"IDLE","t":"2026-07-09T06:13:28.5992194Z","type":"sample"}
{"channel":"rr","display":14.018691588785046,"mu":0,"quality":"OK","raw":1440.3103689980228,"sigma":1.5,"state":"IDLE","t":"2026-07-09T06:13:28.639155Z","type":"sample"}
{"channel":"rr","display":14.018691588785046,"mu":0,"quality":"OK","raw":1488.3939966738928,"sigma":1.5,"state":"IDLE","t":"2026-07-09T06:13:28.6789035Z","type":"sample"}
{"address":"/cue/r19/start","args":null,"channel":"system","dir":"out","t":"2026-07-09T06:13:28.7012277Z","type":"osc"}
{"channel":"rr","display":14.018691588785046,"mu":0,"quality":"OK","raw":1583.1465256517738,"sigma":1.5,"state":"IDLE","t":"2026-07-09T06:13:28.7187841Z","type":"sample"}
{"address":"/cue/p/start","args":null,"channel":"system","dir":"out","t":"2026-07-09T06:13:28.7398328Z","type":"osc"}
{"channel":"rr","display":14.018691588785046,"mu":0,"quality":"OK","raw":1647.7425639352646,"sigma":1.5,"state":"IDLE","t":"2026-07-09T06:13:28.75886Z","type":"sample"}
{"channel":"rr","display":14.018691588785046,"mu":0,"quality":"OK","raw":1709.8108066248226,"sigma":1.5,"state":"IDLE","t":"2026-07-09T06:13:28.79913Z","type":"sample"}
{"channel":"rr","display":14.018691588785046,"mu":0,"quality":"OK","raw":1741.827545973517,"sigma":1.5,"state":"IDLE","t":"2026-07-09T06:13:28.8392327Z","type":"sample"}
{"channel":"rr","display":14.018691588785046,"mu":0,"quality":"OK","raw":1806.4703071981785,"sigma":1.5,"state":"IDLE","t":"2026-07-09T06:13:28.8788103Z","type":"sample"}
{"channel":"rr","display":14.018691588785046,"mu":0,"quality":"OK","raw":1916.0192721373187,"sigma":1.5,"state":"IDLE","t":"2026-07-09T06:13:28.9188428Z","type":"sample"}
{"channel":"rr","display":14.018691588785046,"mu":0,"quality":"OK","raw":1974.4071480999955,"sigma":1.5,"state":"IDLE","t":"2026-07-09T06:13:28.9589696Z","type":"sample"}
{"channel":"rr","display":14.018691588785046,"mu":0,"quality":"OK","raw":2065.097298281741,"sigma":1.5,"state":"IDLE","t":"2026-07-09T06:13:28.9988871Z","type":"sample"}
{"channel":"rr","display":14.018691588785046,"mu":0,"quality":"OK","raw":2106.3320367412543,"sigma":1.5,"state":"IDLE","t":"2026-07-09T06:13:29.039165Z","type":"sample"}
{"channel":"rr","display":14.018691588785046,"mu":0,"quality":"OK","raw":2182.4410162406566,"sigma":1.5,"state":"IDLE","t":"2026-07-09T06:13:29.0789686Z","type":"sample"}
{"channel":"rr","display":14.018691588785046,"mu":0,"quality":"OK","raw":2266.730896540083,"sigma":1.5,"state":"IDLE","t":"2026-07-09T06:13:29.1188845Z","type":"sample"}
{"channel":"rr","display":14.018691588785046,"mu":0,"quality":"OK","raw":2329.0959648609432,"sigma":1.5,"state":"IDLE","t":"2026-07-09T06:13:29.1592368Z","type":"sample"}
{"channel":"rr","display":14.018691588785046,"mu":0,"quality":"OK","raw":2398.2841117048592,"sigma":1.5,"state":"IDLE","t":"2026-07-09T06:13:29.1989934Z","type":"sample"}
{"channel":"rr","display":14.018691588785046,"mu":0,"quality":"OK","raw":2458.7219654563223,"sigma":1.5,"state":"IDLE","t":"2026-07-09T06:13:29.238972Z","type":"sample"}
{"channel":"rr","display":14.018691588785046,"mu":0,"quality":"OK","raw":2519.2251346885855,"sigma":1.5,"state":"IDLE","t":"2026-07-09T06:13:29.2787639Z","type":"sample"}
{"channel":"rr","display":14.018691588785046,"mu":0,"quality":"OK","raw":2594.6195162430554,"sigma":1.5,"state":"IDLE","t":"2026-07-09T06:13:29.3191284Z","type":"sample"}
{"channel":"rr","display":14.018691588785046,"mu":0,"quality":"OK","raw":2676.1901781739843,"sigma":1.5,"state":"IDLE","t":"2026-07-09T06:13:29.3592312Z","type":"sample"}
{"channel":"rr","display":14.018691588785046,"mu":0,"quality":"OK","raw":2728.3713179160823,"sigma":1.5,"state":"IDLE","t":"2026-07-09T06:13:29.3992284Z","type":"sample"}
{"channel":"rr","display":14.018691588785046,"mu":0,"quality":"OK","raw":2771.2176746814052,"sigma":1.5,"state":"IDLE","t":"2026-07-09T06:13:29.4390179Z","type":"sample"}
{"channel":"rr","display":14.018691588785046,"mu":0,"quality":"OK","raw":2846.5604690073023,"sigma":1.5,"state":"IDLE","t":"2026-07-09T06:13:29.4790896Z","type":"sample"}
{"channel":"rr","display":14.018691588785046,"mu":0,"quality":"OK","raw":2853.6859797873162,"sigma":1.5,"state":"IDLE","t":"2026-07-09T06:13:29.5193068Z","type":"sample"}
{"channel":"rr","display":14.018691588785046,"mu":0,"quality":"OK","raw":2924.5842514436304,"sigma":1.5,"state":"IDLE","t":"2026-07-09T06:13:29.5590225Z","type":"sample"}
{"channel":"rr","display":14.018691588785046,"mu":0,"quality":"OK","raw":2975.6983092952723,"sigma":1.5,"state":"IDLE","t":"2026-07-09T06:13:29.5989739Z","type":"sample"}
{"channel":"rr","display":14.018691588785046,"mu":0,"quality":"OK","raw":3032.205846105087,"sigma":1.5,"state":"IDLE","t":"2026-07-09T06:13:29.6392277Z","type":"sample"}
{"channel":"rr","display":14.018691588785046,"mu":0,"quality":"OK","raw":3048.233625783458,"sigma":1.5,"state":"IDLE","t":"2026-07-09T06:13:29.678917Z","type":"sample"}
{"address":"/cue/r19/start","args":null,"channel":"system","dir":"out","t":"2026-07-09T06:13:29.7103145Z","type":"osc"}
{"channel":"rr","display":14.018691588785046,"mu":0,"quality":"OK","raw":3079.805389924832,"sigma":1.5,"state":"IDLE","t":"2026-07-09T06:13:29.719277Z","type":"sample"}
{"address":"/cue/p/start","args":null,"channel":"system","dir":"out","t":"2026-07-09T06:13:29.7397691Z","type":"osc"}
{"channel":"rr","display":14.018691588785046,"mu":0,"quality":"OK","raw":3105.0424346295963,"sigma":1.5,"state":"IDLE","t":"2026-07-09T06:13:29.7588152Z","type":"sample"}
{"channel":"rr","display":14.018691588785046,"mu":0,"quality":"OK","raw":3167.9744425159124,"sigma":1.5,"state":"IDLE","t":"2026-07-09T06:13:29.798728Z","type":"sample"}
{"channel":"rr","display":14.018691588785046,"mu":0,"quality":"OK","raw":3169.1256821961456,"sigma":1.5,"state":"IDLE","t":"2026-07-09T06:13:29.8390701Z","type":"sample"}
{"channel":"rr","display":14.018691588785046,"mu":0,"quality":"OK","raw":3212.6870339529733,"sigma":1.5,"state":"IDLE","t":"2026-07-09T06:13:29.8791829Z","type":"sample"}
{"channel":"rr","display":14.018691588785046,"mu":0,"quality":"OK","raw":3211.2688814854328,"sigma":1.5,"state":"IDLE","t":"2026-07-09T06:13:29.9189302Z","type":"sample"}
{"channel":"rr","display":14.018691588785046,"mu":0,"quality":"OK","raw":3245.0564831335596,"sigma":1.5,"state":"IDLE","t":"2026-07-09T06:13:29.9589766Z","type":"sample"}
{"channel":"rr","display":14.018691588785046,"mu":0,"quality":"OK","raw":3255.654466721021,"sigma":1.5,"state":"IDLE","t":"2026-07-09T06:13:29.9989526Z","type":"sample"}
{"channel":"rr","display":14.018691588785046,"mu":0,"quality":"OK","raw":3250.1873049680617,"sigma":1.5,"state":"IDLE","t":"2026-07-09T06:13:30.0389669Z","type":"sample"}
{"channel":"rr","display":14.018691588785046,"mu":0,"quality":"OK","raw":3258.416645829886,"sigma":1.5,"state":"IDLE","t":"2026-07-09T06:13:30.0788804Z","type":"sample"}
{"channel":"rr","display":14.018691588785046,"mu":0,"quality":"OK","raw":3270.9850252014166,"sigma":1.5,"state":"IDLE","t":"2026-07-09T06:13:30.1190263Z","type":"sample"}
{"channel":"rr","display":14.018691588785046,"mu":0,"quality":"OK","raw":3228.215317348612,"sigma":1.5,"state":"IDLE","t":"2026-07-09T06:13:30.1591311Z","type":"sample"}
{"channel":"rr","display":14.018691588785046,"mu":0,"quality":"OK","raw":3179.5844936041544,"sigma":1.5,"state":"IDLE","t":"2026-07-09T06:13:30.1989028Z","type":"sample"}
{"channel":"rr","display":14.018691588785046,"mu":0,"quality":"OK","raw":3206.719110018456,"sigma":1.5,"state":"IDLE","t":"2026-07-09T06:13:30.2391104Z","type":"sample"}
{"channel":"rr","display":14.018691588785046,"mu":0,"quality":"OK","raw":3202.7896474823606,"sigma":1.5,"state":"IDLE","t":"2026-07-09T06:13:30.2789102Z","type":"sample"}
{"channel":"rr","display":14.018691588785046,"mu":0,"quality":"OK","raw":3177.463931393749,"sigma":1.5,"state":"IDLE","t":"2026-07-09T06:13:30.3191652Z","type":"sample"}
{"channel":"rr","display":14.018691588785046,"mu":0,"quality":"OK","raw":3142.895268993825,"sigma":1.5,"state":"IDLE","t":"2026-07-09T06:13:30.3591641Z","type":"sample"}
{"channel":"rr","display":14.018691588785046,"mu":0,"quality":"OK","raw":3120.9536568892986,"sigma":1.5,"state":"IDLE","t":"2026-07-09T06:13:30.3989504Z","type":"sample"}
{"channel":"rr","display":14.018691588785046,"mu":0,"quality":"OK","raw":3105.452878752509,"sigma":1.5,"state":"IDLE","t":"2026-07-09T06:13:30.4392812Z","type":"sample"}
{"channel":"rr","display":14.018691588785046,"mu":0,"quality":"OK","raw":3049.529226435869,"sigma":1.5,"state":"IDLE","t":"2026-07-09T06:13:30.4787475Z","type":"sample"}
{"channel":"rr","display":14.018691588785046,"mu":0,"quality":"OK","raw":2995.328973301481,"sigma":1.5,"state":"IDLE","t":"2026-07-09T06:13:30.5192401Z","type":"sample"}
{"channel":"rr","display":14.018691588785046,"mu":0,"quality":"OK","raw":2965.1689142138807,"sigma":1.5,"state":"IDLE","t":"2026-07-09T06:13:30.5589934Z","type":"sample"}
{"channel":"rr","display":14.018691588785046,"mu":0,"quality":"OK","raw":2862.7272975450587,"sigma":1.5,"state":"IDLE","t":"2026-07-09T06:13:30.5987677Z","type":"sample"}
{"channel":"rr","display":14.018691588785046,"mu":0,"quality":"OK","raw":2824.5363971148754,"sigma":1.5,"state":"IDLE","t":"2026-07-09T06:13:30.6388015Z","type":"sample"}
{"channel":"rr","display":14.018691588785046,"mu":0,"quality":"OK","raw":2787.0548013844186,"sigma":1.5,"state":"IDLE","t":"2026-07-09T06:13:30.6789888Z","type":"sample"}
{"address":"/cue/r19/start","args":null,"channel":"system","dir":"out","t":"2026-07-09T06:13:30.714084Z","type":"osc"}
{"channel":"rr","display":14.018691588785046,"mu":0,"quality":"OK","raw":2697.5317318502143,"sigma":1.5,"state":"IDLE","t":"2026-07-09T06:13:30.7188458Z","type":"sample"}
{"address":"/cue/p/start","args":null,"channel":"system","dir":"out","t":"2026-07-09T06:13:30.7398679Z","type":"osc"}
{"channel":"rr","display":14.018691588785046,"mu":0,"quality":"OK","raw":2702.6734106370873,"sigma":1.5,"state":"IDLE","t":"2026-07-09T06:13:30.7588278Z","type":"sample"}
{"channel":"rr","display":14.018691588785046,"mu":0,"quality":"OK","raw":2606.6594102889353,"sigma":1.5,"state":"IDLE","t":"2026-07-09T06:13:30.7989865Z","type":"sample"}
{"channel":"rr","display":14.018691588785046,"mu":0,"quality":"OK","raw":2545.975163610133,"sigma":1.5,"state":"IDLE","t":"2026-07-09T06:13:30.8388352Z","type":"sample"}
{"channel":"rr","display":14.018691588785046,"mu":0,"quality":"OK","raw":2516.6196033050414,"sigma":1.5,"state":"IDLE","t":"2026-07-09T06:13:30.8790248Z","type":"sample"}
{"channel":"rr","display":14.018691588785046,"mu":0,"quality":"OK","raw":2454.291207023202,"sigma":1.5,"state":"IDLE","t":"2026-07-09T06:13:30.9189861Z","type":"sample"}
{"channel":"rr","display":14.018691588785046,"mu":0,"quality":"OK","raw":2379.131509423227,"sigma":1.5,"state":"IDLE","t":"2026-07-09T06:13:30.9589709Z","type":"sample"}
{"channel":"rr","display":14.018691588785046,"mu":0,"quality":"OK","raw":2313.1717217958053,"sigma":1.5,"state":"IDLE","t":"2026-07-09T06:13:30.998746Z","type":"sample"}
{"channel":"rr","display":14.018691588785046,"mu":0,"quality":"OK","raw":2222.1489017410513,"sigma":1.5,"state":"IDLE","t":"2026-07-09T06:13:31.0395487Z","type":"sample"}
{"channel":"rr","display":14.018691588785046,"mu":0,"quality":"OK","raw":2143.370409013511,"sigma":1.5,"state":"IDLE","t":"2026-07-09T06:13:31.0789261Z","type":"sample"}
{"channel":"rr","display":14.018691588785046,"mu":0,"quality":"OK","raw":2075.8937163015516,"sigma":1.5,"state":"IDLE","t":"2026-07-09T06:13:31.11892Z","type":"sample"}
{"channel":"rr","display":14.018691588785046,"mu":0,"quality":"OK","raw":2037.544849649169,"sigma":1.5,"state":"IDLE","t":"2026-07-09T06:13:31.159082Z","type":"sample"}
{"channel":"rr","display":14.018691588785046,"mu":0,"quality":"OK","raw":1942.508135521637,"sigma":1.5,"state":"IDLE","t":"2026-07-09T06:13:31.1989592Z","type":"sample"}
{"channel":"rr","display":14.018691588785046,"mu":0,"quality":"OK","raw":1880.4599090225681,"sigma":1.5,"state":"IDLE","t":"2026-07-09T06:13:31.2395893Z","type":"sample"}
{"channel":"rr","display":14.018691588785046,"mu":0,"quality":"OK","raw":1814.9358884413052,"sigma":1.5,"state":"IDLE","t":"2026-07-09T06:13:31.2789445Z","type":"sample"}
{"channel":"rr","display":14.018691588785046,"mu":0,"quality":"OK","raw":1740.11515177286,"sigma":1.5,"state":"IDLE","t":"2026-07-09T06:13:31.3187284Z","type":"sample"}
{"channel":"rr","display":14.018691588785046,"mu":0,"quality":"OK","raw":1677.4229345706558,"sigma":1.5,"state":"IDLE","t":"2026-07-09T06:13:31.3591635Z","type":"sample"}
{"channel":"rr","display":14.018691588785046,"mu":0,"quality":"OK","raw":1596.6179646748124,"sigma":1.5,"state":"IDLE","t":"2026-07-09T06:13:31.3988284Z","type":"sample"}
{"channel":"rr","display":14.018691588785046,"mu":0,"quality":"OK","raw":1526.9961173934373,"sigma":1.5,"state":"IDLE","t":"2026-07-09T06:13:31.4392039Z","type":"sample"}
{"channel":"rr","display":14.018691588785046,"mu":0,"quality":"OK","raw":1485.7372615393472,"sigma":1.5,"state":"IDLE","t":"2026-07-09T06:13:31.4790644Z","type":"sample"}
{"channel":"rr","display":14.018691588785046,"mu":0,"quality":"OK","raw":1393.5984219092084,"sigma":1.5,"state":"IDLE","t":"2026-07-09T06:13:31.5191906Z","type":"sample"}
{"channel":"rr","display":14.018691588785046,"mu":0,"quality":"OK","raw":1346.6628759039525,"sigma":1.5,"state":"IDLE","t":"2026-07-09T06:13:31.5590485Z","type":"sample"}
{"channel":"rr","display":14.018691588785046,"mu":0,"quality":"OK","raw":1286.882522111155,"sigma":1.5,"state":"IDLE","t":"2026-07-09T06:13:31.5991453Z","type":"sample"}
{"channel":"rr","display":14.018691588785046,"mu":0,"quality":"OK","raw":1263.762523842364,"sigma":1.5,"state":"IDLE","t":"2026-07-09T06:13:31.6390221Z","type":"sample"}
{"channel":"rr","display":14.018691588785046,"mu":0,"quality":"OK","raw":1195.91380989111,"sigma":1.5,"state":"IDLE","t":"2026-07-09T06:13:31.6793753Z","type":"sample"}
{"channel":"rr","display":14.018691588785046,"mu":0,"quality":"OK","raw":1149.2682151748845,"sigma":1.5,"state":"IDLE","t":"2026-07-09T06:13:31.7188585Z","type":"sample"}
{"address":"/cue/r19/start","args":null,"channel":"system","dir":"out","t":"2026-07-09T06:13:31.7188585Z","type":"osc"}
{"address":"/cue/p/start","args":null,"channel":"system","dir":"out","t":"2026-07-09T06:13:31.7398596Z","type":"osc"}
{"channel":"rr","display":14.018691588785046,"mu":0,"quality":"OK","raw":1125.0311586916928,"sigma":1.5,"state":"IDLE","t":"2026-07-09T06:13:31.7591972Z","type":"sample"}
{"channel":"rr","display":14.018691588785046,"mu":0,"quality":"OK","raw":1042.4363318823396,"sigma":1.5,"state":"IDLE","t":"2026-07-09T06:13:31.7989987Z","type":"sample"}
{"channel":"rr","display":14.018691588785046,"mu":0,"quality":"OK","raw":1035.4054068874877,"sigma":1.5,"state":"IDLE","t":"2026-07-09T06:13:31.8389593Z","type":"sample"}
{"channel":"rr","display":14.018691588785046,"mu":0,"quality":"OK","raw":992.7517984140949,"sigma":1.5,"state":"IDLE","t":"2026-07-09T06:13:31.8791357Z","type":"sample"}
{"channel":"rr","display":14.018691588785046,"mu":0,"quality":"OK","raw":968.557907517197,"sigma":1.5,"state":"IDLE","t":"2026-07-09T06:13:31.9188506Z","type":"sample"}
{"channel":"rr","display":14.018691588785046,"mu":0,"quality":"OK","raw":905.624494025914,"sigma":1.5,"state":"IDLE","t":"2026-07-09T06:13:31.9592166Z","type":"sample"}
{"channel":"rr","display":14.018691588785046,"mu":0,"quality":"OK","raw":897.1012493190501,"sigma":1.5,"state":"IDLE","t":"2026-07-09T06:13:31.9989197Z","type":"sample"}
{"channel":"rr","display":14.018691588785046,"mu":0,"quality":"OK","raw":918.2933118125588,"sigma":1.5,"state":"IDLE","t":"2026-07-09T06:13:32.0390204Z","type":"sample"}
{"channel":"rr","display":14.018691588785046,"mu":0,"quality":"OK","raw":882.7144136156655,"sigma":1.5,"state":"IDLE","t":"2026-07-09T06:13:32.078805Z","type":"sample"}
{"channel":"rr","display":14.018691588785046,"mu":0,"quality":"OK","raw":819.790196266336,"sigma":1.5,"state":"IDLE","t":"2026-07-09T06:13:32.119209Z","type":"sample"}
{"channel":"rr","display":14.018691588785046,"mu":0,"quality":"OK","raw":872.2348317046725,"sigma":1.5,"state":"IDLE","t":"2026-07-09T06:13:32.1591615Z","type":"sample"}
{"channel":"rr","display":14.018691588785046,"mu":0,"quality":"OK","raw":827.0332564982594,"sigma":1.5,"state":"IDLE","t":"2026-07-09T06:13:32.1988023Z","type":"sample"}
{"channel":"rr","display":14.018691588785046,"mu":0,"quality":"OK","raw":877.4989784890491,"sigma":1.5,"state":"IDLE","t":"2026-07-09T06:13:32.2389285Z","type":"sample"}
{"channel":"rr","display":14.018691588785046,"mu":0,"quality":"OK","raw":860.20291223902,"sigma":1.5,"state":"IDLE","t":"2026-07-09T06:13:32.2789982Z","type":"sample"}
{"channel":"rr","display":14.018691588785046,"mu":0,"quality":"OK","raw":875.1493984325759,"sigma":1.5,"state":"IDLE","t":"2026-07-09T06:13:32.3190314Z","type":"sample"}
{"channel":"rr","display":14.018691588785046,"mu":0,"quality":"OK","raw":881.6822766554872,"sigma":1.5,"state":"IDLE","t":"2026-07-09T06:13:32.359007Z","type":"sample"}
{"channel":"rr","display":14.018691588785046,"mu":0,"quality":"OK","raw":871.7005337382905,"sigma":1.5,"state":"IDLE","t":"2026-07-09T06:13:32.3988634Z","type":"sample"}
{"channel":"rr","display":14.018691588785046,"mu":0,"quality":"OK","raw":901.7219920712239,"sigma":1.5,"state":"IDLE","t":"2026-07-09T06:13:32.4390909Z","type":"sample"}
{"channel":"rr","display":14.018691588785046,"mu":0,"quality":"OK","raw":942.0850883709987,"sigma":1.5,"state":"IDLE","t":"2026-07-09T06:13:32.4790378Z","type":"sample"}
{"channel":"rr","display":14.018691588785046,"mu":0,"quality":"OK","raw":972.4324004128482,"sigma":1.5,"state":"IDLE","t":"2026-07-09T06:13:32.519064Z","type":"sample"}
{"channel":"rr","display":14.018691588785046,"mu":0,"quality":"OK","raw":988.2496230828625,"sigma":1.5,"state":"IDLE","t":"2026-07-09T06:13:32.5588894Z","type":"sample"}
{"channel":"rr","display":14.018691588785046,"mu":0,"quality":"OK","raw":1033.5948408033096,"sigma":1.5,"state":"IDLE","t":"2026-07-09T06:13:32.5992789Z","type":"sample"}
{"channel":"rr","display":14.018691588785046,"mu":0,"quality":"OK","raw":1081.7607854721953,"sigma":1.5,"state":"IDLE","t":"2026-07-09T06:13:32.6393559Z","type":"sample"}
{"channel":"rr","display":14.018691588785046,"mu":0,"quality":"OK","raw":1119.484544615813,"sigma":1.5,"state":"IDLE","t":"2026-07-09T06:13:32.6789337Z","type":"sample"}
{"channel":"rr","display":14.018691588785046,"mu":0,"quality":"OK","raw":1191.6824526139387,"sigma":1.5,"state":"IDLE","t":"2026-07-09T06:13:32.7191214Z","type":"sample"}
{"address":"/cue/r19/start","args":null,"channel":"system","dir":"out","t":"2026-07-09T06:13:32.7305209Z","type":"osc"}
{"address":"/cue/p/start","args":null,"channel":"system","dir":"out","t":"2026-07-09T06:13:32.7394848Z","type":"osc"}
{"channel":"rr","display":14.018691588785046,"mu":0,"quality":"OK","raw":1197.882925845013,"sigma":1.5,"state":"IDLE","t":"2026-07-09T06:13:32.7591661Z","type":"sample"}
{"channel":"rr","display":14.018691588785046,"mu":0,"quality":"OK","raw":1261.5631937222533,"sigma":1.5,"state":"IDLE","t":"2026-07-09T06:13:32.7991144Z","type":"sample"}
{"channel":"rr","display":14.018691588785046,"mu":0,"quality":"OK","raw":1324.6825384824742,"sigma":1.5,"state":"IDLE","t":"2026-07-09T06:13:32.8392004Z","type":"sample"}
{"channel":"rr","display":14.018691588785046,"mu":0,"quality":"OK","raw":1385.1297628952525,"sigma":1.5,"state":"IDLE","t":"2026-07-09T06:13:32.8792933Z","type":"sample"}
{"channel":"rr","display":14.018691588785046,"mu":0,"quality":"OK","raw":1439.613388659662,"sigma":1.5,"state":"IDLE","t":"2026-07-09T06:13:32.9192372Z","type":"sample"}
{"channel":"rr","display":14.018691588785046,"mu":0,"quality":"OK","raw":1492.6318020815934,"sigma":1.5,"state":"IDLE","t":"2026-07-09T06:13:32.9591916Z","type":"sample"}
{"channel":"rr","display":14.018691588785046,"mu":0,"quality":"OK","raw":1575.8827110411953,"sigma":1.5,"state":"IDLE","t":"2026-07-09T06:13:32.9990616Z","type":"sample"}
{"channel":"rr","display":14.018691588785046,"mu":0,"quality":"OK","raw":1618.6747279261767,"sigma":1.5,"state":"IDLE","t":"2026-07-09T06:13:33.0391207Z","type":"sample"}
{"channel":"rr","display":14.018691588785046,"mu":0,"quality":"OK","raw":1709.509999528499,"sigma":1.5,"state":"IDLE","t":"2026-07-09T06:13:33.0788081Z","type":"sample"}
{"channel":"rr","display":14.018691588785046,"mu":0,"quality":"OK","raw":1774.9770971339672,"sigma":1.5,"state":"IDLE","t":"2026-07-09T06:13:33.1192157Z","type":"sample"}
{"channel":"rr","display":14.018691588785046,"mu":0,"quality":"OK","raw":1841.8774283919445,"sigma":1.5,"state":"IDLE","t":"2026-07-09T06:13:33.1590741Z","type":"sample"}
{"channel":"rr","display":14.018691588785046,"mu":0,"quality":"OK","raw":1892.3740353635224,"sigma":1.5,"state":"IDLE","t":"2026-07-09T06:13:33.1990377Z","type":"sample"}
{"channel":"rr","display":14.018691588785046,"mu":0,"quality":"OK","raw":1968.5226102591068,"sigma":1.5,"state":"IDLE","t":"2026-07-09T06:13:33.2389862Z","type":"sample"}
{"channel":"rr","display":14.018691588785046,"mu":0,"quality":"OK","raw":2041.97746152642,"sigma":1.5,"state":"IDLE","t":"2026-07-09T06:13:33.2788036Z","type":"sample"}
{"channel":"rr","display":14.018691588785046,"mu":0,"quality":"OK","raw":2108.3954828918118,"sigma":1.5,"state":"IDLE","t":"2026-07-09T06:13:33.3187951Z","type":"sample"}
{"channel":"rr","display":14.018691588785046,"mu":0,"quality":"OK","raw":2193.9616761337106,"sigma":1.5,"state":"IDLE","t":"2026-07-09T06:13:33.3591914Z","type":"sample"}
{"channel":"rr","display":14.018691588785046,"mu":0,"quality":"OK","raw":2271.490688516171,"sigma":1.5,"state":"IDLE","t":"2026-07-09T06:13:33.398824Z","type":"sample"}
{"channel":"rr","display":14.018691588785046,"mu":0,"quality":"OK","raw":2350.0245789772516,"sigma":1.5,"state":"IDLE","t":"2026-07-09T06:13:33.4389284Z","type":"sample"}
{"channel":"rr","display":14.018691588785046,"mu":0,"quality":"OK","raw":2406.6149652035015,"sigma":1.5,"state":"IDLE","t":"2026-07-09T06:13:33.4787402Z","type":"sample"}
{"channel":"rr","display":14.018691588785046,"mu":0,"quality":"OK","raw":2452.504274906124,"sigma":1.5,"state":"IDLE","t":"2026-07-09T06:13:33.5187561Z","type":"sample"}
{"channel":"rr","display":14.018691588785046,"mu":0,"quality":"OK","raw":2498.179321446221,"sigma":1.5,"state":"IDLE","t":"2026-07-09T06:13:33.5588955Z","type":"sample"}
{"channel":"rr","display":14.018691588785046,"mu":0,"quality":"OK","raw":2592.4431453085867,"sigma":1.5,"state":"IDLE","t":"2026-07-09T06:13:33.599099Z","type":"sample"}
{"channel":"rr","display":14.018691588785046,"mu":0,"quality":"OK","raw":2656.7358972377842,"sigma":1.5,"state":"IDLE","t":"2026-07-09T06:13:33.6389495Z","type":"sample"}
{"channel":"rr","display":14.018691588785046,"mu":0,"quality":"OK","raw":2728.508640765546,"sigma":1.5,"state":"IDLE","t":"2026-07-09T06:13:33.6789742Z","type":"sample"}
{"channel":"rr","display":14.018691588785046,"mu":0,"quality":"OK","raw":2772.330928336616,"sigma":1.5,"state":"IDLE","t":"2026-07-09T06:13:33.7188087Z","type":"sample"}
{"address":"/cue/r19/start","args":null,"channel":"system","dir":"out","t":"2026-07-09T06:13:33.7416225Z","type":"osc"}
{"address":"/cue/p/start","args":null,"channel":"system","dir":"out","t":"2026-07-09T06:13:33.7416225Z","type":"osc"}
{"channel":"rr","display":14.018691588785046,"mu":0,"quality":"OK","raw":2819.328555811165,"sigma":1.5,"state":"IDLE","t":"2026-07-09T06:13:33.7591201Z","type":"sample"}
{"channel":"rr","display":14.018691588785046,"mu":0,"quality":"OK","raw":2847.2744256350798,"sigma":1.5,"state":"IDLE","t":"2026-07-09T06:13:33.7990375Z","type":"sample"}
{"channel":"rr","display":14.018691588785046,"mu":0,"quality":"OK","raw":2928.2953439222897,"sigma":1.5,"state":"IDLE","t":"2026-07-09T06:13:33.8392245Z","type":"sample"}
{"channel":"rr","display":14.018691588785046,"mu":0,"quality":"OK","raw":2973.7003559366603,"sigma":1.5,"state":"IDLE","t":"2026-07-09T06:13:33.8788406Z","type":"sample"}
{"channel":"rr","display":14.018691588785046,"mu":0,"quality":"OK","raw":3031.492640802332,"sigma":1.5,"state":"IDLE","t":"2026-07-09T06:13:33.9190693Z","type":"sample"}
{"channel":"rr","display":14.018691588785046,"mu":0,"quality":"OK","raw":3071.8765092795197,"sigma":1.5,"state":"IDLE","t":"2026-07-09T06:13:33.958794Z","type":"sample"}
{"channel":"rr","display":14.018691588785046,"mu":0,"quality":"OK","raw":3080.6840591558457,"sigma":1.5,"state":"IDLE","t":"2026-07-09T06:13:33.9989848Z","type":"sample"}
{"channel":"rr","display":14.018691588785046,"mu":0,"quality":"OK","raw":3110.8692118426284,"sigma":1.5,"state":"IDLE","t":"2026-07-09T06:13:34.0390189Z","type":"sample"}
{"channel":"rr","display":14.018691588785046,"mu":0,"quality":"OK","raw":3145.15503998337,"sigma":1.5,"state":"IDLE","t":"2026-07-09T06:13:34.0789218Z","type":"sample"}
{"channel":"rr","display":14.018691588785046,"mu":0,"quality":"OK","raw":3174.3125773893253,"sigma":1.5,"state":"IDLE","t":"2026-07-09T06:13:34.1188136Z","type":"sample"}
{"channel":"rr","display":14.018691588785046,"mu":0,"quality":"OK","raw":3219.13608942765,"sigma":1.5,"state":"IDLE","t":"2026-07-09T06:13:34.1587735Z","type":"sample"}
{"channel":"rr","display":14.018691588785046,"mu":0,"quality":"OK","raw":3241.3297470830344,"sigma":1.5,"state":"IDLE","t":"2026-07-09T06:13:34.1992025Z","type":"sample"}
{"channel":"rr","display":14.018691588785046,"mu":0,"quality":"OK","raw":3227.6819030497195,"sigma":1.5,"state":"IDLE","t":"2026-07-09T06:13:34.2391858Z","type":"sample"}
{"channel":"rr","display":14.018691588785046,"mu":0,"quality":"OK","raw":3246.3541661064464,"sigma":1.5,"state":"IDLE","t":"2026-07-09T06:13:34.2790842Z","type":"sample"}
{"channel":"rr","display":14.018691588785046,"mu":0,"quality":"OK","raw":3228.1081687478595,"sigma":1.5,"state":"IDLE","t":"2026-07-09T06:13:34.3189688Z","type":"sample"}
{"channel":"rr","display":14.018691588785046,"mu":0,"quality":"OK","raw":3260.44659215436,"sigma":1.5,"state":"IDLE","t":"2026-07-09T06:13:34.3590861Z","type":"sample"}
{"channel":"rr","display":14.018691588785046,"mu":0,"quality":"OK","raw":3229.5520944611158,"sigma":1.5,"state":"IDLE","t":"2026-07-09T06:13:34.399337Z","type":"sample"}
{"channel":"rr","display":14.018691588785046,"mu":0,"quality":"OK","raw":3227.463004512111,"sigma":1.5,"state":"IDLE","t":"2026-07-09T06:13:34.4391992Z","type":"sample"}
{"channel":"rr","display":14.018691588785046,"mu":0,"quality":"OK","raw":3240.9921496116276,"sigma":1.5,"state":"IDLE","t":"2026-07-09T06:13:34.478898Z","type":"sample"}
{"channel":"rr","display":14.018691588785046,"mu":0,"quality":"OK","raw":3218.1696366826386,"sigma":1.5,"state":"IDLE","t":"2026-07-09T06:13:34.518826Z","type":"sample"}
{"channel":"rr","display":14.018691588785046,"mu":0,"quality":"OK","raw":3163.1860018898346,"sigma":1.5,"state":"IDLE","t":"2026-07-09T06:13:34.5591426Z","type":"sample"}
{"channel":"rr","display":14.018691588785046,"mu":0,"quality":"OK","raw":3143.0975430534127,"sigma":1.5,"state":"IDLE","t":"2026-07-09T06:13:34.5991514Z","type":"sample"}
{"channel":"rr","display":14.018691588785046,"mu":0,"quality":"OK","raw":3144.1548447327973,"sigma":1.5,"state":"IDLE","t":"2026-07-09T06:13:34.638783Z","type":"sample"}
{"channel":"rr","display":14.018691588785046,"mu":0,"quality":"OK","raw":3125.1405065004483,"sigma":1.5,"state":"IDLE","t":"2026-07-09T06:13:34.6789548Z","type":"sample"}
{"channel":"rr","display":14.018691588785046,"mu":0,"quality":"OK","raw":3089.9871663245026,"sigma":1.5,"state":"IDLE","t":"2026-07-09T06:13:34.7190193Z","type":"sample"}
{"address":"/cue/p/start","args":null,"channel":"system","dir":"out","t":"2026-07-09T06:13:34.7400211Z","type":"osc"}
{"address":"/cue/r19/start","args":null,"channel":"system","dir":"out","t":"2026-07-09T06:13:34.7534549Z","type":"osc"}
{"channel":"rr","display":14.018691588785046,"mu":0,"quality":"OK","raw":3032.4373590875357,"sigma":1.5,"state":"IDLE","t":"2026-07-09T06:13:34.7587979Z","type":"sample"}
{"channel":"rr","display":14.018691588785046,"mu":0,"quality":"OK","raw":3014.2367856961177,"sigma":1.5,"state":"IDLE","t":"2026-07-09T06:13:34.7993489Z","type":"sample"}
{"channel":"rr","display":14.018691588785046,"mu":0,"quality":"OK","raw":2944.3104139448255,"sigma":1.5,"state":"IDLE","t":"2026-07-09T06:13:34.8389589Z","type":"sample"}
{"channel":"rr","display":14.018691588785046,"mu":0,"quality":"OK","raw":2904.3625202478875,"sigma":1.5,"state":"IDLE","t":"2026-07-09T06:13:34.8791783Z","type":"sample"}
{"channel":"rr","display":14.018691588785046,"mu":0,"quality":"OK","raw":2847.857617341473,"sigma":1.5,"state":"IDLE","t":"2026-07-09T06:13:34.9190827Z","type":"sample"}
{"channel":"rr","display":14.018691588785046,"mu":0,"quality":"OK","raw":2797.501851398879,"sigma":1.5,"state":"IDLE","t":"2026-07-09T06:13:34.9591395Z","type":"sample"}
{"channel":"rr","display":14.018691588785046,"mu":0,"quality":"OK","raw":2725.037796744729,"sigma":1.5,"state":"IDLE","t":"2026-07-09T06:13:34.9988996Z","type":"sample"}
{"channel":"rr","display":14.018691588785046,"mu":0,"quality":"OK","raw":2688.936046416912,"sigma":1.5,"state":"IDLE","t":"2026-07-09T06:13:35.0390499Z","type":"sample"}
{"channel":"rr","display":14.018691588785046,"mu":0,"quality":"OK","raw":2638.3912037036043,"sigma":1.5,"state":"IDLE","t":"2026-07-09T06:13:35.0788351Z","type":"sample"}
{"channel":"rr","display":14.018691588785046,"mu":0,"quality":"OK","raw":2586.8458384195824,"sigma":1.5,"state":"IDLE","t":"2026-07-09T06:13:35.1187999Z","type":"sample"}
{"channel":"rr","display":14.018691588785046,"mu":0,"quality":"OK","raw":2475.7047545444725,"sigma":1.5,"state":"IDLE","t":"2026-07-09T06:13:35.158861Z","type":"sample"}
{"channel":"rr","display":14.018691588785046,"mu":0,"quality":"OK","raw":2427.74669851473,"sigma":1.5,"state":"IDLE","t":"2026-07-09T06:13:35.1988018Z","type":"sample"}
{"channel":"rr","display":14.018691588785046,"mu":0,"quality":"OK","raw":2336.399309340516,"sigma":1.5,"state":"IDLE","t":"2026-07-09T06:13:35.239077Z","type":"sample"}
{"channel":"rr","display":14.018691588785046,"mu":0,"quality":"OK","raw":2293.453653913688,"sigma":1.5,"state":"IDLE","t":"2026-07-09T06:13:35.278888Z","type":"sample"}
{"channel":"rr","display":14.018691588785046,"mu":0,"quality":"OK","raw":2212.4964822567454,"sigma":1.5,"state":"IDLE","t":"2026-07-09T06:13:35.3193993Z","type":"sample"}
{"channel":"rr","display":14.018691588785046,"mu":0,"quality":"OK","raw":2152.1209024830096,"sigma":1.5,"state":"IDLE","t":"2026-07-09T06:13:35.3590529Z","type":"sample"}
{"channel":"rr","display":14.018691588785046,"mu":0,"quality":"OK","raw":2084.813906057514,"sigma":1.5,"state":"IDLE","t":"2026-07-09T06:13:35.3992209Z","type":"sample"}
{"channel":"rr","display":14.018691588785046,"mu":0,"quality":"OK","raw":1994.1904376968023,"sigma":1.5,"state":"IDLE","t":"2026-07-09T06:13:35.4390701Z","type":"sample"}
{"channel":"rr","display":14.018691588785046,"mu":0,"quality":"OK","raw":1939.7649719306912,"sigma":1.5,"state":"IDLE","t":"2026-07-09T06:13:35.4792293Z","type":"sample"}
{"channel":"rr","display":14.018691588785046,"mu":0,"quality":"OK","raw":1861.764600566509,"sigma":1.5,"state":"IDLE","t":"2026-07-09T06:13:35.5192891Z","type":"sample"}
{"channel":"rr","display":14.018691588785046,"mu":0,"quality":"OK","raw":1805.3986949572086,"sigma":1.5,"state":"IDLE","t":"2026-07-09T06:13:35.5589764Z","type":"sample"}
{"channel":"rr","display":14.018691588785046,"mu":0,"quality":"OK","raw":1745.681709536076,"sigma":1.5,"state":"IDLE","t":"2026-07-09T06:13:35.5992529Z","type":"sample"}
{"channel":"rr","display":14.018691588785046,"mu":0,"quality":"OK","raw":1655.9889005125763,"sigma":1.5,"state":"IDLE","t":"2026-07-09T06:13:35.6389739Z","type":"sample"}
{"channel":"rr","display":14.018691588785046,"mu":0,"quality":"OK","raw":1573.2816530368405,"sigma":1.5,"state":"IDLE","t":"2026-07-09T06:13:35.6792654Z","type":"sample"}
{"channel":"rr","display":14.018691588785046,"mu":0,"quality":"OK","raw":1535.4185811092175,"sigma":1.5,"state":"IDLE","t":"2026-07-09T06:13:35.7190647Z","type":"sample"}
{"address":"/cue/p/start","args":null,"channel":"system","dir":"out","t":"2026-07-09T06:13:35.7394423Z","type":"osc"}
{"address":"/cue/r19/start","args":null,"channel":"system","dir":"out","t":"2026-07-09T06:13:35.7580031Z","type":"osc"}
{"channel":"rr","display":14.018691588785046,"mu":0,"quality":"OK","raw":1472.4225353900622,"sigma":1.5,"state":"IDLE","t":"2026-07-09T06:13:35.7590375Z","type":"sample"}
{"channel":"rr","display":14.018691588785046,"mu":0,"quality":"OK","raw":1401.7006623384198,"sigma":1.5,"state":"IDLE","t":"2026-07-09T06:13:35.7987469Z","type":"sample"}
{"channel":"rr","display":14.018691588785046,"mu":0,"quality":"OK","raw":1360.946646135961,"sigma":1.5,"state":"IDLE","t":"2026-07-09T06:13:35.83923Z","type":"sample"}
{"channel":"rr","display":14.018691588785046,"mu":0,"quality":"OK","raw":1308.6471922741416,"sigma":1.5,"state":"IDLE","t":"2026-07-09T06:13:35.8790381Z","type":"sample"}
{"channel":"rr","display":14.018691588785046,"mu":0,"quality":"OK","raw":1233.9008687668127,"sigma":1.5,"state":"IDLE","t":"2026-07-09T06:13:35.9192435Z","type":"sample"}
{"channel":"rr","display":14.018691588785046,"mu":0,"quality":"OK","raw":1176.929774870092,"sigma":1.5,"state":"IDLE","t":"2026-07-09T06:13:35.9587109Z","type":"sample"}
{"channel":"rr","display":14.018691588785046,"mu":0,"quality":"OK","raw":1139.9432365924863,"sigma":1.5,"state":"IDLE","t":"2026-07-09T06:13:35.9992656Z","type":"sample"}
{"channel":"rr","display":14.018691588785046,"mu":0,"quality":"OK","raw":1075.592917395585,"sigma":1.5,"state":"IDLE","t":"2026-07-09T06:13:36.0391421Z","type":"sample"}
{"channel":"rr","display":14.018691588785046,"mu":0,"quality":"OK","raw":1086.085256632876,"sigma":1.5,"state":"IDLE","t":"2026-07-09T06:13:36.0787297Z","type":"sample"}
{"channel":"rr","display":14.018691588785046,"mu":0,"quality":"OK","raw":999.5488775482735,"sigma":1.5,"state":"IDLE","t":"2026-07-09T06:13:36.1188926Z","type":"sample"}
{"channel":"rr","display":14.018691588785046,"mu":0,"quality":"OK","raw":993.5259983577703,"sigma":1.5,"state":"IDLE","t":"2026-07-09T06:13:36.1591947Z","type":"sample"}
{"channel":"rr","display":14.018691588785046,"mu":0,"quality":"OK","raw":954.8894444406145,"sigma":1.5,"state":"IDLE","t":"2026-07-09T06:13:36.1990424Z","type":"sample"}
{"channel":"rr","display":14.018691588785046,"mu":0,"quality":"OK","raw":923.8078445857615,"sigma":1.5,"state":"IDLE","t":"2026-07-09T06:13:36.2388608Z","type":"sample"}
{"channel":"rr","display":14.018691588785046,"mu":0,"quality":"OK","raw":909.3886916504066,"sigma":1.5,"state":"IDLE","t":"2026-07-09T06:13:36.2789438Z","type":"sample"}
{"channel":"rr","display":14.018691588785046,"mu":0,"quality":"OK","raw":857.8725065506954,"sigma":1.5,"state":"IDLE","t":"2026-07-09T06:13:36.3188202Z","type":"sample"}
{"channel":"rr","display":14.018691588785046,"mu":0,"quality":"OK","raw":885.5520334170043,"sigma":1.5,"state":"IDLE","t":"2026-07-09T06:13:36.359498Z","type":"sample"}
{"channel":"rr","display":14.018691588785046,"mu":0,"quality":"OK","raw":871.7188498312685,"sigma":1.5,"state":"IDLE","t":"2026-07-09T06:13:36.3990475Z","type":"sample"}
{"channel":"rr","display":14.018691588785046,"mu":0,"quality":"OK","raw":838.1026399109327,"sigma":1.5,"state":"IDLE","t":"2026-07-09T06:13:36.438948Z","type":"sample"}
{"channel":"rr","display":14.018691588785046,"mu":0,"quality":"OK","raw":862.5403982359273,"sigma":1.5,"state":"IDLE","t":"2026-07-09T06:13:36.4790534Z","type":"sample"}
{"channel":"rr","display":14.018691588785046,"mu":0,"quality":"OK","raw":860.5926597074703,"sigma":1.5,"state":"IDLE","t":"2026-07-09T06:13:36.5188685Z","type":"sample"}
{"channel":"rr","display":14.018691588785046,"mu":0,"quality":"OK","raw":898.7153523392868,"sigma":1.5,"state":"IDLE","t":"2026-07-09T06:13:36.5588756Z","type":"sample"}
{"channel":"rr","display":14.018691588785046,"mu":0,"quality":"OK","raw":894.263089375982,"sigma":1.5,"state":"IDLE","t":"2026-07-09T06:13:36.5990477Z","type":"sample"}
{"channel":"rr","display":14.018691588785046,"mu":0,"quality":"OK","raw":905.7685016851742,"sigma":1.5,"state":"IDLE","t":"2026-07-09T06:13:36.6397097Z","type":"sample"}
{"channel":"rr","display":14.018691588785046,"mu":0,"quality":"OK","raw":906.8258892411747,"sigma":1.5,"state":"IDLE","t":"2026-07-09T06:13:36.6794619Z","type":"sample"}
{"channel":"rr","display":14.018691588785046,"mu":0,"quality":"OK","raw":928.5751971193216,"sigma":1.5,"state":"IDLE","t":"2026-07-09T06:13:36.7190548Z","type":"sample"}
{"address":"/cue/p/start","args":null,"channel":"system","dir":"out","t":"2026-07-09T06:13:36.7402311Z","type":"osc"}
{"channel":"rr","display":14.018691588785046,"mu":0,"quality":"OK","raw":953.6627407623541,"sigma":1.5,"state":"IDLE","t":"2026-07-09T06:13:36.7590195Z","type":"sample"}
{"address":"/cue/r19/start","args":null,"channel":"system","dir":"out","t":"2026-07-09T06:13:36.7694014Z","type":"osc"}
{"channel":"rr","display":14.018691588785046,"mu":0,"quality":"OK","raw":955.4828887532016,"sigma":1.5,"state":"IDLE","t":"2026-07-09T06:13:36.7991289Z","type":"sample"}
{"channel":"rr","display":14.018691588785046,"mu":0,"quality":"OK","raw":1019.197286425605,"sigma":1.5,"state":"IDLE","t":"2026-07-09T06:13:36.8388533Z","type":"sample"}
{"channel":"rr","display":14.018691588785046,"mu":0,"quality":"OK","raw":1017.3001496116017,"sigma":1.5,"state":"IDLE","t":"2026-07-09T06:13:36.8792399Z","type":"sample"}
{"channel":"rr","display":14.018691588785046,"mu":0,"quality":"OK","raw":1084.748017638872,"sigma":1.5,"state":"IDLE","t":"2026-07-09T06:13:36.9193091Z","type":"sample"}
{"channel":"rr","display":14.018691588785046,"mu":0,"quality":"OK","raw":1094.0941708943224,"sigma":1.5,"state":"IDLE","t":"2026-07-09T06:13:36.9592545Z","type":"sample"}
{"channel":"rr","display":14.018691588785046,"mu":0,"quality":"OK","raw":1167.2757150496218,"sigma":1.5,"state":"IDLE","t":"2026-07-09T06:13:36.9989291Z","type":"sample"}
{"channel":"rr","display":14.018691588785046,"mu":0,"quality":"OK","raw":1221.3129237690935,"sigma":1.5,"state":"IDLE","t":"2026-07-09T06:13:37.0390879Z","type":"sample"}
{"channel":"rr","display":14.018691588785046,"mu":0,"quality":"OK","raw":1239.88571796529,"sigma":1.5,"state":"IDLE","t":"2026-07-09T06:13:37.0788722Z","type":"sample"}
{"channel":"rr","display":14.018691588785046,"mu":0,"quality":"OK","raw":1338.7777948228393,"sigma":1.5,"state":"IDLE","t":"2026-07-09T06:13:37.1189319Z","type":"sample"}
{"channel":"rr","display":14.018691588785046,"mu":0,"quality":"OK","raw":1369.0519149814588,"sigma":1.5,"state":"IDLE","t":"2026-07-09T06:13:37.1591349Z","type":"sample"}
{"channel":"rr","display":14.018691588785046,"mu":0,"quality":"OK","raw":1451.4433580372674,"sigma":1.5,"state":"IDLE","t":"2026-07-09T06:13:37.198933Z","type":"sample"}
{"channel":"rr","display":14.018691588785046,"mu":0,"quality":"OK","raw":1502.619924971968,"sigma":1.5,"state":"IDLE","t":"2026-07-09T06:13:37.2389384Z","type":"sample"}
{"channel":"rr","display":14.018691588785046,"mu":0,"quality":"OK","raw":1574.0756168886012,"sigma":1.5,"state":"IDLE","t":"2026-07-09T06:13:37.278808Z","type":"sample"}
{"channel":"rr","display":14.018691588785046,"mu":0,"quality":"OK","raw":1636.7628749438245,"sigma":1.5,"state":"IDLE","t":"2026-07-09T06:13:37.3189426Z","type":"sample"}
{"channel":"rr","display":14.018691588785046,"mu":0,"quality":"OK","raw":1679.7890178614791,"sigma":1.5,"state":"IDLE","t":"2026-07-09T06:13:37.358842Z","type":"sample"}
{"channel":"rr","display":14.018691588785046,"mu":0,"quality":"OK","raw":1771.3351798215494,"sigma":1.5,"state":"IDLE","t":"2026-07-09T06:13:37.3988449Z","type":"sample"}
{"channel":"rr","display":14.018691588785046,"mu":0,"quality":"OK","raw":1829.3355606321504,"sigma":1.5,"state":"IDLE","t":"2026-07-09T06:13:37.4392198Z","type":"sample"}
{"channel":"rr","display":14.018691588785046,"mu":0,"quality":"OK","raw":1900.0118954411585,"sigma":1.5,"state":"IDLE","t":"2026-07-09T06:13:37.4787739Z","type":"sample"}
{"channel":"rr","display":14.018691588785046,"mu":0,"quality":"OK","raw":1992.5192581552592,"sigma":1.5,"state":"IDLE","t":"2026-07-09T06:13:37.5190015Z","type":"sample"}
{"channel":"rr","display":14.018691588785046,"mu":0,"quality":"OK","raw":2053.06697419888,"sigma":1.5,"state":"IDLE","t":"2026-07-09T06:13:37.5590181Z","type":"sample"}
{"channel":"rr","display":14.018691588785046,"mu":0,"quality":"OK","raw":2109.5491761774247,"sigma":1.5,"state":"IDLE","t":"2026-07-09T06:13:37.5988753Z","type":"sample"}
{"channel":"rr","display":14.018691588785046,"mu":0,"quality":"OK","raw":2193.7900368663704,"sigma":1.5,"state":"IDLE","t":"2026-07-09T06:13:37.6390145Z","type":"sample"}
{"channel":"rr","display":14.018691588785046,"mu":0,"quality":"OK","raw":2279.612707262108,"sigma":1.5,"state":"IDLE","t":"2026-07-09T06:13:37.6788367Z","type":"sample"}
{"channel":"rr","display":14.018691588785046,"mu":0,"quality":"OK","raw":2374.254036239408,"sigma":1.5,"state":"IDLE","t":"2026-07-09T06:13:37.7195004Z","type":"sample"}
{"address":"/cue/p/start","args":null,"channel":"system","dir":"out","t":"2026-07-09T06:13:37.7400089Z","type":"osc"}
{"channel":"rr","display":14.018691588785046,"mu":0,"quality":"OK","raw":2411.992222767865,"sigma":1.5,"state":"IDLE","t":"2026-07-09T06:13:37.7590508Z","type":"sample"}
{"address":"/cue/r19/start","args":null,"channel":"system","dir":"out","t":"2026-07-09T06:13:37.773148Z","type":"osc"}
{"channel":"rr","display":14.018691588785046,"mu":0,"quality":"OK","raw":2453.943605929671,"sigma":1.5,"state":"IDLE","t":"2026-07-09T06:13:37.7989595Z","type":"sample"}
{"channel":"rr","display":14.018691588785046,"mu":0,"quality":"OK","raw":2527.569319605384,"sigma":1.5,"state":"IDLE","t":"2026-07-09T06:13:37.8391675Z","type":"sample"}
{"channel":"rr","display":14.018691588785046,"mu":0,"quality":"OK","raw":2611.780311724857,"sigma":1.5,"state":"IDLE","t":"2026-07-09T06:13:37.8792857Z","type":"sample"}
{"channel":"rr","display":14.018691588785046,"mu":0,"quality":"OK","raw":2641.4543882421112,"sigma":1.5,"state":"IDLE","t":"2026-07-09T06:13:37.918781Z","type":"sample"}
{"channel":"rr","display":14.018691588785046,"mu":0,"quality":"OK","raw":2718.5615506225627,"sigma":1.5,"state":"IDLE","t":"2026-07-09T06:13:37.958907Z","type":"sample"}
{"channel":"rr","display":14.018691588785046,"mu":0,"quality":"OK","raw":2783.0163766674123,"sigma":1.5,"state":"IDLE","t":"2026-07-09T06:13:37.9990774Z","type":"sample"}
{"channel":"rr","display":14.018691588785046,"mu":0,"quality":"OK","raw":2825.595608381707,"sigma":1.5,"state":"IDLE","t":"2026-07-09T06:13:38.0394007Z","type":"sample"}
{"channel":"rr","display":14.018691588785046,"mu":0,"quality":"OK","raw":2890.3985382842147,"sigma":1.5,"state":"IDLE","t":"2026-07-09T06:13:38.0790427Z","type":"sample"}
{"channel":"rr","display":14.018691588785046,"mu":0,"quality":"OK","raw":2934.4501824611593,"sigma":1.5,"state":"IDLE","t":"2026-07-09T06:13:38.1192625Z","type":"sample"}
{"channel":"rr","display":14.018691588785046,"mu":0,"quality":"OK","raw":2972.4044918516024,"sigma":1.5,"state":"IDLE","t":"2026-07-09T06:13:38.1588247Z","type":"sample"}
{"channel":"rr","display":14.018691588785046,"mu":0,"quality":"OK","raw":3016.5292470509503,"sigma":1.5,"state":"IDLE","t":"2026-07-09T06:13:38.1988665Z","type":"sample"}
{"channel":"rr","display":14.018691588785046,"mu":0,"quality":"OK","raw":3053.2672391722617,"sigma":1.5,"state":"IDLE","t":"2026-07-09T06:13:38.2390987Z","type":"sample"}
{"channel":"rr","display":14.018691588785046,"mu":0,"quality":"OK","raw":3121.9393537258993,"sigma":1.5,"state":"IDLE","t":"2026-07-09T06:13:38.2792171Z","type":"sample"}
{"channel":"rr","display":14.018691588785046,"mu":0,"quality":"OK","raw":3142.422550947761,"sigma":1.5,"state":"IDLE","t":"2026-07-09T06:13:38.3191212Z","type":"sample"}
{"channel":"rr","display":14.018691588785046,"mu":0,"quality":"OK","raw":3157.554299941123,"sigma":1.5,"state":"IDLE","t":"2026-07-09T06:13:38.3590891Z","type":"sample"}
{"channel":"rr","display":14.018691588785046,"mu":0,"quality":"OK","raw":3174.5201580613943,"sigma":1.5,"state":"IDLE","t":"2026-07-09T06:13:38.39908Z","type":"sample"}
{"channel":"rr","display":14.018691588785046,"mu":0,"quality":"OK","raw":3179.4209305560457,"sigma":1.5,"state":"IDLE","t":"2026-07-09T06:13:38.4390934Z","type":"sample"}
{"channel":"rr","display":14.018691588785046,"mu":0,"quality":"OK","raw":3218.1510577536756,"sigma":1.5,"state":"IDLE","t":"2026-07-09T06:13:38.4793418Z","type":"sample"}
{"channel":"rr","display":14.018691588785046,"mu":0,"quality":"OK","raw":3243.1696232411555,"sigma":1.5,"state":"IDLE","t":"2026-07-09T06:13:38.5192507Z","type":"sample"}
{"channel":"rr","display":14.018691588785046,"mu":0,"quality":"OK","raw":3240.912127308484,"sigma":1.5,"state":"IDLE","t":"2026-07-09T06:13:38.5588822Z","type":"sample"}
{"channel":"rr","display":14.018691588785046,"mu":0,"quality":"OK","raw":3235.958692301053,"sigma":1.5,"state":"IDLE","t":"2026-07-09T06:13:38.598962Z","type":"sample"}
{"channel":"rr","display":14.018691588785046,"mu":0,"quality":"OK","raw":3219.895829767968,"sigma":1.5,"state":"IDLE","t":"2026-07-09T06:13:38.6390471Z","type":"sample"}
{"channel":"rr","display":14.018691588785046,"mu":0,"quality":"OK","raw":3241.0708873178723,"sigma":1.5,"state":"IDLE","t":"2026-07-09T06:13:38.6794904Z","type":"sample"}
{"channel":"rr","display":14.018691588785046,"mu":0,"quality":"OK","raw":3240.231707173373,"sigma":1.5,"state":"IDLE","t":"2026-07-09T06:13:38.7192886Z","type":"sample"}
{"address":"/cue/p/start","args":null,"channel":"system","dir":"out","t":"2026-07-09T06:13:38.7469269Z","type":"osc"}
{"channel":"rr","display":14.018691588785046,"mu":0,"quality":"OK","raw":3263.982222185916,"sigma":1.5,"state":"IDLE","t":"2026-07-09T06:13:38.7593932Z","type":"sample"}
{"address":"/cue/r19/start","args":null,"channel":"system","dir":"out","t":"2026-07-09T06:13:38.7782559Z","type":"osc"}
{"channel":"rr","display":14.018691588785046,"mu":0,"quality":"OK","raw":3214.5398149902094,"sigma":1.5,"state":"IDLE","t":"2026-07-09T06:13:38.7992266Z","type":"sample"}
{"channel":"rr","display":14.018691588785046,"mu":0,"quality":"OK","raw":3190.951849201517,"sigma":1.5,"state":"IDLE","t":"2026-07-09T06:13:38.8390847Z","type":"sample"}
{"channel":"rr","display":14.018691588785046,"mu":0,"quality":"OK","raw":3175.4061982147746,"sigma":1.5,"state":"IDLE","t":"2026-07-09T06:13:38.8790888Z","type":"sample"}
{"channel":"rr","display":14.018691588785046,"mu":0,"quality":"OK","raw":3146.8580240198694,"sigma":1.5,"state":"IDLE","t":"2026-07-09T06:13:38.9189344Z","type":"sample"}
{"channel":"rr","display":14.018691588785046,"mu":0,"quality":"OK","raw":3114.674219360553,"sigma":1.5,"state":"IDLE","t":"2026-07-09T06:13:38.958763Z","type":"sample"}
{"channel":"rr","display":14.018691588785046,"mu":0,"quality":"OK","raw":3057.344748858371,"sigma":1.5,"state":"IDLE","t":"2026-07-09T06:13:38.9988598Z","type":"sample"}
{"channel":"rr","display":14.018691588785046,"mu":0,"quality":"OK","raw":3053.95324283304,"sigma":1.5,"state":"IDLE","t":"2026-07-09T06:13:39.039008Z","type":"sample"}
{"channel":"rr","display":14.018691588785046,"mu":0,"quality":"OK","raw":2983.9457063131977,"sigma":1.5,"state":"IDLE","t":"2026-07-09T06:13:39.0788849Z","type":"sample"}
{"channel":"rr","display":14.018691588785046,"mu":0,"quality":"OK","raw":2979.3382253811315,"sigma":1.5,"state":"IDLE","t":"2026-07-09T06:13:39.1192328Z","type":"sample"}
{"channel":"rr","display":14.018691588785046,"mu":0,"quality":"OK","raw":2908.797537646093,"sigma":1.5,"state":"IDLE","t":"2026-07-09T06:13:39.1592147Z","type":"sample"}
{"channel":"rr","display":14.018691588785046,"mu":0,"quality":"OK","raw":2836.5050997511958,"sigma":1.5,"state":"IDLE","t":"2026-07-09T06:13:39.1990667Z","type":"sample"}
{"channel":"rr","display":14.018691588785046,"mu":0,"quality":"OK","raw":2803.407716120806,"sigma":1.5,"state":"IDLE","t":"2026-07-09T06:13:39.2388778Z","type":"sample"}
{"channel":"rr","display":14.018691588785046,"mu":0,"quality":"OK","raw":2741.230021740302,"sigma":1.5,"state":"IDLE","t":"2026-07-09T06:13:39.2792487Z","type":"sample"}
{"channel":"rr","display":14.018691588785046,"mu":0,"quality":"OK","raw":2684.0735388240564,"sigma":1.5,"state":"IDLE","t":"2026-07-09T06:13:39.3188239Z","type":"sample"}
{"channel":"rr","display":14.018691588785046,"mu":0,"quality":"OK","raw":2587.573398368547,"sigma":1.5,"state":"IDLE","t":"2026-07-09T06:13:39.3616056Z","type":"sample"}
{"channel":"rr","display":14.018691588785046,"mu":0,"quality":"OK","raw":2560.1315159074225,"sigma":1.5,"state":"IDLE","t":"2026-07-09T06:13:39.3994059Z","type":"sample"}
{"channel":"rr","display":14.018691588785046,"mu":0,"quality":"OK","raw":2521.552384559869,"sigma":1.5,"state":"IDLE","t":"2026-07-09T06:13:39.4392989Z","type":"sample"}
{"channel":"rr","display":14.018691588785046,"mu":0,"quality":"OK","raw":2445.7253774626606,"sigma":1.5,"state":"IDLE","t":"2026-07-09T06:13:39.4788609Z","type":"sample"}
{"channel":"rr","display":14.018691588785046,"mu":0,"quality":"OK","raw":2376.885205615276,"sigma":1.5,"state":"IDLE","t":"2026-07-09T06:13:39.5192336Z","type":"sample"}
{"channel":"rr","display":14.018691588785046,"mu":0,"quality":"OK","raw":2304.911925698257,"sigma":1.5,"state":"IDLE","t":"2026-07-09T06:13:39.559118Z","type":"sample"}
{"channel":"rr","display":14.018691588785046,"mu":0,"quality":"OK","raw":2202.156549025274,"sigma":1.5,"state":"IDLE","t":"2026-07-09T06:13:39.5991818Z","type":"sample"}
{"channel":"rr","display":14.018691588785046,"mu":0,"quality":"OK","raw":2151.2446008693664,"sigma":1.5,"state":"IDLE","t":"2026-07-09T06:13:39.6390787Z","type":"sample"}
{"channel":"rr","display":14.018691588785046,"mu":0,"quality":"OK","raw":2087.472213212717,"sigma":1.5,"state":"IDLE","t":"2026-07-09T06:13:39.6790785Z","type":"sample"}
{"channel":"rr","display":14.018691588785046,"mu":0,"quality":"OK","raw":2021.499593840164,"sigma":1.5,"state":"IDLE","t":"2026-07-09T06:13:39.7189919Z","type":"sample"}
{"address":"/cue/p/start","args":null,"channel":"system","dir":"out","t":"2026-07-09T06:13:39.7399587Z","type":"osc"}
{"channel":"rr","display":14.018691588785046,"mu":0,"quality":"OK","raw":1961.6411385768465,"sigma":1.5,"state":"IDLE","t":"2026-07-09T06:13:39.7590125Z","type":"sample"}
{"address":"/cue/r19/start","args":null,"channel":"system","dir":"out","t":"2026-07-09T06:13:39.7900497Z","type":"osc"}
{"channel":"rr","display":14.018691588785046,"mu":0,"quality":"OK","raw":1872.2090431216284,"sigma":1.5,"state":"IDLE","t":"2026-07-09T06:13:39.798885Z","type":"sample"}
{"channel":"rr","display":14.018691588785046,"mu":0,"quality":"OK","raw":1804.2354042668317,"sigma":1.5,"state":"IDLE","t":"2026-07-09T06:13:39.8388491Z","type":"sample"}
{"channel":"rr","display":14.018691588785046,"mu":0,"quality":"OK","raw":1737.039710946537,"sigma":1.5,"state":"IDLE","t":"2026-07-09T06:13:39.8787724Z","type":"sample"}
{"channel":"rr","display":14.018691588785046,"mu":0,"quality":"OK","raw":1665.6906468386906,"sigma":1.5,"state":"IDLE","t":"2026-07-09T06:13:39.9190522Z","type":"sample"}
{"channel":"rr","display":14.018691588785046,"mu":0,"quality":"OK","raw":1592.6870061774987,"sigma":1.5,"state":"IDLE","t":"2026-07-09T06:13:39.9591242Z","type":"sample"}
{"channel":"rr","display":14.018691588785046,"mu":0,"quality":"OK","raw":1541.377686341533,"sigma":1.5,"state":"IDLE","t":"2026-07-09T06:13:39.9993736Z","type":"sample"}
{"channel":"rr","display":14.018691588785046,"mu":0,"quality":"OK","raw":1456.2551054280798,"sigma":1.5,"state":"IDLE","t":"2026-07-09T06:13:40.039053Z","type":"sample"}
{"channel":"rr","display":14.018691588785046,"mu":0,"quality":"OK","raw":1402.9740998458904,"sigma":1.5,"state":"IDLE","t":"2026-07-09T06:13:40.0793785Z","type":"sample"}
{"channel":"rr","display":14.018691588785046,"mu":0,"quality":"OK","raw":1341.0944275855709,"sigma":1.5,"state":"IDLE","t":"2026-07-09T06:13:40.1190147Z","type":"sample"}
{"channel":"rr","display":14.018691588785046,"mu":0,"quality":"OK","raw":1273.8425529676501,"sigma":1.5,"state":"IDLE","t":"2026-07-09T06:13:40.1589922Z","type":"sample"}
{"channel":"rr","display":14.018691588785046,"mu":0,"quality":"OK","raw":1229.409644290192,"sigma":1.5,"state":"IDLE","t":"2026-07-09T06:13:40.1990828Z","type":"sample"}
{"channel":"rr","display":14.018691588785046,"mu":0,"quality":"OK","raw":1219.1403408254569,"sigma":1.5,"state":"IDLE","t":"2026-07-09T06:13:40.2391268Z","type":"sample"}
{"channel":"rr","display":14.018691588785046,"mu":0,"quality":"OK","raw":1129.927191344936,"sigma":1.5,"state":"IDLE","t":"2026-07-09T06:13:40.2788983Z","type":"sample"}
{"channel":"rr","display":14.018691588785046,"mu":0,"quality":"OK","raw":1110.318033664771,"sigma":1.5,"state":"IDLE","t":"2026-07-09T06:13:40.3191718Z","type":"sample"}
{"channel":"rr","display":14.018691588785046,"mu":0,"quality":"OK","raw":1039.0592005098565,"sigma":1.5,"state":"IDLE","t":"2026-07-09T06:13:40.3591438Z","type":"sample"}
{"channel":"rr","display":14.018691588785046,"mu":0,"quality":"OK","raw":1033.6312700490769,"sigma":1.5,"state":"IDLE","t":"2026-07-09T06:13:40.3987966Z","type":"sample"}
{"channel":"rr","display":14.018691588785046,"mu":0,"quality":"OK","raw":968.098630362152,"sigma":1.5,"state":"IDLE","t":"2026-07-09T06:13:40.4392054Z","type":"sample"}
{"channel":"rr","display":14.018691588785046,"mu":0,"quality":"OK","raw":970.1829288930363,"sigma":1.5,"state":"IDLE","t":"2026-07-09T06:13:40.4789336Z","type":"sample"}
{"channel":"rr","display":14.018691588785046,"mu":0,"quality":"OK","raw":947.1179407013028,"sigma":1.5,"state":"IDLE","t":"2026-07-09T06:13:40.5187722Z","type":"sample"}
{"channel":"rr","display":14.018691588785046,"mu":0,"quality":"OK","raw":860.7667301060865,"sigma":1.5,"state":"IDLE","t":"2026-07-09T06:13:40.5588635Z","type":"sample"}
{"channel":"rr","display":14.018691588785046,"mu":0,"quality":"OK","raw":851.6967447949689,"sigma":1.5,"state":"IDLE","t":"2026-07-09T06:13:40.5989102Z","type":"sample"}
{"channel":"rr","display":14.018691588785046,"mu":0,"quality":"OK","raw":866.030278505732,"sigma":1.5,"state":"IDLE","t":"2026-07-09T06:13:40.6388825Z","type":"sample"}
{"channel":"rr","display":14.018691588785046,"mu":0,"quality":"OK","raw":870.5120300208607,"sigma":1.5,"state":"IDLE","t":"2026-07-09T06:13:40.6788731Z","type":"sample"}
{"channel":"rr","display":14.018691588785046,"mu":0,"quality":"OK","raw":851.2184098416799,"sigma":1.5,"state":"IDLE","t":"2026-07-09T06:13:40.7188282Z","type":"sample"}
{"address":"/cue/p/start","args":null,"channel":"system","dir":"out","t":"2026-07-09T06:13:40.7398845Z","type":"osc"}
{"channel":"rr","display":14.018691588785046,"mu":0,"quality":"OK","raw":869.053154188957,"sigma":1.5,"state":"IDLE","t":"2026-07-09T06:13:40.7589328Z","type":"sample"}
{"address":"/cue/r19/start","args":null,"channel":"system","dir":"out","t":"2026-07-09T06:13:40.7943744Z","type":"osc"}
{"channel":"rr","display":14.018691588785046,"mu":0,"quality":"OK","raw":853.7105892496738,"sigma":1.5,"state":"IDLE","t":"2026-07-09T06:13:40.7988159Z","type":"sample"}
{"channel":"rr","display":14.018691588785046,"mu":0,"quality":"OK","raw":869.6435250566185,"sigma":1.5,"state":"IDLE","t":"2026-07-09T06:13:40.8391136Z","type":"sample"}
{"channel":"rr","display":14.018691588785046,"mu":0,"quality":"OK","raw":850.96982591328,"sigma":1.5,"state":"IDLE","t":"2026-07-09T06:13:40.878918Z","type":"sample"}
{"channel":"rr","display":14.018691588785046,"mu":0,"quality":"OK","raw":885.2365688627652,"sigma":1.5,"state":"IDLE","t":"2026-07-09T06:13:40.9192477Z","type":"sample"}
{"channel":"rr","display":14.018691588785046,"mu":0,"quality":"OK","raw":893.8994311736285,"sigma":1.5,"state":"IDLE","t":"2026-07-09T06:13:40.9592119Z","type":"sample"}
{"channel":"rr","display":14.018691588785046,"mu":0,"quality":"OK","raw":932.5802133513733,"sigma":1.5,"state":"IDLE","t":"2026-07-09T06:13:40.9989912Z","type":"sample"}
{"channel":"rr","display":14.018691588785046,"mu":0,"quality":"OK","raw":923.1239125376081,"sigma":1.5,"state":"IDLE","t":"2026-07-09T06:13:41.0389701Z","type":"sample"}
{"channel":"rr","display":14.018691588785046,"mu":0,"quality":"OK","raw":958.9258666913696,"sigma":1.5,"state":"IDLE","t":"2026-07-09T06:13:41.0788186Z","type":"sample"}
{"channel":"rr","display":14.018691588785046,"mu":0,"quality":"OK","raw":994.4441286191444,"sigma":1.5,"state":"IDLE","t":"2026-07-09T06:13:41.1191057Z","type":"sample"}
{"channel":"rr","display":14.018691588785046,"mu":0,"quality":"OK","raw":1038.0163678816966,"sigma":1.5,"state":"IDLE","t":"2026-07-09T06:13:41.1592148Z","type":"sample"}
{"channel":"rr","display":14.018691588785046,"mu":0,"quality":"OK","raw":1078.5906580605863,"sigma":1.5,"state":"IDLE","t":"2026-07-09T06:13:41.1990075Z","type":"sample"}
{"channel":"rr","display":14.018691588785046,"mu":0,"quality":"OK","raw":1130.0464218620748,"sigma":1.5,"state":"IDLE","t":"2026-07-09T06:13:41.2392332Z","type":"sample"}
{"channel":"rr","display":14.018691588785046,"mu":0,"quality":"OK","raw":1172.3444728643587,"sigma":1.5,"state":"IDLE","t":"2026-07-09T06:13:41.279064Z","type":"sample"}
{"channel":"rr","display":14.018691588785046,"mu":0,"quality":"OK","raw":1247.6216751205952,"sigma":1.5,"state":"IDLE","t":"2026-07-09T06:13:41.3189305Z","type":"sample"}
{"channel":"rr","display":14.018691588785046,"mu":0,"quality":"OK","raw":1234.8223676251757,"sigma":1.5,"state":"IDLE","t":"2026-07-09T06:13:41.3591938Z","type":"sample"}
{"channel":"rr","display":14.018691588785046,"mu":0,"quality":"OK","raw":1321.9956967798091,"sigma":1.5,"state":"IDLE","t":"2026-07-09T06:13:41.3987785Z","type":"sample"}
{"channel":"rr","display":14.018691588785046,"mu":0,"quality":"OK","raw":1394.6054950967864,"sigma":1.5,"state":"IDLE","t":"2026-07-09T06:13:41.4388287Z","type":"sample"}
{"channel":"rr","display":14.018691588785046,"mu":0,"quality":"OK","raw":1473.7026693046785,"sigma":1.5,"state":"IDLE","t":"2026-07-09T06:13:41.4790351Z","type":"sample"}
{"channel":"rr","display":14.018691588785046,"mu":0,"quality":"OK","raw":1480.8297830132756,"sigma":1.5,"state":"IDLE","t":"2026-07-09T06:13:41.5187892Z","type":"sample"}
{"channel":"rr","display":14.018691588785046,"mu":0,"quality":"OK","raw":1546.7259026149325,"sigma":1.5,"state":"IDLE","t":"2026-07-09T06:13:41.5590844Z","type":"sample"}
{"channel":"rr","display":14.018691588785046,"mu":0,"quality":"OK","raw":1618.9526876127327,"sigma":1.5,"state":"IDLE","t":"2026-07-09T06:13:41.5992827Z","type":"sample"}
{"channel":"rr","display":14.018691588785046,"mu":0,"quality":"OK","raw":1735.3988146020668,"sigma":1.5,"state":"IDLE","t":"2026-07-09T06:13:41.6388085Z","type":"sample"}
{"channel":"rr","display":14.018691588785046,"mu":0,"quality":"OK","raw":1783.105165708443,"sigma":1.5,"state":"IDLE","t":"2026-07-09T06:13:41.6791111Z","type":"sample"}
{"channel":"rr","display":14.018691588785046,"mu":0,"quality":"OK","raw":1830.9884221797074,"sigma":1.5,"state":"IDLE","t":"2026-07-09T06:13:41.7190415Z","type":"sample"}
{"address":"/cue/p/start","args":null,"channel":"system","dir":"out","t":"2026-07-09T06:13:41.7402897Z","type":"osc"}
{"channel":"rr","display":14.018691588785046,"mu":0,"quality":"OK","raw":1917.134884305853,"sigma":1.5,"state":"IDLE","t":"2026-07-09T06:13:41.758897Z","type":"sample"}
{"channel":"rr","display":14.018691588785046,"mu":0,"quality":"OK","raw":1986.7016654157844,"sigma":1.5,"state":"IDLE","t":"2026-07-09T06:13:41.7988447Z","type":"sample"}
{"address":"/cue/r19/start","args":null,"channel":"system","dir":"out","t":"2026-07-09T06:13:41.7988447Z","type":"osc"}
{"channel":"rr","display":14.018691588785046,"mu":0,"quality":"OK","raw":2032.5178193123759,"sigma":1.5,"state":"IDLE","t":"2026-07-09T06:13:41.8389078Z","type":"sample"}
{"channel":"rr","display":14.018691588785046,"mu":0,"quality":"OK","raw":2111.3425828478003,"sigma":1.5,"state":"IDLE","t":"2026-07-09T06:13:41.8790387Z","type":"sample"}
{"channel":"rr","display":14.018691588785046,"mu":0,"quality":"OK","raw":2192.831389059646,"sigma":1.5,"state":"IDLE","t":"2026-07-09T06:13:41.9189197Z","type":"sample"}
{"channel":"rr","display":14.018691588785046,"mu":0,"quality":"OK","raw":2244.912308934209,"sigma":1.5,"state":"IDLE","t":"2026-07-09T06:13:41.959061Z","type":"sample"}
{"channel":"rr","display":14.018691588785046,"mu":0,"quality":"OK","raw":2346.902786940872,"sigma":1.5,"state":"IDLE","t":"2026-07-09T06:13:41.9989912Z","type":"sample"}
{"channel":"rr","display":14.018691588785046,"mu":0,"quality":"OK","raw":2391.38780498828,"sigma":1.5,"state":"IDLE","t":"2026-07-09T06:13:42.0392075Z","type":"sample"}
{"channel":"rr","display":14.018691588785046,"mu":0,"quality":"OK","raw":2441.837835948609,"sigma":1.5,"state":"IDLE","t":"2026-07-09T06:13:42.079016Z","type":"sample"}
{"channel":"rr","display":14.018691588785046,"mu":0,"quality":"OK","raw":2529.648960309926,"sigma":1.5,"state":"IDLE","t":"2026-07-09T06:13:42.1187541Z","type":"sample"}
{"channel":"rr","display":14.018691588785046,"mu":0,"quality":"OK","raw":2560.4375132225105,"sigma":1.5,"state":"IDLE","t":"2026-07-09T06:13:42.1591928Z","type":"sample"}
{"channel":"rr","display":14.018691588785046,"mu":0,"quality":"OK","raw":2651.7102934377217,"sigma":1.5,"state":"IDLE","t":"2026-07-09T06:13:42.1989933Z","type":"sample"}
{"channel":"rr","display":14.018691588785046,"mu":0,"quality":"OK","raw":2755.246118002774,"sigma":1.5,"state":"IDLE","t":"2026-07-09T06:13:42.2388882Z","type":"sample"}
{"channel":"rr","display":14.018691588785046,"mu":0,"quality":"OK","raw":2795.9489346251494,"sigma":1.5,"state":"IDLE","t":"2026-07-09T06:13:42.2791379Z","type":"sample"}
{"channel":"rr","display":14.018691588785046,"mu":0,"quality":"OK","raw":2794.705797999299,"sigma":1.5,"state":"IDLE","t":"2026-07-09T06:13:42.3192176Z","type":"sample"}
{"channel":"rr","display":14.018691588785046,"mu":0,"quality":"OK","raw":2886.237271505237,"sigma":1.5,"state":"IDLE","t":"2026-07-09T06:13:42.3591945Z","type":"sample"}
{"channel":"rr","display":14.018691588785046,"mu":0,"quality":"OK","raw":2938.4399436841536,"sigma":1.5,"state":"IDLE","t":"2026-07-09T06:13:42.3989645Z","type":"sample"}
{"channel":"rr","display":14.018691588785046,"mu":0,"quality":"OK","raw":2988.777503830359,"sigma":1.5,"state":"IDLE","t":"2026-07-09T06:13:42.4394296Z","type":"sample"}
{"channel":"rr","display":14.018691588785046,"mu":0,"quality":"OK","raw":3009.9490276734277,"sigma":1.5,"state":"IDLE","t":"2026-07-09T06:13:42.4790416Z","type":"sample"}
{"channel":"rr","display":14.018691588785046,"mu":0,"quality":"OK","raw":3047.1882798994793,"sigma":1.5,"state":"IDLE","t":"2026-07-09T06:13:42.519199Z","type":"sample"}
{"channel":"rr","display":14.018691588785046,"mu":0,"quality":"OK","raw":3091.6895315725264,"sigma":1.5,"state":"IDLE","t":"2026-07-09T06:13:42.5589775Z","type":"sample"}
{"channel":"rr","display":14.018691588785046,"mu":0,"quality":"OK","raw":3125.8569105679885,"sigma":1.5,"state":"IDLE","t":"2026-07-09T06:13:42.5988468Z","type":"sample"}
{"channel":"rr","display":14.018691588785046,"mu":0,"quality":"OK","raw":3153.688530255121,"sigma":1.5,"state":"IDLE","t":"2026-07-09T06:13:42.6391434Z","type":"sample"}
{"channel":"rr","display":14.018691588785046,"mu":0,"quality":"OK","raw":3198.239413288173,"sigma":1.5,"state":"IDLE","t":"2026-07-09T06:13:42.6793946Z","type":"sample"}
{"channel":"rr","display":14.018691588785046,"mu":0,"quality":"OK","raw":3204.405946454714,"sigma":1.5,"state":"IDLE","t":"2026-07-09T06:13:42.7192831Z","type":"sample"}
{"address":"/cue/p/start","args":null,"channel":"system","dir":"out","t":"2026-07-09T06:13:42.7410826Z","type":"osc"}
{"channel":"rr","display":14.018691588785046,"mu":0,"quality":"OK","raw":3240.591710553187,"sigma":1.5,"state":"IDLE","t":"2026-07-09T06:13:42.759127Z","type":"sample"}
{"channel":"rr","display":14.018691588785046,"mu":0,"quality":"OK","raw":3217.3047893511357,"sigma":1.5,"state":"IDLE","t":"2026-07-09T06:13:42.7991208Z","type":"sample"}
{"address":"/cue/r19/start","args":null,"channel":"system","dir":"out","t":"2026-07-09T06:13:42.8100313Z","type":"osc"}
{"channel":"rr","display":14.018691588785046,"mu":0,"quality":"OK","raw":3254.149562276647,"sigma":1.5,"state":"IDLE","t":"2026-07-09T06:13:42.8392239Z","type":"sample"}
{"channel":"rr","display":14.018691588785046,"mu":0,"quality":"OK","raw":3265.096391445068,"sigma":1.5,"state":"IDLE","t":"2026-07-09T06:13:42.8791604Z","type":"sample"}
{"channel":"rr","display":14.018691588785046,"mu":0,"quality":"OK","raw":3235.8400501430383,"sigma":1.5,"state":"IDLE","t":"2026-07-09T06:13:42.9192291Z","type":"sample"}
{"channel":"rr","display":14.018691588785046,"mu":0,"quality":"OK","raw":3226.6979455883647,"sigma":1.5,"state":"IDLE","t":"2026-07-09T06:13:42.958995Z","type":"sample"}
{"channel":"rr","display":14.018691588785046,"mu":0,"quality":"OK","raw":3230.5204519286585,"sigma":1.5,"state":"IDLE","t":"2026-07-09T06:13:42.9990805Z","type":"sample"}
{"channel":"rr","display":14.018691588785046,"mu":0,"quality":"OK","raw":3232.463002414892,"sigma":1.5,"state":"IDLE","t":"2026-07-09T06:13:43.0390199Z","type":"sample"}
{"channel":"rr","display":14.018691588785046,"mu":0,"quality":"OK","raw":3210.4687966632264,"sigma":1.5,"state":"IDLE","t":"2026-07-09T06:13:43.0788839Z","type":"sample"}
{"channel":"rr","display":14.018691588785046,"mu":0,"quality":"OK","raw":3181.5243329618916,"sigma":1.5,"state":"IDLE","t":"2026-07-09T06:13:43.1189538Z","type":"sample"}
{"channel":"rr","display":14.018691588785046,"mu":0,"quality":"OK","raw":3152.486947678667,"sigma":1.5,"state":"IDLE","t":"2026-07-09T06:13:43.1590994Z","type":"sample"}
{"channel":"rr","display":14.018691588785046,"mu":0,"quality":"OK","raw":3133.434847234006,"sigma":1.5,"state":"IDLE","t":"2026-07-09T06:13:43.1988921Z","type":"sample"}
{"channel":"rr","display":14.018691588785046,"mu":0,"quality":"OK","raw":3113.35658105536,"sigma":1.5,"state":"IDLE","t":"2026-07-09T06:13:43.2389943Z","type":"sample"}
{"channel":"rr","display":14.018691588785046,"mu":0,"quality":"OK","raw":3048.3246642951112,"sigma":1.5,"state":"IDLE","t":"2026-07-09T06:13:43.2793105Z","type":"sample"}
{"channel":"rr","display":14.018691588785046,"mu":0,"quality":"OK","raw":3014.1200689821303,"sigma":1.5,"state":"IDLE","t":"2026-07-09T06:13:43.3190874Z","type":"sample"}
{"channel":"rr","display":14.018691588785046,"mu":0,"quality":"OK","raw":3012.8885184265814,"sigma":1.5,"state":"IDLE","t":"2026-07-09T06:13:43.3592266Z","type":"sample"}
{"channel":"rr","display":14.018691588785046,"mu":0,"quality":"OK","raw":2946.786190280592,"sigma":1.5,"state":"IDLE","t":"2026-07-09T06:13:43.3988975Z","type":"sample"}
