{"addr":":5000","channel":"system","event":"listener_start","t":"2026-07-16T11:46:28.2887045Z","type":"event"}
{"addr":":8765","channel":"system","event":"osc_listening","t":"2026-07-16T11:46:28.3491677Z","type":"event"}
{"address":"/cue/p/start","args":null,"channel":"system","dir":"out","t":"2026-07-16T11:46:29.3616083Z","type":"osc"}
{"address":"/cue/p/start","args":null,"channel":"system","dir":"out","t":"2026-07-16T11:46:30.3527794Z","type":"osc"}
{"channel":"system","event":"connected","remote":"192.168.50.139:54688","t":"2026-07-16T11:46:30.4559977Z","type":"event"}
{"channel":"gsr","event":"quality_change","quality":"OK","t":"2026-07-16T11:46:30.4662327Z","type":"event"}
{"channel":"gsr","display":2938.4,"mu":0,"quality":"OK","raw":2938.4,"sigma":10,"state":"IDLE","t":"2026-07-16T11:46:30.4662327Z","type":"sample"}
{"channel":"hr","event":"quality_change","quality":"OUT_OF_RANGE","t":"2026-07-16T11:46:30.4760821Z","type":"event"}
{"channel":"hr","display":0,"mu":0,"quality":"OUT_OF_RANGE","raw":58,"sigma":3,"state":"IDLE","t":"2026-07-16T11:46:30.4760821Z","type":"sample"}
{"channel":"rr","event":"quality_change","quality":"STUCK","t":"2026-07-16T11:46:30.4760821Z","type":"event"}
{"channel":"rr","display":0,"mu":0,"quality":"STUCK","raw":1578.4,"sigma":1.5,"state":"IDLE","t":"2026-07-16T11:46:30.4760821Z","type":"sample"}
{"channel":"rr","display":0,"mu":0,"quality":"STUCK","raw":1576.2,"sigma":1.5,"state":"IDLE","t":"2026-07-16T11:46:30.511434Z","type":"sample"}
{"channel":"rr","display":0,"mu":0,"quality":"STUCK","raw":1573.5,"sigma":1.5,"state":"IDLE","t":"2026-07-16T11:46:30.5502737Z","type":"sample"}
{"address":"/cue/g1/start","args":null,"channel":"system","dir":"out","t":"2026-07-16T11:46:30.560817Z","type":"osc"}
{"channel":"gsr","display":2933.9,"mu":0,"quality":"OK","raw":2933.9,"sigma":10,"state":"IDLE","t":"2026-07-16T11:46:30.563502Z","type":"sample"}
{"channel":"rr","display":0,"mu":0,"quality":"STUCK","raw":1570.4,"sigma":1.5,"state":"IDLE","t":"2026-07-16T11:46:30.5900402Z","type":"sample"}
{"channel":"rr","display":0,"mu":0,"quality":"STUCK","raw":1565.9,"sigma":1.5,"state":"IDLE","t":"2026-07-16T11:46:30.6316972Z","type":"sample"}
{"channel":"gsr","display":2931.7,"mu":0,"quality":"OK","raw":2931.7,"sigma":10,"state":"IDLE","t":"2026-07-16T11:46:30.6641441Z","type":"sample"}
{"channel":"rr","display":0,"mu":0,"quality":"STUCK","raw":1561.5,"sigma":1.5,"state":"IDLE","t":"2026-07-16T11:46:30.6702977Z","type":"sample"}
{"channel":"rr","display":0,"mu":0,"quality":"STUCK","raw":1557.9,"sigma":1.5,"state":"IDLE","t":"2026-07-16T11:46:30.7109081Z","type":"sample"}
{"channel":"rr","display":0,"mu":0,"quality":"STUCK","raw":1550.8,"sigma":1.5,"state":"IDLE","t":"2026-07-16T11:46:30.7499554Z","type":"sample"}
{"channel":"gsr","display":2930.3,"mu":0,"quality":"OK","raw":2930.3,"sigma":10,"state":"IDLE","t":"2026-07-16T11:46:30.7648664Z","type":"sample"}
{"channel":"rr","display":0,"mu":0,"quality":"STUCK","raw":1544.2,"sigma":1.5,"state":"IDLE","t":"2026-07-16T11:46:30.7908314Z","type":"sample"}
{"channel":"rr","display":0,"mu":0,"quality":"STUCK","raw":1529.4,"sigma":1.5,"state":"IDLE","t":"2026-07-16T11:46:30.8300365Z","type":"sample"}
{"channel":"gsr","display":2931.5,"mu":0,"quality":"OK","raw":2931.5,"sigma":10,"state":"IDLE","t":"2026-07-16T11:46:30.8645913Z","type":"sample"}
{"channel":"rr","display":0,"mu":0,"quality":"STUCK","raw":1523.2,"sigma":1.5,"state":"IDLE","t":"2026-07-16T11:46:30.8703356Z","type":"sample"}
{"channel":"rr","display":0,"mu":0,"quality":"STUCK","raw":1515.1,"sigma":1.5,"state":"IDLE","t":"2026-07-16T11:46:30.9102378Z","type":"sample"}
{"channel":"rr","display":0,"mu":0,"quality":"STUCK","raw":1504.7,"sigma":1.5,"state":"IDLE","t":"2026-07-16T11:46:30.9509452Z","type":"sample"}
{"channel":"gsr","display":2925.1,"mu":0,"quality":"OK","raw":2925.1,"sigma":10,"state":"IDLE","t":"2026-07-16T11:46:30.962368Z","type":"sample"}
{"channel":"hr","display":0,"mu":0,"quality":"OUT_OF_RANGE","raw":58,"sigma":3,"state":"IDLE","t":"2026-07-16T11:46:31.0525561Z","type":"sample"}
{"channel":"rr","display":0,"mu":0,"quality":"STUCK","raw":1473.9,"sigma":1.5,"state":"IDLE","t":"2026-07-16T11:46:31.0541499Z","type":"sample"}
{"channel":"gsr","display":2929.9,"mu":0,"quality":"OK","raw":2929.9,"sigma":10,"state":"IDLE","t":"2026-07-16T11:46:31.0648449Z","type":"sample"}
{"channel":"rr","display":0,"mu":0,"quality":"STUCK","raw":1459.8,"sigma":1.5,"state":"IDLE","t":"2026-07-16T11:46:31.0903715Z","type":"sample"}
{"channel":"rr","display":0,"mu":0,"quality":"STUCK","raw":1451.8,"sigma":1.5,"state":"IDLE","t":"2026-07-16T11:46:31.1359292Z","type":"sample"}
{"channel":"gsr","display":2925.2,"mu":0,"quality":"OK","raw":2925.2,"sigma":10,"state":"IDLE","t":"2026-07-16T11:46:31.1652471Z","type":"sample"}
{"channel":"rr","display":0,"mu":0,"quality":"STUCK","raw":1441.2,"sigma":1.5,"state":"IDLE","t":"2026-07-16T11:46:31.1703193Z","type":"sample"}
{"channel":"rr","display":0,"mu":0,"quality":"STUCK","raw":1431.7,"sigma":1.5,"state":"IDLE","t":"2026-07-16T11:46:31.2166345Z","type":"sample"}
{"channel":"rr","display":0,"mu":0,"quality":"STUCK","raw":1413.9,"sigma":1.5,"state":"IDLE","t":"2026-07-16T11:46:31.251719Z","type":"sample"}
{"channel":"gsr","display":2919.3,"mu":0,"quality":"OK","raw":2919.3,"sigma":10,"state":"IDLE","t":"2026-07-16T11:46:31.2634549Z","type":"sample"}
{"channel":"rr","display":0,"mu":0,"quality":"STUCK","raw":1401.1,"sigma":1.5,"state":"IDLE","t":"2026-07-16T11:46:31.2903628Z","type":"sample"}
{"channel":"rr","display":0,"mu":0,"quality":"STUCK","raw":1384.8,"sigma":1.5,"state":"IDLE","t":"2026-07-16T11:46:31.3350937Z","type":"sample"}
{"address":"/cue/p/start","args":null,"channel":"system","dir":"out","t":"2026-07-16T11:46:31.3528009Z","type":"osc"}
{"channel":"gsr","display":2919.7,"mu":0,"quality":"OK","raw":2919.7,"sigma":10,"state":"IDLE","t":"2026-07-16T11:46:31.3646798Z","type":"sample"}
{"channel":"rr","display":0,"mu":0,"quality":"STUCK","raw":1372.2,"sigma":1.5,"state":"IDLE","t":"2026-07-16T11:46:31.3710917Z","type":"sample"}
{"channel":"rr","display":0,"mu":0,"quality":"STUCK","raw":1359.7,"sigma":1.5,"state":"IDLE","t":"2026-07-16T11:46:31.4159416Z","type":"sample"}
{"channel":"rr","display":0,"mu":0,"quality":"STUCK","raw":1341.2,"sigma":1.5,"state":"IDLE","t":"2026-07-16T11:46:31.4520543Z","type":"sample"}
{"channel":"gsr","display":2915.9,"mu":0,"quality":"OK","raw":2915.9,"sigma":10,"state":"IDLE","t":"2026-07-16T11:46:31.4643064Z","type":"sample"}
{"channel":"hr","display":0,"mu":0,"quality":"OUT_OF_RANGE","raw":58,"sigma":3,"state":"IDLE","t":"2026-07-16T11:46:31.4653255Z","type":"sample"}
{"channel":"rr","display":0,"mu":0,"quality":"STUCK","raw":1330.9,"sigma":1.5,"state":"IDLE","t":"2026-07-16T11:46:31.4957719Z","type":"sample"}
{"channel":"rr","display":0,"mu":0,"quality":"STUCK","raw":1321.6,"sigma":1.5,"state":"IDLE","t":"2026-07-16T11:46:31.5359051Z","type":"sample"}
{"channel":"gsr","display":2916.2,"mu":0,"quality":"OK","raw":2916.2,"sigma":10,"state":"IDLE","t":"2026-07-16T11:46:31.5649326Z","type":"sample"}
{"address":"/cue/g1/start","args":null,"channel":"system","dir":"out","t":"2026-07-16T11:46:31.5659825Z","type":"osc"}
{"channel":"rr","display":0,"mu":0,"quality":"STUCK","raw":1310.1,"sigma":1.5,"state":"IDLE","t":"2026-07-16T11:46:31.5724914Z","type":"sample"}
{"channel":"rr","display":0,"mu":0,"quality":"STUCK","raw":1298.8,"sigma":1.5,"state":"IDLE","t":"2026-07-16T11:46:31.6152245Z","type":"sample"}
{"channel":"rr","display":0,"mu":0,"quality":"STUCK","raw":1284.4,"sigma":1.5,"state":"IDLE","t":"2026-07-16T11:46:31.65218Z","type":"sample"}
{"channel":"gsr","display":2912.5,"mu":0,"quality":"OK","raw":2912.5,"sigma":10,"state":"IDLE","t":"2026-07-16T11:46:31.6599296Z","type":"sample"}
{"channel":"rr","display":0,"mu":0,"quality":"STUCK","raw":1269.1,"sigma":1.5,"state":"IDLE","t":"2026-07-16T11:46:31.6933251Z","type":"sample"}
{"channel":"rr","display":0,"mu":0,"quality":"STUCK","raw":1257.8,"sigma":1.5,"state":"IDLE","t":"2026-07-16T11:46:31.7358853Z","type":"sample"}
{"channel":"gsr","display":2910.8,"mu":0,"quality":"OK","raw":2910.8,"sigma":10,"state":"IDLE","t":"2026-07-16T11:46:31.7649175Z","type":"sample"}
{"channel":"rr","display":0,"mu":0,"quality":"STUCK","raw":1249.3,"sigma":1.5,"state":"IDLE","t":"2026-07-16T11:46:31.7738821Z","type":"sample"}
{"channel":"rr","display":0,"mu":0,"quality":"STUCK","raw":1241.1,"sigma":1.5,"state":"IDLE","t":"2026-07-16T11:46:31.8159148Z","type":"sample"}
{"channel":"rr","display":0,"mu":0,"quality":"STUCK","raw":1227.9,"sigma":1.5,"state":"IDLE","t":"2026-07-16T11:46:31.854959Z","type":"sample"}
{"channel":"gsr","display":2911,"mu":0,"quality":"OK","raw":2911,"sigma":10,"state":"IDLE","t":"2026-07-16T11:46:31.8646239Z","type":"sample"}
{"channel":"rr","display":0,"mu":0,"quality":"STUCK","raw":1212.8,"sigma":1.5,"state":"IDLE","t":"2026-07-16T11:46:31.8905148Z","type":"sample"}
{"channel":"rr","display":0,"mu":0,"quality":"STUCK","raw":1203.1,"sigma":1.5,"state":"IDLE","t":"2026-07-16T11:46:31.9354867Z","type":"sample"}
{"channel":"gsr","display":2912.8,"mu":0,"quality":"OK","raw":2912.8,"sigma":10,"state":"IDLE","t":"2026-07-16T11:46:31.965091Z","type":"sample"}
{"channel":"hr","display":0,"mu":0,"quality":"OUT_OF_RANGE","raw":58,"sigma":3,"state":"IDLE","t":"2026-07-16T11:46:31.9656447Z","type":"sample"}
{"channel":"rr","display":0,"mu":0,"quality":"STUCK","raw":1195.9,"sigma":1.5,"state":"IDLE","t":"2026-07-16T11:46:31.9756333Z","type":"sample"}
{"channel":"rr","display":0,"mu":0,"quality":"STUCK","raw":1188.9,"sigma":1.5,"state":"IDLE","t":"2026-07-16T11:46:32.0152759Z","type":"sample"}
{"channel":"rr","display":0,"mu":0,"quality":"STUCK","raw":1182.6,"sigma":1.5,"state":"IDLE","t":"2026-07-16T11:46:32.0559768Z","type":"sample"}
{"channel":"gsr","display":2916.3,"mu":0,"quality":"OK","raw":2916.3,"sigma":10,"state":"IDLE","t":"2026-07-16T11:46:32.0645553Z","type":"sample"}
{"channel":"rr","display":0,"mu":0,"quality":"STUCK","raw":1175.2,"sigma":1.5,"state":"IDLE","t":"2026-07-16T11:46:32.0926142Z","type":"sample"}
{"channel":"rr","display":0,"mu":0,"quality":"STUCK","raw":1167.7,"sigma":1.5,"state":"IDLE","t":"2026-07-16T11:46:32.1361033Z","type":"sample"}
{"channel":"gsr","display":2917.8,"mu":0,"quality":"OK","raw":2917.8,"sigma":10,"state":"IDLE","t":"2026-07-16T11:46:32.1646897Z","type":"sample"}
{"channel":"rr","display":0,"mu":0,"quality":"STUCK","raw":1165.1,"sigma":1.5,"state":"IDLE","t":"2026-07-16T11:46:32.1704715Z","type":"sample"}
{"channel":"rr","display":0,"mu":0,"quality":"STUCK","raw":1159.7,"sigma":1.5,"state":"IDLE","t":"2026-07-16T11:46:32.2148423Z","type":"sample"}
{"channel":"rr","display":0,"mu":0,"quality":"STUCK","raw":1156.9,"sigma":1.5,"state":"IDLE","t":"2026-07-16T11:46:32.2523804Z","type":"sample"}
{"channel":"gsr","display":2921.5,"mu":0,"quality":"OK","raw":2921.5,"sigma":10,"state":"IDLE","t":"2026-07-16T11:46:32.265131Z","type":"sample"}
{"channel":"rr","display":0,"mu":0,"quality":"STUCK","raw":1151.5,"sigma":1.5,"state":"IDLE","t":"2026-07-16T11:46:32.2958405Z","type":"sample"}
{"channel":"rr","display":0,"mu":0,"quality":"STUCK","raw":1149.8,"sigma":1.5,"state":"IDLE","t":"2026-07-16T11:46:32.3362356Z","type":"sample"}
{"address":"/cue/p/start","args":null,"channel":"system","dir":"out","t":"2026-07-16T11:46:32.3505787Z","type":"osc"}
{"channel":"gsr","display":2925.1,"mu":0,"quality":"OK","raw":2925.1,"sigma":10,"state":"IDLE","t":"2026-07-16T11:46:32.3614557Z","type":"sample"}
{"channel":"rr","display":0,"mu":0,"quality":"STUCK","raw":1149.1,"sigma":1.5,"state":"IDLE","t":"2026-07-16T11:46:32.3751577Z","type":"sample"}
{"channel":"rr","display":0,"mu":0,"quality":"STUCK","raw":1146.9,"sigma":1.5,"state":"IDLE","t":"2026-07-16T11:46:32.4145876Z","type":"sample"}
{"channel":"rr","display":0,"mu":0,"quality":"STUCK","raw":1146.8,"sigma":1.5,"state":"IDLE","t":"2026-07-16T11:46:32.455783Z","type":"sample"}
{"channel":"gsr","display":2930.6,"mu":0,"quality":"OK","raw":2930.6,"sigma":10,"state":"IDLE","t":"2026-07-16T11:46:32.4651054Z","type":"sample"}
{"channel":"hr","display":0,"mu":0,"quality":"OUT_OF_RANGE","raw":63,"sigma":3,"state":"IDLE","t":"2026-07-16T11:46:32.4657134Z","type":"sample"}
{"channel":"rr","display":0,"mu":0,"quality":"STUCK","raw":1145.5,"sigma":1.5,"state":"IDLE","t":"2026-07-16T11:46:32.4921971Z","type":"sample"}
{"channel":"rr","display":0,"mu":0,"quality":"STUCK","raw":1145.2,"sigma":1.5,"state":"IDLE","t":"2026-07-16T11:46:32.5358904Z","type":"sample"}
{"channel":"gsr","display":2936.3,"mu":0,"quality":"OK","raw":2936.3,"sigma":10,"state":"IDLE","t":"2026-07-16T11:46:32.564688Z","type":"sample"}
{"address":"/cue/g1/start","args":null,"channel":"system","dir":"out","t":"2026-07-16T11:46:32.5749565Z","type":"osc"}
{"channel":"rr","display":0,"mu":0,"quality":"STUCK","raw":1145.6,"sigma":1.5,"state":"IDLE","t":"2026-07-16T11:46:32.5760006Z","type":"sample"}
{"channel":"rr","display":0,"mu":0,"quality":"STUCK","raw":1145,"sigma":1.5,"state":"IDLE","t":"2026-07-16T11:46:32.6146889Z","type":"sample"}
{"channel":"rr","display":0,"mu":0,"quality":"STUCK","raw":1144,"sigma":1.5,"state":"IDLE","t":"2026-07-16T11:46:32.6548862Z","type":"sample"}
{"channel":"gsr","display":2941.4,"mu":0,"quality":"OK","raw":2941.4,"sigma":10,"state":"IDLE","t":"2026-07-16T11:46:32.6602086Z","type":"sample"}
{"channel":"rr","display":0,"mu":0,"quality":"STUCK","raw":1143.8,"sigma":1.5,"state":"IDLE","t":"2026-07-16T11:46:32.6960505Z","type":"sample"}
{"channel":"rr","display":0,"mu":0,"quality":"STUCK","raw":1143.1,"sigma":1.5,"state":"IDLE","t":"2026-07-16T11:46:32.736097Z","type":"sample"}
{"channel":"gsr","display":2945.3,"mu":0,"quality":"OK","raw":2945.3,"sigma":10,"state":"IDLE","t":"2026-07-16T11:46:32.7602521Z","type":"sample"}
{"channel":"rr","display":0,"mu":0,"quality":"STUCK","raw":1143.4,"sigma":1.5,"state":"IDLE","t":"2026-07-16T11:46:32.7757291Z","type":"sample"}
{"channel":"rr","display":0,"mu":0,"quality":"STUCK","raw":1143.3,"sigma":1.5,"state":"IDLE","t":"2026-07-16T11:46:32.8150058Z","type":"sample"}
{"channel":"rr","display":0,"mu":0,"quality":"STUCK","raw":1142.6,"sigma":1.5,"state":"IDLE","t":"2026-07-16T11:46:32.8518135Z","type":"sample"}
{"channel":"gsr","display":2955.9,"mu":0,"quality":"OK","raw":2955.9,"sigma":10,"state":"IDLE","t":"2026-07-16T11:46:32.865045Z","type":"sample"}
{"channel":"rr","display":0,"mu":0,"quality":"STUCK","raw":1142.7,"sigma":1.5,"state":"IDLE","t":"2026-07-16T11:46:32.8960083Z","type":"sample"}
{"channel":"rr","display":0,"mu":0,"quality":"STUCK","raw":1142.9,"sigma":1.5,"state":"IDLE","t":"2026-07-16T11:46:32.9353725Z","type":"sample"}
{"channel":"gsr","display":2963.4,"mu":0,"quality":"OK","raw":2963.4,"sigma":10,"state":"IDLE","t":"2026-07-16T11:46:32.9649078Z","type":"sample"}
{"channel":"hr","display":0,"mu":0,"quality":"OUT_OF_RANGE","raw":63,"sigma":3,"state":"IDLE","t":"2026-07-16T11:46:32.9654246Z","type":"sample"}
{"channel":"rr","display":0,"mu":0,"quality":"STUCK","raw":1142.8,"sigma":1.5,"state":"IDLE","t":"2026-07-16T11:46:32.9758127Z","type":"sample"}
{"channel":"rr","display":0,"mu":0,"quality":"STUCK","raw":1142.1,"sigma":1.5,"state":"IDLE","t":"2026-07-16T11:46:33.0160254Z","type":"sample"}
{"channel":"rr","display":0,"mu":0,"quality":"STUCK","raw":1143.2,"sigma":1.5,"state":"IDLE","t":"2026-07-16T11:46:33.0559657Z","type":"sample"}
{"channel":"gsr","display":2967,"mu":0,"quality":"OK","raw":2967,"sigma":10,"state":"IDLE","t":"2026-07-16T11:46:33.0649762Z","type":"sample"}
{"channel":"rr","display":0,"mu":0,"quality":"STUCK","raw":1143.1,"sigma":1.5,"state":"IDLE","t":"2026-07-16T11:46:33.0960148Z","type":"sample"}
{"channel":"rr","display":0,"mu":0,"quality":"STUCK","raw":1142.3,"sigma":1.5,"state":"IDLE","t":"2026-07-16T11:46:33.1359483Z","type":"sample"}
{"channel":"gsr","display":2974.9,"mu":0,"quality":"OK","raw":2974.9,"sigma":10,"state":"IDLE","t":"2026-07-16T11:46:33.1649017Z","type":"sample"}
{"channel":"rr","display":0,"mu":0,"quality":"STUCK","raw":1142.6,"sigma":1.5,"state":"IDLE","t":"2026-07-16T11:46:33.1705881Z","type":"sample"}
{"channel":"rr","display":0,"mu":0,"quality":"STUCK","raw":1142.7,"sigma":1.5,"state":"IDLE","t":"2026-07-16T11:46:33.2151693Z","type":"sample"}
{"channel":"rr","display":0,"mu":0,"quality":"STUCK","raw":1143.3,"sigma":1.5,"state":"IDLE","t":"2026-07-16T11:46:33.2558812Z","type":"sample"}
{"channel":"gsr","display":2977.4,"mu":0,"quality":"OK","raw":2977.4,"sigma":10,"state":"IDLE","t":"2026-07-16T11:46:33.2648574Z","type":"sample"}
{"channel":"rr","display":0,"mu":0,"quality":"STUCK","raw":1143.4,"sigma":1.5,"state":"IDLE","t":"2026-07-16T11:46:33.2959177Z","type":"sample"}
{"channel":"rr","display":0,"mu":0,"quality":"STUCK","raw":1142.9,"sigma":1.5,"state":"IDLE","t":"2026-07-16T11:46:33.3359313Z","type":"sample"}
{"address":"/cue/p/start","args":null,"channel":"system","dir":"out","t":"2026-07-16T11:46:33.3503341Z","type":"osc"}
{"channel":"gsr","display":2985.1,"mu":0,"quality":"OK","raw":2985.1,"sigma":10,"state":"IDLE","t":"2026-07-16T11:46:33.3647468Z","type":"sample"}
{"channel":"rr","display":0,"mu":0,"quality":"STUCK","raw":1143.6,"sigma":1.5,"state":"IDLE","t":"2026-07-16T11:46:33.3733275Z","type":"sample"}
{"channel":"rr","display":0,"mu":0,"quality":"STUCK","raw":1142.5,"sigma":1.5,"state":"IDLE","t":"2026-07-16T11:46:33.4158982Z","type":"sample"}
{"channel":"rr","display":0,"mu":0,"quality":"STUCK","raw":1142.8,"sigma":1.5,"state":"IDLE","t":"2026-07-16T11:46:33.4559666Z","type":"sample"}
{"channel":"gsr","display":2990.9,"mu":0,"quality":"OK","raw":2990.9,"sigma":10,"state":"IDLE","t":"2026-07-16T11:46:33.4650651Z","type":"sample"}
{"channel":"hr","display":0,"mu":0,"quality":"OUT_OF_RANGE","raw":66,"sigma":3,"state":"IDLE","t":"2026-07-16T11:46:33.4656562Z","type":"sample"}
{"channel":"rr","display":0,"mu":0,"quality":"STUCK","raw":1143.2,"sigma":1.5,"state":"IDLE","t":"2026-07-16T11:46:33.4955679Z","type":"sample"}
{"channel":"rr","display":0,"mu":0,"quality":"STUCK","raw":1142.1,"sigma":1.5,"state":"IDLE","t":"2026-07-16T11:46:33.5349096Z","type":"sample"}
{"channel":"gsr","display":2998.9,"mu":0,"quality":"OK","raw":2998.9,"sigma":10,"state":"IDLE","t":"2026-07-16T11:46:33.5649536Z","type":"sample"}
{"channel":"rr","display":0,"mu":0,"quality":"STUCK","raw":1142.9,"sigma":1.5,"state":"IDLE","t":"2026-07-16T11:46:33.5734227Z","type":"sample"}
{"address":"/cue/g1/start","args":null,"channel":"system","dir":"out","t":"2026-07-16T11:46:33.5795891Z","type":"osc"}
{"channel":"rr","display":0,"mu":0,"quality":"STUCK","raw":1141.7,"sigma":1.5,"state":"IDLE","t":"2026-07-16T11:46:33.6152781Z","type":"sample"}
{"channel":"rr","display":0,"mu":0,"quality":"STUCK","raw":1142.1,"sigma":1.5,"state":"IDLE","t":"2026-07-16T11:46:33.6559597Z","type":"sample"}
{"channel":"gsr","display":3007.3,"mu":0,"quality":"OK","raw":3007.3,"sigma":10,"state":"IDLE","t":"2026-07-16T11:46:33.6604211Z","type":"sample"}
{"channel":"rr","display":0,"mu":0,"quality":"STUCK","raw":1142.5,"sigma":1.5,"state":"IDLE","t":"2026-07-16T11:46:33.6903092Z","type":"sample"}
{"channel":"rr","display":0,"mu":0,"quality":"STUCK","raw":1142.3,"sigma":1.5,"state":"IDLE","t":"2026-07-16T11:46:33.7354883Z","type":"sample"}
{"channel":"gsr","display":3011.5,"mu":0,"quality":"OK","raw":3011.5,"sigma":10,"state":"IDLE","t":"2026-07-16T11:46:33.7649453Z","type":"sample"}
{"channel":"rr","display":0,"mu":0,"quality":"STUCK","raw":1143.1,"sigma":1.5,"state":"IDLE","t":"2026-07-16T11:46:33.7759Z","type":"sample"}
{"channel":"rr","display":0,"mu":0,"quality":"STUCK","raw":1141.1,"sigma":1.5,"state":"IDLE","t":"2026-07-16T11:46:33.8158878Z","type":"sample"}
{"channel":"rr","display":0,"mu":0,"quality":"STUCK","raw":1142.3,"sigma":1.5,"state":"IDLE","t":"2026-07-16T11:46:33.8560903Z","type":"sample"}
{"channel":"gsr","display":3020.9,"mu":0,"quality":"OK","raw":3020.9,"sigma":10,"state":"IDLE","t":"2026-07-16T11:46:33.8648818Z","type":"sample"}
{"channel":"rr","display":0,"mu":0,"quality":"STUCK","raw":1143,"sigma":1.5,"state":"IDLE","t":"2026-07-16T11:46:33.8946857Z","type":"sample"}
{"channel":"rr","display":0,"mu":0,"quality":"STUCK","raw":1142.2,"sigma":1.5,"state":"IDLE","t":"2026-07-16T11:46:33.9361297Z","type":"sample"}
{"channel":"gsr","display":3024.5,"mu":0,"quality":"OK","raw":3024.5,"sigma":10,"state":"IDLE","t":"2026-07-16T11:46:33.9606027Z","type":"sample"}
{"channel":"hr","display":0,"mu":0,"quality":"OUT_OF_RANGE","raw":66,"sigma":3,"state":"IDLE","t":"2026-07-16T11:46:33.9654596Z","type":"sample"}
{"channel":"rr","display":0,"mu":0,"quality":"STUCK","raw":1143.6,"sigma":1.5,"state":"IDLE","t":"2026-07-16T11:46:33.9758956Z","type":"sample"}
{"channel":"rr","display":0,"mu":0,"quality":"STUCK","raw":1143.1,"sigma":1.5,"state":"IDLE","t":"2026-07-16T11:46:34.0158874Z","type":"sample"}
{"channel":"rr","display":0,"mu":0,"quality":"STUCK","raw":1143.6,"sigma":1.5,"state":"IDLE","t":"2026-07-16T11:46:34.0518814Z","type":"sample"}
{"channel":"gsr","display":3032.8,"mu":0,"quality":"OK","raw":3032.8,"sigma":10,"state":"IDLE","t":"2026-07-16T11:46:34.0651078Z","type":"sample"}
{"channel":"rr","display":0,"mu":0,"quality":"STUCK","raw":1144.6,"sigma":1.5,"state":"IDLE","t":"2026-07-16T11:46:34.0931968Z","type":"sample"}
{"channel":"rr","display":0,"mu":0,"quality":"STUCK","raw":1142.6,"sigma":1.5,"state":"IDLE","t":"2026-07-16T11:46:34.1358896Z","type":"sample"}
{"channel":"gsr","display":3036.8,"mu":0,"quality":"OK","raw":3036.8,"sigma":10,"state":"IDLE","t":"2026-07-16T11:46:34.1649055Z","type":"sample"}
{"channel":"rr","display":0,"mu":0,"quality":"STUCK","raw":1143.6,"sigma":1.5,"state":"IDLE","t":"2026-07-16T11:46:34.172156Z","type":"sample"}
{"channel":"rr","display":0,"mu":0,"quality":"STUCK","raw":1144.1,"sigma":1.5,"state":"IDLE","t":"2026-07-16T11:46:34.2149243Z","type":"sample"}
{"channel":"rr","display":0,"mu":0,"quality":"STUCK","raw":1143.1,"sigma":1.5,"state":"IDLE","t":"2026-07-16T11:46:34.255958Z","type":"sample"}
{"channel":"gsr","display":3044.3,"mu":0,"quality":"OK","raw":3044.3,"sigma":10,"state":"IDLE","t":"2026-07-16T11:46:34.2650189Z","type":"sample"}
{"channel":"rr","display":0,"mu":0,"quality":"STUCK","raw":1145.1,"sigma":1.5,"state":"IDLE","t":"2026-07-16T11:46:34.2903512Z","type":"sample"}
{"channel":"rr","display":0,"mu":0,"quality":"STUCK","raw":1143.7,"sigma":1.5,"state":"IDLE","t":"2026-07-16T11:46:34.3359506Z","type":"sample"}
{"address":"/cue/p/start","args":null,"channel":"system","dir":"out","t":"2026-07-16T11:46:34.3512876Z","type":"osc"}
{"channel":"gsr","display":3051.8,"mu":0,"quality":"OK","raw":3051.8,"sigma":10,"state":"IDLE","t":"2026-07-16T11:46:34.3650196Z","type":"sample"}
{"channel":"rr","display":0,"mu":0,"quality":"STUCK","raw":1144.7,"sigma":1.5,"state":"IDLE","t":"2026-07-16T11:46:34.375185Z","type":"sample"}
{"channel":"rr","display":0,"mu":0,"quality":"STUCK","raw":1145.2,"sigma":1.5,"state":"IDLE","t":"2026-07-16T11:46:34.4147339Z","type":"sample"}
{"channel":"rr","display":0,"mu":0,"quality":"STUCK","raw":1144.4,"sigma":1.5,"state":"IDLE","t":"2026-07-16T11:46:34.4558834Z","type":"sample"}
{"channel":"gsr","display":3053.9,"mu":0,"quality":"OK","raw":3053.9,"sigma":10,"state":"IDLE","t":"2026-07-16T11:46:34.4649591Z","type":"sample"}
{"channel":"hr","display":0,"mu":0,"quality":"OUT_OF_RANGE","raw":69,"sigma":3,"state":"IDLE","t":"2026-07-16T11:46:34.4654714Z","type":"sample"}
{"channel":"rr","display":0,"mu":0,"quality":"STUCK","raw":1144.8,"sigma":1.5,"state":"IDLE","t":"2026-07-16T11:46:34.4906344Z","type":"sample"}
{"channel":"rr","display":0,"mu":0,"quality":"STUCK","raw":1144.8,"sigma":1.5,"state":"IDLE","t":"2026-07-16T11:46:34.5361046Z","type":"sample"}
{"channel":"gsr","display":3060.1,"mu":0,"quality":"OK","raw":3060.1,"sigma":10,"state":"IDLE","t":"2026-07-16T11:46:34.5647616Z","type":"sample"}
{"channel":"rr","display":0,"mu":0,"quality":"STUCK","raw":1146.1,"sigma":1.5,"state":"IDLE","t":"2026-07-16T11:46:34.5758965Z","type":"sample"}
{"address":"/cue/g1/start","args":null,"channel":"system","dir":"out","t":"2026-07-16T11:46:34.585914Z","type":"osc"}
{"channel":"rr","display":0,"mu":0,"quality":"STUCK","raw":1145.5,"sigma":1.5,"state":"IDLE","t":"2026-07-16T11:46:34.6159382Z","type":"sample"}
{"channel":"rr","display":0,"mu":0,"quality":"STUCK","raw":1146.7,"sigma":1.5,"state":"IDLE","t":"2026-07-16T11:46:34.6559524Z","type":"sample"}
{"channel":"gsr","display":3064.5,"mu":0,"quality":"OK","raw":3064.5,"sigma":10,"state":"IDLE","t":"2026-07-16T11:46:34.6649741Z","type":"sample"}
{"channel":"rr","display":0,"mu":0,"quality":"STUCK","raw":1148.4,"sigma":1.5,"state":"IDLE","t":"2026-07-16T11:46:34.695948Z","type":"sample"}
{"channel":"rr","display":0,"mu":0,"quality":"STUCK","raw":1149.1,"sigma":1.5,"state":"IDLE","t":"2026-07-16T11:46:34.7354978Z","type":"sample"}
{"channel":"gsr","display":3070.8,"mu":0,"quality":"OK","raw":3070.8,"sigma":10,"state":"IDLE","t":"2026-07-16T11:46:34.7648606Z","type":"sample"}
{"channel":"rr","display":0,"mu":0,"quality":"STUCK","raw":1152.8,"sigma":1.5,"state":"IDLE","t":"2026-07-16T11:46:34.7706496Z","type":"sample"}
{"channel":"rr","display":0,"mu":0,"quality":"STUCK","raw":1152.6,"sigma":1.5,"state":"IDLE","t":"2026-07-16T11:46:34.814679Z","type":"sample"}
{"channel":"rr","display":0,"mu":0,"quality":"STUCK","raw":1155.1,"sigma":1.5,"state":"IDLE","t":"2026-07-16T11:46:34.8521329Z","type":"sample"}
{"channel":"gsr","display":3078.4,"mu":0,"quality":"OK","raw":3078.4,"sigma":10,"state":"IDLE","t":"2026-07-16T11:46:34.8647846Z","type":"sample"}
{"channel":"rr","display":0,"mu":0,"quality":"STUCK","raw":1156.9,"sigma":1.5,"state":"IDLE","t":"2026-07-16T11:46:34.8959731Z","type":"sample"}
{"channel":"rr","display":0,"mu":0,"quality":"STUCK","raw":1157.8,"sigma":1.5,"state":"IDLE","t":"2026-07-16T11:46:34.9359537Z","type":"sample"}
{"channel":"gsr","display":3083.5,"mu":0,"quality":"OK","raw":3083.5,"sigma":10,"state":"IDLE","t":"2026-07-16T11:46:34.9650987Z","type":"sample"}
{"channel":"hr","display":0,"mu":0,"quality":"OUT_OF_RANGE","raw":69,"sigma":3,"state":"IDLE","t":"2026-07-16T11:46:34.9657143Z","type":"sample"}
{"channel":"rr","display":0,"mu":0,"quality":"STUCK","raw":1159.7,"sigma":1.5,"state":"IDLE","t":"2026-07-16T11:46:34.9759806Z","type":"sample"}
{"channel":"rr","display":0,"mu":0,"quality":"STUCK","raw":1159.5,"sigma":1.5,"state":"IDLE","t":"2026-07-16T11:46:35.0159037Z","type":"sample"}
{"channel":"rr","display":0,"mu":0,"quality":"STUCK","raw":1159.5,"sigma":1.5,"state":"IDLE","t":"2026-07-16T11:46:35.0539193Z","type":"sample"}
{"channel":"gsr","display":3087.8,"mu":0,"quality":"OK","raw":3087.8,"sigma":10,"state":"IDLE","t":"2026-07-16T11:46:35.0604125Z","type":"sample"}
{"channel":"rr","display":0,"mu":0,"quality":"STUCK","raw":1160,"sigma":1.5,"state":"IDLE","t":"2026-07-16T11:46:35.0907662Z","type":"sample"}
{"channel":"rr","display":0,"mu":0,"quality":"STUCK","raw":1160.4,"sigma":1.5,"state":"IDLE","t":"2026-07-16T11:46:35.1356179Z","type":"sample"}
{"channel":"gsr","display":3095.9,"mu":0,"quality":"OK","raw":3095.9,"sigma":10,"state":"IDLE","t":"2026-07-16T11:46:35.1628328Z","type":"sample"}
{"channel":"rr","display":0,"mu":0,"quality":"STUCK","raw":1158.5,"sigma":1.5,"state":"IDLE","t":"2026-07-16T11:46:35.1759084Z","type":"sample"}
{"channel":"rr","display":0,"mu":0,"quality":"STUCK","raw":1159.1,"sigma":1.5,"state":"IDLE","t":"2026-07-16T11:46:35.2148075Z","type":"sample"}
{"channel":"rr","display":0,"mu":0,"quality":"STUCK","raw":1159.9,"sigma":1.5,"state":"IDLE","t":"2026-07-16T11:46:35.2559072Z","type":"sample"}
{"channel":"gsr","display":3101,"mu":0,"quality":"OK","raw":3101,"sigma":10,"state":"IDLE","t":"2026-07-16T11:46:35.2607513Z","type":"sample"}
{"channel":"rr","display":0,"mu":0,"quality":"STUCK","raw":1159,"sigma":1.5,"state":"IDLE","t":"2026-07-16T11:46:35.290876Z","type":"sample"}
{"channel":"rr","display":0,"mu":0,"quality":"STUCK","raw":1159.9,"sigma":1.5,"state":"IDLE","t":"2026-07-16T11:46:35.3349791Z","type":"sample"}
{"address":"/cue/p/start","args":null,"channel":"system","dir":"out","t":"2026-07-16T11:46:35.3508975Z","type":"osc"}
{"channel":"gsr","display":3109.2,"mu":0,"quality":"OK","raw":3109.2,"sigma":10,"state":"IDLE","t":"2026-07-16T11:46:35.3646908Z","type":"sample"}
{"channel":"rr","display":0,"mu":0,"quality":"STUCK","raw":1158.6,"sigma":1.5,"state":"IDLE","t":"2026-07-16T11:46:35.3701735Z","type":"sample"}
{"channel":"rr","display":0,"mu":0,"quality":"STUCK","raw":1159,"sigma":1.5,"state":"IDLE","t":"2026-07-16T11:46:35.4158723Z","type":"sample"}
{"channel":"rr","display":0,"mu":0,"quality":"STUCK","raw":1160.7,"sigma":1.5,"state":"IDLE","t":"2026-07-16T11:46:35.4517756Z","type":"sample"}
{"channel":"gsr","display":3109.2,"mu":0,"quality":"OK","raw":3109.2,"sigma":10,"state":"IDLE","t":"2026-07-16T11:46:35.4627311Z","type":"sample"}
{"channel":"hr","display":0,"mu":0,"quality":"OUT_OF_RANGE","raw":70,"sigma":3,"state":"IDLE","t":"2026-07-16T11:46:35.525389Z","type":"sample"}
{"channel":"rr","display":0,"mu":0,"quality":"STUCK","raw":1158.2,"sigma":1.5,"state":"IDLE","t":"2026-07-16T11:46:35.5302271Z","type":"sample"}
{"channel":"gsr","display":3115.1,"mu":0,"quality":"OK","raw":3115.1,"sigma":10,"state":"IDLE","t":"2026-07-16T11:46:35.565247Z","type":"sample"}
{"channel":"rr","display":0,"mu":0,"quality":"STUCK","raw":1158.8,"sigma":1.5,"state":"IDLE","t":"2026-07-16T11:46:35.5693194Z","type":"sample"}
{"address":"/cue/g1/start","args":null,"channel":"system","dir":"out","t":"2026-07-16T11:46:35.5911007Z","type":"osc"}
{"channel":"rr","display":0,"mu":0,"quality":"STUCK","raw":1159,"sigma":1.5,"state":"IDLE","t":"2026-07-16T11:46:35.60969Z","type":"sample"}
{"channel":"rr","display":0,"mu":0,"quality":"STUCK","raw":1158.7,"sigma":1.5,"state":"IDLE","t":"2026-07-16T11:46:35.6495209Z","type":"sample"}
{"channel":"gsr","display":3120.1,"mu":0,"quality":"OK","raw":3120.1,"sigma":10,"state":"IDLE","t":"2026-07-16T11:46:35.6612234Z","type":"sample"}
{"channel":"rr","display":0,"mu":0,"quality":"STUCK","raw":1157.4,"sigma":1.5,"state":"IDLE","t":"2026-07-16T11:46:35.6890321Z","type":"sample"}
{"channel":"rr","display":0,"mu":0,"quality":"STUCK","raw":1157.6,"sigma":1.5,"state":"IDLE","t":"2026-07-16T11:46:35.7293105Z","type":"sample"}
{"channel":"gsr","display":3122.9,"mu":0,"quality":"OK","raw":3122.9,"sigma":10,"state":"IDLE","t":"2026-07-16T11:46:35.7611007Z","type":"sample"}
{"channel":"rr","display":0,"mu":0,"quality":"STUCK","raw":1158.8,"sigma":1.5,"state":"IDLE","t":"2026-07-16T11:46:35.7691073Z","type":"sample"}
{"channel":"rr","display":0,"mu":0,"quality":"STUCK","raw":1156.9,"sigma":1.5,"state":"IDLE","t":"2026-07-16T11:46:35.8095198Z","type":"sample"}
{"channel":"rr","display":0,"mu":0,"quality":"STUCK","raw":1156.8,"sigma":1.5,"state":"IDLE","t":"2026-07-16T11:46:35.849288Z","type":"sample"}
{"channel":"gsr","display":3127.2,"mu":0,"quality":"OK","raw":3127.2,"sigma":10,"state":"IDLE","t":"2026-07-16T11:46:35.8651493Z","type":"sample"}
{"channel":"rr","display":0,"mu":0,"quality":"STUCK","raw":1153.2,"sigma":1.5,"state":"IDLE","t":"2026-07-16T11:46:35.889382Z","type":"sample"}
{"channel":"rr","display":0,"mu":0,"quality":"STUCK","raw":1156.6,"sigma":1.5,"state":"IDLE","t":"2026-07-16T11:46:35.9294261Z","type":"sample"}
{"channel":"gsr","display":3131.6,"mu":0,"quality":"OK","raw":3131.6,"sigma":10,"state":"IDLE","t":"2026-07-16T11:46:35.9649209Z","type":"sample"}
{"channel":"hr","display":0,"mu":0,"quality":"OUT_OF_RANGE","raw":70,"sigma":3,"state":"IDLE","t":"2026-07-16T11:46:35.9666666Z","type":"sample"}
{"channel":"rr","display":0,"mu":0,"quality":"STUCK","raw":1156,"sigma":1.5,"state":"IDLE","t":"2026-07-16T11:46:35.9704711Z","type":"sample"}
{"channel":"rr","display":0,"mu":0,"quality":"STUCK","raw":1155.8,"sigma":1.5,"state":"IDLE","t":"2026-07-16T11:46:36.0094944Z","type":"sample"}
{"channel":"rr","display":0,"mu":0,"quality":"STUCK","raw":1156.6,"sigma":1.5,"state":"IDLE","t":"2026-07-16T11:46:36.0491599Z","type":"sample"}
{"channel":"gsr","display":3136.9,"mu":0,"quality":"OK","raw":3136.9,"sigma":10,"state":"IDLE","t":"2026-07-16T11:46:36.0649327Z","type":"sample"}
{"channel":"rr","display":0,"mu":0,"quality":"STUCK","raw":1154.7,"sigma":1.5,"state":"IDLE","t":"2026-07-16T11:46:36.0891561Z","type":"sample"}
{"channel":"rr","display":0,"mu":0,"quality":"STUCK","raw":1153.4,"sigma":1.5,"state":"IDLE","t":"2026-07-16T11:46:36.1294139Z","type":"sample"}
{"channel":"gsr","display":3142.4,"mu":0,"quality":"OK","raw":3142.4,"sigma":10,"state":"IDLE","t":"2026-07-16T11:46:36.1649848Z","type":"sample"}
{"channel":"rr","display":0,"mu":0,"quality":"STUCK","raw":1152.4,"sigma":1.5,"state":"IDLE","t":"2026-07-16T11:46:36.1693443Z","type":"sample"}
{"channel":"rr","display":0,"mu":0,"quality":"STUCK","raw":1153.3,"sigma":1.5,"state":"IDLE","t":"2026-07-16T11:46:36.209184Z","type":"sample"}
{"channel":"rr","display":0,"mu":0,"quality":"STUCK","raw":1151.1,"sigma":1.5,"state":"IDLE","t":"2026-07-16T11:46:36.2499654Z","type":"sample"}
{"channel":"gsr","display":3147.2,"mu":0,"quality":"OK","raw":3147.2,"sigma":10,"state":"IDLE","t":"2026-07-16T11:46:36.2649242Z","type":"sample"}
{"channel":"rr","display":0,"mu":0,"quality":"STUCK","raw":1151.9,"sigma":1.5,"state":"IDLE","t":"2026-07-16T11:46:36.2894448Z","type":"sample"}
{"channel":"rr","display":0,"mu":0,"quality":"STUCK","raw":1150.7,"sigma":1.5,"state":"IDLE","t":"2026-07-16T11:46:36.3291419Z","type":"sample"}
{"address":"/cue/p/start","args":null,"channel":"system","dir":"out","t":"2026-07-16T11:46:36.3505228Z","type":"osc"}
{"channel":"gsr","display":3151.8,"mu":0,"quality":"OK","raw":3151.8,"sigma":10,"state":"IDLE","t":"2026-07-16T11:46:36.3648817Z","type":"sample"}
{"channel":"rr","display":0,"mu":0,"quality":"STUCK","raw":1150.7,"sigma":1.5,"state":"IDLE","t":"2026-07-16T11:46:36.3691426Z","type":"sample"}
{"channel":"rr","display":0,"mu":0,"quality":"STUCK","raw":1151.4,"sigma":1.5,"state":"IDLE","t":"2026-07-16T11:46:36.4094475Z","type":"sample"}
{"channel":"rr","display":0,"mu":0,"quality":"STUCK","raw":1151.2,"sigma":1.5,"state":"IDLE","t":"2026-07-16T11:46:36.4490798Z","type":"sample"}
{"channel":"gsr","display":3154.2,"mu":0,"quality":"OK","raw":3154.2,"sigma":10,"state":"IDLE","t":"2026-07-16T11:46:36.462316Z","type":"sample"}
{"channel":"hr","display":0,"mu":0,"quality":"OUT_OF_RANGE","raw":70,"sigma":3,"state":"IDLE","t":"2026-07-16T11:46:36.4653383Z","type":"sample"}
{"channel":"rr","display":0,"mu":0,"quality":"STUCK","raw":1151.6,"sigma":1.5,"state":"IDLE","t":"2026-07-16T11:46:36.4891721Z","type":"sample"}
{"channel":"rr","display":0,"mu":0,"quality":"STUCK","raw":1150.6,"sigma":1.5,"state":"IDLE","t":"2026-07-16T11:46:36.5293184Z","type":"sample"}
{"channel":"gsr","display":3155.2,"mu":0,"quality":"OK","raw":3155.2,"sigma":10,"state":"IDLE","t":"2026-07-16T11:46:36.5650214Z","type":"sample"}
{"channel":"rr","display":0,"mu":0,"quality":"STUCK","raw":1151.8,"sigma":1.5,"state":"IDLE","t":"2026-07-16T11:46:36.5692751Z","type":"sample"}
{"address":"/cue/g1/start","args":null,"channel":"system","dir":"out","t":"2026-07-16T11:46:36.5956311Z","type":"osc"}
{"channel":"rr","display":0,"mu":0,"quality":"STUCK","raw":1150.9,"sigma":1.5,"state":"IDLE","t":"2026-07-16T11:46:36.6093552Z","type":"sample"}
{"channel":"rr","display":0,"mu":0,"quality":"STUCK","raw":1151.4,"sigma":1.5,"state":"IDLE","t":"2026-07-16T11:46:36.6491323Z","type":"sample"}
{"channel":"gsr","display":3160,"mu":0,"quality":"OK","raw":3160,"sigma":10,"state":"IDLE","t":"2026-07-16T11:46:36.6649774Z","type":"sample"}
{"channel":"rr","display":0,"mu":0,"quality":"STUCK","raw":1151.1,"sigma":1.5,"state":"IDLE","t":"2026-07-16T11:46:36.690009Z","type":"sample"}
{"channel":"rr","display":0,"mu":0,"quality":"STUCK","raw":1150.3,"sigma":1.5,"state":"IDLE","t":"2026-07-16T11:46:36.7292493Z","type":"sample"}
{"channel":"gsr","display":3161.3,"mu":0,"quality":"OK","raw":3161.3,"sigma":10,"state":"IDLE","t":"2026-07-16T11:46:36.7601022Z","type":"sample"}
{"channel":"rr","display":0,"mu":0,"quality":"STUCK","raw":1150.6,"sigma":1.5,"state":"IDLE","t":"2026-07-16T11:46:36.7695944Z","type":"sample"}
{"channel":"rr","display":0,"mu":0,"quality":"STUCK","raw":1150.6,"sigma":1.5,"state":"IDLE","t":"2026-07-16T11:46:36.8091814Z","type":"sample"}
{"channel":"rr","display":0,"mu":0,"quality":"STUCK","raw":1151.2,"sigma":1.5,"state":"IDLE","t":"2026-07-16T11:46:36.8493078Z","type":"sample"}
{"channel":"gsr","display":3168.2,"mu":0,"quality":"OK","raw":3168.2,"sigma":10,"state":"IDLE","t":"2026-07-16T11:46:36.8646285Z","type":"sample"}
{"channel":"rr","display":0,"mu":0,"quality":"STUCK","raw":1150.8,"sigma":1.5,"state":"IDLE","t":"2026-07-16T11:46:36.8900076Z","type":"sample"}
{"channel":"rr","display":0,"mu":0,"quality":"STUCK","raw":1150.6,"sigma":1.5,"state":"IDLE","t":"2026-07-16T11:46:36.9293683Z","type":"sample"}
{"channel":"gsr","display":3171.1,"mu":0,"quality":"OK","raw":3171.1,"sigma":10,"state":"IDLE","t":"2026-07-16T11:46:36.9645832Z","type":"sample"}
{"channel":"hr","display":0,"mu":0,"quality":"OUT_OF_RANGE","raw":71,"sigma":3,"state":"IDLE","t":"2026-07-16T11:46:36.9655812Z","type":"sample"}
{"channel":"rr","event":"quality_change","quality":"OUT_OF_RANGE","t":"2026-07-16T11:46:36.9704895Z","type":"event"}
{"channel":"rr","display":0,"mu":0,"quality":"OUT_OF_RANGE","raw":1149.2,"sigma":1.5,"state":"IDLE","t":"2026-07-16T11:46:36.9704895Z","type":"sample"}
{"channel":"rr","display":0,"mu":0,"quality":"OUT_OF_RANGE","raw":1150.1,"sigma":1.5,"state":"IDLE","t":"2026-07-16T11:46:37.0092759Z","type":"sample"}
{"channel":"rr","display":0,"mu":0,"quality":"OUT_OF_RANGE","raw":1151.5,"sigma":1.5,"state":"IDLE","t":"2026-07-16T11:46:37.0492765Z","type":"sample"}
{"channel":"gsr","display":3172,"mu":0,"quality":"OK","raw":3172,"sigma":10,"state":"IDLE","t":"2026-07-16T11:46:37.060222Z","type":"sample"}
{"channel":"rr","display":0,"mu":0,"quality":"OUT_OF_RANGE","raw":1149.7,"sigma":1.5,"state":"IDLE","t":"2026-07-16T11:46:37.0852365Z","type":"sample"}
{"channel":"rr","display":0,"mu":0,"quality":"OUT_OF_RANGE","raw":1149.4,"sigma":1.5,"state":"IDLE","t":"2026-07-16T11:46:37.1294747Z","type":"sample"}
{"channel":"gsr","display":3171.8,"mu":0,"quality":"OK","raw":3171.8,"sigma":10,"state":"IDLE","t":"2026-07-16T11:46:37.161638Z","type":"sample"}
{"channel":"rr","display":0,"mu":0,"quality":"OUT_OF_RANGE","raw":1149.2,"sigma":1.5,"state":"IDLE","t":"2026-07-16T11:46:37.1697573Z","type":"sample"}
{"channel":"rr","display":0,"mu":0,"quality":"OUT_OF_RANGE","raw":1148.8,"sigma":1.5,"state":"IDLE","t":"2026-07-16T11:46:37.2092403Z","type":"sample"}
{"channel":"rr","display":0,"mu":0,"quality":"OUT_OF_RANGE","raw":1147.2,"sigma":1.5,"state":"IDLE","t":"2026-07-16T11:46:37.2491501Z","type":"sample"}
{"channel":"gsr","display":3176.5,"mu":0,"quality":"OK","raw":3176.5,"sigma":10,"state":"IDLE","t":"2026-07-16T11:46:37.2647225Z","type":"sample"}
{"channel":"rr","display":0,"mu":0,"quality":"OUT_OF_RANGE","raw":1147.4,"sigma":1.5,"state":"IDLE","t":"2026-07-16T11:46:37.2894417Z","type":"sample"}
{"channel":"rr","display":0,"mu":0,"quality":"OUT_OF_RANGE","raw":1147.5,"sigma":1.5,"state":"IDLE","t":"2026-07-16T11:46:37.3299865Z","type":"sample"}
{"address":"/cue/p/start","args":null,"channel":"system","dir":"out","t":"2026-07-16T11:46:37.3505815Z","type":"osc"}
{"channel":"gsr","display":3183.8,"mu":0,"quality":"OK","raw":3183.8,"sigma":10,"state":"IDLE","t":"2026-07-16T11:46:37.3650449Z","type":"sample"}
{"channel":"rr","display":0,"mu":0,"quality":"OUT_OF_RANGE","raw":1148.2,"sigma":1.5,"state":"IDLE","t":"2026-07-16T11:46:37.3692265Z","type":"sample"}
{"channel":"rr","display":0,"mu":0,"quality":"OUT_OF_RANGE","raw":1146.4,"sigma":1.5,"state":"IDLE","t":"2026-07-16T11:46:37.4093374Z","type":"sample"}
{"channel":"rr","display":0,"mu":0,"quality":"OUT_OF_RANGE","raw":1145.5,"sigma":1.5,"state":"IDLE","t":"2026-07-16T11:46:37.4493209Z","type":"sample"}
{"channel":"gsr","display":3185.9,"mu":0,"quality":"OK","raw":3185.9,"sigma":10,"state":"IDLE","t":"2026-07-16T11:46:37.4648224Z","type":"sample"}
{"channel":"hr","display":0,"mu":0,"quality":"OUT_OF_RANGE","raw":71,"sigma":3,"state":"IDLE","t":"2026-07-16T11:46:37.465551Z","type":"sample"}
{"channel":"rr","display":0,"mu":0,"quality":"OUT_OF_RANGE","raw":1147.1,"sigma":1.5,"state":"IDLE","t":"2026-07-16T11:46:37.489924Z","type":"sample"}
{"channel":"rr","display":0,"mu":0,"quality":"OUT_OF_RANGE","raw":1145.6,"sigma":1.5,"state":"IDLE","t":"2026-07-16T11:46:37.5291179Z","type":"sample"}
{"channel":"gsr","display":3190.2,"mu":0,"quality":"OK","raw":3190.2,"sigma":10,"state":"IDLE","t":"2026-07-16T11:46:37.5650296Z","type":"sample"}
{"channel":"rr","display":0,"mu":0,"quality":"OUT_OF_RANGE","raw":1144.9,"sigma":1.5,"state":"IDLE","t":"2026-07-16T11:46:37.5691038Z","type":"sample"}
{"address":"/cue/g1/start","args":null,"channel":"system","dir":"out","t":"2026-07-16T11:46:37.6012321Z","type":"osc"}
{"channel":"rr","display":0,"mu":0,"quality":"OUT_OF_RANGE","raw":1145.7,"sigma":1.5,"state":"IDLE","t":"2026-07-16T11:46:37.6093028Z","type":"sample"}
{"channel":"rr","display":0,"mu":0,"quality":"OUT_OF_RANGE","raw":1144.4,"sigma":1.5,"state":"IDLE","t":"2026-07-16T11:46:37.6491685Z","type":"sample"}
{"channel":"gsr","display":3193.7,"mu":0,"quality":"OK","raw":3193.7,"sigma":10,"state":"IDLE","t":"2026-07-16T11:46:37.6651383Z","type":"sample"}
{"channel":"rr","display":0,"mu":0,"quality":"OUT_OF_RANGE","raw":1144.5,"sigma":1.5,"state":"IDLE","t":"2026-07-16T11:46:37.6890861Z","type":"sample"}
{"channel":"rr","display":0,"mu":0,"quality":"OUT_OF_RANGE","raw":1143.6,"sigma":1.5,"state":"IDLE","t":"2026-07-16T11:46:37.7299976Z","type":"sample"}
{"channel":"gsr","display":3197.4,"mu":0,"quality":"OK","raw":3197.4,"sigma":10,"state":"IDLE","t":"2026-07-16T11:46:37.7647628Z","type":"sample"}
{"channel":"rr","display":0,"mu":0,"quality":"OUT_OF_RANGE","raw":1143.8,"sigma":1.5,"state":"IDLE","t":"2026-07-16T11:46:37.7696634Z","type":"sample"}
{"channel":"rr","display":0,"mu":0,"quality":"OUT_OF_RANGE","raw":1142.9,"sigma":1.5,"state":"IDLE","t":"2026-07-16T11:46:37.8094128Z","type":"sample"}
{"channel":"rr","display":0,"mu":0,"quality":"OUT_OF_RANGE","raw":1142.4,"sigma":1.5,"state":"IDLE","t":"2026-07-16T11:46:37.8494572Z","type":"sample"}
{"channel":"gsr","display":3204.7,"mu":0,"quality":"OK","raw":3204.7,"sigma":10,"state":"IDLE","t":"2026-07-16T11:46:37.8641812Z","type":"sample"}
{"channel":"rr","display":0,"mu":0,"quality":"OUT_OF_RANGE","raw":1141.8,"sigma":1.5,"state":"IDLE","t":"2026-07-16T11:46:37.8900859Z","type":"sample"}
{"channel":"rr","display":0,"mu":0,"quality":"OUT_OF_RANGE","raw":1142.4,"sigma":1.5,"state":"IDLE","t":"2026-07-16T11:46:37.9303144Z","type":"sample"}
{"channel":"gsr","display":3203.8,"mu":0,"quality":"OK","raw":3203.8,"sigma":10,"state":"IDLE","t":"2026-07-16T11:46:37.9626806Z","type":"sample"}
{"channel":"hr","display":0,"mu":0,"quality":"OUT_OF_RANGE","raw":72,"sigma":3,"state":"IDLE","t":"2026-07-16T11:46:37.9657051Z","type":"sample"}
{"channel":"rr","display":0,"mu":0,"quality":"OUT_OF_RANGE","raw":1141.8,"sigma":1.5,"state":"IDLE","t":"2026-07-16T11:46:37.9702105Z","type":"sample"}
{"channel":"rr","display":0,"mu":0,"quality":"OUT_OF_RANGE","raw":1140.3,"sigma":1.5,"state":"IDLE","t":"2026-07-16T11:46:38.0091359Z","type":"sample"}
{"channel":"rr","display":0,"mu":0,"quality":"OUT_OF_RANGE","raw":1140.9,"sigma":1.5,"state":"IDLE","t":"2026-07-16T11:46:38.0494008Z","type":"sample"}
{"channel":"gsr","display":3210.6,"mu":0,"quality":"OK","raw":3210.6,"sigma":10,"state":"IDLE","t":"2026-07-16T11:46:38.0603314Z","type":"sample"}
{"channel":"rr","display":0,"mu":0,"quality":"OUT_OF_RANGE","raw":1140.2,"sigma":1.5,"state":"IDLE","t":"2026-07-16T11:46:38.0891672Z","type":"sample"}
{"channel":"rr","display":0,"mu":0,"quality":"OUT_OF_RANGE","raw":1140.7,"sigma":1.5,"state":"IDLE","t":"2026-07-16T11:46:38.1294489Z","type":"sample"}
{"channel":"gsr","display":3216.4,"mu":0,"quality":"OK","raw":3216.4,"sigma":10,"state":"IDLE","t":"2026-07-16T11:46:38.1640032Z","type":"sample"}
{"channel":"rr","display":0,"mu":0,"quality":"OUT_OF_RANGE","raw":1140.1,"sigma":1.5,"state":"IDLE","t":"2026-07-16T11:46:38.1697887Z","type":"sample"}
{"channel":"rr","display":0,"mu":0,"quality":"OUT_OF_RANGE","raw":1139.1,"sigma":1.5,"state":"IDLE","t":"2026-07-16T11:46:38.2094618Z","type":"sample"}
{"channel":"rr","display":0,"mu":0,"quality":"OUT_OF_RANGE","raw":1139,"sigma":1.5,"state":"IDLE","t":"2026-07-16T11:46:38.2500223Z","type":"sample"}
{"channel":"gsr","display":3221.4,"mu":0,"quality":"OK","raw":3221.4,"sigma":10,"state":"IDLE","t":"2026-07-16T11:46:38.2649224Z","type":"sample"}
{"channel":"rr","display":0,"mu":0,"quality":"OUT_OF_RANGE","raw":1140.2,"sigma":1.5,"state":"IDLE","t":"2026-07-16T11:46:38.2893948Z","type":"sample"}
{"channel":"rr","display":0,"mu":0,"quality":"OUT_OF_RANGE","raw":1140.4,"sigma":1.5,"state":"IDLE","t":"2026-07-16T11:46:38.3292615Z","type":"sample"}
{"address":"/cue/p/start","args":null,"channel":"system","dir":"out","t":"2026-07-16T11:46:38.3514114Z","type":"osc"}
{"channel":"gsr","display":3221.3,"mu":0,"quality":"OK","raw":3221.3,"sigma":10,"state":"IDLE","t":"2026-07-16T11:46:38.3646663Z","type":"sample"}
{"channel":"rr","display":0,"mu":0,"quality":"OUT_OF_RANGE","raw":1138.3,"sigma":1.5,"state":"IDLE","t":"2026-07-16T11:46:38.3700155Z","type":"sample"}
{"channel":"rr","display":0,"mu":0,"quality":"OUT_OF_RANGE","raw":1139,"sigma":1.5,"state":"IDLE","t":"2026-07-16T11:46:38.4093151Z","type":"sample"}
{"channel":"rr","display":0,"mu":0,"quality":"OUT_OF_RANGE","raw":1138.6,"sigma":1.5,"state":"IDLE","t":"2026-07-16T11:46:38.449516Z","type":"sample"}
{"channel":"gsr","display":3226.3,"mu":0,"quality":"OK","raw":3226.3,"sigma":10,"state":"IDLE","t":"2026-07-16T11:46:38.4646639Z","type":"sample"}
{"channel":"hr","display":0,"mu":0,"quality":"OUT_OF_RANGE","raw":72,"sigma":3,"state":"IDLE","t":"2026-07-16T11:46:38.4656211Z","type":"sample"}
{"channel":"rr","display":0,"mu":0,"quality":"OUT_OF_RANGE","raw":1138.3,"sigma":1.5,"state":"IDLE","t":"2026-07-16T11:46:38.4895655Z","type":"sample"}
{"channel":"rr","display":0,"mu":0,"quality":"OUT_OF_RANGE","raw":1139.5,"sigma":1.5,"state":"IDLE","t":"2026-07-16T11:46:38.5293789Z","type":"sample"}
{"channel":"gsr","display":3229.4,"mu":0,"quality":"OK","raw":3229.4,"sigma":10,"state":"IDLE","t":"2026-07-16T11:46:38.5647469Z","type":"sample"}
{"channel":"rr","display":0,"mu":0,"quality":"OUT_OF_RANGE","raw":1139,"sigma":1.5,"state":"IDLE","t":"2026-07-16T11:46:38.569744Z","type":"sample"}
{"address":"/cue/g1/start","args":null,"channel":"system","dir":"out","t":"2026-07-16T11:46:38.6060729Z","type":"osc"}
{"channel":"rr","display":0,"mu":0,"quality":"OUT_OF_RANGE","raw":1138,"sigma":1.5,"state":"IDLE","t":"2026-07-16T11:46:38.6096898Z","type":"sample"}
{"channel":"rr","display":0,"mu":0,"quality":"OUT_OF_RANGE","raw":1137.2,"sigma":1.5,"state":"IDLE","t":"2026-07-16T11:46:38.6499122Z","type":"sample"}
{"channel":"gsr","display":3232.3,"mu":0,"quality":"OK","raw":3232.3,"sigma":10,"state":"IDLE","t":"2026-07-16T11:46:38.6646086Z","type":"sample"}
{"channel":"rr","display":0,"mu":0,"quality":"OUT_OF_RANGE","raw":1139,"sigma":1.5,"state":"IDLE","t":"2026-07-16T11:46:38.6893683Z","type":"sample"}
{"channel":"rr","display":0,"mu":0,"quality":"OUT_OF_RANGE","raw":1138.8,"sigma":1.5,"state":"IDLE","t":"2026-07-16T11:46:38.7291503Z","type":"sample"}
{"channel":"gsr","display":3237.4,"mu":0,"quality":"OK","raw":3237.4,"sigma":10,"state":"IDLE","t":"2026-07-16T11:46:38.7653103Z","type":"sample"}
{"channel":"rr","display":0,"mu":0,"quality":"OUT_OF_RANGE","raw":1138.9,"sigma":1.5,"state":"IDLE","t":"2026-07-16T11:46:38.7698473Z","type":"sample"}
{"channel":"rr","display":0,"mu":0,"quality":"OUT_OF_RANGE","raw":1138.6,"sigma":1.5,"state":"IDLE","t":"2026-07-16T11:46:38.8096552Z","type":"sample"}
{"channel":"rr","display":0,"mu":0,"quality":"OUT_OF_RANGE","raw":1138.6,"sigma":1.5,"state":"IDLE","t":"2026-07-16T11:46:38.8494208Z","type":"sample"}
{"channel":"gsr","display":3239.9,"mu":0,"quality":"OK","raw":3239.9,"sigma":10,"state":"IDLE","t":"2026-07-16T11:46:38.8636367Z","type":"sample"}
{"channel":"rr","display":0,"mu":0,"quality":"OUT_OF_RANGE","raw":1139.9,"sigma":1.5,"state":"IDLE","t":"2026-07-16T11:46:38.8894636Z","type":"sample"}
{"channel":"rr","display":0,"mu":0,"quality":"OUT_OF_RANGE","raw":1139.1,"sigma":1.5,"state":"IDLE","t":"2026-07-16T11:46:38.9299677Z","type":"sample"}
{"channel":"gsr","display":3243.8,"mu":0,"quality":"OK","raw":3243.8,"sigma":10,"state":"IDLE","t":"2026-07-16T11:46:38.9647286Z","type":"sample"}
{"channel":"hr","display":0,"mu":0,"quality":"OUT_OF_RANGE","raw":72,"sigma":3,"state":"IDLE","t":"2026-07-16T11:46:38.9656803Z","type":"sample"}
{"channel":"rr","display":0,"mu":0,"quality":"OUT_OF_RANGE","raw":1138.8,"sigma":1.5,"state":"IDLE","t":"2026-07-16T11:46:38.9706347Z","type":"sample"}
{"channel":"rr","display":0,"mu":0,"quality":"OUT_OF_RANGE","raw":1139.9,"sigma":1.5,"state":"IDLE","t":"2026-07-16T11:46:39.0078955Z","type":"sample"}
{"channel":"rr","display":0,"mu":0,"quality":"OUT_OF_RANGE","raw":1138.7,"sigma":1.5,"state":"IDLE","t":"2026-07-16T11:46:39.0495245Z","type":"sample"}
{"channel":"gsr","display":3245.5,"mu":0,"quality":"OK","raw":3245.5,"sigma":10,"state":"IDLE","t":"2026-07-16T11:46:39.0637953Z","type":"sample"}
{"channel":"rr","display":0,"mu":0,"quality":"OUT_OF_RANGE","raw":1138.8,"sigma":1.5,"state":"IDLE","t":"2026-07-16T11:46:39.0894045Z","type":"sample"}
{"channel":"rr","display":0,"mu":0,"quality":"OUT_OF_RANGE","raw":1138.5,"sigma":1.5,"state":"IDLE","t":"2026-07-16T11:46:39.1290724Z","type":"sample"}
{"channel":"gsr","display":3249.5,"mu":0,"quality":"OK","raw":3249.5,"sigma":10,"state":"IDLE","t":"2026-07-16T11:46:39.1645953Z","type":"sample"}
{"channel":"rr","display":0,"mu":0,"quality":"OUT_OF_RANGE","raw":1139.8,"sigma":1.5,"state":"IDLE","t":"2026-07-16T11:46:39.1697986Z","type":"sample"}
{"channel":"rr","display":0,"mu":0,"quality":"OUT_OF_RANGE","raw":1138.3,"sigma":1.5,"state":"IDLE","t":"2026-07-16T11:46:39.2099444Z","type":"sample"}
{"channel":"rr","display":0,"mu":0,"quality":"OUT_OF_RANGE","raw":1137.8,"sigma":1.5,"state":"IDLE","t":"2026-07-16T11:46:39.2491462Z","type":"sample"}
{"channel":"gsr","display":3253.5,"mu":0,"quality":"OK","raw":3253.5,"sigma":10,"state":"IDLE","t":"2026-07-16T11:46:39.2647553Z","type":"sample"}
{"channel":"rr","display":0,"mu":0,"quality":"OUT_OF_RANGE","raw":1140.1,"sigma":1.5,"state":"IDLE","t":"2026-07-16T11:46:39.289438Z","type":"sample"}
{"channel":"rr","display":0,"mu":0,"quality":"OUT_OF_RANGE","raw":1138.2,"sigma":1.5,"state":"IDLE","t":"2026-07-16T11:46:39.3300031Z","type":"sample"}
{"address":"/cue/p/start","args":null,"channel":"system","dir":"out","t":"2026-07-16T11:46:39.3504458Z","type":"osc"}
{"channel":"gsr","display":3254.9,"mu":0,"quality":"OK","raw":3254.9,"sigma":10,"state":"IDLE","t":"2026-07-16T11:46:39.3651318Z","type":"sample"}
{"channel":"rr","display":0,"mu":0,"quality":"OUT_OF_RANGE","raw":1139.3,"sigma":1.5,"state":"IDLE","t":"2026-07-16T11:46:39.3684233Z","type":"sample"}
{"channel":"rr","display":0,"mu":0,"quality":"OUT_OF_RANGE","raw":1138,"sigma":1.5,"state":"IDLE","t":"2026-07-16T11:46:39.4097643Z","type":"sample"}
{"channel":"rr","display":0,"mu":0,"quality":"OUT_OF_RANGE","raw":1138.8,"sigma":1.5,"state":"IDLE","t":"2026-07-16T11:46:39.4494926Z","type":"sample"}
{"channel":"gsr","display":3257.6,"mu":0,"quality":"OK","raw":3257.6,"sigma":10,"state":"IDLE","t":"2026-07-16T11:46:39.465109Z","type":"sample"}
{"channel":"hr","display":0,"mu":0,"quality":"OUT_OF_RANGE","raw":72,"sigma":3,"state":"IDLE","t":"2026-07-16T11:46:39.4656203Z","type":"sample"}
{"channel":"rr","display":0,"mu":0,"quality":"OUT_OF_RANGE","raw":1137.9,"sigma":1.5,"state":"IDLE","t":"2026-07-16T11:46:39.4892666Z","type":"sample"}
{"channel":"rr","display":0,"mu":0,"quality":"OUT_OF_RANGE","raw":1138.8,"sigma":1.5,"state":"IDLE","t":"2026-07-16T11:46:39.5293291Z","type":"sample"}
{"channel":"gsr","display":3259.5,"mu":0,"quality":"OK","raw":3259.5,"sigma":10,"state":"IDLE","t":"2026-07-16T11:46:39.5647088Z","type":"sample"}
{"channel":"rr","display":0,"mu":0,"quality":"OUT_OF_RANGE","raw":1139.5,"sigma":1.5,"state":"IDLE","t":"2026-07-16T11:46:39.5697873Z","type":"sample"}
{"channel":"rr","display":0,"mu":0,"quality":"OUT_OF_RANGE","raw":1139.6,"sigma":1.5,"state":"IDLE","t":"2026-07-16T11:46:39.6094936Z","type":"sample"}
{"address":"/cue/g1/start","args":null,"channel":"system","dir":"out","t":"2026-07-16T11:46:39.6138399Z","type":"osc"}
{"channel":"rr","display":0,"mu":0,"quality":"OUT_OF_RANGE","raw":1137.8,"sigma":1.5,"state":"IDLE","t":"2026-07-16T11:46:39.6491989Z","type":"sample"}
{"channel":"gsr","display":3265.6,"mu":0,"quality":"OK","raw":3265.6,"sigma":10,"state":"IDLE","t":"2026-07-16T11:46:39.665072Z","type":"sample"}
{"channel":"rr","display":0,"mu":0,"quality":"OUT_OF_RANGE","raw":1137.8,"sigma":1.5,"state":"IDLE","t":"2026-07-16T11:46:39.6897813Z","type":"sample"}
{"channel":"rr","display":0,"mu":0,"quality":"OUT_OF_RANGE","raw":1137.7,"sigma":1.5,"state":"IDLE","t":"2026-07-16T11:46:39.7291368Z","type":"sample"}
{"channel":"gsr","display":3266.6,"mu":0,"quality":"OK","raw":3266.6,"sigma":10,"state":"IDLE","t":"2026-07-16T11:46:39.7605529Z","type":"sample"}
{"channel":"rr","display":0,"mu":0,"quality":"OUT_OF_RANGE","raw":1138.8,"sigma":1.5,"state":"IDLE","t":"2026-07-16T11:46:39.7692764Z","type":"sample"}
{"channel":"rr","display":0,"mu":0,"quality":"OUT_OF_RANGE","raw":1138.9,"sigma":1.5,"state":"IDLE","t":"2026-07-16T11:46:39.809347Z","type":"sample"}
{"channel":"rr","display":0,"mu":0,"quality":"OUT_OF_RANGE","raw":1138.4,"sigma":1.5,"state":"IDLE","t":"2026-07-16T11:46:39.8497844Z","type":"sample"}
{"channel":"gsr","display":3267.1,"mu":0,"quality":"OK","raw":3267.1,"sigma":10,"state":"IDLE","t":"2026-07-16T11:46:39.8638323Z","type":"sample"}
{"channel":"rr","display":0,"mu":0,"quality":"OUT_OF_RANGE","raw":1139.2,"sigma":1.5,"state":"IDLE","t":"2026-07-16T11:46:39.8890756Z","type":"sample"}
{"channel":"rr","display":0,"mu":0,"quality":"OUT_OF_RANGE","raw":1137.9,"sigma":1.5,"state":"IDLE","t":"2026-07-16T11:46:39.9295822Z","type":"sample"}
{"channel":"gsr","display":3271.5,"mu":0,"quality":"OK","raw":3271.5,"sigma":10,"state":"IDLE","t":"2026-07-16T11:46:39.9646638Z","type":"sample"}
{"channel":"hr","display":0,"mu":0,"quality":"OUT_OF_RANGE","raw":72,"sigma":3,"state":"IDLE","t":"2026-07-16T11:46:39.9993485Z","type":"sample"}
{"channel":"rr","display":0,"mu":0,"quality":"OUT_OF_RANGE","raw":1140,"sigma":1.5,"state":"IDLE","t":"2026-07-16T11:46:40.0043712Z","type":"sample"}
{"channel":"rr","display":0,"mu":0,"quality":"OUT_OF_RANGE","raw":1139.3,"sigma":1.5,"state":"IDLE","t":"2026-07-16T11:46:40.0438884Z","type":"sample"}
{"channel":"gsr","display":3272,"mu":0,"quality":"OK","raw":3272,"sigma":10,"state":"IDLE","t":"2026-07-16T11:46:40.0633993Z","type":"sample"}
{"channel":"rr","display":0,"mu":0,"quality":"OUT_OF_RANGE","raw":1139.4,"sigma":1.5,"state":"IDLE","t":"2026-07-16T11:46:40.0818515Z","type":"sample"}
{"channel":"rr","display":0,"mu":0,"quality":"OUT_OF_RANGE","raw":1139.4,"sigma":1.5,"state":"IDLE","t":"2026-07-16T11:46:40.1219145Z","type":"sample"}
{"channel":"gsr","display":3277.4,"mu":0,"quality":"OK","raw":3277.4,"sigma":10,"state":"IDLE","t":"2026-07-16T11:46:40.1627089Z","type":"sample"}
{"channel":"rr","display":0,"mu":0,"quality":"OUT_OF_RANGE","raw":1139.1,"sigma":1.5,"state":"IDLE","t":"2026-07-16T11:46:40.1692396Z","type":"sample"}
{"channel":"rr","display":0,"mu":0,"quality":"OUT_OF_RANGE","raw":1138.3,"sigma":1.5,"state":"IDLE","t":"2026-07-16T11:46:40.2019304Z","type":"sample"}
{"channel":"rr","display":0,"mu":0,"quality":"OUT_OF_RANGE","raw":1140.4,"sigma":1.5,"state":"IDLE","t":"2026-07-16T11:46:40.2482069Z","type":"sample"}
{"channel":"gsr","display":3277.3,"mu":0,"quality":"OK","raw":3277.3,"sigma":10,"state":"IDLE","t":"2026-07-16T11:46:40.2649116Z","type":"sample"}
{"channel":"rr","display":0,"mu":0,"quality":"OUT_OF_RANGE","raw":1140.1,"sigma":1.5,"state":"IDLE","t":"2026-07-16T11:46:40.2882314Z","type":"sample"}
{"channel":"rr","display":0,"mu":0,"quality":"OUT_OF_RANGE","raw":1140.9,"sigma":1.5,"state":"IDLE","t":"2026-07-16T11:46:40.3276748Z","type":"sample"}
{"address":"/cue/p/start","args":null,"channel":"system","dir":"out","t":"2026-07-16T11:46:40.3511727Z","type":"osc"}
{"channel":"gsr","display":3283.2,"mu":0,"quality":"OK","raw":3283.2,"sigma":10,"state":"IDLE","t":"2026-07-16T11:46:40.3628511Z","type":"sample"}
{"channel":"rr","display":0,"mu":0,"quality":"OUT_OF_RANGE","raw":1141.1,"sigma":1.5,"state":"IDLE","t":"2026-07-16T11:46:40.3696098Z","type":"sample"}
{"channel":"rr","display":0,"mu":0,"quality":"OUT_OF_RANGE","raw":1139.6,"sigma":1.5,"state":"IDLE","t":"2026-07-16T11:46:40.4061345Z","type":"sample"}
{"channel":"rr","display":0,"mu":0,"quality":"OUT_OF_RANGE","raw":1141,"sigma":1.5,"state":"IDLE","t":"2026-07-16T11:46:40.4442876Z","type":"sample"}
{"channel":"gsr","display":3281.9,"mu":0,"quality":"OK","raw":3281.9,"sigma":10,"state":"IDLE","t":"2026-07-16T11:46:40.4605552Z","type":"sample"}
{"channel":"hr","display":0,"mu":0,"quality":"OUT_OF_RANGE","raw":72,"sigma":3,"state":"IDLE","t":"2026-07-16T11:46:40.4652195Z","type":"sample"}
{"channel":"rr","display":0,"mu":0,"quality":"OUT_OF_RANGE","raw":1140.8,"sigma":1.5,"state":"IDLE","t":"2026-07-16T11:46:40.4851616Z","type":"sample"}
{"channel":"rr","display":0,"mu":0,"quality":"OUT_OF_RANGE","raw":1139.4,"sigma":1.5,"state":"IDLE","t":"2026-07-16T11:46:40.5258336Z","type":"sample"}
{"channel":"gsr","display":3286.1,"mu":0,"quality":"OK","raw":3286.1,"sigma":10,"state":"IDLE","t":"2026-07-16T11:46:40.5649441Z","type":"sample"}
{"channel":"rr","display":0,"mu":0,"quality":"OUT_OF_RANGE","raw":1140.5,"sigma":1.5,"state":"IDLE","t":"2026-07-16T11:46:40.5692844Z","type":"sample"}
{"channel":"rr","display":0,"mu":0,"quality":"OUT_OF_RANGE","raw":1139.4,"sigma":1.5,"state":"IDLE","t":"2026-07-16T11:46:40.6080762Z","type":"sample"}
{"address":"/cue/g1/start","args":null,"channel":"system","dir":"out","t":"2026-07-16T11:46:40.6193323Z","type":"osc"}
{"channel":"rr","display":0,"mu":0,"quality":"OUT_OF_RANGE","raw":1139.8,"sigma":1.5,"state":"IDLE","t":"2026-07-16T11:46:40.64103Z","type":"sample"}
{"channel":"gsr","display":3287.5,"mu":0,"quality":"OK","raw":3287.5,"sigma":10,"state":"IDLE","t":"2026-07-16T11:46:40.6646891Z","type":"sample"}
{"channel":"rr","display":0,"mu":0,"quality":"OUT_OF_RANGE","raw":1140.1,"sigma":1.5,"state":"IDLE","t":"2026-07-16T11:46:40.6889813Z","type":"sample"}
{"channel":"rr","display":0,"mu":0,"quality":"OUT_OF_RANGE","raw":1139.1,"sigma":1.5,"state":"IDLE","t":"2026-07-16T11:46:40.7285526Z","type":"sample"}
{"channel":"gsr","display":3289.1,"mu":0,"quality":"OK","raw":3289.1,"sigma":10,"state":"IDLE","t":"2026-07-16T11:46:40.764621Z","type":"sample"}
{"channel":"rr","display":0,"mu":0,"quality":"OUT_OF_RANGE","raw":1138.5,"sigma":1.5,"state":"IDLE","t":"2026-07-16T11:46:40.7691362Z","type":"sample"}
{"channel":"rr","display":0,"mu":0,"quality":"OUT_OF_RANGE","raw":1139.3,"sigma":1.5,"state":"IDLE","t":"2026-07-16T11:46:40.8087643Z","type":"sample"}
{"channel":"rr","display":0,"mu":0,"quality":"OUT_OF_RANGE","raw":1140,"sigma":1.5,"state":"IDLE","t":"2026-07-16T11:46:40.8469962Z","type":"sample"}
{"channel":"gsr","display":3294,"mu":0,"quality":"OK","raw":3294,"sigma":10,"state":"IDLE","t":"2026-07-16T11:46:40.8637702Z","type":"sample"}
{"channel":"rr","display":0,"mu":0,"quality":"OUT_OF_RANGE","raw":1139.1,"sigma":1.5,"state":"IDLE","t":"2026-07-16T11:46:40.8888551Z","type":"sample"}
{"channel":"rr","display":0,"mu":0,"quality":"OUT_OF_RANGE","raw":1140.1,"sigma":1.5,"state":"IDLE","t":"2026-07-16T11:46:40.9290217Z","type":"sample"}
{"channel":"gsr","display":3296.4,"mu":0,"quality":"OK","raw":3296.4,"sigma":10,"state":"IDLE","t":"2026-07-16T11:46:40.9650147Z","type":"sample"}
{"channel":"rr","display":0,"mu":0,"quality":"OUT_OF_RANGE","raw":1138.1,"sigma":1.5,"state":"IDLE","t":"2026-07-16T11:46:40.9694132Z","type":"sample"}
{"channel":"hr","display":0,"mu":0,"quality":"OUT_OF_RANGE","raw":72,"sigma":3,"state":"IDLE","t":"2026-07-16T11:46:40.9699347Z","type":"sample"}
{"channel":"rr","display":0,"mu":0,"quality":"OUT_OF_RANGE","raw":1139.5,"sigma":1.5,"state":"IDLE","t":"2026-07-16T11:46:41.0019878Z","type":"sample"}
{"channel":"rr","display":0,"mu":0,"quality":"OUT_OF_RANGE","raw":1139.9,"sigma":1.5,"state":"IDLE","t":"2026-07-16T11:46:41.0482813Z","type":"sample"}
{"channel":"gsr","display":3298.4,"mu":0,"quality":"OK","raw":3298.4,"sigma":10,"state":"IDLE","t":"2026-07-16T11:46:41.0645655Z","type":"sample"}
{"channel":"rr","display":0,"mu":0,"quality":"OUT_OF_RANGE","raw":1139.7,"sigma":1.5,"state":"IDLE","t":"2026-07-16T11:46:41.0876799Z","type":"sample"}
{"channel":"rr","display":0,"mu":0,"quality":"OUT_OF_RANGE","raw":1139.4,"sigma":1.5,"state":"IDLE","t":"2026-07-16T11:46:41.1283699Z","type":"sample"}
{"channel":"gsr","display":3300.2,"mu":0,"quality":"OK","raw":3300.2,"sigma":10,"state":"IDLE","t":"2026-07-16T11:46:41.1647444Z","type":"sample"}
{"channel":"rr","display":0,"mu":0,"quality":"OUT_OF_RANGE","raw":1139.6,"sigma":1.5,"state":"IDLE","t":"2026-07-16T11:46:41.1691193Z","type":"sample"}
{"channel":"rr","display":0,"mu":0,"quality":"OUT_OF_RANGE","raw":1139.4,"sigma":1.5,"state":"IDLE","t":"2026-07-16T11:46:41.2020787Z","type":"sample"}
{"channel":"rr","display":0,"mu":0,"quality":"OUT_OF_RANGE","raw":1139.8,"sigma":1.5,"state":"IDLE","t":"2026-07-16T11:46:41.2487946Z","type":"sample"}
{"channel":"gsr","display":3306.8,"mu":0,"quality":"OK","raw":3306.8,"sigma":10,"state":"IDLE","t":"2026-07-16T11:46:41.2650481Z","type":"sample"}
{"channel":"rr","display":0,"mu":0,"quality":"OUT_OF_RANGE","raw":1138.2,"sigma":1.5,"state":"IDLE","t":"2026-07-16T11:46:41.2887137Z","type":"sample"}
{"channel":"rr","display":0,"mu":0,"quality":"OUT_OF_RANGE","raw":1139.1,"sigma":1.5,"state":"IDLE","t":"2026-07-16T11:46:41.3288436Z","type":"sample"}
{"address":"/cue/p/start","args":null,"channel":"system","dir":"out","t":"2026-07-16T11:46:41.3504613Z","type":"osc"}
{"channel":"gsr","display":3310.3,"mu":0,"quality":"OK","raw":3310.3,"sigma":10,"state":"IDLE","t":"2026-07-16T11:46:41.3650474Z","type":"sample"}
{"channel":"rr","display":0,"mu":0,"quality":"OUT_OF_RANGE","raw":1138.2,"sigma":1.5,"state":"IDLE","t":"2026-07-16T11:46:41.3696748Z","type":"sample"}
{"channel":"rr","display":0,"mu":0,"quality":"OUT_OF_RANGE","raw":1140.6,"sigma":1.5,"state":"IDLE","t":"2026-07-16T11:46:41.4070755Z","type":"sample"}
{"channel":"rr","display":0,"mu":0,"quality":"OUT_OF_RANGE","raw":1140.4,"sigma":1.5,"state":"IDLE","t":"2026-07-16T11:46:41.4404945Z","type":"sample"}
{"channel":"gsr","display":3309.5,"mu":0,"quality":"OK","raw":3309.5,"sigma":10,"state":"IDLE","t":"2026-07-16T11:46:41.4646362Z","type":"sample"}
{"channel":"hr","display":0,"mu":0,"quality":"OUT_OF_RANGE","raw":72,"sigma":3,"state":"IDLE","t":"2026-07-16T11:46:41.4692378Z","type":"sample"}
{"channel":"rr","display":0,"mu":0,"quality":"OUT_OF_RANGE","raw":1139.5,"sigma":1.5,"state":"IDLE","t":"2026-07-16T11:46:41.4890402Z","type":"sample"}
{"channel":"rr","display":0,"mu":0,"quality":"OUT_OF_RANGE","raw":1139.3,"sigma":1.5,"state":"IDLE","t":"2026-07-16T11:46:41.5281587Z","type":"sample"}
{"channel":"gsr","display":3315.2,"mu":0,"quality":"OK","raw":3315.2,"sigma":10,"state":"IDLE","t":"2026-07-16T11:46:41.5652452Z","type":"sample"}
{"channel":"rr","display":0,"mu":0,"quality":"OUT_OF_RANGE","raw":1139.6,"sigma":1.5,"state":"IDLE","t":"2026-07-16T11:46:41.569656Z","type":"sample"}
{"channel":"rr","display":0,"mu":0,"quality":"OUT_OF_RANGE","raw":1139.3,"sigma":1.5,"state":"IDLE","t":"2026-07-16T11:46:41.6096653Z","type":"sample"}
{"address":"/cue/g1/start","args":null,"channel":"system","dir":"out","t":"2026-07-16T11:46:41.6233129Z","type":"osc"}
{"channel":"rr","display":0,"mu":0,"quality":"OUT_OF_RANGE","raw":1138.8,"sigma":1.5,"state":"IDLE","t":"2026-07-16T11:46:41.6496951Z","type":"sample"}
{"channel":"gsr","display":3315,"mu":0,"quality":"OK","raw":3315,"sigma":10,"state":"IDLE","t":"2026-07-16T11:46:41.6635892Z","type":"sample"}
{"channel":"rr","display":0,"mu":0,"quality":"OUT_OF_RANGE","raw":1140.3,"sigma":1.5,"state":"IDLE","t":"2026-07-16T11:46:41.6897359Z","type":"sample"}
{"channel":"rr","display":0,"mu":0,"quality":"OUT_OF_RANGE","raw":1140.9,"sigma":1.5,"state":"IDLE","t":"2026-07-16T11:46:41.7293122Z","type":"sample"}
{"channel":"gsr","display":3320.9,"mu":0,"quality":"OK","raw":3320.9,"sigma":10,"state":"IDLE","t":"2026-07-16T11:46:41.7648038Z","type":"sample"}
{"channel":"rr","display":0,"mu":0,"quality":"OUT_OF_RANGE","raw":1141.5,"sigma":1.5,"state":"IDLE","t":"2026-07-16T11:46:41.7696959Z","type":"sample"}
{"channel":"rr","display":0,"mu":0,"quality":"OUT_OF_RANGE","raw":1139.9,"sigma":1.5,"state":"IDLE","t":"2026-07-16T11:46:41.8092254Z","type":"sample"}
{"channel":"rr","display":0,"mu":0,"quality":"OUT_OF_RANGE","raw":1140.4,"sigma":1.5,"state":"IDLE","t":"2026-07-16T11:46:41.8493163Z","type":"sample"}
{"channel":"gsr","display":3323.6,"mu":0,"quality":"OK","raw":3323.6,"sigma":10,"state":"IDLE","t":"2026-07-16T11:46:41.8639283Z","type":"sample"}
{"channel":"rr","display":0,"mu":0,"quality":"OUT_OF_RANGE","raw":1139.8,"sigma":1.5,"state":"IDLE","t":"2026-07-16T11:46:41.8892395Z","type":"sample"}
{"channel":"rr","display":0,"mu":0,"quality":"OUT_OF_RANGE","raw":1139.9,"sigma":1.5,"state":"IDLE","t":"2026-07-16T11:46:41.9297731Z","type":"sample"}
{"channel":"gsr","display":3328.1,"mu":0,"quality":"OK","raw":3328.1,"sigma":10,"state":"IDLE","t":"2026-07-16T11:46:41.9649061Z","type":"sample"}
{"channel":"rr","display":0,"mu":0,"quality":"OUT_OF_RANGE","raw":1140.6,"sigma":1.5,"state":"IDLE","t":"2026-07-16T11:46:41.9697863Z","type":"sample"}
{"channel":"hr","display":0,"mu":0,"quality":"OUT_OF_RANGE","raw":72,"sigma":3,"state":"IDLE","t":"2026-07-16T11:46:41.9703067Z","type":"sample"}
{"channel":"rr","display":0,"mu":0,"quality":"OUT_OF_RANGE","raw":1139.8,"sigma":1.5,"state":"IDLE","t":"2026-07-16T11:46:42.0098731Z","type":"sample"}
{"channel":"rr","display":0,"mu":0,"quality":"OUT_OF_RANGE","raw":1139.9,"sigma":1.5,"state":"IDLE","t":"2026-07-16T11:46:42.0498043Z","type":"sample"}
{"channel":"gsr","display":3330.3,"mu":0,"quality":"OK","raw":3330.3,"sigma":10,"state":"IDLE","t":"2026-07-16T11:46:42.065Z","type":"sample"}
{"channel":"rr","display":0,"mu":0,"quality":"OUT_OF_RANGE","raw":1139.4,"sigma":1.5,"state":"IDLE","t":"2026-07-16T11:46:42.0892285Z","type":"sample"}
{"channel":"rr","display":0,"mu":0,"quality":"OUT_OF_RANGE","raw":1139.3,"sigma":1.5,"state":"IDLE","t":"2026-07-16T11:46:42.1297421Z","type":"sample"}
{"channel":"gsr","display":3334.2,"mu":0,"quality":"OK","raw":3334.2,"sigma":10,"state":"IDLE","t":"2026-07-16T11:46:42.1647298Z","type":"sample"}
{"channel":"rr","display":0,"mu":0,"quality":"OUT_OF_RANGE","raw":1140.4,"sigma":1.5,"state":"IDLE","t":"2026-07-16T11:46:42.1696898Z","type":"sample"}
{"channel":"rr","display":0,"mu":0,"quality":"OUT_OF_RANGE","raw":1138.1,"sigma":1.5,"state":"IDLE","t":"2026-07-16T11:46:42.2097121Z","type":"sample"}
{"channel":"rr","display":0,"mu":0,"quality":"OUT_OF_RANGE","raw":1139.1,"sigma":1.5,"state":"IDLE","t":"2026-07-16T11:46:42.2494998Z","type":"sample"}
{"channel":"gsr","display":3338.1,"mu":0,"quality":"OK","raw":3338.1,"sigma":10,"state":"IDLE","t":"2026-07-16T11:46:42.2645906Z","type":"sample"}
{"channel":"rr","display":0,"mu":0,"quality":"OUT_OF_RANGE","raw":1139.1,"sigma":1.5,"state":"IDLE","t":"2026-07-16T11:46:42.2895656Z","type":"sample"}
{"channel":"rr","display":0,"mu":0,"quality":"OUT_OF_RANGE","raw":1138.9,"sigma":1.5,"state":"IDLE","t":"2026-07-16T11:46:42.3300489Z","type":"sample"}
{"address":"/cue/p/start","args":null,"channel":"system","dir":"out","t":"2026-07-16T11:46:42.3513929Z","type":"osc"}
{"channel":"gsr","display":3338.6,"mu":0,"quality":"OK","raw":3338.6,"sigma":10,"state":"IDLE","t":"2026-07-16T11:46:42.3648146Z","type":"sample"}
{"channel":"rr","display":0,"mu":0,"quality":"OUT_OF_RANGE","raw":1139.9,"sigma":1.5,"state":"IDLE","t":"2026-07-16T11:46:42.3696874Z","type":"sample"}
{"channel":"rr","display":0,"mu":0,"quality":"OUT_OF_RANGE","raw":1137.8,"sigma":1.5,"state":"IDLE","t":"2026-07-16T11:46:42.4093286Z","type":"sample"}
{"channel":"rr","display":0,"mu":0,"quality":"OUT_OF_RANGE","raw":1138.4,"sigma":1.5,"state":"IDLE","t":"2026-07-16T11:46:42.4496259Z","type":"sample"}
{"channel":"gsr","display":3342.9,"mu":0,"quality":"OK","raw":3342.9,"sigma":10,"state":"IDLE","t":"2026-07-16T11:46:42.4635884Z","type":"sample"}
{"channel":"hr","display":0,"mu":0,"quality":"OUT_OF_RANGE","raw":72,"sigma":3,"state":"IDLE","t":"2026-07-16T11:46:42.4692053Z","type":"sample"}
{"channel":"rr","display":0,"mu":0,"quality":"OUT_OF_RANGE","raw":1138.6,"sigma":1.5,"state":"IDLE","t":"2026-07-16T11:46:42.4899225Z","type":"sample"}
{"channel":"rr","display":0,"mu":0,"quality":"OUT_OF_RANGE","raw":1139.6,"sigma":1.5,"state":"IDLE","t":"2026-07-16T11:46:42.5292963Z","type":"sample"}
{"channel":"gsr","display":3348.4,"mu":0,"quality":"OK","raw":3348.4,"sigma":10,"state":"IDLE","t":"2026-07-16T11:46:42.5645823Z","type":"sample"}
{"channel":"rr","display":0,"mu":0,"quality":"OUT_OF_RANGE","raw":1139.8,"sigma":1.5,"state":"IDLE","t":"2026-07-16T11:46:42.5693654Z","type":"sample"}
{"channel":"rr","display":0,"mu":0,"quality":"OUT_OF_RANGE","raw":1140.6,"sigma":1.5,"state":"IDLE","t":"2026-07-16T11:46:42.6092345Z","type":"sample"}
{"address":"/cue/g1/start","args":null,"channel":"system","dir":"out","t":"2026-07-16T11:46:42.6293383Z","type":"osc"}
{"channel":"rr","display":0,"mu":0,"quality":"OUT_OF_RANGE","raw":1138.9,"sigma":1.5,"state":"IDLE","t":"2026-07-16T11:46:42.6489819Z","type":"sample"}
{"channel":"gsr","display":3351.8,"mu":0,"quality":"OK","raw":3351.8,"sigma":10,"state":"IDLE","t":"2026-07-16T11:46:42.6646666Z","type":"sample"}
{"channel":"rr","display":0,"mu":0,"quality":"OUT_OF_RANGE","raw":1139.2,"sigma":1.5,"state":"IDLE","t":"2026-07-16T11:46:42.6892819Z","type":"sample"}
{"channel":"rr","display":0,"mu":0,"quality":"OUT_OF_RANGE","raw":1139.6,"sigma":1.5,"state":"IDLE","t":"2026-07-16T11:46:42.7298093Z","type":"sample"}
{"channel":"gsr","display":3354.9,"mu":0,"quality":"OK","raw":3354.9,"sigma":10,"state":"IDLE","t":"2026-07-16T11:46:42.7650445Z","type":"sample"}
{"channel":"rr","display":0,"mu":0,"quality":"OUT_OF_RANGE","raw":1139.9,"sigma":1.5,"state":"IDLE","t":"2026-07-16T11:46:42.769323Z","type":"sample"}
{"channel":"rr","display":0,"mu":0,"quality":"OUT_OF_RANGE","raw":1140.6,"sigma":1.5,"state":"IDLE","t":"2026-07-16T11:46:42.8096482Z","type":"sample"}
{"channel":"rr","display":0,"mu":0,"quality":"OUT_OF_RANGE","raw":1138.2,"sigma":1.5,"state":"IDLE","t":"2026-07-16T11:46:42.8494839Z","type":"sample"}
{"channel":"gsr","display":3355.8,"mu":0,"quality":"OK","raw":3355.8,"sigma":10,"state":"IDLE","t":"2026-07-16T11:46:42.8652792Z","type":"sample"}
{"channel":"rr","display":0,"mu":0,"quality":"OUT_OF_RANGE","raw":1139.6,"sigma":1.5,"state":"IDLE","t":"2026-07-16T11:46:42.8894308Z","type":"sample"}
{"channel":"rr","display":0,"mu":0,"quality":"OUT_OF_RANGE","raw":1138.1,"sigma":1.5,"state":"IDLE","t":"2026-07-16T11:46:42.9298171Z","type":"sample"}
{"channel":"gsr","display":3360.2,"mu":0,"quality":"OK","raw":3360.2,"sigma":10,"state":"IDLE","t":"2026-07-16T11:46:42.9626431Z","type":"sample"}
{"channel":"rr","display":0,"mu":0,"quality":"OUT_OF_RANGE","raw":1138.7,"sigma":1.5,"state":"IDLE","t":"2026-07-16T11:46:42.9697819Z","type":"sample"}
{"channel":"hr","display":0,"mu":0,"quality":"OUT_OF_RANGE","raw":72,"sigma":3,"state":"IDLE","t":"2026-07-16T11:46:42.9702961Z","type":"sample"}
{"channel":"rr","display":0,"mu":0,"quality":"OUT_OF_RANGE","raw":1138.9,"sigma":1.5,"state":"IDLE","t":"2026-07-16T11:46:43.0091847Z","type":"sample"}
{"channel":"rr","display":0,"mu":0,"quality":"OUT_OF_RANGE","raw":1139.6,"sigma":1.5,"state":"IDLE","t":"2026-07-16T11:46:43.0490475Z","type":"sample"}
{"channel":"gsr","display":3366.5,"mu":0,"quality":"OK","raw":3366.5,"sigma":10,"state":"IDLE","t":"2026-07-16T11:46:43.0648621Z","type":"sample"}
{"channel":"rr","display":0,"mu":0,"quality":"OUT_OF_RANGE","raw":1140.6,"sigma":1.5,"state":"IDLE","t":"2026-07-16T11:46:43.089721Z","type":"sample"}
{"channel":"rr","display":0,"mu":0,"quality":"OUT_OF_RANGE","raw":1139.9,"sigma":1.5,"state":"IDLE","t":"2026-07-16T11:46:43.1297303Z","type":"sample"}
{"channel":"gsr","display":3368,"mu":0,"quality":"OK","raw":3368,"sigma":10,"state":"IDLE","t":"2026-07-16T11:46:43.1650509Z","type":"sample"}
{"channel":"rr","display":0,"mu":0,"quality":"OUT_OF_RANGE","raw":1140.4,"sigma":1.5,"state":"IDLE","t":"2026-07-16T11:46:43.169803Z","type":"sample"}
{"channel":"rr","display":0,"mu":0,"quality":"OUT_OF_RANGE","raw":1140.6,"sigma":1.5,"state":"IDLE","t":"2026-07-16T11:46:43.2094966Z","type":"sample"}
{"channel":"rr","display":0,"mu":0,"quality":"OUT_OF_RANGE","raw":1139.2,"sigma":1.5,"state":"IDLE","t":"2026-07-16T11:46:43.2492348Z","type":"sample"}
{"channel":"gsr","display":3370.2,"mu":0,"quality":"OK","raw":3370.2,"sigma":10,"state":"IDLE","t":"2026-07-16T11:46:43.2646459Z","type":"sample"}
{"channel":"rr","display":0,"mu":0,"quality":"OUT_OF_RANGE","raw":1139.8,"sigma":1.5,"state":"IDLE","t":"2026-07-16T11:46:43.2893475Z","type":"sample"}
{"channel":"rr","display":0,"mu":0,"quality":"OUT_OF_RANGE","raw":1139.2,"sigma":1.5,"state":"IDLE","t":"2026-07-16T11:46:43.3296218Z","type":"sample"}
{"address":"/cue/p/start","args":null,"channel":"system","dir":"out","t":"2026-07-16T11:46:43.3506051Z","type":"osc"}
{"channel":"gsr","display":3373.3,"mu":0,"quality":"OK","raw":3373.3,"sigma":10,"state":"IDLE","t":"2026-07-16T11:46:43.3635921Z","type":"sample"}
{"channel":"rr","display":0,"mu":0,"quality":"OUT_OF_RANGE","raw":1140.6,"sigma":1.5,"state":"IDLE","t":"2026-07-16T11:46:43.3696914Z","type":"sample"}
{"channel":"rr","display":0,"mu":0,"quality":"OUT_OF_RANGE","raw":1140.6,"sigma":1.5,"state":"IDLE","t":"2026-07-16T11:46:43.4096596Z","type":"sample"}
{"channel":"rr","display":0,"mu":0,"quality":"OUT_OF_RANGE","raw":1139.3,"sigma":1.5,"state":"IDLE","t":"2026-07-16T11:46:43.4490462Z","type":"sample"}
{"channel":"gsr","display":3375.6,"mu":0,"quality":"OK","raw":3375.6,"sigma":10,"state":"IDLE","t":"2026-07-16T11:46:43.4647842Z","type":"sample"}
{"channel":"hr","display":0,"mu":0,"quality":"OUT_OF_RANGE","raw":71,"sigma":3,"state":"IDLE","t":"2026-07-16T11:46:43.4692172Z","type":"sample"}
{"channel":"rr","display":0,"mu":0,"quality":"OUT_OF_RANGE","raw":1140.9,"sigma":1.5,"state":"IDLE","t":"2026-07-16T11:46:43.4893293Z","type":"sample"}
{"channel":"rr","display":0,"mu":0,"quality":"OUT_OF_RANGE","raw":1137.9,"sigma":1.5,"state":"IDLE","t":"2026-07-16T11:46:43.529156Z","type":"sample"}
{"channel":"gsr","display":3375.5,"mu":0,"quality":"OK","raw":3375.5,"sigma":10,"state":"IDLE","t":"2026-07-16T11:46:43.56035Z","type":"sample"}
{"channel":"rr","display":0,"mu":0,"quality":"OUT_OF_RANGE","raw":1139.1,"sigma":1.5,"state":"IDLE","t":"2026-07-16T11:46:43.569241Z","type":"sample"}
{"channel":"rr","display":0,"mu":0,"quality":"OUT_OF_RANGE","raw":1140.1,"sigma":1.5,"state":"IDLE","t":"2026-07-16T11:46:43.6093352Z","type":"sample"}
{"address":"/cue/g1/start","args":null,"channel":"system","dir":"out","t":"2026-07-16T11:46:43.6394323Z","type":"osc"}
{"channel":"rr","display":0,"mu":0,"quality":"OUT_OF_RANGE","raw":1139.1,"sigma":1.5,"state":"IDLE","t":"2026-07-16T11:46:43.6493925Z","type":"sample"}
{"channel":"gsr","display":3380.5,"mu":0,"quality":"OK","raw":3380.5,"sigma":10,"state":"IDLE","t":"2026-07-16T11:46:43.6648712Z","type":"sample"}
{"channel":"rr","display":0,"mu":0,"quality":"OUT_OF_RANGE","raw":1139.4,"sigma":1.5,"state":"IDLE","t":"2026-07-16T11:46:43.6897046Z","type":"sample"}
{"channel":"rr","display":0,"mu":0,"quality":"OUT_OF_RANGE","raw":1138.6,"sigma":1.5,"state":"IDLE","t":"2026-07-16T11:46:43.7296146Z","type":"sample"}
{"channel":"gsr","display":3383.7,"mu":0,"quality":"OK","raw":3383.7,"sigma":10,"state":"IDLE","t":"2026-07-16T11:46:43.7645926Z","type":"sample"}
{"channel":"rr","display":0,"mu":0,"quality":"OUT_OF_RANGE","raw":1140,"sigma":1.5,"state":"IDLE","t":"2026-07-16T11:46:43.7697318Z","type":"sample"}
{"channel":"rr","display":0,"mu":0,"quality":"OUT_OF_RANGE","raw":1140.1,"sigma":1.5,"state":"IDLE","t":"2026-07-16T11:46:43.8093437Z","type":"sample"}
{"channel":"rr","display":0,"mu":0,"quality":"OUT_OF_RANGE","raw":1139.5,"sigma":1.5,"state":"IDLE","t":"2026-07-16T11:46:43.8494185Z","type":"sample"}
{"channel":"gsr","display":3387.3,"mu":0,"quality":"OK","raw":3387.3,"sigma":10,"state":"IDLE","t":"2026-07-16T11:46:43.8641149Z","type":"sample"}
{"channel":"rr","display":0,"mu":0,"quality":"OUT_OF_RANGE","raw":1139.4,"sigma":1.5,"state":"IDLE","t":"2026-07-16T11:46:43.8895377Z","type":"sample"}
{"channel":"rr","display":0,"mu":0,"quality":"OUT_OF_RANGE","raw":1140.1,"sigma":1.5,"state":"IDLE","t":"2026-07-16T11:46:43.9295472Z","type":"sample"}
{"channel":"gsr","display":3388.8,"mu":0,"quality":"OK","raw":3388.8,"sigma":10,"state":"IDLE","t":"2026-07-16T11:46:43.9648811Z","type":"sample"}
{"channel":"rr","display":0,"mu":0,"quality":"OUT_OF_RANGE","raw":1139.5,"sigma":1.5,"state":"IDLE","t":"2026-07-16T11:46:43.9696462Z","type":"sample"}
{"channel":"hr","display":0,"mu":0,"quality":"OUT_OF_RANGE","raw":71,"sigma":3,"state":"IDLE","t":"2026-07-16T11:46:43.9701638Z","type":"sample"}
{"channel":"rr","display":0,"mu":0,"quality":"OUT_OF_RANGE","raw":1140.8,"sigma":1.5,"state":"IDLE","t":"2026-07-16T11:46:44.0090411Z","type":"sample"}
{"channel":"rr","display":0,"mu":0,"quality":"OUT_OF_RANGE","raw":1139.1,"sigma":1.5,"state":"IDLE","t":"2026-07-16T11:46:44.0494321Z","type":"sample"}
{"channel":"gsr","display":3391.9,"mu":0,"quality":"OK","raw":3391.9,"sigma":10,"state":"IDLE","t":"2026-07-16T11:46:44.064824Z","type":"sample"}
{"channel":"rr","display":0,"mu":0,"quality":"OUT_OF_RANGE","raw":1139.4,"sigma":1.5,"state":"IDLE","t":"2026-07-16T11:46:44.0892143Z","type":"sample"}
{"channel":"rr","display":0,"mu":0,"quality":"OUT_OF_RANGE","raw":1140.3,"sigma":1.5,"state":"IDLE","t":"2026-07-16T11:46:44.1296089Z","type":"sample"}
{"channel":"gsr","display":3392.5,"mu":0,"quality":"OK","raw":3392.5,"sigma":10,"state":"IDLE","t":"2026-07-16T11:46:44.1647368Z","type":"sample"}
{"channel":"rr","display":0,"mu":0,"quality":"OUT_OF_RANGE","raw":1140.9,"sigma":1.5,"state":"IDLE","t":"2026-07-16T11:46:44.1695007Z","type":"sample"}
{"channel":"rr","display":0,"mu":0,"quality":"OUT_OF_RANGE","raw":1139.6,"sigma":1.5,"state":"IDLE","t":"2026-07-16T11:46:44.2093943Z","type":"sample"}
{"channel":"rr","display":0,"mu":0,"quality":"OUT_OF_RANGE","raw":1139.8,"sigma":1.5,"state":"IDLE","t":"2026-07-16T11:46:44.2497141Z","type":"sample"}
{"channel":"gsr","display":3396.6,"mu":0,"quality":"OK","raw":3396.6,"sigma":10,"state":"IDLE","t":"2026-07-16T11:46:44.2648535Z","type":"sample"}
{"channel":"rr","display":0,"mu":0,"quality":"OUT_OF_RANGE","raw":1138.9,"sigma":1.5,"state":"IDLE","t":"2026-07-16T11:46:44.2893692Z","type":"sample"}
{"channel":"rr","display":0,"mu":0,"quality":"OUT_OF_RANGE","raw":1138.9,"sigma":1.5,"state":"IDLE","t":"2026-07-16T11:46:44.329469Z","type":"sample"}
{"address":"/cue/p/start","args":null,"channel":"system","dir":"out","t":"2026-07-16T11:46:44.3516297Z","type":"osc"}
{"channel":"gsr","display":3396.7,"mu":0,"quality":"OK","raw":3396.7,"sigma":10,"state":"IDLE","t":"2026-07-16T11:46:44.3647144Z","type":"sample"}
{"channel":"rr","display":0,"mu":0,"quality":"OUT_OF_RANGE","raw":1138.1,"sigma":1.5,"state":"IDLE","t":"2026-07-16T11:46:44.3693769Z","type":"sample"}
{"channel":"rr","display":0,"mu":0,"quality":"OUT_OF_RANGE","raw":1140,"sigma":1.5,"state":"IDLE","t":"2026-07-16T11:46:44.4093265Z","type":"sample"}
{"channel":"rr","display":0,"mu":0,"quality":"OUT_OF_RANGE","raw":1138.6,"sigma":1.5,"state":"IDLE","t":"2026-07-16T11:46:44.4496609Z","type":"sample"}
{"channel":"gsr","display":3402.9,"mu":0,"quality":"OK","raw":3402.9,"sigma":10,"state":"IDLE","t":"2026-07-16T11:46:44.464785Z","type":"sample"}
{"channel":"hr","display":0,"mu":0,"quality":"OUT_OF_RANGE","raw":71,"sigma":3,"state":"IDLE","t":"2026-07-16T11:46:44.4695214Z","type":"sample"}
{"channel":"rr","display":0,"mu":0,"quality":"OUT_OF_RANGE","raw":1138.5,"sigma":1.5,"state":"IDLE","t":"2026-07-16T11:46:44.4897454Z","type":"sample"}
{"channel":"rr","display":0,"mu":0,"quality":"OUT_OF_RANGE","raw":1139.3,"sigma":1.5,"state":"IDLE","t":"2026-07-16T11:46:44.5294336Z","type":"sample"}
{"channel":"gsr","display":3405,"mu":0,"quality":"OK","raw":3405,"sigma":10,"state":"IDLE","t":"2026-07-16T11:46:44.5648722Z","type":"sample"}
{"channel":"rr","display":0,"mu":0,"quality":"OUT_OF_RANGE","raw":1138.6,"sigma":1.5,"state":"IDLE","t":"2026-07-16T11:46:44.56941Z","type":"sample"}
{"channel":"rr","display":0,"mu":0,"quality":"OUT_OF_RANGE","raw":1139.8,"sigma":1.5,"state":"IDLE","t":"2026-07-16T11:46:44.6097589Z","type":"sample"}
{"address":"/cue/g1/start","args":null,"channel":"system","dir":"out","t":"2026-07-16T11:46:44.6489113Z","type":"osc"}
{"channel":"rr","display":0,"mu":0,"quality":"OUT_OF_RANGE","raw":1139.1,"sigma":1.5,"state":"IDLE","t":"2026-07-16T11:46:44.6494441Z","type":"sample"}
{"channel":"gsr","display":3409.2,"mu":0,"quality":"OK","raw":3409.2,"sigma":10,"state":"IDLE","t":"2026-07-16T11:46:44.6647701Z","type":"sample"}
{"channel":"rr","display":0,"mu":0,"quality":"OUT_OF_RANGE","raw":1138.9,"sigma":1.5,"state":"IDLE","t":"2026-07-16T11:46:44.6894134Z","type":"sample"}
{"channel":"rr","display":0,"mu":0,"quality":"OUT_OF_RANGE","raw":1139.9,"sigma":1.5,"state":"IDLE","t":"2026-07-16T11:46:44.7294776Z","type":"sample"}
{"channel":"gsr","display":3406.6,"mu":0,"quality":"OK","raw":3406.6,"sigma":10,"state":"IDLE","t":"2026-07-16T11:46:44.7645287Z","type":"sample"}
{"channel":"rr","display":0,"mu":0,"quality":"OUT_OF_RANGE","raw":1138.7,"sigma":1.5,"state":"IDLE","t":"2026-07-16T11:46:44.76934Z","type":"sample"}
{"channel":"rr","display":0,"mu":0,"quality":"OUT_OF_RANGE","raw":1139.8,"sigma":1.5,"state":"IDLE","t":"2026-07-16T11:46:44.8098012Z","type":"sample"}
{"channel":"rr","display":0,"mu":0,"quality":"OUT_OF_RANGE","raw":1139.9,"sigma":1.5,"state":"IDLE","t":"2026-07-16T11:46:44.8495937Z","type":"sample"}
{"channel":"gsr","display":3420.7,"mu":0,"quality":"OK","raw":3420.7,"sigma":10,"state":"IDLE","t":"2026-07-16T11:46:44.8646521Z","type":"sample"}
{"channel":"rr","display":0,"mu":0,"quality":"OUT_OF_RANGE","raw":1139.8,"sigma":1.5,"state":"IDLE","t":"2026-07-16T11:46:44.8891408Z","type":"sample"}
{"channel":"rr","display":0,"mu":0,"quality":"OUT_OF_RANGE","raw":1138.8,"sigma":1.5,"state":"IDLE","t":"2026-07-16T11:46:44.9295223Z","type":"sample"}
{"channel":"gsr","display":3421.8,"mu":0,"quality":"OK","raw":3421.8,"sigma":10,"state":"IDLE","t":"2026-07-16T11:46:44.9639291Z","type":"sample"}
{"channel":"rr","display":0,"mu":0,"quality":"OUT_OF_RANGE","raw":1139.9,"sigma":1.5,"state":"IDLE","t":"2026-07-16T11:46:44.9693535Z","type":"sample"}
{"channel":"hr","display":0,"mu":0,"quality":"OUT_OF_RANGE","raw":71,"sigma":3,"state":"IDLE","t":"2026-07-16T11:46:44.9703413Z","type":"sample"}
{"channel":"rr","display":0,"mu":0,"quality":"OUT_OF_RANGE","raw":1140.1,"sigma":1.5,"state":"IDLE","t":"2026-07-16T11:46:45.0090326Z","type":"sample"}
{"channel":"rr","display":0,"mu":0,"quality":"OUT_OF_RANGE","raw":1140.8,"sigma":1.5,"state":"IDLE","t":"2026-07-16T11:46:45.0491722Z","type":"sample"}
{"channel":"gsr","display":3424.5,"mu":0,"quality":"OK","raw":3424.5,"sigma":10,"state":"IDLE","t":"2026-07-16T11:46:45.0648558Z","type":"sample"}
{"channel":"rr","display":0,"mu":0,"quality":"OUT_OF_RANGE","raw":1140.8,"sigma":1.5,"state":"IDLE","t":"2026-07-16T11:46:45.0894813Z","type":"sample"}
{"channel":"rr","display":0,"mu":0,"quality":"OUT_OF_RANGE","raw":1139.8,"sigma":1.5,"state":"IDLE","t":"2026-07-16T11:46:45.1293809Z","type":"sample"}
{"channel":"gsr","display":3429.8,"mu":0,"quality":"OK","raw":3429.8,"sigma":10,"state":"IDLE","t":"2026-07-16T11:46:45.164949Z","type":"sample"}
{"channel":"rr","display":0,"mu":0,"quality":"OUT_OF_RANGE","raw":1139.6,"sigma":1.5,"state":"IDLE","t":"2026-07-16T11:46:45.1692863Z","type":"sample"}
{"channel":"rr","display":0,"mu":0,"quality":"OUT_OF_RANGE","raw":1138.6,"sigma":1.5,"state":"IDLE","t":"2026-07-16T11:46:45.2095186Z","type":"sample"}
{"channel":"rr","display":0,"mu":0,"quality":"OUT_OF_RANGE","raw":1138.3,"sigma":1.5,"state":"IDLE","t":"2026-07-16T11:46:45.2493688Z","type":"sample"}
{"channel":"gsr","display":3432.1,"mu":0,"quality":"OK","raw":3432.1,"sigma":10,"state":"IDLE","t":"2026-07-16T11:46:45.2612489Z","type":"sample"}
{"channel":"rr","display":0,"mu":0,"quality":"OUT_OF_RANGE","raw":1138.5,"sigma":1.5,"state":"IDLE","t":"2026-07-16T11:46:45.287277Z","type":"sample"}
{"channel":"rr","display":0,"mu":0,"quality":"OUT_OF_RANGE","raw":1139.4,"sigma":1.5,"state":"IDLE","t":"2026-07-16T11:46:45.32946Z","type":"sample"}
{"address":"/cue/p/start","args":null,"channel":"system","dir":"out","t":"2026-07-16T11:46:45.3503849Z","type":"osc"}
{"channel":"gsr","display":3436.2,"mu":0,"quality":"OK","raw":3436.2,"sigma":10,"state":"IDLE","t":"2026-07-16T11:46:45.3621429Z","type":"sample"}
{"channel":"rr","display":0,"mu":0,"quality":"OUT_OF_RANGE","raw":1139.8,"sigma":1.5,"state":"IDLE","t":"2026-07-16T11:46:45.3695475Z","type":"sample"}
{"channel":"rr","display":0,"mu":0,"quality":"OUT_OF_RANGE","raw":1139.6,"sigma":1.5,"state":"IDLE","t":"2026-07-16T11:46:45.4096487Z","type":"sample"}
{"channel":"rr","display":0,"mu":0,"quality":"OUT_OF_RANGE","raw":1140.1,"sigma":1.5,"state":"IDLE","t":"2026-07-16T11:46:45.4491971Z","type":"sample"}
{"channel":"gsr","display":3438,"mu":0,"quality":"OK","raw":3438,"sigma":10,"state":"IDLE","t":"2026-07-16T11:46:45.4599888Z","type":"sample"}
{"channel":"hr","display":0,"mu":0,"quality":"OUT_OF_RANGE","raw":71,"sigma":3,"state":"IDLE","t":"2026-07-16T11:46:45.5503962Z","type":"sample"}
{"channel":"rr","display":0,"mu":0,"quality":"OUT_OF_RANGE","raw":1139.6,"sigma":1.5,"state":"IDLE","t":"2026-07-16T11:46:45.5545939Z","type":"sample"}
{"channel":"gsr","display":3437.7,"mu":0,"quality":"OK","raw":3437.7,"sigma":10,"state":"IDLE","t":"2026-07-16T11:46:45.5638403Z","type":"sample"}
{"channel":"rr","display":0,"mu":0,"quality":"OUT_OF_RANGE","raw":1140.4,"sigma":1.5,"state":"IDLE","t":"2026-07-16T11:46:45.5958719Z","type":"sample"}
{"channel":"rr","display":0,"mu":0,"quality":"OUT_OF_RANGE","raw":1138.9,"sigma":1.5,"state":"IDLE","t":"2026-07-16T11:46:45.6358058Z","type":"sample"}
{"address":"/cue/g1/start","args":null,"channel":"system","dir":"out","t":"2026-07-16T11:46:45.6621984Z","type":"osc"}
{"channel":"gsr","display":3439.6,"mu":0,"quality":"OK","raw":3439.6,"sigma":10,"state":"IDLE","t":"2026-07-16T11:46:45.6645769Z","type":"sample"}
{"channel":"rr","display":0,"mu":0,"quality":"OUT_OF_RANGE","raw":1139.4,"sigma":1.5,"state":"IDLE","t":"2026-07-16T11:46:45.6709951Z","type":"sample"}
{"channel":"rr","display":0,"mu":0,"quality":"OUT_OF_RANGE","raw":1141.1,"sigma":1.5,"state":"IDLE","t":"2026-07-16T11:46:45.7147764Z","type":"sample"}
{"channel":"rr","display":0,"mu":0,"quality":"OUT_OF_RANGE","raw":1140.7,"sigma":1.5,"state":"IDLE","t":"2026-07-16T11:46:45.7556253Z","type":"sample"}
{"channel":"gsr","display":3441.5,"mu":0,"quality":"OK","raw":3441.5,"sigma":10,"state":"IDLE","t":"2026-07-16T11:46:45.7643225Z","type":"sample"}
{"channel":"rr","display":0,"mu":0,"quality":"OUT_OF_RANGE","raw":1141,"sigma":1.5,"state":"IDLE","t":"2026-07-16T11:46:45.7957961Z","type":"sample"}
{"channel":"rr","display":0,"mu":0,"quality":"OUT_OF_RANGE","raw":1138.8,"sigma":1.5,"state":"IDLE","t":"2026-07-16T11:46:45.8357555Z","type":"sample"}
{"channel":"gsr","display":3445.1,"mu":0,"quality":"OK","raw":3445.1,"sigma":10,"state":"IDLE","t":"2026-07-16T11:46:45.8648726Z","type":"sample"}
{"channel":"rr","display":0,"mu":0,"quality":"OUT_OF_RANGE","raw":1139.1,"sigma":1.5,"state":"IDLE","t":"2026-07-16T11:46:45.8702045Z","type":"sample"}
{"channel":"rr","display":0,"mu":0,"quality":"OUT_OF_RANGE","raw":1140.7,"sigma":1.5,"state":"IDLE","t":"2026-07-16T11:46:45.9150229Z","type":"sample"}
{"channel":"rr","display":0,"mu":0,"quality":"OUT_OF_RANGE","raw":1138.5,"sigma":1.5,"state":"IDLE","t":"2026-07-16T11:46:45.9554979Z","type":"sample"}
{"channel":"gsr","display":3444.2,"mu":0,"quality":"OK","raw":3444.2,"sigma":10,"state":"IDLE","t":"2026-07-16T11:46:45.9649395Z","type":"sample"}
{"channel":"hr","display":0,"mu":0,"quality":"OUT_OF_RANGE","raw":71,"sigma":3,"state":"IDLE","t":"2026-07-16T11:46:45.9691101Z","type":"sample"}
{"channel":"rr","display":0,"mu":0,"quality":"OUT_OF_RANGE","raw":1139,"sigma":1.5,"state":"IDLE","t":"2026-07-16T11:46:45.9958798Z","type":"sample"}
{"channel":"rr","display":0,"mu":0,"quality":"OUT_OF_RANGE","raw":1140.6,"sigma":1.5,"state":"IDLE","t":"2026-07-16T11:46:46.0359271Z","type":"sample"}
{"channel":"gsr","display":3450.7,"mu":0,"quality":"OK","raw":3450.7,"sigma":10,"state":"IDLE","t":"2026-07-16T11:46:46.0639805Z","type":"sample"}
{"channel":"rr","display":0,"mu":0,"quality":"OUT_OF_RANGE","raw":1140.9,"sigma":1.5,"state":"IDLE","t":"2026-07-16T11:46:46.0755885Z","type":"sample"}
{"channel":"rr","display":0,"mu":0,"quality":"OUT_OF_RANGE","raw":1140,"sigma":1.5,"state":"IDLE","t":"2026-07-16T11:46:46.1158133Z","type":"sample"}
{"channel":"rr","display":0,"mu":0,"quality":"OUT_OF_RANGE","raw":1139.9,"sigma":1.5,"state":"IDLE","t":"2026-07-16T11:46:46.1557941Z","type":"sample"}
{"channel":"gsr","display":3453.5,"mu":0,"quality":"OK","raw":3453.5,"sigma":10,"state":"IDLE","t":"2026-07-16T11:46:46.1649153Z","type":"sample"}
{"channel":"rr","display":0,"mu":0,"quality":"OUT_OF_RANGE","raw":1139.7,"sigma":1.5,"state":"IDLE","t":"2026-07-16T11:46:46.1957847Z","type":"sample"}
{"channel":"rr","display":0,"mu":0,"quality":"OUT_OF_RANGE","raw":1139.1,"sigma":1.5,"state":"IDLE","t":"2026-07-16T11:46:46.2349145Z","type":"sample"}
{"channel":"gsr","display":3453.2,"mu":0,"quality":"OK","raw":3453.2,"sigma":10,"state":"IDLE","t":"2026-07-16T11:46:46.2645342Z","type":"sample"}
{"channel":"rr","display":0,"mu":0,"quality":"OUT_OF_RANGE","raw":1140.6,"sigma":1.5,"state":"IDLE","t":"2026-07-16T11:46:46.2758019Z","type":"sample"}
{"channel":"rr","display":0,"mu":0,"quality":"OUT_OF_RANGE","raw":1140.1,"sigma":1.5,"state":"IDLE","t":"2026-07-16T11:46:46.3158394Z","type":"sample"}
{"address":"/cue/p/start","args":null,"channel":"system","dir":"out","t":"2026-07-16T11:46:46.3523058Z","type":"osc"}
{"channel":"rr","display":0,"mu":0,"quality":"OUT_OF_RANGE","raw":1138.9,"sigma":1.5,"state":"IDLE","t":"2026-07-16T11:46:46.3554601Z","type":"sample"}
{"channel":"gsr","display":3457.5,"mu":0,"quality":"OK","raw":3457.5,"sigma":10,"state":"IDLE","t":"2026-07-16T11:46:46.3649214Z","type":"sample"}
{"channel":"rr","display":0,"mu":0,"quality":"OUT_OF_RANGE","raw":1139.7,"sigma":1.5,"state":"IDLE","t":"2026-07-16T11:46:46.3954431Z","type":"sample"}
{"channel":"rr","display":0,"mu":0,"quality":"OUT_OF_RANGE","raw":1139.7,"sigma":1.5,"state":"IDLE","t":"2026-07-16T11:46:46.4350504Z","type":"sample"}
{"channel":"gsr","display":3460.3,"mu":0,"quality":"OK","raw":3460.3,"sigma":10,"state":"IDLE","t":"2026-07-16T11:46:46.464925Z","type":"sample"}
{"channel":"hr","display":0,"mu":0,"quality":"OUT_OF_RANGE","raw":71,"sigma":3,"state":"IDLE","t":"2026-07-16T11:46:46.4692675Z","type":"sample"}
{"channel":"rr","display":0,"mu":0,"quality":"OUT_OF_RANGE","raw":1139.4,"sigma":1.5,"state":"IDLE","t":"2026-07-16T11:46:46.472689Z","type":"sample"}
{"channel":"rr","display":0,"mu":0,"quality":"OUT_OF_RANGE","raw":1139.9,"sigma":1.5,"state":"IDLE","t":"2026-07-16T11:46:46.5157972Z","type":"sample"}
{"channel":"rr","display":0,"mu":0,"quality":"OUT_OF_RANGE","raw":1139.9,"sigma":1.5,"state":"IDLE","t":"2026-07-16T11:46:46.5558322Z","type":"sample"}
{"channel":"gsr","display":3463.5,"mu":0,"quality":"OK","raw":3463.5,"sigma":10,"state":"IDLE","t":"2026-07-16T11:46:46.5650953Z","type":"sample"}
{"channel":"rr","display":0,"mu":0,"quality":"OUT_OF_RANGE","raw":1139.4,"sigma":1.5,"state":"IDLE","t":"2026-07-16T11:46:46.5957707Z","type":"sample"}
{"channel":"rr","display":0,"mu":0,"quality":"OUT_OF_RANGE","raw":1138.5,"sigma":1.5,"state":"IDLE","t":"2026-07-16T11:46:46.6358466Z","type":"sample"}
{"channel":"gsr","display":3464.3,"mu":0,"quality":"OK","raw":3464.3,"sigma":10,"state":"IDLE","t":"2026-07-16T11:46:46.6649998Z","type":"sample"}
{"address":"/cue/g1/start","args":null,"channel":"system","dir":"out","t":"2026-07-16T11:46:46.6697081Z","type":"osc"}
{"channel":"rr","display":0,"mu":0,"quality":"OUT_OF_RANGE","raw":1140.2,"sigma":1.5,"state":"IDLE","t":"2026-07-16T11:46:46.6754782Z","type":"sample"}
{"channel":"rr","display":0,"mu":0,"quality":"OUT_OF_RANGE","raw":1139.6,"sigma":1.5,"state":"IDLE","t":"2026-07-16T11:46:46.7159797Z","type":"sample"}
{"channel":"rr","display":0,"mu":0,"quality":"OUT_OF_RANGE","raw":1139.8,"sigma":1.5,"state":"IDLE","t":"2026-07-16T11:46:46.7558338Z","type":"sample"}
{"channel":"gsr","display":3469.4,"mu":0,"quality":"OK","raw":3469.4,"sigma":10,"state":"IDLE","t":"2026-07-16T11:46:46.7635945Z","type":"sample"}
{"channel":"rr","display":0,"mu":0,"quality":"OUT_OF_RANGE","raw":1139.6,"sigma":1.5,"state":"IDLE","t":"2026-07-16T11:46:46.7955848Z","type":"sample"}
{"channel":"rr","display":0,"mu":0,"quality":"OUT_OF_RANGE","raw":1139.2,"sigma":1.5,"state":"IDLE","t":"2026-07-16T11:46:46.8358496Z","type":"sample"}
{"channel":"gsr","display":3474.6,"mu":0,"quality":"OK","raw":3474.6,"sigma":10,"state":"IDLE","t":"2026-07-16T11:46:46.8651396Z","type":"sample"}
{"channel":"rr","display":0,"mu":0,"quality":"OUT_OF_RANGE","raw":1138.9,"sigma":1.5,"state":"IDLE","t":"2026-07-16T11:46:46.8705262Z","type":"sample"}
{"channel":"rr","display":0,"mu":0,"quality":"OUT_OF_RANGE","raw":1139.1,"sigma":1.5,"state":"IDLE","t":"2026-07-16T11:46:46.9148838Z","type":"sample"}
{"channel":"rr","display":0,"mu":0,"quality":"OUT_OF_RANGE","raw":1137.3,"sigma":1.5,"state":"IDLE","t":"2026-07-16T11:46:46.9558256Z","type":"sample"}
{"channel":"gsr","display":3477.9,"mu":0,"quality":"OK","raw":3477.9,"sigma":10,"state":"IDLE","t":"2026-07-16T11:46:46.9636931Z","type":"sample"}
{"channel":"hr","display":0,"mu":0,"quality":"OUT_OF_RANGE","raw":71,"sigma":3,"state":"IDLE","t":"2026-07-16T11:46:46.9692727Z","type":"sample"}
{"channel":"rr","display":0,"mu":0,"quality":"OUT_OF_RANGE","raw":1139.9,"sigma":1.5,"state":"IDLE","t":"2026-07-16T11:46:46.992466Z","type":"sample"}
{"channel":"rr","display":0,"mu":0,"quality":"OUT_OF_RANGE","raw":1137.9,"sigma":1.5,"state":"IDLE","t":"2026-07-16T11:46:47.035271Z","type":"sample"}
{"channel":"gsr","display":3477.5,"mu":0,"quality":"OK","raw":3477.5,"sigma":10,"state":"IDLE","t":"2026-07-16T11:46:47.0648964Z","type":"sample"}
{"channel":"rr","display":0,"mu":0,"quality":"OUT_OF_RANGE","raw":1138,"sigma":1.5,"state":"IDLE","t":"2026-07-16T11:46:47.0746767Z","type":"sample"}
{"channel":"rr","display":0,"mu":0,"quality":"OUT_OF_RANGE","raw":1138.7,"sigma":1.5,"state":"IDLE","t":"2026-07-16T11:46:47.114578Z","type":"sample"}
{"channel":"rr","display":0,"mu":0,"quality":"OUT_OF_RANGE","raw":1140.6,"sigma":1.5,"state":"IDLE","t":"2026-07-16T11:46:47.1555175Z","type":"sample"}
{"channel":"gsr","display":3479.1,"mu":0,"quality":"OK","raw":3479.1,"sigma":10,"state":"IDLE","t":"2026-07-16T11:46:47.1641143Z","type":"sample"}
{"channel":"rr","display":0,"mu":0,"quality":"OUT_OF_RANGE","raw":1140.1,"sigma":1.5,"state":"IDLE","t":"2026-07-16T11:46:47.1958128Z","type":"sample"}
{"channel":"rr","display":0,"mu":0,"quality":"OUT_OF_RANGE","raw":1138.8,"sigma":1.5,"state":"IDLE","t":"2026-07-16T11:46:47.2357686Z","type":"sample"}
{"channel":"gsr","display":3483.1,"mu":0,"quality":"OK","raw":3483.1,"sigma":10,"state":"IDLE","t":"2026-07-16T11:46:47.2650028Z","type":"sample"}
{"channel":"rr","display":0,"mu":0,"quality":"OUT_OF_RANGE","raw":1139.6,"sigma":1.5,"state":"IDLE","t":"2026-07-16T11:46:47.2758012Z","type":"sample"}
{"channel":"rr","display":0,"mu":0,"quality":"OUT_OF_RANGE","raw":1139.6,"sigma":1.5,"state":"IDLE","t":"2026-07-16T11:46:47.3146242Z","type":"sample"}
{"address":"/cue/p/start","args":null,"channel":"system","dir":"out","t":"2026-07-16T11:46:47.3506705Z","type":"osc"}
{"channel":"rr","display":0,"mu":0,"quality":"OUT_OF_RANGE","raw":1140.3,"sigma":1.5,"state":"IDLE","t":"2026-07-16T11:46:47.3540339Z","type":"sample"}
{"channel":"gsr","display":3486.7,"mu":0,"quality":"OK","raw":3486.7,"sigma":10,"state":"IDLE","t":"2026-07-16T11:46:47.3641779Z","type":"sample"}
{"channel":"rr","display":0,"mu":0,"quality":"OUT_OF_RANGE","raw":1140.4,"sigma":1.5,"state":"IDLE","t":"2026-07-16T11:46:47.3958644Z","type":"sample"}
{"channel":"rr","display":0,"mu":0,"quality":"OUT_OF_RANGE","raw":1139.7,"sigma":1.5,"state":"IDLE","t":"2026-07-16T11:46:47.4358197Z","type":"sample"}
{"channel":"gsr","display":3488.8,"mu":0,"quality":"OK","raw":3488.8,"sigma":10,"state":"IDLE","t":"2026-07-16T11:46:47.4646353Z","type":"sample"}
{"channel":"hr","display":0,"mu":0,"quality":"OUT_OF_RANGE","raw":71,"sigma":3,"state":"IDLE","t":"2026-07-16T11:46:47.4696536Z","type":"sample"}
{"channel":"rr","display":0,"mu":0,"quality":"OUT_OF_RANGE","raw":1137.9,"sigma":1.5,"state":"IDLE","t":"2026-07-16T11:46:47.47581Z","type":"sample"}
{"channel":"rr","display":0,"mu":0,"quality":"OUT_OF_RANGE","raw":1138.6,"sigma":1.5,"state":"IDLE","t":"2026-07-16T11:46:47.5152557Z","type":"sample"}
{"channel":"rr","display":0,"mu":0,"quality":"OUT_OF_RANGE","raw":1139.8,"sigma":1.5,"state":"IDLE","t":"2026-07-16T11:46:47.5558823Z","type":"sample"}
{"channel":"gsr","display":3490.4,"mu":0,"quality":"OK","raw":3490.4,"sigma":10,"state":"IDLE","t":"2026-07-16T11:46:47.5650392Z","type":"sample"}
{"channel":"rr","display":0,"mu":0,"quality":"OUT_OF_RANGE","raw":1139.2,"sigma":1.5,"state":"IDLE","t":"2026-07-16T11:46:47.5958126Z","type":"sample"}
{"channel":"rr","display":0,"mu":0,"quality":"OUT_OF_RANGE","raw":1138.4,"sigma":1.5,"state":"IDLE","t":"2026-07-16T11:46:47.6354275Z","type":"sample"}
{"channel":"gsr","display":3492.3,"mu":0,"quality":"OK","raw":3492.3,"sigma":10,"state":"IDLE","t":"2026-07-16T11:46:47.6646854Z","type":"sample"}
{"address":"/cue/g1/start","args":null,"channel":"system","dir":"out","t":"2026-07-16T11:46:47.6753203Z","type":"osc"}
{"channel":"rr","display":0,"mu":0,"quality":"OUT_OF_RANGE","raw":1140,"sigma":1.5,"state":"IDLE","t":"2026-07-16T11:46:47.6753203Z","type":"sample"}
{"channel":"rr","display":0,"mu":0,"quality":"OUT_OF_RANGE","raw":1139,"sigma":1.5,"state":"IDLE","t":"2026-07-16T11:46:47.7157944Z","type":"sample"}
{"channel":"rr","display":0,"mu":0,"quality":"OUT_OF_RANGE","raw":1139.2,"sigma":1.5,"state":"IDLE","t":"2026-07-16T11:46:47.755799Z","type":"sample"}
{"channel":"gsr","display":3491.7,"mu":0,"quality":"OK","raw":3491.7,"sigma":10,"state":"IDLE","t":"2026-07-16T11:46:47.7650516Z","type":"sample"}
{"channel":"rr","display":0,"mu":0,"quality":"OUT_OF_RANGE","raw":1140,"sigma":1.5,"state":"IDLE","t":"2026-07-16T11:46:47.7958395Z","type":"sample"}
{"channel":"rr","display":0,"mu":0,"quality":"OUT_OF_RANGE","raw":1137.6,"sigma":1.5,"state":"IDLE","t":"2026-07-16T11:46:47.8354619Z","type":"sample"}
{"channel":"gsr","display":3495.6,"mu":0,"quality":"OK","raw":3495.6,"sigma":10,"state":"IDLE","t":"2026-07-16T11:46:47.864933Z","type":"sample"}
{"channel":"rr","display":0,"mu":0,"quality":"OUT_OF_RANGE","raw":1140.2,"sigma":1.5,"state":"IDLE","t":"2026-07-16T11:46:47.8754408Z","type":"sample"}
{"channel":"rr","display":0,"mu":0,"quality":"OUT_OF_RANGE","raw":1139.2,"sigma":1.5,"state":"IDLE","t":"2026-07-16T11:46:47.9150662Z","type":"sample"}
{"channel":"rr","display":0,"mu":0,"quality":"OUT_OF_RANGE","raw":1139.8,"sigma":1.5,"state":"IDLE","t":"2026-07-16T11:46:47.9558954Z","type":"sample"}
{"channel":"gsr","display":3499.4,"mu":0,"quality":"OK","raw":3499.4,"sigma":10,"state":"IDLE","t":"2026-07-16T11:46:47.9650552Z","type":"sample"}
{"channel":"hr","display":0,"mu":0,"quality":"OUT_OF_RANGE","raw":70,"sigma":3,"state":"IDLE","t":"2026-07-16T11:46:47.9695578Z","type":"sample"}
{"channel":"rr","display":0,"mu":0,"quality":"OUT_OF_RANGE","raw":1139.2,"sigma":1.5,"state":"IDLE","t":"2026-07-16T11:46:47.9905991Z","type":"sample"}
{"channel":"rr","display":0,"mu":0,"quality":"OUT_OF_RANGE","raw":1138.8,"sigma":1.5,"state":"IDLE","t":"2026-07-16T11:46:48.0349101Z","type":"sample"}
{"channel":"gsr","display":3501.6,"mu":0,"quality":"OK","raw":3501.6,"sigma":10,"state":"IDLE","t":"2026-07-16T11:46:48.0646787Z","type":"sample"}
{"channel":"rr","display":0,"mu":0,"quality":"OUT_OF_RANGE","raw":1140.6,"sigma":1.5,"state":"IDLE","t":"2026-07-16T11:46:48.0721831Z","type":"sample"}
{"channel":"rr","display":0,"mu":0,"quality":"OUT_OF_RANGE","raw":1139.8,"sigma":1.5,"state":"IDLE","t":"2026-07-16T11:46:48.1149774Z","type":"sample"}
{"channel":"rr","display":0,"mu":0,"quality":"OUT_OF_RANGE","raw":1140.1,"sigma":1.5,"state":"IDLE","t":"2026-07-16T11:46:48.1540416Z","type":"sample"}
{"channel":"gsr","display":3503.1,"mu":0,"quality":"OK","raw":3503.1,"sigma":10,"state":"IDLE","t":"2026-07-16T11:46:48.1648649Z","type":"sample"}
{"channel":"rr","display":0,"mu":0,"quality":"OUT_OF_RANGE","raw":1140.2,"sigma":1.5,"state":"IDLE","t":"2026-07-16T11:46:48.1957656Z","type":"sample"}
{"channel":"rr","display":0,"mu":0,"quality":"OUT_OF_RANGE","raw":1140.4,"sigma":1.5,"state":"IDLE","t":"2026-07-16T11:46:48.2355845Z","type":"sample"}
{"channel":"gsr","display":3502.9,"mu":0,"quality":"OK","raw":3502.9,"sigma":10,"state":"IDLE","t":"2026-07-16T11:46:48.2638977Z","type":"sample"}
{"channel":"rr","display":0,"mu":0,"quality":"OUT_OF_RANGE","raw":1139.4,"sigma":1.5,"state":"IDLE","t":"2026-07-16T11:46:48.2706672Z","type":"sample"}
{"channel":"rr","display":0,"mu":0,"quality":"OUT_OF_RANGE","raw":1141.2,"sigma":1.5,"state":"IDLE","t":"2026-07-16T11:46:48.3157499Z","type":"sample"}
{"address":"/cue/p/start","args":null,"channel":"system","dir":"out","t":"2026-07-16T11:46:48.3529256Z","type":"osc"}
{"channel":"rr","display":0,"mu":0,"quality":"OUT_OF_RANGE","raw":1139.2,"sigma":1.5,"state":"IDLE","t":"2026-07-16T11:46:48.3555983Z","type":"sample"}
{"channel":"gsr","display":3505.7,"mu":0,"quality":"OK","raw":3505.7,"sigma":10,"state":"IDLE","t":"2026-07-16T11:46:48.3645399Z","type":"sample"}
{"channel":"rr","display":0,"mu":0,"quality":"OUT_OF_RANGE","raw":1140.6,"sigma":1.5,"state":"IDLE","t":"2026-07-16T11:46:48.3957196Z","type":"sample"}
{"channel":"rr","display":0,"mu":0,"quality":"OUT_OF_RANGE","raw":1140.2,"sigma":1.5,"state":"IDLE","t":"2026-07-16T11:46:48.4352365Z","type":"sample"}
{"channel":"gsr","display":3508.4,"mu":0,"quality":"OK","raw":3508.4,"sigma":10,"state":"IDLE","t":"2026-07-16T11:46:48.4648468Z","type":"sample"}
{"channel":"hr","display":0,"mu":0,"quality":"OUT_OF_RANGE","raw":70,"sigma":3,"state":"IDLE","t":"2026-07-16T11:46:48.4693784Z","type":"sample"}
{"channel":"rr","display":0,"mu":0,"quality":"OUT_OF_RANGE","raw":1141.2,"sigma":1.5,"state":"IDLE","t":"2026-07-16T11:46:48.4750765Z","type":"sample"}
{"channel":"rr","display":0,"mu":0,"quality":"OUT_OF_RANGE","raw":1139.6,"sigma":1.5,"state":"IDLE","t":"2026-07-16T11:46:48.5159163Z","type":"sample"}
{"channel":"rr","display":0,"mu":0,"quality":"OUT_OF_RANGE","raw":1140.9,"sigma":1.5,"state":"IDLE","t":"2026-07-16T11:46:48.5558179Z","type":"sample"}
{"channel":"gsr","display":3510.3,"mu":0,"quality":"OK","raw":3510.3,"sigma":10,"state":"IDLE","t":"2026-07-16T11:46:48.565036Z","type":"sample"}
{"channel":"rr","display":0,"mu":0,"quality":"OUT_OF_RANGE","raw":1140,"sigma":1.5,"state":"IDLE","t":"2026-07-16T11:46:48.5958594Z","type":"sample"}
{"channel":"rr","display":0,"mu":0,"quality":"OUT_OF_RANGE","raw":1140.7,"sigma":1.5,"state":"IDLE","t":"2026-07-16T11:46:48.6354511Z","type":"sample"}
{"channel":"gsr","display":3513.7,"mu":0,"quality":"OK","raw":3513.7,"sigma":10,"state":"IDLE","t":"2026-07-16T11:46:48.6647348Z","type":"sample"}
{"channel":"rr","display":0,"mu":0,"quality":"OUT_OF_RANGE","raw":1140.9,"sigma":1.5,"state":"IDLE","t":"2026-07-16T11:46:48.6699746Z","type":"sample"}
{"address":"/cue/g1/start","args":null,"channel":"system","dir":"out","t":"2026-07-16T11:46:48.6824837Z","type":"osc"}
{"channel":"rr","display":0,"mu":0,"quality":"OUT_OF_RANGE","raw":1141.4,"sigma":1.5,"state":"IDLE","t":"2026-07-16T11:46:48.7157982Z","type":"sample"}
{"channel":"rr","display":0,"mu":0,"quality":"OUT_OF_RANGE","raw":1142.2,"sigma":1.5,"state":"IDLE","t":"2026-07-16T11:46:48.7558075Z","type":"sample"}
{"channel":"gsr","display":3516.6,"mu":0,"quality":"OK","raw":3516.6,"sigma":10,"state":"IDLE","t":"2026-07-16T11:46:48.7641199Z","type":"sample"}
{"channel":"rr","display":0,"mu":0,"quality":"OUT_OF_RANGE","raw":1142.5,"sigma":1.5,"state":"IDLE","t":"2026-07-16T11:46:48.7958292Z","type":"sample"}
{"channel":"rr","display":0,"mu":0,"quality":"OUT_OF_RANGE","raw":1141.4,"sigma":1.5,"state":"IDLE","t":"2026-07-16T11:46:48.8355601Z","type":"sample"}
{"channel":"gsr","display":3520.1,"mu":0,"quality":"OK","raw":3520.1,"sigma":10,"state":"IDLE","t":"2026-07-16T11:46:48.8644664Z","type":"sample"}
{"channel":"rr","display":0,"mu":0,"quality":"OUT_OF_RANGE","raw":1141.6,"sigma":1.5,"state":"IDLE","t":"2026-07-16T11:46:48.8751878Z","type":"sample"}
{"channel":"rr","display":0,"mu":0,"quality":"OUT_OF_RANGE","raw":1142.4,"sigma":1.5,"state":"IDLE","t":"2026-07-16T11:46:48.9147635Z","type":"sample"}
{"channel":"rr","display":0,"mu":0,"quality":"OUT_OF_RANGE","raw":1142.2,"sigma":1.5,"state":"IDLE","t":"2026-07-16T11:46:48.9528692Z","type":"sample"}
{"channel":"gsr","display":3522.3,"mu":0,"quality":"OK","raw":3522.3,"sigma":10,"state":"IDLE","t":"2026-07-16T11:46:48.9648478Z","type":"sample"}
{"channel":"hr","display":0,"mu":0,"quality":"OUT_OF_RANGE","raw":70,"sigma":3,"state":"IDLE","t":"2026-07-16T11:46:48.9694831Z","type":"sample"}
{"channel":"rr","display":0,"mu":0,"quality":"OUT_OF_RANGE","raw":1142.4,"sigma":1.5,"state":"IDLE","t":"2026-07-16T11:46:48.9950021Z","type":"sample"}
{"channel":"rr","display":0,"mu":0,"quality":"OUT_OF_RANGE","raw":1143.1,"sigma":1.5,"state":"IDLE","t":"2026-07-16T11:46:49.0358131Z","type":"sample"}
{"channel":"gsr","display":3523.6,"mu":0,"quality":"OK","raw":3523.6,"sigma":10,"state":"IDLE","t":"2026-07-16T11:46:49.0648663Z","type":"sample"}
{"channel":"rr","display":0,"mu":0,"quality":"OUT_OF_RANGE","raw":1141.8,"sigma":1.5,"state":"IDLE","t":"2026-07-16T11:46:49.0706177Z","type":"sample"}
{"channel":"rr","display":0,"mu":0,"quality":"OUT_OF_RANGE","raw":1141.7,"sigma":1.5,"state":"IDLE","t":"2026-07-16T11:46:49.1158178Z","type":"sample"}
{"channel":"rr","display":0,"mu":0,"quality":"OUT_OF_RANGE","raw":1141.2,"sigma":1.5,"state":"IDLE","t":"2026-07-16T11:46:49.1559239Z","type":"sample"}
{"channel":"gsr","display":3524.4,"mu":0,"quality":"OK","raw":3524.4,"sigma":10,"state":"IDLE","t":"2026-07-16T11:46:49.1648937Z","type":"sample"}
{"channel":"rr","display":0,"mu":0,"quality":"OUT_OF_RANGE","raw":1141.7,"sigma":1.5,"state":"IDLE","t":"2026-07-16T11:46:49.1957016Z","type":"sample"}
{"channel":"rr","display":0,"mu":0,"quality":"OUT_OF_RANGE","raw":1141.2,"sigma":1.5,"state":"IDLE","t":"2026-07-16T11:46:49.2356715Z","type":"sample"}
{"channel":"gsr","display":3526.8,"mu":0,"quality":"OK","raw":3526.8,"sigma":10,"state":"IDLE","t":"2026-07-16T11:46:49.2645221Z","type":"sample"}
{"channel":"rr","display":0,"mu":0,"quality":"OUT_OF_RANGE","raw":1141.4,"sigma":1.5,"state":"IDLE","t":"2026-07-16T11:46:49.272203Z","type":"sample"}
{"channel":"rr","display":0,"mu":0,"quality":"OUT_OF_RANGE","raw":1142.2,"sigma":1.5,"state":"IDLE","t":"2026-07-16T11:46:49.3153988Z","type":"sample"}
{"address":"/cue/p/start","args":null,"channel":"system","dir":"out","t":"2026-07-16T11:46:49.3503607Z","type":"osc"}
{"channel":"rr","display":0,"mu":0,"quality":"OUT_OF_RANGE","raw":1141.3,"sigma":1.5,"state":"IDLE","t":"2026-07-16T11:46:49.3541216Z","type":"sample"}
{"channel":"gsr","display":3529.2,"mu":0,"quality":"OK","raw":3529.2,"sigma":10,"state":"IDLE","t":"2026-07-16T11:46:49.3652133Z","type":"sample"}
{"channel":"rr","display":0,"mu":0,"quality":"OUT_OF_RANGE","raw":1140.6,"sigma":1.5,"state":"IDLE","t":"2026-07-16T11:46:49.3903707Z","type":"sample"}
{"channel":"rr","display":0,"mu":0,"quality":"OUT_OF_RANGE","raw":1142.1,"sigma":1.5,"state":"IDLE","t":"2026-07-16T11:46:49.4357189Z","type":"sample"}
{"channel":"gsr","display":3534.2,"mu":0,"quality":"OK","raw":3534.2,"sigma":10,"state":"IDLE","t":"2026-07-16T11:46:49.464697Z","type":"sample"}
{"channel":"hr","display":0,"mu":0,"quality":"OUT_OF_RANGE","raw":70,"sigma":3,"state":"IDLE","t":"2026-07-16T11:46:49.4691072Z","type":"sample"}
{"channel":"rr","display":0,"mu":0,"quality":"OUT_OF_RANGE","raw":1142.6,"sigma":1.5,"state":"IDLE","t":"2026-07-16T11:46:49.4728305Z","type":"sample"}
{"channel":"rr","display":0,"mu":0,"quality":"OUT_OF_RANGE","raw":1141.2,"sigma":1.5,"state":"IDLE","t":"2026-07-16T11:46:49.5151179Z","type":"sample"}
{"channel":"rr","display":0,"mu":0,"quality":"OUT_OF_RANGE","raw":1141.3,"sigma":1.5,"state":"IDLE","t":"2026-07-16T11:46:49.5521502Z","type":"sample"}
{"channel":"gsr","display":3534.5,"mu":0,"quality":"OK","raw":3534.5,"sigma":10,"state":"IDLE","t":"2026-07-16T11:46:49.5641609Z","type":"sample"}
{"channel":"rr","display":0,"mu":0,"quality":"OUT_OF_RANGE","raw":1142.7,"sigma":1.5,"state":"IDLE","t":"2026-07-16T11:46:49.590682Z","type":"sample"}
{"channel":"rr","display":0,"mu":0,"quality":"OUT_OF_RANGE","raw":1141.9,"sigma":1.5,"state":"IDLE","t":"2026-07-16T11:46:49.6357398Z","type":"sample"}
{"channel":"gsr","display":3536.2,"mu":0,"quality":"OK","raw":3536.2,"sigma":10,"state":"IDLE","t":"2026-07-16T11:46:49.665072Z","type":"sample"}
{"channel":"rr","display":0,"mu":0,"quality":"OUT_OF_RANGE","raw":1141,"sigma":1.5,"state":"IDLE","t":"2026-07-16T11:46:49.6757865Z","type":"sample"}
{"address":"/cue/g1/start","args":null,"channel":"system","dir":"out","t":"2026-07-16T11:46:49.690371Z","type":"osc"}
{"channel":"rr","display":0,"mu":0,"quality":"OUT_OF_RANGE","raw":1141.5,"sigma":1.5,"state":"IDLE","t":"2026-07-16T11:46:49.7147562Z","type":"sample"}
{"channel":"rr","display":0,"mu":0,"quality":"OUT_OF_RANGE","raw":1142,"sigma":1.5,"state":"IDLE","t":"2026-07-16T11:46:49.755628Z","type":"sample"}
{"channel":"gsr","display":3537.5,"mu":0,"quality":"OK","raw":3537.5,"sigma":10,"state":"IDLE","t":"2026-07-16T11:46:49.7646627Z","type":"sample"}
{"channel":"rr","display":0,"mu":0,"quality":"OUT_OF_RANGE","raw":1142.2,"sigma":1.5,"state":"IDLE","t":"2026-07-16T11:46:49.7955558Z","type":"sample"}
{"channel":"rr","display":0,"mu":0,"quality":"OUT_OF_RANGE","raw":1141.8,"sigma":1.5,"state":"IDLE","t":"2026-07-16T11:46:49.8358132Z","type":"sample"}
{"channel":"gsr","display":3545.1,"mu":0,"quality":"OK","raw":3545.1,"sigma":10,"state":"IDLE","t":"2026-07-16T11:46:49.8647392Z","type":"sample"}
{"channel":"rr","display":0,"mu":0,"quality":"OUT_OF_RANGE","raw":1141,"sigma":1.5,"state":"IDLE","t":"2026-07-16T11:46:49.8716633Z","type":"sample"}
{"channel":"rr","display":0,"mu":0,"quality":"OUT_OF_RANGE","raw":1140.9,"sigma":1.5,"state":"IDLE","t":"2026-07-16T11:46:49.9157412Z","type":"sample"}
{"channel":"rr","display":0,"mu":0,"quality":"OUT_OF_RANGE","raw":1139.8,"sigma":1.5,"state":"IDLE","t":"2026-07-16T11:46:49.9519363Z","type":"sample"}
{"channel":"gsr","display":3545.2,"mu":0,"quality":"OK","raw":3545.2,"sigma":10,"state":"IDLE","t":"2026-07-16T11:46:49.9651965Z","type":"sample"}
{"channel":"hr","display":0,"mu":0,"quality":"OUT_OF_RANGE","raw":70,"sigma":3,"state":"IDLE","t":"2026-07-16T11:46:50.0242786Z","type":"sample"}
{"channel":"rr","display":0,"mu":0,"quality":"OUT_OF_RANGE","raw":1140.6,"sigma":1.5,"state":"IDLE","t":"2026-07-16T11:46:50.0293525Z","type":"sample"}
{"channel":"gsr","display":3545,"mu":0,"quality":"OK","raw":3545,"sigma":10,"state":"IDLE","t":"2026-07-16T11:46:50.0640951Z","type":"sample"}
{"channel":"rr","display":0,"mu":0,"quality":"OUT_OF_RANGE","raw":1141.6,"sigma":1.5,"state":"IDLE","t":"2026-07-16T11:46:50.0694685Z","type":"sample"}
{"channel":"rr","display":0,"mu":0,"quality":"OUT_OF_RANGE","raw":1142.1,"sigma":1.5,"state":"IDLE","t":"2026-07-16T11:46:50.1058653Z","type":"sample"}
{"channel":"rr","display":0,"mu":0,"quality":"OUT_OF_RANGE","raw":1141,"sigma":1.5,"state":"IDLE","t":"2026-07-16T11:46:50.1484684Z","type":"sample"}
{"channel":"gsr","display":3551.5,"mu":0,"quality":"OK","raw":3551.5,"sigma":10,"state":"IDLE","t":"2026-07-16T11:46:50.163797Z","type":"sample"}
{"channel":"rr","display":0,"mu":0,"quality":"OUT_OF_RANGE","raw":1141.2,"sigma":1.5,"state":"IDLE","t":"2026-07-16T11:46:50.1887328Z","type":"sample"}
{"channel":"rr","display":0,"mu":0,"quality":"OUT_OF_RANGE","raw":1140.3,"sigma":1.5,"state":"IDLE","t":"2026-07-16T11:46:50.2259139Z","type":"sample"}
{"channel":"gsr","display":3554.6,"mu":0,"quality":"OK","raw":3554.6,"sigma":10,"state":"IDLE","t":"2026-07-16T11:46:50.2640147Z","type":"sample"}
{"channel":"rr","display":0,"mu":0,"quality":"OUT_OF_RANGE","raw":1141.6,"sigma":1.5,"state":"IDLE","t":"2026-07-16T11:46:50.2694254Z","type":"sample"}
{"channel":"rr","display":0,"mu":0,"quality":"OUT_OF_RANGE","raw":1141.1,"sigma":1.5,"state":"IDLE","t":"2026-07-16T11:46:50.3086737Z","type":"sample"}
{"channel":"rr","display":0,"mu":0,"quality":"OUT_OF_RANGE","raw":1141.6,"sigma":1.5,"state":"IDLE","t":"2026-07-16T11:46:50.3482002Z","type":"sample"}
{"address":"/cue/p/start","args":null,"channel":"system","dir":"out","t":"2026-07-16T11:46:50.3502991Z","type":"osc"}
{"channel":"gsr","display":3554,"mu":0,"quality":"OK","raw":3554,"sigma":10,"state":"IDLE","t":"2026-07-16T11:46:50.3645044Z","type":"sample"}
{"channel":"rr","display":0,"mu":0,"quality":"OUT_OF_RANGE","raw":1140.5,"sigma":1.5,"state":"IDLE","t":"2026-07-16T11:46:50.3876164Z","type":"sample"}
{"channel":"rr","display":0,"mu":0,"quality":"OUT_OF_RANGE","raw":1141.2,"sigma":1.5,"state":"IDLE","t":"2026-07-16T11:46:50.4260763Z","type":"sample"}
{"channel":"gsr","display":3557.3,"mu":0,"quality":"OK","raw":3557.3,"sigma":10,"state":"IDLE","t":"2026-07-16T11:46:50.4650171Z","type":"sample"}
{"channel":"rr","display":41.8702023726448,"mu":0,"quality":"OUT_OF_RANGE","raw":1141.8,"sigma":1.5,"state":"IDLE","t":"2026-07-16T11:46:50.46942Z","type":"sample"}
{"channel":"hr","display":0,"mu":0,"quality":"OUT_OF_RANGE","raw":70,"sigma":3,"state":"IDLE","t":"2026-07-16T11:46:50.4704512Z","type":"sample"}
{"channel":"rr","display":41.8702023726448,"mu":0,"quality":"OUT_OF_RANGE","raw":1141.8,"sigma":1.5,"state":"IDLE","t":"2026-07-16T11:46:50.5027252Z","type":"sample"}
{"channel":"rr","display":41.8702023726448,"mu":0,"quality":"OUT_OF_RANGE","raw":1141.2,"sigma":1.5,"state":"IDLE","t":"2026-07-16T11:46:50.5486468Z","type":"sample"}
{"channel":"gsr","display":3564,"mu":0,"quality":"OK","raw":3564,"sigma":10,"state":"IDLE","t":"2026-07-16T11:46:50.564645Z","type":"sample"}
{"channel":"rr","display":41.8702023726448,"mu":0,"quality":"OUT_OF_RANGE","raw":1140.6,"sigma":1.5,"state":"IDLE","t":"2026-07-16T11:46:50.5881224Z","type":"sample"}
{"channel":"rr","display":41.8702023726448,"mu":0,"quality":"OUT_OF_RANGE","raw":1141.8,"sigma":1.5,"state":"IDLE","t":"2026-07-16T11:46:50.627126Z","type":"sample"}
{"channel":"gsr","display":3563.6,"mu":0,"quality":"OK","raw":3563.6,"sigma":10,"state":"IDLE","t":"2026-07-16T11:46:50.6646508Z","type":"sample"}
{"channel":"rr","display":41.8702023726448,"mu":0,"quality":"OUT_OF_RANGE","raw":1142.9,"sigma":1.5,"state":"IDLE","t":"2026-07-16T11:46:50.6692294Z","type":"sample"}
{"address":"/cue/g1/start","args":null,"channel":"system","dir":"out","t":"2026-07-16T11:46:50.695047Z","type":"osc"}
{"channel":"rr","display":41.8702023726448,"mu":0,"quality":"OUT_OF_RANGE","raw":1140.3,"sigma":1.5,"state":"IDLE","t":"2026-07-16T11:46:50.7086577Z","type":"sample"}
{"channel":"rr","display":41.8702023726448,"mu":0,"quality":"OUT_OF_RANGE","raw":1139.9,"sigma":1.5,"state":"IDLE","t":"2026-07-16T11:46:50.7486209Z","type":"sample"}
{"channel":"gsr","display":3566.6,"mu":0,"quality":"OK","raw":3566.6,"sigma":10,"state":"IDLE","t":"2026-07-16T11:46:50.7646036Z","type":"sample"}
{"channel":"rr","display":41.8702023726448,"mu":0,"quality":"OUT_OF_RANGE","raw":1141.7,"sigma":1.5,"state":"IDLE","t":"2026-07-16T11:46:50.7880365Z","type":"sample"}
{"channel":"rr","display":41.8702023726448,"mu":0,"quality":"OUT_OF_RANGE","raw":1140.2,"sigma":1.5,"state":"IDLE","t":"2026-07-16T11:46:50.8265626Z","type":"sample"}
{"channel":"gsr","display":3564.1,"mu":0,"quality":"OK","raw":3564.1,"sigma":10,"state":"IDLE","t":"2026-07-16T11:46:50.8647175Z","type":"sample"}
{"channel":"rr","display":41.8702023726448,"mu":0,"quality":"OUT_OF_RANGE","raw":1141.4,"sigma":1.5,"state":"IDLE","t":"2026-07-16T11:46:50.8695202Z","type":"sample"}
{"channel":"rr","display":41.8702023726448,"mu":0,"quality":"OUT_OF_RANGE","raw":1141.1,"sigma":1.5,"state":"IDLE","t":"2026-07-16T11:46:50.9079864Z","type":"sample"}
{"channel":"rr","display":41.8702023726448,"mu":0,"quality":"OUT_OF_RANGE","raw":1142.4,"sigma":1.5,"state":"IDLE","t":"2026-07-16T11:46:50.9484953Z","type":"sample"}
{"channel":"gsr","display":3570.5,"mu":0,"quality":"OK","raw":3570.5,"sigma":10,"state":"IDLE","t":"2026-07-16T11:46:50.9650838Z","type":"sample"}
{"channel":"hr","display":0,"mu":0,"quality":"OUT_OF_RANGE","raw":70,"sigma":3,"state":"IDLE","t":"2026-07-16T11:46:50.9691291Z","type":"sample"}
{"channel":"rr","display":41.8702023726448,"mu":0,"quality":"OUT_OF_RANGE","raw":1139.8,"sigma":1.5,"state":"IDLE","t":"2026-07-16T11:46:50.9880503Z","type":"sample"}
{"channel":"rr","display":41.8702023726448,"mu":0,"quality":"OUT_OF_RANGE","raw":1142.1,"sigma":1.5,"state":"IDLE","t":"2026-07-16T11:46:51.0260903Z","type":"sample"}
{"channel":"gsr","display":3569.4,"mu":0,"quality":"OK","raw":3569.4,"sigma":10,"state":"IDLE","t":"2026-07-16T11:46:51.0644811Z","type":"sample"}
{"channel":"rr","display":41.8702023726448,"mu":0,"quality":"OUT_OF_RANGE","raw":1140.3,"sigma":1.5,"state":"IDLE","t":"2026-07-16T11:46:51.0693511Z","type":"sample"}
{"channel":"rr","display":41.8702023726448,"mu":0,"quality":"OUT_OF_RANGE","raw":1141.9,"sigma":1.5,"state":"IDLE","t":"2026-07-16T11:46:51.1041273Z","type":"sample"}
{"channel":"rr","display":41.8702023726448,"mu":0,"quality":"OUT_OF_RANGE","raw":1141.6,"sigma":1.5,"state":"IDLE","t":"2026-07-16T11:46:51.148449Z","type":"sample"}
{"channel":"gsr","display":3570.6,"mu":0,"quality":"OK","raw":3570.6,"sigma":10,"state":"IDLE","t":"2026-07-16T11:46:51.1657559Z","type":"sample"}
{"channel":"rr","display":41.8702023726448,"mu":0,"quality":"OUT_OF_RANGE","raw":1142.1,"sigma":1.5,"state":"IDLE","t":"2026-07-16T11:46:51.188646Z","type":"sample"}
{"channel":"rr","display":41.8702023726448,"mu":0,"quality":"OUT_OF_RANGE","raw":1142.8,"sigma":1.5,"state":"IDLE","t":"2026-07-16T11:46:51.2261245Z","type":"sample"}
{"channel":"gsr","display":3576.5,"mu":0,"quality":"OK","raw":3576.5,"sigma":10,"state":"IDLE","t":"2026-07-16T11:46:51.2649777Z","type":"sample"}
{"channel":"rr","display":41.8702023726448,"mu":0,"quality":"OUT_OF_RANGE","raw":1140.8,"sigma":1.5,"state":"IDLE","t":"2026-07-16T11:46:51.2693277Z","type":"sample"}
{"channel":"rr","display":41.8702023726448,"mu":0,"quality":"OUT_OF_RANGE","raw":1142.4,"sigma":1.5,"state":"IDLE","t":"2026-07-16T11:46:51.3087064Z","type":"sample"}
{"channel":"rr","display":41.8702023726448,"mu":0,"quality":"OUT_OF_RANGE","raw":1141.1,"sigma":1.5,"state":"IDLE","t":"2026-07-16T11:46:51.3483633Z","type":"sample"}
{"address":"/cue/p/start","args":null,"channel":"system","dir":"out","t":"2026-07-16T11:46:51.3515626Z","type":"osc"}
{"channel":"gsr","display":3580.4,"mu":0,"quality":"OK","raw":3580.4,"sigma":10,"state":"IDLE","t":"2026-07-16T11:46:51.3645845Z","type":"sample"}
{"channel":"rr","display":41.8702023726448,"mu":0,"quality":"OUT_OF_RANGE","raw":1141.4,"sigma":1.5,"state":"IDLE","t":"2026-07-16T11:46:51.3880073Z","type":"sample"}
{"channel":"rr","display":41.8702023726448,"mu":0,"quality":"OUT_OF_RANGE","raw":1143.1,"sigma":1.5,"state":"IDLE","t":"2026-07-16T11:46:51.4262122Z","type":"sample"}
{"channel":"gsr","display":3581.3,"mu":0,"quality":"OK","raw":3581.3,"sigma":10,"state":"IDLE","t":"2026-07-16T11:46:51.4642755Z","type":"sample"}
{"channel":"rr","display":41.8702023726448,"mu":0,"quality":"OUT_OF_RANGE","raw":1142.8,"sigma":1.5,"state":"IDLE","t":"2026-07-16T11:46:51.4693482Z","type":"sample"}
{"channel":"hr","display":0,"mu":0,"quality":"OUT_OF_RANGE","raw":70,"sigma":3,"state":"IDLE","t":"2026-07-16T11:46:51.4701208Z","type":"sample"}
{"channel":"rr","display":41.8702023726448,"mu":0,"quality":"OUT_OF_RANGE","raw":1142.1,"sigma":1.5,"state":"IDLE","t":"2026-07-16T11:46:51.5087216Z","type":"sample"}
{"channel":"rr","display":41.8702023726448,"mu":0,"quality":"OUT_OF_RANGE","raw":1142.8,"sigma":1.5,"state":"IDLE","t":"2026-07-16T11:46:51.5484932Z","type":"sample"}
{"channel":"gsr","display":3583.1,"mu":0,"quality":"OK","raw":3583.1,"sigma":10,"state":"IDLE","t":"2026-07-16T11:46:51.5648692Z","type":"sample"}
{"channel":"rr","display":41.8702023726448,"mu":0,"quality":"OUT_OF_RANGE","raw":1142.2,"sigma":1.5,"state":"IDLE","t":"2026-07-16T11:46:51.5877092Z","type":"sample"}
{"channel":"rr","display":41.8702023726448,"mu":0,"quality":"OUT_OF_RANGE","raw":1141.6,"sigma":1.5,"state":"IDLE","t":"2026-07-16T11:46:51.6272754Z","type":"sample"}
{"channel":"gsr","display":3586.1,"mu":0,"quality":"OK","raw":3586.1,"sigma":10,"state":"IDLE","t":"2026-07-16T11:46:51.6648735Z","type":"sample"}
{"channel":"rr","display":41.8702023726448,"mu":0,"quality":"OUT_OF_RANGE","raw":1142.8,"sigma":1.5,"state":"IDLE","t":"2026-07-16T11:46:51.6690618Z","type":"sample"}
{"address":"/cue/g1/start","args":null,"channel":"system","dir":"out","t":"2026-07-16T11:46:51.7007855Z","type":"osc"}
{"channel":"rr","display":41.8702023726448,"mu":0,"quality":"OUT_OF_RANGE","raw":1143.4,"sigma":1.5,"state":"IDLE","t":"2026-07-16T11:46:51.7083292Z","type":"sample"}
{"channel":"rr","display":41.8702023726448,"mu":0,"quality":"OUT_OF_RANGE","raw":1142.9,"sigma":1.5,"state":"IDLE","t":"2026-07-16T11:46:51.7491093Z","type":"sample"}
{"channel":"gsr","display":3590.5,"mu":0,"quality":"OK","raw":3590.5,"sigma":10,"state":"IDLE","t":"2026-07-16T11:46:51.7646175Z","type":"sample"}
{"channel":"rr","display":41.8702023726448,"mu":0,"quality":"OUT_OF_RANGE","raw":1143.2,"sigma":1.5,"state":"IDLE","t":"2026-07-16T11:46:51.7861753Z","type":"sample"}
{"channel":"rr","display":41.8702023726448,"mu":0,"quality":"OUT_OF_RANGE","raw":1142.6,"sigma":1.5,"state":"IDLE","t":"2026-07-16T11:46:51.8277283Z","type":"sample"}
{"channel":"gsr","display":3591.8,"mu":0,"quality":"OK","raw":3591.8,"sigma":10,"state":"IDLE","t":"2026-07-16T11:46:51.8647387Z","type":"sample"}
{"channel":"rr","display":41.8702023726448,"mu":0,"quality":"OUT_OF_RANGE","raw":1143,"sigma":1.5,"state":"IDLE","t":"2026-07-16T11:46:51.8691947Z","type":"sample"}
{"channel":"rr","display":41.8702023726448,"mu":0,"quality":"OUT_OF_RANGE","raw":1143.9,"sigma":1.5,"state":"IDLE","t":"2026-07-16T11:46:51.9073342Z","type":"sample"}
{"channel":"rr","display":41.8702023726448,"mu":0,"quality":"OUT_OF_RANGE","raw":1144.7,"sigma":1.5,"state":"IDLE","t":"2026-07-16T11:46:51.9484614Z","type":"sample"}
{"channel":"gsr","display":3593.8,"mu":0,"quality":"OK","raw":3593.8,"sigma":10,"state":"IDLE","t":"2026-07-16T11:46:51.964247Z","type":"sample"}
{"channel":"hr","display":0,"mu":0,"quality":"OUT_OF_RANGE","raw":70,"sigma":3,"state":"IDLE","t":"2026-07-16T11:46:51.9696356Z","type":"sample"}
{"channel":"rr","display":41.8702023726448,"mu":0,"quality":"OUT_OF_RANGE","raw":1145.1,"sigma":1.5,"state":"IDLE","t":"2026-07-16T11:46:51.9856861Z","type":"sample"}
{"channel":"rr","display":41.8702023726448,"mu":0,"quality":"OUT_OF_RANGE","raw":1143.9,"sigma":1.5,"state":"IDLE","t":"2026-07-16T11:46:52.0279009Z","type":"sample"}
{"channel":"gsr","display":3595.3,"mu":0,"quality":"OK","raw":3595.3,"sigma":10,"state":"IDLE","t":"2026-07-16T11:46:52.0649173Z","type":"sample"}
{"channel":"rr","display":41.8702023726448,"mu":0,"quality":"OUT_OF_RANGE","raw":1144.2,"sigma":1.5,"state":"IDLE","t":"2026-07-16T11:46:52.0694828Z","type":"sample"}
{"channel":"rr","display":41.8702023726448,"mu":0,"quality":"OUT_OF_RANGE","raw":1144.8,"sigma":1.5,"state":"IDLE","t":"2026-07-16T11:46:52.1087348Z","type":"sample"}
{"channel":"rr","display":41.8702023726448,"mu":0,"quality":"OUT_OF_RANGE","raw":1143.6,"sigma":1.5,"state":"IDLE","t":"2026-07-16T11:46:52.1477204Z","type":"sample"}
{"channel":"gsr","display":3602.9,"mu":0,"quality":"OK","raw":3602.9,"sigma":10,"state":"IDLE","t":"2026-07-16T11:46:52.1647341Z","type":"sample"}
{"channel":"rr","display":41.8702023726448,"mu":0,"quality":"OUT_OF_RANGE","raw":1143.8,"sigma":1.5,"state":"IDLE","t":"2026-07-16T11:46:52.1860137Z","type":"sample"}
{"channel":"rr","display":41.8702023726448,"mu":0,"quality":"OUT_OF_RANGE","raw":1143.5,"sigma":1.5,"state":"IDLE","t":"2026-07-16T11:46:52.2263152Z","type":"sample"}
{"channel":"gsr","display":3600.9,"mu":0,"quality":"OK","raw":3600.9,"sigma":10,"state":"IDLE","t":"2026-07-16T11:46:52.2647866Z","type":"sample"}
{"channel":"rr","display":41.8702023726448,"mu":0,"quality":"OUT_OF_RANGE","raw":1143.5,"sigma":1.5,"state":"IDLE","t":"2026-07-16T11:46:52.2694004Z","type":"sample"}
{"channel":"rr","display":41.8702023726448,"mu":0,"quality":"OUT_OF_RANGE","raw":1143.6,"sigma":1.5,"state":"IDLE","t":"2026-07-16T11:46:52.3055195Z","type":"sample"}
{"channel":"rr","display":41.8702023726448,"mu":0,"quality":"OUT_OF_RANGE","raw":1143.4,"sigma":1.5,"state":"IDLE","t":"2026-07-16T11:46:52.3485217Z","type":"sample"}
{"address":"/cue/p/start","args":null,"channel":"system","dir":"out","t":"2026-07-16T11:46:52.3512548Z","type":"osc"}
{"channel":"gsr","display":3603.7,"mu":0,"quality":"OK","raw":3603.7,"sigma":10,"state":"IDLE","t":"2026-07-16T11:46:52.3649276Z","type":"sample"}
{"channel":"rr","display":41.8702023726448,"mu":0,"quality":"OUT_OF_RANGE","raw":1142.3,"sigma":1.5,"state":"IDLE","t":"2026-07-16T11:46:52.3879574Z","type":"sample"}
{"channel":"rr","display":41.8702023726448,"mu":0,"quality":"OUT_OF_RANGE","raw":1143.3,"sigma":1.5,"state":"IDLE","t":"2026-07-16T11:46:52.4277774Z","type":"sample"}
{"channel":"gsr","display":3604.3,"mu":0,"quality":"OK","raw":3604.3,"sigma":10,"state":"IDLE","t":"2026-07-16T11:46:52.4648357Z","type":"sample"}
{"channel":"rr","display":41.8702023726448,"mu":0,"quality":"OUT_OF_RANGE","raw":1143.1,"sigma":1.5,"state":"IDLE","t":"2026-07-16T11:46:52.4695603Z","type":"sample"}
{"channel":"hr","display":0,"mu":0,"quality":"OUT_OF_RANGE","raw":69,"sigma":3,"state":"IDLE","t":"2026-07-16T11:46:52.4700677Z","type":"sample"}
{"channel":"rr","display":41.8702023726448,"mu":0,"quality":"OUT_OF_RANGE","raw":1144,"sigma":1.5,"state":"IDLE","t":"2026-07-16T11:46:52.5082906Z","type":"sample"}
{"channel":"rr","display":41.8702023726448,"mu":0,"quality":"OUT_OF_RANGE","raw":1142.9,"sigma":1.5,"state":"IDLE","t":"2026-07-16T11:46:52.5483741Z","type":"sample"}
{"channel":"gsr","display":3609.1,"mu":0,"quality":"OK","raw":3609.1,"sigma":10,"state":"IDLE","t":"2026-07-16T11:46:52.5640067Z","type":"sample"}
{"channel":"rr","display":41.8702023726448,"mu":0,"quality":"OUT_OF_RANGE","raw":1143.2,"sigma":1.5,"state":"IDLE","t":"2026-07-16T11:46:52.5869458Z","type":"sample"}
{"channel":"rr","display":41.8702023726448,"mu":0,"quality":"OUT_OF_RANGE","raw":1142.1,"sigma":1.5,"state":"IDLE","t":"2026-07-16T11:46:52.6264033Z","type":"sample"}
{"channel":"gsr","display":3612.5,"mu":0,"quality":"OK","raw":3612.5,"sigma":10,"state":"IDLE","t":"2026-07-16T11:46:52.6646291Z","type":"sample"}
{"channel":"rr","display":41.8702023726448,"mu":0,"quality":"OUT_OF_RANGE","raw":1142.2,"sigma":1.5,"state":"IDLE","t":"2026-07-16T11:46:52.6693619Z","type":"sample"}
{"channel":"rr","display":41.8702023726448,"mu":0,"quality":"OUT_OF_RANGE","raw":1142.4,"sigma":1.5,"state":"IDLE","t":"2026-07-16T11:46:52.7083748Z","type":"sample"}
{"address":"/cue/g1/start","args":null,"channel":"system","dir":"out","t":"2026-07-16T11:46:52.7093854Z","type":"osc"}
{"channel":"rr","display":41.8702023726448,"mu":0,"quality":"OUT_OF_RANGE","raw":1141.8,"sigma":1.5,"state":"IDLE","t":"2026-07-16T11:46:52.7477252Z","type":"sample"}
{"channel":"gsr","display":3615,"mu":0,"quality":"OK","raw":3615,"sigma":10,"state":"IDLE","t":"2026-07-16T11:46:52.7649752Z","type":"sample"}
{"channel":"rr","display":41.8702023726448,"mu":0,"quality":"OUT_OF_RANGE","raw":1142,"sigma":1.5,"state":"IDLE","t":"2026-07-16T11:46:52.7877759Z","type":"sample"}
{"channel":"rr","display":41.8702023726448,"mu":0,"quality":"OUT_OF_RANGE","raw":1143.6,"sigma":1.5,"state":"IDLE","t":"2026-07-16T11:46:52.8277411Z","type":"sample"}
{"channel":"gsr","display":3617.5,"mu":0,"quality":"OK","raw":3617.5,"sigma":10,"state":"IDLE","t":"2026-07-16T11:46:52.86494Z","type":"sample"}
{"channel":"rr","display":41.8702023726448,"mu":0,"quality":"OUT_OF_RANGE","raw":1143.4,"sigma":1.5,"state":"IDLE","t":"2026-07-16T11:46:52.869361Z","type":"sample"}
{"channel":"rr","display":41.8702023726448,"mu":0,"quality":"OUT_OF_RANGE","raw":1142,"sigma":1.5,"state":"IDLE","t":"2026-07-16T11:46:52.9019004Z","type":"sample"}
{"channel":"rr","display":41.8702023726448,"mu":0,"quality":"OUT_OF_RANGE","raw":1142.2,"sigma":1.5,"state":"IDLE","t":"2026-07-16T11:46:52.9485212Z","type":"sample"}
{"channel":"gsr","display":3617.1,"mu":0,"quality":"OK","raw":3617.1,"sigma":10,"state":"IDLE","t":"2026-07-16T11:46:52.964967Z","type":"sample"}
{"channel":"hr","display":0,"mu":0,"quality":"OUT_OF_RANGE","raw":69,"sigma":3,"state":"IDLE","t":"2026-07-16T11:46:52.9692651Z","type":"sample"}
{"channel":"rr","display":41.8702023726448,"mu":0,"quality":"OUT_OF_RANGE","raw":1143,"sigma":1.5,"state":"IDLE","t":"2026-07-16T11:46:52.9859769Z","type":"sample"}
{"channel":"rr","display":41.8702023726448,"mu":0,"quality":"OUT_OF_RANGE","raw":1143.1,"sigma":1.5,"state":"IDLE","t":"2026-07-16T11:46:53.0265268Z","type":"sample"}
{"channel":"gsr","display":3620.1,"mu":0,"quality":"OK","raw":3620.1,"sigma":10,"state":"IDLE","t":"2026-07-16T11:46:53.0648715Z","type":"sample"}
{"channel":"rr","display":41.8702023726448,"mu":0,"quality":"OUT_OF_RANGE","raw":1141.6,"sigma":1.5,"state":"IDLE","t":"2026-07-16T11:46:53.0691562Z","type":"sample"}
{"channel":"rr","display":41.8702023726448,"mu":0,"quality":"OUT_OF_RANGE","raw":1141.8,"sigma":1.5,"state":"IDLE","t":"2026-07-16T11:46:53.1060835Z","type":"sample"}
{"channel":"rr","display":41.8702023726448,"mu":0,"quality":"OUT_OF_RANGE","raw":1142.7,"sigma":1.5,"state":"IDLE","t":"2026-07-16T11:46:53.1486257Z","type":"sample"}
{"channel":"gsr","display":3623.3,"mu":0,"quality":"OK","raw":3623.3,"sigma":10,"state":"IDLE","t":"2026-07-16T11:46:53.1647162Z","type":"sample"}
{"channel":"rr","display":41.8702023726448,"mu":0,"quality":"OUT_OF_RANGE","raw":1141.9,"sigma":1.5,"state":"IDLE","t":"2026-07-16T11:46:53.1877262Z","type":"sample"}
{"channel":"rr","display":41.8702023726448,"mu":0,"quality":"OUT_OF_RANGE","raw":1141.9,"sigma":1.5,"state":"IDLE","t":"2026-07-16T11:46:53.2263519Z","type":"sample"}
{"channel":"gsr","display":3627.4,"mu":0,"quality":"OK","raw":3627.4,"sigma":10,"state":"IDLE","t":"2026-07-16T11:46:53.2651398Z","type":"sample"}
{"channel":"rr","display":41.8702023726448,"mu":0,"quality":"OUT_OF_RANGE","raw":1142,"sigma":1.5,"state":"IDLE","t":"2026-07-16T11:46:53.2692338Z","type":"sample"}
{"channel":"rr","display":41.8702023726448,"mu":0,"quality":"OUT_OF_RANGE","raw":1142.1,"sigma":1.5,"state":"IDLE","t":"2026-07-16T11:46:53.3084926Z","type":"sample"}
{"channel":"rr","display":41.8702023726448,"mu":0,"quality":"OUT_OF_RANGE","raw":1141.9,"sigma":1.5,"state":"IDLE","t":"2026-07-16T11:46:53.3484031Z","type":"sample"}
{"address":"/cue/p/start","args":null,"channel":"system","dir":"out","t":"2026-07-16T11:46:53.351598Z","type":"osc"}
{"channel":"gsr","display":3626.9,"mu":0,"quality":"OK","raw":3626.9,"sigma":10,"state":"IDLE","t":"2026-07-16T11:46:53.3648963Z","type":"sample"}
{"channel":"rr","display":41.8702023726448,"mu":0,"quality":"OUT_OF_RANGE","raw":1142,"sigma":1.5,"state":"IDLE","t":"2026-07-16T11:46:53.3852227Z","type":"sample"}
{"channel":"rr","display":41.8702023726448,"mu":0,"quality":"OUT_OF_RANGE","raw":1142.6,"sigma":1.5,"state":"IDLE","t":"2026-07-16T11:46:53.4263338Z","type":"sample"}
{"channel":"gsr","display":3631.1,"mu":0,"quality":"OK","raw":3631.1,"sigma":10,"state":"IDLE","t":"2026-07-16T11:46:53.4646672Z","type":"sample"}
{"channel":"rr","display":41.8702023726448,"mu":0,"quality":"OUT_OF_RANGE","raw":1142.6,"sigma":1.5,"state":"IDLE","t":"2026-07-16T11:46:53.4695728Z","type":"sample"}
{"channel":"hr","display":0,"mu":0,"quality":"OUT_OF_RANGE","raw":69,"sigma":3,"state":"IDLE","t":"2026-07-16T11:46:53.4700965Z","type":"sample"}
{"channel":"rr","display":41.8702023726448,"mu":0,"quality":"OUT_OF_RANGE","raw":1141.2,"sigma":1.5,"state":"IDLE","t":"2026-07-16T11:46:53.502089Z","type":"sample"}
{"channel":"rr","display":41.8702023726448,"mu":0,"quality":"OUT_OF_RANGE","raw":1141.4,"sigma":1.5,"state":"IDLE","t":"2026-07-16T11:46:53.5484317Z","type":"sample"}
{"channel":"gsr","display":3631.6,"mu":0,"quality":"OK","raw":3631.6,"sigma":10,"state":"IDLE","t":"2026-07-16T11:46:53.5646056Z","type":"sample"}
{"channel":"rr","display":41.8702023726448,"mu":0,"quality":"OUT_OF_RANGE","raw":1141.3,"sigma":1.5,"state":"IDLE","t":"2026-07-16T11:46:53.5868969Z","type":"sample"}
{"channel":"rr","display":41.8702023726448,"mu":0,"quality":"OUT_OF_RANGE","raw":1140.9,"sigma":1.5,"state":"IDLE","t":"2026-07-16T11:46:53.6268832Z","type":"sample"}
{"channel":"gsr","display":3631.2,"mu":0,"quality":"OK","raw":3631.2,"sigma":10,"state":"IDLE","t":"2026-07-16T11:46:53.6645904Z","type":"sample"}
{"channel":"rr","display":41.8702023726448,"mu":0,"quality":"OUT_OF_RANGE","raw":1140.5,"sigma":1.5,"state":"IDLE","t":"2026-07-16T11:46:53.6694519Z","type":"sample"}
{"channel":"rr","display":41.8702023726448,"mu":0,"quality":"OUT_OF_RANGE","raw":1142.2,"sigma":1.5,"state":"IDLE","t":"2026-07-16T11:46:53.7016892Z","type":"sample"}
{"address":"/cue/g1/start","args":null,"channel":"system","dir":"out","t":"2026-07-16T11:46:53.7175084Z","type":"osc"}
{"channel":"rr","display":41.8702023726448,"mu":0,"quality":"OUT_OF_RANGE","raw":1142.4,"sigma":1.5,"state":"IDLE","t":"2026-07-16T11:46:53.7480014Z","type":"sample"}
{"channel":"gsr","display":3635.7,"mu":0,"quality":"OK","raw":3635.7,"sigma":10,"state":"IDLE","t":"2026-07-16T11:46:53.7645982Z","type":"sample"}
{"channel":"rr","display":41.8702023726448,"mu":0,"quality":"OUT_OF_RANGE","raw":1141.9,"sigma":1.5,"state":"IDLE","t":"2026-07-16T11:46:53.7878279Z","type":"sample"}
{"channel":"rr","display":41.8702023726448,"mu":0,"quality":"OUT_OF_RANGE","raw":1142.5,"sigma":1.5,"state":"IDLE","t":"2026-07-16T11:46:53.8275587Z","type":"sample"}
{"channel":"gsr","display":3635.3,"mu":0,"quality":"OK","raw":3635.3,"sigma":10,"state":"IDLE","t":"2026-07-16T11:46:53.8651297Z","type":"sample"}
{"channel":"rr","display":41.8702023726448,"mu":0,"quality":"OUT_OF_RANGE","raw":1141.6,"sigma":1.5,"state":"IDLE","t":"2026-07-16T11:46:53.8693092Z","type":"sample"}
{"channel":"rr","display":41.8702023726448,"mu":0,"quality":"OUT_OF_RANGE","raw":1142.7,"sigma":1.5,"state":"IDLE","t":"2026-07-16T11:46:53.9073133Z","type":"sample"}
{"channel":"rr","display":41.8702023726448,"mu":0,"quality":"OUT_OF_RANGE","raw":1142,"sigma":1.5,"state":"IDLE","t":"2026-07-16T11:46:53.9483249Z","type":"sample"}
{"channel":"gsr","display":3638.4,"mu":0,"quality":"OK","raw":3638.4,"sigma":10,"state":"IDLE","t":"2026-07-16T11:46:53.9646011Z","type":"sample"}
{"channel":"hr","display":0,"mu":0,"quality":"OUT_OF_RANGE","raw":69,"sigma":3,"state":"IDLE","t":"2026-07-16T11:46:53.9693527Z","type":"sample"}
{"channel":"rr","display":41.8702023726448,"mu":0,"quality":"OUT_OF_RANGE","raw":1141,"sigma":1.5,"state":"IDLE","t":"2026-07-16T11:46:53.9888373Z","type":"sample"}
{"channel":"rr","display":41.8702023726448,"mu":0,"quality":"OUT_OF_RANGE","raw":1142,"sigma":1.5,"state":"IDLE","t":"2026-07-16T11:46:54.0269476Z","type":"sample"}
{"channel":"gsr","display":3634.8,"mu":0,"quality":"OK","raw":3634.8,"sigma":10,"state":"IDLE","t":"2026-07-16T11:46:54.0650039Z","type":"sample"}
{"channel":"rr","display":41.8702023726448,"mu":0,"quality":"OUT_OF_RANGE","raw":1142.2,"sigma":1.5,"state":"IDLE","t":"2026-07-16T11:46:54.0691165Z","type":"sample"}
{"channel":"rr","display":41.8702023726448,"mu":0,"quality":"OUT_OF_RANGE","raw":1140.4,"sigma":1.5,"state":"IDLE","t":"2026-07-16T11:46:54.1042039Z","type":"sample"}
{"channel":"rr","display":23.469587326422843,"mu":0,"quality":"OUT_OF_RANGE","raw":1141,"sigma":1.5,"state":"IDLE","t":"2026-07-16T11:46:54.147874Z","type":"sample"}
{"channel":"gsr","display":3639.9,"mu":0,"quality":"OK","raw":3639.9,"sigma":10,"state":"IDLE","t":"2026-07-16T11:46:54.1648411Z","type":"sample"}
{"channel":"rr","display":23.469587326422843,"mu":0,"quality":"OUT_OF_RANGE","raw":1140.7,"sigma":1.5,"state":"IDLE","t":"2026-07-16T11:46:54.1879099Z","type":"sample"}
{"channel":"rr","display":23.469587326422843,"mu":0,"quality":"OUT_OF_RANGE","raw":1140.6,"sigma":1.5,"state":"IDLE","t":"2026-07-16T11:46:54.2277689Z","type":"sample"}
{"channel":"gsr","display":3641.2,"mu":0,"quality":"OK","raw":3641.2,"sigma":10,"state":"IDLE","t":"2026-07-16T11:46:54.2649536Z","type":"sample"}
{"channel":"rr","display":23.469587326422843,"mu":0,"quality":"OUT_OF_RANGE","raw":1140.9,"sigma":1.5,"state":"IDLE","t":"2026-07-16T11:46:54.2694209Z","type":"sample"}
{"channel":"rr","display":23.469587326422843,"mu":0,"quality":"OUT_OF_RANGE","raw":1141.8,"sigma":1.5,"state":"IDLE","t":"2026-07-16T11:46:54.3092362Z","type":"sample"}
{"channel":"rr","display":23.469587326422843,"mu":0,"quality":"OUT_OF_RANGE","raw":1142.2,"sigma":1.5,"state":"IDLE","t":"2026-07-16T11:46:54.3496262Z","type":"sample"}
{"address":"/cue/p/start","args":null,"channel":"system","dir":"out","t":"2026-07-16T11:46:54.3527813Z","type":"osc"}
{"channel":"gsr","display":3639.8,"mu":0,"quality":"OK","raw":3639.8,"sigma":10,"state":"IDLE","t":"2026-07-16T11:46:54.3641005Z","type":"sample"}
{"channel":"rr","display":23.469587326422843,"mu":0,"quality":"OUT_OF_RANGE","raw":1142.1,"sigma":1.5,"state":"IDLE","t":"2026-07-16T11:46:54.3897818Z","type":"sample"}
{"channel":"rr","display":23.469587326422843,"mu":0,"quality":"OUT_OF_RANGE","raw":1142.6,"sigma":1.5,"state":"IDLE","t":"2026-07-16T11:46:54.4301058Z","type":"sample"}
{"channel":"gsr","display":3644.2,"mu":0,"quality":"OK","raw":3644.2,"sigma":10,"state":"IDLE","t":"2026-07-16T11:46:54.4646452Z","type":"sample"}
{"channel":"rr","display":23.469587326422843,"mu":0,"quality":"OUT_OF_RANGE","raw":1141.2,"sigma":1.5,"state":"IDLE","t":"2026-07-16T11:46:54.4702675Z","type":"sample"}
{"channel":"hr","display":0,"mu":0,"quality":"OUT_OF_RANGE","raw":69,"sigma":3,"state":"IDLE","t":"2026-07-16T11:46:54.4986944Z","type":"sample"}
{"channel":"rr","display":23.469587326422843,"mu":0,"quality":"OUT_OF_RANGE","raw":1141.1,"sigma":1.5,"state":"IDLE","t":"2026-07-16T11:46:54.5092813Z","type":"sample"}
{"channel":"rr","display":23.469587326422843,"mu":0,"quality":"OUT_OF_RANGE","raw":1141.5,"sigma":1.5,"state":"IDLE","t":"2026-07-16T11:46:54.5492132Z","type":"sample"}
{"channel":"gsr","display":3642.6,"mu":0,"quality":"OK","raw":3642.6,"sigma":10,"state":"IDLE","t":"2026-07-16T11:46:54.564817Z","type":"sample"}
{"channel":"rr","display":23.469587326422843,"mu":0,"quality":"OUT_OF_RANGE","raw":1141.6,"sigma":1.5,"state":"IDLE","t":"2026-07-16T11:46:54.5892649Z","type":"sample"}
{"channel":"rr","display":23.469587326422843,"mu":0,"quality":"OUT_OF_RANGE","raw":1141.2,"sigma":1.5,"state":"IDLE","t":"2026-07-16T11:46:54.6293752Z","type":"sample"}
{"channel":"gsr","display":3642.6,"mu":0,"quality":"OK","raw":3642.6,"sigma":10,"state":"IDLE","t":"2026-07-16T11:46:54.6650821Z","type":"sample"}
{"channel":"rr","display":23.469587326422843,"mu":0,"quality":"OUT_OF_RANGE","raw":1141.7,"sigma":1.5,"state":"IDLE","t":"2026-07-16T11:46:54.6694208Z","type":"sample"}
{"channel":"rr","display":23.469587326422843,"mu":0,"quality":"OUT_OF_RANGE","raw":1140.7,"sigma":1.5,"state":"IDLE","t":"2026-07-16T11:46:54.7092246Z","type":"sample"}
{"address":"/cue/g1/start","args":null,"channel":"system","dir":"out","t":"2026-07-16T11:46:54.7233886Z","type":"osc"}
{"channel":"rr","display":23.469587326422843,"mu":0,"quality":"OUT_OF_RANGE","raw":1142.4,"sigma":1.5,"state":"IDLE","t":"2026-07-16T11:46:54.7495767Z","type":"sample"}
{"channel":"gsr","display":3644.3,"mu":0,"quality":"OK","raw":3644.3,"sigma":10,"state":"IDLE","t":"2026-07-16T11:46:54.7638741Z","type":"sample"}
{"channel":"rr","display":23.469587326422843,"mu":0,"quality":"OUT_OF_RANGE","raw":1142.2,"sigma":1.5,"state":"IDLE","t":"2026-07-16T11:46:54.7894135Z","type":"sample"}
{"channel":"rr","display":23.469587326422843,"mu":0,"quality":"OUT_OF_RANGE","raw":1141.4,"sigma":1.5,"state":"IDLE","t":"2026-07-16T11:46:54.8292422Z","type":"sample"}
{"channel":"gsr","display":3645.5,"mu":0,"quality":"OK","raw":3645.5,"sigma":10,"state":"IDLE","t":"2026-07-16T11:46:54.8650633Z","type":"sample"}
{"channel":"rr","display":23.469587326422843,"mu":0,"quality":"OUT_OF_RANGE","raw":1141.7,"sigma":1.5,"state":"IDLE","t":"2026-07-16T11:46:54.8693213Z","type":"sample"}
{"channel":"rr","display":23.469587326422843,"mu":0,"quality":"OUT_OF_RANGE","raw":1140.4,"sigma":1.5,"state":"IDLE","t":"2026-07-16T11:46:54.9092723Z","type":"sample"}
{"channel":"rr","display":23.469587326422843,"mu":0,"quality":"OUT_OF_RANGE","raw":1140.9,"sigma":1.5,"state":"IDLE","t":"2026-07-16T11:46:54.9495237Z","type":"sample"}
{"channel":"gsr","display":3648.6,"mu":0,"quality":"OK","raw":3648.6,"sigma":10,"state":"IDLE","t":"2026-07-16T11:46:54.9647891Z","type":"sample"}
{"channel":"hr","display":0,"mu":0,"quality":"OUT_OF_RANGE","raw":69,"sigma":3,"state":"IDLE","t":"2026-07-16T11:46:54.9692228Z","type":"sample"}
{"channel":"rr","display":23.469587326422843,"mu":0,"quality":"OUT_OF_RANGE","raw":1142.4,"sigma":1.5,"state":"IDLE","t":"2026-07-16T11:46:54.9895755Z","type":"sample"}
{"channel":"rr","display":23.469587326422843,"mu":0,"quality":"OUT_OF_RANGE","raw":1142.6,"sigma":1.5,"state":"IDLE","t":"2026-07-16T11:46:55.0291211Z","type":"sample"}
{"channel":"gsr","display":3646.1,"mu":0,"quality":"OK","raw":3646.1,"sigma":10,"state":"IDLE","t":"2026-07-16T11:46:55.0638475Z","type":"sample"}
{"channel":"rr","display":23.469587326422843,"mu":0,"quality":"OUT_OF_RANGE","raw":1142.1,"sigma":1.5,"state":"IDLE","t":"2026-07-16T11:46:55.0691336Z","type":"sample"}
{"channel":"rr","display":23.469587326422843,"mu":0,"quality":"OUT_OF_RANGE","raw":1142.8,"sigma":1.5,"state":"IDLE","t":"2026-07-16T11:46:55.1093482Z","type":"sample"}
{"channel":"rr","display":23.469587326422843,"mu":0,"quality":"OUT_OF_RANGE","raw":1141.9,"sigma":1.5,"state":"IDLE","t":"2026-07-16T11:46:55.1493907Z","type":"sample"}
{"channel":"gsr","display":3648,"mu":0,"quality":"OK","raw":3648,"sigma":10,"state":"IDLE","t":"2026-07-16T11:46:55.163917Z","type":"sample"}
{"channel":"rr","display":23.469587326422843,"mu":0,"quality":"OUT_OF_RANGE","raw":1140.8,"sigma":1.5,"state":"IDLE","t":"2026-07-16T11:46:55.1896692Z","type":"sample"}
{"channel":"rr","display":23.469587326422843,"mu":0,"quality":"OUT_OF_RANGE","raw":1142.7,"sigma":1.5,"state":"IDLE","t":"2026-07-16T11:46:55.2293041Z","type":"sample"}
{"channel":"gsr","display":3650.9,"mu":0,"quality":"OK","raw":3650.9,"sigma":10,"state":"IDLE","t":"2026-07-16T11:46:55.2648255Z","type":"sample"}
{"channel":"rr","display":23.469587326422843,"mu":0,"quality":"OUT_OF_RANGE","raw":1142.6,"sigma":1.5,"state":"IDLE","t":"2026-07-16T11:46:55.2693093Z","type":"sample"}
{"channel":"rr","display":23.469587326422843,"mu":0,"quality":"OUT_OF_RANGE","raw":1141.3,"sigma":1.5,"state":"IDLE","t":"2026-07-16T11:46:55.3093165Z","type":"sample"}
{"channel":"rr","display":23.469587326422843,"mu":0,"quality":"OUT_OF_RANGE","raw":1142.6,"sigma":1.5,"state":"IDLE","t":"2026-07-16T11:46:55.3495104Z","type":"sample"}
{"address":"/cue/p/start","args":null,"channel":"system","dir":"out","t":"2026-07-16T11:46:55.3505918Z","type":"osc"}
{"channel":"gsr","display":3649.5,"mu":0,"quality":"OK","raw":3649.5,"sigma":10,"state":"IDLE","t":"2026-07-16T11:46:55.3647774Z","type":"sample"}
{"channel":"rr","display":23.469587326422843,"mu":0,"quality":"OUT_OF_RANGE","raw":1142.3,"sigma":1.5,"state":"IDLE","t":"2026-07-16T11:46:55.3892077Z","type":"sample"}
{"channel":"rr","display":23.469587326422843,"mu":0,"quality":"OUT_OF_RANGE","raw":1142.9,"sigma":1.5,"state":"IDLE","t":"2026-07-16T11:46:55.4291909Z","type":"sample"}
{"channel":"gsr","display":3650.4,"mu":0,"quality":"OK","raw":3650.4,"sigma":10,"state":"IDLE","t":"2026-07-16T11:46:55.4648895Z","type":"sample"}
{"channel":"rr","display":23.469587326422843,"mu":0,"quality":"OUT_OF_RANGE","raw":1142,"sigma":1.5,"state":"IDLE","t":"2026-07-16T11:46:55.4692866Z","type":"sample"}
{"channel":"hr","display":0,"mu":0,"quality":"OUT_OF_RANGE","raw":69,"sigma":3,"state":"IDLE","t":"2026-07-16T11:46:55.4708544Z","type":"sample"}
{"channel":"rr","display":23.469587326422843,"mu":0,"quality":"OUT_OF_RANGE","raw":1142.4,"sigma":1.5,"state":"IDLE","t":"2026-07-16T11:46:55.5092462Z","type":"sample"}
{"channel":"rr","display":23.469587326422843,"mu":0,"quality":"OUT_OF_RANGE","raw":1143.3,"sigma":1.5,"state":"IDLE","t":"2026-07-16T11:46:55.5491611Z","type":"sample"}
{"channel":"gsr","display":3651.7,"mu":0,"quality":"OK","raw":3651.7,"sigma":10,"state":"IDLE","t":"2026-07-16T11:46:55.5649367Z","type":"sample"}
{"channel":"rr","display":23.469587326422843,"mu":0,"quality":"OUT_OF_RANGE","raw":1143.8,"sigma":1.5,"state":"IDLE","t":"2026-07-16T11:46:55.5894108Z","type":"sample"}
{"channel":"rr","display":23.469587326422843,"mu":0,"quality":"OUT_OF_RANGE","raw":1143.4,"sigma":1.5,"state":"IDLE","t":"2026-07-16T11:46:55.6291917Z","type":"sample"}
{"channel":"gsr","display":3650.1,"mu":0,"quality":"OK","raw":3650.1,"sigma":10,"state":"IDLE","t":"2026-07-16T11:46:55.6641401Z","type":"sample"}
{"channel":"rr","display":23.469587326422843,"mu":0,"quality":"OUT_OF_RANGE","raw":1143.8,"sigma":1.5,"state":"IDLE","t":"2026-07-16T11:46:55.6693628Z","type":"sample"}
{"channel":"rr","display":23.469587326422843,"mu":0,"quality":"OUT_OF_RANGE","raw":1141.9,"sigma":1.5,"state":"IDLE","t":"2026-07-16T11:46:55.7084752Z","type":"sample"}
{"address":"/cue/g1/start","args":null,"channel":"system","dir":"out","t":"2026-07-16T11:46:55.7272754Z","type":"osc"}
{"channel":"rr","display":23.469587326422843,"mu":0,"quality":"OUT_OF_RANGE","raw":1144.1,"sigma":1.5,"state":"IDLE","t":"2026-07-16T11:46:55.7494853Z","type":"sample"}
{"channel":"gsr","display":3647.5,"mu":0,"quality":"OK","raw":3647.5,"sigma":10,"state":"IDLE","t":"2026-07-16T11:46:55.7640628Z","type":"sample"}
{"channel":"rr","display":23.469587326422843,"mu":0,"quality":"OUT_OF_RANGE","raw":1143.6,"sigma":1.5,"state":"IDLE","t":"2026-07-16T11:46:55.7891866Z","type":"sample"}
{"channel":"rr","display":23.469587326422843,"mu":0,"quality":"OUT_OF_RANGE","raw":1143.6,"sigma":1.5,"state":"IDLE","t":"2026-07-16T11:46:55.829548Z","type":"sample"}
{"channel":"gsr","display":3647.9,"mu":0,"quality":"OK","raw":3647.9,"sigma":10,"state":"IDLE","t":"2026-07-16T11:46:55.8648749Z","type":"sample"}
{"channel":"rr","display":23.469587326422843,"mu":0,"quality":"OUT_OF_RANGE","raw":1144.1,"sigma":1.5,"state":"IDLE","t":"2026-07-16T11:46:55.8692901Z","type":"sample"}
{"channel":"rr","display":23.469587326422843,"mu":0,"quality":"OUT_OF_RANGE","raw":1144.3,"sigma":1.5,"state":"IDLE","t":"2026-07-16T11:46:55.9090615Z","type":"sample"}
{"channel":"rr","display":23.469587326422843,"mu":0,"quality":"OUT_OF_RANGE","raw":1143.4,"sigma":1.5,"state":"IDLE","t":"2026-07-16T11:46:55.9491053Z","type":"sample"}
{"channel":"gsr","display":3644.3,"mu":0,"quality":"OK","raw":3644.3,"sigma":10,"state":"IDLE","t":"2026-07-16T11:46:55.96468Z","type":"sample"}
{"channel":"hr","display":0,"mu":0,"quality":"OUT_OF_RANGE","raw":69,"sigma":3,"state":"IDLE","t":"2026-07-16T11:46:55.9695664Z","type":"sample"}
{"channel":"rr","display":23.469587326422843,"mu":0,"quality":"OUT_OF_RANGE","raw":1143.6,"sigma":1.5,"state":"IDLE","t":"2026-07-16T11:46:55.9894265Z","type":"sample"}
{"channel":"rr","display":23.469587326422843,"mu":0,"quality":"OUT_OF_RANGE","raw":1144.7,"sigma":1.5,"state":"IDLE","t":"2026-07-16T11:46:56.029101Z","type":"sample"}
{"channel":"gsr","display":3642.2,"mu":0,"quality":"OK","raw":3642.2,"sigma":10,"state":"IDLE","t":"2026-07-16T11:46:56.0646722Z","type":"sample"}
{"channel":"rr","display":23.469587326422843,"mu":0,"quality":"OUT_OF_RANGE","raw":1145.9,"sigma":1.5,"state":"IDLE","t":"2026-07-16T11:46:56.0693333Z","type":"sample"}
{"channel":"rr","display":23.469587326422843,"mu":0,"quality":"OUT_OF_RANGE","raw":1144.7,"sigma":1.5,"state":"IDLE","t":"2026-07-16T11:46:56.1090838Z","type":"sample"}
{"channel":"rr","display":23.469587326422843,"mu":0,"quality":"OUT_OF_RANGE","raw":1144.1,"sigma":1.5,"state":"IDLE","t":"2026-07-16T11:46:56.1491184Z","type":"sample"}
{"channel":"gsr","display":3636.4,"mu":0,"quality":"OK","raw":3636.4,"sigma":10,"state":"IDLE","t":"2026-07-16T11:46:56.1638104Z","type":"sample"}
{"channel":"rr","display":23.469587326422843,"mu":0,"quality":"OUT_OF_RANGE","raw":1144.3,"sigma":1.5,"state":"IDLE","t":"2026-07-16T11:46:56.1891453Z","type":"sample"}
{"channel":"rr","display":23.469587326422843,"mu":0,"quality":"OUT_OF_RANGE","raw":1143.4,"sigma":1.5,"state":"IDLE","t":"2026-07-16T11:46:56.2293703Z","type":"sample"}
{"channel":"gsr","display":3634.6,"mu":0,"quality":"OK","raw":3634.6,"sigma":10,"state":"IDLE","t":"2026-07-16T11:46:56.2648901Z","type":"sample"}
{"channel":"rr","display":23.469587326422843,"mu":0,"quality":"OUT_OF_RANGE","raw":1143.9,"sigma":1.5,"state":"IDLE","t":"2026-07-16T11:46:56.2696632Z","type":"sample"}
{"channel":"rr","display":23.469587326422843,"mu":0,"quality":"OUT_OF_RANGE","raw":1143.1,"sigma":1.5,"state":"IDLE","t":"2026-07-16T11:46:56.3095884Z","type":"sample"}
{"channel":"rr","display":23.469587326422843,"mu":0,"quality":"OUT_OF_RANGE","raw":1144.7,"sigma":1.5,"state":"IDLE","t":"2026-07-16T11:46:56.3495869Z","type":"sample"}
{"address":"/cue/p/start","args":null,"channel":"system","dir":"out","t":"2026-07-16T11:46:56.3506942Z","type":"osc"}
{"channel":"gsr","display":3631.4,"mu":0,"quality":"OK","raw":3631.4,"sigma":10,"state":"IDLE","t":"2026-07-16T11:46:56.3640519Z","type":"sample"}
{"channel":"rr","display":23.469587326422843,"mu":0,"quality":"OUT_OF_RANGE","raw":1144.9,"sigma":1.5,"state":"IDLE","t":"2026-07-16T11:46:56.389693Z","type":"sample"}
{"channel":"rr","display":23.469587326422843,"mu":0,"quality":"OUT_OF_RANGE","raw":1144.9,"sigma":1.5,"state":"IDLE","t":"2026-07-16T11:46:56.429379Z","type":"sample"}
{"channel":"gsr","display":3630.3,"mu":0,"quality":"OK","raw":3630.3,"sigma":10,"state":"IDLE","t":"2026-07-16T11:46:56.4642612Z","type":"sample"}
{"channel":"rr","display":23.469587326422843,"mu":0,"quality":"OUT_OF_RANGE","raw":1145.1,"sigma":1.5,"state":"IDLE","t":"2026-07-16T11:46:56.469821Z","type":"sample"}
{"channel":"hr","display":0,"mu":0,"quality":"OUT_OF_RANGE","raw":69,"sigma":3,"state":"IDLE","t":"2026-07-16T11:46:56.4703291Z","type":"sample"}
{"channel":"rr","display":23.469587326422843,"mu":0,"quality":"OUT_OF_RANGE","raw":1144.7,"sigma":1.5,"state":"IDLE","t":"2026-07-16T11:46:56.5090797Z","type":"sample"}
{"channel":"rr","display":23.469587326422843,"mu":0,"quality":"OUT_OF_RANGE","raw":1144.4,"sigma":1.5,"state":"IDLE","t":"2026-07-16T11:46:56.5491152Z","type":"sample"}
{"channel":"gsr","display":3625.4,"mu":0,"quality":"OK","raw":3625.4,"sigma":10,"state":"IDLE","t":"2026-07-16T11:46:56.5646499Z","type":"sample"}
{"channel":"rr","display":23.469587326422843,"mu":0,"quality":"OUT_OF_RANGE","raw":1145,"sigma":1.5,"state":"IDLE","t":"2026-07-16T11:46:56.5897177Z","type":"sample"}
{"channel":"rr","display":23.469587326422843,"mu":0,"quality":"OUT_OF_RANGE","raw":1145.3,"sigma":1.5,"state":"IDLE","t":"2026-07-16T11:46:56.6292293Z","type":"sample"}
{"channel":"gsr","display":3626.4,"mu":0,"quality":"OK","raw":3626.4,"sigma":10,"state":"IDLE","t":"2026-07-16T11:46:56.6651313Z","type":"sample"}
{"channel":"rr","display":23.469587326422843,"mu":0,"quality":"OUT_OF_RANGE","raw":1144,"sigma":1.5,"state":"IDLE","t":"2026-07-16T11:46:56.6691461Z","type":"sample"}
{"channel":"rr","display":23.469587326422843,"mu":0,"quality":"OUT_OF_RANGE","raw":1144,"sigma":1.5,"state":"IDLE","t":"2026-07-16T11:46:56.7092121Z","type":"sample"}
{"address":"/cue/g1/start","args":null,"channel":"system","dir":"out","t":"2026-07-16T11:46:56.7311217Z","type":"osc"}
{"channel":"rr","display":23.469587326422843,"mu":0,"quality":"OUT_OF_RANGE","raw":1143.4,"sigma":1.5,"state":"IDLE","t":"2026-07-16T11:46:56.7493377Z","type":"sample"}
{"channel":"gsr","display":3629.4,"mu":0,"quality":"OK","raw":3629.4,"sigma":10,"state":"IDLE","t":"2026-07-16T11:46:56.7648892Z","type":"sample"}
{"channel":"rr","display":23.469587326422843,"mu":0,"quality":"OUT_OF_RANGE","raw":1142.4,"sigma":1.5,"state":"IDLE","t":"2026-07-16T11:46:56.789403Z","type":"sample"}
{"channel":"rr","display":23.469587326422843,"mu":0,"quality":"OUT_OF_RANGE","raw":1144,"sigma":1.5,"state":"IDLE","t":"2026-07-16T11:46:56.8296069Z","type":"sample"}
{"channel":"gsr","display":3626.2,"mu":0,"quality":"OK","raw":3626.2,"sigma":10,"state":"IDLE","t":"2026-07-16T11:46:56.8647588Z","type":"sample"}
{"channel":"rr","display":23.469587326422843,"mu":0,"quality":"OUT_OF_RANGE","raw":1143.1,"sigma":1.5,"state":"IDLE","t":"2026-07-16T11:46:56.8690883Z","type":"sample"}
{"channel":"rr","display":23.469587326422843,"mu":0,"quality":"OUT_OF_RANGE","raw":1143.2,"sigma":1.5,"state":"IDLE","t":"2026-07-16T11:46:56.909255Z","type":"sample"}
{"channel":"rr","display":23.469587326422843,"mu":0,"quality":"OUT_OF_RANGE","raw":1142.6,"sigma":1.5,"state":"IDLE","t":"2026-07-16T11:46:56.9494413Z","type":"sample"}
{"channel":"gsr","display":3623.4,"mu":0,"quality":"OK","raw":3623.4,"sigma":10,"state":"IDLE","t":"2026-07-16T11:46:56.9644618Z","type":"sample"}
{"channel":"hr","display":0,"mu":0,"quality":"OUT_OF_RANGE","raw":69,"sigma":3,"state":"IDLE","t":"2026-07-16T11:46:56.9694704Z","type":"sample"}
{"channel":"rr","display":23.469587326422843,"mu":0,"quality":"OUT_OF_RANGE","raw":1143.2,"sigma":1.5,"state":"IDLE","t":"2026-07-16T11:46:56.9895045Z","type":"sample"}
{"channel":"rr","display":23.469587326422843,"mu":0,"quality":"OUT_OF_RANGE","raw":1143.6,"sigma":1.5,"state":"IDLE","t":"2026-07-16T11:46:57.0292552Z","type":"sample"}
{"channel":"gsr","display":3624,"mu":0,"quality":"OK","raw":3624,"sigma":10,"state":"IDLE","t":"2026-07-16T11:46:57.064408Z","type":"sample"}
{"channel":"rr","display":23.469587326422843,"mu":0,"quality":"OUT_OF_RANGE","raw":1142.4,"sigma":1.5,"state":"IDLE","t":"2026-07-16T11:46:57.0692007Z","type":"sample"}
{"channel":"rr","display":23.469587326422843,"mu":0,"quality":"OUT_OF_RANGE","raw":1142.7,"sigma":1.5,"state":"IDLE","t":"2026-07-16T11:46:57.1096311Z","type":"sample"}
{"channel":"rr","display":23.469587326422843,"mu":0,"quality":"OUT_OF_RANGE","raw":1142.4,"sigma":1.5,"state":"IDLE","t":"2026-07-16T11:46:57.149317Z","type":"sample"}
{"channel":"gsr","display":3625,"mu":0,"quality":"OK","raw":3625,"sigma":10,"state":"IDLE","t":"2026-07-16T11:46:57.1645862Z","type":"sample"}
{"channel":"rr","display":23.469587326422843,"mu":0,"quality":"OUT_OF_RANGE","raw":1141.2,"sigma":1.5,"state":"IDLE","t":"2026-07-16T11:46:57.1894309Z","type":"sample"}
{"channel":"rr","display":23.469587326422843,"mu":0,"quality":"OUT_OF_RANGE","raw":1142.2,"sigma":1.5,"state":"IDLE","t":"2026-07-16T11:46:57.2290322Z","type":"sample"}
{"channel":"gsr","display":3624.7,"mu":0,"quality":"OK","raw":3624.7,"sigma":10,"state":"IDLE","t":"2026-07-16T11:46:57.2647371Z","type":"sample"}
{"channel":"rr","display":23.469587326422843,"mu":0,"quality":"OUT_OF_RANGE","raw":1140.9,"sigma":1.5,"state":"IDLE","t":"2026-07-16T11:46:57.2696478Z","type":"sample"}
{"channel":"rr","display":21.75489485134155,"mu":0,"quality":"OUT_OF_RANGE","raw":1141.8,"sigma":1.5,"state":"IDLE","t":"2026-07-16T11:46:57.3090356Z","type":"sample"}
{"channel":"rr","display":21.75489485134155,"mu":0,"quality":"OUT_OF_RANGE","raw":1141.6,"sigma":1.5,"state":"IDLE","t":"2026-07-16T11:46:57.3495692Z","type":"sample"}
{"address":"/cue/p/start","args":null,"channel":"system","dir":"out","t":"2026-07-16T11:46:57.3512624Z","type":"osc"}
{"channel":"gsr","display":3626.7,"mu":0,"quality":"OK","raw":3626.7,"sigma":10,"state":"IDLE","t":"2026-07-16T11:46:57.3644149Z","type":"sample"}
{"channel":"rr","display":21.75489485134155,"mu":0,"quality":"OUT_OF_RANGE","raw":1140.9,"sigma":1.5,"state":"IDLE","t":"2026-07-16T11:46:57.3893717Z","type":"sample"}
{"channel":"rr","display":21.75489485134155,"mu":0,"quality":"OUT_OF_RANGE","raw":1141.6,"sigma":1.5,"state":"IDLE","t":"2026-07-16T11:46:57.4292803Z","type":"sample"}
{"channel":"gsr","display":3627,"mu":0,"quality":"OK","raw":3627,"sigma":10,"state":"IDLE","t":"2026-07-16T11:46:57.4641927Z","type":"sample"}
{"channel":"rr","display":21.75489485134155,"mu":0,"quality":"OUT_OF_RANGE","raw":1141.9,"sigma":1.5,"state":"IDLE","t":"2026-07-16T11:46:57.4697633Z","type":"sample"}
{"channel":"hr","display":0,"mu":0,"quality":"OUT_OF_RANGE","raw":69,"sigma":3,"state":"IDLE","t":"2026-07-16T11:46:57.4703999Z","type":"sample"}
{"channel":"rr","display":21.75489485134155,"mu":0,"quality":"OUT_OF_RANGE","raw":1140.6,"sigma":1.5,"state":"IDLE","t":"2026-07-16T11:46:57.5090144Z","type":"sample"}
{"channel":"rr","display":21.75489485134155,"mu":0,"quality":"OUT_OF_RANGE","raw":1138.5,"sigma":1.5,"state":"IDLE","t":"2026-07-16T11:46:57.5492051Z","type":"sample"}
{"channel":"gsr","display":3630.6,"mu":0,"quality":"OK","raw":3630.6,"sigma":10,"state":"IDLE","t":"2026-07-16T11:46:57.5647053Z","type":"sample"}
{"channel":"rr","display":21.75489485134155,"mu":0,"quality":"OUT_OF_RANGE","raw":1140.9,"sigma":1.5,"state":"IDLE","t":"2026-07-16T11:46:57.589441Z","type":"sample"}
{"channel":"rr","display":21.75489485134155,"mu":0,"quality":"OUT_OF_RANGE","raw":1139.4,"sigma":1.5,"state":"IDLE","t":"2026-07-16T11:46:57.6291086Z","type":"sample"}
{"channel":"gsr","display":3631.4,"mu":0,"quality":"OK","raw":3631.4,"sigma":10,"state":"IDLE","t":"2026-07-16T11:46:57.6646033Z","type":"sample"}
{"channel":"rr","display":21.75489485134155,"mu":0,"quality":"OUT_OF_RANGE","raw":1140.9,"sigma":1.5,"state":"IDLE","t":"2026-07-16T11:46:57.6694367Z","type":"sample"}
{"channel":"rr","display":21.75489485134155,"mu":0,"quality":"OUT_OF_RANGE","raw":1138.9,"sigma":1.5,"state":"IDLE","t":"2026-07-16T11:46:57.7091188Z","type":"sample"}
{"address":"/cue/g1/start","args":null,"channel":"system","dir":"out","t":"2026-07-16T11:46:57.7390111Z","type":"osc"}
{"channel":"rr","display":21.75489485134155,"mu":0,"quality":"OUT_OF_RANGE","raw":1140.1,"sigma":1.5,"state":"IDLE","t":"2026-07-16T11:46:57.7493437Z","type":"sample"}
{"channel":"gsr","display":3632.8,"mu":0,"quality":"OK","raw":3632.8,"sigma":10,"state":"IDLE","t":"2026-07-16T11:46:57.7638553Z","type":"sample"}
{"channel":"rr","display":21.75489485134155,"mu":0,"quality":"OUT_OF_RANGE","raw":1140.5,"sigma":1.5,"state":"IDLE","t":"2026-07-16T11:46:57.7895463Z","type":"sample"}
{"channel":"rr","display":21.75489485134155,"mu":0,"quality":"OUT_OF_RANGE","raw":1140.7,"sigma":1.5,"state":"IDLE","t":"2026-07-16T11:46:57.8293348Z","type":"sample"}
{"channel":"gsr","display":3633.6,"mu":0,"quality":"OK","raw":3633.6,"sigma":10,"state":"IDLE","t":"2026-07-16T11:46:57.8650641Z","type":"sample"}
{"channel":"rr","display":21.75489485134155,"mu":0,"quality":"OUT_OF_RANGE","raw":1140.2,"sigma":1.5,"state":"IDLE","t":"2026-07-16T11:46:57.8694143Z","type":"sample"}
{"channel":"rr","display":21.75489485134155,"mu":0,"quality":"OUT_OF_RANGE","raw":1140.9,"sigma":1.5,"state":"IDLE","t":"2026-07-16T11:46:57.9096058Z","type":"sample"}
{"channel":"rr","display":21.75489485134155,"mu":0,"quality":"OUT_OF_RANGE","raw":1139.1,"sigma":1.5,"state":"IDLE","t":"2026-07-16T11:46:57.9494459Z","type":"sample"}
{"channel":"gsr","display":3636.7,"mu":0,"quality":"OK","raw":3636.7,"sigma":10,"state":"IDLE","t":"2026-07-16T11:46:57.9647202Z","type":"sample"}
{"channel":"hr","display":0,"mu":0,"quality":"OUT_OF_RANGE","raw":69,"sigma":3,"state":"IDLE","t":"2026-07-16T11:46:57.9691891Z","type":"sample"}
{"channel":"rr","display":21.75489485134155,"mu":0,"quality":"OUT_OF_RANGE","raw":1140.2,"sigma":1.5,"state":"IDLE","t":"2026-07-16T11:46:57.9892052Z","type":"sample"}
{"channel":"rr","display":21.75489485134155,"mu":0,"quality":"OUT_OF_RANGE","raw":1138.9,"sigma":1.5,"state":"IDLE","t":"2026-07-16T11:46:58.0294013Z","type":"sample"}
{"channel":"gsr","display":3641.4,"mu":0,"quality":"OK","raw":3641.4,"sigma":10,"state":"IDLE","t":"2026-07-16T11:46:58.0647422Z","type":"sample"}
{"channel":"rr","display":21.75489485134155,"mu":0,"quality":"OUT_OF_RANGE","raw":1140.8,"sigma":1.5,"state":"IDLE","t":"2026-07-16T11:46:58.0694141Z","type":"sample"}
{"channel":"rr","display":21.75489485134155,"mu":0,"quality":"OUT_OF_RANGE","raw":1140.2,"sigma":1.5,"state":"IDLE","t":"2026-07-16T11:46:58.1092679Z","type":"sample"}
{"channel":"rr","display":21.75489485134155,"mu":0,"quality":"OUT_OF_RANGE","raw":1137.9,"sigma":1.5,"state":"IDLE","t":"2026-07-16T11:46:58.1493266Z","type":"sample"}
{"channel":"gsr","display":3644.5,"mu":0,"quality":"OK","raw":3644.5,"sigma":10,"state":"IDLE","t":"2026-07-16T11:46:58.1646735Z","type":"sample"}
{"channel":"rr","display":21.75489485134155,"mu":0,"quality":"OUT_OF_RANGE","raw":1139.3,"sigma":1.5,"state":"IDLE","t":"2026-07-16T11:46:58.1894145Z","type":"sample"}
{"channel":"rr","display":21.75489485134155,"mu":0,"quality":"OUT_OF_RANGE","raw":1139.4,"sigma":1.5,"state":"IDLE","t":"2026-07-16T11:46:58.229486Z","type":"sample"}
{"channel":"gsr","display":3647.1,"mu":0,"quality":"OK","raw":3647.1,"sigma":10,"state":"IDLE","t":"2026-07-16T11:46:58.264796Z","type":"sample"}
{"channel":"rr","display":21.75489485134155,"mu":0,"quality":"OUT_OF_RANGE","raw":1140.2,"sigma":1.5,"state":"IDLE","t":"2026-07-16T11:46:58.2692552Z","type":"sample"}
{"channel":"rr","display":21.75489485134155,"mu":0,"quality":"OUT_OF_RANGE","raw":1140.8,"sigma":1.5,"state":"IDLE","t":"2026-07-16T11:46:58.3091198Z","type":"sample"}
{"channel":"rr","display":21.75489485134155,"mu":0,"quality":"OUT_OF_RANGE","raw":1140.6,"sigma":1.5,"state":"IDLE","t":"2026-07-16T11:46:58.3495427Z","type":"sample"}
{"address":"/cue/p/start","args":null,"channel":"system","dir":"out","t":"2026-07-16T11:46:58.3512323Z","type":"osc"}
{"channel":"gsr","display":3647.3,"mu":0,"quality":"OK","raw":3647.3,"sigma":10,"state":"IDLE","t":"2026-07-16T11:46:58.3646329Z","type":"sample"}
{"channel":"rr","display":21.75489485134155,"mu":0,"quality":"OUT_OF_RANGE","raw":1139.1,"sigma":1.5,"state":"IDLE","t":"2026-07-16T11:46:58.3893285Z","type":"sample"}
{"channel":"rr","display":21.75489485134155,"mu":0,"quality":"OUT_OF_RANGE","raw":1140.1,"sigma":1.5,"state":"IDLE","t":"2026-07-16T11:46:58.4293978Z","type":"sample"}
{"channel":"gsr","display":3650.7,"mu":0,"quality":"OK","raw":3650.7,"sigma":10,"state":"IDLE","t":"2026-07-16T11:46:58.4650591Z","type":"sample"}
{"channel":"rr","display":21.75489485134155,"mu":0,"quality":"OUT_OF_RANGE","raw":1140.5,"sigma":1.5,"state":"IDLE","t":"2026-07-16T11:46:58.469209Z","type":"sample"}
{"channel":"hr","display":0,"mu":0,"quality":"OUT_OF_RANGE","raw":69,"sigma":3,"state":"IDLE","t":"2026-07-16T11:46:58.469209Z","type":"sample"}
{"channel":"rr","display":21.75489485134155,"mu":0,"quality":"OUT_OF_RANGE","raw":1140,"sigma":1.5,"state":"IDLE","t":"2026-07-16T11:46:58.5092496Z","type":"sample"}
{"channel":"rr","display":21.75489485134155,"mu":0,"quality":"OUT_OF_RANGE","raw":1139.8,"sigma":1.5,"state":"IDLE","t":"2026-07-16T11:46:58.5493233Z","type":"sample"}
{"channel":"gsr","display":3651.8,"mu":0,"quality":"OK","raw":3651.8,"sigma":10,"state":"IDLE","t":"2026-07-16T11:46:58.5650002Z","type":"sample"}
{"channel":"rr","display":21.75489485134155,"mu":0,"quality":"OUT_OF_RANGE","raw":1139.1,"sigma":1.5,"state":"IDLE","t":"2026-07-16T11:46:58.5892919Z","type":"sample"}
{"channel":"rr","display":21.75489485134155,"mu":0,"quality":"OUT_OF_RANGE","raw":1138.9,"sigma":1.5,"state":"IDLE","t":"2026-07-16T11:46:58.6295623Z","type":"sample"}
{"channel":"gsr","display":3654.7,"mu":0,"quality":"OK","raw":3654.7,"sigma":10,"state":"IDLE","t":"2026-07-16T11:46:58.6642988Z","type":"sample"}
{"channel":"rr","display":21.75489485134155,"mu":0,"quality":"OUT_OF_RANGE","raw":1138.4,"sigma":1.5,"state":"IDLE","t":"2026-07-16T11:46:58.6695382Z","type":"sample"}
{"channel":"rr","display":21.75489485134155,"mu":0,"quality":"OUT_OF_RANGE","raw":1138.6,"sigma":1.5,"state":"IDLE","t":"2026-07-16T11:46:58.7095907Z","type":"sample"}
{"address":"/cue/g1/start","args":null,"channel":"system","dir":"out","t":"2026-07-16T11:46:58.7425897Z","type":"osc"}
{"channel":"rr","display":24.706609017912292,"mu":0,"quality":"OUT_OF_RANGE","raw":1141.8,"sigma":1.5,"state":"IDLE","t":"2026-07-16T11:46:58.7496065Z","type":"sample"}
{"channel":"gsr","display":3655.9,"mu":0,"quality":"OK","raw":3655.9,"sigma":10,"state":"IDLE","t":"2026-07-16T11:46:58.7648836Z","type":"sample"}
{"channel":"rr","display":24.706609017912292,"mu":0,"quality":"OUT_OF_RANGE","raw":1138.9,"sigma":1.5,"state":"IDLE","t":"2026-07-16T11:46:58.7891265Z","type":"sample"}
{"channel":"rr","display":24.706609017912292,"mu":0,"quality":"OUT_OF_RANGE","raw":1140.4,"sigma":1.5,"state":"IDLE","t":"2026-07-16T11:46:58.8290985Z","type":"sample"}
{"channel":"gsr","display":3658.4,"mu":0,"quality":"OK","raw":3658.4,"sigma":10,"state":"IDLE","t":"2026-07-16T11:46:58.8647631Z","type":"sample"}
{"channel":"rr","display":24.706609017912292,"mu":0,"quality":"OUT_OF_RANGE","raw":1139.6,"sigma":1.5,"state":"IDLE","t":"2026-07-16T11:46:58.8695886Z","type":"sample"}
{"channel":"rr","display":24.706609017912292,"mu":0,"quality":"OUT_OF_RANGE","raw":1139.7,"sigma":1.5,"state":"IDLE","t":"2026-07-16T11:46:58.9090577Z","type":"sample"}
{"channel":"rr","display":24.706609017912292,"mu":0,"quality":"OUT_OF_RANGE","raw":1139.6,"sigma":1.5,"state":"IDLE","t":"2026-07-16T11:46:58.9500296Z","type":"sample"}
{"channel":"gsr","display":3662.6,"mu":0,"quality":"OK","raw":3662.6,"sigma":10,"state":"IDLE","t":"2026-07-16T11:46:58.9649561Z","type":"sample"}
{"channel":"hr","display":0,"mu":0,"quality":"OUT_OF_RANGE","raw":69,"sigma":3,"state":"IDLE","t":"2026-07-16T11:46:58.9714898Z","type":"sample"}
{"channel":"rr","display":24.706609017912292,"mu":0,"quality":"OUT_OF_RANGE","raw":1139.8,"sigma":1.5,"state":"IDLE","t":"2026-07-16T11:46:58.9891523Z","type":"sample"}
{"channel":"rr","display":24.706609017912292,"mu":0,"quality":"OUT_OF_RANGE","raw":1140.2,"sigma":1.5,"state":"IDLE","t":"2026-07-16T11:46:59.0292211Z","type":"sample"}
{"channel":"gsr","display":3658.8,"mu":0,"quality":"OK","raw":3658.8,"sigma":10,"state":"IDLE","t":"2026-07-16T11:46:59.0649957Z","type":"sample"}
{"channel":"rr","display":24.706609017912292,"mu":0,"quality":"OUT_OF_RANGE","raw":1139.9,"sigma":1.5,"state":"IDLE","t":"2026-07-16T11:46:59.0693582Z","type":"sample"}
{"channel":"rr","display":24.706609017912292,"mu":0,"quality":"OUT_OF_RANGE","raw":1139.4,"sigma":1.5,"state":"IDLE","t":"2026-07-16T11:46:59.1095269Z","type":"sample"}
{"channel":"rr","display":24.706609017912292,"mu":0,"quality":"OUT_OF_RANGE","raw":1139.8,"sigma":1.5,"state":"IDLE","t":"2026-07-16T11:46:59.1493595Z","type":"sample"}
{"channel":"gsr","display":3665,"mu":0,"quality":"OK","raw":3665,"sigma":10,"state":"IDLE","t":"2026-07-16T11:46:59.1645461Z","type":"sample"}
{"channel":"rr","display":24.706609017912292,"mu":0,"quality":"OUT_OF_RANGE","raw":1139.7,"sigma":1.5,"state":"IDLE","t":"2026-07-16T11:46:59.1893818Z","type":"sample"}
{"channel":"rr","display":24.706609017912292,"mu":0,"quality":"OUT_OF_RANGE","raw":1140.1,"sigma":1.5,"state":"IDLE","t":"2026-07-16T11:46:59.2291037Z","type":"sample"}
{"channel":"gsr","display":3667.7,"mu":0,"quality":"OK","raw":3667.7,"sigma":10,"state":"IDLE","t":"2026-07-16T11:46:59.2649625Z","type":"sample"}
{"channel":"rr","display":24.706609017912292,"mu":0,"quality":"OUT_OF_RANGE","raw":1139.4,"sigma":1.5,"state":"IDLE","t":"2026-07-16T11:46:59.2693934Z","type":"sample"}
{"channel":"rr","display":24.706609017912292,"mu":0,"quality":"OUT_OF_RANGE","raw":1140.1,"sigma":1.5,"state":"IDLE","t":"2026-07-16T11:46:59.3093518Z","type":"sample"}
{"channel":"rr","display":24.706609017912292,"mu":0,"quality":"OUT_OF_RANGE","raw":1139.6,"sigma":1.5,"state":"IDLE","t":"2026-07-16T11:46:59.3495921Z","type":"sample"}
{"address":"/cue/p/start","args":null,"channel":"system","dir":"out","t":"2026-07-16T11:46:59.3506277Z","type":"osc"}
{"channel":"gsr","display":3671.2,"mu":0,"quality":"OK","raw":3671.2,"sigma":10,"state":"IDLE","t":"2026-07-16T11:46:59.364433Z","type":"sample"}
{"channel":"rr","display":24.706609017912292,"mu":0,"quality":"OUT_OF_RANGE","raw":1138.4,"sigma":1.5,"state":"IDLE","t":"2026-07-16T11:46:59.3893508Z","type":"sample"}
{"channel":"rr","display":24.706609017912292,"mu":0,"quality":"OUT_OF_RANGE","raw":1140.2,"sigma":1.5,"state":"IDLE","t":"2026-07-16T11:46:59.4294656Z","type":"sample"}
{"channel":"gsr","display":3672.7,"mu":0,"quality":"OK","raw":3672.7,"sigma":10,"state":"IDLE","t":"2026-07-16T11:46:59.4648852Z","type":"sample"}
{"channel":"rr","display":24.706609017912292,"mu":0,"quality":"OUT_OF_RANGE","raw":1140.2,"sigma":1.5,"state":"IDLE","t":"2026-07-16T11:46:59.4695397Z","type":"sample"}
{"channel":"hr","display":0,"mu":0,"quality":"OUT_OF_RANGE","raw":69,"sigma":3,"state":"IDLE","t":"2026-07-16T11:46:59.4700587Z","type":"sample"}
{"channel":"rr","display":24.706609017912292,"mu":0,"quality":"OUT_OF_RANGE","raw":1140.1,"sigma":1.5,"state":"IDLE","t":"2026-07-16T11:46:59.5096793Z","type":"sample"}
{"channel":"rr","display":24.706609017912292,"mu":0,"quality":"OUT_OF_RANGE","raw":1138.6,"sigma":1.5,"state":"IDLE","t":"2026-07-16T11:46:59.5495171Z","type":"sample"}
{"channel":"gsr","display":3673.9,"mu":0,"quality":"OK","raw":3673.9,"sigma":10,"state":"IDLE","t":"2026-07-16T11:46:59.5648497Z","type":"sample"}
{"channel":"rr","display":24.706609017912292,"mu":0,"quality":"OUT_OF_RANGE","raw":1139.7,"sigma":1.5,"state":"IDLE","t":"2026-07-16T11:46:59.5894851Z","type":"sample"}
{"channel":"rr","display":24.706609017912292,"mu":0,"quality":"OUT_OF_RANGE","raw":1139.4,"sigma":1.5,"state":"IDLE","t":"2026-07-16T11:46:59.6291443Z","type":"sample"}
{"channel":"gsr","display":3678.6,"mu":0,"quality":"OK","raw":3678.6,"sigma":10,"state":"IDLE","t":"2026-07-16T11:46:59.6646988Z","type":"sample"}
{"channel":"rr","display":24.706609017912292,"mu":0,"quality":"OUT_OF_RANGE","raw":1139.7,"sigma":1.5,"state":"IDLE","t":"2026-07-16T11:46:59.6693938Z","type":"sample"}
{"channel":"rr","display":24.706609017912292,"mu":0,"quality":"OUT_OF_RANGE","raw":1140.8,"sigma":1.5,"state":"IDLE","t":"2026-07-16T11:46:59.7091656Z","type":"sample"}
{"channel":"rr","display":24.706609017912292,"mu":0,"quality":"OUT_OF_RANGE","raw":1139.8,"sigma":1.5,"state":"IDLE","t":"2026-07-16T11:46:59.7494631Z","type":"sample"}
{"address":"/cue/g1/start","args":null,"channel":"system","dir":"out","t":"2026-07-16T11:46:59.754124Z","type":"osc"}
{"channel":"gsr","display":3676.9,"mu":0,"quality":"OK","raw":3676.9,"sigma":10,"state":"IDLE","t":"2026-07-16T11:46:59.7643156Z","type":"sample"}
{"channel":"rr","display":24.706609017912292,"mu":0,"quality":"OUT_OF_RANGE","raw":1140.2,"sigma":1.5,"state":"IDLE","t":"2026-07-16T11:46:59.7892186Z","type":"sample"}
{"channel":"rr","display":24.706609017912292,"mu":0,"quality":"OUT_OF_RANGE","raw":1139.4,"sigma":1.5,"state":"IDLE","t":"2026-07-16T11:46:59.8293138Z","type":"sample"}
{"channel":"gsr","display":3682.5,"mu":0,"quality":"OK","raw":3682.5,"sigma":10,"state":"IDLE","t":"2026-07-16T11:46:59.8643796Z","type":"sample"}
{"channel":"rr","display":24.706609017912292,"mu":0,"quality":"OUT_OF_RANGE","raw":1139.6,"sigma":1.5,"state":"IDLE","t":"2026-07-16T11:46:59.8693453Z","type":"sample"}
{"channel":"rr","display":24.706609017912292,"mu":0,"quality":"OUT_OF_RANGE","raw":1140.1,"sigma":1.5,"state":"IDLE","t":"2026-07-16T11:46:59.909258Z","type":"sample"}
{"channel":"rr","display":24.706609017912292,"mu":0,"quality":"OUT_OF_RANGE","raw":1139.6,"sigma":1.5,"state":"IDLE","t":"2026-07-16T11:46:59.9493685Z","type":"sample"}
{"channel":"gsr","display":3685.3,"mu":0,"quality":"OK","raw":3685.3,"sigma":10,"state":"IDLE","t":"2026-07-16T11:46:59.9644624Z","type":"sample"}
{"channel":"hr","display":0,"mu":0,"quality":"OUT_OF_RANGE","raw":69,"sigma":3,"state":"IDLE","t":"2026-07-16T11:46:59.9690843Z","type":"sample"}
{"channel":"rr","display":24.706609017912292,"mu":0,"quality":"OUT_OF_RANGE","raw":1139.2,"sigma":1.5,"state":"IDLE","t":"2026-07-16T11:46:59.9894493Z","type":"sample"}
{"channel":"rr","display":24.706609017912292,"mu":0,"quality":"OUT_OF_RANGE","raw":1140.3,"sigma":1.5,"state":"IDLE","t":"2026-07-16T11:47:00.0292103Z","type":"sample"}
{"channel":"gsr","display":3684.9,"mu":0,"quality":"OK","raw":3684.9,"sigma":10,"state":"IDLE","t":"2026-07-16T11:47:00.0644424Z","type":"sample"}
{"channel":"rr","display":27.188689505165847,"mu":0,"quality":"OUT_OF_RANGE","raw":1141.6,"sigma":1.5,"state":"IDLE","t":"2026-07-16T11:47:00.0693786Z","type":"sample"}
{"channel":"rr","display":27.188689505165847,"mu":0,"quality":"OUT_OF_RANGE","raw":1141.7,"sigma":1.5,"state":"IDLE","t":"2026-07-16T11:47:00.1094614Z","type":"sample"}
{"channel":"rr","display":27.188689505165847,"mu":0,"quality":"OUT_OF_RANGE","raw":1141.2,"sigma":1.5,"state":"IDLE","t":"2026-07-16T11:47:00.1494966Z","type":"sample"}
{"channel":"gsr","display":3689,"mu":0,"quality":"OK","raw":3689,"sigma":10,"state":"IDLE","t":"2026-07-16T11:47:00.1648209Z","type":"sample"}
{"channel":"rr","display":27.188689505165847,"mu":0,"quality":"OUT_OF_RANGE","raw":1138.9,"sigma":1.5,"state":"IDLE","t":"2026-07-16T11:47:00.1890513Z","type":"sample"}
{"channel":"rr","display":27.188689505165847,"mu":0,"quality":"OUT_OF_RANGE","raw":1142.1,"sigma":1.5,"state":"IDLE","t":"2026-07-16T11:47:00.2294433Z","type":"sample"}
{"channel":"gsr","display":3691.7,"mu":0,"quality":"OK","raw":3691.7,"sigma":10,"state":"IDLE","t":"2026-07-16T11:47:00.2644443Z","type":"sample"}
{"channel":"rr","display":27.188689505165847,"mu":0,"quality":"OUT_OF_RANGE","raw":1141.8,"sigma":1.5,"state":"IDLE","t":"2026-07-16T11:47:00.2694635Z","type":"sample"}
{"channel":"rr","display":27.188689505165847,"mu":0,"quality":"OUT_OF_RANGE","raw":1141.6,"sigma":1.5,"state":"IDLE","t":"2026-07-16T11:47:00.3090967Z","type":"sample"}
{"channel":"rr","display":27.188689505165847,"mu":0,"quality":"OUT_OF_RANGE","raw":1139.9,"sigma":1.5,"state":"IDLE","t":"2026-07-16T11:47:00.3494198Z","type":"sample"}
{"address":"/cue/p/start","args":null,"channel":"system","dir":"out","t":"2026-07-16T11:47:00.3508999Z","type":"osc"}
{"channel":"gsr","display":3696.1,"mu":0,"quality":"OK","raw":3696.1,"sigma":10,"state":"IDLE","t":"2026-07-16T11:47:00.3644511Z","type":"sample"}
{"channel":"rr","display":27.188689505165847,"mu":0,"quality":"OUT_OF_RANGE","raw":1141.1,"sigma":1.5,"state":"IDLE","t":"2026-07-16T11:47:00.3890862Z","type":"sample"}
{"channel":"rr","display":27.188689505165847,"mu":0,"quality":"OUT_OF_RANGE","raw":1141.9,"sigma":1.5,"state":"IDLE","t":"2026-07-16T11:47:00.4290175Z","type":"sample"}
{"channel":"gsr","display":3695.7,"mu":0,"quality":"OK","raw":3695.7,"sigma":10,"state":"IDLE","t":"2026-07-16T11:47:00.4644964Z","type":"sample"}
{"channel":"rr","display":27.188689505165847,"mu":0,"quality":"OUT_OF_RANGE","raw":1140.8,"sigma":1.5,"state":"IDLE","t":"2026-07-16T11:47:00.4699051Z","type":"sample"}
{"channel":"hr","display":0,"mu":0,"quality":"OUT_OF_RANGE","raw":69,"sigma":3,"state":"IDLE","t":"2026-07-16T11:47:00.4699051Z","type":"sample"}
{"channel":"rr","display":27.188689505165847,"mu":0,"quality":"OUT_OF_RANGE","raw":1140.6,"sigma":1.5,"state":"IDLE","t":"2026-07-16T11:47:00.50916Z","type":"sample"}
{"channel":"rr","display":27.188689505165847,"mu":0,"quality":"OUT_OF_RANGE","raw":1140.8,"sigma":1.5,"state":"IDLE","t":"2026-07-16T11:47:00.5490531Z","type":"sample"}
{"channel":"gsr","display":3702.2,"mu":0,"quality":"OK","raw":3702.2,"sigma":10,"state":"IDLE","t":"2026-07-16T11:47:00.5643931Z","type":"sample"}
{"channel":"rr","display":27.188689505165847,"mu":0,"quality":"OUT_OF_RANGE","raw":1140.1,"sigma":1.5,"state":"IDLE","t":"2026-07-16T11:47:00.5892328Z","type":"sample"}
{"channel":"rr","display":27.188689505165847,"mu":0,"quality":"OUT_OF_RANGE","raw":1139.1,"sigma":1.5,"state":"IDLE","t":"2026-07-16T11:47:00.6291904Z","type":"sample"}
{"channel":"gsr","display":3700.6,"mu":0,"quality":"OK","raw":3700.6,"sigma":10,"state":"IDLE","t":"2026-07-16T11:47:00.6645143Z","type":"sample"}
{"channel":"rr","display":27.188689505165847,"mu":0,"quality":"OUT_OF_RANGE","raw":1141.2,"sigma":1.5,"state":"IDLE","t":"2026-07-16T11:47:00.669597Z","type":"sample"}
{"channel":"rr","display":27.188689505165847,"mu":0,"quality":"OUT_OF_RANGE","raw":1140.6,"sigma":1.5,"state":"IDLE","t":"2026-07-16T11:47:00.7093731Z","type":"sample"}
{"channel":"rr","display":27.188689505165847,"mu":0,"quality":"OUT_OF_RANGE","raw":1140.4,"sigma":1.5,"state":"IDLE","t":"2026-07-16T11:47:00.7495665Z","type":"sample"}
{"address":"/cue/g1/start","args":null,"channel":"system","dir":"out","t":"2026-07-16T11:47:00.7587777Z","type":"osc"}
{"channel":"gsr","display":3703,"mu":0,"quality":"OK","raw":3703,"sigma":10,"state":"IDLE","t":"2026-07-16T11:47:00.764496Z","type":"sample"}
{"channel":"rr","display":27.188689505165847,"mu":0,"quality":"OUT_OF_RANGE","raw":1140.2,"sigma":1.5,"state":"IDLE","t":"2026-07-16T11:47:00.7892425Z","type":"sample"}
{"channel":"rr","display":27.188689505165847,"mu":0,"quality":"OUT_OF_RANGE","raw":1140.8,"sigma":1.5,"state":"IDLE","t":"2026-07-16T11:47:00.8291193Z","type":"sample"}
{"channel":"gsr","display":3706.9,"mu":0,"quality":"OK","raw":3706.9,"sigma":10,"state":"IDLE","t":"2026-07-16T11:47:00.8646803Z","type":"sample"}
{"channel":"rr","display":27.188689505165847,"mu":0,"quality":"OUT_OF_RANGE","raw":1140.4,"sigma":1.5,"state":"IDLE","t":"2026-07-16T11:47:00.869463Z","type":"sample"}
{"channel":"rr","display":27.188689505165847,"mu":0,"quality":"OUT_OF_RANGE","raw":1140.1,"sigma":1.5,"state":"IDLE","t":"2026-07-16T11:47:00.9091569Z","type":"sample"}
{"channel":"rr","display":27.188689505165847,"mu":0,"quality":"OUT_OF_RANGE","raw":1141.1,"sigma":1.5,"state":"IDLE","t":"2026-07-16T11:47:00.949628Z","type":"sample"}
{"channel":"gsr","display":3713.3,"mu":0,"quality":"OK","raw":3713.3,"sigma":10,"state":"IDLE","t":"2026-07-16T11:47:00.9645987Z","type":"sample"}
{"channel":"hr","display":0,"mu":0,"quality":"OUT_OF_RANGE","raw":69,"sigma":3,"state":"IDLE","t":"2026-07-16T11:47:00.9691766Z","type":"sample"}
{"channel":"rr","display":27.188689505165847,"mu":0,"quality":"OUT_OF_RANGE","raw":1139.8,"sigma":1.5,"state":"IDLE","t":"2026-07-16T11:47:00.9896459Z","type":"sample"}
{"channel":"rr","display":27.188689505165847,"mu":0,"quality":"OUT_OF_RANGE","raw":1140,"sigma":1.5,"state":"IDLE","t":"2026-07-16T11:47:01.0294931Z","type":"sample"}
{"channel":"gsr","display":3711,"mu":0,"quality":"OK","raw":3711,"sigma":10,"state":"IDLE","t":"2026-07-16T11:47:01.0646745Z","type":"sample"}
{"channel":"rr","display":27.188689505165847,"mu":0,"quality":"OUT_OF_RANGE","raw":1140.8,"sigma":1.5,"state":"IDLE","t":"2026-07-16T11:47:01.069592Z","type":"sample"}
{"channel":"rr","display":27.188689505165847,"mu":0,"quality":"OUT_OF_RANGE","raw":1140.3,"sigma":1.5,"state":"IDLE","t":"2026-07-16T11:47:01.1092768Z","type":"sample"}
{"channel":"rr","display":28.08725774740193,"mu":0,"quality":"OUT_OF_RANGE","raw":1141.6,"sigma":1.5,"state":"IDLE","t":"2026-07-16T11:47:01.147971Z","type":"sample"}
{"channel":"gsr","display":3713.2,"mu":0,"quality":"OK","raw":3713.2,"sigma":10,"state":"IDLE","t":"2026-07-16T11:47:01.1645948Z","type":"sample"}
{"channel":"rr","display":28.08725774740193,"mu":0,"quality":"OUT_OF_RANGE","raw":1139.5,"sigma":1.5,"state":"IDLE","t":"2026-07-16T11:47:01.1896026Z","type":"sample"}
{"channel":"rr","display":28.08725774740193,"mu":0,"quality":"OUT_OF_RANGE","raw":1137.9,"sigma":1.5,"state":"IDLE","t":"2026-07-16T11:47:01.2296843Z","type":"sample"}
{"channel":"gsr","display":3718.6,"mu":0,"quality":"OK","raw":3718.6,"sigma":10,"state":"IDLE","t":"2026-07-16T11:47:01.2646058Z","type":"sample"}
{"channel":"rr","display":28.08725774740193,"mu":0,"quality":"OUT_OF_RANGE","raw":1139.8,"sigma":1.5,"state":"IDLE","t":"2026-07-16T11:47:01.2692355Z","type":"sample"}
{"channel":"rr","display":28.08725774740193,"mu":0,"quality":"OUT_OF_RANGE","raw":1140.1,"sigma":1.5,"state":"IDLE","t":"2026-07-16T11:47:01.3094176Z","type":"sample"}
{"channel":"rr","display":28.08725774740193,"mu":0,"quality":"OUT_OF_RANGE","raw":1141.4,"sigma":1.5,"state":"IDLE","t":"2026-07-16T11:47:01.3493551Z","type":"sample"}
{"address":"/cue/p/start","args":null,"channel":"system","dir":"out","t":"2026-07-16T11:47:01.3504918Z","type":"osc"}
{"channel":"gsr","display":3721.3,"mu":0,"quality":"OK","raw":3721.3,"sigma":10,"state":"IDLE","t":"2026-07-16T11:47:01.3647312Z","type":"sample"}
{"channel":"rr","display":28.08725774740193,"mu":0,"quality":"OUT_OF_RANGE","raw":1140.4,"sigma":1.5,"state":"IDLE","t":"2026-07-16T11:47:01.3869819Z","type":"sample"}
{"channel":"rr","display":28.08725774740193,"mu":0,"quality":"OUT_OF_RANGE","raw":1140.7,"sigma":1.5,"state":"IDLE","t":"2026-07-16T11:47:01.4290665Z","type":"sample"}
{"channel":"gsr","display":3722.8,"mu":0,"quality":"OK","raw":3722.8,"sigma":10,"state":"IDLE","t":"2026-07-16T11:47:01.4646899Z","type":"sample"}
{"channel":"rr","display":28.08725774740193,"mu":0,"quality":"OUT_OF_RANGE","raw":1140.3,"sigma":1.5,"state":"IDLE","t":"2026-07-16T11:47:01.4693745Z","type":"sample"}
{"channel":"hr","display":0,"mu":0,"quality":"OUT_OF_RANGE","raw":70,"sigma":3,"state":"IDLE","t":"2026-07-16T11:47:01.4698993Z","type":"sample"}
{"channel":"rr","display":28.08725774740193,"mu":0,"quality":"OUT_OF_RANGE","raw":1140,"sigma":1.5,"state":"IDLE","t":"2026-07-16T11:47:01.5096255Z","type":"sample"}
{"channel":"rr","display":28.08725774740193,"mu":0,"quality":"OUT_OF_RANGE","raw":1141.2,"sigma":1.5,"state":"IDLE","t":"2026-07-16T11:47:01.5491533Z","type":"sample"}
{"channel":"gsr","display":3726.6,"mu":0,"quality":"OK","raw":3726.6,"sigma":10,"state":"IDLE","t":"2026-07-16T11:47:01.5646676Z","type":"sample"}
{"channel":"rr","display":28.08725774740193,"mu":0,"quality":"OUT_OF_RANGE","raw":1140,"sigma":1.5,"state":"IDLE","t":"2026-07-16T11:47:01.5894809Z","type":"sample"}
{"channel":"rr","display":28.08725774740193,"mu":0,"quality":"OUT_OF_RANGE","raw":1140,"sigma":1.5,"state":"IDLE","t":"2026-07-16T11:47:01.6290219Z","type":"sample"}
{"channel":"gsr","display":3726.7,"mu":0,"quality":"OK","raw":3726.7,"sigma":10,"state":"IDLE","t":"2026-07-16T11:47:01.6646151Z","type":"sample"}
{"channel":"rr","display":28.08725774740193,"mu":0,"quality":"OUT_OF_RANGE","raw":1140.4,"sigma":1.5,"state":"IDLE","t":"2026-07-16T11:47:01.6695484Z","type":"sample"}
{"channel":"rr","display":28.08725774740193,"mu":0,"quality":"OUT_OF_RANGE","raw":1139.8,"sigma":1.5,"state":"IDLE","t":"2026-07-16T11:47:01.7091989Z","type":"sample"}
{"channel":"rr","display":28.08725774740193,"mu":0,"quality":"OUT_OF_RANGE","raw":1139.8,"sigma":1.5,"state":"IDLE","t":"2026-07-16T11:47:01.7492291Z","type":"sample"}
{"address":"/cue/g1/start","args":null,"channel":"system","dir":"out","t":"2026-07-16T11:47:01.7621874Z","type":"osc"}
{"channel":"gsr","display":3731.7,"mu":0,"quality":"OK","raw":3731.7,"sigma":10,"state":"IDLE","t":"2026-07-16T11:47:01.764773Z","type":"sample"}
{"channel":"rr","display":28.08725774740193,"mu":0,"quality":"OUT_OF_RANGE","raw":1141,"sigma":1.5,"state":"IDLE","t":"2026-07-16T11:47:01.789034Z","type":"sample"}
{"channel":"rr","display":28.08725774740193,"mu":0,"quality":"OUT_OF_RANGE","raw":1141.7,"sigma":1.5,"state":"IDLE","t":"2026-07-16T11:47:01.8292223Z","type":"sample"}
{"channel":"gsr","display":3731.8,"mu":0,"quality":"OK","raw":3731.8,"sigma":10,"state":"IDLE","t":"2026-07-16T11:47:01.864827Z","type":"sample"}
{"channel":"rr","display":28.08725774740193,"mu":0,"quality":"OUT_OF_RANGE","raw":1141.4,"sigma":1.5,"state":"IDLE","t":"2026-07-16T11:47:01.8695094Z","type":"sample"}
{"channel":"rr","display":28.08725774740193,"mu":0,"quality":"OUT_OF_RANGE","raw":1139.8,"sigma":1.5,"state":"IDLE","t":"2026-07-16T11:47:01.9093612Z","type":"sample"}
{"channel":"rr","display":28.08725774740193,"mu":0,"quality":"OUT_OF_RANGE","raw":1139.4,"sigma":1.5,"state":"IDLE","t":"2026-07-16T11:47:01.9493825Z","type":"sample"}
{"channel":"gsr","display":3736.6,"mu":0,"quality":"OK","raw":3736.6,"sigma":10,"state":"IDLE","t":"2026-07-16T11:47:01.9648098Z","type":"sample"}
{"channel":"hr","display":0,"mu":0,"quality":"OUT_OF_RANGE","raw":70,"sigma":3,"state":"IDLE","t":"2026-07-16T11:47:01.9690118Z","type":"sample"}
{"channel":"rr","display":28.08725774740193,"mu":0,"quality":"OUT_OF_RANGE","raw":1141.7,"sigma":1.5,"state":"IDLE","t":"2026-07-16T11:47:01.9890354Z","type":"sample"}
{"channel":"rr","display":28.08725774740193,"mu":0,"quality":"OUT_OF_RANGE","raw":1140.6,"sigma":1.5,"state":"IDLE","t":"2026-07-16T11:47:02.0291026Z","type":"sample"}
{"channel":"gsr","display":3738.8,"mu":0,"quality":"OK","raw":3738.8,"sigma":10,"state":"IDLE","t":"2026-07-16T11:47:02.0647705Z","type":"sample"}
{"channel":"rr","display":28.08725774740193,"mu":0,"quality":"OUT_OF_RANGE","raw":1140.9,"sigma":1.5,"state":"IDLE","t":"2026-07-16T11:47:02.0693335Z","type":"sample"}
{"channel":"rr","display":28.08725774740193,"mu":0,"quality":"OUT_OF_RANGE","raw":1140.3,"sigma":1.5,"state":"IDLE","t":"2026-07-16T11:47:02.1088825Z","type":"sample"}
{"channel":"rr","display":28.08725774740193,"mu":0,"quality":"OUT_OF_RANGE","raw":1140.6,"sigma":1.5,"state":"IDLE","t":"2026-07-16T11:47:02.1490661Z","type":"sample"}
{"channel":"gsr","display":3740.4,"mu":0,"quality":"OK","raw":3740.4,"sigma":10,"state":"IDLE","t":"2026-07-16T11:47:02.1650264Z","type":"sample"}
{"channel":"rr","display":28.08725774740193,"mu":0,"quality":"OUT_OF_RANGE","raw":1140,"sigma":1.5,"state":"IDLE","t":"2026-07-16T11:47:02.1895369Z","type":"sample"}
{"channel":"rr","display":28.08725774740193,"mu":0,"quality":"OUT_OF_RANGE","raw":1141.3,"sigma":1.5,"state":"IDLE","t":"2026-07-16T11:47:02.2290342Z","type":"sample"}
{"channel":"gsr","display":3739,"mu":0,"quality":"OK","raw":3739,"sigma":10,"state":"IDLE","t":"2026-07-16T11:47:02.2654649Z","type":"sample"}
{"channel":"rr","display":28.08725774740193,"mu":0,"quality":"OUT_OF_RANGE","raw":1139.6,"sigma":1.5,"state":"IDLE","t":"2026-07-16T11:47:02.2697914Z","type":"sample"}
{"channel":"rr","display":28.08725774740193,"mu":0,"quality":"OUT_OF_RANGE","raw":1139.4,"sigma":1.5,"state":"IDLE","t":"2026-07-16T11:47:02.3090762Z","type":"sample"}
{"channel":"rr","display":28.08725774740193,"mu":0,"quality":"OUT_OF_RANGE","raw":1139.8,"sigma":1.5,"state":"IDLE","t":"2026-07-16T11:47:02.3495413Z","type":"sample"}
{"address":"/cue/p/start","args":null,"channel":"system","dir":"out","t":"2026-07-16T11:47:02.3512726Z","type":"osc"}
{"channel":"gsr","display":3746.4,"mu":0,"quality":"OK","raw":3746.4,"sigma":10,"state":"IDLE","t":"2026-07-16T11:47:02.364956Z","type":"sample"}
{"channel":"rr","display":28.08725774740193,"mu":0,"quality":"OUT_OF_RANGE","raw":1140.2,"sigma":1.5,"state":"IDLE","t":"2026-07-16T11:47:02.389681Z","type":"sample"}
{"channel":"rr","display":28.08725774740193,"mu":0,"quality":"OUT_OF_RANGE","raw":1140.1,"sigma":1.5,"state":"IDLE","t":"2026-07-16T11:47:02.4291958Z","type":"sample"}
{"channel":"gsr","display":3746,"mu":0,"quality":"OK","raw":3746,"sigma":10,"state":"IDLE","t":"2026-07-16T11:47:02.4645336Z","type":"sample"}
{"channel":"rr","display":28.08725774740193,"mu":0,"quality":"OUT_OF_RANGE","raw":1140.9,"sigma":1.5,"state":"IDLE","t":"2026-07-16T11:47:02.469285Z","type":"sample"}
{"channel":"hr","display":0,"mu":0,"quality":"OUT_OF_RANGE","raw":70,"sigma":3,"state":"IDLE","t":"2026-07-16T11:47:02.4698395Z","type":"sample"}
{"channel":"rr","display":28.08725774740193,"mu":0,"quality":"OUT_OF_RANGE","raw":1141.1,"sigma":1.5,"state":"IDLE","t":"2026-07-16T11:47:02.5093564Z","type":"sample"}
{"channel":"rr","display":35.71003451970004,"mu":0,"quality":"OUT_OF_RANGE","raw":1142,"sigma":1.5,"state":"IDLE","t":"2026-07-16T11:47:02.5495213Z","type":"sample"}
{"channel":"gsr","display":3749,"mu":0,"quality":"OK","raw":3749,"sigma":10,"state":"IDLE","t":"2026-07-16T11:47:02.5637957Z","type":"sample"}
{"channel":"rr","display":35.71003451970004,"mu":0,"quality":"OUT_OF_RANGE","raw":1141.5,"sigma":1.5,"state":"IDLE","t":"2026-07-16T11:47:02.5894609Z","type":"sample"}
{"channel":"rr","display":35.71003451970004,"mu":0,"quality":"OUT_OF_RANGE","raw":1141.7,"sigma":1.5,"state":"IDLE","t":"2026-07-16T11:47:02.6291501Z","type":"sample"}
{"channel":"gsr","display":3751.3,"mu":0,"quality":"OK","raw":3751.3,"sigma":10,"state":"IDLE","t":"2026-07-16T11:47:02.6646948Z","type":"sample"}
{"channel":"rr","display":35.71003451970004,"mu":0,"quality":"OUT_OF_RANGE","raw":1139.8,"sigma":1.5,"state":"IDLE","t":"2026-07-16T11:47:02.6696635Z","type":"sample"}
{"channel":"rr","display":35.71003451970004,"mu":0,"quality":"OUT_OF_RANGE","raw":1139.7,"sigma":1.5,"state":"IDLE","t":"2026-07-16T11:47:02.7091011Z","type":"sample"}
{"channel":"rr","display":35.71003451970004,"mu":0,"quality":"OUT_OF_RANGE","raw":1141.2,"sigma":1.5,"state":"IDLE","t":"2026-07-16T11:47:02.7494116Z","type":"sample"}
{"channel":"gsr","display":3751.3,"mu":0,"quality":"OK","raw":3751.3,"sigma":10,"state":"IDLE","t":"2026-07-16T11:47:02.764724Z","type":"sample"}
{"address":"/cue/g1/start","args":null,"channel":"system","dir":"out","t":"2026-07-16T11:47:02.7766966Z","type":"osc"}
{"channel":"rr","display":35.71003451970004,"mu":0,"quality":"OUT_OF_RANGE","raw":1141,"sigma":1.5,"state":"IDLE","t":"2026-07-16T11:47:02.7895106Z","type":"sample"}
{"channel":"rr","display":35.71003451970004,"mu":0,"quality":"OUT_OF_RANGE","raw":1141.6,"sigma":1.5,"state":"IDLE","t":"2026-07-16T11:47:02.8292379Z","type":"sample"}
{"channel":"gsr","display":3753.2,"mu":0,"quality":"OK","raw":3753.2,"sigma":10,"state":"IDLE","t":"2026-07-16T11:47:02.8651494Z","type":"sample"}
{"channel":"rr","display":35.71003451970004,"mu":0,"quality":"OUT_OF_RANGE","raw":1140.6,"sigma":1.5,"state":"IDLE","t":"2026-07-16T11:47:02.8693019Z","type":"sample"}
{"channel":"rr","display":35.71003451970004,"mu":0,"quality":"OUT_OF_RANGE","raw":1140.4,"sigma":1.5,"state":"IDLE","t":"2026-07-16T11:47:02.9094909Z","type":"sample"}
{"channel":"rr","display":35.71003451970004,"mu":0,"quality":"OUT_OF_RANGE","raw":1140.6,"sigma":1.5,"state":"IDLE","t":"2026-07-16T11:47:02.9491158Z","type":"sample"}
{"channel":"gsr","display":3750.7,"mu":0,"quality":"OK","raw":3750.7,"sigma":10,"state":"IDLE","t":"2026-07-16T11:47:02.9646899Z","type":"sample"}
{"channel":"hr","display":0,"mu":0,"quality":"OUT_OF_RANGE","raw":70,"sigma":3,"state":"IDLE","t":"2026-07-16T11:47:02.9691082Z","type":"sample"}
{"channel":"rr","display":35.71003451970004,"mu":0,"quality":"OUT_OF_RANGE","raw":1140.9,"sigma":1.5,"state":"IDLE","t":"2026-07-16T11:47:02.9893447Z","type":"sample"}
{"channel":"rr","display":35.71003451970004,"mu":0,"quality":"OUT_OF_RANGE","raw":1141.8,"sigma":1.5,"state":"IDLE","t":"2026-07-16T11:47:03.029418Z","type":"sample"}
{"channel":"gsr","display":3751.6,"mu":0,"quality":"OK","raw":3751.6,"sigma":10,"state":"IDLE","t":"2026-07-16T11:47:03.0648775Z","type":"sample"}
{"channel":"rr","display":35.71003451970004,"mu":0,"quality":"OUT_OF_RANGE","raw":1139.9,"sigma":1.5,"state":"IDLE","t":"2026-07-16T11:47:03.0698643Z","type":"sample"}
{"channel":"rr","display":35.71003451970004,"mu":0,"quality":"OUT_OF_RANGE","raw":1138.2,"sigma":1.5,"state":"IDLE","t":"2026-07-16T11:47:03.1092904Z","type":"sample"}
{"channel":"rr","display":35.71003451970004,"mu":0,"quality":"OUT_OF_RANGE","raw":1140.2,"sigma":1.5,"state":"IDLE","t":"2026-07-16T11:47:03.1492421Z","type":"sample"}
{"channel":"gsr","display":3753.5,"mu":0,"quality":"OK","raw":3753.5,"sigma":10,"state":"IDLE","t":"2026-07-16T11:47:03.1648642Z","type":"sample"}
{"channel":"rr","display":35.71003451970004,"mu":0,"quality":"OUT_OF_RANGE","raw":1140.6,"sigma":1.5,"state":"IDLE","t":"2026-07-16T11:47:03.1895879Z","type":"sample"}
{"channel":"rr","display":35.71003451970004,"mu":0,"quality":"OUT_OF_RANGE","raw":1140.6,"sigma":1.5,"state":"IDLE","t":"2026-07-16T11:47:03.2291713Z","type":"sample"}
{"channel":"gsr","display":3750.8,"mu":0,"quality":"OK","raw":3750.8,"sigma":10,"state":"IDLE","t":"2026-07-16T11:47:03.2647938Z","type":"sample"}
{"channel":"rr","display":35.71003451970004,"mu":0,"quality":"OUT_OF_RANGE","raw":1140.8,"sigma":1.5,"state":"IDLE","t":"2026-07-16T11:47:03.2694171Z","type":"sample"}
{"channel":"rr","display":35.71003451970004,"mu":0,"quality":"OUT_OF_RANGE","raw":1141.2,"sigma":1.5,"state":"IDLE","t":"2026-07-16T11:47:03.3090043Z","type":"sample"}
{"channel":"rr","display":35.71003451970004,"mu":0,"quality":"OUT_OF_RANGE","raw":1140.9,"sigma":1.5,"state":"IDLE","t":"2026-07-16T11:47:03.3493211Z","type":"sample"}
{"address":"/cue/p/start","args":null,"channel":"system","dir":"out","t":"2026-07-16T11:47:03.3508383Z","type":"osc"}
{"channel":"gsr","display":3746.6,"mu":0,"quality":"OK","raw":3746.6,"sigma":10,"state":"IDLE","t":"2026-07-16T11:47:03.3647713Z","type":"sample"}
{"channel":"rr","display":35.71003451970004,"mu":0,"quality":"OUT_OF_RANGE","raw":1140.9,"sigma":1.5,"state":"IDLE","t":"2026-07-16T11:47:03.3896409Z","type":"sample"}
{"channel":"rr","display":35.71003451970004,"mu":0,"quality":"OUT_OF_RANGE","raw":1140.5,"sigma":1.5,"state":"IDLE","t":"2026-07-16T11:47:03.4291166Z","type":"sample"}
{"channel":"gsr","display":3739.2,"mu":0,"quality":"OK","raw":3739.2,"sigma":10,"state":"IDLE","t":"2026-07-16T11:47:03.4647609Z","type":"sample"}
{"channel":"rr","display":35.71003451970004,"mu":0,"quality":"OUT_OF_RANGE","raw":1140.1,"sigma":1.5,"state":"IDLE","t":"2026-07-16T11:47:03.4692755Z","type":"sample"}
{"channel":"hr","display":0,"mu":0,"quality":"OUT_OF_RANGE","raw":70,"sigma":3,"state":"IDLE","t":"2026-07-16T11:47:03.469793Z","type":"sample"}
{"channel":"rr","display":35.71003451970004,"mu":0,"quality":"OUT_OF_RANGE","raw":1140.4,"sigma":1.5,"state":"IDLE","t":"2026-07-16T11:47:03.509246Z","type":"sample"}
{"channel":"rr","display":35.71003451970004,"mu":0,"quality":"OUT_OF_RANGE","raw":1141.4,"sigma":1.5,"state":"IDLE","t":"2026-07-16T11:47:03.5494175Z","type":"sample"}
{"channel":"gsr","display":3736.4,"mu":0,"quality":"OK","raw":3736.4,"sigma":10,"state":"IDLE","t":"2026-07-16T11:47:03.5649779Z","type":"sample"}
{"channel":"rr","display":35.71003451970004,"mu":0,"quality":"OUT_OF_RANGE","raw":1140.8,"sigma":1.5,"state":"IDLE","t":"2026-07-16T11:47:03.5895774Z","type":"sample"}
{"channel":"rr","display":35.71003451970004,"mu":0,"quality":"OUT_OF_RANGE","raw":1141.1,"sigma":1.5,"state":"IDLE","t":"2026-07-16T11:47:03.6294372Z","type":"sample"}
{"channel":"gsr","display":3728.9,"mu":0,"quality":"OK","raw":3728.9,"sigma":10,"state":"IDLE","t":"2026-07-16T11:47:03.6640696Z","type":"sample"}
{"channel":"rr","display":35.71003451970004,"mu":0,"quality":"OUT_OF_RANGE","raw":1141.2,"sigma":1.5,"state":"IDLE","t":"2026-07-16T11:47:03.6696018Z","type":"sample"}
{"channel":"rr","display":46.875,"mu":0,"quality":"OUT_OF_RANGE","raw":1141.9,"sigma":1.5,"state":"IDLE","t":"2026-07-16T11:47:03.7090861Z","type":"sample"}
{"channel":"rr","display":46.875,"mu":0,"quality":"OUT_OF_RANGE","raw":1141.9,"sigma":1.5,"state":"IDLE","t":"2026-07-16T11:47:03.7490528Z","type":"sample"}
{"channel":"gsr","display":3720.8,"mu":0,"quality":"OK","raw":3720.8,"sigma":10,"state":"IDLE","t":"2026-07-16T11:47:03.764652Z","type":"sample"}
{"channel":"rr","display":46.875,"mu":0,"quality":"OUT_OF_RANGE","raw":1141.4,"sigma":1.5,"state":"IDLE","t":"2026-07-16T11:47:03.7892226Z","type":"sample"}
{"address":"/cue/g1/start","args":null,"channel":"system","dir":"out","t":"2026-07-16T11:47:03.7966978Z","type":"osc"}
{"channel":"rr","display":46.875,"mu":0,"quality":"OUT_OF_RANGE","raw":1141.6,"sigma":1.5,"state":"IDLE","t":"2026-07-16T11:47:03.8292763Z","type":"sample"}
{"channel":"gsr","display":3714,"mu":0,"quality":"OK","raw":3714,"sigma":10,"state":"IDLE","t":"2026-07-16T11:47:03.8646722Z","type":"sample"}
{"channel":"rr","display":46.875,"mu":0,"quality":"OUT_OF_RANGE","raw":1140.3,"sigma":1.5,"state":"IDLE","t":"2026-07-16T11:47:03.8694628Z","type":"sample"}
{"channel":"rr","display":46.875,"mu":0,"quality":"OUT_OF_RANGE","raw":1140.3,"sigma":1.5,"state":"IDLE","t":"2026-07-16T11:47:03.9095782Z","type":"sample"}
{"channel":"rr","display":46.875,"mu":0,"quality":"OUT_OF_RANGE","raw":1139.4,"sigma":1.5,"state":"IDLE","t":"2026-07-16T11:47:03.9498143Z","type":"sample"}
{"channel":"gsr","display":3703.1,"mu":0,"quality":"OK","raw":3703.1,"sigma":10,"state":"IDLE","t":"2026-07-16T11:47:03.964872Z","type":"sample"}
{"channel":"hr","display":0,"mu":0,"quality":"OUT_OF_RANGE","raw":70,"sigma":3,"state":"IDLE","t":"2026-07-16T11:47:03.9695353Z","type":"sample"}
{"channel":"rr","display":46.875,"mu":0,"quality":"OUT_OF_RANGE","raw":1141.9,"sigma":1.5,"state":"IDLE","t":"2026-07-16T11:47:03.9892868Z","type":"sample"}
{"channel":"rr","display":46.875,"mu":0,"quality":"OUT_OF_RANGE","raw":1140.6,"sigma":1.5,"state":"IDLE","t":"2026-07-16T11:47:04.0295331Z","type":"sample"}
{"channel":"gsr","display":3696,"mu":0,"quality":"OK","raw":3696,"sigma":10,"state":"IDLE","t":"2026-07-16T11:47:04.0648317Z","type":"sample"}
{"channel":"rr","display":46.875,"mu":0,"quality":"OUT_OF_RANGE","raw":1140.6,"sigma":1.5,"state":"IDLE","t":"2026-07-16T11:47:04.0694895Z","type":"sample"}
{"channel":"rr","display":46.875,"mu":0,"quality":"OUT_OF_RANGE","raw":1141,"sigma":1.5,"state":"IDLE","t":"2026-07-16T11:47:04.1094893Z","type":"sample"}
{"channel":"rr","display":46.875,"mu":0,"quality":"OUT_OF_RANGE","raw":1141.1,"sigma":1.5,"state":"IDLE","t":"2026-07-16T11:47:04.1494981Z","type":"sample"}
{"channel":"gsr","display":3690.6,"mu":0,"quality":"OK","raw":3690.6,"sigma":10,"state":"IDLE","t":"2026-07-16T11:47:04.164663Z","type":"sample"}
{"channel":"rr","display":46.875,"mu":0,"quality":"OUT_OF_RANGE","raw":1141.6,"sigma":1.5,"state":"IDLE","t":"2026-07-16T11:47:04.1892444Z","type":"sample"}
{"channel":"rr","display":46.875,"mu":0,"quality":"OUT_OF_RANGE","raw":1142,"sigma":1.5,"state":"IDLE","t":"2026-07-16T11:47:04.2294305Z","type":"sample"}
{"channel":"gsr","display":3684.7,"mu":0,"quality":"OK","raw":3684.7,"sigma":10,"state":"IDLE","t":"2026-07-16T11:47:04.2641039Z","type":"sample"}
{"channel":"rr","display":46.875,"mu":0,"quality":"OUT_OF_RANGE","raw":1141,"sigma":1.5,"state":"IDLE","t":"2026-07-16T11:47:04.2696567Z","type":"sample"}
{"channel":"rr","display":46.875,"mu":0,"quality":"OUT_OF_RANGE","raw":1141.8,"sigma":1.5,"state":"IDLE","t":"2026-07-16T11:47:04.3098538Z","type":"sample"}
{"channel":"rr","display":46.875,"mu":0,"quality":"OUT_OF_RANGE","raw":1141.1,"sigma":1.5,"state":"IDLE","t":"2026-07-16T11:47:04.3493569Z","type":"sample"}
{"address":"/cue/p/start","args":null,"channel":"system","dir":"out","t":"2026-07-16T11:47:04.3523552Z","type":"osc"}
{"channel":"gsr","display":3677.3,"mu":0,"quality":"OK","raw":3677.3,"sigma":10,"state":"IDLE","t":"2026-07-16T11:47:04.364595Z","type":"sample"}
{"channel":"rr","display":46.875,"mu":0,"quality":"OUT_OF_RANGE","raw":1140.3,"sigma":1.5,"state":"IDLE","t":"2026-07-16T11:47:04.3894547Z","type":"sample"}
{"channel":"rr","display":46.875,"mu":0,"quality":"OUT_OF_RANGE","raw":1140.2,"sigma":1.5,"state":"IDLE","t":"2026-07-16T11:47:04.4293088Z","type":"sample"}
{"channel":"gsr","display":3674.2,"mu":0,"quality":"OK","raw":3674.2,"sigma":10,"state":"IDLE","t":"2026-07-16T11:47:04.4649298Z","type":"sample"}
{"channel":"rr","display":46.875,"mu":0,"quality":"OUT_OF_RANGE","raw":1141.1,"sigma":1.5,"state":"IDLE","t":"2026-07-16T11:47:04.4696609Z","type":"sample"}
{"channel":"hr","display":0,"mu":0,"quality":"OUT_OF_RANGE","raw":70,"sigma":3,"state":"IDLE","t":"2026-07-16T11:47:04.5648669Z","type":"sample"}
{"channel":"rr","display":46.875,"mu":0,"quality":"OUT_OF_RANGE","raw":1140.6,"sigma":1.5,"state":"IDLE","t":"2026-07-16T11:47:04.5700291Z","type":"sample"}
{"channel":"gsr","display":3652.4,"mu":0,"quality":"OK","raw":3652.4,"sigma":10,"state":"IDLE","t":"2026-07-16T11:47:04.5788658Z","type":"sample"}
{"channel":"rr","display":46.875,"mu":0,"quality":"OUT_OF_RANGE","raw":1140.7,"sigma":1.5,"state":"IDLE","t":"2026-07-16T11:47:04.6096166Z","type":"sample"}
{"channel":"rr","display":46.875,"mu":0,"quality":"OUT_OF_RANGE","raw":1140.2,"sigma":1.5,"state":"IDLE","t":"2026-07-16T11:47:04.6495348Z","type":"sample"}
{"channel":"gsr","display":3651.1,"mu":0,"quality":"OK","raw":3651.1,"sigma":10,"state":"IDLE","t":"2026-07-16T11:47:04.6715123Z","type":"sample"}
{"channel":"rr","display":46.875,"mu":0,"quality":"OUT_OF_RANGE","raw":1142,"sigma":1.5,"state":"IDLE","t":"2026-07-16T11:47:04.6891741Z","type":"sample"}
{"channel":"rr","display":46.875,"mu":0,"quality":"OUT_OF_RANGE","raw":1140.5,"sigma":1.5,"state":"IDLE","t":"2026-07-16T11:47:04.7295118Z","type":"sample"}
{"channel":"rr","display":46.875,"mu":0,"quality":"OUT_OF_RANGE","raw":1140.8,"sigma":1.5,"state":"IDLE","t":"2026-07-16T11:47:04.7691916Z","type":"sample"}
{"channel":"gsr","display":3644,"mu":0,"quality":"OK","raw":3644,"sigma":10,"state":"IDLE","t":"2026-07-16T11:47:04.7779355Z","type":"sample"}
{"channel":"rr","display":46.875,"mu":0,"quality":"OUT_OF_RANGE","raw":1140.5,"sigma":1.5,"state":"IDLE","t":"2026-07-16T11:47:04.8090505Z","type":"sample"}
{"address":"/cue/g1/start","args":null,"channel":"system","dir":"out","t":"2026-07-16T11:47:04.8322837Z","type":"osc"}
{"channel":"rr","display":46.875,"mu":0,"quality":"OUT_OF_RANGE","raw":1141.1,"sigma":1.5,"state":"IDLE","t":"2026-07-16T11:47:04.8494184Z","type":"sample"}
{"channel":"gsr","display":3645.6,"mu":0,"quality":"OK","raw":3645.6,"sigma":10,"state":"IDLE","t":"2026-07-16T11:47:04.8784872Z","type":"sample"}
{"channel":"rr","display":46.875,"mu":0,"quality":"OUT_OF_RANGE","raw":1140.9,"sigma":1.5,"state":"IDLE","t":"2026-07-16T11:47:04.8894166Z","type":"sample"}
{"channel":"rr","display":46.875,"mu":0,"quality":"OUT_OF_RANGE","raw":1139.2,"sigma":1.5,"state":"IDLE","t":"2026-07-16T11:47:04.9291887Z","type":"sample"}
{"channel":"rr","display":46.875,"mu":0,"quality":"OUT_OF_RANGE","raw":1140.2,"sigma":1.5,"state":"IDLE","t":"2026-07-16T11:47:04.9693471Z","type":"sample"}
{"channel":"hr","display":0,"mu":0,"quality":"OUT_OF_RANGE","raw":70,"sigma":3,"state":"IDLE","t":"2026-07-16T11:47:04.9693471Z","type":"sample"}
{"channel":"gsr","display":3642.8,"mu":0,"quality":"OK","raw":3642.8,"sigma":10,"state":"IDLE","t":"2026-07-16T11:47:04.9792915Z","type":"sample"}
{"channel":"rr","display":46.875,"mu":0,"quality":"OUT_OF_RANGE","raw":1141.2,"sigma":1.5,"state":"IDLE","t":"2026-07-16T11:47:05.0090917Z","type":"sample"}
{"channel":"rr","display":46.875,"mu":0,"quality":"OUT_OF_RANGE","raw":1140.4,"sigma":1.5,"state":"IDLE","t":"2026-07-16T11:47:05.0495131Z","type":"sample"}
{"channel":"gsr","display":3638,"mu":0,"quality":"OK","raw":3638,"sigma":10,"state":"IDLE","t":"2026-07-16T11:47:05.0772875Z","type":"sample"}
{"channel":"rr","display":46.875,"mu":0,"quality":"OUT_OF_RANGE","raw":1140.2,"sigma":1.5,"state":"IDLE","t":"2026-07-16T11:47:05.0892641Z","type":"sample"}
{"channel":"rr","display":47.02194357366771,"mu":0,"quality":"OUT_OF_RANGE","raw":1142.3,"sigma":1.5,"state":"IDLE","t":"2026-07-16T11:47:05.129443Z","type":"sample"}
{"channel":"rr","display":47.02194357366771,"mu":0,"quality":"OUT_OF_RANGE","raw":1139.5,"sigma":1.5,"state":"IDLE","t":"2026-07-16T11:47:05.1692852Z","type":"sample"}
{"channel":"gsr","display":3636.8,"mu":0,"quality":"OK","raw":3636.8,"sigma":10,"state":"IDLE","t":"2026-07-16T11:47:05.1785183Z","type":"sample"}
{"channel":"rr","display":47.02194357366771,"mu":0,"quality":"OUT_OF_RANGE","raw":1141.5,"sigma":1.5,"state":"IDLE","t":"2026-07-16T11:47:05.2095128Z","type":"sample"}
{"channel":"rr","display":47.02194357366771,"mu":0,"quality":"OUT_OF_RANGE","raw":1140.4,"sigma":1.5,"state":"IDLE","t":"2026-07-16T11:47:05.2493326Z","type":"sample"}
{"channel":"gsr","display":3631.5,"mu":0,"quality":"OK","raw":3631.5,"sigma":10,"state":"IDLE","t":"2026-07-16T11:47:05.2747219Z","type":"sample"}
{"channel":"rr","display":47.02194357366771,"mu":0,"quality":"OUT_OF_RANGE","raw":1140.2,"sigma":1.5,"state":"IDLE","t":"2026-07-16T11:47:05.289168Z","type":"sample"}
{"channel":"rr","display":47.02194357366771,"mu":0,"quality":"OUT_OF_RANGE","raw":1140.4,"sigma":1.5,"state":"IDLE","t":"2026-07-16T11:47:05.3290768Z","type":"sample"}
{"address":"/cue/p/start","args":null,"channel":"system","dir":"out","t":"2026-07-16T11:47:05.3505809Z","type":"osc"}
{"channel":"rr","display":47.02194357366771,"mu":0,"quality":"OUT_OF_RANGE","raw":1140.2,"sigma":1.5,"state":"IDLE","t":"2026-07-16T11:47:05.3695041Z","type":"sample"}
{"channel":"gsr","display":3629.5,"mu":0,"quality":"OK","raw":3629.5,"sigma":10,"state":"IDLE","t":"2026-07-16T11:47:05.3782034Z","type":"sample"}
{"channel":"rr","display":47.02194357366771,"mu":0,"quality":"OUT_OF_RANGE","raw":1139.9,"sigma":1.5,"state":"IDLE","t":"2026-07-16T11:47:05.4092761Z","type":"sample"}
{"channel":"rr","display":47.02194357366771,"mu":0,"quality":"OUT_OF_RANGE","raw":1139.9,"sigma":1.5,"state":"IDLE","t":"2026-07-16T11:47:05.4497605Z","type":"sample"}
{"channel":"hr","display":0,"mu":0,"quality":"OUT_OF_RANGE","raw":70,"sigma":3,"state":"IDLE","t":"2026-07-16T11:47:05.4694929Z","type":"sample"}
{"channel":"gsr","display":3624,"mu":0,"quality":"OK","raw":3624,"sigma":10,"state":"IDLE","t":"2026-07-16T11:47:05.4777426Z","type":"sample"}
{"channel":"rr","display":47.02194357366771,"mu":0,"quality":"OUT_OF_RANGE","raw":1141.1,"sigma":1.5,"state":"IDLE","t":"2026-07-16T11:47:05.4891573Z","type":"sample"}
{"channel":"rr","display":47.02194357366771,"mu":0,"quality":"OUT_OF_RANGE","raw":1139.8,"sigma":1.5,"state":"IDLE","t":"2026-07-16T11:47:05.5291678Z","type":"sample"}
{"channel":"rr","display":47.02194357366771,"mu":0,"quality":"OUT_OF_RANGE","raw":1140.2,"sigma":1.5,"state":"IDLE","t":"2026-07-16T11:47:05.5696517Z","type":"sample"}
{"channel":"gsr","display":3621.8,"mu":0,"quality":"OK","raw":3621.8,"sigma":10,"state":"IDLE","t":"2026-07-16T11:47:05.57863Z","type":"sample"}
{"channel":"rr","display":47.02194357366771,"mu":0,"quality":"OUT_OF_RANGE","raw":1141.4,"sigma":1.5,"state":"IDLE","t":"2026-07-16T11:47:05.6094399Z","type":"sample"}
{"channel":"rr","display":47.02194357366771,"mu":0,"quality":"OUT_OF_RANGE","raw":1140,"sigma":1.5,"state":"IDLE","t":"2026-07-16T11:47:05.6496013Z","type":"sample"}
{"channel":"gsr","display":3614.1,"mu":0,"quality":"OK","raw":3614.1,"sigma":10,"state":"IDLE","t":"2026-07-16T11:47:05.6761006Z","type":"sample"}
{"channel":"rr","display":47.02194357366771,"mu":0,"quality":"OUT_OF_RANGE","raw":1140.7,"sigma":1.5,"state":"IDLE","t":"2026-07-16T11:47:05.6892351Z","type":"sample"}
{"channel":"rr","display":47.02194357366771,"mu":0,"quality":"OUT_OF_RANGE","raw":1141.5,"sigma":1.5,"state":"IDLE","t":"2026-07-16T11:47:05.7290839Z","type":"sample"}
{"channel":"rr","display":47.02194357366771,"mu":0,"quality":"OUT_OF_RANGE","raw":1141.7,"sigma":1.5,"state":"IDLE","t":"2026-07-16T11:47:05.7689112Z","type":"sample"}
{"channel":"gsr","display":3613.2,"mu":0,"quality":"OK","raw":3613.2,"sigma":10,"state":"IDLE","t":"2026-07-16T11:47:05.7788033Z","type":"sample"}
{"channel":"rr","display":47.02194357366771,"mu":0,"quality":"OUT_OF_RANGE","raw":1141.9,"sigma":1.5,"state":"IDLE","t":"2026-07-16T11:47:05.8093912Z","type":"sample"}
{"channel":"rr","display":47.02194357366771,"mu":0,"quality":"OUT_OF_RANGE","raw":1142.2,"sigma":1.5,"state":"IDLE","t":"2026-07-16T11:47:05.8495647Z","type":"sample"}
{"address":"/cue/g1/start","args":null,"channel":"system","dir":"out","t":"2026-07-16T11:47:05.8495647Z","type":"osc"}
{"channel":"gsr","display":3608.2,"mu":0,"quality":"OK","raw":3608.2,"sigma":10,"state":"IDLE","t":"2026-07-16T11:47:05.8782752Z","type":"sample"}
{"channel":"rr","display":47.02194357366771,"mu":0,"quality":"OUT_OF_RANGE","raw":1141.9,"sigma":1.5,"state":"IDLE","t":"2026-07-16T11:47:05.8883267Z","type":"sample"}
{"channel":"rr","display":47.02194357366771,"mu":0,"quality":"OUT_OF_RANGE","raw":1142.8,"sigma":1.5,"state":"IDLE","t":"2026-07-16T11:47:05.9295212Z","type":"sample"}
{"channel":"rr","display":47.02194357366771,"mu":0,"quality":"OUT_OF_RANGE","raw":1142.3,"sigma":1.5,"state":"IDLE","t":"2026-07-16T11:47:05.9693862Z","type":"sample"}
{"channel":"hr","display":0,"mu":0,"quality":"OUT_OF_RANGE","raw":69,"sigma":3,"state":"IDLE","t":"2026-07-16T11:47:05.9699048Z","type":"sample"}
{"channel":"gsr","display":3606.8,"mu":0,"quality":"OK","raw":3606.8,"sigma":10,"state":"IDLE","t":"2026-07-16T11:47:05.9789717Z","type":"sample"}
{"channel":"rr","display":47.02194357366771,"mu":0,"quality":"OUT_OF_RANGE","raw":1140.4,"sigma":1.5,"state":"IDLE","t":"2026-07-16T11:47:06.0092095Z","type":"sample"}
{"channel":"rr","display":47.02194357366771,"mu":0,"quality":"OUT_OF_RANGE","raw":1141.5,"sigma":1.5,"state":"IDLE","t":"2026-07-16T11:47:06.0484284Z","type":"sample"}
{"channel":"gsr","display":3604.2,"mu":0,"quality":"OK","raw":3604.2,"sigma":10,"state":"IDLE","t":"2026-07-16T11:47:06.0726741Z","type":"sample"}
{"channel":"rr","display":47.02194357366771,"mu":0,"quality":"OUT_OF_RANGE","raw":1142.4,"sigma":1.5,"state":"IDLE","t":"2026-07-16T11:47:06.0894555Z","type":"sample"}
{"channel":"rr","display":47.02194357366771,"mu":0,"quality":"OUT_OF_RANGE","raw":1141.9,"sigma":1.5,"state":"IDLE","t":"2026-07-16T11:47:06.1293692Z","type":"sample"}
{"channel":"rr","display":47.02194357366771,"mu":0,"quality":"OUT_OF_RANGE","raw":1142.6,"sigma":1.5,"state":"IDLE","t":"2026-07-16T11:47:06.169342Z","type":"sample"}
{"channel":"gsr","display":3598.1,"mu":0,"quality":"OK","raw":3598.1,"sigma":10,"state":"IDLE","t":"2026-07-16T11:47:06.1786171Z","type":"sample"}
{"channel":"rr","display":47.02194357366771,"mu":0,"quality":"OUT_OF_RANGE","raw":1142.9,"sigma":1.5,"state":"IDLE","t":"2026-07-16T11:47:06.2091292Z","type":"sample"}
{"channel":"rr","display":47.02194357366771,"mu":0,"quality":"OUT_OF_RANGE","raw":1141.9,"sigma":1.5,"state":"IDLE","t":"2026-07-16T11:47:06.2492671Z","type":"sample"}
{"channel":"gsr","display":3591.3,"mu":0,"quality":"OK","raw":3591.3,"sigma":10,"state":"IDLE","t":"2026-07-16T11:47:06.2784832Z","type":"sample"}
{"channel":"rr","display":47.02194357366771,"mu":0,"quality":"OUT_OF_RANGE","raw":1143,"sigma":1.5,"state":"IDLE","t":"2026-07-16T11:47:06.2895081Z","type":"sample"}
{"channel":"rr","display":47.02194357366771,"mu":0,"quality":"OUT_OF_RANGE","raw":1142.5,"sigma":1.5,"state":"IDLE","t":"2026-07-16T11:47:06.3290456Z","type":"sample"}
{"address":"/cue/p/start","args":null,"channel":"system","dir":"out","t":"2026-07-16T11:47:06.350472Z","type":"osc"}
{"channel":"rr","display":47.02194357366771,"mu":0,"quality":"OUT_OF_RANGE","raw":1143.4,"sigma":1.5,"state":"IDLE","t":"2026-07-16T11:47:06.369527Z","type":"sample"}
{"channel":"gsr","display":3588.4,"mu":0,"quality":"OK","raw":3588.4,"sigma":10,"state":"IDLE","t":"2026-07-16T11:47:06.3783636Z","type":"sample"}
{"channel":"rr","display":47.02194357366771,"mu":0,"quality":"OUT_OF_RANGE","raw":1142.1,"sigma":1.5,"state":"IDLE","t":"2026-07-16T11:47:06.4091385Z","type":"sample"}
{"channel":"rr","display":47.02194357366771,"mu":0,"quality":"OUT_OF_RANGE","raw":1141.5,"sigma":1.5,"state":"IDLE","t":"2026-07-16T11:47:06.4494573Z","type":"sample"}
{"channel":"hr","display":0,"mu":0,"quality":"OUT_OF_RANGE","raw":69,"sigma":3,"state":"IDLE","t":"2026-07-16T11:47:06.4695884Z","type":"sample"}
{"channel":"gsr","display":3582.2,"mu":0,"quality":"OK","raw":3582.2,"sigma":10,"state":"IDLE","t":"2026-07-16T11:47:06.4784303Z","type":"sample"}
{"channel":"rr","display":47.02194357366771,"mu":0,"quality":"OUT_OF_RANGE","raw":1142.3,"sigma":1.5,"state":"IDLE","t":"2026-07-16T11:47:06.4895423Z","type":"sample"}
{"channel":"rr","display":47.02194357366771,"mu":0,"quality":"OUT_OF_RANGE","raw":1143.2,"sigma":1.5,"state":"IDLE","t":"2026-07-16T11:47:06.5293897Z","type":"sample"}
{"channel":"rr","display":47.02194357366771,"mu":0,"quality":"OUT_OF_RANGE","raw":1142.6,"sigma":1.5,"state":"IDLE","t":"2026-07-16T11:47:06.5692426Z","type":"sample"}
{"channel":"gsr","display":3584.5,"mu":0,"quality":"OK","raw":3584.5,"sigma":10,"state":"IDLE","t":"2026-07-16T11:47:06.5784417Z","type":"sample"}
{"channel":"rr","display":47.02194357366771,"mu":0,"quality":"OUT_OF_RANGE","raw":1142.7,"sigma":1.5,"state":"IDLE","t":"2026-07-16T11:47:06.6090689Z","type":"sample"}
{"channel":"rr","display":47.02194357366771,"mu":0,"quality":"OUT_OF_RANGE","raw":1142.1,"sigma":1.5,"state":"IDLE","t":"2026-07-16T11:47:06.6494393Z","type":"sample"}
{"channel":"gsr","display":3580.8,"mu":0,"quality":"OK","raw":3580.8,"sigma":10,"state":"IDLE","t":"2026-07-16T11:47:06.6750661Z","type":"sample"}
{"channel":"rr","display":47.02194357366771,"mu":0,"quality":"OUT_OF_RANGE","raw":1142.4,"sigma":1.5,"state":"IDLE","t":"2026-07-16T11:47:06.6895168Z","type":"sample"}
{"channel":"rr","display":47.02194357366771,"mu":0,"quality":"OUT_OF_RANGE","raw":1142.9,"sigma":1.5,"state":"IDLE","t":"2026-07-16T11:47:06.7294472Z","type":"sample"}
{"channel":"rr","display":47.02194357366771,"mu":0,"quality":"OUT_OF_RANGE","raw":1142.2,"sigma":1.5,"state":"IDLE","t":"2026-07-16T11:47:06.7693553Z","type":"sample"}
{"channel":"gsr","display":3579.2,"mu":0,"quality":"OK","raw":3579.2,"sigma":10,"state":"IDLE","t":"2026-07-16T11:47:06.7784822Z","type":"sample"}
{"channel":"rr","display":47.02194357366771,"mu":0,"quality":"OUT_OF_RANGE","raw":1142.5,"sigma":1.5,"state":"IDLE","t":"2026-07-16T11:47:06.809365Z","type":"sample"}
{"channel":"rr","display":47.02194357366771,"mu":0,"quality":"OUT_OF_RANGE","raw":1140.8,"sigma":1.5,"state":"IDLE","t":"2026-07-16T11:47:06.8493966Z","type":"sample"}
{"address":"/cue/g1/start","args":null,"channel":"system","dir":"out","t":"2026-07-16T11:47:06.8724347Z","type":"osc"}
{"channel":"gsr","display":3580.2,"mu":0,"quality":"OK","raw":3580.2,"sigma":10,"state":"IDLE","t":"2026-07-16T11:47:06.8787757Z","type":"sample"}
{"channel":"rr","display":43.988269794721404,"mu":0,"quality":"OUT_OF_RANGE","raw":1141.5,"sigma":1.5,"state":"IDLE","t":"2026-07-16T11:47:06.8893951Z","type":"sample"}
{"channel":"rr","display":43.988269794721404,"mu":0,"quality":"OUT_OF_RANGE","raw":1142.4,"sigma":1.5,"state":"IDLE","t":"2026-07-16T11:47:06.9295159Z","type":"sample"}
{"channel":"rr","display":43.988269794721404,"mu":0,"quality":"OUT_OF_RANGE","raw":1141.6,"sigma":1.5,"state":"IDLE","t":"2026-07-16T11:47:06.9694008Z","type":"sample"}
{"channel":"hr","display":0,"mu":0,"quality":"OUT_OF_RANGE","raw":70,"sigma":3,"state":"IDLE","t":"2026-07-16T11:47:06.9699098Z","type":"sample"}
{"channel":"gsr","display":3580,"mu":0,"quality":"OK","raw":3580,"sigma":10,"state":"IDLE","t":"2026-07-16T11:47:06.9791794Z","type":"sample"}
{"channel":"rr","display":43.988269794721404,"mu":0,"quality":"OUT_OF_RANGE","raw":1141.5,"sigma":1.5,"state":"IDLE","t":"2026-07-16T11:47:07.0091173Z","type":"sample"}
{"channel":"rr","display":43.988269794721404,"mu":0,"quality":"OUT_OF_RANGE","raw":1142.4,"sigma":1.5,"state":"IDLE","t":"2026-07-16T11:47:07.049387Z","type":"sample"}
{"channel":"gsr","display":3574.4,"mu":0,"quality":"OK","raw":3574.4,"sigma":10,"state":"IDLE","t":"2026-07-16T11:47:07.0783477Z","type":"sample"}
{"channel":"rr","display":43.988269794721404,"mu":0,"quality":"OUT_OF_RANGE","raw":1141.7,"sigma":1.5,"state":"IDLE","t":"2026-07-16T11:47:07.0893868Z","type":"sample"}
{"channel":"rr","display":43.988269794721404,"mu":0,"quality":"OUT_OF_RANGE","raw":1141.4,"sigma":1.5,"state":"IDLE","t":"2026-07-16T11:47:07.1290237Z","type":"sample"}
{"channel":"rr","display":43.988269794721404,"mu":0,"quality":"OUT_OF_RANGE","raw":1142.7,"sigma":1.5,"state":"IDLE","t":"2026-07-16T11:47:07.1692185Z","type":"sample"}
{"channel":"gsr","display":3577.6,"mu":0,"quality":"OK","raw":3577.6,"sigma":10,"state":"IDLE","t":"2026-07-16T11:47:07.1785181Z","type":"sample"}
{"channel":"rr","display":43.988269794721404,"mu":0,"quality":"OUT_OF_RANGE","raw":1143.1,"sigma":1.5,"state":"IDLE","t":"2026-07-16T11:47:07.2092788Z","type":"sample"}
{"channel":"rr","display":43.988269794721404,"mu":0,"quality":"OUT_OF_RANGE","raw":1142.6,"sigma":1.5,"state":"IDLE","t":"2026-07-16T11:47:07.2490672Z","type":"sample"}
{"channel":"gsr","display":3573.8,"mu":0,"quality":"OK","raw":3573.8,"sigma":10,"state":"IDLE","t":"2026-07-16T11:47:07.2750963Z","type":"sample"}
{"channel":"rr","display":43.988269794721404,"mu":0,"quality":"OUT_OF_RANGE","raw":1142.2,"sigma":1.5,"state":"IDLE","t":"2026-07-16T11:47:07.2897707Z","type":"sample"}
{"channel":"rr","display":43.988269794721404,"mu":0,"quality":"OUT_OF_RANGE","raw":1141.1,"sigma":1.5,"state":"IDLE","t":"2026-07-16T11:47:07.3292387Z","type":"sample"}
{"address":"/cue/p/start","args":null,"channel":"system","dir":"out","t":"2026-07-16T11:47:07.3503625Z","type":"osc"}
{"channel":"rr","display":43.988269794721404,"mu":0,"quality":"OUT_OF_RANGE","raw":1142.6,"sigma":1.5,"state":"IDLE","t":"2026-07-16T11:47:07.3691723Z","type":"sample"}
{"channel":"gsr","display":3575.7,"mu":0,"quality":"OK","raw":3575.7,"sigma":10,"state":"IDLE","t":"2026-07-16T11:47:07.3782727Z","type":"sample"}
{"channel":"rr","display":43.988269794721404,"mu":0,"quality":"OUT_OF_RANGE","raw":1140.9,"sigma":1.5,"state":"IDLE","t":"2026-07-16T11:47:07.4091379Z","type":"sample"}
{"channel":"rr","display":43.988269794721404,"mu":0,"quality":"OUT_OF_RANGE","raw":1140.3,"sigma":1.5,"state":"IDLE","t":"2026-07-16T11:47:07.4494838Z","type":"sample"}
{"channel":"hr","display":0,"mu":0,"quality":"OUT_OF_RANGE","raw":70,"sigma":3,"state":"IDLE","t":"2026-07-16T11:47:07.4694397Z","type":"sample"}
{"channel":"gsr","display":3576.3,"mu":0,"quality":"OK","raw":3576.3,"sigma":10,"state":"IDLE","t":"2026-07-16T11:47:07.4757624Z","type":"sample"}
{"channel":"rr","display":43.988269794721404,"mu":0,"quality":"OUT_OF_RANGE","raw":1142.4,"sigma":1.5,"state":"IDLE","t":"2026-07-16T11:47:07.4862079Z","type":"sample"}
{"channel":"rr","display":43.988269794721404,"mu":0,"quality":"OUT_OF_RANGE","raw":1141.4,"sigma":1.5,"state":"IDLE","t":"2026-07-16T11:47:07.5292646Z","type":"sample"}
{"channel":"rr","display":43.988269794721404,"mu":0,"quality":"OUT_OF_RANGE","raw":1142.4,"sigma":1.5,"state":"IDLE","t":"2026-07-16T11:47:07.5690092Z","type":"sample"}
{"channel":"gsr","display":3572.5,"mu":0,"quality":"OK","raw":3572.5,"sigma":10,"state":"IDLE","t":"2026-07-16T11:47:07.5785038Z","type":"sample"}
{"channel":"rr","display":43.988269794721404,"mu":0,"quality":"OUT_OF_RANGE","raw":1142.7,"sigma":1.5,"state":"IDLE","t":"2026-07-16T11:47:07.6097356Z","type":"sample"}
{"channel":"rr","display":43.988269794721404,"mu":0,"quality":"OUT_OF_RANGE","raw":1142.9,"sigma":1.5,"state":"IDLE","t":"2026-07-16T11:47:07.6494117Z","type":"sample"}
{"channel":"gsr","display":3573.8,"mu":0,"quality":"OK","raw":3573.8,"sigma":10,"state":"IDLE","t":"2026-07-16T11:47:07.6752972Z","type":"sample"}
{"channel":"rr","display":43.988269794721404,"mu":0,"quality":"OUT_OF_RANGE","raw":1142.6,"sigma":1.5,"state":"IDLE","t":"2026-07-16T11:47:07.6894259Z","type":"sample"}
{"channel":"rr","display":43.988269794721404,"mu":0,"quality":"OUT_OF_RANGE","raw":1141,"sigma":1.5,"state":"IDLE","t":"2026-07-16T11:47:07.7293473Z","type":"sample"}
{"channel":"rr","display":43.988269794721404,"mu":0,"quality":"OUT_OF_RANGE","raw":1142.1,"sigma":1.5,"state":"IDLE","t":"2026-07-16T11:47:07.7690915Z","type":"sample"}
{"channel":"gsr","display":3575.3,"mu":0,"quality":"OK","raw":3575.3,"sigma":10,"state":"IDLE","t":"2026-07-16T11:47:07.7787195Z","type":"sample"}
{"channel":"rr","display":43.988269794721404,"mu":0,"quality":"OUT_OF_RANGE","raw":1142.4,"sigma":1.5,"state":"IDLE","t":"2026-07-16T11:47:07.8092883Z","type":"sample"}
{"channel":"rr","display":43.988269794721404,"mu":0,"quality":"OUT_OF_RANGE","raw":1143,"sigma":1.5,"state":"IDLE","t":"2026-07-16T11:47:07.8493043Z","type":"sample"}
{"channel":"gsr","display":3570.3,"mu":0,"quality":"OK","raw":3570.3,"sigma":10,"state":"IDLE","t":"2026-07-16T11:47:07.8743108Z","type":"sample"}
{"channel":"rr","display":43.988269794721404,"mu":0,"quality":"OUT_OF_RANGE","raw":1142,"sigma":1.5,"state":"IDLE","t":"2026-07-16T11:47:07.8895009Z","type":"sample"}
{"address":"/cue/g1/start","args":null,"channel":"system","dir":"out","t":"2026-07-16T11:47:07.9287536Z","type":"osc"}
{"channel":"rr","display":43.988269794721404,"mu":0,"quality":"OUT_OF_RANGE","raw":1142.5,"sigma":1.5,"state":"IDLE","t":"2026-07-16T11:47:07.9293049Z","type":"sample"}
{"channel":"rr","display":43.988269794721404,"mu":0,"quality":"OUT_OF_RANGE","raw":1143.1,"sigma":1.5,"state":"IDLE","t":"2026-07-16T11:47:07.9692982Z","type":"sample"}
{"channel":"hr","display":0,"mu":0,"quality":"OUT_OF_RANGE","raw":70,"sigma":3,"state":"IDLE","t":"2026-07-16T11:47:07.9692982Z","type":"sample"}
{"channel":"gsr","display":3564.8,"mu":0,"quality":"OK","raw":3564.8,"sigma":10,"state":"IDLE","t":"2026-07-16T11:47:07.9793435Z","type":"sample"}
{"channel":"rr","display":43.988269794721404,"mu":0,"quality":"OUT_OF_RANGE","raw":1142.3,"sigma":1.5,"state":"IDLE","t":"2026-07-16T11:47:08.0093917Z","type":"sample"}
{"channel":"rr","display":43.988269794721404,"mu":0,"quality":"OUT_OF_RANGE","raw":1142.2,"sigma":1.5,"state":"IDLE","t":"2026-07-16T11:47:08.049388Z","type":"sample"}
{"channel":"gsr","display":3560,"mu":0,"quality":"OK","raw":3560,"sigma":10,"state":"IDLE","t":"2026-07-16T11:47:08.0782554Z","type":"sample"}
{"channel":"rr","display":43.988269794721404,"mu":0,"quality":"OUT_OF_RANGE","raw":1141.2,"sigma":1.5,"state":"IDLE","t":"2026-07-16T11:47:08.0891614Z","type":"sample"}
{"channel":"rr","display":42.97994269340974,"mu":0,"quality":"OUT_OF_RANGE","raw":1141.7,"sigma":1.5,"state":"IDLE","t":"2026-07-16T11:47:08.1295428Z","type":"sample"}
{"channel":"rr","display":42.97994269340974,"mu":0,"quality":"OUT_OF_RANGE","raw":1142,"sigma":1.5,"state":"IDLE","t":"2026-07-16T11:47:08.1690051Z","type":"sample"}
{"channel":"gsr","display":3549.1,"mu":0,"quality":"OK","raw":3549.1,"sigma":10,"state":"IDLE","t":"2026-07-16T11:47:08.1783179Z","type":"sample"}
{"channel":"rr","display":42.97994269340974,"mu":0,"quality":"OUT_OF_RANGE","raw":1142.2,"sigma":1.5,"state":"IDLE","t":"2026-07-16T11:47:08.209549Z","type":"sample"}
{"channel":"rr","display":42.97994269340974,"mu":0,"quality":"OUT_OF_RANGE","raw":1143,"sigma":1.5,"state":"IDLE","t":"2026-07-16T11:47:08.24909Z","type":"sample"}
{"channel":"gsr","display":3545.5,"mu":0,"quality":"OK","raw":3545.5,"sigma":10,"state":"IDLE","t":"2026-07-16T11:47:08.2741225Z","type":"sample"}
{"channel":"rr","display":42.97994269340974,"mu":0,"quality":"OUT_OF_RANGE","raw":1143.4,"sigma":1.5,"state":"IDLE","t":"2026-07-16T11:47:08.2894012Z","type":"sample"}
{"channel":"rr","display":42.97994269340974,"mu":0,"quality":"OUT_OF_RANGE","raw":1143.8,"sigma":1.5,"state":"IDLE","t":"2026-07-16T11:47:08.3292174Z","type":"sample"}
{"address":"/cue/p/start","args":null,"channel":"system","dir":"out","t":"2026-07-16T11:47:08.3505942Z","type":"osc"}
{"channel":"rr","display":42.97994269340974,"mu":0,"quality":"OUT_OF_RANGE","raw":1142.8,"sigma":1.5,"state":"IDLE","t":"2026-07-16T11:47:08.3694056Z","type":"sample"}
{"channel":"gsr","display":3537.9,"mu":0,"quality":"OK","raw":3537.9,"sigma":10,"state":"IDLE","t":"2026-07-16T11:47:08.3755693Z","type":"sample"}
{"channel":"rr","display":42.97994269340974,"mu":0,"quality":"OUT_OF_RANGE","raw":1142.4,"sigma":1.5,"state":"IDLE","t":"2026-07-16T11:47:08.4094615Z","type":"sample"}
{"channel":"rr","display":42.97994269340974,"mu":0,"quality":"OUT_OF_RANGE","raw":1142.6,"sigma":1.5,"state":"IDLE","t":"2026-07-16T11:47:08.4495363Z","type":"sample"}
{"channel":"hr","display":0,"mu":0,"quality":"OUT_OF_RANGE","raw":70,"sigma":3,"state":"IDLE","t":"2026-07-16T11:47:08.4694409Z","type":"sample"}
{"channel":"gsr","display":3527.3,"mu":0,"quality":"OK","raw":3527.3,"sigma":10,"state":"IDLE","t":"2026-07-16T11:47:08.4782617Z","type":"sample"}
{"channel":"rr","display":42.97994269340974,"mu":0,"quality":"OUT_OF_RANGE","raw":1142.7,"sigma":1.5,"state":"IDLE","t":"2026-07-16T11:47:08.4895586Z","type":"sample"}
{"channel":"rr","display":42.97994269340974,"mu":0,"quality":"OUT_OF_RANGE","raw":1143,"sigma":1.5,"state":"IDLE","t":"2026-07-16T11:47:08.5289799Z","type":"sample"}
{"channel":"rr","display":42.97994269340974,"mu":0,"quality":"OUT_OF_RANGE","raw":1142.1,"sigma":1.5,"state":"IDLE","t":"2026-07-16T11:47:08.5695059Z","type":"sample"}
{"channel":"gsr","display":3510.9,"mu":0,"quality":"OK","raw":3510.9,"sigma":10,"state":"IDLE","t":"2026-07-16T11:47:08.5782893Z","type":"sample"}
{"channel":"rr","display":42.97994269340974,"mu":0,"quality":"OUT_OF_RANGE","raw":1142.4,"sigma":1.5,"state":"IDLE","t":"2026-07-16T11:47:08.6090538Z","type":"sample"}
{"channel":"rr","display":42.97994269340974,"mu":0,"quality":"OUT_OF_RANGE","raw":1140.6,"sigma":1.5,"state":"IDLE","t":"2026-07-16T11:47:08.6492441Z","type":"sample"}
{"channel":"gsr","display":3500.6,"mu":0,"quality":"OK","raw":3500.6,"sigma":10,"state":"IDLE","t":"2026-07-16T11:47:08.6761503Z","type":"sample"}
{"channel":"rr","display":42.97994269340974,"mu":0,"quality":"OUT_OF_RANGE","raw":1143.1,"sigma":1.5,"state":"IDLE","t":"2026-07-16T11:47:08.6894937Z","type":"sample"}
{"channel":"rr","display":42.97994269340974,"mu":0,"quality":"OUT_OF_RANGE","raw":1142.7,"sigma":1.5,"state":"IDLE","t":"2026-07-16T11:47:08.7290349Z","type":"sample"}
{"channel":"rr","display":42.97994269340974,"mu":0,"quality":"OUT_OF_RANGE","raw":1141.5,"sigma":1.5,"state":"IDLE","t":"2026-07-16T11:47:08.7694385Z","type":"sample"}
{"channel":"gsr","display":3487.2,"mu":0,"quality":"OK","raw":3487.2,"sigma":10,"state":"IDLE","t":"2026-07-16T11:47:08.7783497Z","type":"sample"}
{"channel":"rr","display":42.97994269340974,"mu":0,"quality":"OUT_OF_RANGE","raw":1143.2,"sigma":1.5,"state":"IDLE","t":"2026-07-16T11:47:08.8093167Z","type":"sample"}
{"channel":"rr","display":42.97994269340974,"mu":0,"quality":"OUT_OF_RANGE","raw":1141.3,"sigma":1.5,"state":"IDLE","t":"2026-07-16T11:47:08.8495272Z","type":"sample"}
{"channel":"gsr","display":3469,"mu":0,"quality":"OK","raw":3469,"sigma":10,"state":"IDLE","t":"2026-07-16T11:47:08.8746843Z","type":"sample"}
{"channel":"rr","display":42.97994269340974,"mu":0,"quality":"OUT_OF_RANGE","raw":1142.2,"sigma":1.5,"state":"IDLE","t":"2026-07-16T11:47:08.8892881Z","type":"sample"}
{"channel":"rr","display":42.97994269340974,"mu":0,"quality":"OUT_OF_RANGE","raw":1141.2,"sigma":1.5,"state":"IDLE","t":"2026-07-16T11:47:08.9290745Z","type":"sample"}
{"address":"/cue/g1/start","args":null,"channel":"system","dir":"out","t":"2026-07-16T11:47:08.9664358Z","type":"osc"}
{"channel":"rr","display":42.97994269340974,"mu":0,"quality":"OUT_OF_RANGE","raw":1141.9,"sigma":1.5,"state":"IDLE","t":"2026-07-16T11:47:08.9694688Z","type":"sample"}
{"channel":"hr","display":0,"mu":0,"quality":"OUT_OF_RANGE","raw":70,"sigma":3,"state":"IDLE","t":"2026-07-16T11:47:08.9986635Z","type":"sample"}
{"channel":"gsr","display":3466.1,"mu":0,"quality":"OK","raw":3466.1,"sigma":10,"state":"IDLE","t":"2026-07-16T11:47:09.0073205Z","type":"sample"}
{"channel":"rr","display":42.97994269340974,"mu":0,"quality":"OUT_OF_RANGE","raw":1142.1,"sigma":1.5,"state":"IDLE","t":"2026-07-16T11:47:09.0122955Z","type":"sample"}
{"channel":"rr","display":42.97994269340974,"mu":0,"quality":"OUT_OF_RANGE","raw":1141.7,"sigma":1.5,"state":"IDLE","t":"2026-07-16T11:47:09.0515585Z","type":"sample"}
{"channel":"rr","display":42.97994269340974,"mu":0,"quality":"OUT_OF_RANGE","raw":1142.1,"sigma":1.5,"state":"IDLE","t":"2026-07-16T11:47:09.0911489Z","type":"sample"}
{"channel":"gsr","display":3458,"mu":0,"quality":"OK","raw":3458,"sigma":10,"state":"IDLE","t":"2026-07-16T11:47:09.1064117Z","type":"sample"}
{"channel":"rr","display":42.97994269340974,"mu":0,"quality":"OUT_OF_RANGE","raw":1141.1,"sigma":1.5,"state":"IDLE","t":"2026-07-16T11:47:09.1302011Z","type":"sample"}
{"channel":"rr","display":45.303533675626696,"mu":0,"quality":"OUT_OF_RANGE","raw":1142.1,"sigma":1.5,"state":"IDLE","t":"2026-07-16T11:47:09.1701341Z","type":"sample"}
{"channel":"gsr","display":3437.4,"mu":0,"quality":"OK","raw":3437.4,"sigma":10,"state":"IDLE","t":"2026-07-16T11:47:09.2024611Z","type":"sample"}
{"channel":"rr","display":45.303533675626696,"mu":0,"quality":"OUT_OF_RANGE","raw":1142.3,"sigma":1.5,"state":"IDLE","t":"2026-07-16T11:47:09.2115151Z","type":"sample"}
{"channel":"rr","display":45.303533675626696,"mu":0,"quality":"OUT_OF_RANGE","raw":1141.1,"sigma":1.5,"state":"IDLE","t":"2026-07-16T11:47:09.251464Z","type":"sample"}
{"channel":"rr","display":45.303533675626696,"mu":0,"quality":"OUT_OF_RANGE","raw":1142.3,"sigma":1.5,"state":"IDLE","t":"2026-07-16T11:47:09.2907096Z","type":"sample"}
{"channel":"gsr","display":3428.2,"mu":0,"quality":"OK","raw":3428.2,"sigma":10,"state":"IDLE","t":"2026-07-16T11:47:09.3069989Z","type":"sample"}
{"channel":"rr","display":45.303533675626696,"mu":0,"quality":"OUT_OF_RANGE","raw":1142.9,"sigma":1.5,"state":"IDLE","t":"2026-07-16T11:47:09.3315335Z","type":"sample"}
{"address":"/cue/p/start","args":null,"channel":"system","dir":"out","t":"2026-07-16T11:47:09.3504048Z","type":"osc"}
{"channel":"rr","display":45.303533675626696,"mu":0,"quality":"OUT_OF_RANGE","raw":1142.6,"sigma":1.5,"state":"IDLE","t":"2026-07-16T11:47:09.3704905Z","type":"sample"}
{"channel":"gsr","display":3418,"mu":0,"quality":"OK","raw":3418,"sigma":10,"state":"IDLE","t":"2026-07-16T11:47:09.4066306Z","type":"sample"}
{"channel":"rr","display":45.303533675626696,"mu":0,"quality":"OUT_OF_RANGE","raw":1141.2,"sigma":1.5,"state":"IDLE","t":"2026-07-16T11:47:09.4113442Z","type":"sample"}
{"channel":"rr","display":45.303533675626696,"mu":0,"quality":"OUT_OF_RANGE","raw":1142.3,"sigma":1.5,"state":"IDLE","t":"2026-07-16T11:47:09.4508195Z","type":"sample"}
{"channel":"hr","display":0,"mu":0,"quality":"OUT_OF_RANGE","raw":70,"sigma":3,"state":"IDLE","t":"2026-07-16T11:47:09.4694527Z","type":"sample"}
{"channel":"rr","display":45.303533675626696,"mu":0,"quality":"OUT_OF_RANGE","raw":1142.4,"sigma":1.5,"state":"IDLE","t":"2026-07-16T11:47:09.4898994Z","type":"sample"}
{"channel":"gsr","display":3402.8,"mu":0,"quality":"OK","raw":3402.8,"sigma":10,"state":"IDLE","t":"2026-07-16T11:47:09.506651Z","type":"sample"}
{"channel":"rr","display":45.303533675626696,"mu":0,"quality":"OUT_OF_RANGE","raw":1141.9,"sigma":1.5,"state":"IDLE","t":"2026-07-16T11:47:09.5302883Z","type":"sample"}
{"channel":"rr","display":45.303533675626696,"mu":0,"quality":"OUT_OF_RANGE","raw":1139.8,"sigma":1.5,"state":"IDLE","t":"2026-07-16T11:47:09.5705727Z","type":"sample"}
{"channel":"gsr","display":3393.8,"mu":0,"quality":"OK","raw":3393.8,"sigma":10,"state":"IDLE","t":"2026-07-16T11:47:09.6067078Z","type":"sample"}
{"channel":"rr","display":45.303533675626696,"mu":0,"quality":"OUT_OF_RANGE","raw":1142.7,"sigma":1.5,"state":"IDLE","t":"2026-07-16T11:47:09.6115388Z","type":"sample"}
{"channel":"rr","display":45.303533675626696,"mu":0,"quality":"OUT_OF_RANGE","raw":1141,"sigma":1.5,"state":"IDLE","t":"2026-07-16T11:47:09.6502451Z","type":"sample"}
{"channel":"rr","display":45.303533675626696,"mu":0,"quality":"OUT_OF_RANGE","raw":1142.1,"sigma":1.5,"state":"IDLE","t":"2026-07-16T11:47:09.6905989Z","type":"sample"}
{"channel":"gsr","display":3386.9,"mu":0,"quality":"OK","raw":3386.9,"sigma":10,"state":"IDLE","t":"2026-07-16T11:47:09.7066074Z","type":"sample"}
{"channel":"rr","display":45.303533675626696,"mu":0,"quality":"OUT_OF_RANGE","raw":1142.6,"sigma":1.5,"state":"IDLE","t":"2026-07-16T11:47:09.7315868Z","type":"sample"}
{"channel":"rr","display":45.303533675626696,"mu":0,"quality":"OUT_OF_RANGE","raw":1143.6,"sigma":1.5,"state":"IDLE","t":"2026-07-16T11:47:09.7706352Z","type":"sample"}
{"channel":"gsr","display":3378.1,"mu":0,"quality":"OK","raw":3378.1,"sigma":10,"state":"IDLE","t":"2026-07-16T11:47:09.8066363Z","type":"sample"}
{"channel":"rr","display":45.303533675626696,"mu":0,"quality":"OUT_OF_RANGE","raw":1142.4,"sigma":1.5,"state":"IDLE","t":"2026-07-16T11:47:09.8113853Z","type":"sample"}
{"channel":"rr","display":45.303533675626696,"mu":0,"quality":"OUT_OF_RANGE","raw":1143,"sigma":1.5,"state":"IDLE","t":"2026-07-16T11:47:09.8502804Z","type":"sample"}
{"channel":"rr","display":45.303533675626696,"mu":0,"quality":"OUT_OF_RANGE","raw":1141.4,"sigma":1.5,"state":"IDLE","t":"2026-07-16T11:47:09.8916896Z","type":"sample"}
{"channel":"gsr","display":3371.2,"mu":0,"quality":"OK","raw":3371.2,"sigma":10,"state":"IDLE","t":"2026-07-16T11:47:09.9068057Z","type":"sample"}
{"channel":"rr","display":45.303533675626696,"mu":0,"quality":"OUT_OF_RANGE","raw":1141.8,"sigma":1.5,"state":"IDLE","t":"2026-07-16T11:47:09.9316052Z","type":"sample"}
{"channel":"rr","display":45.303533675626696,"mu":0,"quality":"OUT_OF_RANGE","raw":1141.8,"sigma":1.5,"state":"IDLE","t":"2026-07-16T11:47:09.9705233Z","type":"sample"}
{"channel":"hr","display":0,"mu":0,"quality":"OUT_OF_RANGE","raw":70,"sigma":3,"state":"IDLE","t":"2026-07-16T11:47:09.9721012Z","type":"sample"}
{"address":"/cue/g1/start","args":null,"channel":"system","dir":"out","t":"2026-07-16T11:47:10.004613Z","type":"osc"}
{"channel":"gsr","display":3363.4,"mu":0,"quality":"OK","raw":3363.4,"sigma":10,"state":"IDLE","t":"2026-07-16T11:47:10.0061263Z","type":"sample"}
{"channel":"rr","display":45.303533675626696,"mu":0,"quality":"OUT_OF_RANGE","raw":1141.2,"sigma":1.5,"state":"IDLE","t":"2026-07-16T11:47:10.0115092Z","type":"sample"}
{"channel":"rr","display":45.303533675626696,"mu":0,"quality":"OUT_OF_RANGE","raw":1141,"sigma":1.5,"state":"IDLE","t":"2026-07-16T11:47:10.051372Z","type":"sample"}
{"channel":"rr","display":45.303533675626696,"mu":0,"quality":"OUT_OF_RANGE","raw":1142.2,"sigma":1.5,"state":"IDLE","t":"2026-07-16T11:47:10.0902381Z","type":"sample"}
{"channel":"gsr","display":3354.4,"mu":0,"quality":"OK","raw":3354.4,"sigma":10,"state":"IDLE","t":"2026-07-16T11:47:10.1062286Z","type":"sample"}
{"channel":"rr","display":45.303533675626696,"mu":0,"quality":"OUT_OF_RANGE","raw":1142.9,"sigma":1.5,"state":"IDLE","t":"2026-07-16T11:47:10.1315828Z","type":"sample"}
{"channel":"rr","display":45.303533675626696,"mu":0,"quality":"OUT_OF_RANGE","raw":1143.2,"sigma":1.5,"state":"IDLE","t":"2026-07-16T11:47:10.1701536Z","type":"sample"}
{"channel":"gsr","display":3347.4,"mu":0,"quality":"OK","raw":3347.4,"sigma":10,"state":"IDLE","t":"2026-07-16T11:47:10.2066194Z","type":"sample"}
{"channel":"rr","display":45.303533675626696,"mu":0,"quality":"OUT_OF_RANGE","raw":1142.3,"sigma":1.5,"state":"IDLE","t":"2026-07-16T11:47:10.2114498Z","type":"sample"}
{"channel":"rr","display":45.303533675626696,"mu":0,"quality":"OUT_OF_RANGE","raw":1142.2,"sigma":1.5,"state":"IDLE","t":"2026-07-16T11:47:10.2514949Z","type":"sample"}
{"channel":"rr","display":45.303533675626696,"mu":0,"quality":"OUT_OF_RANGE","raw":1141.4,"sigma":1.5,"state":"IDLE","t":"2026-07-16T11:47:10.2915509Z","type":"sample"}
{"channel":"gsr","display":3339.1,"mu":0,"quality":"OK","raw":3339.1,"sigma":10,"state":"IDLE","t":"2026-07-16T11:47:10.3066174Z","type":"sample"}
{"channel":"rr","display":45.303533675626696,"mu":0,"quality":"OUT_OF_RANGE","raw":1142.8,"sigma":1.5,"state":"IDLE","t":"2026-07-16T11:47:10.3308773Z","type":"sample"}
{"address":"/cue/p/start","args":null,"channel":"system","dir":"out","t":"2026-07-16T11:47:10.3507228Z","type":"osc"}
{"channel":"rr","display":45.303533675626696,"mu":0,"quality":"OUT_OF_RANGE","raw":1142.8,"sigma":1.5,"state":"IDLE","t":"2026-07-16T11:47:10.3716506Z","type":"sample"}
{"channel":"gsr","display":3331.3,"mu":0,"quality":"OK","raw":3331.3,"sigma":10,"state":"IDLE","t":"2026-07-16T11:47:10.406634Z","type":"sample"}
{"channel":"rr","display":45.303533675626696,"mu":0,"quality":"OUT_OF_RANGE","raw":1142.5,"sigma":1.5,"state":"IDLE","t":"2026-07-16T11:47:10.4112996Z","type":"sample"}
{"channel":"rr","display":45.303533675626696,"mu":0,"quality":"OUT_OF_RANGE","raw":1142.4,"sigma":1.5,"state":"IDLE","t":"2026-07-16T11:47:10.4501793Z","type":"sample"}
{"channel":"hr","display":0,"mu":0,"quality":"OUT_OF_RANGE","raw":71,"sigma":3,"state":"IDLE","t":"2026-07-16T11:47:10.4713181Z","type":"sample"}
{"channel":"rr","display":45.303533675626696,"mu":0,"quality":"OUT_OF_RANGE","raw":1143.2,"sigma":1.5,"state":"IDLE","t":"2026-07-16T11:47:10.4902469Z","type":"sample"}
{"channel":"gsr","display":3322.8,"mu":0,"quality":"OK","raw":3322.8,"sigma":10,"state":"IDLE","t":"2026-07-16T11:47:10.5066192Z","type":"sample"}
{"channel":"rr","display":45.303533675626696,"mu":0,"quality":"OUT_OF_RANGE","raw":1142.6,"sigma":1.5,"state":"IDLE","t":"2026-07-16T11:47:10.5316065Z","type":"sample"}
{"channel":"rr","display":45.303533675626696,"mu":0,"quality":"OUT_OF_RANGE","raw":1143.2,"sigma":1.5,"state":"IDLE","t":"2026-07-16T11:47:10.5699033Z","type":"sample"}
{"channel":"gsr","display":3314.3,"mu":0,"quality":"OK","raw":3314.3,"sigma":10,"state":"IDLE","t":"2026-07-16T11:47:10.6066078Z","type":"sample"}
{"channel":"rr","display":45.303533675626696,"mu":0,"quality":"OUT_OF_RANGE","raw":1141.5,"sigma":1.5,"state":"IDLE","t":"2026-07-16T11:47:10.6114943Z","type":"sample"}
{"channel":"rr","display":45.303533675626696,"mu":0,"quality":"OUT_OF_RANGE","raw":1143.5,"sigma":1.5,"state":"IDLE","t":"2026-07-16T11:47:10.6507315Z","type":"sample"}
{"channel":"rr","display":45.303533675626696,"mu":0,"quality":"OUT_OF_RANGE","raw":1143,"sigma":1.5,"state":"IDLE","t":"2026-07-16T11:47:10.6903095Z","type":"sample"}
{"channel":"gsr","display":3307.6,"mu":0,"quality":"OK","raw":3307.6,"sigma":10,"state":"IDLE","t":"2026-07-16T11:47:10.7067839Z","type":"sample"}
{"channel":"rr","display":45.303533675626696,"mu":0,"quality":"OUT_OF_RANGE","raw":1142.1,"sigma":1.5,"state":"IDLE","t":"2026-07-16T11:47:10.7303637Z","type":"sample"}
{"channel":"rr","display":45.303533675626696,"mu":0,"quality":"OUT_OF_RANGE","raw":1143.4,"sigma":1.5,"state":"IDLE","t":"2026-07-16T11:47:10.7715648Z","type":"sample"}
{"channel":"gsr","display":3298.4,"mu":0,"quality":"OK","raw":3298.4,"sigma":10,"state":"IDLE","t":"2026-07-16T11:47:10.8067519Z","type":"sample"}
{"channel":"rr","display":45.303533675626696,"mu":0,"quality":"OUT_OF_RANGE","raw":1141.2,"sigma":1.5,"state":"IDLE","t":"2026-07-16T11:47:10.8110376Z","type":"sample"}
{"channel":"rr","display":42.00504060487258,"mu":0,"quality":"OUT_OF_RANGE","raw":1141.9,"sigma":1.5,"state":"IDLE","t":"2026-07-16T11:47:10.8501814Z","type":"sample"}
{"channel":"rr","display":42.00504060487258,"mu":0,"quality":"OUT_OF_RANGE","raw":1142.7,"sigma":1.5,"state":"IDLE","t":"2026-07-16T11:47:10.890894Z","type":"sample"}
{"channel":"gsr","display":3298.4,"mu":0,"quality":"OK","raw":3298.4,"sigma":10,"state":"IDLE","t":"2026-07-16T11:47:10.9065603Z","type":"sample"}
{"channel":"rr","display":42.00504060487258,"mu":0,"quality":"OUT_OF_RANGE","raw":1142.6,"sigma":1.5,"state":"IDLE","t":"2026-07-16T11:47:10.9306111Z","type":"sample"}
{"channel":"rr","display":42.00504060487258,"mu":0,"quality":"OUT_OF_RANGE","raw":1141.9,"sigma":1.5,"state":"IDLE","t":"2026-07-16T11:47:10.9707136Z","type":"sample"}
{"channel":"hr","display":0,"mu":0,"quality":"OUT_OF_RANGE","raw":71,"sigma":3,"state":"IDLE","t":"2026-07-16T11:47:10.9720592Z","type":"sample"}
{"channel":"gsr","display":3294.8,"mu":0,"quality":"OK","raw":3294.8,"sigma":10,"state":"IDLE","t":"2026-07-16T11:47:11.0049033Z","type":"sample"}
{"channel":"rr","display":42.00504060487258,"mu":0,"quality":"OUT_OF_RANGE","raw":1141.1,"sigma":1.5,"state":"IDLE","t":"2026-07-16T11:47:11.0110698Z","type":"sample"}
{"address":"/cue/g1/start","args":null,"channel":"system","dir":"out","t":"2026-07-16T11:47:11.0507455Z","type":"osc"}
{"channel":"rr","display":42.00504060487258,"mu":0,"quality":"OUT_OF_RANGE","raw":1141.6,"sigma":1.5,"state":"IDLE","t":"2026-07-16T11:47:11.0512654Z","type":"sample"}
{"channel":"rr","display":42.00504060487258,"mu":0,"quality":"OUT_OF_RANGE","raw":1142.1,"sigma":1.5,"state":"IDLE","t":"2026-07-16T11:47:11.0914091Z","type":"sample"}
{"channel":"gsr","display":3290.3,"mu":0,"quality":"OK","raw":3290.3,"sigma":10,"state":"IDLE","t":"2026-07-16T11:47:11.1066771Z","type":"sample"}
{"channel":"rr","display":42.00504060487258,"mu":0,"quality":"OUT_OF_RANGE","raw":1142.9,"sigma":1.5,"state":"IDLE","t":"2026-07-16T11:47:11.1322662Z","type":"sample"}
{"channel":"rr","display":42.00504060487258,"mu":0,"quality":"OUT_OF_RANGE","raw":1142.8,"sigma":1.5,"state":"IDLE","t":"2026-07-16T11:47:11.1716127Z","type":"sample"}
{"channel":"gsr","display":3286.5,"mu":0,"quality":"OK","raw":3286.5,"sigma":10,"state":"IDLE","t":"2026-07-16T11:47:11.2067646Z","type":"sample"}
{"channel":"rr","display":42.00504060487258,"mu":0,"quality":"OUT_OF_RANGE","raw":1142.1,"sigma":1.5,"state":"IDLE","t":"2026-07-16T11:47:11.2110291Z","type":"sample"}
{"channel":"rr","display":42.00504060487258,"mu":0,"quality":"OUT_OF_RANGE","raw":1142.1,"sigma":1.5,"state":"IDLE","t":"2026-07-16T11:47:11.2514046Z","type":"sample"}
{"channel":"rr","display":42.00504060487258,"mu":0,"quality":"OUT_OF_RANGE","raw":1141.8,"sigma":1.5,"state":"IDLE","t":"2026-07-16T11:47:11.2908602Z","type":"sample"}
{"channel":"gsr","display":3283.6,"mu":0,"quality":"OK","raw":3283.6,"sigma":10,"state":"IDLE","t":"2026-07-16T11:47:11.3066782Z","type":"sample"}
{"channel":"rr","display":42.00504060487258,"mu":0,"quality":"OUT_OF_RANGE","raw":1142.2,"sigma":1.5,"state":"IDLE","t":"2026-07-16T11:47:11.3314926Z","type":"sample"}
{"address":"/cue/p/start","args":null,"channel":"system","dir":"out","t":"2026-07-16T11:47:11.3506989Z","type":"osc"}
{"channel":"rr","display":42.00504060487258,"mu":0,"quality":"OUT_OF_RANGE","raw":1143.4,"sigma":1.5,"state":"IDLE","t":"2026-07-16T11:47:11.3706112Z","type":"sample"}
{"channel":"gsr","display":3281.4,"mu":0,"quality":"OK","raw":3281.4,"sigma":10,"state":"IDLE","t":"2026-07-16T11:47:11.4066002Z","type":"sample"}
{"channel":"rr","display":42.00504060487258,"mu":0,"quality":"OUT_OF_RANGE","raw":1142.5,"sigma":1.5,"state":"IDLE","t":"2026-07-16T11:47:11.4110853Z","type":"sample"}
{"channel":"rr","display":42.00504060487258,"mu":0,"quality":"OUT_OF_RANGE","raw":1141.6,"sigma":1.5,"state":"IDLE","t":"2026-07-16T11:47:11.4503038Z","type":"sample"}
{"channel":"hr","display":0,"mu":0,"quality":"OUT_OF_RANGE","raw":71,"sigma":3,"state":"IDLE","t":"2026-07-16T11:47:11.4705297Z","type":"sample"}
{"channel":"rr","display":42.00504060487258,"mu":0,"quality":"OUT_OF_RANGE","raw":1142.9,"sigma":1.5,"state":"IDLE","t":"2026-07-16T11:47:11.4914869Z","type":"sample"}
{"channel":"gsr","display":3289.1,"mu":0,"quality":"OK","raw":3289.1,"sigma":10,"state":"IDLE","t":"2026-07-16T11:47:11.5064726Z","type":"sample"}
{"channel":"rr","display":42.00504060487258,"mu":0,"quality":"OUT_OF_RANGE","raw":1143.2,"sigma":1.5,"state":"IDLE","t":"2026-07-16T11:47:11.5300505Z","type":"sample"}
{"channel":"rr","display":42.00504060487258,"mu":0,"quality":"OUT_OF_RANGE","raw":1142.2,"sigma":1.5,"state":"IDLE","t":"2026-07-16T11:47:11.5708457Z","type":"sample"}
{"channel":"gsr","display":3290.2,"mu":0,"quality":"OK","raw":3290.2,"sigma":10,"state":"IDLE","t":"2026-07-16T11:47:11.6064082Z","type":"sample"}
{"channel":"rr","display":42.00504060487258,"mu":0,"quality":"OUT_OF_RANGE","raw":1142.4,"sigma":1.5,"state":"IDLE","t":"2026-07-16T11:47:11.6115845Z","type":"sample"}
{"channel":"rr","display":42.00504060487258,"mu":0,"quality":"OUT_OF_RANGE","raw":1143,"sigma":1.5,"state":"IDLE","t":"2026-07-16T11:47:11.6503088Z","type":"sample"}
{"channel":"rr","display":42.00504060487258,"mu":0,"quality":"OUT_OF_RANGE","raw":1142.1,"sigma":1.5,"state":"IDLE","t":"2026-07-16T11:47:11.6915463Z","type":"sample"}
{"channel":"gsr","display":3297.7,"mu":0,"quality":"OK","raw":3297.7,"sigma":10,"state":"IDLE","t":"2026-07-16T11:47:11.7067789Z","type":"sample"}
{"channel":"rr","display":42.00504060487258,"mu":0,"quality":"OUT_OF_RANGE","raw":1143.1,"sigma":1.5,"state":"IDLE","t":"2026-07-16T11:47:11.7316035Z","type":"sample"}
{"channel":"rr","display":42.00504060487258,"mu":0,"quality":"OUT_OF_RANGE","raw":1143.1,"sigma":1.5,"state":"IDLE","t":"2026-07-16T11:47:11.7711327Z","type":"sample"}
{"channel":"gsr","display":3299.8,"mu":0,"quality":"OK","raw":3299.8,"sigma":10,"state":"IDLE","t":"2026-07-16T11:47:11.8064014Z","type":"sample"}
{"channel":"rr","display":42.00504060487258,"mu":0,"quality":"OUT_OF_RANGE","raw":1141.2,"sigma":1.5,"state":"IDLE","t":"2026-07-16T11:47:11.8118787Z","type":"sample"}
{"channel":"rr","display":44.629574531389466,"mu":0,"quality":"OUT_OF_RANGE","raw":1142.7,"sigma":1.5,"state":"IDLE","t":"2026-07-16T11:47:11.8510943Z","type":"sample"}
{"channel":"rr","display":44.629574531389466,"mu":0,"quality":"OUT_OF_RANGE","raw":1143.2,"sigma":1.5,"state":"IDLE","t":"2026-07-16T11:47:11.8914535Z","type":"sample"}
{"channel":"gsr","display":3306.1,"mu":0,"quality":"OK","raw":3306.1,"sigma":10,"state":"IDLE","t":"2026-07-16T11:47:11.9062679Z","type":"sample"}
{"channel":"rr","display":44.629574531389466,"mu":0,"quality":"OUT_OF_RANGE","raw":1142.2,"sigma":1.5,"state":"IDLE","t":"2026-07-16T11:47:11.9310666Z","type":"sample"}
{"channel":"rr","display":44.629574531389466,"mu":0,"quality":"OUT_OF_RANGE","raw":1142.8,"sigma":1.5,"state":"IDLE","t":"2026-07-16T11:47:11.9702515Z","type":"sample"}
{"channel":"hr","display":0,"mu":0,"quality":"OUT_OF_RANGE","raw":71,"sigma":3,"state":"IDLE","t":"2026-07-16T11:47:11.9702515Z","type":"sample"}
{"channel":"gsr","display":3307.3,"mu":0,"quality":"OK","raw":3307.3,"sigma":10,"state":"IDLE","t":"2026-07-16T11:47:12.0067174Z","type":"sample"}
{"channel":"rr","display":44.629574531389466,"mu":0,"quality":"OUT_OF_RANGE","raw":1141.9,"sigma":1.5,"state":"IDLE","t":"2026-07-16T11:47:12.0113468Z","type":"sample"}
{"channel":"rr","display":44.629574531389466,"mu":0,"quality":"OUT_OF_RANGE","raw":1142.8,"sigma":1.5,"state":"IDLE","t":"2026-07-16T11:47:12.050272Z","type":"sample"}
{"channel":"rr","display":44.629574531389466,"mu":0,"quality":"OUT_OF_RANGE","raw":1142.6,"sigma":1.5,"state":"IDLE","t":"2026-07-16T11:47:12.0912734Z","type":"sample"}
{"address":"/cue/g1/start","args":null,"channel":"system","dir":"out","t":"2026-07-16T11:47:12.0935849Z","type":"osc"}
{"channel":"gsr","display":3314.3,"mu":0,"quality":"OK","raw":3314.3,"sigma":10,"state":"IDLE","t":"2026-07-16T11:47:12.1066497Z","type":"sample"}
{"channel":"rr","display":44.629574531389466,"mu":0,"quality":"OUT_OF_RANGE","raw":1141.6,"sigma":1.5,"state":"IDLE","t":"2026-07-16T11:47:12.1311657Z","type":"sample"}
{"channel":"rr","display":44.629574531389466,"mu":0,"quality":"OUT_OF_RANGE","raw":1142.5,"sigma":1.5,"state":"IDLE","t":"2026-07-16T11:47:12.1704833Z","type":"sample"}
{"channel":"gsr","display":3319.8,"mu":0,"quality":"OK","raw":3319.8,"sigma":10,"state":"IDLE","t":"2026-07-16T11:47:12.2024519Z","type":"sample"}
{"channel":"rr","display":44.629574531389466,"mu":0,"quality":"OUT_OF_RANGE","raw":1142.8,"sigma":1.5,"state":"IDLE","t":"2026-07-16T11:47:12.2116991Z","type":"sample"}
{"channel":"rr","display":44.629574531389466,"mu":0,"quality":"OUT_OF_RANGE","raw":1142,"sigma":1.5,"state":"IDLE","t":"2026-07-16T11:47:12.251513Z","type":"sample"}
{"channel":"rr","display":44.629574531389466,"mu":0,"quality":"OUT_OF_RANGE","raw":1142.5,"sigma":1.5,"state":"IDLE","t":"2026-07-16T11:47:12.2914315Z","type":"sample"}
{"channel":"gsr","display":3324.8,"mu":0,"quality":"OK","raw":3324.8,"sigma":10,"state":"IDLE","t":"2026-07-16T11:47:12.3062295Z","type":"sample"}
{"channel":"rr","display":44.629574531389466,"mu":0,"quality":"OUT_OF_RANGE","raw":1142.8,"sigma":1.5,"state":"IDLE","t":"2026-07-16T11:47:12.3304021Z","type":"sample"}
{"address":"/cue/p/start","args":null,"channel":"system","dir":"out","t":"2026-07-16T11:47:12.3502979Z","type":"osc"}
{"channel":"rr","display":44.629574531389466,"mu":0,"quality":"OUT_OF_RANGE","raw":1143.2,"sigma":1.5,"state":"IDLE","t":"2026-07-16T11:47:12.3701931Z","type":"sample"}
{"channel":"gsr","display":3334.5,"mu":0,"quality":"OK","raw":3334.5,"sigma":10,"state":"IDLE","t":"2026-07-16T11:47:12.4067119Z","type":"sample"}
{"channel":"rr","display":44.629574531389466,"mu":0,"quality":"OUT_OF_RANGE","raw":1142,"sigma":1.5,"state":"IDLE","t":"2026-07-16T11:47:12.4114945Z","type":"sample"}
{"channel":"rr","display":44.629574531389466,"mu":0,"quality":"OUT_OF_RANGE","raw":1141.8,"sigma":1.5,"state":"IDLE","t":"2026-07-16T11:47:12.4503052Z","type":"sample"}
{"channel":"hr","display":0,"mu":0,"quality":"OUT_OF_RANGE","raw":72,"sigma":3,"state":"IDLE","t":"2026-07-16T11:47:12.471158Z","type":"sample"}
{"channel":"rr","display":44.629574531389466,"mu":0,"quality":"OUT_OF_RANGE","raw":1144.3,"sigma":1.5,"state":"IDLE","t":"2026-07-16T11:47:12.4899072Z","type":"sample"}
{"channel":"gsr","display":3337.8,"mu":0,"quality":"OK","raw":3337.8,"sigma":10,"state":"IDLE","t":"2026-07-16T11:47:12.506382Z","type":"sample"}
{"channel":"rr","display":44.629574531389466,"mu":0,"quality":"OUT_OF_RANGE","raw":1141.3,"sigma":1.5,"state":"IDLE","t":"2026-07-16T11:47:12.5314179Z","type":"sample"}
{"channel":"rr","display":44.629574531389466,"mu":0,"quality":"OUT_OF_RANGE","raw":1143,"sigma":1.5,"state":"IDLE","t":"2026-07-16T11:47:12.5715683Z","type":"sample"}
{"channel":"gsr","display":3339.5,"mu":0,"quality":"OK","raw":3339.5,"sigma":10,"state":"IDLE","t":"2026-07-16T11:47:12.6061098Z","type":"sample"}
{"channel":"rr","display":44.629574531389466,"mu":0,"quality":"OUT_OF_RANGE","raw":1142.3,"sigma":1.5,"state":"IDLE","t":"2026-07-16T11:47:12.6113466Z","type":"sample"}
{"channel":"rr","display":44.629574531389466,"mu":0,"quality":"OUT_OF_RANGE","raw":1142.4,"sigma":1.5,"state":"IDLE","t":"2026-07-16T11:47:12.6511624Z","type":"sample"}
{"channel":"rr","display":44.629574531389466,"mu":0,"quality":"OUT_OF_RANGE","raw":1142.3,"sigma":1.5,"state":"IDLE","t":"2026-07-16T11:47:12.6913697Z","type":"sample"}
{"channel":"gsr","display":3339.7,"mu":0,"quality":"OK","raw":3339.7,"sigma":10,"state":"IDLE","t":"2026-07-16T11:47:12.7063527Z","type":"sample"}
{"channel":"rr","display":44.629574531389466,"mu":0,"quality":"OUT_OF_RANGE","raw":1141.6,"sigma":1.5,"state":"IDLE","t":"2026-07-16T11:47:12.730248Z","type":"sample"}
{"channel":"rr","display":44.629574531389466,"mu":0,"quality":"OUT_OF_RANGE","raw":1143.3,"sigma":1.5,"state":"IDLE","t":"2026-07-16T11:47:12.7701796Z","type":"sample"}
{"channel":"gsr","display":3330.8,"mu":0,"quality":"OK","raw":3330.8,"sigma":10,"state":"IDLE","t":"2026-07-16T11:47:12.8023351Z","type":"sample"}
{"channel":"rr","display":44.629574531389466,"mu":0,"quality":"OUT_OF_RANGE","raw":1143.2,"sigma":1.5,"state":"IDLE","t":"2026-07-16T11:47:12.811533Z","type":"sample"}
{"channel":"rr","display":44.629574531389466,"mu":0,"quality":"OUT_OF_RANGE","raw":1142.4,"sigma":1.5,"state":"IDLE","t":"2026-07-16T11:47:12.8508546Z","type":"sample"}
{"channel":"rr","display":44.629574531389466,"mu":0,"quality":"OUT_OF_RANGE","raw":1141.2,"sigma":1.5,"state":"IDLE","t":"2026-07-16T11:47:12.8913406Z","type":"sample"}
{"channel":"gsr","display":3323.9,"mu":0,"quality":"OK","raw":3323.9,"sigma":10,"state":"IDLE","t":"2026-07-16T11:47:12.9065486Z","type":"sample"}
{"channel":"rr","display":49.65243296921549,"mu":0,"quality":"OUT_OF_RANGE","raw":1143,"sigma":1.5,"state":"IDLE","t":"2026-07-16T11:47:12.9314053Z","type":"sample"}
{"channel":"rr","display":49.65243296921549,"mu":0,"quality":"OUT_OF_RANGE","raw":1142.3,"sigma":1.5,"state":"IDLE","t":"2026-07-16T11:47:12.9715916Z","type":"sample"}
{"channel":"hr","display":0,"mu":0,"quality":"OUT_OF_RANGE","raw":72,"sigma":3,"state":"IDLE","t":"2026-07-16T11:47:12.9720985Z","type":"sample"}
{"channel":"gsr","display":3318.5,"mu":0,"quality":"OK","raw":3318.5,"sigma":10,"state":"IDLE","t":"2026-07-16T11:47:13.0035149Z","type":"sample"}
{"channel":"rr","display":49.65243296921549,"mu":0,"quality":"OUT_OF_RANGE","raw":1143.6,"sigma":1.5,"state":"IDLE","t":"2026-07-16T11:47:13.0110197Z","type":"sample"}
{"channel":"rr","display":49.65243296921549,"mu":0,"quality":"OUT_OF_RANGE","raw":1142.7,"sigma":1.5,"state":"IDLE","t":"2026-07-16T11:47:13.0503305Z","type":"sample"}
{"channel":"rr","display":49.65243296921549,"mu":0,"quality":"OUT_OF_RANGE","raw":1141.9,"sigma":1.5,"state":"IDLE","t":"2026-07-16T11:47:13.0913844Z","type":"sample"}
{"channel":"gsr","display":3302.2,"mu":0,"quality":"OK","raw":3302.2,"sigma":10,"state":"IDLE","t":"2026-07-16T11:47:13.106494Z","type":"sample"}
{"channel":"rr","display":49.65243296921549,"mu":0,"quality":"OUT_OF_RANGE","raw":1143.4,"sigma":1.5,"state":"IDLE","t":"2026-07-16T11:47:13.131523Z","type":"sample"}
{"address":"/cue/g1/start","args":null,"channel":"system","dir":"out","t":"2026-07-16T11:47:13.1505032Z","type":"osc"}
{"channel":"rr","display":49.65243296921549,"mu":0,"quality":"OUT_OF_RANGE","raw":1143.1,"sigma":1.5,"state":"IDLE","t":"2026-07-16T11:47:13.1709925Z","type":"sample"}
{"channel":"gsr","display":3295.4,"mu":0,"quality":"OK","raw":3295.4,"sigma":10,"state":"IDLE","t":"2026-07-16T11:47:13.2065987Z","type":"sample"}
{"channel":"rr","display":49.65243296921549,"mu":0,"quality":"OUT_OF_RANGE","raw":1141.4,"sigma":1.5,"state":"IDLE","t":"2026-07-16T11:47:13.2110558Z","type":"sample"}
{"channel":"rr","display":49.65243296921549,"mu":0,"quality":"OUT_OF_RANGE","raw":1142.6,"sigma":1.5,"state":"IDLE","t":"2026-07-16T11:47:13.2511624Z","type":"sample"}
{"channel":"rr","display":49.65243296921549,"mu":0,"quality":"OUT_OF_RANGE","raw":1140.9,"sigma":1.5,"state":"IDLE","t":"2026-07-16T11:47:13.2915801Z","type":"sample"}
{"channel":"gsr","display":3284.3,"mu":0,"quality":"OK","raw":3284.3,"sigma":10,"state":"IDLE","t":"2026-07-16T11:47:13.3065021Z","type":"sample"}
{"channel":"rr","display":49.65243296921549,"mu":0,"quality":"OUT_OF_RANGE","raw":1141.8,"sigma":1.5,"state":"IDLE","t":"2026-07-16T11:47:13.3314925Z","type":"sample"}
{"address":"/cue/p/start","args":null,"channel":"system","dir":"out","t":"2026-07-16T11:47:13.350764Z","type":"osc"}
{"channel":"rr","display":49.65243296921549,"mu":0,"quality":"OUT_OF_RANGE","raw":1141.4,"sigma":1.5,"state":"IDLE","t":"2026-07-16T11:47:13.3716388Z","type":"sample"}
{"channel":"gsr","display":3273.4,"mu":0,"quality":"OK","raw":3273.4,"sigma":10,"state":"IDLE","t":"2026-07-16T11:47:13.4067353Z","type":"sample"}
{"channel":"rr","display":49.65243296921549,"mu":0,"quality":"OUT_OF_RANGE","raw":1142,"sigma":1.5,"state":"IDLE","t":"2026-07-16T11:47:13.4114705Z","type":"sample"}
{"channel":"rr","display":49.65243296921549,"mu":0,"quality":"OUT_OF_RANGE","raw":1142.9,"sigma":1.5,"state":"IDLE","t":"2026-07-16T11:47:13.4506968Z","type":"sample"}
{"channel":"hr","display":0,"mu":0,"quality":"OUT_OF_RANGE","raw":72,"sigma":3,"state":"IDLE","t":"2026-07-16T11:47:13.472042Z","type":"sample"}
{"channel":"rr","display":49.65243296921549,"mu":0,"quality":"OUT_OF_RANGE","raw":1142.4,"sigma":1.5,"state":"IDLE","t":"2026-07-16T11:47:13.4915874Z","type":"sample"}
{"channel":"gsr","display":3264.2,"mu":0,"quality":"OK","raw":3264.2,"sigma":10,"state":"IDLE","t":"2026-07-16T11:47:13.5060073Z","type":"sample"}
{"channel":"rr","display":49.65243296921549,"mu":0,"quality":"OUT_OF_RANGE","raw":1141.9,"sigma":1.5,"state":"IDLE","t":"2026-07-16T11:47:13.530538Z","type":"sample"}
{"channel":"rr","display":49.65243296921549,"mu":0,"quality":"OUT_OF_RANGE","raw":1142,"sigma":1.5,"state":"IDLE","t":"2026-07-16T11:47:13.5708951Z","type":"sample"}
{"channel":"gsr","display":3259,"mu":0,"quality":"OK","raw":3259,"sigma":10,"state":"IDLE","t":"2026-07-16T11:47:13.6026179Z","type":"sample"}
{"channel":"rr","display":49.65243296921549,"mu":0,"quality":"OUT_OF_RANGE","raw":1142.6,"sigma":1.5,"state":"IDLE","t":"2026-07-16T11:47:13.6113663Z","type":"sample"}
{"channel":"rr","display":49.65243296921549,"mu":0,"quality":"OUT_OF_RANGE","raw":1143,"sigma":1.5,"state":"IDLE","t":"2026-07-16T11:47:13.6509246Z","type":"sample"}
{"channel":"rr","display":49.65243296921549,"mu":0,"quality":"OUT_OF_RANGE","raw":1143.4,"sigma":1.5,"state":"IDLE","t":"2026-07-16T11:47:13.6915208Z","type":"sample"}
{"channel":"gsr","display":3252.1,"mu":0,"quality":"OK","raw":3252.1,"sigma":10,"state":"IDLE","t":"2026-07-16T11:47:13.7066409Z","type":"sample"}
{"channel":"rr","display":49.65243296921549,"mu":0,"quality":"OUT_OF_RANGE","raw":1143.5,"sigma":1.5,"state":"IDLE","t":"2026-07-16T11:47:13.7313092Z","type":"sample"}
{"channel":"rr","display":49.65243296921549,"mu":0,"quality":"OUT_OF_RANGE","raw":1143,"sigma":1.5,"state":"IDLE","t":"2026-07-16T11:47:13.7701024Z","type":"sample"}
{"channel":"gsr","display":3248.5,"mu":0,"quality":"OK","raw":3248.5,"sigma":10,"state":"IDLE","t":"2026-07-16T11:47:13.8067549Z","type":"sample"}
{"channel":"rr","display":49.65243296921549,"mu":0,"quality":"OUT_OF_RANGE","raw":1142.2,"sigma":1.5,"state":"IDLE","t":"2026-07-16T11:47:13.8115768Z","type":"sample"}
{"channel":"rr","display":49.65243296921549,"mu":0,"quality":"OUT_OF_RANGE","raw":1142.1,"sigma":1.5,"state":"IDLE","t":"2026-07-16T11:47:13.8511882Z","type":"sample"}
{"channel":"rr","display":49.65243296921549,"mu":0,"quality":"OUT_OF_RANGE","raw":1142.9,"sigma":1.5,"state":"IDLE","t":"2026-07-16T11:47:13.8915125Z","type":"sample"}
{"channel":"gsr","display":3246.2,"mu":0,"quality":"OK","raw":3246.2,"sigma":10,"state":"IDLE","t":"2026-07-16T11:47:13.9066438Z","type":"sample"}
{"channel":"rr","display":49.65243296921549,"mu":0,"quality":"OUT_OF_RANGE","raw":1142.3,"sigma":1.5,"state":"IDLE","t":"2026-07-16T11:47:13.9314517Z","type":"sample"}
{"channel":"rr","display":49.65243296921549,"mu":0,"quality":"OUT_OF_RANGE","raw":1142.6,"sigma":1.5,"state":"IDLE","t":"2026-07-16T11:47:13.9707716Z","type":"sample"}
{"channel":"hr","display":0,"mu":0,"quality":"OUT_OF_RANGE","raw":72,"sigma":3,"state":"IDLE","t":"2026-07-16T11:47:13.9719985Z","type":"sample"}
{"channel":"gsr","display":3240.9,"mu":0,"quality":"OK","raw":3240.9,"sigma":10,"state":"IDLE","t":"2026-07-16T11:47:14.0055455Z","type":"sample"}
{"channel":"rr","display":49.65243296921549,"mu":0,"quality":"OUT_OF_RANGE","raw":1142.2,"sigma":1.5,"state":"IDLE","t":"2026-07-16T11:47:14.0101974Z","type":"sample"}
{"channel":"rr","display":49.65243296921549,"mu":0,"quality":"OUT_OF_RANGE","raw":1142.3,"sigma":1.5,"state":"IDLE","t":"2026-07-16T11:47:14.0514809Z","type":"sample"}
{"channel":"rr","display":49.65243296921549,"mu":0,"quality":"OUT_OF_RANGE","raw":1142.8,"sigma":1.5,"state":"IDLE","t":"2026-07-16T11:47:14.0914584Z","type":"sample"}
{"channel":"gsr","display":3241.5,"mu":0,"quality":"OK","raw":3241.5,"sigma":10,"state":"IDLE","t":"2026-07-16T11:47:14.1064979Z","type":"sample"}
{"channel":"rr","display":49.65243296921549,"mu":0,"quality":"OUT_OF_RANGE","raw":1142,"sigma":1.5,"state":"IDLE","t":"2026-07-16T11:47:14.1312602Z","type":"sample"}
{"channel":"rr","display":49.65243296921549,"mu":0,"quality":"OUT_OF_RANGE","raw":1142.4,"sigma":1.5,"state":"IDLE","t":"2026-07-16T11:47:14.171302Z","type":"sample"}
{"address":"/cue/g1/start","args":null,"channel":"system","dir":"out","t":"2026-07-16T11:47:14.171302Z","type":"osc"}
{"channel":"gsr","display":3241,"mu":0,"quality":"OK","raw":3241,"sigma":10,"state":"IDLE","t":"2026-07-16T11:47:14.20661Z","type":"sample"}
{"channel":"rr","display":49.65243296921549,"mu":0,"quality":"OUT_OF_RANGE","raw":1142.9,"sigma":1.5,"state":"IDLE","t":"2026-07-16T11:47:14.2113841Z","type":"sample"}
{"channel":"rr","display":49.65243296921549,"mu":0,"quality":"OUT_OF_RANGE","raw":1142.8,"sigma":1.5,"state":"IDLE","t":"2026-07-16T11:47:14.251456Z","type":"sample"}
{"channel":"rr","display":49.65243296921549,"mu":0,"quality":"OUT_OF_RANGE","raw":1143.8,"sigma":1.5,"state":"IDLE","t":"2026-07-16T11:47:14.290882Z","type":"sample"}
{"channel":"gsr","display":3243.9,"mu":0,"quality":"OK","raw":3243.9,"sigma":10,"state":"IDLE","t":"2026-07-16T11:47:14.3067529Z","type":"sample"}
{"channel":"rr","display":49.65243296921549,"mu":0,"quality":"OUT_OF_RANGE","raw":1144.4,"sigma":1.5,"state":"IDLE","t":"2026-07-16T11:47:14.3312132Z","type":"sample"}
{"address":"/cue/p/start","args":null,"channel":"system","dir":"out","t":"2026-07-16T11:47:14.3509029Z","type":"osc"}
{"channel":"rr","display":49.65243296921549,"mu":0,"quality":"OUT_OF_RANGE","raw":1144.3,"sigma":1.5,"state":"IDLE","t":"2026-07-16T11:47:14.3703421Z","type":"sample"}
{"channel":"gsr","display":3246.3,"mu":0,"quality":"OK","raw":3246.3,"sigma":10,"state":"IDLE","t":"2026-07-16T11:47:14.4067689Z","type":"sample"}
{"channel":"rr","display":49.65243296921549,"mu":0,"quality":"OUT_OF_RANGE","raw":1145.5,"sigma":1.5,"state":"IDLE","t":"2026-07-16T11:47:14.4109993Z","type":"sample"}
{"channel":"rr","display":49.65243296921549,"mu":0,"quality":"OUT_OF_RANGE","raw":1145.2,"sigma":1.5,"state":"IDLE","t":"2026-07-16T11:47:14.4512222Z","type":"sample"}
{"channel":"hr","display":0,"mu":0,"quality":"OUT_OF_RANGE","raw":72,"sigma":3,"state":"IDLE","t":"2026-07-16T11:47:14.4705534Z","type":"sample"}
{"channel":"rr","display":49.65243296921549,"mu":0,"quality":"OUT_OF_RANGE","raw":1145.8,"sigma":1.5,"state":"IDLE","t":"2026-07-16T11:47:14.4915576Z","type":"sample"}
{"channel":"gsr","display":3251.8,"mu":0,"quality":"OK","raw":3251.8,"sigma":10,"state":"IDLE","t":"2026-07-16T11:47:14.5065659Z","type":"sample"}
{"channel":"rr","display":49.65243296921549,"mu":0,"quality":"OUT_OF_RANGE","raw":1144.9,"sigma":1.5,"state":"IDLE","t":"2026-07-16T11:47:14.5305674Z","type":"sample"}
{"channel":"rr","display":49.65243296921549,"mu":0,"quality":"OUT_OF_RANGE","raw":1145.6,"sigma":1.5,"state":"IDLE","t":"2026-07-16T11:47:14.5706496Z","type":"sample"}
{"channel":"gsr","display":3254.4,"mu":0,"quality":"OK","raw":3254.4,"sigma":10,"state":"IDLE","t":"2026-07-16T11:47:14.6066026Z","type":"sample"}
{"channel":"rr","display":49.65243296921549,"mu":0,"quality":"OUT_OF_RANGE","raw":1145.6,"sigma":1.5,"state":"IDLE","t":"2026-07-16T11:47:14.6114906Z","type":"sample"}
{"channel":"rr","display":49.65243296921549,"mu":0,"quality":"OUT_OF_RANGE","raw":1145.3,"sigma":1.5,"state":"IDLE","t":"2026-07-16T11:47:14.6504621Z","type":"sample"}
{"channel":"rr","display":49.65243296921549,"mu":0,"quality":"OUT_OF_RANGE","raw":1146.8,"sigma":1.5,"state":"IDLE","t":"2026-07-16T11:47:14.691261Z","type":"sample"}
{"channel":"gsr","display":3258,"mu":0,"quality":"OK","raw":3258,"sigma":10,"state":"IDLE","t":"2026-07-16T11:47:14.7064468Z","type":"sample"}
{"channel":"rr","display":49.65243296921549,"mu":0,"quality":"OUT_OF_RANGE","raw":1148.6,"sigma":1.5,"state":"IDLE","t":"2026-07-16T11:47:14.7300386Z","type":"sample"}
{"channel":"rr","display":49.65243296921549,"mu":0,"quality":"OUT_OF_RANGE","raw":1151.9,"sigma":1.5,"state":"IDLE","t":"2026-07-16T11:47:14.771032Z","type":"sample"}
{"channel":"gsr","display":3253.6,"mu":0,"quality":"OK","raw":3253.6,"sigma":10,"state":"IDLE","t":"2026-07-16T11:47:14.8061764Z","type":"sample"}
{"channel":"rr","display":49.65243296921549,"mu":0,"quality":"OUT_OF_RANGE","raw":1158.1,"sigma":1.5,"state":"IDLE","t":"2026-07-16T11:47:14.811021Z","type":"sample"}
{"channel":"rr","display":49.65243296921549,"mu":0,"quality":"OUT_OF_RANGE","raw":1161.4,"sigma":1.5,"state":"IDLE","t":"2026-07-16T11:47:14.8506629Z","type":"sample"}
{"channel":"rr","display":49.65243296921549,"mu":0,"quality":"OUT_OF_RANGE","raw":1166.4,"sigma":1.5,"state":"IDLE","t":"2026-07-16T11:47:14.8908881Z","type":"sample"}
{"channel":"gsr","display":3261.1,"mu":0,"quality":"OK","raw":3261.1,"sigma":10,"state":"IDLE","t":"2026-07-16T11:47:14.9062491Z","type":"sample"}
{"channel":"rr","display":49.65243296921549,"mu":0,"quality":"OUT_OF_RANGE","raw":1175.9,"sigma":1.5,"state":"IDLE","t":"2026-07-16T11:47:14.9315671Z","type":"sample"}
{"channel":"rr","display":49.65243296921549,"mu":0,"quality":"OUT_OF_RANGE","raw":1186.7,"sigma":1.5,"state":"IDLE","t":"2026-07-16T11:47:14.9701583Z","type":"sample"}
{"channel":"hr","display":0,"mu":0,"quality":"OUT_OF_RANGE","raw":72,"sigma":3,"state":"IDLE","t":"2026-07-16T11:47:14.9720354Z","type":"sample"}
{"channel":"gsr","display":3264.5,"mu":0,"quality":"OK","raw":3264.5,"sigma":10,"state":"IDLE","t":"2026-07-16T11:47:15.0067906Z","type":"sample"}
{"channel":"rr","display":49.65243296921549,"mu":0,"quality":"OUT_OF_RANGE","raw":1194.8,"sigma":1.5,"state":"IDLE","t":"2026-07-16T11:47:15.0115248Z","type":"sample"}
{"channel":"rr","display":49.65243296921549,"mu":0,"quality":"OUT_OF_RANGE","raw":1199.8,"sigma":1.5,"state":"IDLE","t":"2026-07-16T11:47:15.0505002Z","type":"sample"}
{"channel":"rr","event":"quality_change","quality":"OK","t":"2026-07-16T11:47:15.0914592Z","type":"event"}
{"channel":"rr","display":49.65243296921549,"mu":0,"quality":"OK","raw":1207.3,"sigma":1.5,"state":"IDLE","t":"2026-07-16T11:47:15.0914592Z","type":"sample"}
{"channel":"gsr","display":3268.3,"mu":0,"quality":"OK","raw":3268.3,"sigma":10,"state":"IDLE","t":"2026-07-16T11:47:15.106614Z","type":"sample"}
{"channel":"rr","display":49.65243296921549,"mu":0,"quality":"OK","raw":1215.6,"sigma":1.5,"state":"IDLE","t":"2026-07-16T11:47:15.130919Z","type":"sample"}
{"address":"/cue/r19/start","args":null,"channel":"system","dir":"out","t":"2026-07-16T11:47:15.1400267Z","type":"osc"}
{"channel":"rr","display":49.65243296921549,"mu":0,"quality":"OK","raw":1224.1,"sigma":1.5,"state":"IDLE","t":"2026-07-16T11:47:15.1817051Z","type":"sample"}
{"channel":"gsr","display":3274.5,"mu":0,"quality":"OK","raw":3274.5,"sigma":10,"state":"IDLE","t":"2026-07-16T11:47:15.2064194Z","type":"sample"}
{"channel":"rr","display":49.65243296921549,"mu":0,"quality":"OK","raw":1230.4,"sigma":1.5,"state":"IDLE","t":"2026-07-16T11:47:15.2109166Z","type":"sample"}
{"address":"/cue/g1/start","args":null,"channel":"system","dir":"out","t":"2026-07-16T11:47:15.2443174Z","type":"osc"}
{"channel":"rr","display":49.65243296921549,"mu":0,"quality":"OK","raw":1234.9,"sigma":1.5,"state":"IDLE","t":"2026-07-16T11:47:15.251256Z","type":"sample"}
{"channel":"rr","display":49.65243296921549,"mu":0,"quality":"OK","raw":1241.1,"sigma":1.5,"state":"IDLE","t":"2026-07-16T11:47:15.290096Z","type":"sample"}
{"channel":"gsr","display":3279.7,"mu":0,"quality":"OK","raw":3279.7,"sigma":10,"state":"IDLE","t":"2026-07-16T11:47:15.3060815Z","type":"sample"}
{"channel":"rr","display":49.65243296921549,"mu":0,"quality":"OK","raw":1243.1,"sigma":1.5,"state":"IDLE","t":"2026-07-16T11:47:15.3311406Z","type":"sample"}
{"address":"/cue/p/start","args":null,"channel":"system","dir":"out","t":"2026-07-16T11:47:15.3505848Z","type":"osc"}
{"channel":"rr","display":49.65243296921549,"mu":0,"quality":"OK","raw":1243.6,"sigma":1.5,"state":"IDLE","t":"2026-07-16T11:47:15.3700913Z","type":"sample"}
{"channel":"gsr","display":3283.2,"mu":0,"quality":"OK","raw":3283.2,"sigma":10,"state":"IDLE","t":"2026-07-16T11:47:15.4065688Z","type":"sample"}
{"channel":"rr","display":49.65243296921549,"mu":0,"quality":"OK","raw":1243.8,"sigma":1.5,"state":"IDLE","t":"2026-07-16T11:47:15.4110418Z","type":"sample"}
{"channel":"rr","display":49.65243296921549,"mu":0,"quality":"OK","raw":1243.4,"sigma":1.5,"state":"IDLE","t":"2026-07-16T11:47:15.4514443Z","type":"sample"}
{"channel":"hr","display":0,"mu":0,"quality":"OUT_OF_RANGE","raw":72,"sigma":3,"state":"IDLE","t":"2026-07-16T11:47:15.4712698Z","type":"sample"}
{"channel":"rr","display":49.65243296921549,"mu":0,"quality":"OK","raw":1242.5,"sigma":1.5,"state":"IDLE","t":"2026-07-16T11:47:15.4915903Z","type":"sample"}
{"channel":"gsr","display":3286,"mu":0,"quality":"OK","raw":3286,"sigma":10,"state":"IDLE","t":"2026-07-16T11:47:15.506243Z","type":"sample"}
{"channel":"rr","display":49.65243296921549,"mu":0,"quality":"OK","raw":1243.8,"sigma":1.5,"state":"IDLE","t":"2026-07-16T11:47:15.5307189Z","type":"sample"}
{"channel":"rr","display":49.65243296921549,"mu":0,"quality":"OK","raw":1244.1,"sigma":1.5,"state":"IDLE","t":"2026-07-16T11:47:15.5715827Z","type":"sample"}
{"channel":"gsr","display":3287.3,"mu":0,"quality":"OK","raw":3287.3,"sigma":10,"state":"IDLE","t":"2026-07-16T11:47:15.6061554Z","type":"sample"}
{"channel":"rr","display":49.65243296921549,"mu":0,"quality":"OK","raw":1241.9,"sigma":1.5,"state":"IDLE","t":"2026-07-16T11:47:15.6114369Z","type":"sample"}
{"channel":"rr","display":49.65243296921549,"mu":0,"quality":"OK","raw":1243.4,"sigma":1.5,"state":"IDLE","t":"2026-07-16T11:47:15.6500537Z","type":"sample"}
{"channel":"rr","display":49.65243296921549,"mu":0,"quality":"OK","raw":1242.2,"sigma":1.5,"state":"IDLE","t":"2026-07-16T11:47:15.6915064Z","type":"sample"}
{"channel":"gsr","display":3290.6,"mu":0,"quality":"OK","raw":3290.6,"sigma":10,"state":"IDLE","t":"2026-07-16T11:47:15.7064915Z","type":"sample"}
{"channel":"rr","display":49.65243296921549,"mu":0,"quality":"OK","raw":1241.9,"sigma":1.5,"state":"IDLE","t":"2026-07-16T11:47:15.7311094Z","type":"sample"}
{"channel":"rr","display":49.65243296921549,"mu":0,"quality":"OK","raw":1241.1,"sigma":1.5,"state":"IDLE","t":"2026-07-16T11:47:15.7714532Z","type":"sample"}
{"channel":"gsr","display":3288.4,"mu":0,"quality":"OK","raw":3288.4,"sigma":10,"state":"IDLE","t":"2026-07-16T11:47:15.8024507Z","type":"sample"}
{"channel":"rr","display":49.65243296921549,"mu":0,"quality":"OK","raw":1240.6,"sigma":1.5,"state":"IDLE","t":"2026-07-16T11:47:15.8114415Z","type":"sample"}
{"channel":"rr","display":49.65243296921549,"mu":0,"quality":"OK","raw":1240.1,"sigma":1.5,"state":"IDLE","t":"2026-07-16T11:47:15.8504697Z","type":"sample"}
{"channel":"rr","display":49.65243296921549,"mu":0,"quality":"OK","raw":1237.4,"sigma":1.5,"state":"IDLE","t":"2026-07-16T11:47:15.8913488Z","type":"sample"}
{"channel":"gsr","display":3283.7,"mu":0,"quality":"OK","raw":3283.7,"sigma":10,"state":"IDLE","t":"2026-07-16T11:47:15.9065662Z","type":"sample"}
{"channel":"rr","display":49.65243296921549,"mu":0,"quality":"OK","raw":1235.3,"sigma":1.5,"state":"IDLE","t":"2026-07-16T11:47:15.9314881Z","type":"sample"}
{"channel":"rr","display":49.65243296921549,"mu":0,"quality":"OK","raw":1234.6,"sigma":1.5,"state":"IDLE","t":"2026-07-16T11:47:15.9702388Z","type":"sample"}
{"channel":"hr","display":0,"mu":0,"quality":"OUT_OF_RANGE","raw":72,"sigma":3,"state":"IDLE","t":"2026-07-16T11:47:15.9715781Z","type":"sample"}
{"channel":"gsr","display":3275.5,"mu":0,"quality":"OK","raw":3275.5,"sigma":10,"state":"IDLE","t":"2026-07-16T11:47:16.0056418Z","type":"sample"}
{"channel":"rr","display":49.65243296921549,"mu":0,"quality":"OK","raw":1234.3,"sigma":1.5,"state":"IDLE","t":"2026-07-16T11:47:16.0114465Z","type":"sample"}
{"channel":"rr","display":49.65243296921549,"mu":0,"quality":"OK","raw":1233.7,"sigma":1.5,"state":"IDLE","t":"2026-07-16T11:47:16.0509362Z","type":"sample"}
{"channel":"rr","display":49.65243296921549,"mu":0,"quality":"OK","raw":1232.1,"sigma":1.5,"state":"IDLE","t":"2026-07-16T11:47:16.0914084Z","type":"sample"}
{"channel":"gsr","display":3274.4,"mu":0,"quality":"OK","raw":3274.4,"sigma":10,"state":"IDLE","t":"2026-07-16T11:47:16.106481Z","type":"sample"}
{"channel":"rr","display":49.65243296921549,"mu":0,"quality":"OK","raw":1230.4,"sigma":1.5,"state":"IDLE","t":"2026-07-16T11:47:16.1312927Z","type":"sample"}
{"address":"/cue/r19/start","args":null,"channel":"system","dir":"out","t":"2026-07-16T11:47:16.1712699Z","type":"osc"}
{"channel":"rr","display":49.65243296921549,"mu":0,"quality":"OK","raw":1230.6,"sigma":1.5,"state":"IDLE","t":"2026-07-16T11:47:16.1712699Z","type":"sample"}
{"channel":"gsr","display":3269.3,"mu":0,"quality":"OK","raw":3269.3,"sigma":10,"state":"IDLE","t":"2026-07-16T11:47:16.2065464Z","type":"sample"}
{"channel":"rr","display":49.65243296921549,"mu":0,"quality":"OK","raw":1229.5,"sigma":1.5,"state":"IDLE","t":"2026-07-16T11:47:16.2112341Z","type":"sample"}
{"channel":"rr","display":49.65243296921549,"mu":0,"quality":"OK","raw":1227.4,"sigma":1.5,"state":"IDLE","t":"2026-07-16T11:47:16.2502508Z","type":"sample"}
{"address":"/cue/g1/start","args":null,"channel":"system","dir":"out","t":"2026-07-16T11:47:16.2714333Z","type":"osc"}
{"channel":"rr","display":49.65243296921549,"mu":0,"quality":"OK","raw":1228.1,"sigma":1.5,"state":"IDLE","t":"2026-07-16T11:47:16.2913693Z","type":"sample"}
{"channel":"gsr","display":3267.4,"mu":0,"quality":"OK","raw":3267.4,"sigma":10,"state":"IDLE","t":"2026-07-16T11:47:16.3063559Z","type":"sample"}
{"channel":"rr","display":49.65243296921549,"mu":0,"quality":"OK","raw":1228.1,"sigma":1.5,"state":"IDLE","t":"2026-07-16T11:47:16.3315556Z","type":"sample"}
{"address":"/cue/p/start","args":null,"channel":"system","dir":"out","t":"2026-07-16T11:47:16.3517535Z","type":"osc"}
{"channel":"rr","display":49.65243296921549,"mu":0,"quality":"OK","raw":1227.8,"sigma":1.5,"state":"IDLE","t":"2026-07-16T11:47:16.3712803Z","type":"sample"}
{"channel":"gsr","display":3264.7,"mu":0,"quality":"OK","raw":3264.7,"sigma":10,"state":"IDLE","t":"2026-07-16T11:47:16.4066939Z","type":"sample"}
{"channel":"rr","display":49.65243296921549,"mu":0,"quality":"OK","raw":1227.4,"sigma":1.5,"state":"IDLE","t":"2026-07-16T11:47:16.4110154Z","type":"sample"}
{"channel":"rr","display":49.65243296921549,"mu":0,"quality":"OK","raw":1228.2,"sigma":1.5,"state":"IDLE","t":"2026-07-16T11:47:16.4509944Z","type":"sample"}
{"channel":"hr","display":0,"mu":0,"quality":"OUT_OF_RANGE","raw":72,"sigma":3,"state":"IDLE","t":"2026-07-16T11:47:16.4704706Z","type":"sample"}
{"channel":"rr","display":49.65243296921549,"mu":0,"quality":"OK","raw":1227.1,"sigma":1.5,"state":"IDLE","t":"2026-07-16T11:47:16.4906674Z","type":"sample"}
{"channel":"gsr","display":3262.7,"mu":0,"quality":"OK","raw":3262.7,"sigma":10,"state":"IDLE","t":"2026-07-16T11:47:16.5062113Z","type":"sample"}
{"channel":"rr","display":49.65243296921549,"mu":0,"quality":"OK","raw":1227.8,"sigma":1.5,"state":"IDLE","t":"2026-07-16T11:47:16.5301084Z","type":"sample"}
{"channel":"rr","display":49.65243296921549,"mu":0,"quality":"OK","raw":1226.8,"sigma":1.5,"state":"IDLE","t":"2026-07-16T11:47:16.5716595Z","type":"sample"}
{"channel":"gsr","display":3260.6,"mu":0,"quality":"OK","raw":3260.6,"sigma":10,"state":"IDLE","t":"2026-07-16T11:47:16.605284Z","type":"sample"}
{"channel":"rr","display":49.65243296921549,"mu":0,"quality":"OK","raw":1227.6,"sigma":1.5,"state":"IDLE","t":"2026-07-16T11:47:16.6107874Z","type":"sample"}
{"channel":"rr","display":49.65243296921549,"mu":0,"quality":"OK","raw":1228.4,"sigma":1.5,"state":"IDLE","t":"2026-07-16T11:47:16.6503334Z","type":"sample"}
{"channel":"rr","display":49.65243296921549,"mu":0,"quality":"OK","raw":1227.7,"sigma":1.5,"state":"IDLE","t":"2026-07-16T11:47:16.6911244Z","type":"sample"}
{"channel":"gsr","display":3262.9,"mu":0,"quality":"OK","raw":3262.9,"sigma":10,"state":"IDLE","t":"2026-07-16T11:47:16.7063891Z","type":"sample"}
{"channel":"rr","display":49.65243296921549,"mu":0,"quality":"OK","raw":1226.7,"sigma":1.5,"state":"IDLE","t":"2026-07-16T11:47:16.731333Z","type":"sample"}
{"channel":"rr","display":49.65243296921549,"mu":0,"quality":"OK","raw":1227.8,"sigma":1.5,"state":"IDLE","t":"2026-07-16T11:47:16.7707322Z","type":"sample"}
{"channel":"gsr","display":3261.1,"mu":0,"quality":"OK","raw":3261.1,"sigma":10,"state":"IDLE","t":"2026-07-16T11:47:16.8024055Z","type":"sample"}
{"channel":"rr","display":49.65243296921549,"mu":0,"quality":"OK","raw":1227.4,"sigma":1.5,"state":"IDLE","t":"2026-07-16T11:47:16.8113015Z","type":"sample"}
{"channel":"rr","display":49.65243296921549,"mu":0,"quality":"OK","raw":1226.9,"sigma":1.5,"state":"IDLE","t":"2026-07-16T11:47:16.8505939Z","type":"sample"}
{"channel":"rr","display":49.65243296921549,"mu":0,"quality":"OK","raw":1227.8,"sigma":1.5,"state":"IDLE","t":"2026-07-16T11:47:16.8914655Z","type":"sample"}
{"channel":"gsr","display":3261.3,"mu":0,"quality":"OK","raw":3261.3,"sigma":10,"state":"IDLE","t":"2026-07-16T11:47:16.9062973Z","type":"sample"}
{"channel":"rr","display":49.65243296921549,"mu":0,"quality":"OK","raw":1227.1,"sigma":1.5,"state":"IDLE","t":"2026-07-16T11:47:16.9308372Z","type":"sample"}
{"channel":"rr","display":49.65243296921549,"mu":0,"quality":"OK","raw":1228,"sigma":1.5,"state":"IDLE","t":"2026-07-16T11:47:16.9699062Z","type":"sample"}
{"channel":"hr","display":0,"mu":0,"quality":"OUT_OF_RANGE","raw":72,"sigma":3,"state":"IDLE","t":"2026-07-16T11:47:16.9720677Z","type":"sample"}
{"channel":"gsr","display":3262.8,"mu":0,"quality":"OK","raw":3262.8,"sigma":10,"state":"IDLE","t":"2026-07-16T11:47:17.0066075Z","type":"sample"}
{"channel":"rr","display":49.65243296921549,"mu":0,"quality":"OK","raw":1226.4,"sigma":1.5,"state":"IDLE","t":"2026-07-16T11:47:17.0113305Z","type":"sample"}
{"channel":"rr","display":49.65243296921549,"mu":0,"quality":"OK","raw":1228.2,"sigma":1.5,"state":"IDLE","t":"2026-07-16T11:47:17.0503442Z","type":"sample"}
{"channel":"rr","display":49.65243296921549,"mu":0,"quality":"OK","raw":1226.6,"sigma":1.5,"state":"IDLE","t":"2026-07-16T11:47:17.0909057Z","type":"sample"}
{"channel":"gsr","display":3264.4,"mu":0,"quality":"OK","raw":3264.4,"sigma":10,"state":"IDLE","t":"2026-07-16T11:47:17.1061998Z","type":"sample"}
{"channel":"rr","display":49.65243296921549,"mu":0,"quality":"OK","raw":1228.2,"sigma":1.5,"state":"IDLE","t":"2026-07-16T11:47:17.1315288Z","type":"sample"}
{"channel":"rr","display":49.65243296921549,"mu":0,"quality":"OK","raw":1226.4,"sigma":1.5,"state":"IDLE","t":"2026-07-16T11:47:17.1700451Z","type":"sample"}
{"channel":"gsr","display":3267.8,"mu":0,"quality":"OK","raw":3267.8,"sigma":10,"state":"IDLE","t":"2026-07-16T11:47:17.2026237Z","type":"sample"}
{"channel":"rr","display":49.65243296921549,"mu":0,"quality":"OK","raw":1228,"sigma":1.5,"state":"IDLE","t":"2026-07-16T11:47:17.2109997Z","type":"sample"}
{"address":"/cue/r19/start","args":null,"channel":"system","dir":"out","t":"2026-07-16T11:47:17.2449952Z","type":"osc"}
{"channel":"rr","display":49.65243296921549,"mu":0,"quality":"OK","raw":1228.2,"sigma":1.5,"state":"IDLE","t":"2026-07-16T11:47:17.2514611Z","type":"sample"}
{"channel":"rr","display":49.65243296921549,"mu":0,"quality":"OK","raw":1227.8,"sigma":1.5,"state":"IDLE","t":"2026-07-16T11:47:17.2913608Z","type":"sample"}
{"channel":"gsr","display":3265.9,"mu":0,"quality":"OK","raw":3265.9,"sigma":10,"state":"IDLE","t":"2026-07-16T11:47:17.3062946Z","type":"sample"}
{"channel":"rr","display":49.65243296921549,"mu":0,"quality":"OK","raw":1228,"sigma":1.5,"state":"IDLE","t":"2026-07-16T11:47:17.3313808Z","type":"sample"}
{"address":"/cue/g1/start","args":null,"channel":"system","dir":"out","t":"2026-07-16T11:47:17.3496887Z","type":"osc"}
{"address":"/cue/p/start","args":null,"channel":"system","dir":"out","t":"2026-07-16T11:47:17.3541515Z","type":"osc"}
{"channel":"rr","display":49.65243296921549,"mu":0,"quality":"OK","raw":1228.1,"sigma":1.5,"state":"IDLE","t":"2026-07-16T11:47:17.3713319Z","type":"sample"}
{"channel":"gsr","display":3270,"mu":0,"quality":"OK","raw":3270,"sigma":10,"state":"IDLE","t":"2026-07-16T11:47:17.4065624Z","type":"sample"}
{"channel":"rr","display":49.65243296921549,"mu":0,"quality":"OK","raw":1227,"sigma":1.5,"state":"IDLE","t":"2026-07-16T11:47:17.4112981Z","type":"sample"}
{"channel":"rr","display":49.65243296921549,"mu":0,"quality":"OK","raw":1225.6,"sigma":1.5,"state":"IDLE","t":"2026-07-16T11:47:17.4507357Z","type":"sample"}
{"channel":"hr","display":0,"mu":0,"quality":"OUT_OF_RANGE","raw":72,"sigma":3,"state":"IDLE","t":"2026-07-16T11:47:17.4713638Z","type":"sample"}
{"channel":"rr","display":49.65243296921549,"mu":0,"quality":"OK","raw":1228.1,"sigma":1.5,"state":"IDLE","t":"2026-07-16T11:47:17.4916144Z","type":"sample"}
{"channel":"gsr","display":3269.7,"mu":0,"quality":"OK","raw":3269.7,"sigma":10,"state":"IDLE","t":"2026-07-16T11:47:17.5065311Z","type":"sample"}
{"channel":"rr","display":49.65243296921549,"mu":0,"quality":"OK","raw":1227.1,"sigma":1.5,"state":"IDLE","t":"2026-07-16T11:47:17.5314742Z","type":"sample"}
{"channel":"rr","display":49.65243296921549,"mu":0,"quality":"OK","raw":1228.9,"sigma":1.5,"state":"IDLE","t":"2026-07-16T11:47:17.5714821Z","type":"sample"}
{"channel":"gsr","display":3275,"mu":0,"quality":"OK","raw":3275,"sigma":10,"state":"IDLE","t":"2026-07-16T11:47:17.6065615Z","type":"sample"}
{"channel":"rr","display":49.65243296921549,"mu":0,"quality":"OK","raw":1228.2,"sigma":1.5,"state":"IDLE","t":"2026-07-16T11:47:17.6109387Z","type":"sample"}
{"channel":"rr","display":49.65243296921549,"mu":0,"quality":"OK","raw":1227.6,"sigma":1.5,"state":"IDLE","t":"2026-07-16T11:47:17.6510012Z","type":"sample"}
{"channel":"rr","display":49.65243296921549,"mu":0,"quality":"OK","raw":1228.6,"sigma":1.5,"state":"IDLE","t":"2026-07-16T11:47:17.6913966Z","type":"sample"}
{"channel":"gsr","display":3279.8,"mu":0,"quality":"OK","raw":3279.8,"sigma":10,"state":"IDLE","t":"2026-07-16T11:47:17.7065446Z","type":"sample"}
{"channel":"rr","display":49.65243296921549,"mu":0,"quality":"OK","raw":1227.3,"sigma":1.5,"state":"IDLE","t":"2026-07-16T11:47:17.7307731Z","type":"sample"}
{"channel":"rr","display":49.65243296921549,"mu":0,"quality":"OK","raw":1227.7,"sigma":1.5,"state":"IDLE","t":"2026-07-16T11:47:17.771263Z","type":"sample"}
{"channel":"gsr","display":3278.9,"mu":0,"quality":"OK","raw":3278.9,"sigma":10,"state":"IDLE","t":"2026-07-16T11:47:17.8066853Z","type":"sample"}
{"channel":"rr","display":49.65243296921549,"mu":0,"quality":"OK","raw":1226.6,"sigma":1.5,"state":"IDLE","t":"2026-07-16T11:47:17.8109655Z","type":"sample"}
{"channel":"rr","display":49.65243296921549,"mu":0,"quality":"OK","raw":1227.8,"sigma":1.5,"state":"IDLE","t":"2026-07-16T11:47:17.8504381Z","type":"sample"}
{"channel":"rr","display":49.65243296921549,"mu":0,"quality":"OK","raw":1227.3,"sigma":1.5,"state":"IDLE","t":"2026-07-16T11:47:17.891227Z","type":"sample"}
{"channel":"gsr","display":3278.5,"mu":0,"quality":"OK","raw":3278.5,"sigma":10,"state":"IDLE","t":"2026-07-16T11:47:17.906514Z","type":"sample"}
{"channel":"rr","display":49.65243296921549,"mu":0,"quality":"OK","raw":1226.4,"sigma":1.5,"state":"IDLE","t":"2026-07-16T11:47:17.9314971Z","type":"sample"}
{"channel":"rr","display":49.65243296921549,"mu":0,"quality":"OK","raw":1227.7,"sigma":1.5,"state":"IDLE","t":"2026-07-16T11:47:17.9706606Z","type":"sample"}
{"channel":"hr","display":0,"mu":0,"quality":"OUT_OF_RANGE","raw":73,"sigma":3,"state":"IDLE","t":"2026-07-16T11:47:17.9716768Z","type":"sample"}
{"channel":"gsr","display":3278.7,"mu":0,"quality":"OK","raw":3278.7,"sigma":10,"state":"IDLE","t":"2026-07-16T11:47:18.005932Z","type":"sample"}
{"channel":"rr","display":49.65243296921549,"mu":0,"quality":"OK","raw":1228.4,"sigma":1.5,"state":"IDLE","t":"2026-07-16T11:47:18.0114598Z","type":"sample"}
{"channel":"rr","display":49.65243296921549,"mu":0,"quality":"OK","raw":1226.4,"sigma":1.5,"state":"IDLE","t":"2026-07-16T11:47:18.0504847Z","type":"sample"}
{"channel":"rr","display":49.65243296921549,"mu":0,"quality":"OK","raw":1228.3,"sigma":1.5,"state":"IDLE","t":"2026-07-16T11:47:18.0914547Z","type":"sample"}
{"channel":"gsr","display":3281.3,"mu":0,"quality":"OK","raw":3281.3,"sigma":10,"state":"IDLE","t":"2026-07-16T11:47:18.1062306Z","type":"sample"}
{"channel":"rr","display":49.65243296921549,"mu":0,"quality":"OK","raw":1228.5,"sigma":1.5,"state":"IDLE","t":"2026-07-16T11:47:18.130459Z","type":"sample"}
{"channel":"rr","display":49.65243296921549,"mu":0,"quality":"OK","raw":1227,"sigma":1.5,"state":"IDLE","t":"2026-07-16T11:47:18.1714985Z","type":"sample"}
{"channel":"gsr","display":3284.9,"mu":0,"quality":"OK","raw":3284.9,"sigma":10,"state":"IDLE","t":"2026-07-16T11:47:18.2065483Z","type":"sample"}
{"channel":"rr","display":49.65243296921549,"mu":0,"quality":"OK","raw":1227.2,"sigma":1.5,"state":"IDLE","t":"2026-07-16T11:47:18.2112876Z","type":"sample"}
{"channel":"rr","display":49.65243296921549,"mu":0,"quality":"OK","raw":1228.2,"sigma":1.5,"state":"IDLE","t":"2026-07-16T11:47:18.250048Z","type":"sample"}
{"channel":"rr","display":49.65243296921549,"mu":0,"quality":"OK","raw":1227.9,"sigma":1.5,"state":"IDLE","t":"2026-07-16T11:47:18.290657Z","type":"sample"}
{"channel":"gsr","display":3289.2,"mu":0,"quality":"OK","raw":3289.2,"sigma":10,"state":"IDLE","t":"2026-07-16T11:47:18.3063136Z","type":"sample"}
{"address":"/cue/r19/start","args":null,"channel":"system","dir":"out","t":"2026-07-16T11:47:18.3125577Z","type":"osc"}
{"channel":"rr","display":49.65243296921549,"mu":0,"quality":"OK","raw":1228.2,"sigma":1.5,"state":"IDLE","t":"2026-07-16T11:47:18.3303449Z","type":"sample"}
{"address":"/cue/p/start","args":null,"channel":"system","dir":"out","t":"2026-07-16T11:47:18.3520242Z","type":"osc"}
{"channel":"rr","display":49.65243296921549,"mu":0,"quality":"OK","raw":1229.1,"sigma":1.5,"state":"IDLE","t":"2026-07-16T11:47:18.3723737Z","type":"sample"}
{"channel":"gsr","display":3293.6,"mu":0,"quality":"OK","raw":3293.6,"sigma":10,"state":"IDLE","t":"2026-07-16T11:47:18.405842Z","type":"sample"}
{"channel":"rr","display":49.65243296921549,"mu":0,"quality":"OK","raw":1228.9,"sigma":1.5,"state":"IDLE","t":"2026-07-16T11:47:18.4106921Z","type":"sample"}
{"address":"/cue/g1/start","args":null,"channel":"system","dir":"out","t":"2026-07-16T11:47:18.4255045Z","type":"osc"}
{"channel":"rr","display":49.65243296921549,"mu":0,"quality":"OK","raw":1227.2,"sigma":1.5,"state":"IDLE","t":"2026-07-16T11:47:18.4509921Z","type":"sample"}
{"channel":"hr","display":0,"mu":0,"quality":"OUT_OF_RANGE","raw":73,"sigma":3,"state":"IDLE","t":"2026-07-16T11:47:18.4712238Z","type":"sample"}
{"channel":"rr","display":49.65243296921549,"mu":0,"quality":"OK","raw":1227.5,"sigma":1.5,"state":"IDLE","t":"2026-07-16T11:47:18.4908124Z","type":"sample"}
{"channel":"gsr","display":3299.9,"mu":0,"quality":"OK","raw":3299.9,"sigma":10,"state":"IDLE","t":"2026-07-16T11:47:18.5063444Z","type":"sample"}
{"channel":"rr","display":49.65243296921549,"mu":0,"quality":"OK","raw":1226.9,"sigma":1.5,"state":"IDLE","t":"2026-07-16T11:47:18.5312756Z","type":"sample"}
{"channel":"rr","display":49.65243296921549,"mu":0,"quality":"OK","raw":1228.6,"sigma":1.5,"state":"IDLE","t":"2026-07-16T11:47:18.5714916Z","type":"sample"}
{"channel":"gsr","display":3302.7,"mu":0,"quality":"OK","raw":3302.7,"sigma":10,"state":"IDLE","t":"2026-07-16T11:47:18.6061411Z","type":"sample"}
{"channel":"rr","display":49.65243296921549,"mu":0,"quality":"OK","raw":1227.5,"sigma":1.5,"state":"IDLE","t":"2026-07-16T11:47:18.6114135Z","type":"sample"}
{"channel":"rr","display":49.65243296921549,"mu":0,"quality":"OK","raw":1228.1,"sigma":1.5,"state":"IDLE","t":"2026-07-16T11:47:18.650974Z","type":"sample"}
{"channel":"rr","display":49.65243296921549,"mu":0,"quality":"OK","raw":1228,"sigma":1.5,"state":"IDLE","t":"2026-07-16T11:47:18.6913294Z","type":"sample"}
{"channel":"gsr","display":3305.1,"mu":0,"quality":"OK","raw":3305.1,"sigma":10,"state":"IDLE","t":"2026-07-16T11:47:18.7063448Z","type":"sample"}
{"channel":"rr","display":49.65243296921549,"mu":0,"quality":"OK","raw":1227.7,"sigma":1.5,"state":"IDLE","t":"2026-07-16T11:47:18.7306061Z","type":"sample"}
{"channel":"rr","display":49.65243296921549,"mu":0,"quality":"OK","raw":1226.8,"sigma":1.5,"state":"IDLE","t":"2026-07-16T11:47:18.7715078Z","type":"sample"}
{"channel":"gsr","display":3310.2,"mu":0,"quality":"OK","raw":3310.2,"sigma":10,"state":"IDLE","t":"2026-07-16T11:47:18.8065208Z","type":"sample"}
{"channel":"rr","display":49.65243296921549,"mu":0,"quality":"OK","raw":1227.9,"sigma":1.5,"state":"IDLE","t":"2026-07-16T11:47:18.8112583Z","type":"sample"}
{"channel":"rr","display":49.65243296921549,"mu":0,"quality":"OK","raw":1227.8,"sigma":1.5,"state":"IDLE","t":"2026-07-16T11:47:18.8509659Z","type":"sample"}
{"channel":"rr","display":49.65243296921549,"mu":0,"quality":"OK","raw":1226.9,"sigma":1.5,"state":"IDLE","t":"2026-07-16T11:47:18.8901068Z","type":"sample"}
{"channel":"gsr","display":3314.2,"mu":0,"quality":"OK","raw":3314.2,"sigma":10,"state":"IDLE","t":"2026-07-16T11:47:18.906124Z","type":"sample"}
{"channel":"rr","display":49.65243296921549,"mu":0,"quality":"OK","raw":1227.9,"sigma":1.5,"state":"IDLE","t":"2026-07-16T11:47:18.9308136Z","type":"sample"}
{"channel":"rr","display":49.65243296921549,"mu":0,"quality":"OK","raw":1227.3,"sigma":1.5,"state":"IDLE","t":"2026-07-16T11:47:18.9703509Z","type":"sample"}
{"channel":"hr","display":0,"mu":0,"quality":"OUT_OF_RANGE","raw":73,"sigma":3,"state":"IDLE","t":"2026-07-16T11:47:19.0650853Z","type":"sample"}
{"channel":"rr","display":49.65243296921549,"mu":0,"quality":"OK","raw":1229.5,"sigma":1.5,"state":"IDLE","t":"2026-07-16T11:47:19.0698625Z","type":"sample"}
{"channel":"gsr","display":3299.7,"mu":0,"quality":"OK","raw":3299.7,"sigma":10,"state":"IDLE","t":"2026-07-16T11:47:19.0789993Z","type":"sample"}
{"channel":"rr","display":49.65243296921549,"mu":0,"quality":"OK","raw":1228.2,"sigma":1.5,"state":"IDLE","t":"2026-07-16T11:47:19.1091941Z","type":"sample"}
{"channel":"rr","display":49.65243296921549,"mu":0,"quality":"OK","raw":1228.2,"sigma":1.5,"state":"IDLE","t":"2026-07-16T11:47:19.149925Z","type":"sample"}
{"channel":"gsr","display":3309.7,"mu":0,"quality":"OK","raw":3309.7,"sigma":10,"state":"IDLE","t":"2026-07-16T11:47:19.1754566Z","type":"sample"}
{"channel":"rr","display":49.65243296921549,"mu":0,"quality":"OK","raw":1227.9,"sigma":1.5,"state":"IDLE","t":"2026-07-16T11:47:19.1891304Z","type":"sample"}
{"channel":"rr","display":49.65243296921549,"mu":0,"quality":"OK","raw":1229,"sigma":1.5,"state":"IDLE","t":"2026-07-16T11:47:19.2292934Z","type":"sample"}
{"channel":"rr","display":49.65243296921549,"mu":0,"quality":"OK","raw":1228.6,"sigma":1.5,"state":"IDLE","t":"2026-07-16T11:47:19.2685567Z","type":"sample"}
{"channel":"gsr","display":3309.6,"mu":0,"quality":"OK","raw":3309.6,"sigma":10,"state":"IDLE","t":"2026-07-16T11:47:19.2781937Z","type":"sample"}
{"channel":"rr","display":49.65243296921549,"mu":0,"quality":"OK","raw":1228.5,"sigma":1.5,"state":"IDLE","t":"2026-07-16T11:47:19.3093973Z","type":"sample"}
{"channel":"rr","display":49.65243296921549,"mu":0,"quality":"OK","raw":1228.3,"sigma":1.5,"state":"IDLE","t":"2026-07-16T11:47:19.3491476Z","type":"sample"}
{"address":"/cue/p/start","args":null,"channel":"system","dir":"out","t":"2026-07-16T11:47:19.3511984Z","type":"osc"}
{"channel":"gsr","display":3316.7,"mu":0,"quality":"OK","raw":3316.7,"sigma":10,"state":"IDLE","t":"2026-07-16T11:47:19.3784037Z","type":"sample"}
{"channel":"rr","display":49.65243296921549,"mu":0,"quality":"OK","raw":1228.2,"sigma":1.5,"state":"IDLE","t":"2026-07-16T11:47:19.3893678Z","type":"sample"}
{"address":"/cue/r19/start","args":null,"channel":"system","dir":"out","t":"2026-07-16T11:47:19.4094917Z","type":"osc"}
{"channel":"rr","display":49.65243296921549,"mu":0,"quality":"OK","raw":1227.8,"sigma":1.5,"state":"IDLE","t":"2026-07-16T11:47:19.4294426Z","type":"sample"}
{"channel":"rr","display":49.65243296921549,"mu":0,"quality":"OK","raw":1228.9,"sigma":1.5,"state":"IDLE","t":"2026-07-16T11:47:19.4694961Z","type":"sample"}
{"channel":"gsr","display":3323.4,"mu":0,"quality":"OK","raw":3323.4,"sigma":10,"state":"IDLE","t":"2026-07-16T11:47:19.4771727Z","type":"sample"}
{"channel":"hr","display":0,"mu":0,"quality":"OUT_OF_RANGE","raw":73,"sigma":3,"state":"IDLE","t":"2026-07-16T11:47:19.479181Z","type":"sample"}
{"channel":"rr","display":49.65243296921549,"mu":0,"quality":"OK","raw":1228.3,"sigma":1.5,"state":"IDLE","t":"2026-07-16T11:47:19.5093854Z","type":"sample"}
{"address":"/cue/g1/start","args":null,"channel":"system","dir":"out","t":"2026-07-16T11:47:19.5248414Z","type":"osc"}
{"channel":"rr","display":49.65243296921549,"mu":0,"quality":"OK","raw":1228.2,"sigma":1.5,"state":"IDLE","t":"2026-07-16T11:47:19.5492165Z","type":"sample"}
{"channel":"gsr","display":3327.6,"mu":0,"quality":"OK","raw":3327.6,"sigma":10,"state":"IDLE","t":"2026-07-16T11:47:19.5767944Z","type":"sample"}
{"channel":"rr","display":49.65243296921549,"mu":0,"quality":"OK","raw":1229.8,"sigma":1.5,"state":"IDLE","t":"2026-07-16T11:47:19.5893333Z","type":"sample"}
{"channel":"rr","display":49.65243296921549,"mu":0,"quality":"OK","raw":1229.1,"sigma":1.5,"state":"IDLE","t":"2026-07-16T11:47:19.6292181Z","type":"sample"}
{"channel":"rr","display":49.65243296921549,"mu":0,"quality":"OK","raw":1228.6,"sigma":1.5,"state":"IDLE","t":"2026-07-16T11:47:19.6690588Z","type":"sample"}
{"channel":"gsr","display":3328.2,"mu":0,"quality":"OK","raw":3328.2,"sigma":10,"state":"IDLE","t":"2026-07-16T11:47:19.6786308Z","type":"sample"}
{"channel":"rr","display":49.65243296921549,"mu":0,"quality":"OK","raw":1229.3,"sigma":1.5,"state":"IDLE","t":"2026-07-16T11:47:19.7093466Z","type":"sample"}
{"channel":"rr","display":49.65243296921549,"mu":0,"quality":"OK","raw":1227.3,"sigma":1.5,"state":"IDLE","t":"2026-07-16T11:47:19.7490485Z","type":"sample"}
{"channel":"gsr","display":3332.1,"mu":0,"quality":"OK","raw":3332.1,"sigma":10,"state":"IDLE","t":"2026-07-16T11:47:19.7761324Z","type":"sample"}
{"channel":"rr","display":49.65243296921549,"mu":0,"quality":"OK","raw":1226.4,"sigma":1.5,"state":"IDLE","t":"2026-07-16T11:47:19.7894318Z","type":"sample"}
{"channel":"rr","display":49.65243296921549,"mu":0,"quality":"OK","raw":1228.7,"sigma":1.5,"state":"IDLE","t":"2026-07-16T11:47:19.8293076Z","type":"sample"}
{"channel":"rr","display":49.65243296921549,"mu":0,"quality":"OK","raw":1229.4,"sigma":1.5,"state":"IDLE","t":"2026-07-16T11:47:19.8693643Z","type":"sample"}
{"channel":"gsr","display":3333.1,"mu":0,"quality":"OK","raw":3333.1,"sigma":10,"state":"IDLE","t":"2026-07-16T11:47:19.8783314Z","type":"sample"}
{"channel":"rr","display":49.65243296921549,"mu":0,"quality":"OK","raw":1228.7,"sigma":1.5,"state":"IDLE","t":"2026-07-16T11:47:19.9093363Z","type":"sample"}
{"channel":"rr","event":"quality_change","quality":"OUT_OF_RANGE","t":"2026-07-16T11:47:19.9491927Z","type":"event"}
{"channel":"rr","display":49.65243296921549,"mu":0,"quality":"OUT_OF_RANGE","raw":1228.1,"sigma":1.5,"state":"IDLE","t":"2026-07-16T11:47:19.9491927Z","type":"sample"}
{"channel":"gsr","display":3338,"mu":0,"quality":"OK","raw":3338,"sigma":10,"state":"IDLE","t":"2026-07-16T11:47:19.9784259Z","type":"sample"}
{"channel":"hr","display":0,"mu":0,"quality":"OUT_OF_RANGE","raw":73,"sigma":3,"state":"IDLE","t":"2026-07-16T11:47:19.9789393Z","type":"sample"}
{"channel":"rr","display":49.65243296921549,"mu":0,"quality":"OUT_OF_RANGE","raw":1228.9,"sigma":1.5,"state":"IDLE","t":"2026-07-16T11:47:19.9892274Z","type":"sample"}
{"channel":"rr","display":49.65243296921549,"mu":0,"quality":"OUT_OF_RANGE","raw":1228,"sigma":1.5,"state":"IDLE","t":"2026-07-16T11:47:20.0275225Z","type":"sample"}
{"channel":"rr","display":49.65243296921549,"mu":0,"quality":"OUT_OF_RANGE","raw":1229.1,"sigma":1.5,"state":"IDLE","t":"2026-07-16T11:47:20.0694435Z","type":"sample"}
{"channel":"gsr","display":3336.1,"mu":0,"quality":"OK","raw":3336.1,"sigma":10,"state":"IDLE","t":"2026-07-16T11:47:20.0785438Z","type":"sample"}
{"channel":"rr","display":49.65243296921549,"mu":0,"quality":"OUT_OF_RANGE","raw":1229.1,"sigma":1.5,"state":"IDLE","t":"2026-07-16T11:47:20.1091276Z","type":"sample"}
{"channel":"rr","display":49.65243296921549,"mu":0,"quality":"OUT_OF_RANGE","raw":1228.5,"sigma":1.5,"state":"IDLE","t":"2026-07-16T11:47:20.1490013Z","type":"sample"}
{"channel":"gsr","display":3331.8,"mu":0,"quality":"OK","raw":3331.8,"sigma":10,"state":"IDLE","t":"2026-07-16T11:47:20.170319Z","type":"sample"}
{"channel":"rr","display":49.65243296921549,"mu":0,"quality":"OUT_OF_RANGE","raw":1229.5,"sigma":1.5,"state":"IDLE","t":"2026-07-16T11:47:20.1893362Z","type":"sample"}
{"channel":"rr","display":49.65243296921549,"mu":0,"quality":"OUT_OF_RANGE","raw":1226.8,"sigma":1.5,"state":"IDLE","t":"2026-07-16T11:47:20.2291844Z","type":"sample"}
{"channel":"rr","display":49.65243296921549,"mu":0,"quality":"OUT_OF_RANGE","raw":1227.8,"sigma":1.5,"state":"IDLE","t":"2026-07-16T11:47:20.2695285Z","type":"sample"}
{"channel":"gsr","display":3333.2,"mu":0,"quality":"OK","raw":3333.2,"sigma":10,"state":"IDLE","t":"2026-07-16T11:47:20.2786993Z","type":"sample"}
{"channel":"rr","display":49.65243296921549,"mu":0,"quality":"OUT_OF_RANGE","raw":1228.8,"sigma":1.5,"state":"IDLE","t":"2026-07-16T11:47:20.3093099Z","type":"sample"}
{"channel":"rr","display":49.65243296921549,"mu":0,"quality":"OUT_OF_RANGE","raw":1227.7,"sigma":1.5,"state":"IDLE","t":"2026-07-16T11:47:20.3493016Z","type":"sample"}
{"address":"/cue/p/start","args":null,"channel":"system","dir":"out","t":"2026-07-16T11:47:20.3548928Z","type":"osc"}
{"channel":"gsr","display":3327.1,"mu":0,"quality":"OK","raw":3327.1,"sigma":10,"state":"IDLE","t":"2026-07-16T11:47:20.3783544Z","type":"sample"}
{"channel":"rr","display":49.65243296921549,"mu":0,"quality":"OUT_OF_RANGE","raw":1228.3,"sigma":1.5,"state":"IDLE","t":"2026-07-16T11:47:20.389346Z","type":"sample"}
{"channel":"rr","display":49.65243296921549,"mu":0,"quality":"OUT_OF_RANGE","raw":1228.1,"sigma":1.5,"state":"IDLE","t":"2026-07-16T11:47:20.4293501Z","type":"sample"}
{"channel":"rr","display":49.65243296921549,"mu":0,"quality":"OUT_OF_RANGE","raw":1228.4,"sigma":1.5,"state":"IDLE","t":"2026-07-16T11:47:20.4691041Z","type":"sample"}
{"channel":"gsr","display":3323.8,"mu":0,"quality":"OK","raw":3323.8,"sigma":10,"state":"IDLE","t":"2026-07-16T11:47:20.4783549Z","type":"sample"}
{"channel":"hr","display":0,"mu":0,"quality":"OUT_OF_RANGE","raw":73,"sigma":3,"state":"IDLE","t":"2026-07-16T11:47:20.4788709Z","type":"sample"}
{"channel":"rr","display":49.65243296921549,"mu":0,"quality":"OUT_OF_RANGE","raw":1229.1,"sigma":1.5,"state":"IDLE","t":"2026-07-16T11:47:20.5093916Z","type":"sample"}
{"channel":"rr","display":49.65243296921549,"mu":0,"quality":"OUT_OF_RANGE","raw":1227.9,"sigma":1.5,"state":"IDLE","t":"2026-07-16T11:47:20.5491389Z","type":"sample"}
{"address":"/cue/g1/start","args":null,"channel":"system","dir":"out","t":"2026-07-16T11:47:20.5759527Z","type":"osc"}
{"channel":"gsr","display":3320.1,"mu":0,"quality":"OK","raw":3320.1,"sigma":10,"state":"IDLE","t":"2026-07-16T11:47:20.5784678Z","type":"sample"}
{"channel":"rr","display":49.65243296921549,"mu":0,"quality":"OUT_OF_RANGE","raw":1229.7,"sigma":1.5,"state":"IDLE","t":"2026-07-16T11:47:20.5892325Z","type":"sample"}
{"channel":"rr","display":49.65243296921549,"mu":0,"quality":"OUT_OF_RANGE","raw":1228.8,"sigma":1.5,"state":"IDLE","t":"2026-07-16T11:47:20.629375Z","type":"sample"}
{"channel":"rr","display":49.65243296921549,"mu":0,"quality":"OUT_OF_RANGE","raw":1229,"sigma":1.5,"state":"IDLE","t":"2026-07-16T11:47:20.6694014Z","type":"sample"}
{"channel":"gsr","display":3316.7,"mu":0,"quality":"OK","raw":3316.7,"sigma":10,"state":"IDLE","t":"2026-07-16T11:47:20.6781264Z","type":"sample"}
{"channel":"rr","display":49.65243296921549,"mu":0,"quality":"OUT_OF_RANGE","raw":1229.1,"sigma":1.5,"state":"IDLE","t":"2026-07-16T11:47:20.7090542Z","type":"sample"}
{"channel":"rr","display":49.65243296921549,"mu":0,"quality":"OUT_OF_RANGE","raw":1228.9,"sigma":1.5,"state":"IDLE","t":"2026-07-16T11:47:20.7492001Z","type":"sample"}
{"channel":"gsr","display":3316.4,"mu":0,"quality":"OK","raw":3316.4,"sigma":10,"state":"IDLE","t":"2026-07-16T11:47:20.7749956Z","type":"sample"}
{"channel":"rr","display":49.65243296921549,"mu":0,"quality":"OUT_OF_RANGE","raw":1229.6,"sigma":1.5,"state":"IDLE","t":"2026-07-16T11:47:20.789258Z","type":"sample"}
{"channel":"rr","display":49.65243296921549,"mu":0,"quality":"OUT_OF_RANGE","raw":1229.4,"sigma":1.5,"state":"IDLE","t":"2026-07-16T11:47:20.827039Z","type":"sample"}
{"channel":"rr","display":49.65243296921549,"mu":0,"quality":"OUT_OF_RANGE","raw":1228.8,"sigma":1.5,"state":"IDLE","t":"2026-07-16T11:47:20.8693372Z","type":"sample"}
{"channel":"gsr","display":3315.6,"mu":0,"quality":"OK","raw":3315.6,"sigma":10,"state":"IDLE","t":"2026-07-16T11:47:20.8781694Z","type":"sample"}
{"channel":"rr","display":49.65243296921549,"mu":0,"quality":"OUT_OF_RANGE","raw":1229,"sigma":1.5,"state":"IDLE","t":"2026-07-16T11:47:20.9094038Z","type":"sample"}
{"channel":"rr","display":49.65243296921549,"mu":0,"quality":"OUT_OF_RANGE","raw":1228.5,"sigma":1.5,"state":"IDLE","t":"2026-07-16T11:47:20.9492554Z","type":"sample"}
{"channel":"gsr","display":3310.7,"mu":0,"quality":"OK","raw":3310.7,"sigma":10,"state":"IDLE","t":"2026-07-16T11:47:20.9717162Z","type":"sample"}
{"channel":"hr","display":0,"mu":0,"quality":"OUT_OF_RANGE","raw":73,"sigma":3,"state":"IDLE","t":"2026-07-16T11:47:20.9717162Z","type":"sample"}
{"channel":"rr","display":49.65243296921549,"mu":0,"quality":"OUT_OF_RANGE","raw":1229.3,"sigma":1.5,"state":"IDLE","t":"2026-07-16T11:47:20.9893607Z","type":"sample"}
{"channel":"rr","display":49.65243296921549,"mu":0,"quality":"OUT_OF_RANGE","raw":1229.6,"sigma":1.5,"state":"IDLE","t":"2026-07-16T11:47:21.0292398Z","type":"sample"}
{"channel":"rr","display":49.65243296921549,"mu":0,"quality":"OUT_OF_RANGE","raw":1228.5,"sigma":1.5,"state":"IDLE","t":"2026-07-16T11:47:21.0692163Z","type":"sample"}
{"channel":"gsr","display":3313.6,"mu":0,"quality":"OK","raw":3313.6,"sigma":10,"state":"IDLE","t":"2026-07-16T11:47:21.0784405Z","type":"sample"}
{"channel":"rr","display":49.65243296921549,"mu":0,"quality":"OUT_OF_RANGE","raw":1229.5,"sigma":1.5,"state":"IDLE","t":"2026-07-16T11:47:21.1075537Z","type":"sample"}
{"channel":"rr","display":49.65243296921549,"mu":0,"quality":"OUT_OF_RANGE","raw":1228.8,"sigma":1.5,"state":"IDLE","t":"2026-07-16T11:47:21.1492566Z","type":"sample"}
{"channel":"gsr","display":3306,"mu":0,"quality":"OK","raw":3306,"sigma":10,"state":"IDLE","t":"2026-07-16T11:47:21.1760997Z","type":"sample"}
{"channel":"rr","display":49.65243296921549,"mu":0,"quality":"OUT_OF_RANGE","raw":1228.9,"sigma":1.5,"state":"IDLE","t":"2026-07-16T11:47:21.1889844Z","type":"sample"}
{"channel":"rr","display":49.65243296921549,"mu":0,"quality":"OUT_OF_RANGE","raw":1229.7,"sigma":1.5,"state":"IDLE","t":"2026-07-16T11:47:21.2291532Z","type":"sample"}
{"channel":"rr","display":49.65243296921549,"mu":0,"quality":"OUT_OF_RANGE","raw":1229,"sigma":1.5,"state":"IDLE","t":"2026-07-16T11:47:21.269134Z","type":"sample"}
{"channel":"gsr","display":3304.2,"mu":0,"quality":"OK","raw":3304.2,"sigma":10,"state":"IDLE","t":"2026-07-16T11:47:21.2785817Z","type":"sample"}
{"channel":"rr","display":49.65243296921549,"mu":0,"quality":"OUT_OF_RANGE","raw":1229.1,"sigma":1.5,"state":"IDLE","t":"2026-07-16T11:47:21.3055392Z","type":"sample"}
{"channel":"rr","display":49.65243296921549,"mu":0,"quality":"OUT_OF_RANGE","raw":1229.4,"sigma":1.5,"state":"IDLE","t":"2026-07-16T11:47:21.349086Z","type":"sample"}
{"address":"/cue/p/start","args":null,"channel":"system","dir":"out","t":"2026-07-16T11:47:21.3524099Z","type":"osc"}
{"channel":"gsr","display":3305,"mu":0,"quality":"OK","raw":3305,"sigma":10,"state":"IDLE","t":"2026-07-16T11:47:21.3784093Z","type":"sample"}
{"channel":"rr","display":49.65243296921549,"mu":0,"quality":"OUT_OF_RANGE","raw":1229,"sigma":1.5,"state":"IDLE","t":"2026-07-16T11:47:21.3893239Z","type":"sample"}
{"channel":"rr","display":49.65243296921549,"mu":0,"quality":"OUT_OF_RANGE","raw":1228.1,"sigma":1.5,"state":"IDLE","t":"2026-07-16T11:47:21.4290772Z","type":"sample"}
{"channel":"rr","display":49.65243296921549,"mu":0,"quality":"OUT_OF_RANGE","raw":1229.4,"sigma":1.5,"state":"IDLE","t":"2026-07-16T11:47:21.46928Z","type":"sample"}
{"channel":"gsr","display":3301.7,"mu":0,"quality":"OK","raw":3301.7,"sigma":10,"state":"IDLE","t":"2026-07-16T11:47:21.4782604Z","type":"sample"}
{"channel":"hr","display":0,"mu":0,"quality":"OUT_OF_RANGE","raw":74,"sigma":3,"state":"IDLE","t":"2026-07-16T11:47:21.4787819Z","type":"sample"}
{"channel":"rr","display":49.65243296921549,"mu":0,"quality":"OUT_OF_RANGE","raw":1230.6,"sigma":1.5,"state":"IDLE","t":"2026-07-16T11:47:21.511411Z","type":"sample"}
{"channel":"rr","display":49.65243296921549,"mu":0,"quality":"OUT_OF_RANGE","raw":1228.7,"sigma":1.5,"state":"IDLE","t":"2026-07-16T11:47:21.5493093Z","type":"sample"}
{"channel":"gsr","display":3302.7,"mu":0,"quality":"OK","raw":3302.7,"sigma":10,"state":"IDLE","t":"2026-07-16T11:47:21.5783054Z","type":"sample"}
{"channel":"rr","display":49.65243296921549,"mu":0,"quality":"OUT_OF_RANGE","raw":1230,"sigma":1.5,"state":"IDLE","t":"2026-07-16T11:47:21.5893488Z","type":"sample"}
{"channel":"rr","display":49.65243296921549,"mu":0,"quality":"OUT_OF_RANGE","raw":1228.8,"sigma":1.5,"state":"IDLE","t":"2026-07-16T11:47:21.6293551Z","type":"sample"}
{"address":"/cue/g1/start","args":null,"channel":"system","dir":"out","t":"2026-07-16T11:47:21.6478515Z","type":"osc"}
{"channel":"rr","display":49.65243296921549,"mu":0,"quality":"OUT_OF_RANGE","raw":1229.9,"sigma":1.5,"state":"IDLE","t":"2026-07-16T11:47:21.6693263Z","type":"sample"}
{"channel":"gsr","display":3301,"mu":0,"quality":"OK","raw":3301,"sigma":10,"state":"IDLE","t":"2026-07-16T11:47:21.6767171Z","type":"sample"}
{"channel":"rr","display":49.65243296921549,"mu":0,"quality":"OUT_OF_RANGE","raw":1228,"sigma":1.5,"state":"IDLE","t":"2026-07-16T11:47:21.7090693Z","type":"sample"}
{"channel":"rr","display":49.65243296921549,"mu":0,"quality":"OUT_OF_RANGE","raw":1230.4,"sigma":1.5,"state":"IDLE","t":"2026-07-16T11:47:21.7492336Z","type":"sample"}
{"channel":"gsr","display":3300,"mu":0,"quality":"OK","raw":3300,"sigma":10,"state":"IDLE","t":"2026-07-16T11:47:21.7756528Z","type":"sample"}
{"channel":"rr","display":49.65243296921549,"mu":0,"quality":"OUT_OF_RANGE","raw":1228.6,"sigma":1.5,"state":"IDLE","t":"2026-07-16T11:47:21.7893264Z","type":"sample"}
{"channel":"rr","display":49.65243296921549,"mu":0,"quality":"OUT_OF_RANGE","raw":1228.9,"sigma":1.5,"state":"IDLE","t":"2026-07-16T11:47:21.8291108Z","type":"sample"}
{"channel":"rr","display":49.65243296921549,"mu":0,"quality":"OUT_OF_RANGE","raw":1229.6,"sigma":1.5,"state":"IDLE","t":"2026-07-16T11:47:21.86924Z","type":"sample"}
{"channel":"gsr","display":3302.3,"mu":0,"quality":"OK","raw":3302.3,"sigma":10,"state":"IDLE","t":"2026-07-16T11:47:21.8781965Z","type":"sample"}
{"channel":"rr","display":49.65243296921549,"mu":0,"quality":"OUT_OF_RANGE","raw":1230.2,"sigma":1.5,"state":"IDLE","t":"2026-07-16T11:47:21.9047589Z","type":"sample"}
{"channel":"rr","display":49.65243296921549,"mu":0,"quality":"OUT_OF_RANGE","raw":1228.9,"sigma":1.5,"state":"IDLE","t":"2026-07-16T11:47:21.9492821Z","type":"sample"}
{"channel":"gsr","display":3303,"mu":0,"quality":"OK","raw":3303,"sigma":10,"state":"IDLE","t":"2026-07-16T11:47:21.9785228Z","type":"sample"}
{"channel":"hr","display":0,"mu":0,"quality":"OUT_OF_RANGE","raw":74,"sigma":3,"state":"IDLE","t":"2026-07-16T11:47:21.9785228Z","type":"sample"}
{"channel":"rr","display":49.65243296921549,"mu":0,"quality":"OUT_OF_RANGE","raw":1229.4,"sigma":1.5,"state":"IDLE","t":"2026-07-16T11:47:21.9885526Z","type":"sample"}
{"channel":"rr","display":49.65243296921549,"mu":0,"quality":"OUT_OF_RANGE","raw":1227.6,"sigma":1.5,"state":"IDLE","t":"2026-07-16T11:47:22.0290338Z","type":"sample"}
{"channel":"rr","display":49.65243296921549,"mu":0,"quality":"OUT_OF_RANGE","raw":1228.6,"sigma":1.5,"state":"IDLE","t":"2026-07-16T11:47:22.0691554Z","type":"sample"}
{"channel":"gsr","display":3301.9,"mu":0,"quality":"OK","raw":3301.9,"sigma":10,"state":"IDLE","t":"2026-07-16T11:47:22.0784835Z","type":"sample"}
{"channel":"rr","display":49.65243296921549,"mu":0,"quality":"OUT_OF_RANGE","raw":1230.4,"sigma":1.5,"state":"IDLE","t":"2026-07-16T11:47:22.108469Z","type":"sample"}
{"channel":"rr","display":49.65243296921549,"mu":0,"quality":"OUT_OF_RANGE","raw":1228.6,"sigma":1.5,"state":"IDLE","t":"2026-07-16T11:47:22.1494121Z","type":"sample"}
{"channel":"gsr","display":3306.6,"mu":0,"quality":"OK","raw":3306.6,"sigma":10,"state":"IDLE","t":"2026-07-16T11:47:22.1750366Z","type":"sample"}
{"channel":"rr","display":49.65243296921549,"mu":0,"quality":"OUT_OF_RANGE","raw":1229.7,"sigma":1.5,"state":"IDLE","t":"2026-07-16T11:47:22.1892918Z","type":"sample"}
{"channel":"rr","display":49.65243296921549,"mu":0,"quality":"OUT_OF_RANGE","raw":1229.1,"sigma":1.5,"state":"IDLE","t":"2026-07-16T11:47:22.2292376Z","type":"sample"}
{"channel":"rr","display":49.65243296921549,"mu":0,"quality":"OUT_OF_RANGE","raw":1230.4,"sigma":1.5,"state":"IDLE","t":"2026-07-16T11:47:22.2692511Z","type":"sample"}
{"channel":"gsr","display":3307.4,"mu":0,"quality":"OK","raw":3307.4,"sigma":10,"state":"IDLE","t":"2026-07-16T11:47:22.2783104Z","type":"sample"}
{"channel":"rr","display":49.65243296921549,"mu":0,"quality":"OUT_OF_RANGE","raw":1229.8,"sigma":1.5,"state":"IDLE","t":"2026-07-16T11:47:22.3085052Z","type":"sample"}
{"channel":"rr","display":49.65243296921549,"mu":0,"quality":"OUT_OF_RANGE","raw":1228.9,"sigma":1.5,"state":"IDLE","t":"2026-07-16T11:47:22.3404442Z","type":"sample"}
{"address":"/cue/p/start","args":null,"channel":"system","dir":"out","t":"2026-07-16T11:47:22.3513741Z","type":"osc"}
{"channel":"gsr","display":3307.3,"mu":0,"quality":"OK","raw":3307.3,"sigma":10,"state":"IDLE","t":"2026-07-16T11:47:22.3782888Z","type":"sample"}
{"channel":"rr","display":49.65243296921549,"mu":0,"quality":"OUT_OF_RANGE","raw":1228.8,"sigma":1.5,"state":"IDLE","t":"2026-07-16T11:47:22.3893897Z","type":"sample"}
{"channel":"rr","display":49.65243296921549,"mu":0,"quality":"OUT_OF_RANGE","raw":1228.7,"sigma":1.5,"state":"IDLE","t":"2026-07-16T11:47:22.4269925Z","type":"sample"}
{"channel":"rr","display":49.65243296921549,"mu":0,"quality":"OUT_OF_RANGE","raw":1228.7,"sigma":1.5,"state":"IDLE","t":"2026-07-16T11:47:22.4692432Z","type":"sample"}
{"channel":"gsr","display":3309.8,"mu":0,"quality":"OK","raw":3309.8,"sigma":10,"state":"IDLE","t":"2026-07-16T11:47:22.4785065Z","type":"sample"}
{"channel":"hr","display":0,"mu":0,"quality":"OUT_OF_RANGE","raw":74,"sigma":3,"state":"IDLE","t":"2026-07-16T11:47:22.4785065Z","type":"sample"}
{"channel":"rr","display":49.65243296921549,"mu":0,"quality":"OUT_OF_RANGE","raw":1229.6,"sigma":1.5,"state":"IDLE","t":"2026-07-16T11:47:22.5091013Z","type":"sample"}
{"channel":"rr","display":49.65243296921549,"mu":0,"quality":"OUT_OF_RANGE","raw":1228.8,"sigma":1.5,"state":"IDLE","t":"2026-07-16T11:47:22.5493291Z","type":"sample"}
{"channel":"gsr","display":3311,"mu":0,"quality":"OK","raw":3311,"sigma":10,"state":"IDLE","t":"2026-07-16T11:47:22.5748707Z","type":"sample"}
{"channel":"rr","display":49.65243296921549,"mu":0,"quality":"OUT_OF_RANGE","raw":1228.9,"sigma":1.5,"state":"IDLE","t":"2026-07-16T11:47:22.5892896Z","type":"sample"}
{"channel":"rr","display":49.65243296921549,"mu":0,"quality":"OUT_OF_RANGE","raw":1229.2,"sigma":1.5,"state":"IDLE","t":"2026-07-16T11:47:22.6291805Z","type":"sample"}
{"channel":"rr","display":49.65243296921549,"mu":0,"quality":"OUT_OF_RANGE","raw":1229.9,"sigma":1.5,"state":"IDLE","t":"2026-07-16T11:47:22.6692433Z","type":"sample"}
{"channel":"gsr","display":3306.9,"mu":0,"quality":"OK","raw":3306.9,"sigma":10,"state":"IDLE","t":"2026-07-16T11:47:22.6782073Z","type":"sample"}
{"address":"/cue/g1/start","args":null,"channel":"system","dir":"out","t":"2026-07-16T11:47:22.7036409Z","type":"osc"}
{"channel":"rr","display":49.65243296921549,"mu":0,"quality":"OUT_OF_RANGE","raw":1230.3,"sigma":1.5,"state":"IDLE","t":"2026-07-16T11:47:22.7092743Z","type":"sample"}
{"channel":"rr","display":49.65243296921549,"mu":0,"quality":"OUT_OF_RANGE","raw":1228.9,"sigma":1.5,"state":"IDLE","t":"2026-07-16T11:47:22.7493665Z","type":"sample"}
{"channel":"gsr","display":3312.2,"mu":0,"quality":"OK","raw":3312.2,"sigma":10,"state":"IDLE","t":"2026-07-16T11:47:22.7755746Z","type":"sample"}
{"channel":"rr","display":49.65243296921549,"mu":0,"quality":"OUT_OF_RANGE","raw":1229.6,"sigma":1.5,"state":"IDLE","t":"2026-07-16T11:47:22.7893946Z","type":"sample"}
{"channel":"rr","display":49.65243296921549,"mu":0,"quality":"OUT_OF_RANGE","raw":1229.8,"sigma":1.5,"state":"IDLE","t":"2026-07-16T11:47:22.8292927Z","type":"sample"}
{"channel":"rr","display":49.65243296921549,"mu":0,"quality":"OUT_OF_RANGE","raw":1228.4,"sigma":1.5,"state":"IDLE","t":"2026-07-16T11:47:22.8691409Z","type":"sample"}
{"channel":"gsr","display":3315.6,"mu":0,"quality":"OK","raw":3315.6,"sigma":10,"state":"IDLE","t":"2026-07-16T11:47:22.8785231Z","type":"sample"}
{"channel":"rr","display":49.65243296921549,"mu":0,"quality":"OUT_OF_RANGE","raw":1229.4,"sigma":1.5,"state":"IDLE","t":"2026-07-16T11:47:22.9090925Z","type":"sample"}
{"channel":"rr","display":49.65243296921549,"mu":0,"quality":"OUT_OF_RANGE","raw":1229.1,"sigma":1.5,"state":"IDLE","t":"2026-07-16T11:47:22.9494737Z","type":"sample"}
{"channel":"gsr","display":3316.3,"mu":0,"quality":"OK","raw":3316.3,"sigma":10,"state":"IDLE","t":"2026-07-16T11:47:22.9758453Z","type":"sample"}
{"channel":"hr","display":0,"mu":0,"quality":"OUT_OF_RANGE","raw":74,"sigma":3,"state":"IDLE","t":"2026-07-16T11:47:22.9758453Z","type":"sample"}
{"channel":"rr","display":49.65243296921549,"mu":0,"quality":"OUT_OF_RANGE","raw":1228.3,"sigma":1.5,"state":"IDLE","t":"2026-07-16T11:47:22.9893488Z","type":"sample"}
{"channel":"rr","display":49.65243296921549,"mu":0,"quality":"OUT_OF_RANGE","raw":1229.2,"sigma":1.5,"state":"IDLE","t":"2026-07-16T11:47:23.029383Z","type":"sample"}
{"channel":"rr","display":49.65243296921549,"mu":0,"quality":"OUT_OF_RANGE","raw":1228.9,"sigma":1.5,"state":"IDLE","t":"2026-07-16T11:47:23.0686415Z","type":"sample"}
{"channel":"gsr","display":3319.8,"mu":0,"quality":"OK","raw":3319.8,"sigma":10,"state":"IDLE","t":"2026-07-16T11:47:23.0752833Z","type":"sample"}
{"channel":"rr","display":49.65243296921549,"mu":0,"quality":"OUT_OF_RANGE","raw":1230.3,"sigma":1.5,"state":"IDLE","t":"2026-07-16T11:47:23.1089455Z","type":"sample"}
{"channel":"rr","display":49.65243296921549,"mu":0,"quality":"OUT_OF_RANGE","raw":1229.1,"sigma":1.5,"state":"IDLE","t":"2026-07-16T11:47:23.1490721Z","type":"sample"}
{"channel":"gsr","display":3316.9,"mu":0,"quality":"OK","raw":3316.9,"sigma":10,"state":"IDLE","t":"2026-07-16T11:47:23.1755183Z","type":"sample"}
{"channel":"rr","display":49.65243296921549,"mu":0,"quality":"OUT_OF_RANGE","raw":1227.8,"sigma":1.5,"state":"IDLE","t":"2026-07-16T11:47:23.1892829Z","type":"sample"}
{"channel":"rr","display":49.65243296921549,"mu":0,"quality":"OUT_OF_RANGE","raw":1229.6,"sigma":1.5,"state":"IDLE","t":"2026-07-16T11:47:23.2292237Z","type":"sample"}
{"channel":"rr","display":49.65243296921549,"mu":0,"quality":"OUT_OF_RANGE","raw":1229.6,"sigma":1.5,"state":"IDLE","t":"2026-07-16T11:47:23.2691193Z","type":"sample"}
{"channel":"gsr","display":3320.6,"mu":0,"quality":"OK","raw":3320.6,"sigma":10,"state":"IDLE","t":"2026-07-16T11:47:23.2780439Z","type":"sample"}
{"channel":"rr","display":49.65243296921549,"mu":0,"quality":"OUT_OF_RANGE","raw":1229.6,"sigma":1.5,"state":"IDLE","t":"2026-07-16T11:47:23.3094068Z","type":"sample"}
{"channel":"rr","display":49.65243296921549,"mu":0,"quality":"OUT_OF_RANGE","raw":1229.5,"sigma":1.5,"state":"IDLE","t":"2026-07-16T11:47:23.3493798Z","type":"sample"}
{"address":"/cue/p/start","args":null,"channel":"system","dir":"out","t":"2026-07-16T11:47:23.3508416Z","type":"osc"}
{"channel":"gsr","display":3324.9,"mu":0,"quality":"OK","raw":3324.9,"sigma":10,"state":"IDLE","t":"2026-07-16T11:47:23.378314Z","type":"sample"}
{"channel":"rr","display":49.65243296921549,"mu":0,"quality":"OUT_OF_RANGE","raw":1230.1,"sigma":1.5,"state":"IDLE","t":"2026-07-16T11:47:23.3893519Z","type":"sample"}
{"channel":"rr","display":49.65243296921549,"mu":0,"quality":"OUT_OF_RANGE","raw":1231.1,"sigma":1.5,"state":"IDLE","t":"2026-07-16T11:47:23.4198804Z","type":"sample"}
{"channel":"rr","display":49.65243296921549,"mu":0,"quality":"OUT_OF_RANGE","raw":1231.6,"sigma":1.5,"state":"IDLE","t":"2026-07-16T11:47:23.4690847Z","type":"sample"}
{"channel":"gsr","display":3321.1,"mu":0,"quality":"OK","raw":3321.1,"sigma":10,"state":"IDLE","t":"2026-07-16T11:47:23.4781891Z","type":"sample"}
{"channel":"hr","display":0,"mu":0,"quality":"OUT_OF_RANGE","raw":74,"sigma":3,"state":"IDLE","t":"2026-07-16T11:47:23.53916Z","type":"sample"}
{"channel":"rr","display":49.65243296921549,"mu":0,"quality":"OUT_OF_RANGE","raw":1233.1,"sigma":1.5,"state":"IDLE","t":"2026-07-16T11:47:23.5444186Z","type":"sample"}
{"channel":"gsr","display":3324.6,"mu":0,"quality":"OK","raw":3324.6,"sigma":10,"state":"IDLE","t":"2026-07-16T11:47:23.5773826Z","type":"sample"}
{"channel":"rr","display":49.65243296921549,"mu":0,"quality":"OUT_OF_RANGE","raw":1233.7,"sigma":1.5,"state":"IDLE","t":"2026-07-16T11:47:23.5843274Z","type":"sample"}
{"channel":"rr","display":49.65243296921549,"mu":0,"quality":"OUT_OF_RANGE","raw":1232.4,"sigma":1.5,"state":"IDLE","t":"2026-07-16T11:47:23.6226576Z","type":"sample"}
{"channel":"rr","display":49.65243296921549,"mu":0,"quality":"OUT_OF_RANGE","raw":1234.1,"sigma":1.5,"state":"IDLE","t":"2026-07-16T11:47:23.6633176Z","type":"sample"}
{"channel":"gsr","display":3326.3,"mu":0,"quality":"OK","raw":3326.3,"sigma":10,"state":"IDLE","t":"2026-07-16T11:47:23.6781185Z","type":"sample"}
{"channel":"rr","display":49.65243296921549,"mu":0,"quality":"OUT_OF_RANGE","raw":1232.8,"sigma":1.5,"state":"IDLE","t":"2026-07-16T11:47:23.7043138Z","type":"sample"}
{"channel":"rr","display":49.65243296921549,"mu":0,"quality":"OUT_OF_RANGE","raw":1233.8,"sigma":1.5,"state":"IDLE","t":"2026-07-16T11:47:23.7402442Z","type":"sample"}
{"address":"/cue/g1/start","args":null,"channel":"system","dir":"out","t":"2026-07-16T11:47:23.7646681Z","type":"osc"}
{"channel":"gsr","display":3330.1,"mu":0,"quality":"OK","raw":3330.1,"sigma":10,"state":"IDLE","t":"2026-07-16T11:47:23.7758184Z","type":"sample"}
{"channel":"rr","display":49.65243296921549,"mu":0,"quality":"OUT_OF_RANGE","raw":1233.1,"sigma":1.5,"state":"IDLE","t":"2026-07-16T11:47:23.7839826Z","type":"sample"}
{"channel":"rr","display":49.65243296921549,"mu":0,"quality":"OUT_OF_RANGE","raw":1232.6,"sigma":1.5,"state":"IDLE","t":"2026-07-16T11:47:23.8241254Z","type":"sample"}
{"channel":"rr","display":49.65243296921549,"mu":0,"quality":"OUT_OF_RANGE","raw":1233.2,"sigma":1.5,"state":"IDLE","t":"2026-07-16T11:47:23.8637136Z","type":"sample"}
{"channel":"gsr","display":3334.6,"mu":0,"quality":"OK","raw":3334.6,"sigma":10,"state":"IDLE","t":"2026-07-16T11:47:23.8783709Z","type":"sample"}
{"channel":"rr","display":49.65243296921549,"mu":0,"quality":"OUT_OF_RANGE","raw":1234.6,"sigma":1.5,"state":"IDLE","t":"2026-07-16T11:47:23.9034713Z","type":"sample"}
{"channel":"rr","display":49.65243296921549,"mu":0,"quality":"OUT_OF_RANGE","raw":1233.7,"sigma":1.5,"state":"IDLE","t":"2026-07-16T11:47:23.9444282Z","type":"sample"}
{"channel":"gsr","display":3341.9,"mu":0,"quality":"OK","raw":3341.9,"sigma":10,"state":"IDLE","t":"2026-07-16T11:47:23.9759649Z","type":"sample"}
{"channel":"hr","display":0,"mu":0,"quality":"OUT_OF_RANGE","raw":74,"sigma":3,"state":"IDLE","t":"2026-07-16T11:47:23.9759649Z","type":"sample"}
{"channel":"rr","display":49.65243296921549,"mu":0,"quality":"OUT_OF_RANGE","raw":1233.9,"sigma":1.5,"state":"IDLE","t":"2026-07-16T11:47:23.9842802Z","type":"sample"}
{"channel":"rr","display":49.65243296921549,"mu":0,"quality":"OUT_OF_RANGE","raw":1234.1,"sigma":1.5,"state":"IDLE","t":"2026-07-16T11:47:24.021012Z","type":"sample"}
{"channel":"rr","display":49.65243296921549,"mu":0,"quality":"OUT_OF_RANGE","raw":1236.2,"sigma":1.5,"state":"IDLE","t":"2026-07-16T11:47:24.064291Z","type":"sample"}
{"channel":"gsr","display":3342.8,"mu":0,"quality":"OK","raw":3342.8,"sigma":10,"state":"IDLE","t":"2026-07-16T11:47:24.0784341Z","type":"sample"}
{"channel":"rr","display":49.65243296921549,"mu":0,"quality":"OUT_OF_RANGE","raw":1234.4,"sigma":1.5,"state":"IDLE","t":"2026-07-16T11:47:24.1041027Z","type":"sample"}
{"channel":"rr","display":49.65243296921549,"mu":0,"quality":"OUT_OF_RANGE","raw":1235.6,"sigma":1.5,"state":"IDLE","t":"2026-07-16T11:47:24.143955Z","type":"sample"}
{"channel":"gsr","display":3349.8,"mu":0,"quality":"OK","raw":3349.8,"sigma":10,"state":"IDLE","t":"2026-07-16T11:47:24.1764543Z","type":"sample"}
{"channel":"rr","display":49.65243296921549,"mu":0,"quality":"OUT_OF_RANGE","raw":1234.6,"sigma":1.5,"state":"IDLE","t":"2026-07-16T11:47:24.1839067Z","type":"sample"}
{"channel":"rr","display":49.65243296921549,"mu":0,"quality":"OUT_OF_RANGE","raw":1235.1,"sigma":1.5,"state":"IDLE","t":"2026-07-16T11:47:24.2207017Z","type":"sample"}
{"channel":"rr","display":49.65243296921549,"mu":0,"quality":"OUT_OF_RANGE","raw":1235.9,"sigma":1.5,"state":"IDLE","t":"2026-07-16T11:47:24.2604075Z","type":"sample"}
{"channel":"gsr","display":3349.8,"mu":0,"quality":"OK","raw":3349.8,"sigma":10,"state":"IDLE","t":"2026-07-16T11:47:24.2785503Z","type":"sample"}
{"channel":"rr","display":49.65243296921549,"mu":0,"quality":"OUT_OF_RANGE","raw":1235.3,"sigma":1.5,"state":"IDLE","t":"2026-07-16T11:47:24.3016196Z","type":"sample"}
{"channel":"rr","display":49.65243296921549,"mu":0,"quality":"OUT_OF_RANGE","raw":1234.1,"sigma":1.5,"state":"IDLE","t":"2026-07-16T11:47:24.3415905Z","type":"sample"}
{"address":"/cue/p/start","args":null,"channel":"system","dir":"out","t":"2026-07-16T11:47:24.3508855Z","type":"osc"}
{"channel":"gsr","display":3352.1,"mu":0,"quality":"OK","raw":3352.1,"sigma":10,"state":"IDLE","t":"2026-07-16T11:47:24.3763819Z","type":"sample"}
{"channel":"rr","display":49.65243296921549,"mu":0,"quality":"OUT_OF_RANGE","raw":1235,"sigma":1.5,"state":"IDLE","t":"2026-07-16T11:47:24.3843049Z","type":"sample"}
{"channel":"rr","display":49.65243296921549,"mu":0,"quality":"OUT_OF_RANGE","raw":1234.6,"sigma":1.5,"state":"IDLE","t":"2026-07-16T11:47:24.4235061Z","type":"sample"}
{"channel":"rr","display":49.65243296921549,"mu":0,"quality":"OUT_OF_RANGE","raw":1233.9,"sigma":1.5,"state":"IDLE","t":"2026-07-16T11:47:24.4599006Z","type":"sample"}
{"channel":"gsr","display":3354,"mu":0,"quality":"OK","raw":3354,"sigma":10,"state":"IDLE","t":"2026-07-16T11:47:24.4784319Z","type":"sample"}
{"channel":"hr","display":0,"mu":0,"quality":"OUT_OF_RANGE","raw":74,"sigma":3,"state":"IDLE","t":"2026-07-16T11:47:24.4789407Z","type":"sample"}
{"channel":"rr","display":49.65243296921549,"mu":0,"quality":"OUT_OF_RANGE","raw":1233.9,"sigma":1.5,"state":"IDLE","t":"2026-07-16T11:47:24.5043215Z","type":"sample"}
{"channel":"rr","display":49.65243296921549,"mu":0,"quality":"OUT_OF_RANGE","raw":1233.7,"sigma":1.5,"state":"IDLE","t":"2026-07-16T11:47:24.5442948Z","type":"sample"}
{"channel":"gsr","display":3356.1,"mu":0,"quality":"OK","raw":3356.1,"sigma":10,"state":"IDLE","t":"2026-07-16T11:47:24.5762526Z","type":"sample"}
{"channel":"rr","display":49.65243296921549,"mu":0,"quality":"OUT_OF_RANGE","raw":1232.1,"sigma":1.5,"state":"IDLE","t":"2026-07-16T11:47:24.5842563Z","type":"sample"}
{"channel":"rr","display":49.65243296921549,"mu":0,"quality":"OUT_OF_RANGE","raw":1232.7,"sigma":1.5,"state":"IDLE","t":"2026-07-16T11:47:24.6204539Z","type":"sample"}
{"channel":"rr","display":49.65243296921549,"mu":0,"quality":"OUT_OF_RANGE","raw":1233.7,"sigma":1.5,"state":"IDLE","t":"2026-07-16T11:47:24.6605976Z","type":"sample"}
{"channel":"gsr","display":3360.9,"mu":0,"quality":"OK","raw":3360.9,"sigma":10,"state":"IDLE","t":"2026-07-16T11:47:24.6785242Z","type":"sample"}
{"channel":"rr","display":49.65243296921549,"mu":0,"quality":"OUT_OF_RANGE","raw":1233.2,"sigma":1.5,"state":"IDLE","t":"2026-07-16T11:47:24.7042793Z","type":"sample"}
{"channel":"rr","display":49.65243296921549,"mu":0,"quality":"OUT_OF_RANGE","raw":1232.9,"sigma":1.5,"state":"IDLE","t":"2026-07-16T11:47:24.7436184Z","type":"sample"}
{"channel":"gsr","display":3361,"mu":0,"quality":"OK","raw":3361,"sigma":10,"state":"IDLE","t":"2026-07-16T11:47:24.7780794Z","type":"sample"}
{"channel":"rr","display":49.65243296921549,"mu":0,"quality":"OUT_OF_RANGE","raw":1232.9,"sigma":1.5,"state":"IDLE","t":"2026-07-16T11:47:24.7837789Z","type":"sample"}
{"channel":"rr","display":49.65243296921549,"mu":0,"quality":"OUT_OF_RANGE","raw":1233.4,"sigma":1.5,"state":"IDLE","t":"2026-07-16T11:47:24.8200623Z","type":"sample"}
{"address":"/cue/g1/start","args":null,"channel":"system","dir":"out","t":"2026-07-16T11:47:24.84853Z","type":"osc"}
{"channel":"rr","display":49.65243296921549,"mu":0,"quality":"OUT_OF_RANGE","raw":1232.6,"sigma":1.5,"state":"IDLE","t":"2026-07-16T11:47:24.8639044Z","type":"sample"}
{"channel":"gsr","display":3369.5,"mu":0,"quality":"OK","raw":3369.5,"sigma":10,"state":"IDLE","t":"2026-07-16T11:47:24.8776032Z","type":"sample"}
{"channel":"rr","display":49.65243296921549,"mu":0,"quality":"OUT_OF_RANGE","raw":1233.6,"sigma":1.5,"state":"IDLE","t":"2026-07-16T11:47:24.9039055Z","type":"sample"}
{"channel":"rr","display":49.65243296921549,"mu":0,"quality":"OUT_OF_RANGE","raw":1233.5,"sigma":1.5,"state":"IDLE","t":"2026-07-16T11:47:24.944437Z","type":"sample"}
{"channel":"gsr","display":3366.1,"mu":0,"quality":"OK","raw":3366.1,"sigma":10,"state":"IDLE","t":"2026-07-16T11:47:24.9752232Z","type":"sample"}
{"channel":"hr","display":0,"mu":0,"quality":"OUT_OF_RANGE","raw":74,"sigma":3,"state":"IDLE","t":"2026-07-16T11:47:24.9752232Z","type":"sample"}
{"channel":"rr","display":49.65243296921549,"mu":0,"quality":"OUT_OF_RANGE","raw":1232.8,"sigma":1.5,"state":"IDLE","t":"2026-07-16T11:47:24.9841552Z","type":"sample"}
{"channel":"rr","display":49.65243296921549,"mu":0,"quality":"OUT_OF_RANGE","raw":1232.2,"sigma":1.5,"state":"IDLE","t":"2026-07-16T11:47:25.0219948Z","type":"sample"}
{"channel":"rr","display":49.65243296921549,"mu":0,"quality":"OUT_OF_RANGE","raw":1233.9,"sigma":1.5,"state":"IDLE","t":"2026-07-16T11:47:25.0643584Z","type":"sample"}
{"channel":"gsr","display":3365.1,"mu":0,"quality":"OK","raw":3365.1,"sigma":10,"state":"IDLE","t":"2026-07-16T11:47:25.078295Z","type":"sample"}
{"channel":"rr","display":49.65243296921549,"mu":0,"quality":"OUT_OF_RANGE","raw":1233.5,"sigma":1.5,"state":"IDLE","t":"2026-07-16T11:47:25.1042951Z","type":"sample"}
{"channel":"rr","display":49.65243296921549,"mu":0,"quality":"OUT_OF_RANGE","raw":1232.6,"sigma":1.5,"state":"IDLE","t":"2026-07-16T11:47:25.1443628Z","type":"sample"}
{"channel":"gsr","display":3368.6,"mu":0,"quality":"OK","raw":3368.6,"sigma":10,"state":"IDLE","t":"2026-07-16T11:47:25.1698906Z","type":"sample"}
{"channel":"rr","display":49.65243296921549,"mu":0,"quality":"OUT_OF_RANGE","raw":1234.1,"sigma":1.5,"state":"IDLE","t":"2026-07-16T11:47:25.1843974Z","type":"sample"}
{"channel":"rr","display":49.65243296921549,"mu":0,"quality":"OUT_OF_RANGE","raw":1233.6,"sigma":1.5,"state":"IDLE","t":"2026-07-16T11:47:25.2239062Z","type":"sample"}
{"channel":"rr","display":49.65243296921549,"mu":0,"quality":"OUT_OF_RANGE","raw":1232.9,"sigma":1.5,"state":"IDLE","t":"2026-07-16T11:47:25.2631398Z","type":"sample"}
{"channel":"gsr","display":3366.1,"mu":0,"quality":"OK","raw":3366.1,"sigma":10,"state":"IDLE","t":"2026-07-16T11:47:25.2782184Z","type":"sample"}
{"channel":"rr","display":49.65243296921549,"mu":0,"quality":"OUT_OF_RANGE","raw":1234.1,"sigma":1.5,"state":"IDLE","t":"2026-07-16T11:47:25.3039319Z","type":"sample"}
{"channel":"rr","display":49.65243296921549,"mu":0,"quality":"OUT_OF_RANGE","raw":1233.4,"sigma":1.5,"state":"IDLE","t":"2026-07-16T11:47:25.344401Z","type":"sample"}
{"address":"/cue/p/start","args":null,"channel":"system","dir":"out","t":"2026-07-16T11:47:25.3559527Z","type":"osc"}
{"channel":"gsr","display":3363.2,"mu":0,"quality":"OK","raw":3363.2,"sigma":10,"state":"IDLE","t":"2026-07-16T11:47:25.3784853Z","type":"sample"}
{"channel":"rr","display":49.65243296921549,"mu":0,"quality":"OUT_OF_RANGE","raw":1233.6,"sigma":1.5,"state":"IDLE","t":"2026-07-16T11:47:25.3837343Z","type":"sample"}
{"channel":"rr","display":49.65243296921549,"mu":0,"quality":"OUT_OF_RANGE","raw":1233.4,"sigma":1.5,"state":"IDLE","t":"2026-07-16T11:47:25.4199249Z","type":"sample"}
{"channel":"rr","display":49.65243296921549,"mu":0,"quality":"OUT_OF_RANGE","raw":1232.4,"sigma":1.5,"state":"IDLE","t":"2026-07-16T11:47:25.4632626Z","type":"sample"}
{"channel":"gsr","display":3364.3,"mu":0,"quality":"OK","raw":3364.3,"sigma":10,"state":"IDLE","t":"2026-07-16T11:47:25.4784078Z","type":"sample"}
{"channel":"hr","display":0,"mu":0,"quality":"OUT_OF_RANGE","raw":74,"sigma":3,"state":"IDLE","t":"2026-07-16T11:47:25.4789401Z","type":"sample"}
{"channel":"rr","display":49.65243296921549,"mu":0,"quality":"OUT_OF_RANGE","raw":1231.9,"sigma":1.5,"state":"IDLE","t":"2026-07-16T11:47:25.5032454Z","type":"sample"}
{"channel":"rr","display":49.65243296921549,"mu":0,"quality":"OUT_OF_RANGE","raw":1234.2,"sigma":1.5,"state":"IDLE","t":"2026-07-16T11:47:25.5428954Z","type":"sample"}
{"channel":"gsr","display":3362.1,"mu":0,"quality":"OK","raw":3362.1,"sigma":10,"state":"IDLE","t":"2026-07-16T11:47:25.5772622Z","type":"sample"}
{"channel":"rr","display":49.65243296921549,"mu":0,"quality":"OUT_OF_RANGE","raw":1232.8,"sigma":1.5,"state":"IDLE","t":"2026-07-16T11:47:25.5837685Z","type":"sample"}
{"channel":"rr","display":49.65243296921549,"mu":0,"quality":"OUT_OF_RANGE","raw":1233.2,"sigma":1.5,"state":"IDLE","t":"2026-07-16T11:47:25.6242251Z","type":"sample"}
{"channel":"rr","display":49.65243296921549,"mu":0,"quality":"OUT_OF_RANGE","raw":1232.5,"sigma":1.5,"state":"IDLE","t":"2026-07-16T11:47:25.6633983Z","type":"sample"}
{"channel":"gsr","display":3361.9,"mu":0,"quality":"OK","raw":3361.9,"sigma":10,"state":"IDLE","t":"2026-07-16T11:47:25.678135Z","type":"sample"}
{"channel":"rr","display":49.65243296921549,"mu":0,"quality":"OUT_OF_RANGE","raw":1231.9,"sigma":1.5,"state":"IDLE","t":"2026-07-16T11:47:25.7019687Z","type":"sample"}
{"channel":"rr","display":49.65243296921549,"mu":0,"quality":"OUT_OF_RANGE","raw":1232.6,"sigma":1.5,"state":"IDLE","t":"2026-07-16T11:47:25.7437459Z","type":"sample"}
{"channel":"gsr","display":3353.9,"mu":0,"quality":"OK","raw":3353.9,"sigma":10,"state":"IDLE","t":"2026-07-16T11:47:25.7762681Z","type":"sample"}
{"channel":"rr","display":49.65243296921549,"mu":0,"quality":"OUT_OF_RANGE","raw":1231.8,"sigma":1.5,"state":"IDLE","t":"2026-07-16T11:47:25.7840625Z","type":"sample"}
{"channel":"rr","display":49.65243296921549,"mu":0,"quality":"OUT_OF_RANGE","raw":1233.4,"sigma":1.5,"state":"IDLE","t":"2026-07-16T11:47:25.8205735Z","type":"sample"}
{"channel":"rr","display":49.65243296921549,"mu":0,"quality":"OUT_OF_RANGE","raw":1232.3,"sigma":1.5,"state":"IDLE","t":"2026-07-16T11:47:25.8639964Z","type":"sample"}
{"channel":"gsr","display":3349,"mu":0,"quality":"OK","raw":3349,"sigma":10,"state":"IDLE","t":"2026-07-16T11:47:25.8781217Z","type":"sample"}
{"channel":"rr","display":49.65243296921549,"mu":0,"quality":"OUT_OF_RANGE","raw":1233.1,"sigma":1.5,"state":"IDLE","t":"2026-07-16T11:47:25.9039214Z","type":"sample"}
{"channel":"rr","display":49.65243296921549,"mu":0,"quality":"OUT_OF_RANGE","raw":1232.7,"sigma":1.5,"state":"IDLE","t":"2026-07-16T11:47:25.9443471Z","type":"sample"}
{"address":"/cue/g1/start","args":null,"channel":"system","dir":"out","t":"2026-07-16T11:47:25.9448613Z","type":"osc"}
{"channel":"gsr","display":3346.2,"mu":0,"quality":"OK","raw":3346.2,"sigma":10,"state":"IDLE","t":"2026-07-16T11:47:25.9822515Z","type":"sample"}
{"channel":"hr","display":0,"mu":0,"quality":"OUT_OF_RANGE","raw":73,"sigma":3,"state":"IDLE","t":"2026-07-16T11:47:25.9822515Z","type":"sample"}
{"channel":"rr","display":49.65243296921549,"mu":0,"quality":"OUT_OF_RANGE","raw":1233.4,"sigma":1.5,"state":"IDLE","t":"2026-07-16T11:47:25.9844566Z","type":"sample"}
{"channel":"rr","display":49.65243296921549,"mu":0,"quality":"OUT_OF_RANGE","raw":1233.5,"sigma":1.5,"state":"IDLE","t":"2026-07-16T11:47:26.0213137Z","type":"sample"}
{"channel":"rr","display":49.65243296921549,"mu":0,"quality":"OUT_OF_RANGE","raw":1232.1,"sigma":1.5,"state":"IDLE","t":"2026-07-16T11:47:26.0625697Z","type":"sample"}
{"channel":"gsr","display":3340.9,"mu":0,"quality":"OK","raw":3340.9,"sigma":10,"state":"IDLE","t":"2026-07-16T11:47:26.0749068Z","type":"sample"}
{"channel":"rr","display":49.65243296921549,"mu":0,"quality":"OUT_OF_RANGE","raw":1233.1,"sigma":1.5,"state":"IDLE","t":"2026-07-16T11:47:26.1038053Z","type":"sample"}
{"channel":"rr","display":49.65243296921549,"mu":0,"quality":"OUT_OF_RANGE","raw":1232.9,"sigma":1.5,"state":"IDLE","t":"2026-07-16T11:47:26.1440202Z","type":"sample"}
{"channel":"gsr","display":3336,"mu":0,"quality":"OK","raw":3336,"sigma":10,"state":"IDLE","t":"2026-07-16T11:47:26.1767859Z","type":"sample"}
{"channel":"rr","display":49.65243296921549,"mu":0,"quality":"OUT_OF_RANGE","raw":1233.8,"sigma":1.5,"state":"IDLE","t":"2026-07-16T11:47:26.1838051Z","type":"sample"}
{"channel":"rr","display":49.65243296921549,"mu":0,"quality":"OUT_OF_RANGE","raw":1233.1,"sigma":1.5,"state":"IDLE","t":"2026-07-16T11:47:26.2239308Z","type":"sample"}
{"channel":"rr","display":49.65243296921549,"mu":0,"quality":"OUT_OF_RANGE","raw":1232.4,"sigma":1.5,"state":"IDLE","t":"2026-07-16T11:47:26.2636126Z","type":"sample"}
{"channel":"gsr","display":3333.1,"mu":0,"quality":"OK","raw":3333.1,"sigma":10,"state":"IDLE","t":"2026-07-16T11:47:26.2785176Z","type":"sample"}
{"channel":"rr","display":49.65243296921549,"mu":0,"quality":"OUT_OF_RANGE","raw":1233.7,"sigma":1.5,"state":"IDLE","t":"2026-07-16T11:47:26.3038044Z","type":"sample"}
{"channel":"rr","display":49.65243296921549,"mu":0,"quality":"OUT_OF_RANGE","raw":1232.4,"sigma":1.5,"state":"IDLE","t":"2026-07-16T11:47:26.344379Z","type":"sample"}
{"address":"/cue/p/start","args":null,"channel":"system","dir":"out","t":"2026-07-16T11:47:26.3513848Z","type":"osc"}
{"channel":"gsr","display":3332,"mu":0,"quality":"OK","raw":3332,"sigma":10,"state":"IDLE","t":"2026-07-16T11:47:26.3783572Z","type":"sample"}
{"channel":"rr","display":49.65243296921549,"mu":0,"quality":"OUT_OF_RANGE","raw":1233.7,"sigma":1.5,"state":"IDLE","t":"2026-07-16T11:47:26.3839336Z","type":"sample"}
{"channel":"rr","display":49.65243296921549,"mu":0,"quality":"OUT_OF_RANGE","raw":1232.8,"sigma":1.5,"state":"IDLE","t":"2026-07-16T11:47:26.4241608Z","type":"sample"}
{"channel":"rr","display":49.65243296921549,"mu":0,"quality":"OUT_OF_RANGE","raw":1231.7,"sigma":1.5,"state":"IDLE","t":"2026-07-16T11:47:26.4605962Z","type":"sample"}
{"channel":"gsr","display":3336.4,"mu":0,"quality":"OK","raw":3336.4,"sigma":10,"state":"IDLE","t":"2026-07-16T11:47:26.4783854Z","type":"sample"}
{"channel":"hr","display":0,"mu":0,"quality":"OUT_OF_RANGE","raw":73,"sigma":3,"state":"IDLE","t":"2026-07-16T11:47:26.4789165Z","type":"sample"}
{"channel":"rr","display":49.65243296921549,"mu":0,"quality":"OUT_OF_RANGE","raw":1233.6,"sigma":1.5,"state":"IDLE","t":"2026-07-16T11:47:26.5041543Z","type":"sample"}
{"channel":"rr","display":49.65243296921549,"mu":0,"quality":"OUT_OF_RANGE","raw":1231.8,"sigma":1.5,"state":"IDLE","t":"2026-07-16T11:47:26.5435485Z","type":"sample"}
{"channel":"gsr","display":3330.1,"mu":0,"quality":"OK","raw":3330.1,"sigma":10,"state":"IDLE","t":"2026-07-16T11:47:26.5784595Z","type":"sample"}
{"channel":"rr","display":49.65243296921549,"mu":0,"quality":"OUT_OF_RANGE","raw":1233.6,"sigma":1.5,"state":"IDLE","t":"2026-07-16T11:47:26.5840233Z","type":"sample"}
{"channel":"rr","display":49.65243296921549,"mu":0,"quality":"OUT_OF_RANGE","raw":1233.5,"sigma":1.5,"state":"IDLE","t":"2026-07-16T11:47:26.6216806Z","type":"sample"}
{"channel":"rr","display":49.65243296921549,"mu":0,"quality":"OUT_OF_RANGE","raw":1231.3,"sigma":1.5,"state":"IDLE","t":"2026-07-16T11:47:26.6602038Z","type":"sample"}
{"channel":"gsr","display":3332.6,"mu":0,"quality":"OK","raw":3332.6,"sigma":10,"state":"IDLE","t":"2026-07-16T11:47:26.6781044Z","type":"sample"}
{"channel":"rr","display":49.65243296921549,"mu":0,"quality":"OUT_OF_RANGE","raw":1232.7,"sigma":1.5,"state":"IDLE","t":"2026-07-16T11:47:26.7043097Z","type":"sample"}
{"channel":"rr","display":49.65243296921549,"mu":0,"quality":"OUT_OF_RANGE","raw":1232.1,"sigma":1.5,"state":"IDLE","t":"2026-07-16T11:47:26.7442772Z","type":"sample"}
{"channel":"gsr","display":3335.2,"mu":0,"quality":"OK","raw":3335.2,"sigma":10,"state":"IDLE","t":"2026-07-16T11:47:26.7702356Z","type":"sample"}
{"channel":"rr","display":49.65243296921549,"mu":0,"quality":"OUT_OF_RANGE","raw":1232.4,"sigma":1.5,"state":"IDLE","t":"2026-07-16T11:47:26.7838432Z","type":"sample"}
{"channel":"rr","display":49.65243296921549,"mu":0,"quality":"OUT_OF_RANGE","raw":1233,"sigma":1.5,"state":"IDLE","t":"2026-07-16T11:47:26.8223092Z","type":"sample"}
{"channel":"rr","display":49.65243296921549,"mu":0,"quality":"OUT_OF_RANGE","raw":1231.9,"sigma":1.5,"state":"IDLE","t":"2026-07-16T11:47:26.8639369Z","type":"sample"}
{"channel":"gsr","display":3335.5,"mu":0,"quality":"OK","raw":3335.5,"sigma":10,"state":"IDLE","t":"2026-07-16T11:47:26.8781866Z","type":"sample"}
{"channel":"rr","display":49.65243296921549,"mu":0,"quality":"OUT_OF_RANGE","raw":1232.2,"sigma":1.5,"state":"IDLE","t":"2026-07-16T11:47:26.9038598Z","type":"sample"}
{"channel":"rr","display":49.65243296921549,"mu":0,"quality":"OUT_OF_RANGE","raw":1233,"sigma":1.5,"state":"IDLE","t":"2026-07-16T11:47:26.9399442Z","type":"sample"}
{"channel":"gsr","display":3338.1,"mu":0,"quality":"OK","raw":3338.1,"sigma":10,"state":"IDLE","t":"2026-07-16T11:47:26.977757Z","type":"sample"}
{"channel":"hr","display":0,"mu":0,"quality":"OUT_OF_RANGE","raw":73,"sigma":3,"state":"IDLE","t":"2026-07-16T11:47:26.9787714Z","type":"sample"}
{"channel":"rr","display":49.65243296921549,"mu":0,"quality":"OUT_OF_RANGE","raw":1233.1,"sigma":1.5,"state":"IDLE","t":"2026-07-16T11:47:26.983357Z","type":"sample"}
{"channel":"rr","display":49.65243296921549,"mu":0,"quality":"OUT_OF_RANGE","raw":1233.3,"sigma":1.5,"state":"IDLE","t":"2026-07-16T11:47:27.020347Z","type":"sample"}
{"address":"/cue/g1/start","args":null,"channel":"system","dir":"out","t":"2026-07-16T11:47:27.043589Z","type":"osc"}
{"channel":"rr","display":49.65243296921549,"mu":0,"quality":"OUT_OF_RANGE","raw":1232.9,"sigma":1.5,"state":"IDLE","t":"2026-07-16T11:47:27.0629349Z","type":"sample"}
{"channel":"gsr","display":3339.6,"mu":0,"quality":"OK","raw":3339.6,"sigma":10,"state":"IDLE","t":"2026-07-16T11:47:27.077511Z","type":"sample"}
{"channel":"rr","display":49.65243296921549,"mu":0,"quality":"OUT_OF_RANGE","raw":1233.3,"sigma":1.5,"state":"IDLE","t":"2026-07-16T11:47:27.1020518Z","type":"sample"}
{"channel":"rr","display":49.65243296921549,"mu":0,"quality":"OUT_OF_RANGE","raw":1231.7,"sigma":1.5,"state":"IDLE","t":"2026-07-16T11:47:27.1436226Z","type":"sample"}
{"channel":"gsr","display":3344.9,"mu":0,"quality":"OK","raw":3344.9,"sigma":10,"state":"IDLE","t":"2026-07-16T11:47:27.1713589Z","type":"sample"}
{"channel":"rr","display":49.65243296921549,"mu":0,"quality":"OUT_OF_RANGE","raw":1233.3,"sigma":1.5,"state":"IDLE","t":"2026-07-16T11:47:27.1849276Z","type":"sample"}
{"channel":"rr","display":49.65243296921549,"mu":0,"quality":"OUT_OF_RANGE","raw":1230.9,"sigma":1.5,"state":"IDLE","t":"2026-07-16T11:47:27.2203409Z","type":"sample"}
{"channel":"rr","display":49.65243296921549,"mu":0,"quality":"OUT_OF_RANGE","raw":1232.8,"sigma":1.5,"state":"IDLE","t":"2026-07-16T11:47:27.2634299Z","type":"sample"}
{"channel":"gsr","display":3345.9,"mu":0,"quality":"OK","raw":3345.9,"sigma":10,"state":"IDLE","t":"2026-07-16T11:47:27.2781071Z","type":"sample"}
{"channel":"rr","display":49.65243296921549,"mu":0,"quality":"OUT_OF_RANGE","raw":1232.8,"sigma":1.5,"state":"IDLE","t":"2026-07-16T11:47:27.3044686Z","type":"sample"}
{"channel":"rr","display":49.65243296921549,"mu":0,"quality":"OUT_OF_RANGE","raw":1232.8,"sigma":1.5,"state":"IDLE","t":"2026-07-16T11:47:27.3440851Z","type":"sample"}
{"address":"/cue/p/start","args":null,"channel":"system","dir":"out","t":"2026-07-16T11:47:27.3507916Z","type":"osc"}
{"channel":"gsr","display":3352.2,"mu":0,"quality":"OK","raw":3352.2,"sigma":10,"state":"IDLE","t":"2026-07-16T11:47:27.3782193Z","type":"sample"}
{"channel":"rr","display":49.65243296921549,"mu":0,"quality":"OUT_OF_RANGE","raw":1233.5,"sigma":1.5,"state":"IDLE","t":"2026-07-16T11:47:27.3842204Z","type":"sample"}
{"channel":"rr","display":49.65243296921549,"mu":0,"quality":"OUT_OF_RANGE","raw":1233.3,"sigma":1.5,"state":"IDLE","t":"2026-07-16T11:47:27.4205553Z","type":"sample"}
{"channel":"rr","display":49.65243296921549,"mu":0,"quality":"OUT_OF_RANGE","raw":1231.7,"sigma":1.5,"state":"IDLE","t":"2026-07-16T11:47:27.4632934Z","type":"sample"}
{"channel":"gsr","display":3360.6,"mu":0,"quality":"OK","raw":3360.6,"sigma":10,"state":"IDLE","t":"2026-07-16T11:47:27.4781524Z","type":"sample"}
{"channel":"hr","display":0,"mu":0,"quality":"OUT_OF_RANGE","raw":73,"sigma":3,"state":"IDLE","t":"2026-07-16T11:47:27.478699Z","type":"sample"}
{"channel":"rr","display":49.65243296921549,"mu":0,"quality":"OUT_OF_RANGE","raw":1232.2,"sigma":1.5,"state":"IDLE","t":"2026-07-16T11:47:27.5037139Z","type":"sample"}
{"channel":"rr","display":49.65243296921549,"mu":0,"quality":"OUT_OF_RANGE","raw":1233.8,"sigma":1.5,"state":"IDLE","t":"2026-07-16T11:47:27.5436543Z","type":"sample"}
{"channel":"gsr","display":3362.8,"mu":0,"quality":"OK","raw":3362.8,"sigma":10,"state":"IDLE","t":"2026-07-16T11:47:27.5776402Z","type":"sample"}
{"channel":"rr","display":49.65243296921549,"mu":0,"quality":"OUT_OF_RANGE","raw":1231.7,"sigma":1.5,"state":"IDLE","t":"2026-07-16T11:47:27.5839727Z","type":"sample"}
{"channel":"rr","display":49.65243296921549,"mu":0,"quality":"OUT_OF_RANGE","raw":1232.3,"sigma":1.5,"state":"IDLE","t":"2026-07-16T11:47:27.6202728Z","type":"sample"}
{"channel":"rr","display":49.65243296921549,"mu":0,"quality":"OUT_OF_RANGE","raw":1233,"sigma":1.5,"state":"IDLE","t":"2026-07-16T11:47:27.6622753Z","type":"sample"}
{"channel":"gsr","display":3369.3,"mu":0,"quality":"OK","raw":3369.3,"sigma":10,"state":"IDLE","t":"2026-07-16T11:47:27.6804552Z","type":"sample"}
{"channel":"rr","display":49.65243296921549,"mu":0,"quality":"OUT_OF_RANGE","raw":1233.1,"sigma":1.5,"state":"IDLE","t":"2026-07-16T11:47:27.7035805Z","type":"sample"}
{"channel":"rr","display":49.65243296921549,"mu":0,"quality":"OUT_OF_RANGE","raw":1232.8,"sigma":1.5,"state":"IDLE","t":"2026-07-16T11:47:27.744348Z","type":"sample"}
{"channel":"gsr","display":3368.9,"mu":0,"quality":"OK","raw":3368.9,"sigma":10,"state":"IDLE","t":"2026-07-16T11:47:27.7784169Z","type":"sample"}
{"channel":"rr","display":49.65243296921549,"mu":0,"quality":"OUT_OF_RANGE","raw":1234.4,"sigma":1.5,"state":"IDLE","t":"2026-07-16T11:47:27.7839357Z","type":"sample"}
{"channel":"rr","display":49.65243296921549,"mu":0,"quality":"OUT_OF_RANGE","raw":1233.4,"sigma":1.5,"state":"IDLE","t":"2026-07-16T11:47:27.8206728Z","type":"sample"}
{"channel":"rr","display":49.65243296921549,"mu":0,"quality":"OUT_OF_RANGE","raw":1232.8,"sigma":1.5,"state":"IDLE","t":"2026-07-16T11:47:27.8638841Z","type":"sample"}
{"channel":"gsr","display":3377.9,"mu":0,"quality":"OK","raw":3377.9,"sigma":10,"state":"IDLE","t":"2026-07-16T11:47:27.8780502Z","type":"sample"}
{"channel":"rr","display":49.65243296921549,"mu":0,"quality":"OUT_OF_RANGE","raw":1233.8,"sigma":1.5,"state":"IDLE","t":"2026-07-16T11:47:27.9044217Z","type":"sample"}
{"channel":"rr","display":49.65243296921549,"mu":0,"quality":"OUT_OF_RANGE","raw":1234.4,"sigma":1.5,"state":"IDLE","t":"2026-07-16T11:47:27.9441426Z","type":"sample"}
{"channel":"gsr","display":3381.5,"mu":0,"quality":"OK","raw":3381.5,"sigma":10,"state":"IDLE","t":"2026-07-16T11:47:27.9755826Z","type":"sample"}
{"channel":"hr","display":0,"mu":0,"quality":"OUT_OF_RANGE","raw":73,"sigma":3,"state":"IDLE","t":"2026-07-16T11:47:28.0129738Z","type":"sample"}
{"channel":"rr","display":49.65243296921549,"mu":0,"quality":"OUT_OF_RANGE","raw":1233.2,"sigma":1.5,"state":"IDLE","t":"2026-07-16T11:47:28.0186815Z","type":"sample"}
{"channel":"rr","display":49.65243296921549,"mu":0,"quality":"OUT_OF_RANGE","raw":1233.7,"sigma":1.5,"state":"IDLE","t":"2026-07-16T11:47:28.0579058Z","type":"sample"}
{"channel":"gsr","display":3389.8,"mu":0,"quality":"OK","raw":3389.8,"sigma":10,"state":"IDLE","t":"2026-07-16T11:47:28.0785764Z","type":"sample"}
{"address":"/cue/g1/start","args":null,"channel":"system","dir":"out","t":"2026-07-16T11:47:28.0791829Z","type":"osc"}
{"channel":"rr","display":49.65243296921549,"mu":0,"quality":"OUT_OF_RANGE","raw":1232.4,"sigma":1.5,"state":"IDLE","t":"2026-07-16T11:47:28.097522Z","type":"sample"}
{"channel":"rr","display":49.65243296921549,"mu":0,"quality":"OUT_OF_RANGE","raw":1232.4,"sigma":1.5,"state":"IDLE","t":"2026-07-16T11:47:28.1351088Z","type":"sample"}
{"channel":"gsr","display":3401.1,"mu":0,"quality":"OK","raw":3401.1,"sigma":10,"state":"IDLE","t":"2026-07-16T11:47:28.1785876Z","type":"sample"}
{"channel":"rr","display":49.65243296921549,"mu":0,"quality":"OUT_OF_RANGE","raw":1233.6,"sigma":1.5,"state":"IDLE","t":"2026-07-16T11:47:28.1827512Z","type":"sample"}
{"channel":"rr","display":49.65243296921549,"mu":0,"quality":"OUT_OF_RANGE","raw":1233.7,"sigma":1.5,"state":"IDLE","t":"2026-07-16T11:47:28.2203184Z","type":"sample"}
{"channel":"rr","display":49.65243296921549,"mu":0,"quality":"OUT_OF_RANGE","raw":1231.6,"sigma":1.5,"state":"IDLE","t":"2026-07-16T11:47:28.2612967Z","type":"sample"}
{"channel":"gsr","display":3413,"mu":0,"quality":"OK","raw":3413,"sigma":10,"state":"IDLE","t":"2026-07-16T11:47:28.2782243Z","type":"sample"}
{"channel":"rr","display":49.65243296921549,"mu":0,"quality":"OUT_OF_RANGE","raw":1234.6,"sigma":1.5,"state":"IDLE","t":"2026-07-16T11:47:28.302384Z","type":"sample"}
{"channel":"rr","display":49.65243296921549,"mu":0,"quality":"OUT_OF_RANGE","raw":1233.7,"sigma":1.5,"state":"IDLE","t":"2026-07-16T11:47:28.3419905Z","type":"sample"}
{"address":"/cue/p/start","args":null,"channel":"system","dir":"out","t":"2026-07-16T11:47:28.354547Z","type":"osc"}
{"channel":"gsr","display":3420.4,"mu":0,"quality":"OK","raw":3420.4,"sigma":10,"state":"IDLE","t":"2026-07-16T11:47:28.3781276Z","type":"sample"}
{"channel":"rr","display":49.65243296921549,"mu":0,"quality":"OUT_OF_RANGE","raw":1232.9,"sigma":1.5,"state":"IDLE","t":"2026-07-16T11:47:28.3828714Z","type":"sample"}
{"channel":"rr","display":49.65243296921549,"mu":0,"quality":"OUT_OF_RANGE","raw":1234.4,"sigma":1.5,"state":"IDLE","t":"2026-07-16T11:47:28.4207181Z","type":"sample"}
{"channel":"rr","display":49.65243296921549,"mu":0,"quality":"OUT_OF_RANGE","raw":1234.3,"sigma":1.5,"state":"IDLE","t":"2026-07-16T11:47:28.4621565Z","type":"sample"}
{"channel":"gsr","display":3435.6,"mu":0,"quality":"OK","raw":3435.6,"sigma":10,"state":"IDLE","t":"2026-07-16T11:47:28.4784686Z","type":"sample"}
{"channel":"hr","display":0,"mu":0,"quality":"OUT_OF_RANGE","raw":73,"sigma":3,"state":"IDLE","t":"2026-07-16T11:47:28.4784686Z","type":"sample"}
{"channel":"rr","display":49.65243296921549,"mu":0,"quality":"OUT_OF_RANGE","raw":1232.8,"sigma":1.5,"state":"IDLE","t":"2026-07-16T11:47:28.5024556Z","type":"sample"}
{"channel":"rr","display":49.65243296921549,"mu":0,"quality":"OUT_OF_RANGE","raw":1233.6,"sigma":1.5,"state":"IDLE","t":"2026-07-16T11:47:28.5423304Z","type":"sample"}
{"channel":"gsr","display":3453.6,"mu":0,"quality":"OK","raw":3453.6,"sigma":10,"state":"IDLE","t":"2026-07-16T11:47:28.5767032Z","type":"sample"}
{"channel":"rr","display":49.65243296921549,"mu":0,"quality":"OUT_OF_RANGE","raw":1233.8,"sigma":1.5,"state":"IDLE","t":"2026-07-16T11:47:28.5830256Z","type":"sample"}
{"channel":"rr","display":49.65243296921549,"mu":0,"quality":"OUT_OF_RANGE","raw":1233.5,"sigma":1.5,"state":"IDLE","t":"2026-07-16T11:47:28.6209719Z","type":"sample"}
{"channel":"rr","display":49.65243296921549,"mu":0,"quality":"OUT_OF_RANGE","raw":1233.6,"sigma":1.5,"state":"IDLE","t":"2026-07-16T11:47:28.660103Z","type":"sample"}
{"channel":"gsr","display":3460.5,"mu":0,"quality":"OK","raw":3460.5,"sigma":10,"state":"IDLE","t":"2026-07-16T11:47:28.6781779Z","type":"sample"}
{"channel":"rr","display":49.65243296921549,"mu":0,"quality":"OUT_OF_RANGE","raw":1233.1,"sigma":1.5,"state":"IDLE","t":"2026-07-16T11:47:28.7018645Z","type":"sample"}
{"channel":"rr","display":49.65243296921549,"mu":0,"quality":"OUT_OF_RANGE","raw":1233.1,"sigma":1.5,"state":"IDLE","t":"2026-07-16T11:47:28.7422297Z","type":"sample"}
{"channel":"gsr","display":3468.5,"mu":0,"quality":"OK","raw":3468.5,"sigma":10,"state":"IDLE","t":"2026-07-16T11:47:28.7784875Z","type":"sample"}
{"channel":"rr","display":49.65243296921549,"mu":0,"quality":"OUT_OF_RANGE","raw":1233.8,"sigma":1.5,"state":"IDLE","t":"2026-07-16T11:47:28.7827391Z","type":"sample"}
{"channel":"rr","display":49.65243296921549,"mu":0,"quality":"OUT_OF_RANGE","raw":1232.3,"sigma":1.5,"state":"IDLE","t":"2026-07-16T11:47:28.8221667Z","type":"sample"}
{"channel":"rr","display":49.65243296921549,"mu":0,"quality":"OUT_OF_RANGE","raw":1233.9,"sigma":1.5,"state":"IDLE","t":"2026-07-16T11:47:28.8600874Z","type":"sample"}
{"channel":"gsr","display":3481.3,"mu":0,"quality":"OK","raw":3481.3,"sigma":10,"state":"IDLE","t":"2026-07-16T11:47:28.8782317Z","type":"sample"}
{"channel":"rr","display":49.65243296921549,"mu":0,"quality":"OUT_OF_RANGE","raw":1233.4,"sigma":1.5,"state":"IDLE","t":"2026-07-16T11:47:28.9019751Z","type":"sample"}
{"channel":"rr","display":49.65243296921549,"mu":0,"quality":"OUT_OF_RANGE","raw":1233,"sigma":1.5,"state":"IDLE","t":"2026-07-16T11:47:28.9421871Z","type":"sample"}
{"channel":"gsr","display":3486.5,"mu":0,"quality":"OK","raw":3486.5,"sigma":10,"state":"IDLE","t":"2026-07-16T11:47:28.9783894Z","type":"sample"}
{"channel":"hr","display":0,"mu":0,"quality":"OUT_OF_RANGE","raw":73,"sigma":3,"state":"IDLE","t":"2026-07-16T11:47:28.9783894Z","type":"sample"}
{"channel":"rr","display":49.65243296921549,"mu":0,"quality":"OUT_OF_RANGE","raw":1234.8,"sigma":1.5,"state":"IDLE","t":"2026-07-16T11:47:28.9840974Z","type":"sample"}
{"channel":"rr","display":49.65243296921549,"mu":0,"quality":"OUT_OF_RANGE","raw":1232.4,"sigma":1.5,"state":"IDLE","t":"2026-07-16T11:47:29.0211416Z","type":"sample"}
{"channel":"rr","display":49.65243296921549,"mu":0,"quality":"OUT_OF_RANGE","raw":1233.5,"sigma":1.5,"state":"IDLE","t":"2026-07-16T11:47:29.0626361Z","type":"sample"}
{"channel":"gsr","display":3497.9,"mu":0,"quality":"OK","raw":3497.9,"sigma":10,"state":"IDLE","t":"2026-07-16T11:47:29.0785241Z","type":"sample"}
{"channel":"rr","display":49.65243296921549,"mu":0,"quality":"OUT_OF_RANGE","raw":1232.7,"sigma":1.5,"state":"IDLE","t":"2026-07-16T11:47:29.1023876Z","type":"sample"}
{"address":"/cue/g1/start","args":null,"channel":"system","dir":"out","t":"2026-07-16T11:47:29.1384503Z","type":"osc"}
{"channel":"rr","display":49.65243296921549,"mu":0,"quality":"OUT_OF_RANGE","raw":1232.8,"sigma":1.5,"state":"IDLE","t":"2026-07-16T11:47:29.1431339Z","type":"sample"}
{"channel":"gsr","display":3505,"mu":0,"quality":"OK","raw":3505,"sigma":10,"state":"IDLE","t":"2026-07-16T11:47:29.1760053Z","type":"sample"}
{"channel":"rr","display":49.65243296921549,"mu":0,"quality":"OUT_OF_RANGE","raw":1233.8,"sigma":1.5,"state":"IDLE","t":"2026-07-16T11:47:29.1832028Z","type":"sample"}
{"channel":"rr","display":49.65243296921549,"mu":0,"quality":"OUT_OF_RANGE","raw":1234.1,"sigma":1.5,"state":"IDLE","t":"2026-07-16T11:47:29.2199292Z","type":"sample"}
{"channel":"rr","display":49.65243296921549,"mu":0,"quality":"OUT_OF_RANGE","raw":1231.6,"sigma":1.5,"state":"IDLE","t":"2026-07-16T11:47:29.2623994Z","type":"sample"}
{"channel":"gsr","display":3512,"mu":0,"quality":"OK","raw":3512,"sigma":10,"state":"IDLE","t":"2026-07-16T11:47:29.2782828Z","type":"sample"}
{"channel":"rr","display":49.65243296921549,"mu":0,"quality":"OUT_OF_RANGE","raw":1233.6,"sigma":1.5,"state":"IDLE","t":"2026-07-16T11:47:29.3030615Z","type":"sample"}
{"channel":"rr","display":49.65243296921549,"mu":0,"quality":"OUT_OF_RANGE","raw":1232.2,"sigma":1.5,"state":"IDLE","t":"2026-07-16T11:47:29.3434895Z","type":"sample"}
{"address":"/cue/p/start","args":null,"channel":"system","dir":"out","t":"2026-07-16T11:47:29.3517949Z","type":"osc"}
{"channel":"gsr","display":3516.4,"mu":0,"quality":"OK","raw":3516.4,"sigma":10,"state":"IDLE","t":"2026-07-16T11:47:29.3782931Z","type":"sample"}
{"channel":"rr","display":49.65243296921549,"mu":0,"quality":"OUT_OF_RANGE","raw":1232.4,"sigma":1.5,"state":"IDLE","t":"2026-07-16T11:47:29.3818629Z","type":"sample"}
{"channel":"rr","display":49.65243296921549,"mu":0,"quality":"OUT_OF_RANGE","raw":1233.5,"sigma":1.5,"state":"IDLE","t":"2026-07-16T11:47:29.4233783Z","type":"sample"}
{"channel":"rr","display":49.65243296921549,"mu":0,"quality":"OUT_OF_RANGE","raw":1233.3,"sigma":1.5,"state":"IDLE","t":"2026-07-16T11:47:29.463381Z","type":"sample"}
{"channel":"gsr","display":3526,"mu":0,"quality":"OK","raw":3526,"sigma":10,"state":"IDLE","t":"2026-07-16T11:47:29.4782585Z","type":"sample"}
{"channel":"hr","display":0,"mu":0,"quality":"OUT_OF_RANGE","raw":73,"sigma":3,"state":"IDLE","t":"2026-07-16T11:47:29.4787695Z","type":"sample"}
{"channel":"rr","display":49.65243296921549,"mu":0,"quality":"OUT_OF_RANGE","raw":1233.7,"sigma":1.5,"state":"IDLE","t":"2026-07-16T11:47:29.5031759Z","type":"sample"}
{"channel":"rr","display":49.65243296921549,"mu":0,"quality":"OUT_OF_RANGE","raw":1232.9,"sigma":1.5,"state":"IDLE","t":"2026-07-16T11:47:29.5432636Z","type":"sample"}
{"channel":"gsr","display":3523.9,"mu":0,"quality":"OK","raw":3523.9,"sigma":10,"state":"IDLE","t":"2026-07-16T11:47:29.5780388Z","type":"sample"}
{"channel":"rr","display":49.65243296921549,"mu":0,"quality":"OUT_OF_RANGE","raw":1232.1,"sigma":1.5,"state":"IDLE","t":"2026-07-16T11:47:29.5826713Z","type":"sample"}
{"channel":"rr","display":49.65243296921549,"mu":0,"quality":"OUT_OF_RANGE","raw":1233.2,"sigma":1.5,"state":"IDLE","t":"2026-07-16T11:47:29.623415Z","type":"sample"}
{"channel":"rr","display":49.65243296921549,"mu":0,"quality":"OUT_OF_RANGE","raw":1234.2,"sigma":1.5,"state":"IDLE","t":"2026-07-16T11:47:29.6634974Z","type":"sample"}
{"channel":"gsr","display":3533.4,"mu":0,"quality":"OK","raw":3533.4,"sigma":10,"state":"IDLE","t":"2026-07-16T11:47:29.6781184Z","type":"sample"}
{"channel":"rr","display":49.65243296921549,"mu":0,"quality":"OUT_OF_RANGE","raw":1234.4,"sigma":1.5,"state":"IDLE","t":"2026-07-16T11:47:29.7033547Z","type":"sample"}
{"channel":"rr","display":49.65243296921549,"mu":0,"quality":"OUT_OF_RANGE","raw":1233.4,"sigma":1.5,"state":"IDLE","t":"2026-07-16T11:47:29.7434058Z","type":"sample"}
{"channel":"gsr","display":3540.1,"mu":0,"quality":"OK","raw":3540.1,"sigma":10,"state":"IDLE","t":"2026-07-16T11:47:29.7778173Z","type":"sample"}
{"channel":"rr","display":49.65243296921549,"mu":0,"quality":"OUT_OF_RANGE","raw":1233.9,"sigma":1.5,"state":"IDLE","t":"2026-07-16T11:47:29.7831492Z","type":"sample"}
{"channel":"rr","display":49.65243296921549,"mu":0,"quality":"OUT_OF_RANGE","raw":1232.8,"sigma":1.5,"state":"IDLE","t":"2026-07-16T11:47:29.8203374Z","type":"sample"}
{"channel":"rr","display":49.65243296921549,"mu":0,"quality":"OUT_OF_RANGE","raw":1233.8,"sigma":1.5,"state":"IDLE","t":"2026-07-16T11:47:29.8634388Z","type":"sample"}
{"channel":"gsr","display":3542.2,"mu":0,"quality":"OK","raw":3542.2,"sigma":10,"state":"IDLE","t":"2026-07-16T11:47:29.8780943Z","type":"sample"}
{"channel":"rr","display":49.65243296921549,"mu":0,"quality":"OUT_OF_RANGE","raw":1233.6,"sigma":1.5,"state":"IDLE","t":"2026-07-16T11:47:29.9029402Z","type":"sample"}
{"channel":"rr","display":49.65243296921549,"mu":0,"quality":"OUT_OF_RANGE","raw":1233,"sigma":1.5,"state":"IDLE","t":"2026-07-16T11:47:29.9430752Z","type":"sample"}
{"channel":"gsr","display":3546.4,"mu":0,"quality":"OK","raw":3546.4,"sigma":10,"state":"IDLE","t":"2026-07-16T11:47:29.9753005Z","type":"sample"}
{"channel":"hr","display":0,"mu":0,"quality":"OUT_OF_RANGE","raw":73,"sigma":3,"state":"IDLE","t":"2026-07-16T11:47:29.9790667Z","type":"sample"}
{"channel":"rr","display":49.65243296921549,"mu":0,"quality":"OUT_OF_RANGE","raw":1232.9,"sigma":1.5,"state":"IDLE","t":"2026-07-16T11:47:29.9838679Z","type":"sample"}
{"channel":"rr","display":49.65243296921549,"mu":0,"quality":"OUT_OF_RANGE","raw":1233.6,"sigma":1.5,"state":"IDLE","t":"2026-07-16T11:47:30.0231695Z","type":"sample"}
{"channel":"rr","display":49.65243296921549,"mu":0,"quality":"OUT_OF_RANGE","raw":1233.2,"sigma":1.5,"state":"IDLE","t":"2026-07-16T11:47:30.0632756Z","type":"sample"}
{"channel":"gsr","display":3551.7,"mu":0,"quality":"OK","raw":3551.7,"sigma":10,"state":"IDLE","t":"2026-07-16T11:47:30.0784754Z","type":"sample"}
{"channel":"rr","display":49.65243296921549,"mu":0,"quality":"OUT_OF_RANGE","raw":1232.9,"sigma":1.5,"state":"IDLE","t":"2026-07-16T11:47:30.102522Z","type":"sample"}
{"channel":"rr","display":49.65243296921549,"mu":0,"quality":"OUT_OF_RANGE","raw":1233.4,"sigma":1.5,"state":"IDLE","t":"2026-07-16T11:47:30.1434093Z","type":"sample"}
{"channel":"gsr","display":3553.3,"mu":0,"quality":"OK","raw":3553.3,"sigma":10,"state":"IDLE","t":"2026-07-16T11:47:30.1753555Z","type":"sample"}
{"channel":"rr","display":49.65243296921549,"mu":0,"quality":"OUT_OF_RANGE","raw":1232.9,"sigma":1.5,"state":"IDLE","t":"2026-07-16T11:47:30.1829405Z","type":"sample"}
{"address":"/cue/g1/start","args":null,"channel":"system","dir":"out","t":"2026-07-16T11:47:30.2201416Z","type":"osc"}
{"channel":"rr","display":49.65243296921549,"mu":0,"quality":"OUT_OF_RANGE","raw":1232.9,"sigma":1.5,"state":"IDLE","t":"2026-07-16T11:47:30.2201416Z","type":"sample"}
{"channel":"rr","display":49.65243296921549,"mu":0,"quality":"OUT_OF_RANGE","raw":1231.9,"sigma":1.5,"state":"IDLE","t":"2026-07-16T11:47:30.2619131Z","type":"sample"}
{"channel":"gsr","display":3572.2,"mu":0,"quality":"OK","raw":3572.2,"sigma":10,"state":"IDLE","t":"2026-07-16T11:47:30.2781794Z","type":"sample"}
{"channel":"rr","display":49.65243296921549,"mu":0,"quality":"OUT_OF_RANGE","raw":1233.9,"sigma":1.5,"state":"IDLE","t":"2026-07-16T11:47:30.3027377Z","type":"sample"}
{"channel":"rr","display":49.65243296921549,"mu":0,"quality":"OUT_OF_RANGE","raw":1232.9,"sigma":1.5,"state":"IDLE","t":"2026-07-16T11:47:30.3405973Z","type":"sample"}
{"address":"/cue/p/start","args":null,"channel":"system","dir":"out","t":"2026-07-16T11:47:30.3514628Z","type":"osc"}
{"channel":"gsr","display":3600.2,"mu":0,"quality":"OK","raw":3600.2,"sigma":10,"state":"IDLE","t":"2026-07-16T11:47:30.3770923Z","type":"sample"}
{"channel":"rr","display":49.65243296921549,"mu":0,"quality":"OUT_OF_RANGE","raw":1234.1,"sigma":1.5,"state":"IDLE","t":"2026-07-16T11:47:30.382436Z","type":"sample"}
{"channel":"rr","display":49.65243296921549,"mu":0,"quality":"OUT_OF_RANGE","raw":1233.2,"sigma":1.5,"state":"IDLE","t":"2026-07-16T11:47:30.4223996Z","type":"sample"}
{"channel":"rr","display":49.65243296921549,"mu":0,"quality":"OUT_OF_RANGE","raw":1233.4,"sigma":1.5,"state":"IDLE","t":"2026-07-16T11:47:30.4629648Z","type":"sample"}
{"channel":"gsr","display":3621.7,"mu":0,"quality":"OK","raw":3621.7,"sigma":10,"state":"IDLE","t":"2026-07-16T11:47:30.478156Z","type":"sample"}
{"channel":"hr","display":0,"mu":0,"quality":"OUT_OF_RANGE","raw":72,"sigma":3,"state":"IDLE","t":"2026-07-16T11:47:30.4786676Z","type":"sample"}
{"channel":"rr","display":49.65243296921549,"mu":0,"quality":"OUT_OF_RANGE","raw":1233.9,"sigma":1.5,"state":"IDLE","t":"2026-07-16T11:47:30.5032137Z","type":"sample"}
{"channel":"rr","display":49.65243296921549,"mu":0,"quality":"OUT_OF_RANGE","raw":1234.2,"sigma":1.5,"state":"IDLE","t":"2026-07-16T11:47:30.5425235Z","type":"sample"}
{"channel":"gsr","display":3631.2,"mu":0,"quality":"OK","raw":3631.2,"sigma":10,"state":"IDLE","t":"2026-07-16T11:47:30.5781172Z","type":"sample"}
{"channel":"rr","display":49.65243296921549,"mu":0,"quality":"OUT_OF_RANGE","raw":1234.6,"sigma":1.5,"state":"IDLE","t":"2026-07-16T11:47:30.5829396Z","type":"sample"}
{"channel":"rr","display":49.65243296921549,"mu":0,"quality":"OUT_OF_RANGE","raw":1234.6,"sigma":1.5,"state":"IDLE","t":"2026-07-16T11:47:30.6233527Z","type":"sample"}
{"channel":"rr","display":49.65243296921549,"mu":0,"quality":"OUT_OF_RANGE","raw":1233.2,"sigma":1.5,"state":"IDLE","t":"2026-07-16T11:47:30.6634217Z","type":"sample"}
{"channel":"gsr","display":3639.9,"mu":0,"quality":"OK","raw":3639.9,"sigma":10,"state":"IDLE","t":"2026-07-16T11:47:30.6786784Z","type":"sample"}
{"channel":"rr","display":49.65243296921549,"mu":0,"quality":"OUT_OF_RANGE","raw":1233.6,"sigma":1.5,"state":"IDLE","t":"2026-07-16T11:47:30.702746Z","type":"sample"}
{"channel":"rr","display":49.65243296921549,"mu":0,"quality":"OUT_OF_RANGE","raw":1234.7,"sigma":1.5,"state":"IDLE","t":"2026-07-16T11:47:30.7428323Z","type":"sample"}
{"channel":"gsr","display":3650.1,"mu":0,"quality":"OK","raw":3650.1,"sigma":10,"state":"IDLE","t":"2026-07-16T11:47:30.7781434Z","type":"sample"}
{"channel":"rr","display":49.65243296921549,"mu":0,"quality":"OUT_OF_RANGE","raw":1235.5,"sigma":1.5,"state":"IDLE","t":"2026-07-16T11:47:30.782938Z","type":"sample"}
{"channel":"rr","display":49.65243296921549,"mu":0,"quality":"OUT_OF_RANGE","raw":1234.5,"sigma":1.5,"state":"IDLE","t":"2026-07-16T11:47:30.8233748Z","type":"sample"}
{"channel":"rr","display":49.65243296921549,"mu":0,"quality":"OUT_OF_RANGE","raw":1232.9,"sigma":1.5,"state":"IDLE","t":"2026-07-16T11:47:30.8632089Z","type":"sample"}
{"channel":"gsr","display":3656.9,"mu":0,"quality":"OK","raw":3656.9,"sigma":10,"state":"IDLE","t":"2026-07-16T11:47:30.878309Z","type":"sample"}
{"channel":"rr","display":49.65243296921549,"mu":0,"quality":"OUT_OF_RANGE","raw":1234.3,"sigma":1.5,"state":"IDLE","t":"2026-07-16T11:47:30.9025365Z","type":"sample"}
{"channel":"rr","display":49.65243296921549,"mu":0,"quality":"OUT_OF_RANGE","raw":1233.8,"sigma":1.5,"state":"IDLE","t":"2026-07-16T11:47:30.9432278Z","type":"sample"}
{"channel":"gsr","display":3664.1,"mu":0,"quality":"OK","raw":3664.1,"sigma":10,"state":"IDLE","t":"2026-07-16T11:47:30.9734126Z","type":"sample"}
{"channel":"hr","display":0,"mu":0,"quality":"OUT_OF_RANGE","raw":72,"sigma":3,"state":"IDLE","t":"2026-07-16T11:47:30.9734126Z","type":"sample"}
{"channel":"rr","display":49.65243296921549,"mu":0,"quality":"OUT_OF_RANGE","raw":1234.9,"sigma":1.5,"state":"IDLE","t":"2026-07-16T11:47:30.9734126Z","type":"sample"}
{"channel":"rr","display":49.65243296921549,"mu":0,"quality":"OUT_OF_RANGE","raw":1234.1,"sigma":1.5,"state":"IDLE","t":"2026-07-16T11:47:31.0228057Z","type":"sample"}
{"channel":"rr","display":49.65243296921549,"mu":0,"quality":"OUT_OF_RANGE","raw":1234,"sigma":1.5,"state":"IDLE","t":"2026-07-16T11:47:31.0631921Z","type":"sample"}
{"channel":"gsr","display":3665.1,"mu":0,"quality":"OK","raw":3665.1,"sigma":10,"state":"IDLE","t":"2026-07-16T11:47:31.0781176Z","type":"sample"}
{"channel":"rr","display":49.65243296921549,"mu":0,"quality":"OUT_OF_RANGE","raw":1234.8,"sigma":1.5,"state":"IDLE","t":"2026-07-16T11:47:31.1030297Z","type":"sample"}
{"channel":"rr","display":49.65243296921549,"mu":0,"quality":"OUT_OF_RANGE","raw":1234.6,"sigma":1.5,"state":"IDLE","t":"2026-07-16T11:47:31.1432774Z","type":"sample"}
{"channel":"gsr","display":3673,"mu":0,"quality":"OK","raw":3673,"sigma":10,"state":"IDLE","t":"2026-07-16T11:47:31.175999Z","type":"sample"}
{"channel":"rr","display":49.65243296921549,"mu":0,"quality":"OUT_OF_RANGE","raw":1234.9,"sigma":1.5,"state":"IDLE","t":"2026-07-16T11:47:31.1830092Z","type":"sample"}
{"channel":"rr","display":49.65243296921549,"mu":0,"quality":"OUT_OF_RANGE","raw":1234.8,"sigma":1.5,"state":"IDLE","t":"2026-07-16T11:47:31.2222567Z","type":"sample"}
{"channel":"rr","display":49.65243296921549,"mu":0,"quality":"OUT_OF_RANGE","raw":1235.4,"sigma":1.5,"state":"IDLE","t":"2026-07-16T11:47:31.2632237Z","type":"sample"}
{"channel":"gsr","display":3682.7,"mu":0,"quality":"OK","raw":3682.7,"sigma":10,"state":"IDLE","t":"2026-07-16T11:47:31.2781342Z","type":"sample"}
{"channel":"rr","display":49.65243296921549,"mu":0,"quality":"OUT_OF_RANGE","raw":1236.2,"sigma":1.5,"state":"IDLE","t":"2026-07-16T11:47:31.3032382Z","type":"sample"}
{"address":"/cue/g1/start","args":null,"channel":"system","dir":"out","t":"2026-07-16T11:47:31.3040581Z","type":"osc"}
{"channel":"rr","display":49.65243296921549,"mu":0,"quality":"OUT_OF_RANGE","raw":1236,"sigma":1.5,"state":"IDLE","t":"2026-07-16T11:47:31.3408728Z","type":"sample"}
{"address":"/cue/p/start","args":null,"channel":"system","dir":"out","t":"2026-07-16T11:47:31.3510411Z","type":"osc"}
{"channel":"gsr","display":3696.2,"mu":0,"quality":"OK","raw":3696.2,"sigma":10,"state":"IDLE","t":"2026-07-16T11:47:31.3768771Z","type":"sample"}
{"channel":"rr","display":49.65243296921549,"mu":0,"quality":"OUT_OF_RANGE","raw":1237.4,"sigma":1.5,"state":"IDLE","t":"2026-07-16T11:47:31.3829114Z","type":"sample"}
{"channel":"rr","display":49.65243296921549,"mu":0,"quality":"OUT_OF_RANGE","raw":1234.1,"sigma":1.5,"state":"IDLE","t":"2026-07-16T11:47:31.4199941Z","type":"sample"}
{"channel":"rr","display":49.65243296921549,"mu":0,"quality":"OUT_OF_RANGE","raw":1235.6,"sigma":1.5,"state":"IDLE","t":"2026-07-16T11:47:31.4633989Z","type":"sample"}
{"channel":"gsr","display":3708.4,"mu":0,"quality":"OK","raw":3708.4,"sigma":10,"state":"IDLE","t":"2026-07-16T11:47:31.4781308Z","type":"sample"}
{"channel":"hr","display":0,"mu":0,"quality":"OUT_OF_RANGE","raw":72,"sigma":3,"state":"IDLE","t":"2026-07-16T11:47:31.479158Z","type":"sample"}
{"channel":"rr","display":49.65243296921549,"mu":0,"quality":"OUT_OF_RANGE","raw":1234.9,"sigma":1.5,"state":"IDLE","t":"2026-07-16T11:47:31.5022573Z","type":"sample"}
{"channel":"rr","display":49.65243296921549,"mu":0,"quality":"OUT_OF_RANGE","raw":1235.8,"sigma":1.5,"state":"IDLE","t":"2026-07-16T11:47:31.5432877Z","type":"sample"}
{"channel":"gsr","display":3714.9,"mu":0,"quality":"OK","raw":3714.9,"sigma":10,"state":"IDLE","t":"2026-07-16T11:47:31.5784756Z","type":"sample"}
{"channel":"rr","display":49.65243296921549,"mu":0,"quality":"OUT_OF_RANGE","raw":1235.1,"sigma":1.5,"state":"IDLE","t":"2026-07-16T11:47:31.5833217Z","type":"sample"}
{"channel":"rr","display":49.65243296921549,"mu":0,"quality":"OUT_OF_RANGE","raw":1235.1,"sigma":1.5,"state":"IDLE","t":"2026-07-16T11:47:31.6204597Z","type":"sample"}
{"channel":"rr","display":49.65243296921549,"mu":0,"quality":"OUT_OF_RANGE","raw":1236.1,"sigma":1.5,"state":"IDLE","t":"2026-07-16T11:47:31.6629185Z","type":"sample"}
{"channel":"gsr","display":3727.4,"mu":0,"quality":"OK","raw":3727.4,"sigma":10,"state":"IDLE","t":"2026-07-16T11:47:31.6780947Z","type":"sample"}
{"channel":"rr","display":49.65243296921549,"mu":0,"quality":"OUT_OF_RANGE","raw":1235,"sigma":1.5,"state":"IDLE","t":"2026-07-16T11:47:31.703348Z","type":"sample"}
{"channel":"rr","display":49.65243296921549,"mu":0,"quality":"OUT_OF_RANGE","raw":1236.8,"sigma":1.5,"state":"IDLE","t":"2026-07-16T11:47:31.743355Z","type":"sample"}
{"channel":"gsr","display":3739.8,"mu":0,"quality":"OK","raw":3739.8,"sigma":10,"state":"IDLE","t":"2026-07-16T11:47:31.7781251Z","type":"sample"}
{"channel":"rr","display":49.65243296921549,"mu":0,"quality":"OUT_OF_RANGE","raw":1236.5,"sigma":1.5,"state":"IDLE","t":"2026-07-16T11:47:31.7828981Z","type":"sample"}
{"channel":"rr","display":49.65243296921549,"mu":0,"quality":"OUT_OF_RANGE","raw":1236.5,"sigma":1.5,"state":"IDLE","t":"2026-07-16T11:47:31.8233642Z","type":"sample"}
{"channel":"rr","display":49.65243296921549,"mu":0,"quality":"OUT_OF_RANGE","raw":1235.2,"sigma":1.5,"state":"IDLE","t":"2026-07-16T11:47:31.8619596Z","type":"sample"}
{"channel":"gsr","display":3745.8,"mu":0,"quality":"OK","raw":3745.8,"sigma":10,"state":"IDLE","t":"2026-07-16T11:47:31.8781361Z","type":"sample"}
{"channel":"rr","display":49.65243296921549,"mu":0,"quality":"OUT_OF_RANGE","raw":1236.6,"sigma":1.5,"state":"IDLE","t":"2026-07-16T11:47:31.9025969Z","type":"sample"}
{"channel":"rr","display":49.65243296921549,"mu":0,"quality":"OUT_OF_RANGE","raw":1235.7,"sigma":1.5,"state":"IDLE","t":"2026-07-16T11:47:31.9426934Z","type":"sample"}
{"channel":"gsr","display":3756.2,"mu":0,"quality":"OK","raw":3756.2,"sigma":10,"state":"IDLE","t":"2026-07-16T11:47:31.9753552Z","type":"sample"}
{"channel":"hr","display":0,"mu":0,"quality":"OUT_OF_RANGE","raw":72,"sigma":3,"state":"IDLE","t":"2026-07-16T11:47:31.9753552Z","type":"sample"}
{"channel":"rr","display":49.65243296921549,"mu":0,"quality":"OUT_OF_RANGE","raw":1236.1,"sigma":1.5,"state":"IDLE","t":"2026-07-16T11:47:31.9839064Z","type":"sample"}
{"channel":"rr","display":49.65243296921549,"mu":0,"quality":"OUT_OF_RANGE","raw":1236.6,"sigma":1.5,"state":"IDLE","t":"2026-07-16T11:47:32.0229159Z","type":"sample"}
{"channel":"rr","display":49.65243296921549,"mu":0,"quality":"OUT_OF_RANGE","raw":1236.8,"sigma":1.5,"state":"IDLE","t":"2026-07-16T11:47:32.0629544Z","type":"sample"}
{"channel":"gsr","display":3765.8,"mu":0,"quality":"OK","raw":3765.8,"sigma":10,"state":"IDLE","t":"2026-07-16T11:47:32.0772084Z","type":"sample"}
{"channel":"rr","display":49.65243296921549,"mu":0,"quality":"OUT_OF_RANGE","raw":1235.8,"sigma":1.5,"state":"IDLE","t":"2026-07-16T11:47:32.1028325Z","type":"sample"}
{"channel":"rr","display":49.65243296921549,"mu":0,"quality":"OUT_OF_RANGE","raw":1236.4,"sigma":1.5,"state":"IDLE","t":"2026-07-16T11:47:32.1432108Z","type":"sample"}
{"channel":"gsr","display":3776.6,"mu":0,"quality":"OK","raw":3776.6,"sigma":10,"state":"IDLE","t":"2026-07-16T11:47:32.1785312Z","type":"sample"}
{"channel":"rr","display":49.65243296921549,"mu":0,"quality":"OUT_OF_RANGE","raw":1236.4,"sigma":1.5,"state":"IDLE","t":"2026-07-16T11:47:32.1800495Z","type":"sample"}
{"channel":"rr","display":49.65243296921549,"mu":0,"quality":"OUT_OF_RANGE","raw":1236.6,"sigma":1.5,"state":"IDLE","t":"2026-07-16T11:47:32.2207582Z","type":"sample"}
{"channel":"rr","display":49.65243296921549,"mu":0,"quality":"OUT_OF_RANGE","raw":1233.8,"sigma":1.5,"state":"IDLE","t":"2026-07-16T11:47:32.2634663Z","type":"sample"}
{"channel":"gsr","display":3787.6,"mu":0,"quality":"OK","raw":3787.6,"sigma":10,"state":"IDLE","t":"2026-07-16T11:47:32.2780942Z","type":"sample"}
{"channel":"rr","display":49.65243296921549,"mu":0,"quality":"OUT_OF_RANGE","raw":1236.8,"sigma":1.5,"state":"IDLE","t":"2026-07-16T11:47:32.3029531Z","type":"sample"}
{"channel":"rr","display":49.65243296921549,"mu":0,"quality":"OUT_OF_RANGE","raw":1235.9,"sigma":1.5,"state":"IDLE","t":"2026-07-16T11:47:32.343474Z","type":"sample"}
{"address":"/cue/p/start","args":null,"channel":"system","dir":"out","t":"2026-07-16T11:47:32.3506987Z","type":"osc"}
{"address":"/cue/g1/start","args":null,"channel":"system","dir":"out","t":"2026-07-16T11:47:32.3628068Z","type":"osc"}
{"channel":"gsr","display":3794.4,"mu":0,"quality":"OK","raw":3794.4,"sigma":10,"state":"IDLE","t":"2026-07-16T11:47:32.378313Z","type":"sample"}
{"channel":"rr","display":49.65243296921549,"mu":0,"quality":"OUT_OF_RANGE","raw":1237.1,"sigma":1.5,"state":"IDLE","t":"2026-07-16T11:47:32.3830216Z","type":"sample"}
{"channel":"rr","display":49.65243296921549,"mu":0,"quality":"OUT_OF_RANGE","raw":1234.4,"sigma":1.5,"state":"IDLE","t":"2026-07-16T11:47:32.4200649Z","type":"sample"}
{"channel":"rr","display":49.65243296921549,"mu":0,"quality":"OUT_OF_RANGE","raw":1235.2,"sigma":1.5,"state":"IDLE","t":"2026-07-16T11:47:32.4631883Z","type":"sample"}
{"channel":"gsr","display":3800.7,"mu":0,"quality":"OK","raw":3800.7,"sigma":10,"state":"IDLE","t":"2026-07-16T11:47:32.4780319Z","type":"sample"}
{"channel":"hr","display":0,"mu":0,"quality":"OUT_OF_RANGE","raw":71,"sigma":3,"state":"IDLE","t":"2026-07-16T11:47:32.4790406Z","type":"sample"}
{"channel":"rr","display":49.65243296921549,"mu":0,"quality":"OUT_OF_RANGE","raw":1235.5,"sigma":1.5,"state":"IDLE","t":"2026-07-16T11:47:32.5032382Z","type":"sample"}
{"channel":"rr","display":49.65243296921549,"mu":0,"quality":"OUT_OF_RANGE","raw":1236.1,"sigma":1.5,"state":"IDLE","t":"2026-07-16T11:47:32.5429618Z","type":"sample"}
{"channel":"gsr","display":3806.4,"mu":0,"quality":"OK","raw":3806.4,"sigma":10,"state":"IDLE","t":"2026-07-16T11:47:32.5771124Z","type":"sample"}
{"channel":"rr","display":49.65243296921549,"mu":0,"quality":"OUT_OF_RANGE","raw":1234.9,"sigma":1.5,"state":"IDLE","t":"2026-07-16T11:47:32.5832618Z","type":"sample"}
{"channel":"rr","display":49.65243296921549,"mu":0,"quality":"OUT_OF_RANGE","raw":1236.8,"sigma":1.5,"state":"IDLE","t":"2026-07-16T11:47:32.6233986Z","type":"sample"}
{"channel":"rr","display":49.65243296921549,"mu":0,"quality":"OUT_OF_RANGE","raw":1236.2,"sigma":1.5,"state":"IDLE","t":"2026-07-16T11:47:32.6633327Z","type":"sample"}
{"channel":"gsr","display":3811.1,"mu":0,"quality":"OK","raw":3811.1,"sigma":10,"state":"IDLE","t":"2026-07-16T11:47:32.6765245Z","type":"sample"}
